unit_id	statistic	s00	s01	s02	s03	s04	s05	s06	s07	s08	s09	s10	s11	s12	s13	s14	s15	s16	s17	s18	s19	s20	s21	s22	s23	s24	s25	s26	s27	s28	s29	s30	s31	s32	s33	s34	s35	s36	s37	s38	s39	s40	s41	s42	s43	s44	s45	s46	s47	s48	s49	s50	s51	s52	s53	s54	s55	s56	s57	s58	s59	s60	s61	s62	s63
1	mean	0.6607040762901306	1.0766606330871582	1.5128470659255981	1.943215250968933	2.3582205772399902	2.7985141277313232	3.373025894165039	4.2248101234436035	5.441983222961426	6.9659104347229	8.576982498168945	10.00183391571045	11.096678733825684	11.984569549560547	13.029738426208496	14.62868881225586	16.92172622680664	19.592710494995117	21.885881423950195	22.852140426635742	21.71503257751465	18.18946075439453	12.61751651763916	5.873865604400635	-0.9151655435562134	-6.727777004241943	-10.937675476074219	-13.42667293548584	-14.492093086242676	-14.625297546386719	-14.289505958557129	-13.794695854187012	-13.28929615020752	-12.819916725158691	-12.394904136657715	-12.014180183410645	-11.66808032989502	-11.327362060546875	-10.94521427154541	-10.475140571594238	-9.89200210571289	-9.200610160827637	-8.427135467529297	-7.602756023406982	-6.752890586853027	-5.897756099700928	-5.058226585388184	-4.256827354431152	-3.5101141929626465	-2.8194427490234375	-2.170351505279541	-1.5455164909362793	-0.9450790286064148	-0.39925941824913025	0.04100394994020462	0.3350701630115509	0.48589539527893066	0.5494908690452576	0.6096206903457642	0.7329034209251404	0.933977484703064	1.172248125076294	1.3809819221496582	1.5074033737182617
1	std	4.233753681182861	4.226510047912598	4.245888710021973	4.281078338623047	4.289628028869629	4.290060997009277	4.344343185424805	4.453638076782227	4.569427013397217	4.691797256469727	4.8653764724731445	5.089320659637451	5.28156042098999	5.3030171394348145	5.003686904907227	4.345517635345459	3.5889627933502197	3.2719004154205322	3.4863617420196533	3.6395761966705322	3.428264856338501	3.302245855331421	3.918800115585327	4.902863502502441	5.5072922706604	5.521678924560547	5.302962303161621	5.297922134399414	5.457674503326416	5.455933094024658	5.205522537231445	4.849728584289551	4.512624263763428	4.249532699584961	4.141873359680176	4.213499069213867	4.338042259216309	4.4040398597717285	4.435943603515625	4.486590385437012	4.545583248138428	4.602710723876953	4.6707868576049805	4.717142581939697	4.683565616607666	4.575889587402344	4.452657222747803	4.3340559005737305	4.194623947143555	4.039827346801758	3.92067289352417	3.869418144226074	3.866126298904419	3.868276357650757	3.851470708847046	3.837078332901001	3.874239206314087	3.968628406524658	4.0543107986450195	4.060039520263672	3.9779179096221924	3.8620712757110596	3.781275987625122	3.772603988647461
2	mean	-1.2451841831207275	-1.220916748046875	-1.2390326261520386	-1.2874246835708618	-1.3145524263381958	-1.2327940464019775	-0.9410781264305115	-0.3741712272167206	0.435928076505661	1.333130121231079	2.099215269088745	2.61263370513916	3.0245859622955322	3.808241844177246	5.571793079376221	8.675268173217773	12.867608070373535	17.218658447265625	20.471540451049805	21.654356002807617	20.575654983520508	17.875593185424805	14.602503776550293	11.604267120361328	9.131816864013672	6.87675666809082	4.355874538421631	1.3373159170150757	-1.9782711267471313	-5.097797393798828	-7.546105861663818	-9.114612579345703	-9.908027648925781	-10.210901260375977	-10.300561904907227	-10.326764106750488	-10.303736686706543	-10.181130409240723	-9.925121307373047	-9.55534553527832	-9.127506256103516	-8.688948631286621	-8.244729995727539	-7.757076263427734	-7.176974296569824	-6.486077308654785	-5.717797756195068	-4.939828872680664	-4.2112202644348145	-3.549555540084839	-2.9359962940216064	-2.350978374481201	-1.8058629035949707	-1.34049654006958	-0.9889458417892456	-0.7442530989646912	-0.5536004900932312	-0.3492928147315979	-0.09183487296104431	0.2072644680738449	0.4979928433895111	0.7273460030555725	0.8711370229721069	0.942886233329773
2	std	4.817441940307617	4.844878673553467	4.96359395980835	5.079771518707275	5.146968364715576	5.1715803146362305	5.171739101409912	5.189431190490723	5.259260177612305	5.358347415924072	5.450461387634277	5.5424089431762695	5.6417036056518555	5.656702518463135	5.373319625854492	4.633377552032471	3.680983066558838	3.3195762634277344	3.764441728591919	4.081904411315918	3.814992904663086	3.46327543258667	3.8968183994293213	4.9151434898376465	5.759771823883057	6.12733793258667	6.1775031089782715	6.2940521240234375	6.685290336608887	7.155952453613281	7.371066093444824	7.179754257202148	6.680877685546875	6.1014251708984375	5.623631954193115	5.296994686126709	5.089259624481201	4.968930721282959	4.918041706085205	4.91834831237793	4.959732532501221	5.04136323928833	5.158339977264404	5.2928948402404785	5.404828071594238	5.441071033477783	5.38057804107666	5.256059169769287	5.115437030792236	4.987495422363281	4.889795780181885	4.825405120849609	4.771899223327637	4.711591720581055	4.6544060707092285	4.610291004180908	4.573493957519531	4.5469746589660645	4.55220365524292	4.605190277099609	4.694534778594971	4.78441047668457	4.835117340087891	4.828370571136475
3	mean	-1.3936978578567505	-1.3308321237564087	-1.2599523067474365	-1.1895322799682617	-1.1083076000213623	-0.9568132758140564	-0.6233281493186951	0.012054847553372383	0.9977511763572693	2.249464750289917	3.5708463191986084	4.77538537979126	5.848954677581787	7.032952785491943	8.72826862335205	11.230602264404297	14.443262100219727	17.769798278808594	20.304731369018555	21.249765396118164	20.32056427001953	17.893203735351562	14.797927856445312	11.891717910766602	9.671995162963867	8.143943786621094	6.973904609680176	5.785147190093994	4.394861221313477	2.869231700897217	1.4112578630447388	0.19461119174957275	-0.7383736371994019	-1.4671601057052612	-2.1087870597839355	-2.734886646270752	-3.343341112136841	-3.88594388961792	-4.3166327476501465	-4.6229119300842285	-4.825977325439453	-4.958871364593506	-5.042686939239502	-5.0770697593688965	-5.050499439239502	-4.961403846740723	-4.832274913787842	-4.702280044555664	-4.600948810577393	-4.523456573486328	-4.430662155151367	-4.278894901275635	-4.058224201202393	-3.808206081390381	-3.596451759338379	-3.473341703414917	-3.435302257537842	-3.4252092838287354	-3.3715786933898926	-3.237360954284668	-3.041395425796509	-2.8383259773254395	-2.6766750812530518	-2.569441080093384
3	std	4.450364112854004	4.4436163902282715	4.485469818115234	4.55656099319458	4.6266021728515625	4.70296573638916	4.795553684234619	4.874251365661621	4.915356636047363	4.946319580078125	5.005723476409912	5.0923261642456055	5.144106388092041	5.015777587890625	4.526763916015625	3.6402647495269775	2.697669267654419	2.436751127243042	2.851942777633667	3.0955216884613037	2.8420794010162354	2.430321455001831	2.6107637882232666	3.4388182163238525	4.296835422515869	4.833992958068848	5.0144877433776855	4.982283115386963	4.900671005249023	4.8335747718811035	4.778160572052002	4.748225212097168	4.753669738769531	4.751338958740234	4.691721439361572	4.587681770324707	4.493149757385254	4.436532974243164	4.412985324859619	4.411412239074707	4.414804935455322	4.413095474243164	4.42188024520874	4.447601795196533	4.459383964538574	4.437769412994385	4.412166595458984	4.41005277633667	4.4141364097595215	4.410586357116699	4.416934490203857	4.42207670211792	4.379175662994385	4.297232151031494	4.255523681640625	4.295628070831299	4.384900093078613	4.487640857696533	4.575247764587402	4.607491493225098	4.58450174331665	4.561843395233154	4.558478832244873	4.52587890625
4	mean	-1.159403681755066	-1.1349531412124634	-1.0631587505340576	-0.9645244479179382	-0.8713017702102661	-0.7723732590675354	-0.5726341605186462	-0.11212773621082306	0.7456048727035522	2.0048203468322754	3.4960429668426514	4.963430404663086	6.250621318817139	7.45789909362793	8.92745304107666	11.01550006866455	13.77173900604248	16.748397827148438	19.108951568603516	20.015281677246094	19.07085609436035	16.540430068969727	13.205432891845703	9.953286170959473	7.363559246063232	5.530252933502197	4.181076526641846	2.961007833480835	1.6734881401062012	0.3481714725494385	-0.8532544374465942	-1.7842583656311035	-2.4058303833007812	-2.7850308418273926	-3.031930923461914	-3.234675645828247	-3.4323575496673584	-3.625504732131958	-3.799475908279419	-3.939518928527832	-4.0335540771484375	-4.0708394050598145	-4.043570518493652	-3.9514946937561035	-3.8063712120056152	-3.6336982250213623	-3.468747615814209	-3.3444597721099854	-3.2751169204711914	-3.2473416328430176	-3.227411985397339	-3.182553768157959	-3.102614164352417	-3.0066843032836914	-2.9292654991149902	-2.895582914352417	-2.904010057449341	-2.9268836975097656	-2.9270687103271484	-2.8776304721832275	-2.773137092590332	-2.6292221546173096	-2.4742419719696045	-2.3377978801727295
4	std	4.127237319946289	4.094226837158203	4.09187650680542	4.130702972412109	4.191596984863281	4.265839576721191	4.387829780578613	4.585632801055908	4.808791637420654	4.958253383636475	4.996373653411865	4.998128414154053	5.037745952606201	4.995036602020264	4.588960647583008	3.6813652515411377	2.629318952560425	2.422795057296753	3.048762083053589	3.383082628250122	3.071305990219116	2.5363876819610596	2.6271839141845703	3.3650708198547363	4.078166484832764	4.467108249664307	4.559944152832031	4.501777648925781	4.410094738006592	4.333667755126953	4.288810729980469	4.276040077209473	4.274566173553467	4.261890411376953	4.228069305419922	4.173800468444824	4.1186628341674805	4.0838446617126465	4.064825057983398	4.063544273376465	4.104331016540527	4.176947116851807	4.235531330108643	4.267472743988037	4.285540580749512	4.27079963684082	4.209680080413818	4.159739017486572	4.186300754547119	4.261906147003174	4.3173933029174805	4.335667610168457	4.3387451171875	4.3470988273620605	4.370202541351318	4.388014793395996	4.364461421966553	4.311229705810547	4.280852317810059	4.27666711807251	4.252766132354736	4.212249279022217	4.214696884155273	4.2761688232421875
5	mean	-1.0240678787231445	-0.9624506235122681	-0.8575630187988281	-0.7133936882019043	-0.5829042792320251	-0.5692465305328369	-0.7990599274635315	-1.3737376928329468	-2.3117666244506836	-3.493351936340332	-4.61631441116333	-5.182280540466309	-4.5541090965271	-2.129582405090332	2.3761587142944336	8.650793075561523	15.694340705871582	22.05535888671875	26.34729766845703	27.7999324798584	26.54497528076172	23.479469299316406	19.79528045654297	16.446990966796875	13.837977409362793	11.841992378234863	10.073156356811523	8.198355674743652	6.116014003753662	3.9468488693237305	1.903725504875183	0.15345928072929382	-1.249436855316162	-2.3462765216827393	-3.215557336807251	-3.922327756881714	-4.5010905265808105	-4.965424060821533	-5.322375774383545	-5.578455448150635	-5.740119457244873	-5.815723896026611	-5.8191914558410645	-5.770683765411377	-5.692734718322754	-5.603950500488281	-5.5138163566589355	-5.422205448150635	-5.324710369110107	-5.220247745513916	-5.113587856292725	-5.010627746582031	-4.9113545417785645	-4.807287693023682	-4.686060905456543	-4.540116786956787	-4.372726917266846	-4.196220397949219	-4.023190498352051	-3.858067274093628	-3.69638991355896	-3.5324647426605225	-3.3674113750457764	-3.2088992595672607
5	std	4.2291460037231445	4.191772937774658	4.133840560913086	4.105893135070801	4.136200904846191	4.199611663818359	4.278458118438721	4.4192938804626465	4.672787666320801	5.025576591491699	5.442394256591797	5.903442859649658	6.341012001037598	6.56443452835083	6.317537307739258	5.506068706512451	4.481156826019287	4.027832508087158	4.329632759094238	4.585538387298584	4.36134147644043	3.979823589324951	4.029098987579346	4.529816627502441	5.059438705444336	5.396985054016113	5.546773910522461	5.56370210647583	5.4949421882629395	5.387120246887207	5.2681660652160645	5.133927822113037	4.974009990692139	4.796106338500977	4.6217427253723145	4.473069190979004	4.367513179779053	4.3145036697387695	4.301521301269531	4.2947678565979	4.28464412689209	4.312038421630859	4.410025596618652	4.547913074493408	4.674698829650879	4.769279956817627	4.814783573150635	4.785818576812744	4.705743312835693	4.66141939163208	4.699946880340576	4.76204776763916	4.7784576416015625	4.757780075073242	4.735534191131592	4.713019371032715	4.6860504150390625	4.661123275756836	4.626794338226318	4.575005054473877	4.53172492980957	4.511560440063477	4.487659454345703	4.445188999176025
6	mean	-2.0010275840759277	-1.9292834997177124	-1.9470798969268799	-2.078697443008423	-2.303173065185547	-2.542538642883301	-2.6781246662139893	-2.6046535968780518	-2.2981138229370117	-1.8416965007781982	-1.3604395389556885	-0.8769707083702087	-0.18320602178573608	1.145888328552246	3.539438486099243	7.10580587387085	11.403326988220215	15.501927375793457	18.361984252929688	19.33664894104004	18.49663543701172	16.571395874023438	14.539102554321289	13.117633819580078	12.456794738769531	12.1840238571167	11.725513458251953	10.675046920776367	8.994532585144043	6.969577312469482	5.000952243804932	3.3885912895202637	2.228193998336792	1.4403841495513916	0.8711250424385071	0.3867280185222626	-0.07852227985858917	-0.5245315432548523	-0.9188745021820068	-1.237884521484375	-1.4947638511657715	-1.7421340942382812	-2.0471880435943604	-2.4497764110565186	-2.925016164779663	-3.3761630058288574	-3.6713767051696777	-3.7094998359680176	-3.475756883621216	-3.0534331798553467	-2.5889546871185303	-2.234579086303711	-2.094775915145874	-2.1917285919189453	-2.4584875106811523	-2.7646639347076416	-2.970477342605591	-2.98933482170105	-2.8279953002929688	-2.5801753997802734	-2.374817132949829	-2.3080437183380127	-2.3979716300964355	-2.586031913757324
6	std	4.349150657653809	4.286720275878906	4.1831793785095215	4.121646404266357	4.116974830627441	4.108656406402588	4.06122350692749	3.9951369762420654	3.9455606937408447	3.929028034210205	3.9626197814941406	4.1159281730651855	4.421123504638672	4.677971363067627	4.546661853790283	3.8754897117614746	2.940955638885498	2.4500632286071777	2.6666202545166016	2.876636266708374	2.6846210956573486	2.3342418670654297	2.337960720062256	2.695561170578003	3.00742506980896	3.1492669582366943	3.261556625366211	3.4943559169769287	3.846538543701172	4.210840225219727	4.48240327835083	4.607565402984619	4.592131614685059	4.502270221710205	4.431868553161621	4.423189640045166	4.4409308433532715	4.447596549987793	4.448108196258545	4.444489002227783	4.403548240661621	4.287458896636963	4.101733207702637	3.926469087600708	3.869398593902588	3.943952798843384	4.070507049560547	4.193236827850342	4.2801899909973145	4.2777533531188965	4.186402797698975	4.113522529602051	4.138409614562988	4.202766418457031	4.237800598144531	4.270967960357666	4.33595085144043	4.391650199890137	4.392521381378174	4.356741428375244	4.329890251159668	4.3286943435668945	4.345361709594727	4.390743732452393
7	mean	-0.05925869196653366	0.03330090269446373	0.11585323512554169	0.15565423667430878	0.1372329145669937	0.10024358332157135	0.14492040872573853	0.36976465582847595	0.7605721950531006	1.1221253871917725	1.1641497611999512	0.7676424384117126	0.29365962743759155	0.675195574760437	3.0894887447357178	8.267491340637207	15.809789657592773	23.998315811157227	30.359718322753906	32.75377655029297	30.370569229125977	24.051496505737305	15.783876419067383	7.731531620025635	1.3780380487442017	-2.8091344833374023	-5.169268608093262	-6.367916107177734	-6.977434158325195	-7.299893379211426	-7.413463592529297	-7.310132026672363	-7.002634525299072	-6.5536956787109375	-6.049558162689209	-5.561824321746826	-5.127086639404297	-4.749689102172852	-4.417791366577148	-4.119078636169434	-3.8470516204833984	-3.598637104034424	-3.3704049587249756	-3.1601622104644775	-2.971648693084717	-2.8148248195648193	-2.698681592941284	-2.62243390083313	-2.572549819946289	-2.5282132625579834	-2.471461057662964	-2.3954179286956787	-2.3061206340789795	-2.2171924114227295	-2.141065835952759	-2.0822412967681885	-2.0361814498901367	-1.9936027526855469	-1.9468423128128052	-1.8948094844818115	-1.8434466123580933	-1.8015764951705933	-1.7745139598846436	-1.759742259979248
7	std	4.413946628570557	4.401544094085693	4.404199123382568	4.430140018463135	4.460586071014404	4.466423034667969	4.45172119140625	4.442479133605957	4.447845458984375	4.467286586761475	4.4986491203308105	4.525967597961426	4.543697357177734	4.529275894165039	4.339425086975098	3.8181416988372803	3.2017765045166016	3.2378227710723877	3.8987207412719727	4.258695602416992	3.909062385559082	3.2707903385162354	3.2402758598327637	3.844327449798584	4.357141494750977	4.508532524108887	4.432736873626709	4.326797008514404	4.274478435516357	4.268834590911865	4.2855305671691895	4.3077569007873535	4.325190544128418	4.336942672729492	4.353939056396484	4.380067348480225	4.397161960601807	4.395519733428955	4.398894786834717	4.42238712310791	4.43867301940918	4.426193714141846	4.406646728515625	4.401334762573242	4.3975982666015625	4.387631416320801	4.391517162322998	4.419130802154541	4.451259136199951	4.470223903656006	4.473586559295654	4.456793785095215	4.415811538696289	4.371683597564697	4.363485813140869	4.401704788208008	4.447422027587891	4.4560956954956055	4.430481433868408	4.411098957061768	4.413357257843018	4.408590316772461	4.383964538574219	4.3722615242004395
8	mean	0.9275883436203003	1.3434287309646606	1.7031886577606201	2.0006911754608154	2.2512269020080566	2.5005898475646973	2.8252980709075928	3.3038330078125	3.958611011505127	4.710082054138184	5.404855728149414	5.940272331237793	6.420284271240234	7.212151527404785	8.804084777832031	11.49360179901123	15.084952354431152	18.81835174560547	21.635726928710938	22.66788673400879	21.663278579711914	19.097761154174805	15.903397560119629	12.989422798156738	10.843825340270996	9.423550605773926	8.34286880493164	7.191520690917969	5.772924900054932	4.148310661315918	2.516507387161255	1.050756573677063	-0.1946016103029251	-1.2717827558517456	-2.2637321949005127	-3.2149298191070557	-4.112751007080078	-4.915231704711914	-5.589050769805908	-6.126200199127197	-6.535048007965088	-6.823554039001465	-6.9934000968933105	-7.048791885375977	-7.008983135223389	-6.910638809204102	-6.795368194580078	-6.689675331115723	-6.592063903808594	-6.477179527282715	-6.3152971267700195	-6.095076560974121	-5.835728645324707	-5.579522609710693	-5.367499351501465	-5.213588237762451	-5.094571590423584	-4.963836193084717	-4.78089714050293	-4.537418365478516	-4.262023448944092	-4.0010809898376465	-3.790848731994629	-3.6400153636932373
8	std	5.517022609710693	5.519598484039307	5.507462978363037	5.491901397705078	5.458097457885742	5.377542495727539	5.250819206237793	5.131693363189697	5.088109016418457	5.1392621994018555	5.264934539794922	5.446062088012695	5.61217737197876	5.573758125305176	5.117048263549805	4.245947360992432	3.435051441192627	3.4315788745880127	4.008663177490234	4.305593013763428	4.002109050750732	3.4109745025634766	3.2431228160858154	3.7516815662384033	4.4186272621154785	4.857224464416504	5.014218807220459	4.983806610107422	4.889060974121094	4.843088626861572	4.908048629760742	5.059854507446289	5.2233052253723145	5.326772689819336	5.327338695526123	5.244621276855469	5.172305107116699	5.187021732330322	5.247341156005859	5.255464553833008	5.1932549476623535	5.132528781890869	5.11626672744751	5.105920314788818	5.083977222442627	5.104122638702393	5.170887470245361	5.180788993835449	5.069460391998291	4.927115440368652	4.885371685028076	4.932345390319824	4.959017276763916	4.9412760734558105	4.955054759979248	5.035221576690674	5.121747970581055	5.156074047088623	5.154982566833496	5.201408863067627	5.391849517822266	5.743222236633301	6.1371750831604	6.397266387939453
9	mean	-4.507552146911621	-3.9372143745422363	-3.3263838291168213	-2.7111079692840576	-2.0930159091949463	-1.4320584535598755	-0.6573869585990906	0.29960715770721436	1.4568506479263306	2.745640516281128	4.028067111968994	5.18867826461792	6.2632527351379395	7.508885860443115	9.319633483886719	11.980256080627441	15.382930755615234	18.907201766967773	21.60004997253418	22.60492515563965	21.602327346801758	18.987899780273438	15.66840934753418	12.600234985351562	10.352546691894531	8.939135551452637	7.971183776855469	6.982546806335449	5.7059783935546875	4.158012866973877	2.5393481254577637	1.066587209701538	-0.14455541968345642	-1.0985110998153687	-1.8727067708969116	-2.559053897857666	-3.2254106998443604	-3.898502826690674	-4.561792850494385	-5.1680216789245605	-5.6653056144714355	-6.025739669799805	-6.2600908279418945	-6.410434722900391	-6.526155471801758	-6.639128684997559	-6.7532148361206055	-6.8508782386779785	-6.906235694885254	-6.89272403717041	-6.785750865936279	-6.569677829742432	-6.251551151275635	-5.869865417480469	-5.4833197593688965	-5.140820026397705	-4.8521504402160645	-4.5809783935546875	-4.26738977432251	-3.8670785427093506	-3.381887912750244	-2.8610455989837646	-2.3727331161499023	-1.9655325412750244
9	std	7.436948299407959	7.128241539001465	6.888711929321289	6.737113952636719	6.674379825592041	6.667259693145752	6.644145965576172	6.565881729125977	6.501513957977295	6.560797214508057	6.712111473083496	6.759640216827393	6.539777755737305	6.051156520843506	5.411947727203369	4.83325719833374	4.663431167602539	5.089134693145752	5.725119113922119	6.0086164474487305	5.72801399230957	5.165306091308594	4.8673834800720215	5.055635929107666	5.468016624450684	5.882787704467773	6.2758917808532715	6.639706611633301	6.918021202087402	7.07148551940918	7.118941307067871	7.118709087371826	7.118244171142578	7.118040084838867	7.1006269454956055	7.076838493347168	7.055451393127441	6.997668743133545	6.875238418579102	6.739315986633301	6.651471138000488	6.592377662658691	6.536008834838867	6.546607971191406	6.690973281860352	6.920292854309082	7.1345672607421875	7.294301986694336	7.420589923858643	7.537692070007324	7.645977973937988	7.73643159866333	7.803910255432129	7.8370442390441895	7.8197832107543945	7.760765552520752	7.700587749481201	7.671808242797852	7.666412830352783	7.657223224639893	7.649204254150391	7.690395832061768	7.800758361816406	7.920105934143066
10	mean	-2.0831644535064697	-2.0625979900360107	-2.044081687927246	-1.9754639863967896	-1.8133078813552856	-1.51595139503479	-1.0299627780914307	-0.3009292185306549	0.6793790459632874	1.8227463960647583	2.954744577407837	3.922224998474121	4.750980377197266	5.729348659515381	7.30485725402832	9.799585342407227	13.10172176361084	16.556711196899414	19.18758773803711	20.16066551208496	19.22501564025879	16.845691680908203	13.94193172454834	11.400259971618652	9.665864944458008	8.639031410217285	7.886994361877441	6.986464977264404	5.767505168914795	4.338886737823486	2.9404468536376953	1.763739824295044	0.8613705039024353	0.1703340858221054	-0.408089280128479	-0.9447975754737854	-1.4669743776321411	-1.9738441705703735	-2.4540786743164062	-2.8916385173797607	-3.2673468589782715	-3.5668609142303467	-3.793783664703369	-3.976245403289795	-4.157410144805908	-4.372496128082275	-4.625946998596191	-4.884028434753418	-5.089286804199219	-5.189762592315674	-5.167262077331543	-5.050602436065674	-4.9080986976623535	-4.8201165199279785	-4.839457988739014	-4.958236217498779	-5.104041576385498	-5.17465877532959	-5.093141078948975	-4.848564624786377	-4.497250080108643	-4.1259636878967285	-3.8026726245880127	-3.546473503112793
10	std	6.30428409576416	6.347373008728027	6.341024398803711	6.279870510101318	6.207976341247559	6.1983208656311035	6.282864093780518	6.406012535095215	6.5022711753845215	6.582017421722412	6.689385890960693	6.8086042404174805	6.826300621032715	6.5537028312683105	5.826455593109131	4.6895856857299805	3.5863780975341797	3.2390832901000977	3.585513114929199	3.812859535217285	3.590380907058716	3.213639974594116	3.301321029663086	4.0048828125	4.872106075286865	5.537431240081787	5.885059833526611	5.973546981811523	5.947269439697266	5.927999019622803	5.941922664642334	5.9511332511901855	5.91386079788208	5.794553756713867	5.592379093170166	5.3896660804748535	5.288424015045166	5.275203227996826	5.24914026260376	5.178241729736328	5.138474941253662	5.207900524139404	5.37885856628418	5.584433555603027	5.765769004821777	5.905379772186279	6.022821426391602	6.130555629730225	6.185009479522705	6.1204962730407715	5.9464616775512695	5.758960723876953	5.629758358001709	5.549733638763428	5.497035980224609	5.466495513916016	5.4406914710998535	5.4051594734191895	5.367981433868408	5.346454620361328	5.364283561706543	5.437118053436279	5.557392597198486	5.743371963500977
11	mean	-1.1222349405288696	-0.9294437170028687	-0.7933021783828735	-0.759320855140686	-0.8281583786010742	-0.9280904531478882	-0.9263502955436707	-0.6944480538368225	-0.19679591059684753	0.46808773279190063	1.135536551475525	1.7415496110916138	2.48282527923584	3.8234822750091553	6.274033069610596	10.028623580932617	14.684378623962402	19.26206398010254	22.574338912963867	23.757884979248047	22.665407180786133	19.893421173095703	16.4470272064209	13.252249717712402	10.793563842773438	9.044943809509277	7.669402599334717	6.315277099609375	4.82220458984375	3.24833607673645	1.7605373859405518	0.4982777535915375	-0.4982362985610962	-1.2763440608978271	-1.9159924983978271	-2.4837708473205566	-3.01914119720459	-3.541321277618408	-4.055833339691162	-4.553936958312988	-5.012463569641113	-5.401577472686768	-5.69818639755249	-5.895267486572266	-6.00018310546875	-6.025650501251221	-5.982149600982666	-5.8772077560424805	-5.720574378967285	-5.529142379760742	-5.325379848480225	-5.129594802856445	-4.952971458435059	-4.796788215637207	-4.656888008117676	-4.529098987579346	-4.412484169006348	-4.309057235717773	-4.2201714515686035	-4.141569137573242	-4.05941104888916	-3.95156192779541	-3.7963643074035645	-3.58512806892395
11	std	4.504547119140625	4.575430870056152	4.596124649047852	4.516385078430176	4.392333984375	4.335845947265625	4.405101776123047	4.557455539703369	4.697288990020752	4.785141944885254	4.9116339683532715	5.215504169464111	5.6569294929504395	5.929955005645752	5.67722225189209	4.822932243347168	3.8604736328125	3.694936752319336	4.2394609451293945	4.544203758239746	4.250042915344238	3.6819934844970703	3.499070167541504	3.9484901428222656	4.5939555168151855	5.029407501220703	5.149012088775635	5.055336952209473	4.903470039367676	4.769139766693115	4.65162467956543	4.559736251831055	4.527939796447754	4.563686370849609	4.62783145904541	4.671792507171631	4.678606033325195	4.656720161437988	4.602615833282471	4.516439437866211	4.448850154876709	4.449340343475342	4.480135917663574	4.484549522399902	4.487882614135742	4.522815227508545	4.535510540008545	4.4837646484375	4.438535213470459	4.482649803161621	4.5903472900390625	4.700074672698975	4.797769546508789	4.86704683303833	4.867123126983643	4.806214809417725	4.753704071044922	4.737139701843262	4.695357799530029	4.577568531036377	4.431443214416504	4.351659297943115	4.3647236824035645	4.418731689453125
12	mean	-3.126230478286743	-3.0660641193389893	-3.0397584438323975	-3.060068368911743	-3.1010122299194336	-3.0806846618652344	-2.900794506072998	-2.5491855144500732	-2.192861557006836	-2.1328284740448	-2.543597459793091	-3.0930333137512207	-2.72407603263855	0.10282877832651138	6.6545186042785645	17.003557205200195	29.542991638183594	41.38692855834961	49.56618118286133	52.36233901977539	49.988494873046875	44.247520446777344	37.46261215209961	31.383892059326172	26.66311264038086	23.02763557434082	19.85042953491211	16.67412567138672	13.415726661682129	10.260491371154785	7.4332098960876465	5.035820960998535	3.0230307579040527	1.274021029472351	-0.32342156767845154	-1.8319811820983887	-3.2713444232940674	-4.644048690795898	-5.952148914337158	-7.195413112640381	-8.361037254333496	-9.421085357666016	-10.344666481018066	-11.115764617919922	-11.739605903625488	-12.231717109680176	-12.600275993347168	-12.838605880737305	-12.934148788452148	-12.884378433227539	-12.706058502197266	-12.431333541870117	-12.096651077270508	-11.733208656311035	-11.362381935119629	-10.994219779968262	-10.626594543457031	-10.246912002563477	-9.839567184448242	-9.398492813110352	-8.936952590942383	-8.485377311706543	-8.075806617736816	-7.723106861114502
12	std	4.531187057495117	4.446151256561279	4.338554859161377	4.303035259246826	4.401224613189697	4.5649824142456055	4.668338298797607	4.684710502624512	4.662744045257568	4.5820159912109375	4.552159786224365	5.132233619689941	6.489433288574219	7.7156662940979	7.827970504760742	6.624329090118408	5.132244110107422	5.201849937438965	6.397064685821533	6.959959030151367	6.4034037590026855	5.256542205810547	4.49735164642334	4.620169639587402	5.165246486663818	5.681361198425293	6.04318380355835	6.217039108276367	6.197610378265381	6.04156494140625	5.839284896850586	5.644455432891846	5.467808246612549	5.33293342590332	5.276396751403809	5.286266803741455	5.3122406005859375	5.333665370941162	5.356653213500977	5.37595796585083	5.387795925140381	5.407363414764404	5.445794582366943	5.487720489501953	5.505184173583984	5.486988067626953	5.437116622924805	5.343479633331299	5.183840274810791	4.98242712020874	4.818751811981201	4.735764503479004	4.685120582580566	4.624231815338135	4.602289199829102	4.677057266235352	4.8004913330078125	4.87390661239624	4.866603851318359	4.818090915679932	4.767808437347412	4.738531589508057	4.761406898498535	4.854440212249756
13	mean	-1.907833218574524	-1.8735617399215698	-1.856671690940857	-1.8798335790634155	-1.9299025535583496	-1.9306678771972656	-1.7611347436904907	-1.3308900594711304	-0.6721088290214539	0.03242442384362221	0.5490594506263733	0.8001334071159363	1.0519939661026	1.9171735048294067	4.086082458496094	7.883376121520996	12.907015800476074	18.02116584777832	21.788326263427734	23.13880729675293	21.889982223510742	18.799026489257812	15.12844181060791	12.007479667663574	9.969404220581055	8.886208534240723	8.250447273254395	7.5643630027771	6.594151496887207	5.39196252822876	4.152795791625977	3.0476582050323486	2.1377217769622803	1.3868428468704224	0.7241600751876831	0.09918426722288132	-0.4996081292629242	-1.057470440864563	-1.5562571287155151	-1.9896787405014038	-2.364832878112793	-2.694138288497925	-2.9865925312042236	-3.2454121112823486	-3.472783327102661	-3.676272392272949	-3.8698630332946777	-4.066720962524414	-4.267424583435059	-4.453496932983398	-4.594367504119873	-4.665711402893066	-4.667259693145752	-4.62545919418335	-4.578184604644775	-4.5517449378967285	-4.545997619628906	-4.536051273345947	-4.488841533660889	-4.383538246154785	-4.223339557647705	-4.0331573486328125	-3.846604824066162	-3.6901605129241943
13	std	3.880460023880005	3.9468019008636475	3.9825642108917236	3.97377610206604	3.942065477371216	3.921574115753174	3.9349381923675537	3.9640564918518066	3.973806142807007	3.98154354095459	4.044552803039551	4.175394058227539	4.319892406463623	4.363388538360596	4.135440349578857	3.5586981773376465	2.9595601558685303	3.039135694503784	3.654081106185913	3.9730923175811768	3.689929723739624	3.165921688079834	3.0462052822113037	3.377551555633545	3.7159879207611084	3.904278039932251	4.00713586807251	4.049170970916748	4.015756130218506	3.957653760910034	3.955674886703491	4.016495704650879	4.08082389831543	4.102752208709717	4.077369689941406	4.021307468414307	3.957948684692383	3.9183874130249023	3.9205684661865234	3.9343626499176025	3.9153547286987305	3.875593423843384	3.861088514328003	3.8724443912506104	3.8835396766662598	3.908737897872925	3.9679765701293945	4.023226737976074	4.027331829071045	3.9958531856536865	3.9734742641448975	3.9642763137817383	3.946413993835449	3.92510724067688	3.924438953399658	3.9429948329925537	3.948704719543457	3.9160513877868652	3.8564014434814453	3.806561231613159	3.788421869277954	3.7963616847991943	3.8227269649505615	3.8630290031433105
14	mean	-0.5065021514892578	-0.45487841963768005	-0.439148485660553	-0.46420225501060486	-0.509899914264679	-0.5379042625427246	-0.5247296690940857	-0.5100499391555786	-0.6173897385597229	-0.9964239597320557	-1.6777336597442627	-2.408254861831665	-2.594909906387329	-1.4644635915756226	1.5690335035324097	6.495960712432861	12.516597747802734	18.239330291748047	22.225154876708984	23.599842071533203	22.39263153076172	19.424707412719727	15.845441818237305	12.601072311401367	10.116000175476074	8.299875259399414	6.795856475830078	5.276600360870361	3.6200461387634277	1.910953402519226	0.32614558935165405	-0.994312047958374	-2.014760971069336	-2.794224977493286	-3.429288387298584	-3.993879556655884	-4.507736682891846	-4.942456245422363	-5.254018783569336	-5.419650077819824	-5.4569854736328125	-5.4161787033081055	-5.353312015533447	-5.304455757141113	-5.275646209716797	-5.2508158683776855	-5.208017349243164	-5.132419586181641	-5.020131587982178	-4.874789714813232	-4.702078342437744	-4.506810665130615	-4.29351282119751	-4.06830358505249	-3.838592767715454	-3.6108644008636475	-3.389697790145874	-3.179342031478882	-2.9861881732940674	-2.819058418273926	-2.6858370304107666	-2.5877108573913574	-2.514845848083496	-2.4472410678863525
14	std	3.845770835876465	3.815974712371826	3.7877728939056396	3.7508392333984375	3.726198673248291	3.7645082473754883	3.874176502227783	3.985272169113159	4.024855613708496	3.985775947570801	3.91174054145813	3.887970447540283	4.029573440551758	4.287568092346191	4.345461368560791	3.9885268211364746	3.6055924892425537	3.9595870971679688	4.769839763641357	5.1518707275390625	4.790663719177246	4.002516269683838	3.4085536003112793	3.367253541946411	3.6716697216033936	4.023582458496094	4.2733683586120605	4.360712051391602	4.3151984214782715	4.24420690536499	4.239928245544434	4.292751312255859	4.330738544464111	4.319182872772217	4.279052734375	4.235226631164551	4.193789958953857	4.162348747253418	4.1502909660339355	4.1495890617370605	4.143935680389404	4.129607200622559	4.109388828277588	4.080599308013916	4.04611873626709	4.024003982543945	4.023492813110352	4.022154331207275	3.999777317047119	3.9883713722229004	4.037588596343994	4.123342514038086	4.160760402679443	4.114446640014648	4.037756443023682	4.001941204071045	4.017482757568359	4.032632350921631	3.997800827026367	3.9331820011138916	3.9187123775482178	3.9860315322875977	4.062929153442383	4.067311763763428
15	mean	-0.8162598013877869	-0.8124407529830933	-0.8400834798812866	-0.901232898235321	-0.9895803332328796	-1.0629487037658691	-1.031888723373413	-0.8001416325569153	-0.34907862544059753	0.20126348733901978	0.6399494409561157	0.844907283782959	0.9988850951194763	1.65907621383667	3.5413103103637695	7.066579818725586	11.932905197143555	17.038307189941406	20.89291763305664	22.322607040405273	21.04060935974121	17.737098693847656	13.657981872558594	9.963133811950684	7.252002716064453	5.481082439422607	4.227680683135986	3.064389705657959	1.8043749332427979	0.5188078284263611	-0.6078773140907288	-1.4440470933914185	-1.9930049180984497	-2.3704731464385986	-2.7211103439331055	-3.1359386444091797	-3.6149442195892334	-4.0854644775390625	-4.45596170425415	-4.669898509979248	-4.7306294441223145	-4.6897172927856445	-4.612475395202637	-4.543598175048828	-4.49140739440918	-4.436216354370117	-4.3535871505737305	-4.235137939453125	-4.093268871307373	-3.9487011432647705	-3.8130500316619873	-3.6825315952301025	-3.548102378845215	-3.4123151302337646	-3.296171188354492	-3.2260963916778564	-3.208099365234375	-3.211073160171509	-3.17777156829834	-3.0589213371276855	-2.844529151916504	-2.5681393146514893	-2.2827701568603516	-2.0297963619232178
15	std	3.915853977203369	3.9429585933685303	3.947056770324707	3.9666695594787598	4.013680458068848	4.108194828033447	4.257688999176025	4.393801212310791	4.480636119842529	4.631311893463135	4.967996597290039	5.422774791717529	5.792396545410156	5.847911834716797	5.357383728027344	4.216769695281982	2.813786506652832	2.5105316638946533	3.4260387420654297	3.916121244430542	3.4782936573028564	2.553312301635742	2.2695488929748535	3.0012028217315674	3.8465819358825684	4.388862133026123	4.583098888397217	4.539165019989014	4.447494983673096	4.434397220611572	4.481978893280029	4.538266658782959	4.594676971435547	4.630385398864746	4.603942394256592	4.532342910766602	4.498452186584473	4.544260501861572	4.604546070098877	4.5865797996521	4.487175941467285	4.392706871032715	4.358417987823486	4.352326393127441	4.333890438079834	4.290910243988037	4.2124834060668945	4.112488746643066	4.040914535522461	4.008120536804199	3.9573941230773926	3.8609917163848877	3.7858428955078125	3.813910722732544	3.9171142578125	3.990396738052368	3.990973949432373	3.9641330242156982	3.9523191452026367	3.9601693153381348	3.995119571685791	4.055634021759033	4.100475788116455	4.09269380569458
16	mean	-0.9962757229804993	-0.9734708666801453	-0.9114120602607727	-0.7262043356895447	-0.4495474398136139	-0.27889350056648254	-0.5232290029525757	-1.4404094219207764	-3.0317108631134033	-4.901782035827637	-6.275810718536377	-6.194582462310791	-3.8227133750915527	1.243584156036377	8.772501945495605	17.858945846557617	27.082185745239258	34.853092193603516	39.873077392578125	41.53647232055664	40.08901596069336	36.45404052734375	31.813335418701172	27.16004180908203	23.035120010375977	19.530359268188477	16.482269287109375	13.698216438293457	11.08572769165039	8.653848648071289	6.443938732147217	4.4679856300354	2.6936633586883545	1.0658082962036133	-0.46671465039253235	-1.938767910003662	-3.3693690299987793	-4.761953353881836	-6.099118709564209	-7.3401780128479	-8.433289527893066	-9.342219352722168	-10.069929122924805	-10.658101081848145	-11.158934593200684	-11.599441528320312	-11.964332580566406	-12.207939147949219	-12.284584045410156	-12.177331924438477	-11.908954620361328	-11.532066345214844	-11.108243942260742	-10.689192771911621	-10.305221557617188	-9.959410667419434	-9.628586769104004	-9.275678634643555	-8.870671272277832	-8.407910346984863	-7.908398151397705	-7.408642768859863	-6.945606231689453	-6.544306755065918
16	std	4.200257301330566	4.052508354187012	4.0138959884643555	4.160031318664551	4.4121623039245605	4.725865840911865	5.246591091156006	6.1901702880859375	7.51704216003418	8.841636657714844	9.70097541809082	9.894278526306152	9.61439037322998	9.116408348083496	8.223308563232422	6.60758638381958	4.819614410400391	4.700615406036377	5.984003067016602	6.623226165771484	6.061654090881348	4.8683037757873535	4.031485557556152	4.061331272125244	4.5203351974487305	4.908137798309326	5.068788051605225	5.086467742919922	5.1454949378967285	5.322759628295898	5.518538951873779	5.624382019042969	5.658336639404297	5.709979057312012	5.8009161949157715	5.861274242401123	5.842942237854004	5.7810564041137695	5.721390724182129	5.64257287979126	5.491988658905029	5.260406017303467	4.992853164672852	4.755482196807861	4.589475154876709	4.466484069824219	4.328283309936523	4.192823886871338	4.1404242515563965	4.1760334968566895	4.225903511047363	4.261968612670898	4.302771091461182	4.336216449737549	4.341629981994629	4.346320629119873	4.397971153259277	4.507058620452881	4.638998985290527	4.742330074310303	4.775613307952881	4.724722385406494	4.612104415893555	4.48935604095459
17	mean	-0.8214874267578125	-0.7612802386283875	-0.7084534168243408	-0.6776858568191528	-0.6616989970207214	-0.63097083568573	-0.5653996467590332	-0.5037348866462708	-0.5654671788215637	-0.8939982056617737	-1.5116056203842163	-2.1552209854125977	-2.2232136726379395	-0.9412533640861511	2.2680695056915283	7.384080410003662	13.602067947387695	19.52480697631836	23.68303108215332	25.129568099975586	23.794326782226562	20.423572540283203	16.168418884277344	12.069599151611328	8.70872974395752	6.157546520233154	4.172111988067627	2.461951732635498	0.871393620967865	-0.5913926362991333	-1.8362010717391968	-2.7936294078826904	-3.469303607940674	-3.9334607124328613	-4.2745208740234375	-4.5568695068359375	-4.8060302734375	-5.018835544586182	-5.182417392730713	-5.287991046905518	-5.334381103515625	-5.324565410614014	-5.2611775398254395	-5.145845890045166	-4.9830827713012695	-4.78486967086792	-4.571249485015869	-4.364334583282471	-4.178381443023682	-4.011488914489746	-3.8464152812957764	-3.6625864505767822	-3.4528074264526367	-3.231978178024292	-3.029245376586914	-2.8681750297546387	-2.7498996257781982	-2.6522302627563477	-2.5449132919311523	-2.4087698459625244	-2.2457194328308105	-2.0751595497131348	-1.9210429191589355	-1.7978522777557373
17	std	4.08060884475708	4.059335708618164	4.027331829071045	4.030609130859375	4.073824405670166	4.130488395690918	4.207641124725342	4.336584568023682	4.542605400085449	4.85825252532959	5.3044562339782715	5.809610366821289	6.170210838317871	6.117788791656494	5.468698978424072	4.336669921875	3.4068779945373535	3.6102283000946045	4.411989212036133	4.7736124992370605	4.441313743591309	3.8435423374176025	3.740722894668579	4.315431118011475	5.019157409667969	5.46090030670166	5.595893383026123	5.551418781280518	5.451499938964844	5.335114002227783	5.193359375	5.024942398071289	4.838167667388916	4.643775463104248	4.471808433532715	4.363381862640381	4.316478252410889	4.274898052215576	4.205779075622559	4.147670745849609	4.137880802154541	4.137482643127441	4.093414306640625	4.02903938293457	4.01420259475708	4.071320533752441	4.157671928405762	4.2138214111328125	4.200536727905273	4.130516052246094	4.070849418640137	4.070072174072266	4.102586269378662	4.12293004989624	4.1234588623046875	4.115579605102539	4.103129863739014	4.089296340942383	4.080432415008545	4.073422431945801	4.049335956573486	3.9943408966064453	3.9358882904052734	3.928591728210449
18	mean	-2.02900767326355	-1.9244446754455566	-1.905809760093689	-1.9574967622756958	-2.005218744277954	-1.9534149169921875	-1.7357944250106812	-1.3655778169631958	-0.9618305563926697	-0.7074528932571411	-0.7039788365364075	-0.7609006762504578	-0.26071491837501526	1.7228833436965942	5.9916863441467285	12.648758888244629	20.746850967407227	28.47496795654297	33.88106155395508	35.74668884277344	34.09160232543945	30.024415969848633	25.088899612426758	20.542966842651367	16.96338653564453	14.29045581817627	12.148876190185547	10.182417869567871	8.22679328918457	6.304974555969238	4.532235622406006	3.0196495056152344	1.813988447189331	0.8768542408943176	0.10166719555854797	-0.6356785297393799	-1.415963888168335	-2.2451093196868896	-3.0753207206726074	-3.859294891357422	-4.589895248413086	-5.295088768005371	-6.000838279724121	-6.698970317840576	-7.345098495483398	-7.882872581481934	-8.273894309997559	-8.514460563659668	-8.63200569152832	-8.666499137878418	-8.651065826416016	-8.603963851928711	-8.533699035644531	-8.448722839355469	-8.361087799072266	-8.280113220214844	-8.201887130737305	-8.105713844299316	-7.962434768676758	-7.748849391937256	-7.457287788391113	-7.0946736335754395	-6.674623012542725	-6.211907863616943
18	std	4.4359941482543945	4.564281463623047	4.618641376495361	4.5244059562683105	4.3208394050598145	4.1183061599731445	3.9867520332336426	3.9845786094665527	4.150845050811768	4.378180027008057	4.549112319946289	4.878147602081299	5.678795337677002	6.579169750213623	6.793797492980957	6.168138027191162	5.905010223388672	7.207528591156006	8.906179428100586	9.585793495178223	8.942585945129395	7.504067897796631	6.081664085388184	5.223498344421387	4.948705196380615	4.983832836151123	5.082921028137207	5.1294846534729	5.129185676574707	5.109309673309326	5.050009250640869	4.963474750518799	4.945603370666504	5.040978908538818	5.136909484863281	5.101983547210693	4.9510931968688965	4.806938171386719	4.733811378479004	4.690852165222168	4.633903980255127	4.550285816192627	4.437496185302734	4.360382556915283	4.4270548820495605	4.588578224182129	4.676700115203857	4.6879425048828125	4.744405746459961	4.778427600860596	4.614537239074707	4.333832740783691	4.223827838897705	4.3239593505859375	4.4133076667785645	4.42780876159668	4.472141265869141	4.553098201751709	4.592962741851807	4.601244926452637	4.617051601409912	4.60462760925293	4.544754505157471	4.513977527618408
19	mean	-1.2972769737243652	-1.2663321495056152	-1.231415867805481	-1.2212549448013306	-1.2479346990585327	-1.2767245769500732	-1.2137298583984375	-0.9341223835945129	-0.3487964868545532	0.5309016704559326	1.5897173881530762	2.695756673812866	3.8355259895324707	5.191789627075195	7.070044040679932	9.676441192626953	12.872912406921387	16.08934783935547	18.498220443725586	19.38734245300293	18.518434524536133	16.25252342224121	13.36335563659668	10.655187606811523	8.61237907409668	7.269322395324707	6.335086822509766	5.451749801635742	4.410924911499023	3.2186806201934814	2.017777919769287	0.957584798336029	0.10526563972234726	-0.5642195343971252	-1.1228053569793701	-1.6376622915267944	-2.146319627761841	-2.6595609188079834	-3.17329740524292	-3.674041748046875	-4.138333797454834	-4.535901069641113	-4.841768264770508	-5.050804138183594	-5.181713104248047	-5.264546871185303	-5.3204145431518555	-5.349328517913818	-5.335725784301758	-5.264591217041016	-5.134807109832764	-4.960850238800049	-4.764951705932617	-4.567960739135742	-4.385699272155762	-4.230123043060303	-4.1089019775390625	-4.019294738769531	-3.941328763961792	-3.8411645889282227	-3.688034772872925	-3.4746811389923096	-3.2243752479553223	-2.9772374629974365
19	std	3.891489267349243	3.8281869888305664	3.7626099586486816	3.7102744579315186	3.6905508041381836	3.7145633697509766	3.778322458267212	3.8706858158111572	3.9755728244781494	4.1010918617248535	4.296885013580322	4.5724287033081055	4.802635669708252	4.766104698181152	4.280483245849609	3.3508541584014893	2.330317258834839	1.9988138675689697	2.4104766845703125	2.6570346355438232	2.4159321784973145	2.016554594039917	2.1828441619873047	2.9081215858459473	3.5808541774749756	3.9284965991973877	4.000278949737549	3.9595589637756348	3.903364419937134	3.8656234741210938	3.9035844802856445	4.028799533843994	4.13737678527832	4.147608757019043	4.108791351318359	4.092413425445557	4.078105449676514	4.039253234863281	4.019564151763916	4.04231071472168	4.06165885925293	4.055241107940674	4.055415630340576	4.074450969696045	4.083160877227783	4.064319610595703	4.038075923919678	4.034023284912109	4.05178689956665	4.064010143280029	4.057321071624756	4.038219928741455	4.007325172424316	3.9682974815368652	3.9407920837402344	3.9319260120391846	3.9251792430877686	3.907459259033203	3.878596067428589	3.851600170135498	3.8552730083465576	3.8979625701904297	3.942875623703003	3.9606502056121826
20	mean	-0.4392026960849762	-0.41485509276390076	-0.3543466329574585	-0.2800048589706421	-0.21162916719913483	-0.13536536693572998	-0.006323863286525011	0.20256009697914124	0.4411662220954895	0.5824139714241028	0.52993243932724	0.3974113464355469	0.6320747137069702	1.9377610683441162	4.954892635345459	9.828609466552734	15.922338485717773	21.9028263092041	26.221160888671875	27.762187957763672	26.308408737182617	22.56706428527832	17.77058219909668	13.098638534545898	9.238719940185547	6.278866291046143	3.91097092628479	1.76077139377594	-0.36447790265083313	-2.4177680015563965	-4.213252544403076	-5.57596492767334	-6.4401631355285645	-6.861668109893799	-6.969983100891113	-6.906496524810791	-6.7816548347473145	-6.659049987792969	-6.559164047241211	-6.4720988273620605	-6.372522830963135	-6.234163284301758	-6.042103290557861	-5.799994945526123	-5.528056621551514	-5.2518086433410645	-4.988786220550537	-4.742074012756348	-4.504061222076416	-4.267539024353027	-4.036037445068359	-3.826073169708252	-3.658597707748413	-3.544583559036255	-3.474222421646118	-3.4173240661621094	-3.3358540534973145	-3.2028300762176514	-3.0182864665985107	-2.8131563663482666	-2.6362242698669434	-2.528088092803955	-2.4952173233032227	-2.500605821609497
20	std	4.222970008850098	4.27654504776001	4.331023693084717	4.354008674621582	4.337719917297363	4.291127681732178	4.239447593688965	4.229798316955566	4.30218505859375	4.436056613922119	4.561842918395996	4.6629180908203125	4.785171985626221	4.854032039642334	4.62941837310791	4.020302772521973	3.4602057933807373	3.6534016132354736	4.318159580230713	4.637486457824707	4.344588756561279	3.7922301292419434	3.596930980682373	3.887005567550659	4.267164707183838	4.507904529571533	4.602889537811279	4.575003623962402	4.460875511169434	4.342478275299072	4.274082183837891	4.240264415740967	4.218103885650635	4.197230339050293	4.155034065246582	4.091268539428711	4.056031227111816	4.080140590667725	4.119436740875244	4.123208999633789	4.100970268249512	4.083699703216553	4.074181079864502	4.0704169273376465	4.090222358703613	4.14011812210083	4.19331693649292	4.218397617340088	4.205209255218506	4.161071300506592	4.107649803161621	4.08197546005249	4.113343715667725	4.184634685516357	4.238521575927734	4.238300800323486	4.200381755828857	4.1569414138793945	4.117291450500488	4.082148551940918	4.059144496917725	4.048381805419922	4.046810150146484	4.067520618438721
21	mean	0.2725789546966553	0.3658936023712158	0.46834978461265564	0.557809054851532	0.6119727492332458	0.6216998100280762	0.6084851026535034	0.630418598651886	0.7576828598976135	1.024354338645935	1.4062659740447998	1.8878376483917236	2.6208577156066895	4.06536340713501	6.930683612823486	11.805482864379883	18.59153938293457	26.098100662231445	32.191322326660156	34.59921646118164	32.00157165527344	24.748571395874023	14.737494468688965	4.519820213317871	-3.8053715229034424	-9.28623104095459	-12.120999336242676	-13.147333145141602	-13.23824691772461	-12.946516990661621	-12.479442596435547	-11.865544319152832	-11.121284484863281	-10.313309669494629	-9.529940605163574	-8.830815315246582	-8.226758003234863	-7.6942644119262695	-7.201946258544922	-6.728470325469971	-6.26691198348999	-5.8207106590271	-5.396166801452637	-4.996463775634766	-4.6202239990234375	-4.265575885772705	-3.934813976287842	-3.634038209915161	-3.3675684928894043	-3.1314613819122314	-2.9121320247650146	-2.692559003829956	-2.462989568710327	-2.2287425994873047	-2.0078070163726807	-1.8181551694869995	-1.6634149551391602	-1.5288386344909668	-1.3920494318008423	-1.240287184715271	-1.0803483724594116	-0.933825671672821	-0.8218031525611877	-0.7497428059577942
21	std	4.368575096130371	4.393041133880615	4.409316539764404	4.393251419067383	4.383372783660889	4.407063961029053	4.431281566619873	4.421657085418701	4.388824939727783	4.365586280822754	4.38202428817749	4.453872203826904	4.554089546203613	4.581240177154541	4.36990213394165	3.8290390968322754	3.257765769958496	3.380925416946411	4.093137264251709	4.462336540222168	4.075900077819824	3.407336473464966	3.482933759689331	4.246065139770508	4.819828987121582	4.914991855621338	4.724277019500732	4.515953063964844	4.4039306640625	4.379599094390869	4.404223442077637	4.426953315734863	4.408633232116699	4.362821102142334	4.344498157501221	4.383524417877197	4.448296070098877	4.486177921295166	4.476113796234131	4.43652868270874	4.401170253753662	4.3919358253479	4.4013190269470215	4.397239685058594	4.363621711730957	4.337269306182861	4.365936756134033	4.426374435424805	4.448615550994873	4.41781759262085	4.384274005889893	4.378575801849365	4.3832783699035645	4.3882927894592285	4.406533241271973	4.432985782623291	4.442147254943848	4.4270124435424805	4.404829025268555	4.391866683959961	4.392805099487305	4.399656772613525	4.399989604949951	4.401144981384277
22	mean	-2.0678815841674805	-2.0240540504455566	-1.9974960088729858	-2.020533800125122	-2.1088860034942627	-2.2363979816436768	-2.338191509246826	-2.345729112625122	-2.228178024291992	-1.9972654581069946	-1.64811372756958	-1.057863712310791	0.07935797423124313	2.189128875732422	5.5985541343688965	10.255505561828613	15.5632963180542	20.480266571044922	23.88849449157715	25.062116622924805	23.98243522644043	21.318557739257812	18.083539962768555	15.165226936340332	12.990215301513672	11.477988243103027	10.254608154296875	8.954500198364258	7.426012992858887	5.756191253662109	4.155118942260742	2.8068313598632812	1.7790263891220093	1.0219932794570923	0.4281834661960602	-0.10038096457719803	-0.6154695153236389	-1.123590350151062	-1.6084768772125244	-2.0553345680236816	-2.4634618759155273	-2.8427093029022217	-3.200157880783081	-3.5316550731658936	-3.8284833431243896	-4.093776702880859	-4.35023307800293	-4.62476921081543	-4.916632175445557	-5.176405906677246	-5.321739673614502	-5.288412094116211	-5.083498477935791	-4.798773765563965	-4.567819595336914	-4.490412712097168	-4.573300838470459	-4.7282280921936035	-4.830342769622803	-4.797616958618164	-4.637016773223877	-4.4285359382629395	-4.263856887817383	-4.186857223510742
22	std	5.105451583862305	5.230513572692871	5.088465690612793	4.87557315826416	4.878403663635254	5.023809432983398	5.0963287353515625	5.173445224761963	5.501213073730469	6.157031536102295	7.046241760253906	7.977897644042969	8.60140609741211	8.508308410644531	7.544009208679199	6.092599391937256	5.108161449432373	5.259946346282959	5.876946449279785	6.140224933624268	5.909302234649658	5.52613639831543	5.423305034637451	5.675061225891113	6.019935607910156	6.2497782707214355	6.316648483276367	6.251315593719482	6.127536296844482	6.0227460861206055	5.950611114501953	5.8710036277771	5.7513108253479	5.596704006195068	5.461305618286133	5.408885478973389	5.441067218780518	5.521239757537842	5.62768030166626	5.723996639251709	5.761940002441406	5.733083248138428	5.643846035003662	5.48162317276001	5.277295112609863	5.13031530380249	5.102722644805908	5.158846378326416	5.233486175537109	5.264139175415039	5.194625377655029	5.051079750061035	4.956341743469238	4.974069595336914	5.027061939239502	5.050479412078857	5.090633392333984	5.192914962768555	5.304474830627441	5.350951671600342	5.319357872009277	5.221353054046631	5.056251049041748	4.862062931060791
23	mean	3.664079189300537	4.312629699707031	5.0243048667907715	5.796328544616699	6.64631462097168	7.594823360443115	8.64535903930664	9.781096458435059	10.987199783325195	12.289385795593262	13.786324501037598	15.65405559539795	18.114639282226562	21.37752342224121	25.567161560058594	30.64015769958496	36.28413772583008	41.81291961669922	46.128231048583984	47.86494445800781	45.788177490234375	39.34367752075195	29.074552536010742	16.593721389770508	4.035637378692627	-6.745121955871582	-14.784716606140137	-20.12701416015625	-23.472909927368164	-25.651098251342773	-27.2302303314209	-28.42249298095703	-29.21684455871582	-29.570655822753906	-29.5218448638916	-29.189376831054688	-28.712059020996094	-28.19097900390625	-27.665145874023438	-27.119461059570312	-26.50996208190918	-25.790283203125	-24.925704956054688	-23.89232635498047	-22.668649673461914	-21.232563018798828	-19.569686889648438	-17.688982009887695	-15.633553504943848	-13.477770805358887	-11.310582160949707	-9.215349197387695	-7.256032466888428	-5.472135543823242	-3.876922130584717	-2.4567060470581055	-1.176614761352539	0.0023244803305715322	1.1002973318099976	2.104808807373047	2.9772207736968994	3.6773343086242676	4.190977096557617	4.5435638427734375
23	std	3.5365488529205322	3.580810308456421	3.652050733566284	3.7045223712921143	3.689406633377075	3.6434056758880615	3.651587724685669	3.7205469608306885	3.7693095207214355	3.763017177581787	3.779914617538452	3.910400390625	4.112570762634277	4.206754684448242	4.012020587921143	3.5612058639526367	3.3327796459198	3.8836803436279297	4.805494785308838	5.253321170806885	4.811103343963623	3.981107473373413	4.359978675842285	6.0130181312561035	7.404490947723389	7.821621417999268	7.3667378425598145	6.523490905761719	5.730329990386963	5.147948741912842	4.742645263671875	4.474513053894043	4.329018592834473	4.240455627441406	4.105488300323486	3.9054856300354004	3.760984182357788	3.779165267944336	3.867222309112549	3.856332302093506	3.736372470855713	3.6524736881256104	3.70835280418396	3.85720157623291	3.9893088340759277	4.0301690101623535	3.9826371669769287	3.932312488555908	3.9671473503112793	4.067119598388672	4.140161514282227	4.145971775054932	4.112608432769775	4.0720930099487305	4.048897743225098	4.073493480682373	4.133972644805908	4.154719352722168	4.077995300292969	3.9337520599365234	3.8070690631866455	3.7472124099731445	3.7268569469451904	3.7046449184417725
24	mean	1.5533376932144165	1.9571423530578613	2.338237762451172	2.6927335262298584	3.031778573989868	3.38671875	3.812676191329956	4.374266147613525	5.101651668548584	5.935534477233887	6.717469692230225	7.284484386444092	7.658123016357422	8.205081939697266	9.589885711669922	12.432832717895508	16.80678939819336	21.8970947265625	26.132741928100586	27.827377319335938	26.007402420043945	20.92350959777832	13.914939880371094	6.7202019691467285	0.6797135472297668	-3.705751895904541	-6.691536903381348	-8.860173225402832	-10.685952186584473	-12.338529586791992	-13.750870704650879	-14.80691909790039	-15.482464790344238	-15.863546371459961	-16.07418441772461	-16.19301414489746	-16.217195510864258	-16.08414077758789	-15.72378158569336	-15.10438060760498	-14.247588157653809	-13.21241569519043	-12.06515121459961	-10.855851173400879	-9.614442825317383	-8.365463256835938	-7.145125865936279	-6.002059459686279	-4.977700233459473	-4.081217288970947	-3.2808585166931152	-2.5235350131988525	-1.7727010250091553	-1.0375611782073975	-0.37110957503318787	0.16274018585681915	0.5323953628540039	0.7662842273712158	0.9468204975128174	1.17003333568573	1.4922031164169312	1.8967199325561523	2.304577112197876	2.6234939098358154
24	std	4.460672378540039	4.349013805389404	4.259422302246094	4.19416618347168	4.140291690826416	4.0446577072143555	3.8865015506744385	3.747431755065918	3.7200284004211426	3.789172410964966	3.878170967102051	3.9428212642669678	3.988334894180298	4.001195430755615	3.865741729736328	3.5030767917633057	3.249127149581909	3.7049930095672607	4.561699867248535	4.962309837341309	4.508938789367676	3.554046869277954	3.2075998783111572	3.9366135597229004	4.799381732940674	5.3067402839660645	5.5208024978637695	5.5447306632995605	5.364853382110596	5.020279884338379	4.675736427307129	4.466294288635254	4.381428241729736	4.329702854156494	4.246306896209717	4.156564712524414	4.139678001403809	4.202058792114258	4.253828525543213	4.224656105041504	4.134551525115967	4.066429138183594	4.0909857749938965	4.196930885314941	4.301471710205078	4.3297576904296875	4.266174793243408	4.16080379486084	4.111998558044434	4.174140930175781	4.261692047119141	4.255845069885254	4.177224159240723	4.132382869720459	4.129222869873047	4.106755256652832	4.08396053314209	4.118705749511719	4.207042694091797	4.32112455368042	4.4352922439575195	4.484689235687256	4.423226833343506	4.328299522399902
25	mean	-1.8073502779006958	-1.876817226409912	-1.985088586807251	-2.115664482116699	-2.2212562561035156	-2.224935531616211	-2.0463085174560547	-1.655429720878601	-1.130913257598877	-0.6669811010360718	-0.47326400876045227	-0.5744704008102417	-0.6241921186447144	0.08918888866901398	2.3391551971435547	6.460499286651611	11.953229904174805	17.50889778137207	21.54143714904785	22.954988479614258	21.684282302856445	18.672773361206055	15.31912612915039	12.753995895385742	11.375136375427246	10.853852272033691	10.514056205749512	9.791300773620605	8.500603675842285	6.821199417114258	5.091158866882324	3.5846140384674072	2.398198366165161	1.4701834917068481	0.6737042665481567	-0.09351722151041031	-0.8692988157272339	-1.6372431516647339	-2.3594210147857666	-3.0039467811584473	-3.5558626651763916	-4.0150675773620605	-4.389868259429932	-4.692262172698975	-4.935429096221924	-5.131229877471924	-5.286007404327393	-5.396411895751953	-5.448573589324951	-5.423290252685547	-5.308359622955322	-5.114779472351074	-4.887335300445557	-4.696974277496338	-4.60992431640625	-4.647563457489014	-4.764169692993164	-4.863192081451416	-4.847854137420654	-4.675659656524658	-4.381017208099365	-4.050698757171631	-3.7692573070526123	-3.571239471435547
25	std	4.643503189086914	4.590819358825684	4.533183574676514	4.520074367523193	4.519223690032959	4.496431350708008	4.493591785430908	4.550710201263428	4.6323161125183105	4.689950466156006	4.731327056884766	4.812237739562988	4.97731876373291	5.126520156860352	4.95547342300415	4.204456806182861	3.117671251296997	2.766455888748169	3.4317641258239746	3.838160753250122	3.4633686542510986	2.7358953952789307	2.5941174030303955	3.1468679904937744	3.7010161876678467	4.010082244873047	4.154385089874268	4.25323486328125	4.367706298828125	4.504268169403076	4.622512340545654	4.661346435546875	4.616816520690918	4.57327127456665	4.601133823394775	4.673593521118164	4.740270614624023	4.783302307128906	4.776665687561035	4.700260639190674	4.6016435623168945	4.565173149108887	4.622378826141357	4.7369866371154785	4.845345497131348	4.888126373291016	4.8552422523498535	4.803533554077148	4.782477378845215	4.769029140472412	4.7252936363220215	4.669930934906006	4.6473002433776855	4.660694599151611	4.671597003936768	4.6495680809021	4.604575157165527	4.57269811630249	4.568085193634033	4.563225269317627	4.541525363922119	4.542116641998291	4.600724220275879	4.6761393547058105
26	mean	-0.7330511808395386	-0.371747761964798	0.04975440725684166	0.45377764105796814	0.7630380988121033	0.9745681881904602	1.2022308111190796	1.6393834352493286	2.4430081844329834	3.6081693172454834	4.9344024658203125	6.14414644241333	7.105899333953857	8.008231163024902	9.319729804992676	11.497228622436523	14.598248481750488	18.063430786132812	20.86042594909668	21.95290756225586	20.830381393432617	17.77583122253418	13.709973335266113	9.71951961517334	6.563610076904297	4.4316558837890625	3.0358946323394775	1.9124115705490112	0.7170906662940979	-0.6368922591209412	-2.021202564239502	-3.2317750453948975	-4.119828224182129	-4.652800559997559	-4.904470920562744	-5.007458686828613	-5.098566055297852	-5.271867275238037	-5.549203395843506	-5.878889083862305	-6.166948318481445	-6.326390743255615	-6.318115234375	-6.162783145904541	-5.9226179122924805	-5.668190956115723	-5.447885990142822	-5.271390914916992	-5.110793590545654	-4.917473793029785	-4.647643566131592	-4.286601543426514	-3.861274242401123	-3.4337515830993652	-3.074946403503418	-2.8283584117889404	-2.6832873821258545	-2.576617956161499	-2.428100347518921	-2.1913444995880127	-1.887328863143921	-1.594409704208374	-1.3989527225494385	-1.339667797088623
26	std	5.056889533996582	5.018187999725342	4.960045337677002	4.8827619552612305	4.84481954574585	4.910433292388916	5.069235324859619	5.2582221031188965	5.464666843414307	5.734964370727539	6.046317100524902	6.259083271026611	6.232909202575684	5.89188814163208	5.173132419586182	4.066437244415283	2.9116370677948	2.670595645904541	3.341306447982788	3.7086615562438965	3.359663724899292	2.823621988296509	3.1058411598205566	4.039692401885986	4.794680595397949	5.0704345703125	4.9926371574401855	4.850593566894531	4.822579383850098	4.868238925933838	4.883748531341553	4.838241100311279	4.774634838104248	4.767345905303955	4.834826946258545	4.889484405517578	4.859813213348389	4.808773994445801	4.839425563812256	4.948916912078857	5.06888484954834	5.146494388580322	5.131356716156006	5.008514404296875	4.866639614105225	4.8140153884887695	4.830038547515869	4.835028171539307	4.839095115661621	4.889570713043213	4.96712589263916	5.04939603805542	5.161218643188477	5.274457931518555	5.290754318237305	5.185426235198975	5.076231956481934	5.099092483520508	5.237767696380615	5.347394943237305	5.340079307556152	5.293488502502441	5.356456279754639	5.53556489944458
27	mean	-1.3622846603393555	-1.3108958005905151	-1.3181251287460327	-1.3855119943618774	-1.484593152999878	-1.5531997680664062	-1.5151801109313965	-1.331074595451355	-1.0536631345748901	-0.8290635943412781	-0.7944860458374023	-0.8969026803970337	-0.7521600723266602	0.3034253418445587	2.908186197280884	7.238844871520996	12.712180137634277	18.07219123840332	21.890830993652344	23.22598648071289	22.046653747558594	19.171876907348633	15.78711223602295	12.856414794921875	10.7703857421875	9.37173080444336	8.251410484313965	7.075537204742432	5.750513553619385	4.385488986968994	3.1460254192352295	2.1273081302642822	1.317583680152893	0.6399821639060974	0.016304153949022293	-0.5948762893676758	-1.1979719400405884	-1.781244158744812	-2.3355512619018555	-2.859168529510498	-3.3515334129333496	-3.80592942237854	-4.208849906921387	-4.546802043914795	-4.815410137176514	-5.0234222412109375	-5.187447547912598	-5.320115089416504	-5.421236038208008	-5.4802069664001465	-5.488853931427002	-5.45327615737915	-5.393963813781738	-5.332803726196289	-5.27796745300293	-5.217903137207031	-5.12843132019043	-4.9872002601623535	-4.786562919616699	-4.537654876708984	-4.2647857666015625	-3.994466781616211	-3.745741605758667	-3.5255074501037598
27	std	4.096804618835449	4.072553634643555	4.048357963562012	4.019722938537598	3.966980218887329	3.9046778678894043	3.86958384513855	3.870803117752075	3.88329815864563	3.8711330890655518	3.8231759071350098	3.819601058959961	3.9930155277252197	4.277614116668701	4.3545379638671875	4.0142412185668945	3.5516250133514404	3.6510252952575684	4.243142127990723	4.55647611618042	4.264512062072754	3.7194197177886963	3.588822841644287	3.9879395961761475	4.458506107330322	4.738595962524414	4.831367015838623	4.810848712921143	4.740253448486328	4.658079147338867	4.566938877105713	4.450924873352051	4.312921047210693	4.180672645568848	4.083486557006836	4.033247470855713	4.02278995513916	4.036099433898926	4.062257766723633	4.106959819793701	4.181149482727051	4.266110420227051	4.319438457489014	4.331961631774902	4.333874225616455	4.335936069488525	4.3207855224609375	4.28692626953125	4.2441511154174805	4.188992977142334	4.132690906524658	4.116713047027588	4.150933265686035	4.176214694976807	4.139761924743652	4.066524505615234	4.013428688049316	3.9918012619018555	3.986062526702881	3.998262405395508	4.021944522857666	4.029661178588867	4.017306327819824	4.006105899810791
28	mean	-0.7447367906570435	-0.12726855278015137	0.595963180065155	1.3984853029251099	2.2615764141082764	3.182783365249634	4.168728351593018	5.201969623565674	6.195234298706055	6.980325698852539	7.384340286254883	7.391604900360107	7.299389362335205	7.723893165588379	9.366928100585938	12.606744766235352	17.136423110961914	21.91396713256836	25.534257888793945	26.858064651489258	25.537212371826172	22.127178192138672	17.74605941772461	13.516483306884766	10.119898796081543	7.669773101806641	5.887578964233398	4.402209758758545	2.977247476577759	1.573848009109497	0.2799772024154663	-0.8023179173469543	-1.6345157623291016	-2.2564172744750977	-2.7530224323272705	-3.207124710083008	-3.66642165184021	-4.1363139152526855	-4.5946221351623535	-5.017426013946533	-5.400266170501709	-5.759506702423096	-6.112383842468262	-6.453606605529785	-6.750983715057373	-6.965759754180908	-7.0815253257751465	-7.117282390594482	-7.113087177276611	-7.0993146896362305	-7.073987007141113	-7.006643295288086	-6.8664231300354	-6.651586532592773	-6.3951096534729	-6.141646862030029	-5.915055274963379	-5.70176887512207	-5.4624176025390625	-5.16339111328125	-4.805235862731934	-4.426621437072754	-4.080995559692383	-3.804023265838623
28	std	4.7959089279174805	4.849659442901611	4.936516761779785	5.016450881958008	4.975377082824707	4.779562473297119	4.539430141448975	4.413303852081299	4.455103397369385	4.566477298736572	4.6023406982421875	4.553319454193115	4.607746601104736	4.836680889129639	4.928398609161377	4.576744079589844	3.9827098846435547	3.8019917011260986	4.147284507751465	4.366061687469482	4.144977569580078	3.8071186542510986	3.8414194583892822	4.21510124206543	4.561822414398193	4.708492755889893	4.694405555725098	4.623385429382324	4.562150478363037	4.514833927154541	4.460285186767578	4.384509086608887	4.2812395095825195	4.1593546867370605	4.063140392303467	4.05328893661499	4.13856315612793	4.255795955657959	4.335826396942139	4.358980655670166	4.349750995635986	4.337480545043945	4.327061176300049	4.314393043518066	4.3152241706848145	4.34429931640625	4.381954669952393	4.398146152496338	4.3798017501831055	4.319761753082275	4.230341911315918	4.161596775054932	4.149763107299805	4.172795295715332	4.185243129730225	4.162460803985596	4.123556613922119	4.109561920166016	4.114212512969971	4.102191925048828	4.106099605560303	4.188457489013672	4.306418418884277	4.357259273529053
29	mean	-1.946244716644287	-1.8608458042144775	-1.750285029411316	-1.648119568824768	-1.5619490146636963	-1.420893669128418	-1.0521595478057861	-0.22718816995620728	1.2149734497070312	3.2239091396331787	5.482664108276367	7.525913238525391	9.001443862915039	9.915796279907227	10.672398567199707	11.826199531555176	13.678936004638672	15.981283187866211	17.9722957611084	18.769180297851562	17.872385025024414	15.458113670349121	12.272085189819336	9.209264755249023	6.862210750579834	5.3129448890686035	4.249993324279785	3.2729413509368896	2.15541934967041	0.9174116253852844	-0.27981358766555786	-1.289672613143921	-2.066957712173462	-2.655046224594116	-3.124870538711548	-3.52899432182312	-3.8934783935546875	-4.230517387390137	-4.546852111816406	-4.839853286743164	-5.092474460601807	-5.281338214874268	-5.396088123321533	-5.45228910446167	-5.483429431915283	-5.515924453735352	-5.5462517738342285	-5.537567615509033	-5.438647747039795	-5.212571620941162	-4.857084274291992	-4.406682968139648	-3.9202589988708496	-3.4647984504699707	-3.0997109413146973	-2.8599328994750977	-2.7409958839416504	-2.697632074356079	-2.6632232666015625	-2.5820717811584473	-2.435842514038086	-2.248530149459839	-2.0681276321411133	-1.9367594718933105
29	std	4.059435844421387	3.999791383743286	3.933940887451172	3.8606905937194824	3.7818784713745117	3.7051546573638916	3.670973300933838	3.7292916774749756	3.868238687515259	3.9957950115203857	4.008829593658447	3.8955447673797607	3.7680070400238037	3.703467607498169	3.575197458267212	3.245927572250366	2.908797025680542	2.983374834060669	3.375530242919922	3.5730068683624268	3.3740339279174805	3.058830976486206	3.1026785373687744	3.528038740158081	3.958752155303955	4.1627373695373535	4.131126403808594	3.9789927005767822	3.831603527069092	3.7176003456115723	3.6146059036254883	3.5847506523132324	3.698986768722534	3.8692986965179443	3.95973801612854	3.9642724990844727	3.9716384410858154	4.042460918426514	4.166758060455322	4.295722484588623	4.385356903076172	4.413468360900879	4.37814474105835	4.312486171722412	4.275823593139648	4.287585735321045	4.299527168273926	4.258188247680664	4.158433437347412	4.036709785461426	3.9492039680480957	3.947770357131958	4.022840976715088	4.082668304443359	4.06344747543335	4.033888339996338	4.100982666015625	4.241671562194824	4.352646350860596	4.397741317749023	4.412968158721924	4.440029144287109	4.508801460266113	4.624396800994873
30	mean	-1.6221215724945068	-1.4791512489318848	-1.3554569482803345	-1.2964333295822144	-1.3096473217010498	-1.3367338180541992	-1.2555242776870728	-0.9251384735107422	-0.263134241104126	0.6893312335014343	1.7738059759140015	2.8190135955810547	3.7948341369628906	4.903072834014893	6.502773284912109	8.868037223815918	11.909832954406738	15.061262130737305	17.45457649230957	18.331562042236328	17.44994354248047	15.224040031433105	12.501391410827637	10.117690086364746	8.508551597595215	7.597611427307129	6.982100963592529	6.251739978790283	5.2255539894104	3.988333225250244	2.759338140487671	1.7203298807144165	0.9198614954948425	0.2890477478504181	-0.27767685055732727	-0.8503841161727905	-1.4427984952926636	-2.0354700088500977	-2.607316732406616	-3.1478261947631836	-3.6496825218200684	-4.098681926727295	-4.472564697265625	-4.747622489929199	-4.907461166381836	-4.950608730316162	-4.894550323486328	-4.773805141448975	-4.630293846130371	-4.498222827911377	-4.391959190368652	-4.307197093963623	-4.236288547515869	-4.18347692489624	-4.161608695983887	-4.168697834014893	-4.167047500610352	-4.092065334320068	-3.8921384811401367	-3.5700876712799072	-3.191892385482788	-2.8539814949035645	-2.63211989402771	-2.5451760292053223
30	std	4.591283321380615	4.584714889526367	4.537728786468506	4.486080646514893	4.473465442657471	4.534431457519531	4.666563987731934	4.83576774597168	5.022284507751465	5.232268333435059	5.473495960235596	5.723825454711914	5.8732991218566895	5.711973190307617	5.058742523193359	3.9567418098449707	2.8303849697113037	2.445378541946411	2.80434250831604	3.038822889328003	2.813690662384033	2.4469966888427734	2.6096293926239014	3.3227486610412598	4.052720546722412	4.553430080413818	4.836781024932861	4.96653938293457	4.986233711242676	4.946348667144775	4.904479026794434	4.8913373947143555	4.904972553253174	4.922637462615967	4.905795097351074	4.82360315322876	4.691051483154297	4.5638556480407715	4.478370189666748	4.422123432159424	4.384868144989014	4.4001688957214355	4.492222309112549	4.605189800262451	4.643732070922852	4.576948165893555	4.466484069824219	4.386783123016357	4.3530192375183105	4.348519325256348	4.365967750549316	4.398001194000244	4.422229290008545	4.414642333984375	4.390763759613037	4.412761688232422	4.5085225105285645	4.614169120788574	4.650351047515869	4.6196393966674805	4.593746185302734	4.606714725494385	4.607454776763916	4.554914474487305
31	mean	-1.672006368637085	-1.484962821006775	-1.3511855602264404	-1.2979233264923096	-1.2958067655563354	-1.2370375394821167	-0.9704530835151672	-0.4073163866996765	0.3626208007335663	1.0679599046707153	1.453823447227478	1.6169710159301758	2.241771936416626	4.470249176025391	9.335204124450684	17.016523361206055	26.40690040588379	35.367855072021484	41.62519836425781	43.79513168334961	41.92647933959961	37.28034591674805	31.568601608276367	26.159637451171875	21.669586181640625	18.03961181640625	14.898749351501465	11.920538902282715	8.98530387878418	6.140009880065918	3.4666686058044434	0.9808437824249268	-1.3827083110809326	-3.712890148162842	-6.047544479370117	-8.333154678344727	-10.441843032836914	-12.230341911315918	-13.60085678100586	-14.528178215026855	-15.04658317565918	-15.218976974487305	-15.1146240234375	-14.80470085144043	-14.365062713623047	-13.87143325805664	-13.384796142578125	-12.936131477355957	-12.522005081176758	-12.113199234008789	-11.67062759399414	-11.161913871765137	-10.575742721557617	-9.930542945861816	-9.272876739501953	-8.661214828491211	-8.13870906829834	-7.709273815155029	-7.334710597991943	-6.957932472229004	-6.536463737487793	-6.062599182128906	-5.56014347076416	-5.066526889801025
31	std	4.154787540435791	4.10881233215332	4.057483673095703	4.016778945922852	4.041819095611572	4.113010406494141	4.163997650146484	4.190897464752197	4.25090217590332	4.385097026824951	4.616794109344482	5.001375675201416	5.539715766906738	6.018450736999512	6.081747531890869	5.547060012817383	4.747385501861572	4.498085021972656	4.95498514175415	5.266490459442139	4.945891380310059	4.279278755187988	3.8905997276306152	3.97293758392334	4.211958408355713	4.382613182067871	4.432455062866211	4.384857177734375	4.3339385986328125	4.363199234008789	4.4467244148254395	4.5100908279418945	4.536816120147705	4.560029983520508	4.602313995361328	4.663458824157715	4.7312188148498535	4.773854732513428	4.744599342346191	4.618540287017822	4.432804107666016	4.2781901359558105	4.228852272033691	4.284555912017822	4.37374210357666	4.395791053771973	4.312836647033691	4.219043254852295	4.236841678619385	4.341282844543457	4.409560203552246	4.390618801116943	4.328174591064453	4.2711052894592285	4.226280212402344	4.1935648918151855	4.1860032081604	4.200634956359863	4.217466354370117	4.230470180511475	4.247729778289795	4.269874095916748	4.283982753753662	4.285185813903809
32	mean	-1.473127007484436	-1.2009550333023071	-0.9212250709533691	-0.6258222460746765	-0.3210672438144684	-0.008027023635804653	0.34026408195495605	0.7746109962463379	1.3302288055419922	1.984526515007019	2.6656572818756104	3.3353331089019775	4.1002302169799805	5.252167224884033	7.155372619628906	9.99937629699707	13.557024002075195	17.130529403686523	19.778366088867188	20.73565101623535	19.793367385864258	17.401819229125977	14.429767608642578	11.72558879852295	9.743246078491211	8.435958862304688	7.43673038482666	6.368913173675537	5.076364040374756	3.6534640789031982	2.308887481689453	1.1969960927963257	0.33622413873672485	-0.35935479402542114	-0.9946973919868469	-1.6310951709747314	-2.279409885406494	-2.9289276599884033	-3.571237087249756	-4.198728561401367	-4.789949417114258	-5.305603981018066	-5.704091548919678	-5.963645935058594	-6.091846942901611	-6.1170573234558105	-6.072325706481934	-5.983856678009033	-5.866494655609131	-5.723846912384033	-5.552729606628418	-5.352104663848877	-5.133305072784424	-4.924524784088135	-4.7613348960876465	-4.662498950958252	-4.60574197769165	-4.526491165161133	-4.349626064300537	-4.0363874435424805	-3.6122612953186035	-3.1541428565979004	-2.7456588745117188	-2.4323174953460693
32	std	5.776163578033447	5.658245086669922	5.652801990509033	5.736888885498047	5.864682674407959	5.986367702484131	6.068809986114502	6.122118949890137	6.20178747177124	6.3521013259887695	6.563016414642334	6.790175437927246	6.927793502807617	6.755539417266846	6.058514595031738	4.898071765899658	3.820767879486084	3.591766595840454	4.011138916015625	4.243600368499756	4.002198219299316	3.599954605102539	3.6245276927948	4.193775177001953	4.868289470672607	5.349611282348633	5.626438140869141	5.783776760101318	5.873248100280762	5.939877510070801	6.040074825286865	6.160074710845947	6.2121686935424805	6.161383628845215	6.076960563659668	6.0319600105285645	6.022212982177734	6.018230438232422	6.028555393218994	6.082726001739502	6.189014911651611	6.313272953033447	6.393248081207275	6.398356914520264	6.368936538696289	6.356400489807129	6.344180107116699	6.2891011238098145	6.204521179199219	6.135047435760498	6.094326019287109	6.08204984664917	6.09808874130249	6.107917308807373	6.076626300811768	6.044059753417969	6.084175109863281	6.197839260101318	6.3169097900390625	6.376704692840576	6.331488132476807	6.173996925354004	5.998979091644287	5.965864658355713
33	mean	-2.4035592079162598	-2.4375321865081787	-2.494309663772583	-2.6252176761627197	-2.8523101806640625	-3.1403934955596924	-3.404392957687378	-3.557612657546997	-3.567963123321533	-3.467430353164673	-3.2818262577056885	-2.9116616249084473	-2.0569071769714355	-0.2827523350715637	2.75347900390625	7.0163164138793945	11.930081367492676	16.487995147705078	19.628042221069336	20.69426155090332	19.729089736938477	17.428112030029297	14.783087730407715	12.617066383361816	11.265000343322754	10.548994064331055	10.013473510742188	9.244680404663086	8.084370613098145	6.6467509269714355	5.179901123046875	3.8932647705078125	2.8605659008026123	2.0310587882995605	1.3066381216049194	0.6164963245391846	-0.054493844509124756	-0.6839908361434937	-1.2479784488677979	-1.7436543703079224	-2.1872894763946533	-2.5950851440429688	-2.965644598007202	-3.279482364654541	-3.5155537128448486	-3.669405460357666	-3.7566416263580322	-3.7999155521392822	-3.812251329421997	-3.7916722297668457	-3.7319068908691406	-3.6394686698913574	-3.5408408641815186	-3.47037935256958	-3.446120500564575	-3.4531211853027344	-3.4495887756347656	-3.393095016479492	-3.2680633068084717	-3.0955889225006104	-2.9206416606903076	-2.78710675239563	-2.717254877090454	-2.7064671516418457
33	std	4.140573978424072	4.089016914367676	4.046483039855957	4.032124042510986	4.031270503997803	4.044768333435059	4.097250461578369	4.173438549041748	4.228683948516846	4.305987358093262	4.591071128845215	5.206021785736084	5.9198994636535645	6.250046253204346	5.813957691192627	4.607717037200928	3.1649725437164307	2.548588275909424	2.9430224895477295	3.2254867553710938	3.0036251544952393	2.6170642375946045	2.684741973876953	3.260349750518799	3.8783862590789795	4.300107955932617	4.535721778869629	4.6494903564453125	4.6787943840026855	4.662341594696045	4.651646614074707	4.675034999847412	4.710920333862305	4.712965488433838	4.668558120727539	4.6115288734436035	4.569121837615967	4.538636207580566	4.515678882598877	4.4891533851623535	4.4364166259765625	4.372632026672363	4.343533515930176	4.338582992553711	4.30790376663208	4.266369342803955	4.270602226257324	4.313586235046387	4.338849067687988	4.32438325881958	4.290770053863525	4.263810634613037	4.265768051147461	4.312778949737549	4.386250019073486	4.43267822265625	4.418951034545898	4.367234230041504	4.3183417320251465	4.274653911590576	4.210764408111572	4.14003324508667	4.123479843139648	4.184798717498779
34	mean	-2.322340965270996	-2.2823894023895264	-2.2741782665252686	-2.319936990737915	-2.4034459590911865	-2.4509215354919434	-2.34659743309021	-1.987075924873352	-1.3431199789047241	-0.4705379605293274	0.5711047053337097	1.862801194190979	3.724501609802246	6.643476486206055	11.001579284667969	16.72784423828125	23.106788635253906	28.919904708862305	32.89929962158203	34.261295318603516	33.0233154296875	29.932781219482422	26.070791244506836	22.368043899536133	19.289121627807617	16.808429718017578	14.622942924499512	12.431770324707031	10.11828327178955	7.766294002532959	5.552134990692139	3.6112732887268066	1.9646862745285034	0.5313650369644165	-0.8044620752334595	-2.126368999481201	-3.4570491313934326	-4.770340442657471	-6.021101474761963	-7.168025493621826	-8.181163787841797	-9.0399751663208	-9.731813430786133	-10.254120826721191	-10.616909980773926	-10.840420722961426	-10.947789192199707	-10.957191467285156	-10.878145217895508	-10.713855743408203	-10.467841148376465	-10.150867462158203	-9.783422470092773	-9.391048431396484	-8.994417190551758	-8.600720405578613	-8.202749252319336	-7.7867512702941895	-7.343842506408691	-6.877427101135254	-6.402924537658691	-5.941506385803223	-5.512870788574219	-5.129518985748291
34	std	4.43773078918457	4.405876159667969	4.444442272186279	4.50462007522583	4.557004451751709	4.586735725402832	4.581239700317383	4.546683311462402	4.549060821533203	4.6904988288879395	5.032529830932617	5.574393272399902	6.195246696472168	6.571744918823242	6.331178665161133	5.406474590301514	4.339894771575928	4.082837104797363	4.586421489715576	4.884640693664551	4.575052261352539	3.941431999206543	3.6181561946868896	3.91896915435791	4.473853588104248	4.877165794372559	5.010950088500977	4.957550525665283	4.857931613922119	4.790719032287598	4.7555084228515625	4.7447333335876465	4.777044296264648	4.856194496154785	4.9359259605407715	4.956640720367432	4.914684772491455	4.868034839630127	4.857354164123535	4.863902568817139	4.874154567718506	4.904561519622803	4.925207138061523	4.864247798919678	4.724737644195557	4.59910249710083	4.534885406494141	4.482443332672119	4.407825946807861	4.350352764129639	4.338668346405029	4.340424060821533	4.329392910003662	4.321613311767578	4.325127601623535	4.321683883666992	4.313158988952637	4.3327507972717285	4.388881683349609	4.4400529861450195	4.456332206726074	4.464591979980469	4.494555473327637	4.520914077758789
35	mean	-1.4707081317901611	-1.2643756866455078	-1.018940806388855	-0.7928196787834167	-0.6278730034828186	-0.49279338121414185	-0.25723475217819214	0.26799142360687256	1.2308014631271362	2.6350436210632324	4.314507961273193	6.027798175811768	7.63351583480835	9.22684097290039	11.11415958404541	13.597554206848145	16.68104362487793	19.897977828979492	22.412273406982422	23.38125228881836	22.385751724243164	19.6693115234375	16.032440185546875	12.443190574645996	9.597652435302734	7.6798930168151855	6.423760414123535	5.386984348297119	4.240409851074219	2.9094173908233643	1.5301358699798584	0.3006698787212372	-0.6555796265602112	-1.340504765510559	-1.8463653326034546	-2.2856080532073975	-2.7367708683013916	-3.2268264293670654	-3.740758180618286	-4.2403740882873535	-4.681793689727783	-5.029658317565918	-5.267755508422852	-5.4041876792907715	-5.468189716339111	-5.499613285064697	-5.5348663330078125	-5.594288349151611	-5.6751708984375	-5.753167152404785	-5.7922587394714355	-5.761202812194824	-5.651580810546875	-5.487992763519287	-5.320795059204102	-5.200067043304443	-5.144012451171875	-5.124074935913086	-5.079489707946777	-4.952693939208984	-4.721468448638916	-4.4084038734436035	-4.06551456451416	-3.7462990283966064
35	std	4.389221668243408	4.405245780944824	4.3918137550354	4.4072771072387695	4.475785255432129	4.59187126159668	4.772469997406006	5.062426567077637	5.501392364501953	6.0739006996154785	6.6858439445495605	7.186354160308838	7.385470390319824	7.089651107788086	6.219074726104736	4.9693217277526855	3.911834239959717	3.6932082176208496	4.075767993927002	4.298238754272461	4.058945178985596	3.636396884918213	3.677734136581421	4.349730968475342	5.120142936706543	5.596292495727539	5.736142158508301	5.668588638305664	5.521921157836914	5.3599162101745605	5.2000579833984375	5.040472030639648	4.878795146942139	4.730648994445801	4.61842679977417	4.541772842407227	4.493659973144531	4.48281717300415	4.495385646820068	4.485535144805908	4.439967155456543	4.3936567306518555	4.372169494628906	4.376041889190674	4.406346797943115	4.44175386428833	4.428821086883545	4.3607497215271	4.311171531677246	4.321204662322998	4.3369269371032715	4.324997425079346	4.325096607208252	4.34291410446167	4.317685604095459	4.237748622894287	4.186703681945801	4.2231764793396	4.286375045776367	4.293506145477295	4.253101348876953	4.221268653869629	4.212823390960693	4.22037935256958
36	mean	-1.0593711137771606	-1.0140355825424194	-1.0295273065567017	-1.0779144763946533	-1.1087099313735962	-1.0550600290298462	-0.8486441373825073	-0.4622313976287842	0.03049567900598049	0.4374876022338867	0.5444775819778442	0.3260766863822937	0.15012872219085693	0.7798131704330444	3.0543344020843506	7.351190090179443	13.154275894165039	19.07392120361328	23.407333374023438	24.947906494140625	23.55059814453125	20.114852905273438	16.035860061645508	12.498190879821777	10.025428771972656	8.474677085876465	7.366111755371094	6.272139549255371	5.0326128005981445	3.734626531600952	2.5533783435821533	1.6005470752716064	0.8698106408119202	0.2766813337802887	-0.26704496145248413	-0.8034577369689941	-1.3258862495422363	-1.8085378408432007	-2.2381999492645264	-2.6265668869018555	-3.000807046890259	-3.3845276832580566	-3.7834787368774414	-4.183659553527832	-4.559755802154541	-4.886964321136475	-5.149050235748291	-5.3394455909729	-5.457931995391846	-5.508756637573242	-5.502374649047852	-5.457317352294922	-5.396940231323242	-5.339728355407715	-5.288251876831055	-5.225576400756836	-5.123891353607178	-4.961430549621582	-4.736917018890381	-4.473016262054443	-4.20755672454834	-3.9778285026550293	-3.804987907409668	-3.684300661087036
36	std	4.196763515472412	4.127206325531006	4.0646891593933105	4.0389404296875	4.035173416137695	4.036782264709473	4.046355247497559	4.06106424331665	4.083924293518066	4.130914688110352	4.183614253997803	4.22885799407959	4.3516011238098145	4.5453290939331055	4.483561992645264	3.8909912109375	3.295130491256714	3.893169641494751	5.113199234008789	5.661670207977295	5.14684534072876	4.008852005004883	3.221369743347168	3.343376636505127	3.7810490131378174	4.084961891174316	4.269932270050049	4.397144317626953	4.451308250427246	4.434915542602539	4.400341510772705	4.388344764709473	4.392704010009766	4.389777183532715	4.3787617683410645	4.389812469482422	4.447203636169434	4.5275492668151855	4.583852767944336	4.596426963806152	4.565574645996094	4.492443084716797	4.406534194946289	4.360091686248779	4.358940124511719	4.355835437774658	4.325428009033203	4.287149906158447	4.257894039154053	4.232685565948486	4.214022159576416	4.22015380859375	4.247807025909424	4.2554802894592285	4.216484546661377	4.168939590454102	4.170699596405029	4.218510627746582	4.262382984161377	4.267486572265625	4.220658302307129	4.1354546546936035	4.0727009773254395	4.078277587890625
37	mean	-1.382468342781067	-1.2564246654510498	-0.9726659655570984	-0.5552873015403748	-0.0907321348786354	0.3462745249271393	0.781957745552063	1.3669497966766357	2.289297580718994	3.620657205581665	5.214785575866699	6.767330646514893	8.034015655517578	9.062780380249023	10.24056339263916	12.058150291442871	14.706543922424316	17.78258514404297	20.350635528564453	21.377798080444336	20.290283203125	17.298770904541016	13.288911819458008	9.360424995422363	6.309584617614746	4.35252571105957	3.198544979095459	2.3568880558013916	1.449626088142395	0.35973915457725525	-0.8109888434410095	-1.8838982582092285	-2.7308499813079834	-3.3227314949035645	-3.705164909362793	-3.9490065574645996	-4.117220878601074	-4.256046772003174	-4.394538402557373	-4.540019989013672	-4.6751508712768555	-4.767812252044678	-4.791636943817139	-4.741861820220947	-4.635804176330566	-4.501230716705322	-4.3636474609375	-4.23964262008667	-4.135539531707764	-4.046240329742432	-3.9541501998901367	-3.835462808609009	-3.6791188716888428	-3.5080456733703613	-3.3800172805786133	-3.354306697845459	-3.4419105052948	-3.5808799266815186	-3.6647746562957764	-3.6084165573120117	-3.4017653465270996	-3.111522674560547	-2.8318240642547607	-2.624027729034424
37	std	4.667534828186035	4.729160308837891	4.753017902374268	4.744546890258789	4.771711349487305	4.854625701904297	4.964916229248047	5.0908284187316895	5.225717067718506	5.334428310394287	5.353186130523682	5.216747283935547	4.927950859069824	4.564518928527832	4.136439800262451	3.60965895652771	3.316269874572754	3.8094074726104736	4.675190448760986	5.06565523147583	4.6626877784729	3.80411434173584	3.274418830871582	3.486116647720337	3.966141939163208	4.30624532699585	4.452545166015625	4.487901210784912	4.511046409606934	4.569379806518555	4.634670257568359	4.652369499206543	4.602731227874756	4.5270490646362305	4.500363349914551	4.549919605255127	4.624822616577148	4.666819095611572	4.666837692260742	4.657677173614502	4.685839653015137	4.777402877807617	4.923702716827393	5.101210117340088	5.273523807525635	5.387852668762207	5.41873025894165	5.396564960479736	5.350503921508789	5.251784801483154	5.067565441131592	4.850638389587402	4.7199320793151855	4.732207775115967	4.820748329162598	4.885584354400635	4.878340244293213	4.793745994567871	4.6503071784973145	4.515434265136719	4.494565010070801	4.610152721405029	4.735745906829834	4.737740516662598
38	mean	-2.1780331134796143	-1.9896916151046753	-1.7998322248458862	-1.639255166053772	-1.5104098320007324	-1.3315932750701904	-0.9169214367866516	-0.035354141145944595	1.4602961540222168	3.5087332725524902	5.819528102874756	8.00662899017334	9.819215774536133	11.320518493652344	12.867707252502441	14.865205764770508	17.427730560302734	20.181459426879883	22.367029190063477	23.21414566040039	22.368026733398438	20.09731674194336	17.153491973876953	14.3758544921875	12.291949272155762	10.943079948425293	9.999277114868164	9.04383659362793	7.82980489730835	6.3691630363464355	4.848771095275879	3.472848892211914	2.3472766876220703	1.4589568376541138	0.727188229560852	0.06914351135492325	-0.5635167360305786	-1.1836793422698975	-1.7855198383331299	-2.3595612049102783	-2.8990392684936523	-3.4005181789398193	-3.862354278564453	-4.282560348510742	-4.6580986976623535	-4.9871296882629395	-5.273473739624023	-5.527908802032471	-5.761098861694336	-5.970744609832764	-6.134873867034912	-6.222476005554199	-6.217691421508789	-6.139594554901123	-6.038668155670166	-5.96809196472168	-5.948467254638672	-5.952451229095459	-5.921662330627441	-5.80419397354126	-5.5862202644348145	-5.298351287841797	-4.996408462524414	-4.731276988983154
38	std	4.878692150115967	4.843137741088867	4.8069562911987305	4.81963586807251	4.892070770263672	4.997232437133789	5.122736930847168	5.289789199829102	5.49862003326416	5.697751522064209	5.835660457611084	5.904794216156006	5.890546798706055	5.692306995391846	5.172966957092285	4.3452606201171875	3.5367400646209717	3.2536919116973877	3.475412607192993	3.6456735134124756	3.485870838165283	3.2192654609680176	3.346672773361206	3.9578826427459717	4.62343168258667	5.008955001831055	5.057979106903076	4.899031639099121	4.7128987312316895	4.61977481842041	4.637034893035889	4.712714195251465	4.781870365142822	4.811884880065918	4.815065860748291	4.81614875793457	4.816925048828125	4.799946308135986	4.753530025482178	4.69265604019165	4.655359268188477	4.661927700042725	4.693412780761719	4.72754430770874	4.758701801300049	4.773972988128662	4.753618240356445	4.700919151306152	4.635799407958984	4.560166835784912	4.474215030670166	4.422239303588867	4.452335834503174	4.527352333068848	4.5569868087768555	4.519033432006836	4.493265628814697	4.558614253997803	4.687815189361572	4.795711040496826	4.852814674377441	4.894148826599121	4.9452409744262695	4.996251583099365
39	mean	-6.483654022216797	-6.351728916168213	-6.2850470542907715	-6.363056182861328	-6.556792259216309	-6.617693901062012	-6.078029155731201	-4.44019889831543	-1.4913663864135742	2.478381395339966	6.795629501342773	10.898704528808594	14.921308517456055	19.889259338378906	27.218971252441406	37.681060791015625	50.46797561645508	63.08015060424805	72.27357482910156	75.58213806152344	72.48548126220703	64.52372741699219	54.370574951171875	44.52665328979492	36.401206970214844	30.173892974853516	25.27408790588379	21.02292823791504	17.038742065429688	13.284585952758789	9.89168643951416	6.9655442237854	4.500060081481934	2.3996212482452393	0.544148325920105	-1.1608200073242188	-2.76767897605896	-4.29431676864624	-5.740417003631592	-7.102748870849609	-8.384934425354004	-9.598020553588867	-10.752634048461914	-11.849103927612305	-12.873770713806152	-13.803508758544922	-14.614871978759766	-15.29023551940918	-15.821446418762207	-16.21051025390625	-16.46811866760254	-16.610462188720703	-16.654579162597656	-16.613183975219727	-16.49212646484375	-16.292051315307617	-16.013587951660156	-15.663713455200195	-15.258417129516602	-14.818302154541016	-14.36133098602295	-13.895737648010254	-13.419425010681152	-12.924284934997559
39	std	4.597542762756348	4.585379123687744	4.575887203216553	4.57442045211792	4.572733402252197	4.567947864532471	4.613152980804443	4.797469139099121	5.114573955535889	5.447493076324463	5.725858688354492	5.98431396484375	6.244824409484863	6.411405563354492	6.324932098388672	5.98654842376709	5.828401565551758	6.403383255004883	7.387038230895996	7.872060298919678	7.386338233947754	6.217944622039795	5.1895647048950195	4.9106316566467285	5.120173931121826	5.344541072845459	5.448625087738037	5.466482162475586	5.446348667144775	5.423811912536621	5.411543369293213	5.397357940673828	5.366530418395996	5.322981834411621	5.282439231872559	5.252350807189941	5.227396488189697	5.2010602951049805	5.182724952697754	5.197866916656494	5.251615524291992	5.309462070465088	5.3425164222717285	5.360922336578369	5.379424095153809	5.381674766540527	5.336141586303711	5.2312541007995605	5.089715003967285	4.9481587409973145	4.823276042938232	4.714721202850342	4.636040687561035	4.606448173522949	4.613321781158447	4.625661373138428	4.6429948806762695	4.686046600341797	4.7416815757751465	4.7717604637146	4.775409698486328	4.78764009475708	4.820915699005127	4.8582611083984375
40	mean	-2.1097371578216553	-2.08168625831604	-2.075469493865967	-2.1044201850891113	-2.1737191677093506	-2.2499396800994873	-2.253459930419922	-2.0988330841064453	-1.7634973526000977	-1.3183691501617432	-0.8563295602798462	-0.3295495808124542	0.5900145173072815	2.4730122089385986	5.8520894050598145	10.814823150634766	16.731828689575195	22.35421371459961	26.29747772216797	27.663570404052734	26.437009811401367	23.42435073852539	19.798416137695312	16.537076950073242	14.072195053100586	12.29096508026123	10.805415153503418	9.275172233581543	7.592079162597656	5.867142677307129	4.291086673736572	2.9927990436553955	1.9808803796768188	1.1744959354400635	0.4729823172092438	-0.19042402505874634	-0.8349525928497314	-1.4496252536773682	-2.018038034439087	-2.5331716537475586	-2.998818874359131	-3.4238107204437256	-3.816631317138672	-4.183657169342041	-4.530174732208252	-4.8609442710876465	-5.1778411865234375	-5.475498676300049	-5.738302707672119	-5.943839073181152	-6.073443412780762	-6.125169277191162	-6.11998987197876	-6.09394645690918	-6.078186988830566	-6.078836441040039	-6.071524143218994	-6.015624523162842	-5.8792619705200195	-5.658360481262207	-5.3784403800964355	-5.081629753112793	-4.808054447174072	-4.580860614776611
40	std	4.726512908935547	4.6350178718566895	4.591561317443848	4.614872455596924	4.667855739593506	4.687482833862305	4.6442179679870605	4.579624176025391	4.579341888427734	4.705480098724365	5.014929294586182	5.602722644805908	6.40077543258667	6.981927871704102	6.821038246154785	5.822337627410889	4.804694652557373	5.064968585968018	6.0984578132629395	6.570742130279541	6.126817226409912	5.231478214263916	4.6325836181640625	4.662956237792969	5.016813278198242	5.325183391571045	5.437019348144531	5.365935802459717	5.210407257080078	5.067555904388428	4.980862617492676	4.9463653564453125	4.935111999511719	4.918443202972412	4.891503810882568	4.8637237548828125	4.83428430557251	4.80013370513916	4.77214241027832	4.763195514678955	4.788208961486816	4.869633197784424	4.991888523101807	5.082868576049805	5.094058513641357	5.054227828979492	5.014026641845703	4.991622447967529	4.995009422302246	5.034893035888672	5.098659515380859	5.155179023742676	5.1868181228637695	5.195838928222656	5.185047149658203	5.153492450714111	5.114594459533691	5.082592487335205	5.0353007316589355	4.941789627075195	4.82611608505249	4.7555389404296875	4.77056360244751	4.860908508300781
41	mean	-0.304377019405365	-0.16308020055294037	-0.0442548505961895	0.03631393983960152	0.06907642632722855	0.07240509986877441	0.10072524845600128	0.21534083783626556	0.43052729964256287	0.6901693940162659	0.9279676675796509	1.2003278732299805	1.7969505786895752	3.2048590183258057	5.875510215759277	9.89052963256836	14.736688613891602	19.38019371032715	22.659507751464844	23.801620483398438	22.766189575195312	20.220386505126953	17.17220687866211	14.487194061279297	12.559551239013672	11.284845352172852	10.285754203796387	9.208857536315918	7.910911560058594	6.4648308753967285	5.040486812591553	3.773047685623169	2.702528953552246	1.793170690536499	0.9859555959701538	0.23380117118358612	-0.4944395422935486	-1.2224246263504028	-1.9669586420059204	-2.7302629947662354	-3.4958105087280273	-4.234151363372803	-4.913534164428711	-5.5070109367370605	-5.994869232177734	-6.368175983428955	-6.636453151702881	-6.832513809204102	-7.002815246582031	-7.183457851409912	-7.377624034881592	-7.553709506988525	-7.6686272621154785	-7.699750900268555	-7.660583019256592	-7.587584018707275	-7.50908899307251	-7.421224594116211	-7.291068077087402	-7.085372447967529	-6.802931785583496	-6.4838385581970215	-6.187815189361572	-5.957035064697266
41	std	4.842880725860596	4.778006076812744	4.761077404022217	4.818009853363037	4.925746440887451	5.040806770324707	5.110031604766846	5.088931083679199	4.978826522827148	4.826542377471924	4.719685077667236	4.804050445556641	5.128563404083252	5.42133903503418	5.280554294586182	4.6119914054870605	3.9181923866271973	3.973008871078491	4.5670857429504395	4.880809783935547	4.615621089935303	4.041426658630371	3.678471088409424	3.7677764892578125	4.061302661895752	4.286487579345703	4.385887622833252	4.419042110443115	4.4407196044921875	4.4695634841918945	4.5076212882995605	4.534195423126221	4.514585494995117	4.459253311157227	4.441747665405273	4.510125160217285	4.614932060241699	4.683321952819824	4.710452079772949	4.727700233459473	4.737085342407227	4.733543395996094	4.745132923126221	4.798224925994873	4.8803534507751465	4.967225074768066	5.048303127288818	5.108582019805908	5.113368511199951	5.0390305519104	4.920102119445801	4.832618713378906	4.811835765838623	4.826446533203125	4.846518039703369	4.88052225112915	4.923007965087891	4.91553258895874	4.811742305755615	4.659081935882568	4.561961650848389	4.565515518188477	4.632859230041504	4.7171125411987305
42	mean	-0.5413591861724854	-0.29317301511764526	-0.07516811788082123	0.1016865149140358	0.2489793598651886	0.40425819158554077	0.614962100982666	0.9003603458404541	1.2156974077224731	1.4655553102493286	1.6004397869110107	1.768554449081421	2.415712833404541	4.203085422515869	7.698787689208984	12.966780662536621	19.306167602539062	25.36417007446289	29.639469146728516	31.132596969604492	29.78070831298828	26.42339324951172	22.339942932128906	18.63976287841797	15.85110092163086	13.886171340942383	12.316680908203125	10.733790397644043	8.972025871276855	7.115505218505859	5.354926109313965	3.830897331237793	2.5635645389556885	1.480858564376831	0.4913060665130615	-0.4603021740913391	-1.3817745447158813	-2.2548062801361084	-3.06089186668396	-3.793327569961548	-4.455031394958496	-5.051417827606201	-5.586363792419434	-6.0625319480896	-6.48367977142334	-6.855941295623779	-7.186634540557861	-7.47984504699707	-7.731672763824463	-7.92868185043335	-8.05317211151123	-8.094834327697754	-8.062602996826172	-7.987415313720703	-7.909972667694092	-7.858589172363281	-7.830497741699219	-7.791298866271973	-7.694882392883301	-7.511815071105957	-7.248096466064453	-6.9427876472473145	-6.646663188934326	-6.396249294281006
42	std	6.242629528045654	6.251195430755615	6.2580695152282715	6.291138648986816	6.367495536804199	6.487208366394043	6.645421504974365	6.842252254486084	7.073593616485596	7.313021659851074	7.532201766967773	7.74004602432251	7.925976276397705	7.934023380279541	7.522590160369873	6.694156646728516	5.9968180656433105	6.117697238922119	6.76832389831543	7.09678316116333	6.765280723571777	6.070582389831543	5.572123050689697	5.54327917098999	5.780997276306152	6.007254123687744	6.131959438323975	6.193134784698486	6.238369464874268	6.277957439422607	6.3060431480407715	6.324298858642578	6.339981555938721	6.358113765716553	6.379106521606445	6.405717849731445	6.452322959899902	6.523252487182617	6.579331874847412	6.568416118621826	6.494230270385742	6.4164533615112305	6.378371238708496	6.368570804595947	6.35932731628418	6.345679759979248	6.339104175567627	6.34619140625	6.357759952545166	6.353994846343994	6.3304829597473145	6.314278602600098	6.329789161682129	6.357258319854736	6.358158111572266	6.332129955291748	6.31309175491333	6.312909126281738	6.3076090812683105	6.285728454589844	6.274855136871338	6.302999973297119	6.356657981872559	6.398266315460205
43	mean	-3.145413875579834	-3.080085039138794	-2.909095048904419	-2.6174163818359375	-2.226773977279663	-1.7316895723342896	-1.0189251899719238	0.14193353056907654	1.9804221391677856	4.529752254486084	7.5000128746032715	10.356189727783203	12.603987693786621	14.114485740661621	15.242939949035645	16.60589027404785	18.622318267822266	21.124116897583008	23.3308048248291	24.246105194091797	23.236047744750977	20.415884017944336	16.60162353515625	12.871801376342773	10.027301788330078	8.273259162902832	7.275257587432861	6.49232816696167	5.5373430252075195	4.347018241882324	3.1084842681884766	2.053487777709961	1.2878031730651855	0.7585632801055908	0.3432178795337677	-0.038688577711582184	-0.3831334114074707	-0.6440584659576416	-0.8027498722076416	-0.897358775138855	-0.9949529767036438	-1.1397862434387207	-1.3223397731781006	-1.4888361692428589	-1.5806150436401367	-1.576920986175537	-1.5140912532806396	-1.4663606882095337	-1.4973878860473633	-1.6144731044769287	-1.7594935894012451	-1.8479177951812744	-1.8335295915603638	-1.7525596618652344	-1.7086105346679688	-1.801890254020691	-2.052673101425171	-2.3791518211364746	-2.6499905586242676	-2.772160053253174	-2.7468478679656982	-2.6553890705108643	-2.594984531402588	-2.6180927753448486
43	std	6.0775017738342285	6.017924785614014	5.995870590209961	6.041728496551514	6.1973876953125	6.405149936676025	6.63928747177124	6.9609456062316895	7.3049421310424805	7.4121575355529785	7.075271129608154	6.370615005493164	5.637743949890137	5.12708854675293	4.659858703613281	3.94739031791687	3.1715471744537354	2.9974756240844727	3.4275147914886475	3.683201313018799	3.431480884552002	3.026777982711792	3.200078010559082	3.9931132793426514	4.823962688446045	5.390853404998779	5.686642646789551	5.787296295166016	5.783301830291748	5.792978286743164	5.870396137237549	5.938149452209473	5.9300537109375	5.910801887512207	5.975564479827881	6.109823226928711	6.229464054107666	6.302638530731201	6.365274906158447	6.441022872924805	6.507637977600098	6.549424171447754	6.569282531738281	6.547343730926514	6.4812750816345215	6.441402435302734	6.472129821777344	6.499633312225342	6.4449052810668945	6.322641372680664	6.163865566253662	5.97022819519043	5.798981189727783	5.7551398277282715	5.845578193664551	5.965307712554932	6.021016597747803	5.978256702423096	5.865525245666504	5.783803462982178	5.820119380950928	5.938350200653076	6.064915657043457	6.233456134796143
44	mean	-2.5992960929870605	-2.5066354274749756	-2.4306886196136475	-2.407550811767578	-2.430948257446289	-2.408647060394287	-2.1648898124694824	-1.5122486352920532	-0.3656042814254761	1.1785162687301636	2.876073122024536	4.496032238006592	6.017604351043701	7.713338375091553	10.012948989868164	13.187295913696289	17.04388999938965	20.860153198242188	23.651960372924805	24.651700973510742	23.712787628173828	21.38463592529297	18.60968780517578	16.235410690307617	14.637138366699219	13.655324935913086	12.832284927368164	11.75574779510498	10.286845207214355	8.56911563873291	6.870931625366211	5.400902271270752	4.212604522705078	3.2270612716674805	2.320651054382324	1.4047046899795532	0.4548366665840149	-0.5051302909851074	-1.4351459741592407	-2.3022427558898926	-3.087944269180298	-3.7850873470306396	-4.39196252822876	-4.9096903800964355	-5.343990325927734	-5.70706844329834	-6.013718605041504	-6.271508693695068	-6.471771717071533	-6.591020107269287	-6.605867385864258	-6.515152454376221	-6.353474140167236	-6.182904243469238	-6.0623579025268555	-6.012429237365723	-6.001524448394775	-5.965827465057373	-5.850701332092285	-5.645007610321045	-5.385601997375488	-5.13173246383667	-4.9283342361450195	-4.782740592956543
44	std	4.858192443847656	4.804647922515869	4.755945682525635	4.738379955291748	4.738466739654541	4.71553897857666	4.655296802520752	4.595247745513916	4.591107368469238	4.6659979820251465	4.8107991218566895	5.011242389678955	5.206607818603516	5.230924606323242	4.886078357696533	4.142054080963135	3.3455052375793457	3.1362624168395996	3.5056800842285156	3.7405030727386475	3.5127768516540527	3.1083481311798096	3.1282236576080322	3.6695947647094727	4.2880682945251465	4.71906852722168	4.948526382446289	5.044003963470459	5.074716567993164	5.09808349609375	5.140109062194824	5.193206787109375	5.245935440063477	5.28655481338501	5.28782844543457	5.23458194732666	5.162621974945068	5.132835388183594	5.1612324714660645	5.20743989944458	5.236942768096924	5.256111145019531	5.2800445556640625	5.303035736083984	5.308773040771484	5.283647537231445	5.228357791900635	5.174515247344971	5.162454605102539	5.185429573059082	5.196169376373291	5.177459239959717	5.161378383636475	5.171222686767578	5.191169738769531	5.204960823059082	5.211736679077148	5.1973676681518555	5.145074367523193	5.07562780380249	5.032811641693115	5.035611152648926	5.07496976852417	5.133816242218018
45	mean	-0.8410304188728333	-0.29837125539779663	0.20891740918159485	0.714631974697113	1.3092231750488281	2.1243972778320312	3.3051209449768066	4.958550453186035	7.085305213928223	9.531803131103516	12.018918991088867	14.271307945251465	16.19744873046875	17.998676300048828	20.088397979736328	22.81634521484375	26.150785446166992	29.544031143188477	32.11476135253906	33.07098388671875	32.12484359741211	29.64509391784668	26.457040786743164	23.41671371459961	21.020748138427734	19.26829719543457	17.81084442138672	16.24536895751953	14.354750633239746	12.177619934082031	9.916223526000977	7.780750751495361	5.8790693283081055	4.202126502990723	2.6777873039245605	1.231618881225586	-0.1854785978794098	-1.5999245643615723	-3.0245141983032227	-4.459038734436035	-5.884449005126953	-7.258388042449951	-8.518531799316406	-9.597773551940918	-10.4486083984375	-11.064794540405273	-11.485793113708496	-11.77977466583252	-12.013137817382812	-12.223367691040039	-12.409396171569824	-12.543218612670898	-12.593708038330078	-12.547850608825684	-12.41845417022705	-12.235089302062988	-12.024547576904297	-11.793916702270508	-11.528779029846191	-11.206744194030762	-10.815353393554688	-10.36271858215332	-9.876493453979492	-9.39219856262207
45	std	6.1849164962768555	6.168650150299072	6.3180389404296875	6.558088302612305	6.73335075378418	6.796804904937744	6.797726154327393	6.793277263641357	6.818484783172607	6.8627495765686035	6.858238220214844	6.749173164367676	6.538914680480957	6.212027072906494	5.687236309051514	4.982949733734131	4.430218696594238	4.434581756591797	4.8030290603637695	4.987178325653076	4.770291805267334	4.400692939758301	4.342759609222412	4.701178550720215	5.108312129974365	5.29369592666626	5.319284439086914	5.375640392303467	5.5016679763793945	5.594435214996338	5.627994060516357	5.684281349182129	5.777981758117676	5.818114280700684	5.769589900970459	5.708137035369873	5.701620578765869	5.739289283752441	5.760738372802734	5.677649974822998	5.443511009216309	5.140356540679932	4.905148983001709	4.800592422485352	4.847817897796631	5.020480632781982	5.1554436683654785	5.099509239196777	4.921996116638184	4.817991256713867	4.817444324493408	4.803728103637695	4.772685527801514	4.818089962005615	4.9304633140563965	5.035655498504639	5.134498596191406	5.230967998504639	5.264793395996094	5.213344097137451	5.129076957702637	5.064704895019531	5.069096565246582	5.187696933746338
46	mean	-0.29206061363220215	0.2097400277853012	0.8107702732086182	1.513526201248169	2.3229215145111084	3.2691333293914795	4.425899028778076	5.892596244812012	7.725268363952637	9.846667289733887	12.00684642791748	13.86002254486084	15.152592658996582	15.918185234069824	16.52707290649414	17.50010871887207	19.156723022460938	21.313417434692383	23.260238647460938	24.08171844482422	23.154762268066406	20.51858139038086	16.87407875061035	13.21147346496582	10.307122230529785	8.400202751159668	7.212325572967529	6.239301681518555	5.091123580932617	3.672344923019409	2.1376707553863525	0.7124919891357422	-0.47117605805397034	-1.4247909784317017	-2.2448463439941406	-3.021542549133301	-3.7868802547454834	-4.521792888641357	-5.193434238433838	-5.783191680908203	-6.288708209991455	-6.7099690437316895	-7.039036273956299	-7.264664173126221	-7.387081146240234	-7.428069591522217	-7.424444198608398	-7.408633708953857	-7.392064094543457	-7.364345073699951	-7.307538032531738	-7.214277744293213	-7.097385406494141	-6.986077308654785	-6.910848140716553	-6.884336948394775	-6.887957572937012	-6.873613357543945	-6.7823405265808105	-6.57295560836792	-6.245955467224121	-5.848330974578857	-5.453771591186523	-5.127570152282715
46	std	5.65120792388916	5.7660417556762695	5.844666004180908	5.88908052444458	5.877351760864258	5.792677879333496	5.651689052581787	5.480983257293701	5.289541244506836	5.075578689575195	4.834341049194336	4.571121692657471	4.334163188934326	4.167106628417969	3.9921071529388428	3.6937758922576904	3.384852886199951	3.386828660964966	3.683215379714966	3.8486623764038086	3.662926435470581	3.4049785137176514	3.5942203998565674	4.226663112640381	4.851310729980469	5.218523979187012	5.35751485824585	5.386311054229736	5.373269081115723	5.347380638122559	5.341562747955322	5.3609514236450195	5.364835262298584	5.3359479904174805	5.321169376373291	5.355440139770508	5.399546146392822	5.412474632263184	5.418509006500244	5.441274166107178	5.443820953369141	5.399468421936035	5.34311580657959	5.301210880279541	5.250358581542969	5.173466205596924	5.088414669036865	5.025778293609619	5.009491920471191	5.03227424621582	5.055103778839111	5.05109167098999	5.019233226776123	4.956476211547852	4.866743087768555	4.794246673583984	4.7893524169921875	4.83894157409668	4.887932300567627	4.922971725463867	4.980654239654541	5.071371078491211	5.148317813873291	5.174213886260986
47	mean	-0.8982948064804077	-0.599772572517395	-0.33382776379585266	-0.10641013085842133	0.109816774725914	0.39169996976852417	0.859885036945343	1.6314188241958618	2.7402894496917725	4.078823566436768	5.427077293395996	6.589913845062256	7.572855472564697	8.66543960571289	10.326314926147461	12.887396812438965	16.240665435791016	19.730911254882812	22.37932777404785	23.351428985595703	22.398651123046875	19.995820999145508	17.086219787597656	14.595894813537598	13.009552955627441	12.239179611206055	11.814730644226074	11.232120513916016	10.231247901916504	8.866637229919434	7.388484001159668	6.056768417358398	5.012404441833496	4.253443717956543	3.6863644123077393	3.194645404815674	2.686892032623291	2.1174399852752686	1.4878126382827759	0.8367780447006226	0.22202835977077484	-0.3033742904663086	-0.7134804725646973	-1.0221967697143555	-1.280648946762085	-1.5600826740264893	-1.9254487752914429	-2.406059980392456	-2.974600315093994	-3.5495121479034424	-4.0272908210754395	-4.333237648010254	-4.464492321014404	-4.497498512268066	-4.547208309173584	-4.6979241371154785	-4.951375961303711	-5.230210304260254	-5.434213638305664	-5.50774621963501	-5.470463275909424	-5.393311023712158	-5.343814849853516	-5.34536600112915
47	std	6.239190101623535	6.2668232917785645	6.338818550109863	6.408303260803223	6.386131763458252	6.300304412841797	6.2909979820251465	6.415324687957764	6.576531410217285	6.692558765411377	6.792694091796875	6.904479026794434	6.9283294677734375	6.669821739196777	5.981619358062744	4.927562236785889	3.9225664138793945	3.5791120529174805	3.84369158744812	4.03286075592041	3.8462507724761963	3.551560401916504	3.6618170738220215	4.240353107452393	4.864598274230957	5.256253242492676	5.453006744384766	5.605227470397949	5.742087364196777	5.809322357177734	5.8308515548706055	5.866191387176514	5.8918986320495605	5.865056991577148	5.814931392669678	5.7870564460754395	5.789355754852295	5.816523551940918	5.850374221801758	5.870176792144775	5.891296863555908	5.926938533782959	5.937623500823975	5.896488189697266	5.858511924743652	5.9011383056640625	6.035561561584473	6.217621326446533	6.3915181159973145	6.4983954429626465	6.50855827331543	6.46707010269165	6.451112270355225	6.4745025634765625	6.497725486755371	6.509249687194824	6.521585464477539	6.52113676071167	6.490000247955322	6.456313610076904	6.473366737365723	6.546664714813232	6.614800453186035	6.623325824737549
48	mean	1.7588236331939697	2.0577123165130615	2.275970458984375	2.4746038913726807	2.728337049484253	3.1002771854400635	3.641502857208252	4.394669055938721	5.370944976806641	6.506013870239258	7.649226188659668	8.639192581176758	9.448881149291992	10.295858383178711	11.594027519226074	13.711845397949219	16.653589248657227	19.882211685180664	22.455097198486328	23.449909210205078	22.444969177246094	19.75343894958496	16.256155014038086	12.938675880432129	10.423585891723633	8.770122528076172	7.6156134605407715	6.509359359741211	5.198661804199219	3.7084174156188965	2.2248125076293945	0.9163383841514587	-0.1708449274301529	-1.0975276231765747	-1.9497628211975098	-2.77547025680542	-3.5790655612945557	-4.351521015167236	-5.092449188232422	-5.806255340576172	-6.487318992614746	-7.116235256195068	-7.6708903312683105	-8.138937950134277	-8.519610404968262	-8.815471649169922	-9.022790908813477	-9.128808975219727	-9.119672775268555	-8.994471549987793	-8.775184631347656	-8.506536483764648	-8.247360229492188	-8.056709289550781	-7.973350524902344	-7.992223262786865	-8.054161071777344	-8.066361427307129	-7.948711395263672	-7.675309181213379	-7.282343864440918	-6.840149402618408	-6.4130330085754395	-6.033999919891357
48	std	6.189463138580322	6.206059455871582	6.186336994171143	6.155754089355469	6.190918922424316	6.3134660720825195	6.433951377868652	6.4780354499816895	6.466067314147949	6.45319128036499	6.479377746582031	6.545122146606445	6.546751022338867	6.283834457397461	5.607132911682129	4.592806816101074	3.6592748165130615	3.39258074760437	3.6911709308624268	3.871612548828125	3.6719930171966553	3.4270637035369873	3.6632556915283203	4.333957195281982	4.980043411254883	5.340919017791748	5.433775424957275	5.399433612823486	5.333437919616699	5.2490620613098145	5.156362533569336	5.090487003326416	5.07614803314209	5.111572265625	5.161896228790283	5.1704630851745605	5.107326507568359	4.982717514038086	4.824946403503418	4.700112819671631	4.689905166625977	4.7668633460998535	4.812941551208496	4.790487289428711	4.746716022491455	4.699869155883789	4.665961742401123	4.710943222045898	4.861198902130127	5.0714874267578125	5.308628559112549	5.5424394607543945	5.692926406860352	5.6974873542785645	5.605844497680664	5.5419230461120605	5.571660041809082	5.663782119750977	5.7718024253845215	5.879303932189941	5.976292610168457	6.050816059112549	6.105760097503662	6.1586737632751465
49	mean	-0.2173655778169632	-0.008811620064079762	0.19698390364646912	0.3813733160495758	0.5496929287910461	0.7457002997398376	1.0385571718215942	1.4770058393478394	2.038590669631958	2.62630295753479	3.1506879329681396	3.6748833656311035	4.527974605560303	6.267585277557373	9.4395170211792	14.216301918029785	20.112335205078125	25.9779052734375	30.340662002563477	31.963695526123047	30.35224151611328	25.947269439697266	19.910419464111328	13.622312545776367	8.159199714660645	4.002745151519775	1.0720758438110352	-1.0141607522964478	-2.6386590003967285	-4.009776592254639	-5.156167030334473	-6.028627395629883	-6.605391025543213	-6.933157444000244	-7.102106094360352	-7.197455406188965	-7.267899036407471	-7.324303150177002	-7.355787754058838	-7.347188949584961	-7.288562297821045	-7.178216934204102	-7.0224761962890625	-6.833844184875488	-6.628019332885742	-6.419649124145508	-6.218181610107422	-6.025559902191162	-5.836296081542969	-5.6405253410339355	-5.428841590881348	-5.197783946990967	-4.952834129333496	-4.707538604736328	-4.47838830947876	-4.277133464813232	-4.103471755981445	-3.9425010681152344	-3.7703893184661865	-3.567483425140381	-3.33184552192688	-3.084124803543091	-2.858604907989502	-2.6839470863342285
49	std	5.354282855987549	5.370337963104248	5.420603275299072	5.49416446685791	5.5622711181640625	5.611348628997803	5.659843444824219	5.7375288009643555	5.85905647277832	6.023265361785889	6.226208209991455	6.454190254211426	6.626275062561035	6.543262481689453	5.984096527099609	4.982906341552734	4.167448043823242	4.429978847503662	5.325314521789551	5.757834434509277	5.333619594573975	4.517561912536621	4.411880970001221	5.335989952087402	6.416970252990723	7.090899467468262	7.309909343719482	7.230348587036133	7.0070109367370605	6.725805759429932	6.421114921569824	6.118738651275635	5.851507663726807	5.634405136108398	5.454008102416992	5.299585819244385	5.18382453918457	5.121099472045898	5.105706214904785	5.119306564331055	5.14647102355957	5.183688163757324	5.2348313331604	5.294371604919434	5.349422931671143	5.401114463806152	5.460018634796143	5.5181193351745605	5.551290512084961	5.549001693725586	5.523662567138672	5.499931812286377	5.503654956817627	5.540284633636475	5.582453727722168	5.602919578552246	5.60599946975708	5.599679946899414	5.5702314376831055	5.521515846252441	5.492184162139893	5.495391845703125	5.496213436126709	5.475557804107666
50	mean	-2.9571609497070312	-2.8500006198883057	-2.7274136543273926	-2.6004157066345215	-2.472310781478882	-2.305391788482666	-2.0068576335906982	-1.4622098207473755	-0.6064042448997498	0.5214588046073914	1.8026173114776611	3.1554133892059326	4.674046516418457	6.666254043579102	9.504315376281738	13.331414222717285	17.80315589904785	22.074665069580078	25.112403869628906	26.18384552001953	25.23345375061035	22.90509033203125	20.19700813293457	17.962350845336914	16.54899024963379	15.76194953918457	15.116792678833008	14.185955047607422	12.822699546813965	11.167232513427734	9.489887237548828	8.006783485412598	6.782241344451904	5.748418807983398	4.792451858520508	3.8359386920928955	2.8618874549865723	1.8938724994659424	0.9606992602348328	0.07497118413448334	-0.7669224143028259	-1.5712661743164062	-2.332963705062866	-3.0321991443634033	-3.6455612182617188	-4.163318634033203	-4.597625732421875	-4.973388195037842	-5.3088507652282715	-5.602779865264893	-5.840014934539795	-6.012570858001709	-6.138524055480957	-6.260624408721924	-6.420775890350342	-6.627355098724365	-6.8409504890441895	-6.991971015930176	-7.019278526306152	-6.904026508331299	-6.678204536437988	-6.4072136878967285	-6.159982204437256	-5.9811625480651855
50	std	5.135738849639893	5.078220367431641	5.058083534240723	5.06642484664917	5.096346855163574	5.161520481109619	5.264024257659912	5.396355152130127	5.576469421386719	5.83449649810791	6.169362545013428	6.517988204956055	6.724726676940918	6.558239459991455	5.844112396240234	4.681362152099609	3.6565961837768555	3.5879852771759033	4.17268180847168	4.487270832061768	4.236025333404541	3.741811513900757	3.6067614555358887	3.9832375049591064	4.463469982147217	4.77755069732666	4.9240193367004395	4.970868110656738	4.970015048980713	4.9829888343811035	5.053276538848877	5.1554670333862305	5.240602970123291	5.300496578216553	5.347468852996826	5.378932952880859	5.404841423034668	5.458456993103027	5.535940170288086	5.5876007080078125	5.599634647369385	5.617201328277588	5.672095775604248	5.747718334197998	5.819738864898682	5.879918098449707	5.92377233505249	5.946695804595947	5.949825763702393	5.940596103668213	5.929369926452637	5.919449806213379	5.8980488777160645	5.84626579284668	5.761019229888916	5.669394493103027	5.619612216949463	5.633090496063232	5.662740707397461	5.6374382972717285	5.5520219802856445	5.476755142211914	5.46889066696167	5.51584005355835
51	mean	-2.4039533138275146	-2.421778440475464	-2.465898036956787	-2.496720790863037	-2.439180850982666	-2.2492895126342773	-2.0262258052825928	-2.096437454223633	-2.9505703449249268	-4.957526683807373	-7.937226295471191	-10.854793548583984	-11.941370964050293	-9.356423377990723	-2.1527769565582275	8.983878135681152	21.738075256347656	33.03422164916992	40.343143463134766	42.692649841308594	40.84209060668945	36.62553024291992	31.94217872619629	27.98040008544922	25.004228591918945	22.644201278686523	20.38520622253418	17.931270599365234	15.301852226257324	12.709426879882812	10.368535995483398	8.367680549621582	6.654094696044922	5.102839469909668	3.6052088737487793	2.119885206222534	0.6689168214797974	-0.7017865180969238	-1.962912678718567	-3.118645668029785	-4.19635009765625	-5.222414493560791	-6.202451705932617	-7.117386817932129	-7.933791160583496	-8.619757652282715	-9.15833854675293	-9.553647994995117	-9.828276634216309	-10.013169288635254	-10.134856224060059	-10.206499099731445	-10.227005958557129	-10.188358306884766	-10.085128784179688	-9.91997241973877	-9.703661918640137	-9.451942443847656	-9.179794311523438	-8.896167755126953	-8.602729797363281	-8.298589706420898	-7.9848551750183105	-7.664254188537598
51	std	5.429501533508301	5.388667583465576	5.293137073516846	5.230648517608643	5.23141622543335	5.2499871253967285	5.261089324951172	5.310418128967285	5.4338250160217285	5.509193420410156	5.304529190063477	4.847674369812012	4.731540203094482	5.356872081756592	5.990148544311523	5.8442769050598145	5.080221176147461	4.758050441741943	5.256482124328613	5.599587917327881	5.261605262756348	4.64703369140625	4.454768657684326	4.773453235626221	5.188298225402832	5.451923847198486	5.535213947296143	5.506994247436523	5.467973232269287	5.467190742492676	5.476725101470947	5.46776008605957	5.455065727233887	5.4693732261657715	5.528122425079346	5.6072235107421875	5.6360087394714355	5.568577766418457	5.4478302001953125	5.355978965759277	5.3259806632995605	5.343585968017578	5.388232707977295	5.43117618560791	5.446924209594727	5.447279453277588	5.4577484130859375	5.464815616607666	5.4375691413879395	5.389723300933838	5.3767852783203125	5.4240403175354	5.4826812744140625	5.4920125007629395	5.465158939361572	5.457409858703613	5.471368789672852	5.481236934661865	5.515603542327881	5.606828212738037	5.711512565612793	5.773077487945557	5.786136150360107	5.761967658996582
52	mean	-1.9527530670166016	-1.8310872316360474	-1.655969262123108	-1.4524831771850586	-1.282710075378418	-1.2034800052642822	-1.2029767036437988	-1.1554151773452759	-0.8302814364433289	0.03958180546760559	1.6710375547409058	4.18311071395874	7.613429069519043	11.958854675292969	17.164215087890625	23.01986312866211	29.026185989379883	34.35981369018555	38.052162170410156	39.34898376464844	38.06613540649414	34.716529846191406	30.302886962890625	25.87917709350586	22.128219604492188	19.184675216674805	16.766538619995117	14.485506057739258	12.121657371520996	9.712574005126953	7.454383850097656	5.526562213897705	3.9719159603118896	2.6932668685913086	1.5389478206634521	0.39944353699684143	-0.7491086721420288	-1.8662055730819702	-2.8991146087646484	-3.8238813877105713	-4.655324935913086	-5.43179178237915	-6.191545486450195	-6.955264568328857	-7.720912933349609	-8.469280242919922	-9.174262046813965	-9.811064720153809	-10.360001564025879	-10.808032035827637	-11.149238586425781	-11.385330200195312	-11.525285720825195	-11.584451675415039	-11.580972671508789	-11.530062675476074	-11.437790870666504	-11.299318313598633	-11.103504180908203	-10.841654777526855	-10.515060424804688	-10.136805534362793	-9.729966163635254	-9.323244094848633
52	std	5.787900447845459	5.829948425292969	5.7933030128479	5.710263252258301	5.661531925201416	5.695050239562988	5.805394172668457	6.006783962249756	6.342389106750488	6.842034339904785	7.506237983703613	8.228880882263184	8.705204963684082	8.546170234680176	7.578393459320068	6.128372669219971	5.120248794555664	5.306919097900391	6.025663375854492	6.340057373046875	6.026154518127441	5.45632266998291	5.253533840179443	5.636656761169434	6.202394485473633	6.546732425689697	6.5911545753479	6.473878860473633	6.346498966217041	6.26194429397583	6.204977989196777	6.166344165802002	6.162435531616211	6.204092979431152	6.263763427734375	6.280943393707275	6.215033531188965	6.095445156097412	5.98957633972168	5.918235778808594	5.858024597167969	5.809942722320557	5.7834792137146	5.7474822998046875	5.671696662902832	5.571573734283447	5.47157096862793	5.3846330642700195	5.341100215911865	5.364870071411133	5.422641277313232	5.4540019035339355	5.43622350692749	5.392787456512451	5.358448505401611	5.34891939163208	5.350465774536133	5.3385233879089355	5.31764030456543	5.327041149139404	5.391284942626953	5.482407569885254	5.548391819000244	5.5683794021606445
53	mean	-1.7895684242248535	-1.6579757928848267	-1.5340368747711182	-1.448781132698059	-1.3987118005752563	-1.3232728242874146	-1.1134113073349	-0.6606526374816895	0.07190940529108047	1.005743384361267	1.9864760637283325	2.9214460849761963	3.945600986480713	5.477245807647705	8.05023193359375	11.952040672302246	16.87281036376953	21.83267593383789	25.51386260986328	26.85565757751465	25.570825576782227	22.27226448059082	18.138914108276367	14.33100414276123	11.5015869140625	9.656341552734375	8.374237060546875	7.1837921142578125	5.842459678649902	4.387197494506836	3.0010740756988525	1.8406583070755005	0.9466829299926758	0.2628871500492096	-0.2931819558143616	-0.7775858640670776	-1.214652419090271	-1.6198667287826538	-2.0150907039642334	-2.4192984104156494	-2.828627347946167	-3.211320638656616	-3.527700424194336	-3.7604422569274902	-3.931048631668091	-4.09046745300293	-4.290456771850586	-4.5524139404296875	-4.850269794464111	-5.1177754402160645	-5.281148910522461	-5.3027849197387695	-5.210327625274658	-5.088099002838135	-5.029916763305664	-5.080402374267578	-5.204162120819092	-5.307224750518799	-5.298147201538086	-5.146367073059082	-4.897754669189453	-4.641043663024902	-4.4539055824279785	-4.365908622741699
53	std	5.506503105163574	5.498807907104492	5.505549430847168	5.562685966491699	5.665098190307617	5.804973602294922	5.997012138366699	6.247478485107422	6.555425643920898	6.949039936065674	7.476201057434082	8.110183715820312	8.626075744628906	8.612212181091309	7.698128700256348	5.885765075683594	3.9048001766204834	3.4255969524383545	4.376508712768555	4.881813049316406	4.408930778503418	3.498124837875366	3.419292688369751	4.483932018280029	5.701508045196533	6.584837913513184	7.1047868728637695	7.343717575073242	7.37714958190918	7.289850234985352	7.170267105102539	7.058366775512695	6.939513206481934	6.795709609985352	6.633777141571045	6.4681315422058105	6.3078999519348145	6.161182880401611	6.025650978088379	5.893308162689209	5.784828186035156	5.732440948486328	5.724709510803223	5.730004787445068	5.747516632080078	5.779410362243652	5.798023700714111	5.780452728271484	5.743485927581787	5.724722385406494	5.735818862915039	5.74943208694458	5.742057800292969	5.726889133453369	5.725450038909912	5.733579158782959	5.741297721862793	5.759027481079102	5.790759563446045	5.80197286605835	5.751607894897461	5.648865699768066	5.558194160461426	5.543296813964844
54	mean	-2.2095046043395996	-2.056593179702759	-1.9044854640960693	-1.785996913909912	-1.719982624053955	-1.6757465600967407	-1.56031334400177	-1.2529635429382324	-0.6746006011962891	0.16003356873989105	1.1658371686935425	2.297121047973633	3.6739814281463623	5.6066789627075195	8.441547393798828	12.279008865356445	16.739444732666016	20.97052574157715	23.957794189453125	24.995582580566406	24.040081024169922	21.7227725982666	19.0120906829834	16.731121063232422	15.215855598449707	14.286873817443848	13.49639892578125	12.45624828338623	11.043560028076172	9.398938179016113	7.775658130645752	6.370724201202393	5.241460800170898	4.327481269836426	3.528175115585327	2.7703614234924316	2.0311367511749268	1.3221063613891602	0.6607348322868347	0.05109335109591484	-0.5182862281799316	-1.0643996000289917	-1.5986217260360718	-2.1227121353149414	-2.6325201988220215	-3.1235830783843994	-3.593146324157715	-4.037561893463135	-4.448894500732422	-4.815624237060547	-5.128795146942139	-5.390671253204346	-5.618765830993652	-5.8395586013793945	-6.072340488433838	-6.31282901763916	-6.529867172241211	-6.680265426635742	-6.73398494720459	-6.693131446838379	-6.593528747558594	-6.486703872680664	-6.412419319152832	-6.378392219543457
54	std	5.345957279205322	5.249526023864746	5.161853790283203	5.1009721755981445	5.063665866851807	5.039884567260742	5.018409252166748	4.994104385375977	4.996364593505859	5.094733238220215	5.35847806930542	5.785252094268799	6.2175984382629395	6.353006362915039	5.930422306060791	5.004741191864014	4.150359630584717	4.112709045410156	4.634616851806641	4.9077630043029785	4.666058540344238	4.194957733154297	3.9771335124969482	4.185102939605713	4.585524082183838	4.949841499328613	5.209904670715332	5.384819030761719	5.505797863006592	5.583519458770752	5.625368595123291	5.6598029136657715	5.716343879699707	5.788358211517334	5.835736274719238	5.828049182891846	5.780923843383789	5.740957736968994	5.730629920959473	5.727969646453857	5.7068352699279785	5.674379825592041	5.661184310913086	5.683294296264648	5.72100830078125	5.740471839904785	5.727653980255127	5.68853235244751	5.632320404052734	5.5779619216918945	5.558600425720215	5.585599422454834	5.62303352355957	5.626968860626221	5.593870639801025	5.549599647521973	5.507492542266846	5.462190628051758	5.416483402252197	5.3866095542907715	5.381960868835449	5.401844501495361	5.447356700897217	5.515449047088623
55	mean	-2.1731419563293457	-2.0493335723876953	-1.8935256004333496	-1.696536660194397	-1.4505009651184082	-1.1364818811416626	-0.7219641804695129	-0.1782720685005188	0.4963126480579376	1.284289836883545	2.216062068939209	3.4756524562835693	5.460923671722412	8.695220947265625	13.558797836303711	19.947877883911133	27.076566696166992	33.60879898071289	38.124393463134766	39.70029830932617	38.28535461425781	34.66445541381836	30.046199798583984	25.52365493774414	21.695476531982422	18.608003616333008	15.971323013305664	13.464369773864746	10.942293167114258	8.46595287322998	6.196644306182861	4.261927127838135	2.682176351547241	1.3823955059051514	0.25362104177474976	-0.7900279760360718	-1.7896242141723633	-2.7524523735046387	-3.6746814250946045	-4.555791854858398	-5.397684097290039	-6.195832252502441	-6.935719966888428	-7.600058078765869	-8.181134223937988	-8.688298225402832	-9.145895004272461	-9.582782745361328	-10.01880168914795	-10.454607009887695	-10.870471000671387	-11.235010147094727	-11.520130157470703	-11.714086532592773	-11.823610305786133	-11.863422393798828	-11.84066104888916	-11.74594497680664	-11.558720588684082	-11.263927459716797	-10.86882495880127	-10.40794849395752	-9.930845260620117	-9.480378150939941
55	std	8.57634449005127	8.655704498291016	8.816933631896973	8.986858367919922	9.07155704498291	9.001959800720215	8.759321212768555	8.401700019836426	8.06278133392334	7.894787788391113	8.002191543579102	8.400811195373535	8.924572944641113	9.157379150390625	8.641407012939453	7.338280200958252	6.071202754974365	6.096052169799805	7.033715724945068	7.516866683959961	7.091396808624268	6.289683818817139	6.101436614990234	6.8601274490356445	7.9499831199646	8.819790840148926	9.314435005187988	9.5061616897583	9.530740737915039	9.497849464416504	9.456351280212402	9.395997047424316	9.280980110168457	9.095355033874512	8.857864379882812	8.592658996582031	8.310200691223145	8.046711921691895	7.898333549499512	7.953758716583252	8.188687324523926	8.478635787963867	8.702374458312988	8.814950942993164	8.865653038024902	8.949962615966797	9.108059883117676	9.280190467834473	9.37378978729248	9.347509384155273	9.231989860534668	9.093522071838379	8.979232788085938	8.88976764678955	8.797221183776855	8.677679061889648	8.533233642578125	8.392826080322266	8.284497261047363	8.211623191833496	8.168015480041504	8.160802841186523	8.204221725463867	8.296605110168457
56	mean	1.2866692543029785	1.7330304384231567	2.170534372329712	2.618356704711914	3.1278858184814453	3.7943694591522217	4.75129508972168	6.1258158683776855	7.953884601593018	10.096802711486816	12.233144760131836	13.978585243225098	15.103133201599121	15.718755722045898	16.28278160095215	17.354658126831055	19.2146053314209	21.584083557128906	23.664432525634766	24.517837524414062	23.58077049255371	20.989986419677734	17.51271629333496	14.129277229309082	11.53769588470459	9.879687309265137	8.816784858703613	7.850252151489258	6.648215293884277	5.185961723327637	3.6648545265197754	2.3201401233673096	1.2679113149642944	0.47217100858688354	-0.18844151496887207	-0.8300672173500061	-1.5112320184707642	-2.232213258743286	-2.963042974472046	-3.671562910079956	-4.337483882904053	-4.95322322845459	-5.518028736114502	-6.031829833984375	-6.493450164794922	-6.904166221618652	-7.27239990234375	-7.612085819244385	-7.930850505828857	-8.215396881103516	-8.42898178100586	-8.52992057800293	-8.502065658569336	-8.375616073608398	-8.219563484191895	-8.106651306152344	-8.0725736618042	-8.096158027648926	-8.113492012023926	-8.056733131408691	-7.892269611358643	-7.635019779205322	-7.33354377746582	-7.040712833404541
56	std	6.37094259262085	6.43104887008667	6.420652389526367	6.347928047180176	6.254542827606201	6.181606292724609	6.121531009674072	6.0128068923950195	5.791947841644287	5.466277599334717	5.163209438323975	5.061410903930664	5.170948028564453	5.259461402893066	5.092489719390869	4.691330909729004	4.395610332489014	4.5345234870910645	4.920624256134033	5.1016340255737305	4.905468463897705	4.575047492980957	4.5191497802734375	4.807156562805176	5.147464752197266	5.348187446594238	5.4346466064453125	5.485507011413574	5.532045364379883	5.569418907165527	5.577249526977539	5.545221328735352	5.503316402435303	5.50331974029541	5.562997817993164	5.643510341644287	5.690747261047363	5.695698261260986	5.695755958557129	5.71135139465332	5.720770359039307	5.711224555969238	5.702957630157471	5.709304332733154	5.716978073120117	5.718820571899414	5.7343668937683105	5.7809529304504395	5.842659950256348	5.886877536773682	5.899150371551514	5.892439842224121	5.8984503746032715	5.9426445960998535	6.006252288818359	6.044360637664795	6.057806491851807	6.087206840515137	6.122530460357666	6.100624084472656	6.009950637817383	5.919494152069092	5.886573791503906	5.905691146850586
57	mean	-0.675226628780365	-0.5340278148651123	-0.37101590633392334	-0.18958400189876556	-0.0006858897977508605	0.2091553956270218	0.5044893026351929	0.9838345646858215	1.7114425897598267	2.6461117267608643	3.6449975967407227	4.580507278442383	5.511220455169678	6.767024517059326	8.826269149780273	11.997021675109863	16.08265495300293	20.279691696166992	23.4425048828125	24.610227584838867	23.491817474365234	20.60903549194336	17.007009506225586	13.71927261352539	11.31157398223877	9.749648094177246	8.607257843017578	7.427262306213379	5.9943623542785645	4.3864312171936035	2.8387348651885986	1.5586419105529785	0.6165812611579895	-0.04942406713962555	-0.5615778565406799	-1.030775785446167	-1.522814154624939	-2.058835506439209	-2.629056453704834	-3.205756664276123	-3.7542591094970703	-4.243295192718506	-4.653182506561279	-4.98006010055542	-5.236605644226074	-5.449010372161865	-5.648556709289551	-5.857641220092773	-6.074742317199707	-6.26821231842041	-6.388902187347412	-6.400548934936523	-6.310580730438232	-6.176635265350342	-6.077328205108643	-6.062657833099365	-6.118463039398193	-6.172225475311279	-6.137165546417236	-5.965396404266357	-5.675830841064453	-5.341064453125	-5.044104099273682	-4.833263874053955
57	std	5.529658794403076	5.502249717712402	5.435783863067627	5.3944854736328125	5.42006778717041	5.495790004730225	5.597557544708252	5.718462944030762	5.843230247497559	5.959925651550293	6.0892181396484375	6.240687847137451	6.325466156005859	6.149239540100098	5.530935764312744	4.493666648864746	3.478286027908325	3.2633540630340576	3.7538440227508545	4.04242467880249	3.771242618560791	3.3105227947235107	3.4169199466705322	4.161980152130127	4.937953472137451	5.403417587280273	5.567323684692383	5.582812786102295	5.560659408569336	5.5076518058776855	5.415070056915283	5.334003448486328	5.319737434387207	5.356630325317383	5.395455360412598	5.417059898376465	5.421481609344482	5.409150123596191	5.40100622177124	5.429692268371582	5.493343353271484	5.558908939361572	5.606524467468262	5.627171039581299	5.603281497955322	5.542231559753418	5.502622127532959	5.5373992919921875	5.619569301605225	5.674930095672607	5.6795501708984375	5.667187213897705	5.650149345397949	5.606840133666992	5.548778057098389	5.526369094848633	5.55754280090332	5.600058078765869	5.600964546203613	5.550086498260498	5.488285541534424	5.461081504821777	5.468456268310547	5.485371112823486
58	mean	1.7818174362182617	2.6437795162200928	3.5488193035125732	4.435856819152832	5.2472968101501465	5.969077110290527	6.660959720611572	7.439053058624268	8.399734497070312	9.529552459716797	10.681248664855957	11.66761302947998	12.437315940856934	13.207905769348145	14.418292045593262	16.46587371826172	19.362287521362305	22.552474975585938	25.079809188842773	26.05170440673828	25.125322341918945	22.695823669433594	19.670059204101562	16.9851016998291	15.176405906677246	14.231976509094238	13.760411262512207	13.309799194335938	12.621759414672852	11.696922302246094	10.694430351257324	9.778986930847168	9.02165699005127	8.390522956848145	7.802448272705078	7.186040878295898	6.520386219024658	5.8378424644470215	5.197839260101318	4.649694919586182	4.204948425292969	3.830967426300049	3.465648889541626	3.046314239501953	2.539700746536255	1.9552644491195679	1.3313875198364258	0.7048042416572571	0.08721742033958435	-0.5338745713233948	-1.174050211906433	-1.8313956260681152	-2.48516583442688	-3.1130142211914062	-3.708850622177124	-4.2833757400512695	-4.845780372619629	-5.384491920471191	-5.867515563964844	-6.264113903045654	-6.568751811981201	-6.806318283081055	-7.014855861663818	-7.220162868499756
58	std	7.337518692016602	7.252084732055664	7.140300750732422	7.02114725112915	6.917600631713867	6.8112921714782715	6.677628040313721	6.545044422149658	6.43902587890625	6.312074661254883	6.14039945602417	6.011447906494141	5.966611862182617	5.836606025695801	5.412456512451172	4.7587175369262695	4.333598613739014	4.554931640625	5.10252571105957	5.3645243644714355	5.124372482299805	4.692766189575195	4.636559963226318	5.096743583679199	5.696956157684326	6.139248371124268	6.358037948608398	6.398528575897217	6.349558353424072	6.3035569190979	6.286278247833252	6.24838399887085	6.170688629150391	6.125678539276123	6.170165061950684	6.249021053314209	6.297673225402832	6.3393073081970215	6.412120819091797	6.504852771759033	6.603813648223877	6.7089643478393555	6.801939964294434	6.874307632446289	6.9614577293396	7.093568325042725	7.240891933441162	7.341849327087402	7.370368003845215	7.363524913787842	7.388965129852295	7.486330986022949	7.6339497566223145	7.768362522125244	7.832606792449951	7.809895992279053	7.726721286773682	7.628238677978516	7.5495524406433105	7.515965461730957	7.557757377624512	7.682258605957031	7.820754051208496	7.875778675079346
59	mean	-0.7727867960929871	-0.5675929188728333	-0.40003523230552673	-0.2857472002506256	-0.2077816128730774	-0.11672423034906387	0.05020725354552269	0.33228790760040283	0.7111443877220154	1.1156822443008423	1.493287444114685	1.929450273513794	2.73669695854187	4.408819198608398	7.393653869628906	11.765962600708008	16.996267318725586	22.008909225463867	25.569854736328125	26.82798957824707	25.704469680786133	22.897422790527344	19.50154685974121	16.475292205810547	14.263198852539062	12.753071784973145	11.527226448059082	10.201745986938477	8.640877723693848	6.957952499389648	5.365715026855469	4.013205528259277	2.913766384124756	1.980620265007019	1.1121172904968262	0.2547282576560974	-0.5897210836410522	-1.3967353105545044	-2.153529644012451	-2.8687875270843506	-3.558623790740967	-4.227941513061523	-4.865231037139893	-5.453146457672119	-5.982809543609619	-6.458529472351074	-6.889261245727539	-7.275054454803467	-7.599597454071045	-7.835101127624512	-7.957908630371094	-7.9656596183776855	-7.8856916427612305	-7.767553806304932	-7.661459922790527	-7.5934343338012695	-7.551022052764893	-7.489617824554443	-7.357791900634766	-7.128715515136719	-6.819389820098877	-6.483569622039795	-6.181755542755127	-5.948227405548096
59	std	5.55387020111084	5.470972537994385	5.386302471160889	5.359375476837158	5.412576675415039	5.526371955871582	5.675302028656006	5.846515655517578	6.043117523193359	6.291904926300049	6.617858409881592	6.975168228149414	7.199778079986572	7.034302234649658	6.250364303588867	4.881408214569092	3.547530174255371	3.4133846759796143	4.185758113861084	4.5803985595703125	4.2280120849609375	3.5233547687530518	3.2215123176574707	3.587959051132202	4.159360408782959	4.620533466339111	4.943195819854736	5.170610427856445	5.328158855438232	5.429181098937988	5.482762813568115	5.495669364929199	5.4863810539245605	5.478575229644775	5.467133045196533	5.418334007263184	5.316607475280762	5.192624568939209	5.097440242767334	5.050253868103027	5.014681816101074	4.937158584594727	4.811143398284912	4.689154148101807	4.614283561706543	4.561115741729736	4.488848686218262	4.420229434967041	4.410100936889648	4.470274925231934	4.575158596038818	4.694383144378662	4.794039726257324	4.8567280769348145	4.905811309814453	4.974908828735352	5.060811519622803	5.138167381286621	5.203980445861816	5.270822048187256	5.3350830078125	5.392543315887451	5.464043617248535	5.5592498779296875
60	mean	-0.10669710487127304	0.3111041486263275	0.8039571642875671	1.3458596467971802	1.9069586992263794	2.4823319911956787	3.1059107780456543	3.8203113079071045	4.6118998527526855	5.374966621398926	5.9816789627075195	6.468952178955078	7.233399391174316	9.043924331665039	12.738102912902832	18.675745010375977	26.258455276489258	33.890159606933594	39.52810287475586	41.581539154052734	39.63519287109375	34.569915771484375	28.042579650878906	21.678482055664062	16.452369689941406	12.536288261413574	9.569561004638672	7.081518173217773	4.789369106292725	2.656919479370117	0.778361976146698	-0.7677592039108276	-1.9904917478561401	-2.9713146686553955	-3.8102874755859375	-4.583988189697266	-5.334349632263184	-6.077706813812256	-6.8152618408203125	-7.536853313446045	-8.22232723236084	-8.847386360168457	-9.392688751220703	-9.850685119628906	-10.225963592529297	-10.530900955200195	-10.779497146606445	-10.982086181640625	-11.141963005065918	-11.253399848937988	-11.30277156829834	-11.274003028869629	-11.157537460327148	-10.958245277404785	-10.694408416748047	-10.388175010681152	-10.054309844970703	-9.697807312011719	-9.321929931640625	-8.937552452087402	-8.562386512756348	-8.21109676361084	-7.885745525360107	-7.574690818786621
60	std	8.649580001831055	8.85001277923584	8.932805061340332	8.869861602783203	8.748187065124512	8.704838752746582	8.807072639465332	9.019142150878906	9.285675048828125	9.58642864227295	9.889100074768066	10.110468864440918	10.132183074951172	9.785856246948242	8.890470504760742	7.560935974121094	6.666401386260986	7.2026896476745605	8.43445110321045	9.001299858093262	8.469494819641113	7.350733280181885	6.610843658447266	6.7393107414245605	7.305727005004883	7.789811134338379	8.04364013671875	8.138729095458984	8.178973197937012	8.21829605102539	8.25954818725586	8.28156852722168	8.259464263916016	8.183126449584961	8.0781831741333	8.000672340393066	7.9911065101623535	8.04289436340332	8.12751293182373	8.22555160522461	8.321268081665039	8.395638465881348	8.445947647094727	8.502706527709961	8.610965728759766	8.788311004638672	8.999406814575195	9.17292308807373	9.244041442871094	9.184310913085938	9.010499000549316	8.777694702148438	8.547258377075195	8.354007720947266	8.210830688476562	8.11825942993164	8.05094051361084	7.971226215362549	7.875732898712158	7.801484107971191	7.777185440063477	7.791522979736328	7.81572961807251	7.83645486831665
61	mean	-1.0057573318481445	-0.4371255338191986	0.1825791597366333	0.7879470586776733	1.3391436338424683	1.8506629467010498	2.3850955963134766	3.010067939758301	3.741584300994873	4.518583297729492	5.249724388122559	5.929815292358398	6.7560224533081055	8.134137153625488	10.50406551361084	14.034857749938965	18.367931365966797	22.614768981933594	25.68282127380371	26.778972625732422	25.792980194091797	23.32735824584961	20.36496353149414	17.783687591552734	15.999051094055176	14.910360336303711	14.123369216918945	13.26130199432373	12.165567398071289	10.906509399414062	9.661927223205566	8.5812349319458	7.720309257507324	7.0574421882629395	6.544375419616699	6.141782760620117	5.820084571838379	5.542086124420166	5.2563886642456055	4.914352893829346	4.497099876403809	4.029648303985596	3.5690479278564453	3.171114683151245	2.8537614345550537	2.5802505016326904	2.275543689727783	1.867221474647522	1.3261736631393433	0.682527482509613	0.006201616954058409	-0.6383646726608276	-1.2361443042755127	-1.8334932327270508	-2.5058767795562744	-3.3004941940307617	-4.1929030418396	-5.08821964263916	-5.867367744445801	-6.448476314544678	-6.82356595993042	-7.048903465270996	-7.200424671173096	-7.327790260314941
61	std	6.747990131378174	6.573625564575195	6.648666858673096	6.8877339363098145	7.158472061157227	7.388725757598877	7.518806457519531	7.534060955047607	7.5391411781311035	7.656986236572266	7.875390529632568	8.076411247253418	8.102104187011719	7.739534378051758	6.8063154220581055	5.399834156036377	4.171659469604492	4.051470756530762	4.678554534912109	4.989109039306641	4.667975425720215	4.085225582122803	3.8805642127990723	4.241954803466797	4.779828071594238	5.1831278800964355	5.409151554107666	5.554518222808838	5.698765754699707	5.823741436004639	5.8745808601379395	5.859603404998779	5.8604254722595215	5.948497772216797	6.103151798248291	6.240692615509033	6.3184967041015625	6.3516950607299805	6.331978797912598	6.233421325683594	6.108213901519775	6.036614418029785	5.9665422439575195	5.776046276092529	5.496445178985596	5.313839435577393	5.33073616027832	5.479000091552734	5.664684772491455	5.837892055511475	5.991175651550293	6.157761096954346	6.342290878295898	6.478729724884033	6.516616344451904	6.496106147766113	6.500015735626221	6.56394624710083	6.657760143280029	6.743658065795898	6.821882724761963	6.900323390960693	6.961416244506836	7.00886869430542
62	mean	-2.2676327228546143	-2.021481990814209	-1.7757166624069214	-1.5871424674987793	-1.4528508186340332	-1.2804412841796875	-0.895485520362854	-0.09906776994466782	1.2359877824783325	3.0742297172546387	5.196613788604736	7.294124126434326	9.150371551513672	10.804429054260254	12.560242652893066	14.786328315734863	17.59687614440918	20.621551513671875	23.054555892944336	24.005870819091797	22.96792984008789	20.111459732055664	16.22078514099121	12.307211875915527	9.138131141662598	6.9542694091796875	5.506871700286865	4.338599681854248	3.1001901626586914	1.7135353088378906	0.3260329067707062	-0.8558971285820007	-1.7142438888549805	-2.2623965740203857	-2.594217538833618	-2.8079893589019775	-2.9651906490325928	-3.095170021057129	-3.2170817852020264	-3.349191427230835	-3.5006730556488037	-3.66111421585083	-3.8018274307250977	-3.8888776302337646	-3.8970515727996826	-3.818242073059082	-3.666454553604126	-3.4793663024902344	-3.309147834777832	-3.198882579803467	-3.1564230918884277	-3.1468732357025146	-3.1156678199768066	-3.0304582118988037	-2.9110164642333984	-2.820483684539795	-2.82000732421875	-2.920238494873047	-3.0678465366363525	-3.178328037261963	-3.191141128540039	-3.1075963973999023	-2.9853856563568115	-2.89536190032959
62	std	5.728847026824951	5.700690746307373	5.662891864776611	5.612231731414795	5.611361026763916	5.72733736038208	5.926339626312256	6.1294169425964355	6.3159637451171875	6.499114990234375	6.655734062194824	6.71469783782959	6.564540863037109	6.069503307342529	5.149414539337158	3.935558319091797	3.0013155937194824	3.1255431175231934	3.8167169094085693	4.130705833435059	3.815216541290283	3.2455883026123047	3.145127296447754	3.6738393306732178	4.305927276611328	4.719234943389893	4.870075225830078	4.827883720397949	4.73403263092041	4.723093509674072	4.788707256317139	4.832010746002197	4.817297458648682	4.792817115783691	4.8203043937683105	4.9251298904418945	5.073607921600342	5.196484088897705	5.256532192230225	5.268215656280518	5.254234313964844	5.226154327392578	5.1925153732299805	5.143877983093262	5.060582160949707	4.957778453826904	4.879275321960449	4.855243682861328	4.904408931732178	5.032870292663574	5.204803943634033	5.357410430908203	5.4494853019714355	5.48495626449585	5.508568286895752	5.5772929191589355	5.71518087387085	5.899202346801758	6.076389789581299	6.17827844619751	6.158724784851074	6.044896125793457	5.932755470275879	5.922747611999512
63	mean	-0.30649426579475403	-0.26484307646751404	-0.22971731424331665	-0.17348027229309082	-0.08697861433029175	-0.006704552099108696	-0.02017849124968052	-0.2340916097164154	-0.7060444355010986	-1.3597240447998047	-1.9186949729919434	-1.8996220827102661	-0.6976903676986694	2.2272281646728516	7.097102165222168	13.586737632751465	20.753925323486328	27.232669830322266	31.66685676574707	33.201412200927734	31.784774780273438	28.1256103515625	23.340341567993164	18.48813247680664	14.224404335021973	10.708332061767578	7.747248649597168	5.04644250869751	2.4148497581481934	-0.1584705263376236	-2.5506114959716797	-4.608150005340576	-6.235921859741211	-7.4308013916015625	-8.260522842407227	-8.815349578857422	-9.167341232299805	-9.356440544128418	-9.401937484741211	-9.322702407836914	-9.148214340209961	-8.915099143981934	-8.655633926391602	-8.387786865234375	-8.11441421508789	-7.831075191497803	-7.537019729614258	-7.240861415863037	-6.956284999847412	-6.69192361831665	-6.444374084472656	-6.200894355773926	-5.949525833129883	-5.688932418823242	-5.429943084716797	-5.187086582183838	-4.966259002685547	-4.758561611175537	-4.54554557800293	-4.312852382659912	-4.0614190101623535	-3.807107925415039	-3.569462537765503	-3.358412027359009
63	std	4.440372943878174	4.424367427825928	4.413419723510742	4.419600963592529	4.441638469696045	4.462828159332275	4.487703323364258	4.535572052001953	4.570926666259766	4.518414497375488	4.429528713226318	4.563028812408447	5.048285007476807	5.546196460723877	5.570403099060059	4.959157466888428	4.124244689941406	3.8814899921417236	4.298842430114746	4.570120334625244	4.309299945831299	3.8226797580718994	3.7445664405822754	4.2161431312561035	4.772336006164551	5.079875946044922	5.11046838760376	4.982336521148682	4.817368507385254	4.685155391693115	4.606297492980957	4.562639236450195	4.5183515548706055	4.452708721160889	4.37180233001709	4.299134254455566	4.259859085083008	4.259415626525879	4.281364917755127	4.31059455871582	4.340950965881348	4.367146968841553	4.388736248016357	4.408936023712158	4.422595500946045	4.42227029800415	4.41123628616333	4.397041320800781	4.384056568145752	4.378096103668213	4.382562160491943	4.387557029724121	4.378452777862549	4.357543468475342	4.343861103057861	4.351945400238037	4.382702350616455	4.425518989562988	4.460325241088867	4.471436500549316	4.458716869354248	4.428624629974365	4.389667510986328	4.359101295471191
64	mean	-1.442331314086914	-1.5873968601226807	-1.741944670677185	-1.8825709819793701	-1.9733704328536987	-1.9772650003433228	-1.8996566534042358	-1.8418322801589966	-2.001465082168579	-2.5647332668304443	-3.5087978839874268	-4.4310126304626465	-4.559662818908691	-3.0255534648895264	0.6899803876876831	6.365667819976807	12.964089393615723	18.969133377075195	22.993223190307617	24.338512420654297	23.21737289428711	20.54071617126465	17.426000595092773	14.710206031799316	12.703483581542969	11.25033187866211	9.99106216430664	8.634374618530273	7.093918800354004	5.457555770874023	3.864217519760132	2.39727783203125	1.0594143867492676	-0.1798371523618698	-1.3239165544509888	-2.331974506378174	-3.153670310974121	-3.7782866954803467	-4.250825881958008	-4.640143394470215	-4.987548828125	-5.280048847198486	-5.4694952964782715	-5.519741058349609	-5.441503524780273	-5.286962509155273	-5.111819267272949	-4.939800262451172	-4.758170127868652	-4.542878150939941	-4.288975238800049	-4.021885871887207	-3.78283429145813	-3.6019794940948486	-3.4805264472961426	-3.39284086227417	-3.302666187286377	-3.1803908348083496	-3.012928009033203	-2.8056623935699463	-2.580148935317993	-2.3703930377960205	-2.2164101600646973	-2.1519088745117188
64	std	4.648533821105957	4.562668323516846	4.453841209411621	4.428709030151367	4.499952793121338	4.670488357543945	4.911961078643799	5.0944342613220215	5.076383590698242	4.854997158050537	4.673523902893066	4.960155487060547	5.759735584259033	6.453243732452393	6.380160331726074	5.383756637573242	4.025256156921387	3.4427244663238525	3.853693962097168	4.170255661010742	3.911439895629883	3.356876850128174	3.1430392265319824	3.5378458499908447	4.147778511047363	4.631991863250732	4.914218425750732	5.028972148895264	5.039735317230225	5.049229145050049	5.144962310791016	5.282163619995117	5.331345558166504	5.240542411804199	5.067002296447754	4.890185356140137	4.7564921379089355	4.685536861419678	4.676967144012451	4.698343753814697	4.6889543533325195	4.602574348449707	4.45869779586792	4.344337463378906	4.332315444946289	4.401305675506592	4.485437393188477	4.5618205070495605	4.634599685668945	4.687360763549805	4.714332580566406	4.762996196746826	4.878703594207764	5.026078701019287	5.124916076660156	5.133093357086182	5.062925338745117	4.960480690002441	4.882358074188232	4.854554653167725	4.8557915687561035	4.853682041168213	4.829863548278809	4.77579402923584
65	mean	-1.406754970550537	-1.206969976425171	-0.9161964654922485	-0.6068277955055237	-0.367933064699173	-0.22929300367832184	-0.09406183660030365	0.25667139887809753	1.0616956949234009	2.4295432567596436	4.247288227081299	6.2357563972473145	8.138228416442871	9.916556358337402	11.794207572937012	14.078117370605469	16.854488372802734	19.770004272460938	22.07948112487793	22.973060607910156	22.003007888793945	19.348636627197266	15.751607894897461	12.160640716552734	9.298906326293945	7.39697265625	6.213779449462891	5.287409782409668	4.236135482788086	2.936753511428833	1.5145528316497803	0.20061388611793518	-0.8277639150619507	-1.528502106666565	-1.9743682146072388	-2.2752420902252197	-2.509549617767334	-2.7041091918945312	-2.8566763401031494	-2.9679722785949707	-3.05513334274292	-3.1425232887268066	-3.2441954612731934	-3.3539979457855225	-3.452463388442993	-3.527010440826416	-3.5877761840820312	-3.66048002243042	-3.7590835094451904	-3.863905191421509	-3.928205728530884	-3.911978006362915	-3.819572925567627	-3.711286783218384	-3.673729181289673	-3.7640492916107178	-3.9675028324127197	-4.201083183288574	-4.3617634773254395	-4.386590480804443	-4.2857136726379395	-4.129288673400879	-3.9991796016693115	-3.937464475631714
65	std	4.678707122802734	4.701812267303467	4.649453163146973	4.615931034088135	4.73928165435791	4.984185218811035	5.2006731033325195	5.339818000793457	5.42697286605835	5.443455696105957	5.40000581741333	5.420368671417236	5.551244258880615	5.5741424560546875	5.212925434112549	4.480042457580566	3.8244476318359375	3.7891831398010254	4.1867852210998535	4.402670383453369	4.18390417098999	3.7645301818847656	3.677121162414551	4.132411479949951	4.760086536407471	5.216431140899658	5.429882049560547	5.485943794250488	5.509881019592285	5.58729362487793	5.705024242401123	5.788729667663574	5.816694259643555	5.831867218017578	5.829270362854004	5.738039493560791	5.551000118255615	5.364136219024658	5.250823497772217	5.188549041748047	5.135468006134033	5.091243267059326	5.069040775299072	5.0632219314575195	5.065361976623535	5.07481575012207	5.065502643585205	4.992400646209717	4.857776641845703	4.712905406951904	4.596063613891602	4.533656120300293	4.54168701171875	4.558070182800293	4.497264385223389	4.4088969230651855	4.428240776062012	4.544241905212402	4.608287334442139	4.552737712860107	4.459097862243652	4.458423137664795	4.5886030197143555	4.750973224639893
66	mean	-4.513946533203125	-4.7642316818237305	-5.105875492095947	-5.614678859710693	-6.281499862670898	-6.936346530914307	-7.239374160766602	-6.781502723693848	-5.272070407867432	-2.7178702354431152	0.5288339853286743	3.915478229522705	6.965545654296875	9.520280838012695	11.780466079711914	14.102696418762207	16.670515060424805	19.259870529174805	21.272815704345703	22.043100357055664	21.22964859008789	19.04311180114746	16.15715217590332	13.365518569946289	11.204741477966309	9.764013290405273	8.763330459594727	7.810631275177002	6.658681392669678	5.315655708312988	3.977139949798584	2.8592493534088135	2.0560379028320312	1.502856731414795	1.0434802770614624	0.5358823537826538	-0.07444093376398087	-0.7453625798225403	-1.3793889284133911	-1.8811488151550293	-2.2027082443237305	-2.3616321086883545	-2.4274866580963135	-2.484260320663452	-2.5887553691864014	-2.7486374378204346	-2.930180311203003	-3.0860607624053955	-3.1847033500671387	-3.226475715637207	-3.2399048805236816	-3.260657548904419	-3.307084083557129	-3.3696601390838623	-3.420736312866211	-3.435208797454834	-3.4064207077026367	-3.347158432006836	-3.276947259902954	-3.2062089443206787	-3.1309452056884766	-3.04403018951416	-2.9533193111419678	-2.886577606201172
66	std	5.311613082885742	5.462463855743408	5.773464679718018	6.129602432250977	6.4722795486450195	6.837450981140137	7.255246162414551	7.687641620635986	8.022096633911133	8.092452049255371	7.786598205566406	7.164355278015137	6.404872417449951	5.612797737121582	4.757068157196045	3.847508668899536	3.126596450805664	2.9584217071533203	3.225632667541504	3.392886161804199	3.1987357139587402	2.862551689147949	2.870952844619751	3.293330669403076	3.7530806064605713	4.041408061981201	4.178158760070801	4.221014976501465	4.175634860992432	4.071092128753662	4.036022663116455	4.171574592590332	4.380971431732178	4.510265827178955	4.558231353759766	4.621811389923096	4.734441757202148	4.853875637054443	4.939058303833008	4.979536533355713	4.979414939880371	4.932632923126221	4.8381829261779785	4.730574131011963	4.64677619934082	4.577239036560059	4.506433010101318	4.463719367980957	4.453141212463379	4.402706146240234	4.289769649505615	4.215390205383301	4.240774631500244	4.274620532989502	4.226153373718262	4.124867916107178	4.058149814605713	4.0764055252075195	4.161142826080322	4.261951446533203	4.37994909286499	4.572793483734131	4.833244800567627	5.062190055847168
67	mean	-4.216469764709473	-4.172506332397461	-4.060301780700684	-3.8392157554626465	-3.3833065032958984	-2.489392042160034	-0.9501504302024841	1.3301371335983276	4.233480453491211	7.400881767272949	10.316673278808594	12.495711326599121	13.709092140197754	14.13697624206543	14.33393383026123	14.965816497802734	16.417455673217773	18.493379592895508	20.42784881591797	21.249290466308594	20.309223175048828	17.656574249267578	14.022056579589844	10.423294067382812	7.643867492675781	5.904698848724365	4.895585060119629	4.088770866394043	3.0957252979278564	1.8479657173156738	0.5391228795051575	-0.5722037553787231	-1.339609980583191	-1.7847901582717896	-2.037317991256714	-2.2347769737243652	-2.4583475589752197	-2.7264699935913086	-3.01993989944458	-3.303942918777466	-3.537285566329956	-3.6810109615325928	-3.716686964035034	-3.6659536361694336	-3.5910067558288574	-3.5652098655700684	-3.6293327808380127	-3.7657740116119385	-3.9114749431610107	-3.9997942447662354	-4.00086784362793	-3.9343678951263428	-3.8505802154541016	-3.7973039150238037	-3.7963733673095703	-3.84096360206604	-3.906444549560547	-3.9608304500579834	-3.9699535369873047	-3.9028537273406982	-3.7425100803375244	-3.498586416244507	-3.2121782302856445	-2.94490122795105
67	std	6.695651054382324	6.919363021850586	7.30804443359375	7.749413013458252	8.026268005371094	7.996583938598633	7.673716068267822	7.14329195022583	6.471926212310791	5.73820686340332	5.106099605560303	4.7423553466796875	4.60175895690918	4.445100784301758	4.096537113189697	3.575778007507324	3.0899431705474854	2.934948682785034	3.122375249862671	3.272923707962036	3.1506083011627197	3.0028481483459473	3.2640128135681152	3.791978359222412	4.145920276641846	4.222294330596924	4.205685138702393	4.2232818603515625	4.243458271026611	4.26292085647583	4.306283473968506	4.309020042419434	4.22647762298584	4.155894756317139	4.20852518081665	4.35304069519043	4.495070457458496	4.61364221572876	4.744174957275391	4.860988140106201	4.8672075271606445	4.753729820251465	4.670102596282959	4.721145153045654	4.795528888702393	4.758586883544922	4.667090892791748	4.659501552581787	4.700974464416504	4.63293981552124	4.452640533447266	4.346871376037598	4.402200698852539	4.479093551635742	4.469293117523193	4.42963171005249	4.434593200683594	4.470526695251465	4.499151706695557	4.506989002227783	4.508289337158203	4.5441999435424805	4.627082347869873	4.705026626586914
68	mean	-2.2927937507629395	-2.4239397048950195	-2.6816253662109375	-3.084247350692749	-3.6544487476348877	-4.429816246032715	-5.445472717285156	-6.684085369110107	-8.01515007019043	-9.160819053649902	-9.715133666992188	-9.217995643615723	-7.268059253692627	-3.656348705291748	1.501125693321228	7.6768479347229	13.962055206298828	19.26776885986328	22.669153213500977	23.75749397277832	22.811756134033203	20.668773651123047	18.334186553955078	16.53607177734375	15.463578224182129	14.816744804382324	14.099149703979492	12.94994068145752	11.322033882141113	9.441049575805664	7.624212741851807	6.100734710693359	4.933763027191162	4.052235126495361	3.3319525718688965	2.661881923675537	1.9710849523544312	1.2302101850509644	0.44852423667907715	-0.32926031947135925	-1.0367400646209717	-1.614880084991455	-2.0428121089935303	-2.3485662937164307	-2.591031312942505	-2.8262476921081543	-3.081388473510742	-3.3501994609832764	-3.606038808822632	-3.819030523300171	-3.9675791263580322	-4.0447678565979	-4.063465118408203	-4.057652950286865	-4.071981906890869	-4.138850688934326	-4.255869388580322	-4.3811821937561035	-4.452927112579346	-4.421933174133301	-4.278080940246582	-4.054928779602051	-3.810617685317993	-3.59613299369812
68	std	4.836216926574707	4.7630228996276855	4.704972743988037	4.7546467781066895	4.959142208099365	5.286659240722656	5.743130683898926	6.406174659729004	7.2432942390441895	8.0310640335083	8.533018112182617	8.655583381652832	8.398904800415039	7.7210822105407715	6.55913782119751	5.0613555908203125	3.84561824798584	3.7046959400177	4.245385646820068	4.541963577270508	4.3448357582092285	3.9398486614227295	3.744816541671753	3.851184606552124	4.051612854003906	4.223134994506836	4.371814250946045	4.51220178604126	4.646530628204346	4.774109363555908	4.874471187591553	4.926149845123291	4.944230556488037	4.968652725219727	5.018022537231445	5.074192047119141	5.117471694946289	5.1577982902526855	5.205691337585449	5.233451843261719	5.2102885246276855	5.156294345855713	5.115772247314453	5.094946384429932	5.078345775604248	5.086777210235596	5.143474102020264	5.19788932800293	5.172669887542725	5.063418865203857	4.922710418701172	4.778104782104492	4.62507963180542	4.482550144195557	4.404333114624023	4.412380218505859	4.447721481323242	4.435616493225098	4.371391773223877	4.311867713928223	4.3114213943481445	4.371493339538574	4.43190860748291	4.434436798095703
69	mean	-0.5857348442077637	-0.32586869597435	-0.10004938393831253	0.0867438092827797	0.25794655084609985	0.4753198027610779	0.8341856002807617	1.4314322471618652	2.3097331523895264	3.4149789810180664	4.622730731964111	5.855522155761719	7.2313432693481445	9.11634635925293	11.976806640625	16.054853439331055	21.048866271972656	26.035213470458984	29.750619888305664	31.122894287109375	29.75855827331543	26.105371475219727	21.207027435302734	16.210407257080078	11.911086082458496	8.560458183288574	5.972416400909424	3.796862840652466	1.7712446451187134	-0.1714693009853363	-1.942470908164978	-3.4076216220855713	-4.484011650085449	-5.1786723136901855	-5.570493221282959	-5.762938022613525	-5.841507434844971	-5.857621669769287	-5.837400913238525	-5.797358989715576	-5.751153945922852	-5.706264972686768	-5.659599304199219	-5.600377082824707	-5.520321369171143	-5.422689437866211	-5.320744514465332	-5.224521160125732	-5.127718448638916	-5.0085649490356445	-4.846345901489258	-4.640003204345703	-4.412631511688232	-4.198109149932861	-4.020728588104248	-3.883010149002075	-3.7692699432373047	-3.660961151123047	-3.5514068603515625	-3.4494216442108154	-3.3713109493255615	-3.3298237323760986	-3.3277781009674072	-3.3568108081817627
69	std	7.4503493309021	7.07560920715332	6.778866767883301	6.674805164337158	6.782437801361084	6.9960856437683105	7.175683975219727	7.249972820281982	7.257056713104248	7.292868137359619	7.400361061096191	7.512990474700928	7.485254764556885	7.128942012786865	6.282421588897705	5.01454496383667	3.9379539489746094	3.9897947311401367	4.76896333694458	5.155333518981934	4.775041103363037	4.047969341278076	3.9574365615844727	4.877962112426758	6.110677719116211	7.121760845184326	7.754220962524414	8.017037391662598	7.990109920501709	7.815644264221191	7.653977394104004	7.569640159606934	7.503590106964111	7.399727821350098	7.290546417236328	7.236224174499512	7.246078014373779	7.2838053703308105	7.3119282722473145	7.326733589172363	7.357626438140869	7.424613952636719	7.521509647369385	7.641664981842041	7.777126789093018	7.911437034606934	8.045434951782227	8.190478324890137	8.319502830505371	8.366695404052734	8.28545093536377	8.089046478271484	7.843235492706299	7.627012729644775	7.483311176300049	7.400933265686035	7.352351665496826	7.337131500244141	7.378529071807861	7.482246398925781	7.605871200561523	7.692686557769775	7.7436137199401855	7.8205108642578125
70	mean	7.986479759216309	8.994362831115723	9.906540870666504	10.683423042297363	11.32620906829834	11.888442993164062	12.46743392944336	13.161300659179688	14.000710487365723	14.898761749267578	15.677315711975098	16.195491790771484	16.524614334106445	17.038415908813477	18.296846389770508	20.724655151367188	24.249858856201172	28.148712158203125	31.255842208862305	32.47193908691406	31.293588638305664	28.054052352905273	23.73432159423828	19.466707229614258	16.03152084350586	13.62328815460205	11.965248107910156	10.63103199005127	9.340554237365723	8.068439483642578	6.957512378692627	6.148955345153809	5.660053730010986	5.373697757720947	5.11483097076416	4.742288112640381	4.198544025421143	3.505969762802124	2.7331597805023193	1.959046721458435	1.2485214471817017	0.6405869722366333	0.14488282799720764	-0.25738725066185	-0.6083310842514038	-0.961445152759552	-1.3641729354858398	-1.8427096605300903	-2.395400047302246	-2.9944193363189697	-3.5955965518951416	-4.158499717712402	-4.6705098152160645	-5.156527519226074	-5.6607136726379395	-6.208765983581543	-6.777743339538574	-7.298770427703857	-7.695132255554199	-7.93116569519043	-8.037957191467285	-8.097280502319336	-8.193196296691895	-8.363181114196777
70	std	8.272862434387207	7.888772010803223	7.5607147216796875	7.297258377075195	7.082790374755859	6.875966548919678	6.712934970855713	6.685859680175781	6.782778739929199	6.891602516174316	6.9388275146484375	6.911938190460205	6.784607410430908	6.473745346069336	5.890390396118164	5.116710186004639	4.594870090484619	4.791078090667725	5.375779151916504	5.639314651489258	5.308603763580322	4.738196849822998	4.693033218383789	5.431384086608887	6.400506019592285	7.148072719573975	7.608975410461426	7.883856773376465	8.022330284118652	8.018265724182129	7.920316219329834	7.830732822418213	7.804440975189209	7.819818496704102	7.8397111892700195	7.862043857574463	7.915376663208008	8.005600929260254	8.096589088439941	8.178389549255371	8.289019584655762	8.4251708984375	8.507574081420898	8.45806884765625	8.255328178405762	7.930820465087891	7.560207366943359	7.252135753631592	7.093753337860107	7.074314594268799	7.091398239135742	7.0677313804626465	7.045614719390869	7.129918098449707	7.3406524658203125	7.5745062828063965	7.710346698760986	7.71455192565918	7.664447784423828	7.690881729125977	7.887635231018066	8.264302253723145	8.762513160705566	9.291155815124512
71	mean	-1.3679568767547607	-0.36940479278564453	0.6563317775726318	1.7000110149383545	2.7587690353393555	3.867032766342163	5.105639457702637	6.564964771270752	8.271391868591309	10.127800941467285	11.93404769897461	13.516414642333984	14.907095909118652	16.436111450195312	18.611438751220703	21.79470443725586	25.85053825378418	30.021236419677734	33.17407989501953	34.32744598388672	33.155860900878906	30.162412643432617	26.415637969970703	23.019811630249023	20.638790130615234	19.325719833374023	18.692903518676758	18.25119400024414	17.688589096069336	16.95400047302246	16.16765022277832	15.475320816040039	14.953699111938477	14.599820137023926	14.369142532348633	14.211633682250977	14.081631660461426	13.93418025970459	13.73006534576416	13.454358100891113	13.12961196899414	12.804450988769531	12.51934814453125	12.274458885192871	12.025550842285156	11.711606979370117	11.294477462768555	10.78357982635498	10.229708671569824	9.691547393798828	9.196255683898926	8.719259262084961	8.195164680480957	7.5526323318481445	6.753641605377197	5.815952301025391	4.806206226348877	3.806859016418457	2.8766367435455322	2.028550148010254	1.235733151435852	0.45486852526664734	-0.3501552641391754	-1.19468092918396
71	std	12.008651733398438	11.647684097290039	11.312819480895996	11.033690452575684	10.798545837402344	10.62086296081543	10.539508819580078	10.51800537109375	10.45099925994873	10.298498153686523	10.115962028503418	9.927340507507324	9.638772964477539	9.097691535949707	8.210023880004883	7.093873977661133	6.236025810241699	6.183146953582764	6.685034275054932	6.986835479736328	6.757774353027344	6.281090259552002	6.149443626403809	6.62774133682251	7.395853519439697	8.05721378326416	8.464313507080078	8.655440330505371	8.72121810913086	8.743874549865723	8.771618843078613	8.793822288513184	8.769756317138672	8.695377349853516	8.617514610290527	8.585509300231934	8.606001853942871	8.638004302978516	8.632461547851562	8.587007522583008	8.542086601257324	8.519641876220703	8.510210990905762	8.51128101348877	8.514252662658691	8.477106094360352	8.3805513381958	8.277685165405273	8.227120399475098	8.229050636291504	8.264885902404785	8.319968223571777	8.366067886352539	8.405213356018066	8.4995698928833	8.688949584960938	8.928415298461914	9.151923179626465	9.339920043945312	9.51547908782959	9.718153953552246	9.966300010681152	10.230647087097168	10.480011940002441
72	mean	6.292098045349121	7.2992682456970215	8.244612693786621	9.070331573486328	9.747740745544434	10.323125839233398	10.9265718460083	11.716631889343262	12.774918556213379	14.015701293945312	15.193582534790039	16.046579360961914	16.50879669189453	16.844179153442383	17.566129684448242	19.138029098510742	21.615671157836914	24.476991653442383	26.795757293701172	27.698162078857422	26.834745407104492	24.57185935974121	21.781421661376953	19.370817184448242	17.846778869628906	17.160980224609375	16.87822914123535	16.50801658630371	15.775146484375	14.695364952087402	13.471745491027832	12.325926780700684	11.379830360412598	10.635554313659668	10.025861740112305	9.476820945739746	8.94192886352539	8.403099060058594	7.856842994689941	7.303003311157227	6.740732192993164	6.167984962463379	5.581209659576416	4.975926876068115	4.349364757537842	3.704007625579834	3.0488579273223877	2.396021842956543	1.7554458379745483	1.1332851648330688	0.5333019495010376	-0.045089565217494965	-0.6134808659553528	-1.1974893808364868	-1.8263648748397827	-2.5107479095458984	-3.224999189376831	-3.913148880004883	-4.521103382110596	-5.034263610839844	-5.490322113037109	-5.953153133392334	-6.4655442237854	-7.019132137298584
72	std	9.06155014038086	8.644136428833008	8.28073787689209	8.020591735839844	7.911170959472656	7.935652732849121	7.98849630355835	7.964306354522705	7.833879470825195	7.6285481452941895	7.386305809020996	7.123905181884766	6.833498001098633	6.468774318695068	5.958021640777588	5.318885326385498	4.791749477386475	4.691157341003418	4.93129301071167	5.078490257263184	4.911624908447266	4.646643161773682	4.692286491394043	5.12933349609375	5.684267044067383	6.162412166595459	6.569874286651611	6.976815223693848	7.397494792938232	7.789114952087402	8.118561744689941	8.391860961914062	8.611103057861328	8.743207931518555	8.773143768310547	8.757394790649414	8.77148723602295	8.823456764221191	8.869126319885254	8.886048316955566	8.892208099365234	8.913991928100586	8.940640449523926	8.8993501663208	8.717597007751465	8.428315162658691	8.162397384643555	8.014302253723145	7.963056564331055	7.934569358825684	7.874256610870361	7.754366874694824	7.5717878341674805	7.361778736114502	7.186712265014648	7.100152969360352	7.135180950164795	7.29246711730957	7.503604888916016	7.671148777008057	7.789295673370361	7.968400478363037	8.30844497680664	8.79630184173584
73	mean	2.3084073066711426	0.20436862111091614	-1.5321080684661865	-2.9486939907073975	-4.127715110778809	-5.183074951171875	-6.251005172729492	-7.451231479644775	-8.815872192382812	-10.228569030761719	-11.441116333007812	-12.201708793640137	-12.444397926330566	-12.41455078125	-12.609410285949707	-13.518781661987305	-15.296018600463867	-17.569725036621094	-19.549549102783203	-20.403438568115234	-19.698768615722656	-17.638952255249023	-14.949737548828125	-12.490138053894043	-10.829751014709473	-10.035490989685059	-9.760468482971191	-9.535470962524414	-9.056715965270996	-8.30193042755127	-7.447901248931885	-6.694487571716309	-6.132710933685303	-5.726461887359619	-5.381411552429199	-5.02613639831543	-4.648679733276367	-4.282027721405029	-3.9673521518707275	-3.7252845764160156	-3.5464253425598145	-3.396806001663208	-3.230635166168213	-3.004542589187622	-2.6900153160095215	-2.282773017883301	-1.8078533411026	-1.3162765502929688	-0.8691997528076172	-0.5125612020492554	-0.25523045659065247	-0.06647245585918427	0.1023324653506279	0.28478339314460754	0.4787285327911377	0.6536408066749573	0.7803227305412292	0.858252227306366	0.9178416132926941	0.997014045715332	1.1132596731185913	1.2537308931350708	1.3887391090393066	1.4927644729614258
73	std	8.136112213134766	7.082924842834473	6.285445213317871	5.724277019500732	5.328481674194336	5.0951008796691895	4.991035461425781	4.877918243408203	4.664820194244385	4.391773223876953	4.127435207366943	3.9090967178344727	3.7819948196411133	3.7200286388397217	3.5347561836242676	3.0746030807495117	2.5313849449157715	2.411682605743408	2.7193078994750977	2.8895983695983887	2.6860694885253906	2.4078898429870605	2.6316754817962646	3.3779685497283936	4.2046027183532715	4.836869239807129	5.179641246795654	5.251402854919434	5.182122707366943	5.14246940612793	5.199211120605469	5.308979511260986	5.426258563995361	5.498246192932129	5.449273109436035	5.3149542808532715	5.295258522033691	5.472006320953369	5.617144584655762	5.5200371742248535	5.286762714385986	5.169313430786133	5.1830220222473145	5.154488563537598	5.074625492095947	5.10089111328125	5.254015922546387	5.382599830627441	5.422129154205322	5.439469814300537	5.447394371032715	5.376593589782715	5.22085428237915	5.039247512817383	4.855080604553223	4.689173698425293	4.610894680023193	4.639357089996338	4.7092156410217285	4.787697792053223	4.897280216217041	5.030386924743652	5.1407551765441895	5.204680442810059
74	mean	26.418468475341797	22.755489349365234	19.126707077026367	15.676824569702148	12.493489265441895	9.578097343444824	6.848011016845703	4.192009449005127	1.563990592956543	-0.9461638331413269	-3.1371359825134277	-4.835413932800293	-6.07550573348999	-7.183272838592529	-8.656561851501465	-10.868766784667969	-13.767633438110352	-16.785606384277344	-19.065752029418945	-19.901721954345703	-19.13147735595703	-17.235881805419922	-15.077349662780762	-13.445737838745117	-12.690583229064941	-12.642213821411133	-12.823049545288086	-12.775606155395508	-12.295907020568848	-11.465153694152832	-10.518692970275879	-9.675065040588379	-9.032800674438477	-8.567534446716309	-8.193807601928711	-7.832925319671631	-7.446834087371826	-7.032254695892334	-6.596316814422607	-6.140518665313721	-5.665961265563965	-5.18958854675293	-4.749284744262695	-4.385735034942627	-4.112440586090088	-3.898131847381592	-3.6780197620391846	-3.3896074295043945	-3.0108141899108887	-2.574556827545166	-2.1490018367767334	-1.796907901763916	-1.541185736656189	-1.3569790124893188	-1.19194757938385	-1.0004377365112305	-0.7712951302528381	-0.5327683687210083	-0.33086371421813965	-0.1956496387720108	-0.12071585655212402	-0.07123817503452301	-0.011330980807542801	0.07454846799373627
74	std	14.14272403717041	13.376553535461426	12.415114402770996	11.383399963378906	10.401745796203613	9.56931209564209	8.884984970092773	8.258576393127441	7.637716293334961	7.057679653167725	6.577338695526123	6.213160037994385	5.905207633972168	5.514736175537109	4.895153522491455	4.021122932434082	3.1325716972351074	2.7509238719940186	2.9657952785491943	3.134204149246216	2.928400754928589	2.646003246307373	2.775343894958496	3.2353591918945312	3.639709711074829	3.8564658164978027	3.994943857192993	4.213134288787842	4.5256195068359375	4.823671340942383	5.058103084564209	5.269847393035889	5.4487223625183105	5.4980316162109375	5.374655723571777	5.174506187438965	5.046201229095459	5.050504684448242	5.131258487701416	5.188634395599365	5.160203456878662	5.071274757385254	5.003046035766602	4.989822864532471	4.985675811767578	4.948684215545654	4.912688255310059	4.944278240203857	5.036958694458008	5.117047309875488	5.166020393371582	5.232522487640381	5.301852226257324	5.282395362854004	5.155606746673584	5.023946762084961	4.9619221687316895	4.910736083984375	4.807520389556885	4.7277445793151855	4.778607368469238	4.893039226531982	4.901331901550293	4.760534763336182
75	mean	-0.2965896427631378	-2.1896753311157227	-3.8495373725891113	-5.273369789123535	-6.494551658630371	-7.5887885093688965	-8.66392993927002	-9.821183204650879	-11.090892791748047	-12.377388000488281	-13.469738960266113	-14.153153419494629	-14.381379127502441	-14.396149635314941	-14.672901153564453	-15.670170783996582	-17.507949829101562	-19.788999557495117	-21.719141006469727	-22.497180938720703	-21.753259658813477	-19.76192283630371	-17.29246711730957	-15.19079875946045	-13.955424308776855	-13.556512832641602	-13.569595336914062	-13.49526596069336	-13.04526138305664	-12.238629341125488	-11.29959774017334	-10.468920707702637	-9.861092567443848	-9.43722152709961	-9.073954582214355	-8.659811973571777	-8.155875205993652	-7.5966010093688965	-7.0486369132995605	-6.56337308883667	-6.152517795562744	-5.793942451477051	-5.45537805557251	-5.115747451782227	-4.771289825439453	-4.427268981933594	-4.087318420410156	-3.7510554790496826	-3.419949769973755	-3.102968454360962	-2.8140676021575928	-2.5620596408843994	-2.3410167694091797	-2.129903793334961	-1.9037400484085083	-1.6499544382095337	-1.3789154291152954	-1.1204767227172852	-0.9069143533706665	-0.752269983291626	-0.6416745185852051	-0.53805011510849	-0.4022461473941803	-0.2143128663301468
75	std	8.842850685119629	7.9386773109436035	7.220405578613281	6.673643589019775	6.2596049308776855	5.926037311553955	5.630112648010254	5.3505682945251465	5.084260940551758	4.839076995849609	4.6273417472839355	4.4544267654418945	4.304181098937988	4.120628833770752	3.81002140045166	3.3280160427093506	2.840564250946045	2.7108266353607178	2.954944610595703	3.117433786392212	2.95143985748291	2.7137930393218994	2.8920936584472656	3.450801134109497	3.990100383758545	4.340729236602783	4.5522780418396	4.711371898651123	4.856736183166504	4.986309051513672	5.077905178070068	5.1117472648620605	5.096036911010742	5.062403202056885	5.035979747772217	5.023797512054443	5.026420593261719	5.04766321182251	5.089010715484619	5.135311126708984	5.156282901763916	5.133773326873779	5.085140705108643	5.042365550994873	5.009951591491699	4.9727678298950195	4.934906482696533	4.9103779792785645	4.889107704162598	4.848265647888184	4.789577007293701	4.747132301330566	4.754262447357178	4.801889896392822	4.841095447540283	4.832719802856445	4.784822940826416	4.739673137664795	4.72935152053833	4.753514289855957	4.803779125213623	4.887422561645508	5.0117034912109375	5.171843528747559
76	mean	4.2783050537109375	2.736022710800171	1.167170524597168	-0.3865634799003601	-1.8884814977645874	-3.3558897972106934	-4.880443096160889	-6.579912185668945	-8.492454528808594	-10.486255645751953	-12.276453018188477	-13.58456802368164	-14.365316390991211	-14.938833236694336	-15.886566162109375	-17.71526527404785	-20.473796844482422	-23.586633682250977	-26.063495635986328	-27.003013610839844	-26.091304779052734	-23.777660369873047	-21.016597747802734	-18.74556541442871	-17.427566528320312	-16.92281150817871	-16.718631744384766	-16.316967010498047	-15.516139030456543	-14.442816734313965	-13.378876686096191	-12.544403076171875	-11.980134010314941	-11.569589614868164	-11.145868301391602	-10.597898483276367	-9.918713569641113	-9.186356544494629	-8.50403881072998	-7.939383029937744	-7.49384880065918	-7.112039089202881	-6.719757080078125	-6.267136096954346	-5.751908779144287	-5.210572719573975	-4.688390254974365	-4.213472366333008	-3.7906904220581055	-3.4102942943573	-3.0567054748535156	-2.709873914718628	-2.343688726425171	-1.9299408197402954	-1.4508813619613647	-0.9142975807189941	-0.35876232385635376	0.16139112412929535	0.6078538298606873	0.9855953454971313	1.342422366142273	1.73810875415802	2.204618215560913	2.7241146564483643
76	std	12.34182357788086	11.716910362243652	11.200332641601562	10.820561408996582	10.527495384216309	10.25747013092041	9.985381126403809	9.679383277893066	9.289752960205078	8.824056625366211	8.361040115356445	7.953616619110107	7.57611083984375	7.172569274902344	6.689824104309082	6.1227192878723145	5.645407199859619	5.547524929046631	5.783188819885254	5.937137126922607	5.790803909301758	5.593296051025391	5.743122100830078	6.226169586181641	6.728865623474121	7.111102104187012	7.422411918640137	7.689298152923584	7.871623992919922	7.962349891662598	8.016913414001465	8.082025527954102	8.133641242980957	8.10494613647461	7.975101470947266	7.805985450744629	7.663938522338867	7.536208152770996	7.385420799255371	7.250441074371338	7.204182147979736	7.23383092880249	7.273200035095215	7.318539142608643	7.400391578674316	7.491684436798096	7.539910316467285	7.543095588684082	7.534605503082275	7.541478633880615	7.591564655303955	7.715993404388428	7.926018714904785	8.204522132873535	8.496729850769043	8.710583686828613	8.787819862365723	8.784072875976562	8.814388275146484	8.922021865844727	9.08034896850586	9.278030395507812	9.517297744750977	9.781049728393555
77	mean	-4.995264053344727	-6.2097883224487305	-7.279865741729736	-8.187117576599121	-8.972280502319336	-9.715559959411621	-10.51485824584961	-11.458623886108398	-12.57957649230957	-13.800604820251465	-14.922526359558105	-15.708775520324707	-16.060239791870117	-16.17402458190918	-16.534046173095703	-17.663192749023438	-19.747474670410156	-22.38214111328125	-24.656774520874023	-25.58555030822754	-24.643918991088867	-22.07424545288086	-18.755887985229492	-15.719608306884766	-13.620564460754395	-12.487576484680176	-11.855217933654785	-11.134973526000977	-9.966110229492188	-8.350983619689941	-6.552750587463379	-4.878962516784668	-3.5056817531585693	-2.4264750480651855	-1.5168640613555908	-0.6460307836532593	0.23898591101169586	1.096698522567749	1.8375431299209595	2.396258592605591	2.7805514335632324	3.064608335494995	3.3389627933502197	3.6580872535705566	4.021039962768555	4.391612529754639	4.736157417297363	5.048551082611084	5.3455610275268555	5.641068935394287	5.926442623138428	6.177446365356445	6.379400253295898	6.544723987579346	6.706332683563232	6.892319202423096	7.102811813354492	7.3087897300720215	7.47406005859375	7.581132411956787	7.640278339385986	7.678519248962402	7.718828201293945	7.763965129852295
77	std	8.906755447387695	8.797146797180176	8.666736602783203	8.486093521118164	8.278524398803711	8.063506126403809	7.841588973999023	7.606959342956543	7.351466655731201	7.0772199630737305	6.796399116516113	6.527158260345459	6.298616409301758	6.087147235870361	5.762752056121826	5.2483015060424805	4.746858596801758	4.624409198760986	4.868600845336914	5.044641494750977	4.880212306976318	4.5793962478637695	4.671370506286621	5.348710536956787	6.244016170501709	7.007147312164307	7.557350158691406	7.980041980743408	8.36616325378418	8.726676940917969	9.021705627441406	9.231014251708984	9.370160102844238	9.441356658935547	9.405346870422363	9.234199523925781	8.980789184570312	8.7666597366333	8.681524276733398	8.721451759338379	8.835221290588379	8.950006484985352	8.96377944946289	8.838238716125488	8.677818298339844	8.578256607055664	8.462788581848145	8.249969482421875	8.054226875305176	8.023920059204102	8.12142562866211	8.243855476379395	8.378896713256836	8.53696060180664	8.684856414794922	8.805171966552734	8.93790340423584	9.12289810180664	9.344014167785645	9.578963279724121	9.874842643737793	10.303747177124023	10.842904090881348	11.372926712036133
78	mean	22.153188705444336	22.025606155395508	20.929738998413086	19.007312774658203	16.470232009887695	13.532722473144531	10.356440544128418	7.047887802124023	3.714520215988159	0.5320523381233215	-2.252443313598633	-4.4222540855407715	-5.953433990478516	-7.117305755615234	-8.404122352600098	-10.25655460357666	-12.75400447845459	-15.464599609375	-17.60232925415039	-18.42986488342285	-17.673704147338867	-15.693493843078613	-13.297243118286133	-11.317520141601562	-10.209795951843262	-9.902993202209473	-9.954496383666992	-9.871581077575684	-9.386848449707031	-8.54356575012207	-7.588064670562744	-6.778461456298828	-6.239933490753174	-5.934295654296875	-5.726202487945557	-5.480268955230713	-5.128248691558838	-4.682033061981201	-4.203310012817383	-3.759108543395996	-3.38996958732605	-3.1021223068237305	-2.8785648345947266	-2.6960415840148926	-2.5365006923675537	-2.389432430267334	-2.24857497215271	-2.108309507369995	-1.961561918258667	-1.7999107837677002	-1.6177335977554321	-1.4188804626464844	-1.2184361219406128	-1.0340811014175415	-0.8727255463600159	-0.7248846888542175	-0.5730773210525513	-0.40891793370246887	-0.24587483704090118	-0.11515197157859802	-0.04307157173752785	-0.025332987308502197	-0.02077139914035797	0.02589321695268154
78	std	11.523944854736328	11.543889999389648	12.012611389160156	12.652185440063477	13.138158798217773	13.22061538696289	12.803279876708984	11.961666107177734	10.892796516418457	9.814141273498535	8.85110092163086	7.997276782989502	7.187070369720459	6.350275993347168	5.380580425262451	4.2042555809021	3.024066925048828	2.4474408626556396	2.634796380996704	2.8121774196624756	2.6142654418945312	2.3486568927764893	2.589069128036499	3.2758960723876953	3.9138078689575195	4.272083282470703	4.406001091003418	4.463742733001709	4.524515151977539	4.580630779266357	4.594107627868652	4.55480432510376	4.524291515350342	4.589418411254883	4.749093055725098	4.911993503570557	5.002764701843262	5.019563674926758	5.01503324508667	5.037743091583252	5.077374458312988	5.090185165405273	5.079283237457275	5.088291645050049	5.10827112197876	5.072780609130859	4.9612250328063965	4.833765029907227	4.750248432159424	4.719727993011475	4.737367630004883	4.786974906921387	4.812204837799072	4.763209819793701	4.6635284423828125	4.588017463684082	4.574440956115723	4.588750839233398	4.588118553161621	4.579775810241699	4.592148780822754	4.6204071044921875	4.659069061279297	4.751427173614502
79	mean	0.3498387038707733	0.3209732472896576	0.16040757298469543	-0.18705347180366516	-0.7504094839096069	-1.5536938905715942	-2.6378886699676514	-4.048823833465576	-5.782850742340088	-7.728670120239258	-9.670228958129883	-11.389780044555664	-12.833610534667969	-14.224081039428711	-15.995320320129395	-18.529706954956055	-21.82781219482422	-25.335824966430664	-28.093717575073242	-29.166574478149414	-28.119592666625977	-25.246061325073242	-21.410085678100586	-17.60772132873535	-14.517694473266602	-12.291304588317871	-10.655527114868164	-9.205526351928711	-7.6771368980407715	-6.050785064697266	-4.475916385650635	-3.116935968399048	-2.0421080589294434	-1.2125787734985352	-0.545576274394989	0.01581406779587269	0.4783441126346588	0.8254164457321167	1.0623527765274048	1.2404707670211792	1.4421042203903198	1.7391774654388428	2.155818223953247	2.6607964038848877	3.194077730178833	3.708097219467163	4.193636894226074	4.671080112457275	5.154826641082764	5.622308731079102	6.017526626586914	6.2891459465026855	6.432416915893555	6.498825550079346	6.5644917488098145	6.681822299957275	6.851399898529053	7.032280921936035	7.178785800933838	7.2732648849487305	7.332172393798828	7.386491775512695	7.456627368927002	7.541869163513184
79	std	11.872906684875488	11.715867042541504	11.530122756958008	11.389266967773438	11.300332069396973	11.222493171691895	11.093216896057129	10.861477851867676	10.531140327453613	10.144938468933105	9.71110725402832	9.16993236541748	8.43101978302002	7.430391788482666	6.182076454162598	4.8573713302612305	4.003786563873291	4.39145040512085	5.521012306213379	6.124952793121338	5.563180923461914	4.34874963760376	4.29243803024292	5.745338439941406	7.216879844665527	8.276578903198242	9.099825859069824	9.702805519104004	9.943869590759277	9.833419799804688	9.559906005859375	9.314897537231445	9.185653686523438	9.171019554138184	9.271631240844727	9.524163246154785	9.890597343444824	10.218388557434082	10.398984909057617	10.477274894714355	10.56418514251709	10.692693710327148	10.792390823364258	10.797978401184082	10.74804973602295	10.736665725708008	10.790607452392578	10.860764503479004	10.902321815490723	10.902397155761719	10.875319480895996	10.86939525604248	10.933418273925781	11.045126914978027	11.10689640045166	11.042549133300781	10.887397766113281	10.76447582244873	10.758054733276367	10.82849407196045	10.882210731506348	10.8950834274292	10.9236421585083	11.002469062805176
80	mean	5.026857376098633	5.113155841827393	5.2061238288879395	5.237481117248535	5.135207653045654	4.827337265014648	4.238316535949707	3.2985270023345947	1.9777257442474365	0.318693608045578	-1.5757161378860474	-3.625084638595581	-5.8815083503723145	-8.570282936096191	-11.978446006774902	-16.207763671875	-20.935009002685547	-25.37165069580078	-28.5195369720459	-29.624502182006836	-28.570676803588867	-25.965421676635742	-22.849231719970703	-20.19955062866211	-18.515417098999023	-17.70059585571289	-17.266569137573242	-16.689455032348633	-15.695470809936523	-14.334156036376953	-12.851633071899414	-11.490500450134277	-10.3526611328125	-9.388937950134277	-8.48498821258545	-7.564216613769531	-6.639311790466309	-5.791234016418457	-5.103722095489502	-4.6069183349609375	-4.2707319259643555	-4.044151782989502	-3.8998401165008545	-3.8433523178100586	-3.881957769393921	-3.985637903213501	-4.080568313598633	-4.084866523742676	-3.958155632019043	-3.7244553565979004	-3.4510960578918457	-3.200516939163208	-2.9904191493988037	-2.7880587577819824	-2.5365536212921143	-2.190631628036499	-1.7393476963043213	-1.2065937519073486	-0.6341896653175354	-0.060445286333560944	0.4931633174419403	1.022154688835144	1.5306882858276367	2.0243961811065674
80	std	11.063934326171875	11.144718170166016	11.153803825378418	11.098740577697754	11.006977081298828	10.890421867370605	10.74637222290039	10.580883979797363	10.433844566345215	10.383325576782227	10.444528579711914	10.445465087890625	10.121002197265625	9.314083099365234	8.01490592956543	6.357046604156494	4.843906879425049	4.407691478729248	4.971195220947266	5.346688747406006	5.042439937591553	4.447875499725342	4.311807155609131	4.830689907073975	5.558933258056641	6.166351318359375	6.564581871032715	6.7632880210876465	6.825884819030762	6.870236396789551	6.997539043426514	7.194290637969971	7.380008697509766	7.545008659362793	7.759337902069092	8.05298900604248	8.361749649047852	8.616813659667969	8.842637062072754	9.116168022155762	9.42916202545166	9.66012954711914	9.704423904418945	9.582383155822754	9.423973083496094	9.372267723083496	9.471307754516602	9.631052017211914	9.731999397277832	9.74842643737793	9.725646018981934	9.674535751342773	9.577500343322754	9.469578742980957	9.413798332214355	9.424773216247559	9.497292518615723	9.640592575073242	9.797490119934082	9.834183692932129	9.717357635498047	9.618522644042969	9.718597412109375	9.958786964416504
81	mean	-1.047213077545166	-1.3528531789779663	-1.806078314781189	-2.311162233352661	-2.7848336696624756	-3.229304075241089	-3.7618408203125	-4.563963890075684	-5.767198085784912	-7.34751033782959	-9.112945556640625	-10.82069206237793	-12.36851978302002	-13.9262113571167	-15.877643585205078	-18.560226440429688	-21.945133209228516	-25.478322982788086	-28.2259521484375	-29.277877807617188	-28.186857223510742	-25.186538696289062	-21.06102180480957	-16.74635124206543	-12.90129566192627	-9.687066078186035	-6.849897861480713	-4.010236740112305	-0.9553024172782898	2.235694169998169	5.267540454864502	7.810210227966309	9.657804489135742	10.792855262756348	11.353140830993652	11.541868209838867	11.5350341796875	11.42747974395752	11.2314453125	10.9149751663208	10.44974422454834	9.839129447937012	9.116032600402832	8.323589324951172	7.500605583190918	6.680870056152344	5.898345947265625	5.187004566192627	4.573911190032959	4.071219444274902	3.673130512237549	3.3610897064208984	3.116328001022339	2.932568073272705	2.818711280822754	2.7876369953155518	2.8386902809143066	2.9477930068969727	3.074989080429077	3.186779022216797	3.2768173217773438	3.3666634559631348	3.484144449234009	3.63848614692688
81	std	11.586346626281738	11.760904312133789	11.861998558044434	11.860754013061523	11.722443580627441	11.476418495178223	11.231451988220215	11.054353713989258	10.899230003356934	10.68703556060791	10.368770599365234	9.904632568359375	9.239960670471191	8.304351806640625	7.068005561828613	5.702491760253906	4.721189975738525	4.619439125061035	5.050293922424316	5.288205146789551	5.0447821617126465	4.565888404846191	4.460159778594971	5.082305431365967	6.109520435333252	7.076406002044678	7.722507476806641	8.027268409729004	8.165107727050781	8.321974754333496	8.5341215133667	8.737468719482422	8.88845443725586	8.97740650177002	8.986583709716797	8.947033882141113	9.02458381652832	9.379480361938477	9.911084175109863	10.346233367919922	10.56656551361084	10.698007583618164	10.881287574768066	11.060362815856934	11.081198692321777	10.90969467163086	10.660391807556152	10.44819450378418	10.27750301361084	10.09000015258789	9.880823135375977	9.736817359924316	9.753257751464844	9.924833297729492	10.131180763244629	10.225571632385254	10.166131019592285	10.079644203186035	10.138431549072266	10.356823921203613	10.587770462036133	10.684069633483887	10.589208602905273	10.352113723754883
82	mean	-4.9651360511779785	-5.598020553588867	-6.251701831817627	-6.878350257873535	-7.444274425506592	-7.976692199707031	-8.581140518188477	-9.39566707611084	-10.488982200622559	-11.766669273376465	-12.976540565490723	-13.856433868408203	-14.356302261352539	-14.772639274597168	-15.651301383972168	-17.461368560791016	-20.22288703918457	-23.347129821777344	-25.841293334960938	-26.794118881225586	-25.85861587524414	-23.431516647338867	-20.420265197753906	-17.75402069091797	-15.9430570602417	-14.932679176330566	-14.285706520080566	-13.525565147399902	-12.408736228942871	-10.988019943237305	-9.486923217773438	-8.11640453338623	-6.963996410369873	-5.99806547164917	-5.140305042266846	-4.331527233123779	-3.5503342151641846	-2.795328140258789	-2.064016819000244	-1.34926176071167	-0.6502927541732788	0.01875855028629303	0.6357888579368591	1.1904419660568237	1.7003780603408813	2.2085928916931152	2.760286808013916	3.3739473819732666	4.02787971496582	4.6730523109436035	5.262980937957764	5.779080867767334	6.23665714263916	6.672122478485107	7.122186660766602	7.604676723480225	8.10718059539795	8.58815860748291	8.9932279586792	9.281764030456543	9.450159072875977	9.535258293151855	9.593761444091797	9.66931438446045
82	std	8.254469871520996	8.071109771728516	7.891468524932861	7.717338562011719	7.537562370300293	7.335186004638672	7.120781421661377	6.9428606033325195	6.825211048126221	6.723074913024902	6.58271598815918	6.399211406707764	6.166586399078369	5.812045574188232	5.245045185089111	4.495206356048584	3.839210033416748	3.6850392818450928	3.9723408222198486	4.159970283508301	3.9593703746795654	3.627479314804077	3.7083680629730225	4.285078525543213	4.96187686920166	5.4805588722229	5.812447547912598	6.036934852600098	6.264634609222412	6.567060470581055	6.915909290313721	7.225945472717285	7.453429222106934	7.607867240905762	7.699057102203369	7.735726356506348	7.758108139038086	7.815091609954834	7.9221110343933105	8.072781562805176	8.258285522460938	8.452373504638672	8.61482048034668	8.73111629486084	8.820019721984863	8.891057968139648	8.929387092590332	8.930532455444336	8.9071044921875	8.858677864074707	8.781353950500488	8.705673217773438	8.681562423706055	8.720174789428711	8.783138275146484	8.836170196533203	8.879889488220215	8.921486854553223	8.952458381652832	8.963294982910156	8.958096504211426	8.957565307617188	8.989632606506348	9.062459945678711
