unit_id	trial	spike_time
1	1	-5.7270134999962465
1	1	-5.121013499996479
1	1	-4.694669749995228
1	1	-4.5143259999967995
1	1	-3.7132019999990007
1	1	-3.568201999998564
1	1	-3.170576999997138
1	1	-0.6837342499966326
1	1	0.9144532500031346
1	1	1.0370147499997984
1	1	1.1858897500023886
1	1	1.2212647500018647
1	2	-5.681544750001194
1	2	-4.6812634999987495
1	2	-4.05542074999903
1	2	-3.8082644999994955
1	2	-3.512389499999699
1	2	-3.463951999998244
1	2	-3.287670749999961
1	2	-2.3537019999967015
1	2	-2.3253269999986514
1	2	-2.2661394999995537
1	2	-2.0164207499983604
1	2	-1.4962029999987863
1	2	-1.3026717499997176
1	2	-1.1503592500012019
1	2	-0.841265499999281
1	2	-0.8149217499994847
1	2	-0.6116404999993392
1	2	-0.4472654999990482
1	2	-0.23139050000099814
1	2	-0.07964050000009593
1	2	0.02045324999926379
1	2	0.20857824999984587
1	2	0.24723449999873992
1	2	0.48745324999981676
1	2	0.5599844999997003
1	2	0.619672000000719
1	2	0.7568595000011555
1	2	0.7879844999988563
1	2	0.8559219999988272
1	2	1.0729210000026796
1	2	1.0929210000031162
1	2	1.1087022499996237
1	2	1.123014750002767
1	2	1.1461085000009916
1	2	1.187577250002505
1	2	1.2373585000023013
1	2	1.2862022500012245
1	2	1.5287960000023304
1	2	1.6931710000026214
1	2	1.727139750000788
1	2	1.813389750001079
1	2	1.8604210000012245
1	2	1.8657022500010498
1	2	1.882264750001923
1	3	-5.990512750002381
1	3	-5.687293999999383
1	3	-5.278762750000169
1	3	-5.230262749999383
1	3	-5.221262750001188
1	3	-5.161262749999878
1	3	-5.142418999999791
1	3	-4.852544999997917
1	3	-4.82607624999946
1	3	-4.797044999999343
1	3	-4.73751374999847
1	3	-4.545669999999518
1	3	-4.539357499998005
1	3	-4.490857500000857
1	3	-4.416888749998179
1	3	-4.36373249999815
1	3	-4.087013749998732
1	3	-4.05757624999751
1	3	-3.9991699999991397
1	3	-3.988294999999198
1	3	-3.974951249998412
1	3	-3.9587637500007986
1	3	-3.936388750000333
1	3	-3.895482500000071
1	3	-3.677138749997539
1	3	-3.6235449999985576
1	3	-3.466919999998936
1	3	-3.2125762499999837
1	3	-3.2003262500002165
1	3	-3.109420000000682
1	3	-3.045576249998703
1	3	-2.9092012500004785
1	3	-2.5715449999988778
1	3	-2.418358500002796
1	3	-2.3077022500001476
1	3	-2.276483500001632
1	3	-2.244733499999711
1	3	-2.14676474999942
1	3	-2.1083897499993327
1	3	-2.0032334999996237
1	3	-1.6474522499993327
1	3	-1.5433897500006424
1	3	-1.4557960000020103
1	3	-1.413202250001632
1	3	-1.3631710000008752
1	3	-1.3166085000011662
1	3	-1.0755772500015155
1	3	-0.8661085000021558
1	3	-0.7905460000001767
1	3	-0.7759522500018647
1	3	-0.7317335000007006
1	3	-0.5426710000028834
1	3	-0.3816084999998566
1	3	-0.3684835000021849
1	3	-0.18626475000201026
1	3	-0.12288975000046776
1	3	-0.08798449999812874
1	3	-0.04751575000045705
1	3	-0.006015750001097331
1	3	0.08907800000088173
1	3	0.11548425000000861
1	3	0.18367175000093994
1	3	0.3348279999991064
1	3	0.40473425000163843
1	3	0.5235467499987863
1	3	0.6252654999989318
1	3	0.6602654999987863
1	3	0.8136717500019586
1	3	0.8658592499996303
1	3	0.9104530000004161
1	3	0.9251092500016966
1	3	0.9484530000008817
1	3	0.9950779999999213
1	3	1.0854842500011728
1	3	1.1422654999987572
1	3	1.3457029999990482
1	3	1.4245780000019295
1	3	1.5097654999990482
1	3	1.559296750001522
1	3	1.6684217500005616
1	3	1.9497967499992228
1	4	-5.883106500001304
1	4	-5.843950250000489
1	4	-5.320513750000828
1	4	-5.1702012499990815
1	4	-5.13857624999946
1	4	-5.0956699999987904
1	4	-5.020076249998965
1	4	-4.952732499998092
1	4	-4.679857499999343
1	4	-4.460513750000246
1	4	-4.1503574999987904
1	4	-4.1097637499988195
1	4	-4.08760749999783
1	4	-4.052670000000944
1	4	-3.8784825000002456
1	4	-3.692263749999256
1	4	-3.3220450000007986
1	4	-3.2893262500001583
1	4	-3.2233574999991106
1	4	-3.1626710000018647
1	4	-3.091358500001661
1	4	-3.04538975000105
1	4	-3.03617099999974
1	4	-2.9264210000001185
1	4	-2.7239210000007006
1	4	-2.1000460000032035
1	4	-1.3854210000026796
1	4	-1.3713585000004969
1	4	-1.3568585000029998
1	4	-1.322452250002243
1	4	-0.5980782500009809
1	4	-0.3619532499978959
1	4	0.019390500001463806
1	4	0.03242175000195857
1	4	0.16214050000053248
1	4	0.2605467499997758
1	4	0.4248592500007362
1	4	1.4202342499993392
1	4	1.4890154999993683
1	4	1.928483250001591
1	5	-5.816263500000787
1	5	-5.374107250001543
1	5	-5.261826000001747
1	5	-5.106607250003435
1	5	-5.090919750004105
1	5	-5.003794750002271
1	5	-4.600044750000961
1	5	-4.446044750002329
1	5	-4.35651350000262
1	5	-4.30816975000198
1	5	-4.274732250003581
1	5	-4.22613850000198
1	5	-3.777732250004192
1	5	-3.755138500000612
1	5	-3.713826000002882
1	5	-3.628576000002795
1	5	-3.120827000002464
1	5	-2.818295749999379
1	5	-2.759295750001911
1	5	-2.591920750001009
1	5	-2.571264500002144
1	5	-2.486170750002202
1	5	-2.3072332500014454
1	5	-2.0789207500019984
1	5	-2.065608249999059
1	5	-2.0449207500023476
1	5	-1.9974519999996119
1	5	-1.9579207499991753
1	5	-1.9281394999998156
1	5	-1.8884519999992335
1	5	-1.8082020000001648
1	5	-1.8015770000019984
1	5	-1.7941082500001357
1	5	-1.784264500001882
1	5	-1.5514519999996992
1	5	-1.5348269999994955
1	5	-1.4976395000012417
1	5	-1.4687645000012708
1	5	-0.9338592500025698
1	5	-0.4703280000030645
1	5	-0.39789050000399584
1	5	-0.33635925000271527
1	5	-0.27692175000265706
1	5	-0.21842175000347197
1	5	-0.15095300000393763
1	5	0.16214074999879813
1	5	0.4127032499964116
1	5	0.43867199999658624
1	5	0.48176574999888544
1	5	0.5255782499989436
1	5	0.6100782499961497
1	5	0.6634219999978086
1	5	0.7347657499958586
1	5	0.7437344999962079
1	5	1.1846094999964407
1	5	1.2767032499978086
1	5	1.594952249997732
1	5	1.6836084999995364
1	5	1.7712647499974992
1	6	-5.249263250003423
1	6	-4.444139250001172
1	6	-4.4115454999991925
1	6	-4.34610800000155
1	6	-4.2993892500016955
1	6	-4.2749205000000075
1	6	-4.066420499999367
1	6	-4.011732999999367
1	6	-3.7125455000023067
1	6	-3.637233000001288
1	6	-3.0655455000014626
1	6	-2.6578580000023067
1	6	-2.5616079999999783
1	6	-2.1281715000041004
1	6	-1.5768902500021795
1	6	-1.4404527500009863
1	6	-1.2715777500015975
1	6	-1.2377965000014228
1	6	-0.8730777500022668
1	6	-0.340921500002878
1	6	-0.1673590000027616
1	6	0.035922249997383915
1	6	0.5341087499982677
1	6	0.6351712499999849
1	6	0.8906399999978021
1	6	1.1227650000000722
1	7	-5.531450500002393
1	7	-5.3239817500034405
1	7	-4.936388000001898
1	7	-4.851514000001771
1	7	-4.8039827499997045
1	7	-4.023795249999239
1	7	-3.706763999998657
1	7	-3.4023577500011015
1	7	-3.2799202499991225
1	7	-3.090232750000723
1	7	-3.0445140000010724
1	7	-2.983014000001276
1	7	-2.954514000000927
1	7	-2.4877640000013344
1	7	-2.155014999996638
1	7	-2.0451712499998393
1	7	-2.0200149999982386
1	7	-1.961858749997191
1	7	-1.5701399999998102
1	7	-1.4000462499971036
1	7	-1.2739837499975692
1	7	-1.2469837499993446
1	7	-1.170952499996929
1	7	-1.1256087499968999
1	7	-1.081514999998035
1	7	-1.051608750000014
1	7	0.06370375000187778
1	7	0.7999214999981632
1	7	1.0213589999984833
1	7	1.7282965000013064
1	7	1.7637964999994438
1	7	1.8435152499987453
1	8	-5.724857000001066
1	8	-5.012356999999611
1	8	-4.987950750000891
1	8	-4.78348200000255
1	8	-4.756638250000833
1	8	-4.748857000002317
1	8	-4.556575750000775
1	8	-4.453513250002288
1	8	-3.8569195000018226
1	8	-3.5974507499995525
1	8	-3.499138250001124
1	8	-3.2341080000005604
1	8	-2.938608000000386
1	8	-2.9228267500002403
1	8	-2.7355454999997164
1	8	-1.4114517499983776
1	8	-1.3491392500000075
1	8	-1.2992955000008806
1	8	-1.1389204999977665
1	8	-0.35885899999993853
1	8	0.09589099999720929
1	8	0.5131722499972966
1	8	0.6033597499990719
1	8	0.6576097500001197
1	8	1.0311722499973257
1	8	1.3153910000000906
1	8	1.4618909999990137
1	8	1.5073909999991884
1	8	1.560297249998257
1	9	-5.554137750001246
1	9	-5.543044000001828
1	9	-5.521044000000984
1	9	-5.352794000002177
1	9	-5.030012750001333
1	9	-5.010450249999849
1	9	-4.902731500002119
1	9	-4.773044000001391
1	9	-4.713075250001566
1	9	-4.572356500000751
1	9	-4.536981500001275
1	9	-4.385419999998703
1	9	-4.3513262499982375
1	9	-4.263169999998354
1	9	-4.04604499999914
1	9	-4.017420000000129
1	9	-3.928045000000566
1	9	-3.791138749998936
1	9	-3.208826250000129
1	9	-3.06045124999946
1	9	-2.9998887500005367
1	9	-2.9656387499999255
1	9	-2.9507324999976845
1	9	-2.9322324999993725
1	9	-2.804076249998616
1	9	-2.4127950000001874
1	9	-2.399263749997772
1	9	-2.3397949999998673
1	9	-2.0861074999993434
1	9	-2.0731387499981793
1	9	-2.012670000000071
1	9	-1.8984210000016901
1	9	-1.6804522500024177
1	9	-1.3475460000008752
1	9	-1.3012335000021267
1	9	-1.1796710000016901
1	9	-0.9179522500016901
1	9	-0.8845147499996528
1	9	-0.63401475000137
1	9	-0.6137335000021267
1	9	-0.5659522500027379
1	9	-0.5095772500026214
1	9	-0.45001475000026403
1	9	-0.422358499999973
1	9	-0.03520225000102073
1	9	-0.03279599999950733
1	9	0.07698524999796064
1	9	0.11686025000017253
1	9	0.41448524999941583
1	9	0.9388592499999504
1	9	1.1152967500020168
1	9	1.1533904999996594
1	9	1.449609250001231
1	9	1.4930779999995138
1	9	1.8677342500013765
1	9	1.9632655000023078
1	9	1.9759842499988736
1	10	-5.989294250000967
1	10	-5.937200500000472
1	10	-5.332637999999861
1	10	-5.29698174999794
1	10	-5.024075499997707
1	10	-4.662982749996445
1	10	-4.452576499996212
1	10	-4.448576499999035
1	10	-4.04838899999595
1	10	-3.3119827499976964
1	10	-3.2762327499985986
1	10	-3.1457639999971434
1	10	-2.7107327499979874
1	10	-2.3323899999959394
1	10	-2.3300149999959103
1	10	-2.3130774999954156
1	10	-1.958796249997249
1	10	-1.581108749996929
1	10	-1.538046249996114
1	10	-0.9270462499953283
1	10	-0.75720249999722
1	10	-0.5938274999971327
1	10	-0.5495149999951536
1	10	0.4259840000013355
1	10	0.4296090000025288
1	10	0.6954840000034892
1	10	0.7654840000031982
1	10	0.9308590000036929
1	10	0.9628902500007825
1	10	0.9855465000036929
1	10	1.009202750003169
1	10	1.3791715000006661
1	11	-5.889762750000955
1	11	-5.211826250004378
1	11	-4.572076250002283
1	11	-4.524326250004378
1	11	-4.1314512500030105
1	11	-3.8922637500036217
1	11	-3.8065137500016135
1	11	-3.727826250004
1	11	-3.465888750004524
1	11	-3.257638750004844
1	11	-3.1570762500050478
1	11	-2.5942022500021267
1	11	-2.4913897500009625
1	11	-2.288327250000293
1	11	-2.1883585000032326
1	11	-2.0781397500031744
1	11	-2.05876475000332
1	11	-1.995952250003029
1	11	-1.7018272500026796
1	11	-1.253764750003029
1	11	-0.940452250000817
1	11	-0.8149835000003804
1	11	-0.7796085000009043
1	11	-0.5305147500002931
1	11	-0.47648450000269804
1	11	0.4582029999946826
1	11	0.9285779999954684
1	11	1.1686092499949154
1	11	1.9634217499951774
1	12	-5.8580137499993725
1	12	-5.436482500001148
1	12	-5.358701249999285
1	12	-5.331513749999431
1	12	-4.564826249999896
1	12	-4.166138749998936
1	12	-4.139326249998703
1	12	-4.1133574999985285
1	12	-4.105920000001788
1	12	-3.4234824999984994
1	12	-2.794077249996917
1	12	-2.638046000000031
1	12	-1.9342335000001185
1	12	-1.7051709999977902
1	12	-1.662889749997703
1	12	-1.4112959999984014
1	12	-1.015295999997761
1	12	-0.8359220000020287
1	12	-0.7008907500021451
1	12	-0.4963907499986817
1	12	-0.06801574999917648
1	12	0.053140500000154134
1	12	0.1004529999991064
1	12	0.20932800000082352
1	12	0.6486717500010855
1	12	0.7910154999990482
1	12	0.8014217499985534
1	12	0.9789217500001541
1	12	1.020140500000707
1	12	1.3127029999996012
1	12	1.5382654999993974
1	12	1.6518895000008342
1	12	1.9144207499994081
1	12	1.9760457500015036
1	13	-5.989356999998563
1	13	-5.808606999999029
1	13	-5.76948199999606
1	13	-5.262888249999378
1	13	-5.24891949999801
1	13	-5.041481999996904
1	13	-4.683856999996351
1	13	-4.30270174999896
1	13	-4.238045499998407
1	13	-3.854326749999018
1	13	-3.5491079999992508
1	13	-3.5101079999985814
1	13	-2.824639250000473
1	13	-2.7425455000011425
1	13	-2.7104829999989306
1	13	-2.6102642500009097
1	13	-2.42545175000123
1	13	-2.353107999999338
1	13	-2.0827652499974647
1	13	-2.0366714999981923
1	13	-1.957702749998134
1	13	-1.9083277499994438
1	13	-1.394265249997261
1	13	-0.7030464999988908
1	13	-0.6252964999985124
1	13	-0.45976524999787216
1	13	-0.38801524999871617
1	13	-0.34260899999935646
1	13	0.17304725000212784
1	13	0.18242225000358303
1	13	0.21404725000320468
1	13	0.7419212499989953
1	13	0.9928587499998685
1	13	1.0784524999980931
1	13	1.2557962499995483
1	13	1.4294212499989953
1	13	1.474514999998064
1	13	1.5664524999992864
1	13	1.6202962499992282
1	13	1.6705775000009453
1	13	1.7974837500005378
1	13	1.8163899999999558
1	13	1.8337025000000722
1	13	1.9758274999985588
1	14	-5.569576000001689
1	14	-4.578513500000554
1	14	-4.162732249998953
1	14	-4.013576000001194
1	14	-3.2970769999992626
1	14	-2.9796082499997283
1	14	-2.74951449999935
1	14	-2.704170749999321
1	14	-2.027358249997633
1	14	-1.9988894999987679
1	14	-1.2772332499989716
1	14	-1.1761082499979238
1	14	-1.1206707499986805
1	14	-1.0823582499979238
1	14	-1.05029574999935
1	14	-1.0211395000005723
1	14	-0.9802019999988261
1	14	-0.7754530000020168
1	14	-0.6505155000013474
1	14	-0.31185924999954295
1	14	-0.1490467500007071
1	14	-0.11892174999957206
1	14	-0.09723425000265706
1	14	0.23757824999847799
1	14	0.4276094999986526
1	14	0.47885949999908917
1	14	1.578453250000166
1	14	1.6548585000018647
1	14	1.6915460000018356
1	14	1.7220772500004387
1	14	1.7742022500024177
1	14	1.794483500001661
1	14	1.8915772500004095
1	15	-5.982887500005745
1	15	-4.870169750003697
1	15	-4.460138500002358
1	15	-4.135763500002213
1	15	-4.084544750003261
1	15	-4.080607250001776
1	15	-3.8877947500041046
1	15	-3.7754197500034934
1	15	-3.7405447500023
1	15	-3.250513500002853
1	15	-2.732983249999961
1	15	-2.615764500002115
1	15	-2.2632332499997574
1	15	-2.225858249999874
1	15	-2.0813895000028424
1	15	-2.026764500002173
1	15	-1.3048895000029006
1	15	-1.1254832500017073
1	15	-0.947920750000776
1	15	-0.07892175000233692
1	15	0.5540782499956549
1	15	0.9140469999983907
1	15	1.6159844999965571
1	15	1.9502032499985944
1	16	-5.626356000000669
1	16	-4.935950750001211
1	16	-4.828857000004064
1	16	-4.514044500003365
1	16	-4.203388250003627
1	16	-4.064513250003074
1	16	-3.9127007500028412
1	16	-3.516607000001386
1	16	-3.439294500003598
1	16	-3.197200750000775
1	16	-3.1677632500031905
1	16	-3.1288257500018517
1	16	-3.10110700000223
1	16	-3.017013250002492
1	16	-2.5745767500011425
1	16	-2.5292642499989597
1	16	-2.4193267500013462
1	16	-2.412295500002074
1	16	-1.9904830000014044
1	16	-0.7058580000011716
1	16	-0.6892955000002985
1	16	0.06076599999869359
1	16	0.13832849999744212
1	16	0.15248474999680184
1	16	0.22214099999837345
1	16	0.3957347499963362
1	16	0.8836722499981988
1	16	0.9294222499956959
1	16	1.8532034999989264
1	16	1.9435784999986936
1	17	-5.671044250000705
1	17	-5.626263000001927
1	17	-5.0397952500024985
1	17	-4.388451500002702
1	17	-4.130232750001596
1	17	-3.910326500004885
1	17	-3.308357750003779
1	17	-2.8787952500024403
1	17	-2.3717649999998685
1	17	-2.2775150000015856
1	17	-2.265327500001149
1	17	-2.1767650000001595
1	17	-1.8583900000012363
1	17	-1.3450462500004505
1	17	-0.9806400000015856
1	17	-0.12307850000433973
1	17	-0.06760975000361213
1	17	0.04526524999528192
1	17	0.19867149999481626
1	17	0.24782774999766843
1	17	0.33160899999711546
1	17	0.375046499997552
1	17	0.47195274999467074
1	17	0.5204839999969408
1	17	0.9197964999948454
1	17	0.9461714999961259
1	17	0.9781714999953692
1	17	1.021015249996708
1	17	1.0600152499973774
1	17	1.2407339999954274
1	17	1.2972964999971737
1	17	1.301640249996126
1	17	1.7833902499951364
1	17	1.8386714999978722
1	18	-4.573982750000141
1	18	-4.384045250000781
1	18	-3.1205765000013344
1	18	-1.6261712500017893
1	18	-1.2932025000009162
1	18	-1.039483750002546
1	18	-0.59664000000339
1	18	0.885327749998396
1	18	1.0626090000005206
1	18	1.2795152500002587
1	18	1.3148589999982505
1	18	1.9585464999981923
1	18	1.9913902500011318
1	19	-5.812481499997375
1	19	-5.6965752500000235
1	19	-5.588200250000227
1	19	-5.445981499997288
1	19	-5.393512749997171
1	19	-5.295637749997695
1	19	-4.523731499997666
1	19	-4.446106499999587
1	19	-4.402825249999296
1	19	-4.209075250000751
1	19	-4.200200249997579
1	19	-3.8389825000012934
1	19	-3.1255137500011188
1	19	-3.0255762500019046
1	19	-2.997576249999838
1	19	-2.5944512500027486
1	19	-2.570045000000391
1	19	-2.545545000000857
1	19	-2.5417012500001874
1	19	-2.4738887500025157
1	19	-1.848920000000362
1	19	-1.69760750000205
1	19	-0.8648897499988379
1	19	-0.8398272499980521
1	19	-0.6529522499986342
1	19	-0.02782724999997299
1	19	0.08161024999935762
1	19	0.2833290000016859
1	19	0.6548289999991539
1	19	0.8875477500005218
1	19	0.9807029999974475
1	19	1.0865154999992228
1	19	1.2882342499979131
1	19	1.3570467499994265
1	19	1.5855467499968654
1	19	1.651296749998437
1	20	-5.231231499998103
1	20	-4.414045000001352
1	20	-4.329107500001555
1	20	-4.2081387500002165
1	20	-4.129138749998674
1	20	-3.8574824999996054
1	20	-3.422107499998674
1	20	-3.360420000000886
1	20	-1.8337959999989835
1	20	-1.5372647499971208
1	20	-1.4972647499998857
1	20	-1.3620772499998566
1	20	-1.1404210000000603
1	20	-0.9203272499980812
1	20	-0.8262647499977902
1	20	-0.7889834999987215
1	20	-0.7568897499986633
1	20	-0.4559522499985178
1	20	-0.4074209999998857
1	20	0.00026650000290828757
1	20	0.2992030000023078
1	20	0.3367342500023369
1	20	0.42385925000417046
1	20	0.46817175000251154
1	20	0.9474217500028317
1	20	1.0365467500014347
1	20	1.1337655000024824
1	20	1.1681092500039085
1	20	1.2164530000045488
1	20	1.3830780000025698
1	20	1.4277655000041705
1	20	1.4483592500037048
1	20	1.464921750004578
1	20	1.481578000002628
1	20	1.5066092500019295
1	20	1.5405155000044033
1	20	1.6013592500021332
1	20	1.769609250004578
1	21	-5.646356500001275
1	21	-5.043668999998772
1	21	-4.998168999998597
1	21	-4.177888749996782
1	21	-3.6611387499979173
1	21	-3.6422637499963457
1	21	-3.5248262499990233
1	21	-3.493013749997772
1	21	-3.363326249997044
1	21	-3.2441387499966368
1	21	-3.1426699999974517
1	21	-1.6281085000009625
1	21	-1.5840147499984596
1	21	-1.4900772500004678
1	21	-0.6773897499988379
1	21	-0.6451085000007879
1	21	-0.4718272499994782
1	21	-0.4427022499985469
1	21	-0.38317100000131177
1	21	-0.25567099999898346
1	21	-0.1959522500001185
1	21	0.3101092500000959
1	21	0.6309530000035011
1	21	1.5885780000025989
1	22	-5.987544499999785
1	22	-5.955669499999203
1	22	-5.804263250000076
1	22	-4.479794499999116
1	22	-4.1126080000030925
1	22	-3.822576750000735
1	22	-3.6098579999998037
1	22	-3.408201750000444
1	22	-2.6930142500023067
1	22	-2.0599830000028305
1	22	-1.9654205000006186
1	22	-0.8789214999997057
1	22	0.23232850000204053
1	22	0.681078500001604
1	22	1.0920462499998393
1	22	1.1611712499980058
1	22	1.9165774999964924
1	23	-5.9117007499989995
1	23	-5.178544500002317
1	23	-4.613231999999698
1	23	-4.584669500000018
1	23	-4.471107000001211
1	23	-4.402388250000513
1	23	-3.9520455000019865
1	23	-3.2468580000022484
1	23	-3.051170500002627
1	23	-2.8445455000037327
1	23	-2.8177017500020156
1	23	-2.7846705000010843
1	23	-2.6430455000045185
1	23	-2.5918267500019283
1	23	-2.188014250001288
1	23	-2.1858892500022193
1	23	-2.1827955000044312
1	23	-2.0491080000028887
1	23	-1.2930465000026743
1	23	-0.8780777499996475
1	23	-0.7699527500008116
1	23	-0.7145464999994147
1	23	-0.6746402499993565
1	23	-0.034234000002470566
1	23	0.08242224999776226
1	23	0.12157849999857717
1	23	0.2022660000002361
1	23	0.38314099999843165
1	23	1.3187962500014692
1	23	1.873265000001993
1	24	-5.760419500002172
1	24	-4.447451749998436
1	24	-4.298139250000531
1	24	-4.283139250001113
1	24	-4.236232999999629
1	24	-4.171795499998552
1	24	-3.942639249999047
1	24	-3.8337329999994836
1	24	-3.2702954999986105
1	24	-3.198201749997679
1	24	-3.1419204999983776
1	24	-2.950982999998814
1	24	-2.79654550000123
1	24	-2.679389249999076
1	24	-2.468858000000182
1	24	-2.0482027500002005
1	24	-2.0276402500021504
1	24	-1.9670152500002587
1	24	-1.902484000002005
1	24	-1.7283277500027907
1	24	-1.4877340000020922
1	24	-1.3793902500001423
1	24	-1.345859000000928
1	24	-1.258671499999764
1	24	-1.2202027500024997
1	24	-1.1774527500019758
1	24	-1.107577750000928
1	24	-1.0617652500004624
1	24	-0.9949840000008408
1	24	-0.9402965000008408
1	24	-0.8865152500002296
1	24	-0.5854527500014228
1	24	-0.3768277500021213
1	24	-0.3350777500018012
1	24	-0.2609840000004624
1	24	-0.21207775000220863
1	24	-0.13807775000168476
1	24	-0.07732775000113179
1	24	0.23501499999838416
1	24	0.35060874999908265
1	24	0.4470462499994028
1	24	0.7553274999991118
1	24	0.8017962500016438
1	24	0.8445462499985297
1	24	1.0253587500010326
1	24	1.1858900000006543
1	24	1.2222962500018184
1	24	1.2282337500000722
1	24	1.6927962500012654
1	24	1.896296250000887
1	25	-5.888856749999832
1	25	-5.799419250000938
1	25	-5.671856749999279
1	25	-5.403294250001636
1	25	-4.869795250000607
1	25	-4.816607749999093
1	25	-4.8043889999971725
1	25	-4.790795249999064
1	25	-4.7890764999974635
1	25	-3.8890764999996463
1	25	-3.8344827500004612
1	25	-3.550545250000141
1	25	-2.356921250000596
1	25	-1.4971087500016438
1	25	-0.23267124999983935
1	25	0.32989024999915273
1	25	1.3752339999991818
1	25	1.4085777500004042
1	25	1.4412965000010445
1	25	1.5020465000015975
1	25	1.6823277500006952
1	25	1.8417027499999676
1	26	-5.264044499996089
1	26	-4.161606999998185
1	26	-3.570075749998068
1	26	-3.0901080000003276
1	26	-1.7562954999993963
1	26	-1.5685454999984358
1	26	-0.6502027499955148
1	26	-0.45820274999641697
1	26	0.02076600000145845
1	26	0.05654725000204053
1	26	0.1531410000025062
1	26	0.46679725000285544
1	26	0.8949535000028845
1	26	1.001609750004718
1	26	1.0167972500021278
1	26	1.3541722500012838
1	26	1.5732347500015749
1	26	1.627328500002477
1	26	1.8854525000024296
1	27	-5.814981499999703
1	27	-5.498731499999849
1	27	-5.246981500000402
1	27	-5.040044999997917
1	27	-4.3022637499962
1	27	-3.765451249997568
1	27	-3.758763749996433
1	27	-3.402576249998674
1	27	-3.2445137499962584
1	27	-3.228732499996113
1	27	-3.203169999997044
1	27	-2.9606074999974226
1	27	-2.917263749997801
1	27	-2.8646699999953853
1	27	-2.8355137499966077
1	27	-2.7981074999952398
1	27	-2.7687949999963166
1	27	-2.535858499999449
1	27	-2.4665147499981686
1	27	-2.141202250000788
1	27	-2.021983499998896
1	27	-2.0087334999989253
1	27	-1.802702249999129
1	27	-1.6848272499992163
1	27	-1.5553897499994491
1	27	-1.4747022499977902
1	27	-1.316983500000788
1	27	-1.216358499998023
1	27	-1.0901709999998275
1	27	-1.0617647500002931
1	27	-0.24154599999747006
1	27	0.5097967500041705
1	27	0.5270467500013183
1	27	0.7827030000044033
1	27	0.9330467500039958
1	27	0.971296750001784
1	27	0.9893280000032973
1	27	1.0268905000011728
1	27	1.3220780000010564
1	27	1.3770780000013474
1	27	1.4282967500039376
1	27	1.9300155000019004
1	28	-5.885512250002648
1	28	-5.547824750003201
1	28	-5.5116685000029975
1	28	-5.452699750003376
1	28	-5.232293500004744
1	28	-4.79001325000354
1	28	-4.3769507500037435
1	28	-4.068482000002405
1	28	-3.034294500001124
1	28	-2.423733000003267
1	28	-2.2547017500037327
1	28	-1.919514250002976
1	28	-1.756983000002947
1	28	-1.7268580000054499
1	28	-1.6100455000050715
1	28	-0.5841705000057118
1	28	-0.524264250005217
1	28	-0.5008892500045476
1	28	-0.15451425000355812
1	28	-0.0712027500012482
1	28	0.5939847499976167
1	28	0.9428909999987809
1	28	1.2337972499990428
1	29	-5.989169500004209
1	29	-5.05954450000354
1	29	-4.943482000002405
1	29	-3.258420500002103
1	29	-3.20279550000123
1	29	-2.8311705000014626
1	29	-2.5527017499989597
1	29	-2.3423580000016955
1	29	-2.2686705000014626
1	29	-2.1383267500023067
1	29	-1.7075777500031109
1	29	-1.548452750001161
1	29	-1.3467652500039549
1	29	-1.0350152500031982
1	29	-0.6405777500040131
1	29	-0.47389025000302354
1	29	-0.4312027500018303
1	29	0.026328499996452592
1	29	0.345140999997966
1	29	0.3616409999958705
1	29	0.422547249996569
1	29	0.5381722499987518
1	29	0.6819212499976857
1	29	0.8794837499990535
1	29	0.8936087500005669
1	29	1.469983749997482
1	29	1.5128899999981513
1	29	1.6357649999990826
1	29	1.745390000000043
1	29	1.7636399999973946
1	29	1.7834524999998393
1	29	1.8102650000000722
1	30	-5.2916389999991225
1	30	-5.143420249998599
1	30	-4.061576500000228
1	30	-4.025013999998919
1	30	-3.6539202499989187
1	30	-2.977451499999006
1	30	-2.9436702499988314
1	30	-2.859171250001964
1	30	-2.295733750001091
1	30	-2.2120462499988207
1	30	-2.1481087499996647
1	30	-1.9370149999995192
1	30	-1.44367124999917
1	30	-1.342421249999461
1	30	-1.2411400000019057
1	30	-1.2063899999993737
1	30	-1.0548275000001013
1	30	-0.837483750001411
1	30	-0.8127337500009162
1	30	-0.6007337500013818
1	30	-0.16523474999848986
1	30	0.2032340000005206
1	30	0.46604650000153924
1	30	0.4959527499995602
1	30	0.6129527500015683
1	30	0.6888590000016848
1	30	0.7292340000021795
1	30	0.9988590000029944
1	30	1.190015250002034
1	30	1.3065464999999676
1	30	1.391296500001772
1	30	1.6504840000015975
1	30	1.7222340000007534
1	31	-4.788545249997696
1	31	-4.625263999998424
1	31	-4.558920249997755
1	31	-3.8049202499969397
1	31	-3.695170249997318
1	31	-3.594013999998424
1	31	-3.590420249998715
1	31	-3.3320452499974635
1	31	-3.0130452499979583
1	31	-2.3046399999948335
1	31	-2.220483749995765
1	31	-1.3252962499973364
1	31	-1.2666087499965215
1	31	-1.1957649999967543
1	31	-0.4180159999996249
1	31	0.020109000000957167
1	31	0.35189024999999674
1	31	0.5292340000014519
1	31	0.9092965000018012
1	31	1.2801402500008408
1	31	1.3487965000022086
1	31	1.5924840000006952
1	32	-5.50591925000117
1	32	-5.370451500002673
1	32	-4.953607750001538
1	32	-4.911857750001218
1	32	-4.896045250003226
1	32	-4.83313900000212
1	32	-4.793295250001393
1	32	-4.046639000003779
1	32	-3.672951500000636
1	32	-3.4806077500034007
1	32	-3.420170250003139
1	32	-3.1869827500013344
1	32	-2.49342125000112
1	32	-1.8761712500017893
1	32	-1.7182649999995192
1	32	-1.2158275000001595
1	32	-0.8274837499993737
1	32	-0.5014212499991118
1	32	-0.4634837500016147
1	32	-0.04895350000151666
1	32	0.10651524999775575
1	32	0.5744839999970281
1	32	1.1352027499960968
1	32	1.8855152499963879
1	33	-4.241418999998132
1	33	-3.7322949999979755
1	33	-3.6827637499955017
1	33	-3.5307012499979464
1	33	-3.4255449999982375
1	33	-3.393232499998703
1	33	-3.296263749998616
1	33	-3.2402324999966368
1	33	-3.1880137499974808
1	33	-2.3151699999980337
1	33	-1.918294999995851
1	33	-1.6412012499968114
1	33	-1.4538272499994491
1	33	-0.6001397500003804
1	33	-0.5433897500006424
1	33	-0.5014522499986924
1	33	-0.4276084999983141
1	33	0.025829000001976965
1	33	0.23176650000095833
1	33	0.2731102500001725
1	33	0.3945789999997942
1	33	0.4839227500015113
1	33	1.154484250000678
1	33	1.2118280000031518
1	33	1.3926405000020168
1	33	1.435109250003734
1	33	1.8888905000021623
1	33	1.9004530000020168
1	33	1.9189217500024824
1	34	-5.311199749998195
1	34	-5.2194184999971185
1	34	-4.539200750001328
1	34	-4.5132632499989995
1	34	-4.436763249999785
1	34	-4.390169499998592
1	34	-3.753325749999931
1	34	-3.52645074999964
1	34	-3.4935132499995234
1	34	-3.41176324999833
1	34	-3.3341694999980973
1	34	-2.9753257500015025
1	34	-2.8389194999981555
1	34	-2.692982000000484
1	34	-2.5445454999971844
1	34	-1.8732329999984358
1	34	-1.7912954999992508
1	34	-1.607732999997097
1	34	-0.7538892499978829
1	34	-0.3462329999965732
1	34	-0.31235799999922165
1	34	-0.25613924999925075
1	34	-0.23195174999636947
1	34	-0.1188277500004915
1	34	0.20229725000172039
1	34	0.22445349999907194
1	34	0.3294534999986354
1	34	1.0289847499989264
1	34	1.1958285000000615
1	34	1.3677347500015458
1	34	1.7284534999998868
1	34	1.8037660000009055
1	34	1.8223910000015167
1	34	1.9685160000008182
1	35	-5.699168999999529
1	35	-4.251576250000653
1	35	-4.2432950000002165
1	35	-4.1651700000002165
1	35	-4.129013750000013
1	35	-3.8897949999991397
1	35	-3.6957949999996345
1	35	-3.4134200000007695
1	35	-3.342826249998325
1	35	-2.613764749999973
1	35	-2.521545999999944
1	35	-2.102952249999362
1	35	-1.9512022499984596
1	35	-1.9149834999989253
1	35	-1.8031397499980812
1	35	-1.4387647499970626
1	35	-1.4054209999994782
1	35	-1.3639522499979648
1	35	-1.322858499999711
1	35	-1.3138584999978775
1	35	-1.2135459999990417
1	35	-1.1329209999967134
1	35	-1.0819835000002058
1	35	-1.0400147499967716
1	35	-0.889358499996888
1	35	-0.8465147499991872
1	35	-0.4392959999968298
1	35	-0.14085849999901257
1	35	-0.03532825000002049
1	35	0.19614050000018324
1	35	0.25170299999808776
1	35	0.30242174999875715
1	35	0.5260779999989609
1	35	0.6651092499996594
1	35	0.7080467499981751
1	35	0.9534842499997467
1	35	1.8039217500008817
1	35	1.8339217499997176
1	36	-4.971544500000164
1	36	-4.127857000003132
1	36	-3.9352319999998144
1	36	-3.9246382500023174
1	36	-3.245138250000309
1	36	-2.987982999999076
1	36	-2.070607999998174
1	36	-2.0412954999992508
1	36	-1.737451749999309
1	36	-1.6320142500007933
1	36	-1.615951749998203
1	36	-0.6922017500000948
1	36	1.3013910000008764
1	36	1.3561722500016913
1	36	1.3745785000028263
1	36	1.7176097500014293
1	37	-5.99745074999737
1	37	-5.833638249994692
1	37	-5.641169499995158
1	37	-5.604263249995711
1	37	-5.202731999994285
1	37	-5.073669499994139
1	37	-5.016044499996497
1	37	-4.914044499993906
1	37	-4.839419499996438
1	37	-4.757981999995536
1	37	-4.723731999994925
1	37	-4.695669499997166
1	37	-3.959544499994081
1	37	-3.2215454999968642
1	37	-3.188951749998523
1	37	-2.832826749996457
1	37	-2.7997954999991634
1	37	-2.537920499999018
1	37	-2.400982999995904
1	37	-2.1320454999986396
1	37	-2.086545499998465
1	37	-1.3999839999960386
1	37	-1.34707774999697
1	37	-1.304015249996155
1	37	-0.4771402499973192
1	37	-0.30085899999539834
1	37	-0.1671714999974938
1	37	0.13273475000460166
1	37	0.5113910000036412
1	37	0.6228285000033793
1	37	0.9727972500040778
1	37	1.03860975000498
1	37	1.2873900000013236
1	37	1.55367125000339
1	37	1.6327962500035937
1	37	1.781765000003361
1	38	-5.674012749997928
1	38	-5.507856500000344
1	38	-5.227762750000693
1	38	-5.180262750000111
1	38	-5.14070024999819
1	38	-5.123637749999034
1	38	-5.101606500000344
1	38	-4.859481499999674
1	38	-4.8496377499977825
1	38	-4.6919502499986265
1	38	-4.344887749997724
1	38	-4.291668999998365
1	38	-4.106701250002516
1	38	-4.030013750001672
1	38	-3.929920000002312
1	38	-3.6947637500015844
1	38	-3.4480762500024866
1	38	-3.4089825000010023
1	38	-3.369701250001526
1	38	-2.7160762500025157
1	38	-2.6784512500016717
1	38	-2.3617325000013807
1	38	-1.8678887500027486
1	38	-1.8583575000011479
1	38	-1.8476700000028359
1	38	-1.830826249999518
1	38	-1.8216387499996927
1	38	-1.7966699999997218
1	38	-1.0655147500001476
1	38	-0.8934522499985178
1	38	-0.32810849999805214
1	38	0.2892352500020934
1	38	0.9581092499975057
1	38	0.9917029999996885
1	38	1.754702999998699
1	38	1.9930779999995138
1	39	-5.984450250001828
1	39	-5.842294000001857
1	39	-5.437137749999238
1	39	-5.106044000000111
1	39	-4.184763750003185
1	39	-3.9426075000010314
1	39	-3.6849200000033306
1	39	-3.414388750003127
1	39	-3.283763750001526
1	39	-2.7856700000011188
1	39	-2.6514825000012934
1	39	-2.5747950000040873
1	39	-2.390013750002254
1	39	-2.038045000001148
1	39	-1.998795000003156
1	39	-1.8818272499993327
1	39	-1.8327647500009334
1	39	-1.8083272500007297
1	39	-1.694983500001399
1	39	-1.6620460000012827
1	39	-1.6184210000028543
1	39	-1.4338897500019812
1	39	-1.3017647500018938
1	39	-1.0450147500014282
1	39	-0.9982647500000894
1	39	-0.913108500000817
1	39	-0.8372960000015155
1	39	-0.7190460000019812
1	39	-0.6924835000027088
1	39	-0.5642022499996528
1	39	-0.5260147500011954
1	39	-0.4756397500023013
1	39	-0.35157724999953643
1	39	-0.2990772500015737
1	39	-0.25810850000198116
1	39	0.08670399999755318
1	39	0.18039149999822257
1	39	0.20820399999865913
1	39	0.23432899999897927
1	39	0.3438915000006091
1	39	0.39298525000049267
1	39	0.5124842500008526
1	39	0.670828000002075
1	39	0.9238905000020168
1	39	1.082734250001522
1	39	1.1536092499991355
1	39	1.1901404999989609
1	39	1.277109250000649
1	39	1.2967654999993101
1	39	1.3539842499994847
1	39	1.3915154999995138
1	39	1.4288280000000668
1	39	1.7588905000011437
1	39	1.8126717500017548
1	39	1.8412342500014347
1	40	-3.906857999998465
1	40	-3.6957954999998037
1	40	-3.170420499998727
1	40	-3.132826749999367
1	40	-3.105795499999658
1	40	-3.049639249999018
1	40	-3.0026392499967187
1	40	-2.7482954999977665
1	40	-2.338701749999018
1	40	-2.300515250000899
1	40	-2.265796499999851
1	40	-1.9638277500016557
1	40	-1.8380152499994438
1	40	-1.7877340000013646
1	40	-1.753233999999793
1	40	-0.5346089999984542
1	40	-0.4826402500002587
1	40	-0.4015465000011318
1	40	0.24701500000082888
1	40	0.8954837500023132
1	40	0.9135150000001886
1	40	1.216390000001411
1	40	1.278890000001411
1	40	1.3199212500003341
1	40	1.3623275000027206
1	40	1.3922337500007416
1	40	1.6757025000006252
1	41	-4.726825749999989
1	41	-4.709388250001211
1	41	-4.57826324999769
1	41	-4.033575749999727
1	41	-4.019138249997923
1	41	-3.7951382499995816
1	41	-3.7165132499976608
1	41	-3.454013250000571
1	41	-2.653825749999669
1	41	-2.15738925000187
1	41	-2.0546080000021902
1	41	-2.0166080000017246
1	41	-1.96329550000155
1	41	-1.9261079999996582
1	41	-1.0117330000030051
1	41	-0.5287330000028305
1	41	-0.21310799999992014
1	41	-0.158201750000444
1	41	0.582703500000207
1	41	0.6262347500014585
1	41	0.721484749999945
1	41	0.9060785000001488
1	41	0.9412347500001488
1	41	1.3352034999988973
1	41	1.3723285000014585
1	41	1.3923910000012256
1	41	1.4418909999985772
1	41	1.5274222500011092
1	41	1.6675785000006726
1	41	1.6949222500006726
1	41	1.802797249998548
1	42	-5.679981500004942
1	42	-5.426481500006048
1	42	-5.41398150000532
1	42	-5.374482500003069
1	42	-5.131888750001963
1	42	-4.324857500003418
1	42	-3.518857500002923
1	42	-3.40073250000205
1	42	-2.716983500002243
1	42	-2.3857960000023013
1	42	-2.3540772500018647
1	42	-2.0096709999997984
1	42	-1.7686085000023013
1	42	-1.7594522500003222
1	42	-1.5238897500021267
1	42	-1.497608500001661
1	42	-1.3596397500004969
1	42	-1.2566710000028252
1	42	-0.7148272500016901
1	42	-0.642452250001952
1	42	-0.5752335000033781
1	42	-0.5707647500021267
1	42	-0.19739075000325101
1	42	0.24779674999808776
1	42	0.2635154999952647
1	42	0.29276549999485724
1	42	0.3301404999947408
1	42	1.0489842499955557
1	42	1.1575467499969818
1	42	1.1998592499949154
1	42	1.809296749997884
1	43	-5.678106249997654
1	43	-5.484356249999109
1	43	-5.176325000000361
1	43	-4.092982250000205
1	43	-4.0587322500032315
1	43	-2.841388500000903
1	43	-2.8164197500009323
1	43	-2.3217332499989425
1	43	-2.295045750001009
1	43	-2.205826999997953
1	43	-2.0962020000006305
1	43	-2.0587957499992626
1	43	-2.005670750000718
1	43	-1.7155769999990298
1	43	-1.6135457499985932
1	43	-1.2691707499980112
1	43	-0.7750769999984186
1	43	-0.6199832499987679
1	43	-0.3907020000006014
1	43	-0.28642074999879696
1	43	-0.08685825000065961
1	43	0.41320324999833247
1	43	0.49420324999664444
1	43	0.5419219999967027
1	43	0.8226094999990892
1	43	1.16501574999711
1	43	1.2197344999985944
1	43	1.2791407499971683
1	43	1.295046999999613
1	43	1.3437344999983907
1	43	1.555734499997925
1	43	1.7590157499980705
1	43	1.87614074999874
1	43	1.9022032499997295
1	44	-5.749012750002294
1	44	-5.673545000001468
1	44	-5.61923250000109
1	44	-5.119138750003913
1	44	-5.081295000003593
1	44	-4.714170000002923
1	44	-3.993451250004
1	44	-2.443733500000235
1	44	-2.2976397500024177
1	44	-1.5283272500018938
1	44	-1.4568585000015446
1	44	-1.3527959999992163
1	44	-1.1301710000007006
1	44	-1.0942647500014573
1	44	-0.9734835000017483
1	44	-0.7284532500016212
1	44	-0.7053282500019122
1	44	-0.4027345000031346
1	44	-0.016703250003047287
1	44	0.009890499997709412
1	44	0.06195299999671988
1	44	0.24251549999826238
1	44	0.2965154999983497
1	44	0.3669842499984952
1	44	0.4473279999983788
1	44	1.108734249995905
1	44	1.1539217499957886
1	44	1.2311404999963997
1	44	1.366859249996196
1	44	1.3919217499969818
1	45	-5.957200000000739
1	45	-5.685699999998178
1	45	-4.9576374999996915
1	45	-4.1453885000009905
1	45	-4.0600760000015725
1	45	-4.032669750002242
1	45	-4.003451000000496
1	45	-3.2951385000014852
1	45	-3.229513500002213
1	45	-3.1022322500029986
1	45	-2.1901072500004375
1	45	-2.013826999998855
1	45	-2.0018582499978947
1	45	-1.5978582499992626
1	45	-1.544545749999088
1	45	-1.510108250000485
1	45	-1.45654574999935
1	45	-1.3286394999995537
1	45	-0.4492332500012708
1	45	0.15332924999893294
1	45	0.8835782499991183
1	45	1.0317032499988272
1	45	1.137453249997634
1	45	1.327421999998478
1	45	1.8933907499995257
1	46	-5.179357250002795
1	46	-5.079201000004105
1	46	-2.877295750000485
1	46	-2.733389500001067
1	46	-2.726483250000456
1	46	-1.9410145000001648
1	46	-1.4456082500000775
1	46	-1.3198895000023185
1	46	-1.2676395000016782
1	46	-1.1235144999991462
1	46	-1.0694519999997283
1	46	-1.014952000001358
1	46	-0.9262020000023767
1	46	-0.5719520000020566
1	46	-0.5402957500009506
1	46	-0.5146082499995828
1	46	-0.48242075000234763
1	46	-0.44882700000016484
1	46	-0.410140500003763
1	46	-0.3709530000014638
1	46	-0.3046092500044324
1	46	-0.2669842500035884
1	46	-0.23204675000306452
1	46	-0.17064050000408315
1	46	0.018765749995509395
1	46	0.09060949999548029
1	46	0.23498449999533477
1	46	0.36785949999830336
1	46	0.4038907499962079
1	46	0.44667199999821605
1	46	0.49657824999667355
1	46	0.5655157499968482
1	46	0.6135157499957131
1	46	0.8328907499962952
1	46	0.8521719999953348
1	46	1.0583282499974302
1	46	1.1037657499982743
1	46	1.3628282499958004
1	46	1.4350782499968773
1	46	1.4967657499983034
1	46	1.5641407499970228
1	46	1.6909219999979541
1	46	1.7423282499985362
1	46	1.7792969999973138
1	46	1.8200782499989145
1	46	1.9464219999972556
1	47	-5.717232249997323
1	47	-5.549013500000001
1	47	-5.489169749998837
1	47	-5.432325999998284
1	47	-5.370419749997382
1	47	-5.258700999998837
1	47	-5.162169749997702
1	47	-4.867388499998924
1	47	-4.790669750000234
1	47	-4.742576000000554
1	47	-4.5047634999973525
1	47	-4.468107249998866
1	47	-4.292919749997964
1	47	-4.26726349999808
1	47	-4.156232249999448
1	47	-4.147888499999681
1	47	-3.988263499999448
1	47	-3.935450999997556
1	47	-3.8155134999979055
1	47	-3.7680447499988077
1	47	-3.6696697499974107
1	47	-3.611045749999903
1	47	-3.5710145000011835
1	47	-3.447389500001009
1	47	-3.4072645000014745
1	47	-3.3972020000001066
1	47	-2.8470457500006887
1	47	-2.801733250002144
1	47	-2.7324832500016782
1	47	-2.686827000001358
1	47	-2.416483250002784
1	47	-2.39404574999935
1	47	-2.3859832500020275
1	47	-2.2801082500009215
1	47	-2.2721082499992917
1	47	-2.2413269999997283
1	47	-2.2090769999995246
1	47	-2.1727645000028133
1	47	-2.066858250000223
1	47	-1.9761082500008342
1	47	-1.6971395000000484
1	47	-1.470733250000194
1	47	-1.3814207499999611
1	47	-1.2953582500013
1	47	-1.0186092500007362
1	47	-0.6489842499977385
1	47	-0.612640499999543
1	47	-0.5917342499997176
1	47	-0.3855154999982915
1	47	-0.3552342500006489
1	47	0.1472657500016794
1	47	0.1907969999992929
1	47	0.4158595000008063
1	47	0.6293907500003115
1	47	0.7749532500019995
1	47	0.8449220000002242
1	47	0.9915782499992929
1	47	1.035797000000457
1	47	1.1702345000012428
1	47	1.2313595000014175
1	47	1.3410782499995548
1	47	1.9594522499974119
1	47	1.9987022499990417
1	48	-5.694638249999116
1	48	-5.6732944999967
1	48	-5.642106999996031
1	48	-5.00116949999574
1	48	-4.935044499998185
1	48	-4.896013249996031
1	48	-3.940045499999542
1	48	-3.318857999998727
1	48	-3.0828892499994254
1	48	-2.8122642499984067
1	48	-2.2839517499996873
1	48	-2.234576750000997
1	48	-2.1666704999988724
1	48	-2.1351392500000657
1	48	-1.7348579999998037
1	48	-0.8732027499972901
1	48	-0.8595777499976975
1	48	-0.5000152499960677
1	48	0.6496722500014585
1	48	0.8517347500019241
1	48	0.9157962499994028
1	48	1.0652962499989371
1	48	1.327421250000043
1	48	1.4001400000015565
1	48	1.4153587500004505
1	48	1.4402650000010908
1	48	1.4680775000015274
1	48	1.6692337499989662
1	48	1.705796250000276
1	49	-5.970512749998306
1	49	-5.693887749999703
1	49	-5.278356499999063
1	49	-5.059606499999063
1	49	-4.993981499999791
1	49	-4.84651274999851
1	49	-4.553137749997404
1	49	-4.301137749996997
1	49	-3.6377012500015553
1	49	-3.5882637499998964
1	49	-3.2232637500019337
1	49	-2.8003575000002456
1	49	-2.757513749998907
1	49	-2.6282637500007695
1	49	-1.8426700000018172
1	49	-1.7299834999976156
1	49	-1.4255772500000603
1	49	-1.3277022500005842
1	49	-1.1077334999972663
1	49	-0.8772959999987506
1	49	-0.22135849999904167
1	49	-0.1856397499977902
1	49	-0.11742099999901257
1	49	-0.08904599999732454
1	49	-0.07667099999889615
1	49	-0.07045224999819766
1	49	-0.05623349999950733
1	49	-0.0192022499977611
1	49	1.0413592500044615
1	49	1.2253280000040832
1	50	-4.419075249999878
1	50	-3.735013749996142
1	50	-3.6919824999968114
1	50	-3.582169999997859
1	50	-2.738701249996666
1	50	-2.638888749996113
1	50	-2.1199512499952107
1	50	-2.0928887499976554
1	50	-1.8615762499975972
1	50	-1.5243897500004095
1	50	-1.491233499997179
1	50	-1.1264209999972081
1	50	-0.4186397499979648
1	50	0.3157352500020352
1	50	0.3970165000027919
1	50	0.515141500000027
1	50	0.564485250000871
1	50	0.7022655000037048
1	50	0.7163280000022496
1	50	0.9794842500014056
1	50	1.0363592500034429
1	50	1.1781405000037921
1	50	1.3527342500019586
1	50	1.3795780000036757
1	50	1.4038280000022496
1	50	1.9009217500024533
1	50	1.9823592500033556
2	3	-4.131919999999809
2	8	-3.22976424999797
2	8	-2.7382017499985523
2	9	-5.050418999999238
2	14	-0.6607342499992228
2	15	-2.2879207500009215
2	15	-2.2650770000000193
2	16	-5.913731000000553
2	16	-5.567762250000669
2	16	-5.516543500001717
2	16	-5.498074750001251
2	16	-2.903419500002201
2	18	-5.859825500003353
2	18	-5.847388000001956
2	18	-5.8325130000011995
2	24	-5.947700750002696
2	24	1.8096087500016438
2	26	-3.6242632499961474
2	26	-3.6178257499959727
2	26	-3.0965767499983485
2	28	-3.8642945000028703
2	31	-1.6106399999953283
2	32	-1.556233750001411
2	33	-5.14973149999787
2	35	-5.287168999999267
2	35	-1.3312334999973245
2	38	0.03329775000020163
2	39	-5.846918999999616
2	39	-5.832450249999965
2	39	-5.820981500000926
2	40	-5.080482000001211
2	45	-4.895700000000943
2	47	-5.253732249999302
3	3	-5.373231500001566
3	3	-5.357700250002381
3	3	-4.031138750000537
3	3	-4.0078887499985285
3	4	-1.9733897500009334
3	5	-1.8184832500010089
3	5	-1.545670750001591
3	5	0.5693907499990019
3	6	-4.745920500001375
3	6	-4.721639250001317
3	7	-4.497451499999443
3	8	1.6720150000001013
3	9	-5.045637750001333
3	9	-4.618075250000402
3	9	-2.9389200000005076
3	9	-1.9062335000016901
3	10	-4.493732749997434
3	10	-4.483295249996445
3	10	-2.2869524999950954
3	11	-2.881733500002156
3	11	-0.4527032500045607
3	11	0.713484249998146
3	12	-5.897325249996356
3	12	-5.871670000000449
3	13	-4.478326749998814
3	13	0.1882972500025062
3	14	-0.6652342500019586
3	15	-0.19323425000402494
3	17	-1.6711087500007125
3	17	-1.6375775000014983
3	17	-1.63179625000339
3	17	-1.0922650000029535
3	17	-0.2737337500002468
3	19	-3.036638749999838
3	19	1.6343592499979422
3	19	1.646577999999863
3	20	-3.116076250000333
3	21	-2.358733500001108
3	23	-1.3787027500002296
3	23	-1.351921500001481
3	24	-2.1250152499997057
3	24	-1.2299215000020922
3	24	-1.162671500002034
3	24	0.9000774999985879
3	25	-3.8301702499993553
3	25	-0.07495249999919906
3	26	-4.157200749996264
3	27	-4.480013749998761
3	27	-2.0165772500004095
3	27	-1.0799834999997984
3	27	1.4725155000014638
3	28	-5.455793500004802
3	28	-4.185950750001211
3	28	-2.811107000001357
3	28	0.971578499997122
3	29	-2.589014249999309
3	30	-2.305639999998675
3	30	-0.6104837499988207
3	30	-0.5085150000013527
3	31	-3.2119514999976673
3	31	-2.464452499996696
3	32	-4.97523275000276
3	32	-0.9003274999995483
3	32	-0.6217649999998685
3	33	-5.222544000000198
3	33	-3.292794999997568
3	33	-3.255888749998121
3	33	-3.170951249998325
3	33	-1.2097959999991872
3	33	-0.6898584999980812
3	33	-0.6685460000007879
3	34	-5.099106999998185
3	35	-1.5592647499979648
3	35	1.6623279999985243
3	36	1.38442225000108
3	37	-1.9573579999960202
3	37	-0.12776524999571848
3	37	0.9606722500029719
3	38	-4.875887750000402
3	38	-1.9163887499998964
3	38	-1.9109512499999255
3	38	-1.8790137500000128
3	38	-1.8633887500000128
3	38	-0.3615772499979357
3	38	-0.3357647499979066
3	40	-4.0490767499977665
3	41	-5.657137250000233
3	41	1.6373285000008764
3	42	-5.418731500005379
3	42	0.6704217499973311
3	42	0.7416404999967199
3	43	-3.517576000002009
3	44	-2.2587647500004095
3	44	0.5205154999966908
3	46	-2.8289207500019984
3	46	-1.132233250002173
3	46	-1.0795457500025805
3	47	-3.399202000000514
3	47	-3.3797957500028133
3	47	-0.43364049999945564
3	47	-0.3058592499983206
3	48	0.4884535000019241
3	49	-2.489045000002079
3	49	-0.12082725000072969
4	2	-2.7186394999989716
4	2	-0.6021092500013765
4	2	0.9433897500020976
4	2	1.087452250001661
4	2	1.0900772500026505
4	2	1.3450772500000312
4	2	1.8489210000007006
4	3	-1.08713975000137
4	3	-0.6822960000026796
4	3	-0.6719835000003513
4	3	-0.660952250000264
4	3	-0.5150460000004387
4	3	-0.5009835000018938
4	3	-0.18982725000023493
4	4	-5.338919999998325
4	4	-3.310388750000129
4	4	-1.9573272500019812
4	4	-1.3539835000010498
4	4	1.2726717500008817
4	4	1.3179842499994265
4	4	1.7093592499986698
4	5	-3.9123260000014852
4	6	-1.149827750003169
4	6	1.6133274999992864
4	7	0.05317250000007334
4	8	-4.482825750001211
4	8	-0.9530767500000366
4	8	-0.945107999999891
4	9	-5.048200249999354
4	9	-4.300638749999052
4	9	-4.282982500000799
4	9	-3.902357499999198
4	9	-0.5288897499995073
4	9	-0.491952250002214
4	9	1.3723905000006198
4	10	-3.189107749996765
4	11	-4.658513750004204
4	12	-3.9761387500002456
4	12	-1.2631084999993618
4	12	-1.2228584999975283
4	13	-5.921575749998738
4	13	-5.90101324999705
4	13	-5.893513249997341
4	13	-5.212231999998039
4	13	-5.118513249999523
4	13	-4.7824819999987085
4	13	0.18079725000279723
4	14	-3.080920749998768
4	14	-2.148483249999117
4	14	-1.0774519999977201
4	14	-0.7865154999999504
4	15	0.3087657499963825
4	15	0.3111407499964116
4	16	-3.9922007500026666
4	16	-3.266169500002434
4	16	-3.239575750001677
4	17	-2.802264000001742
4	17	-2.431546250001702
4	17	-2.0786712500012072
4	17	-1.7055462500029535
4	17	-1.684108750003361
4	18	-1.7136400000017602
4	19	-5.722668999998859
4	19	-5.206512749999092
4	19	-5.0734190000002855
4	19	-3.035076250002021
4	20	-3.756513749998703
4	21	-5.952106500000809
4	21	-3.4086699999970733
4	21	-3.3754824999959965
4	21	-2.380794999997306
4	21	-1.7032647499981977
4	23	-3.1464205000011134
4	23	-3.129826750002394
4	23	-3.0840455000034126
4	23	-2.7307330000039656
4	24	-3.783107999999629
4	24	-1.984015250000084
4	24	1.733452500000567
4	24	1.7434524999989662
4	24	1.7486087500001304
4	25	-2.7112327499999083
4	25	-2.3360775000001013
4	25	-0.6154212500005087
4	26	-5.2732319999959145
4	26	-3.167326749997301
4	26	-3.0950454999983776
4	26	-1.4480142499996873
4	27	-5.16804399999819
4	27	-3.774794999997539
4	27	-3.4820762499984994
4	27	-2.6681387499957054
4	27	0.8280780000022787
4	27	0.8666717500018422
4	28	-5.15854350000518
4	28	-5.1391372500038415
4	28	-4.16213825000159
4	28	-1.939139250003791
4	28	-1.5506080000050133
4	28	1.4813597499960451
4	29	-3.3187017500022193
4	29	-3.2369830000025104
4	29	-2.5835142500000075
4	29	-2.259264250002161
4	29	-2.21060800000123
4	29	-0.7190152500043041
4	29	-0.7007340000018303
4	29	0.23317224999846076
4	30	-3.7961702499997045
4	30	-3.4192014999971434
4	30	-2.069171250001091
4	30	-0.5136712499988789
4	31	-5.144013999997696
4	31	-3.806701499997871
4	32	-2.013796250001178
4	32	-1.5921400000006543
4	32	1.6898902499960968
4	33	-5.453137749998859
4	33	0.9397664999996778
4	33	0.9591727500010165
4	34	-5.441887249999127
4	34	-2.1708892499991634
4	34	-1.1519829999997455
4	35	1.9762029999983497
4	37	-3.642482999995991
4	37	-3.253889249997883
4	37	-2.5918579999961366
4	38	-4.938856500000838
4	38	-4.892731500000082
4	38	-4.672544000000926
4	38	-2.9356387500010896
4	38	-2.856513750000886
4	38	-2.8325450000011188
4	38	-1.9086075000013807
4	38	-1.2549834999990708
4	39	-2.306263750004291
4	39	1.648203000000649
4	40	-3.8434829999969224
4	40	-2.874670499997592
4	40	1.0493275000007998
4	41	-5.105950749999465
4	41	-5.095169500000338
4	41	-5.090606999998272
4	41	-3.3567944999995234
4	41	-2.2252642500025104
4	41	-1.7583892500006186
4	42	-2.78904600000169
4	42	-2.382046000002447
4	43	-3.4964510000027076
4	43	-0.6896082499988552
4	43	0.056453249999322
4	43	1.3201719999997295
4	43	1.880671999999322
4	44	-1.9101085000002058
4	44	1.2672342499972729
4	44	1.547890499998175
4	45	-3.4528572500021255
4	45	-3.422576000000845
4	46	0.5775469999971392
4	47	-4.7196072499973525
4	47	-2.030170750000252
4	47	-1.9702957500012417
4	48	-4.200669499998185
4	48	0.44751600000381586
4	48	0.44976600000154576
4	48	1.2912649999998393
4	49	-5.8070752499988885
4	49	-3.0347012500023993
4	49	-0.6099209999993036
5	1	-4.491482249995897
5	1	-1.5611394999978074
5	2	-4.590419749998546
5	2	-2.1305144999969343
5	2	-2.0705144999992626
5	2	-0.6966717499999504
5	2	0.27885949999836157
5	2	0.3839845000002242
5	2	0.736859500000719
5	2	1.082514749999973
5	3	-5.310387749999791
5	3	-5.067450250000547
5	3	-4.718419999997423
5	3	-4.111326250000275
5	3	-2.197358500001428
5	3	-2.121358500000497
5	3	-0.7452960000009625
5	3	-0.5536397500000021
5	3	-0.5130772500015155
5	3	-0.4913584999994782
5	3	0.45867174999875715
5	4	-1.9477022500032035
5	4	0.2534842499990191
5	5	-3.6771697500007576
5	5	-3.0378270000001066
5	5	-2.167889500000456
5	5	-2.053983249999874
5	5	-0.484359250003763
5	6	-5.335607000000891
5	6	-0.9193902500010154
5	6	-0.2110152500026743
5	7	-5.122950500001025
5	7	-4.776670250001189
5	7	-4.770170250001684
5	7	-4.410857750001014
5	7	-2.5595140000004903
5	7	-0.2781087499970454
5	7	-0.026702499999373686
5	7	0.7498902500010445
5	8	-4.434231999999611
5	8	1.0715159999999742
5	8	1.7118587500008289
5	9	-4.457794000001741
5	9	-2.1024824999985867
5	9	-1.1347960000020976
5	9	0.38107899999886286
5	10	-4.089732749998802
5	10	-3.2158577499976673
5	10	-0.8220774999972491
5	10	-0.7025774999965506
5	10	-0.5807337499973073
5	10	1.4163277500010736
5	10	1.7595465000013064
5	11	-4.178357500004495
5	11	-3.98295125000368
5	11	-3.1979825000016717
5	11	-1.7215147500028252
5	11	-1.2018897500020103
5	11	-0.8397647500023595
5	11	-0.6725460000016028
5	11	0.06954674999724375
5	11	0.7881717499949445
5	12	-5.81332625000141
5	12	-5.799482499998703
5	12	-5.718076249999285
5	12	-5.063076250000449
5	12	-2.4504834999970626
5	12	-0.8626407500014466
5	12	-0.19998449999911827
5	13	-5.244669499996235
5	13	-3.0443579999991925
5	13	-2.7193267500006186
5	13	-1.536546499999531
5	14	-5.540169750001951
5	14	-2.534077000000252
5	14	-0.13117174999933923
5	14	0.5242969999999332
5	14	0.767390749999322
5	14	1.736295999999129
5	15	-4.147326000002067
5	15	-1.782108250001329
5	15	-0.1405155000029481
5	15	0.5742032499983907
5	16	-2.935075750003307
5	16	-0.8492642500023067
5	16	0.11060974999782047
5	16	0.7660159999977623
5	16	1.3107347499972093
5	17	-2.679077500000858
5	17	-2.032171250000829
5	17	-1.748765000000276
5	17	-0.2759837500016147
5	17	-0.2666712500031281
5	17	-0.15129725000224425
5	17	0.051546499995311024
5	17	0.2715464999964752
5	17	0.4208277499965334
5	17	1.3042339999956312
5	18	-3.9100452499988023
5	18	-0.9012962500019057
5	18	-0.8057650000009744
5	18	-0.15104725000128383
5	18	0.6795464999995602
5	18	1.4405152500003169
5	19	-3.2601387499998964
5	19	-3.03188874999978
5	19	1.6581404999997176
5	20	-2.8357949999990524
5	20	-2.8205137500008277
5	20	-2.2894834999970044
5	20	-1.5282022499995946
5	21	-3.4048887499993725
5	21	-3.3656387499977427
5	21	-1.5212022499981686
5	21	-1.4783272499989835
5	21	-1.3076084999993327
5	21	0.30317175000163843
5	21	0.32442175000323914
5	21	1.425140500003181
5	21	1.9244530000032682
5	22	1.037108749998879
5	23	-4.215638249999756
5	23	-3.4547017500044603
5	23	-2.140920500001812
5	23	-1.4230777500015392
5	23	0.7541409999976167
5	23	1.6331712499995774
5	24	-4.144670499998028
5	24	-3.5884517499980575
5	24	-2.755732999998145
5	24	-2.6149829999994836
5	24	-2.1317965000016557
5	24	1.224827500001993
5	25	-4.793170249999093
5	25	-3.5801702499993553
5	25	-2.9202640000003157
5	25	-2.3317024999996647
5	25	0.2820777500019176
5	25	0.3055777500012482
5	26	-4.174919499997486
5	26	-4.164481999996497
5	26	-3.635544499997195
5	26	-3.1617642499986687
5	26	-3.1544517500005895
5	26	-3.100014249997912
5	26	1.257141000001866
5	26	1.4294847500023025
5	26	1.5271097500044561
5	27	-4.246076249997714
5	27	-3.771794999996928
5	27	-2.419577249998838
5	27	-2.2174522499990417
5	27	-2.0261397499998566
5	27	-0.34138974999950733
5	27	1.8444217500036757
5	28	-0.7080455000032089
5	28	0.7068909999979951
5	28	0.7430784999960451
5	28	0.9511409999977332
5	28	0.9678597499987518
5	29	-1.619609000001219
5	30	-5.733794250001665
5	30	-4.223732749996998
5	30	-3.213138999999501
5	30	-2.8506087499990826
5	30	-1.7352962500008289
5	30	-1.3152337499996065
5	31	-3.597826499997609
5	32	-4.907795250001072
5	32	-3.4046077500024694
5	32	-3.0965452500022366
5	32	0.9117964999968535
5	32	1.8936089999988326
5	33	-3.7701387499982957
5	33	-2.164107499997044
5	33	-0.7431709999982559
5	33	-0.20717099999819766
5	33	0.1925790000022971
5	34	-3.4968882499997562
5	34	0.00529725000160397
5	34	0.29492224999921746
5	34	1.01845350000076
5	34	1.1525785000012547
5	34	1.1579847499997413
5	34	1.5342347500009055
5	35	-5.98982524999883
5	35	-4.3062012500013225
5	35	-1.8335147500001767
5	36	-1.6290454999980284
5	36	0.6950785000008182
5	36	1.3240472500001488
5	37	-4.605544499994721
5	37	-3.120170499998494
5	37	-2.878514249998261
5	37	1.3191400000032445
5	38	-5.460512749999907
5	38	-5.317450250000547
5	38	-4.459919000000809
5	38	-4.324387749999005
5	38	-3.3746700000010605
5	38	-3.0262637500018172
5	38	-2.5934200000010605
5	38	-0.14360849999866332
5	38	-0.03113975000087521
5	39	-3.886107500002254
5	39	-3.6164200000021083
5	39	-2.0419200000033015
5	39	-1.7592960000001767
5	39	-1.684702250000555
5	39	-1.6060772500022722
5	39	-1.5881085000000894
5	39	-1.308671000002505
5	39	0.26239150000037625
5	39	0.3042352499978733
5	39	0.9120780000012019
5	40	-2.2397027500010154
5	40	0.2792962500025169
5	40	1.2272650000013527
5	41	-5.18794975000128
5	41	-4.479325749998679
5	41	-2.650763249999727
5	41	-1.2924830000010843
5	42	-5.197513750004873
5	42	-5.103295000004437
5	42	-4.816763750004611
5	42	-3.501170000003185
5	42	-0.7357647500029998
5	42	0.5773592499972438
5	43	-4.128888500003086
5	43	-3.083138500001951
5	43	-2.5751072500024748
5	43	-2.517514499999379
5	43	-0.9851082499990298
5	43	0.07110949999696459
5	43	0.4891407499999332
5	43	0.7648907499969937
5	43	1.1345157499999914
5	43	1.893515749998187
5	43	1.9258282499977213
5	44	-4.923576250002952
5	44	-2.5055460000003222
5	44	-0.9284834999998566
5	44	0.647796749995905
5	45	-5.7400124999985565
5	45	-4.017482250001194
5	45	0.14001674999963143
5	46	-4.249138500003028
5	46	-2.1245457500008342
5	46	-2.049358250002115
5	46	-1.2407645000021148
5	46	-1.1384832500007178
5	46	-0.15273425000123098
5	46	0.11598449999655713
5	46	0.24667199999748846
5	47	-5.627325999997993
5	47	-3.697357249999186
5	47	-3.51392074999967
5	47	-3.082483250000223
5	47	-2.149295750001329
5	47	-2.077327000002697
5	47	-1.9122019999995246
5	47	-1.4732332500025223
5	47	-1.1927020000002813
5	47	-0.6173592499981169
5	47	-0.31245299999864073
5	47	-0.16729674999805866
5	47	1.1019220000016503
5	47	1.9033584999997402
5	47	1.9804210000002058
5	48	-1.7180142500001239
5	48	0.4618285000033211
5	48	1.1343899999992573
5	49	-5.706012749997171
5	49	-5.7007940000003146
5	49	-2.140545000002021
5	49	-0.09798349999982747
5	50	-0.37967099999877973
5	50	0.1792352500015113
5	50	0.4211727500005509
5	50	1.099078000002919
6	1	-5.817700999996305
6	1	-5.325513499996305
6	1	-5.2054197499965085
6	1	-3.0482019999981276
6	1	-2.8540144999969925
6	1	-2.7010457500000484
6	1	-2.483576999999059
6	1	-0.46414049999657436
6	1	1.3352647499996237
6	2	-5.270451000000321
6	2	-5.096232250001776
6	2	-4.68560725000134
6	2	-4.31066975000067
6	2	-3.4924519999985932
6	2	-3.047514499998215
6	2	-2.923545749999903
6	2	-2.5557957499986514
6	2	-2.5178582499975164
6	2	-2.1238582499972836
6	2	-1.5067029999991064
6	2	-1.1781092499986698
6	2	-0.9927654999992228
6	2	1.0662960000008752
6	2	1.0849522500029707
6	2	1.8530147500023304
6	3	-5.691200249999383
6	3	-5.361606500002381
6	3	-4.02407624999978
6	3	-2.7965449999974226
6	3	-1.9828272500017192
6	3	-0.42282725000040955
6	3	-0.03510950000054436
6	3	-0.026140750000195112
6	3	0.23473424999974668
6	3	0.2687030000015511
6	4	-5.9743252500011295
6	4	-5.577576249997946
6	4	-4.357482499999605
6	4	-3.196827250001661
6	4	-3.048202250000031
6	4	-2.8853897500011954
6	4	-0.4705782499986526
6	5	-3.9006072500014852
6	5	-3.233795750002173
6	5	-2.8888895000018238
6	5	-2.7956082500022603
6	5	-2.79395199999999
6	5	-1.814795750000485
6	5	-1.0237332500000775
6	5	0.4101407499983907
6	5	0.7321719999963534
6	5	0.7387657499966735
6	5	1.3500157499984198
6	5	1.3877969999957713
6	6	-4.727795499999047
6	6	-4.2908580000002985
6	6	-3.644326749999891
6	6	-3.6211392500008515
6	6	-2.8067017499997746
6	6	-2.4685767500013753
6	6	-2.2572965000035765
6	6	-2.107796500004042
6	6	1.6465150000003632
6	6	1.6774525000000722
6	7	-4.89417025000148
6	7	-4.8757327499988605
6	7	-2.7293577499985986
6	7	-2.6898265000018
6	7	-1.2942962499982968
6	7	-0.5836712499985879
6	7	1.5279527499988035
6	8	-4.449388249999174
6	8	-3.6482319999995525
6	8	-2.510482999998203
6	8	-0.446077750002587
6	8	0.3810472499972093
6	8	1.6099847499972384
6	9	-5.394825250001304
6	9	-5.080293999999412
6	9	-4.848293999999441
6	9	-4.152076250000391
6	9	-3.8304512499998964
6	9	-3.106201250000595
6	9	-2.4886387500009732
6	9	-2.273763749999489
6	9	0.7708592500021041
6	9	1.1511717499997758
6	10	-4.478170249996765
6	10	-4.462138999999297
6	10	-4.075857749998249
6	10	-3.2720139999983076
6	10	-3.159701499997027
6	10	-3.1357952499965904
6	10	-1.9549524999965797
6	10	-1.9511399999973946
6	10	-1.9492962499971327
6	10	-1.4389212499954738
6	10	-0.5592024999968999
6	10	-0.17688999999518273
6	10	0.8514215000031982
6	10	1.7235465000012482
6	11	-3.7136700000046403
6	11	-3.294138750003185
6	11	-2.1951085000000603
6	11	-2.1365460000015446
6	11	-2.1272022500015737
6	11	-1.7881710000001476
6	11	-1.484233500003029
6	11	-1.4798897500004387
6	11	-1.4571710000018356
6	11	-1.2294522500014864
6	11	0.8213592499960214
6	12	-5.804919999998674
6	12	-4.889920000001439
6	12	-2.297358499999973
6	12	-2.2897022500001185
6	12	-2.10604599999715
6	12	-1.997608499998023
6	12	-1.8762334999992163
6	12	-1.8737959999998566
6	12	-1.7972959999970044
6	12	-1.742358499999682
6	12	-0.9156719999991765
6	12	-0.8802345000003697
6	12	-0.30145325000194134
6	12	-0.22732824999911827
6	12	0.6685780000007071
6	13	-2.4692954999991343
6	13	-2.321358000001055
6	13	-1.8032339999990654
6	13	-1.54239024999697
6	13	-1.062858999997843
6	13	-1.057515249998687
6	13	-0.9218902499997057
6	13	-0.5913902499996766
6	13	-0.12007774999801768
6	13	0.16610975000367034
6	13	0.19439100000090548
6	13	0.19757850000314647
6	13	1.6781087499985006
6	14	-3.1863582499972836
6	14	-2.7884520000006887
6	14	-2.714045749999059
6	14	-2.0464519999986805
6	14	-2.007451999998011
6	14	-2.003951999999117
6	14	-1.1594207499983895
6	14	-1.0465769999973418
6	14	-0.6231404999998631
6	14	-0.22989050000251154
6	14	0.531890750000457
6	14	1.0391407499992056
6	14	1.7036709999993036
6	14	1.8572022500011371
6	15	-4.769388500004425
6	15	-3.9890447500038135
6	15	-1.8076707500003977
6	15	1.5075469999974302
6	15	1.5717344999975467
6	16	-2.01242049999928
6	17	-4.288389000004827
6	17	-2.780076500002906
6	17	-2.152046250001149
6	17	-1.698608750000858
6	17	-1.6359837500021968
6	17	-1.6283275000023423
6	17	-1.623046250002517
6	17	-1.6170462500012945
6	17	-0.5225462500020512
6	17	0.9387339999957476
6	18	-5.715075500000239
6	18	-4.545607749998453
6	18	-2.305202500003361
6	18	-1.8130462500012072
6	18	-1.7550150000024587
6	18	1.2065465000014228
6	19	-5.887512749999587
6	19	-4.864918999999645
6	19	-3.0628575000009732
6	19	-1.5124522500009334
6	19	-0.15032724999764469
6	19	1.639171749997331
6	19	1.6436404999985825
6	19	1.9365779999970982
6	20	-4.856231499998103
6	20	-4.79776375000074
6	20	-3.7665137500007404
6	20	-3.177763750001759
6	20	-1.6292647499976738
6	20	-1.3440459999983432
6	20	-1.3031709999995655
6	20	-0.2248272500000894
6	20	0.171859250003763
6	20	1.062390500002948
6	20	1.8161092500049563
6	21	-4.162107499996637
6	21	-3.645482499996433
6	21	-3.3692324999974517
6	21	-2.924138749996928
6	21	-2.38838874999783
6	21	-2.3779512499968405
6	21	-1.5377335000011954
6	21	-1.5147959999994782
6	21	-1.5081710000013118
6	21	-1.4851397499987797
6	21	-0.7660147499991581
6	21	0.2585780000008526
6	21	0.2679530000023078
6	21	1.4077342500022496
6	21	1.4377655000025698
6	21	1.5904842500021914
6	21	1.594859250002628
6	21	1.7724530000014056
6	22	-5.7242007499989995
6	22	-4.390231999997923
6	22	-2.8023580000008224
6	22	-1.3989527499979886
6	22	-0.9860777499998221
6	22	0.9142649999994319
6	22	1.853014999996958
6	22	1.9196712499979185
6	23	-5.586575749999611
6	23	-4.92116950000127
6	23	-4.698544499999116
6	23	-1.14951524999924
6	23	-0.42232775000229594
6	23	-0.03082775000075344
6	24	-4.8797320000012405
6	24	-4.794170500001201
6	24	-2.958045499999571
6	24	-2.5580767499996
6	24	-2.3387027500029944
6	24	-2.012390250001772
6	24	-1.8647965000018303
6	24	1.0761087499995483
6	24	1.3265150000006543
6	25	-3.224982749998162
6	25	-2.3286087500018766
6	25	-1.3173900000001595
6	25	0.27307775000008405
6	25	1.588046500000928
6	26	-4.984106999996584
6	26	-4.17054449999705
6	26	-3.843200749997777
6	26	-3.6108257499981846
6	26	-3.158701749998727
6	26	-2.5743579999980284
6	26	-2.2000142500000948
6	26	-0.6775152499976684
6	26	-0.5685152499972901
6	26	-0.3165464999983669
6	26	0.5898285000039323
6	26	0.8290785000026517
6	26	1.106359750003321
6	26	1.480422250002448
6	27	-5.175325249998423
6	27	-4.248544999998558
6	27	-4.242044999995414
6	27	-3.782607499997539
6	27	-3.1595137499971315
6	27	-2.747044999996433
6	27	-2.362733499998285
6	27	-2.1525459999975283
6	27	-2.0114522500007297
6	27	-1.4776397499990708
6	27	1.7809530000013183
6	28	-4.748982000000979
6	28	-4.72854450000159
6	28	-4.157888250003452
6	28	-2.4572017500031507
6	28	-2.159764250005537
6	28	-1.859076750002714
6	28	-1.5679205000051297
6	28	-1.2269205000047805
6	28	0.2821097499981988
6	28	0.28614099999686005
6	29	-4.547919500000717
6	29	-4.381950750001124
6	29	-2.6290767499995127
6	29	-2.5804517500000657
6	29	-2.5621392499997455
6	29	-1.9390767500008224
6	29	1.2597962500003632
6	29	1.5918899999996938
6	30	-5.490575499999977
6	30	-3.0715764999986277
6	30	-2.86163999999917
6	30	-2.853952500001469
6	30	-2.1754524999996647
6	30	-2.1684212500003923
6	30	-2.162546250001469
6	30	-2.136015000000043
6	30	-1.4808274999995774
6	30	-1.333577500001411
6	30	-0.4980150000010326
6	30	1.9734527500004333
6	31	-5.325638999998773
6	31	-3.6025139999983367
6	31	-3.2054202499966777
6	31	-0.547389999996085
6	31	0.14632775000063702
6	32	-5.930075500000385
6	32	-4.92176400000244
6	32	-4.67438900000343
6	32	-0.7471712500009744
6	32	-0.6474837499990826
6	32	-0.6441712500018184
6	33	-3.463013749998936
6	33	-1.912326249996113
6	33	-1.4200147499977902
6	33	0.3855477500001143
6	34	-5.584949749998486
6	34	-5.4434184999990975
6	34	-5.362887249997584
6	34	-5.294324749997031
6	34	-5.259449749999476
6	34	-4.660044500000367
6	34	-3.6822632500006875
6	34	-3.549075750001066
6	34	-3.4890132500004256
6	34	-3.2448570000015025
6	34	-2.3862329999974463
6	34	-1.7086392499986687
6	34	-1.2198267499989015
6	34	-0.4953579999964859
6	34	-0.02932774999862886
6	34	0.8482660000008764
6	34	0.8742659999988973
6	35	-4.145951250000508
6	35	-3.8378574999987904
6	35	-2.0742647499973828
6	35	-1.9111084999967716
6	35	-1.028545999997732
6	35	0.377140500000678
6	36	-5.785230999998021
6	36	-4.763232000001153
6	36	-0.8741392500014626
6	36	-0.3218902499975229
6	36	1.3516410000011092
6	37	-5.707763249996788
6	37	-4.322325749995798
6	37	-4.283669499996904
6	37	1.3541087500016147
6	37	1.9877025000023423
6	38	-5.9194502499995
6	38	-5.658481499998743
6	38	-5.24738774999787
6	38	-4.889762750000955
6	38	-4.869543999997404
6	38	-4.666668999998365
6	38	-3.8980137500002456
6	38	-2.634170000001177
6	38	-1.9555762500021956
6	38	-1.8606075000025157
6	38	-1.8425762500010023
6	38	1.8837654999988445
6	39	-5.318450250000751
6	39	-4.375982500001555
6	39	-2.777795000001788
6	39	-2.7695137500013516
6	39	-2.4250450000035926
6	39	-2.411201250004524
6	39	-2.218170000003738
6	39	-1.5998585000015737
6	39	-1.3270147500006715
6	39	-1.1394835000028252
6	39	-0.4894522499998857
6	39	1.2318592500014347
6	39	1.7555467500023951
6	40	-2.3222339999992982
6	40	-1.644265250000899
6	40	-0.31904650000069523
6	40	-0.3086714999990363
6	40	0.23529625000082888
6	41	-5.328137250002328
6	41	-4.660450749997835
6	41	-4.626763249998476
6	41	-3.3053882499989413
6	41	-2.877732000000833
6	41	-1.2623892500014335
6	41	-1.1223892500020156
6	41	1.6175785000014002
6	41	1.7676097500007018
6	42	-5.935294000006252
6	42	-5.430731500004185
6	42	-5.095076250003331
6	42	-4.131170000004204
6	42	-2.543671000003087
6	42	-2.5321710000025632
6	42	-2.401514750003116
6	42	-1.7625772500032326
6	42	-1.755327250000846
6	42	-0.027984500004095025
6	42	0.5342029999956139
6	42	1.44579674999477
6	42	1.7986404999974184
6	42	1.8039842499965744
6	42	1.8070779999980005
6	43	-3.0886697500027367
6	43	-2.255076999997982
6	43	-1.3586394999983895
6	43	-0.5372957500003395
6	43	-0.16901449999932083
6	43	0.06773449999673176
6	43	1.867421999999351
6	43	1.8976094999998168
6	43	1.909546999999293
6	44	-3.753420000000915
6	44	-1.9819522500001767
6	44	-1.7824834999992163
6	44	-0.3220470000014757
6	44	-0.31242200000269804
6	44	0.11751549999826238
6	44	1.0403904999984661
6	44	1.4767342499981169
6	45	-5.168949999999313
6	45	-4.844949999998789
6	45	-4.101919750002708
6	45	-3.751857250001194
6	45	-2.4728260000010778
6	45	-2.009983249998186
6	45	0.14329799999904935
6	45	0.14711050000187242
6	45	1.7424532499971974
6	46	-5.7630437500010885
6	46	-4.1851697500023874
6	46	-3.6351385000016307
6	46	-3.2575447500021255
6	46	-1.2438270000020566
6	46	-1.1019207499994081
6	46	-1.0909520000022894
6	46	-1.057795749999059
6	46	0.9045782499961206
6	46	1.0214219999979832
6	46	1.8300469999958295
6	47	-3.3906082499997865
6	47	-3.386545749999641
6	47	-2.757420750000165
6	47	-2.6938582500006305
6	47	-2.413983250000456
6	47	-2.1434832500017365
6	47	-2.0482957500025805
6	47	-1.9382332500026678
6	47	-1.9154520000010962
6	47	-1.7190770000015618
6	47	-0.43679675000021234
6	47	-0.4124530000008235
6	47	1.3046720000020287
6	48	-4.503231999999116
6	48	-2.58254549999765
6	48	-1.7117017499986105
6	48	1.3297649999985879
6	49	-5.704168999996909
6	49	-5.266012749998481
6	49	-4.769981499997812
6	49	-4.7651377499969385
6	49	-4.502543999999034
6	49	-3.994576249999227
6	49	-1.9359199999998964
6	49	-1.244920999997703
6	49	-1.2390459999987797
6	49	-1.0077334999987215
6	49	-0.18851474999974016
6	49	-0.1716710000000603
6	49	-0.16417100000035134
6	49	-0.1605147499976738
6	49	-0.15845224999793572
6	49	-0.1348897499992745
6	49	-0.12601474999974016
6	49	-0.10551474999738275
6	49	1.1710780000030354
6	50	-5.433543999999529
6	50	-4.750637749999441
6	50	-4.736418999997113
6	50	-3.77345124999556
7	1	-5.943263499997556
7	1	-5.793794749995868
7	1	-5.471732249996421
7	1	-5.270044749995577
7	1	-5.233169749997614
7	1	-5.075357249996159
7	1	-4.875794749998022
7	1	-4.869419749997178
7	1	-4.8552947499956645
7	1	-4.68132599999808
7	1	-4.5497947499970905
7	1	-4.027232249994995
7	1	-3.6934207499980403
7	1	-3.3357957499974873
7	1	-3.084014500000194
7	1	-3.0292019999978947
7	1	-2.7992019999983313
7	1	-2.59160824999708
7	1	-2.475795749996905
7	1	-2.3163894999997865
7	1	-1.346515499997622
7	1	-0.6711404999950901
7	1	-0.1652342499983206
7	1	0.43732825000188313
7	1	0.5015782500013302
7	1	0.5630470000032801
7	1	0.7838595000030182
7	1	1.0858272500008752
7	1	1.315045999999711
7	1	1.707421000002796
7	2	-5.767888499998662
7	2	-5.6261697500012815
7	2	-4.9798885000018345
7	2	-4.939826000001631
7	2	-4.677294749999419
7	2	-4.542263499999535
7	2	-3.920264499996847
7	2	-3.7967332499974873
7	2	-3.3765457499976037
7	2	-3.03613949999999
7	2	-2.6856082499980403
7	2	-2.6102644999991753
7	2	-1.715795749998506
7	2	-1.4711717499994847
7	2	-0.876421749999281
7	2	-0.46029674999954295
7	2	-0.10785925000163843
7	2	0.057140749999234686
7	2	0.11495324999850709
7	2	0.3422344999999041
7	2	0.7936719999997877
7	2	0.9782022500003222
7	2	1.0987960000020394
7	2	1.3383897500025341
7	2	1.796952250002505
7	2	1.868796000002476
7	3	-5.838669000000664
7	3	-5.784512750000431
7	3	-5.7548564999997325
7	3	-5.725012750001042
7	3	-5.576762749999034
7	3	-5.088606500001333
7	3	-4.542170000000624
7	3	-4.495607500000915
7	3	-4.088638749999518
7	3	-3.349138749999838
7	3	-3.1927324999996927
7	3	-2.9919512499982375
7	3	-2.947919999998703
7	3	-2.9332324999995762
7	3	-2.582138750000013
7	3	-2.4742335000009916
7	3	-2.260858500001632
7	3	-2.046139750000293
7	3	-1.6396397499993327
7	3	-1.245858500002214
7	3	0.10860925000088173
7	3	0.16139050000128918
7	3	0.5116717500022787
7	3	0.6491717499993683
7	3	1.2948280000018713
7	3	1.415578000000096
7	3	1.5834842500007653
7	3	1.6638592500021332
7	3	1.8912029999992228
7	4	-5.978794000002381
7	4	-5.951950250000664
7	4	-5.816419000002497
7	4	-5.384201249999023
7	4	-5.1908262500001
7	4	-4.857482499999605
7	4	-4.712326249999023
7	4	-4.4528887499982375
7	4	-4.306326249999984
7	4	-4.294513749999169
7	4	-4.175607499997568
7	4	-3.4497325000011188
7	4	-3.1999522500009334
7	4	-3.168452249999973
7	4	-2.5966397500014864
7	4	-2.0314522500011662
7	4	-1.9203585000032035
7	4	-1.5529835000015737
7	4	-1.5059522500014282
7	4	-1.502952250000817
7	4	-1.1755772500000603
7	4	-1.0852022500002931
7	4	-0.9097022500027379
7	4	-0.4566095000009227
7	4	-0.3751095000006899
7	4	-0.08823449999908917
7	4	0.008765499998844462
7	4	0.46645300000091083
7	4	0.8414842499987572
7	4	1.3357967500014638
7	4	1.4467967499986116
7	4	1.7996707500024058
7	5	-5.943826000002446
7	5	-5.4979822500026785
7	5	-5.432482250002067
7	5	-5.238294750000932
7	5	-5.099951000003784
7	5	-4.951201000003493
7	5	-4.673513500001718
7	5	-4.1577322500015725
7	5	-3.681232250000903
7	5	-3.4339832500008924
7	5	-3.432170750002115
7	5	-3.4297957500020857
7	5	-3.0838895000015327
7	5	-2.558608250001271
7	5	-2.4741707499997574
7	5	-2.1278582500017365
7	5	-1.788889499999641
7	5	-1.7633582500020566
7	5	-1.7564520000014454
7	5	-1.542702000002464
7	5	-0.9820155000015802
7	5	-0.8662342500028899
7	5	0.06017199999769218
7	5	0.5169219999988854
7	5	1.2362969999958295
7	5	1.3722969999980705
7	5	1.5502959999976156
7	5	1.5620459999990999
7	6	-5.768138250001357
7	6	-5.526919500003714
7	6	-5.260607000003802
7	6	-5.256825750002463
7	6	-5.251044500000717
7	6	-4.907450750000862
7	6	-4.7382330000000366
7	6	-4.2084204999991925
7	6	-4.125295500001812
7	6	-3.805733000001055
7	6	-3.801107999999658
7	6	-3.6789205000022775
7	6	-3.642389249998814
7	6	-2.981514250001055
7	6	-2.7302955000013753
7	6	-2.226921500001481
7	6	-1.7970465000034892
7	6	-1.300921500002005
7	6	-0.9985465000027034
7	6	-0.9299527500043041
7	6	-0.2884840000042459
7	6	0.32007750000047963
7	6	0.8378274999995483
7	6	1.6028274999989662
7	6	1.6272962500006543
7	6	1.6380462499982968
7	6	1.666014999998879
7	6	1.8226712499999849
7	6	1.9605774999981804
7	7	-5.670013000002655
7	7	-5.560263000003033
7	7	-4.720045250000112
7	7	-4.645920250000927
7	7	-4.483232750000752
7	7	-4.290076500001305
7	7	-3.9967327500016836
7	7	-3.8574515000000247
7	7	-3.645826500000112
7	7	-3.2069515000002866
7	7	-2.4331702499985113
7	7	-2.225858750000043
7	7	-1.3087649999979476
7	7	-1.2658899999987625
7	7	-0.41489000000001397
7	7	-0.3767337499994028
7	7	0.8037965000003169
7	7	1.5855464999985998
7	7	1.5934527499994147
7	7	1.6481402499994147
7	7	1.7207964999979595
7	7	1.99448399999892
7	8	-5.90644975000032
7	8	-5.637169500001619
7	8	-4.898325750000367
7	8	-4.25985700000092
7	8	-3.8715132500001346
7	8	-3.095170500000677
7	8	-3.0311079999992216
7	8	-2.7597329999989597
7	8	-2.508826749999571
7	8	-1.521576749997621
7	8	-1.2287642499977665
7	8	-1.1166392499981157
7	8	-1.0410767499997746
7	8	-0.5510152500028198
7	8	-0.45054650000020047
7	8	-0.27054649999990943
7	8	0.5444847500002652
7	8	0.6381722499972966
7	8	1.656764999999723
7	8	1.937827500001731
7	9	-5.997294000000693
7	9	-5.384668999999121
7	9	-5.343325249999907
7	9	-4.559950250000838
7	9	-4.493075250000402
7	9	-4.480481500002497
7	9	-4.460356499999762
7	9	-4.448387750002439
7	9	-4.2519199999987904
7	9	-4.1918887499996345
7	9	-4.143826249997801
7	9	-3.3663574999991397
7	9	-3.024982499999169
7	9	-2.7988887499996054
7	9	-2.4860137499999837
7	9	-2.2629199999973935
7	9	-2.0750137499999255
7	9	-1.9449522499999148
7	9	-1.896139750002476
7	9	-1.8941085000005842
7	9	-1.5109835000002931
7	9	-1.3939210000025923
7	9	-1.0532647500003804
7	9	-0.6444835000002058
7	9	-0.6226710000009916
7	9	0.35926649999964866
7	9	0.44039150000025984
7	9	0.5314539999999397
7	9	0.7026092500018422
7	9	1.3887967500013474
7	10	-5.99376299999858
7	10	-5.6557004999995115
7	10	-5.268169250000938
7	10	-4.504295249997085
7	10	-4.0856389999971725
7	10	-3.1552327499994135
7	10	-3.143170249997638
7	10	-2.6441389999963576
7	10	-1.9426712499953283
7	10	-1.7663899999970454
7	10	-1.59704624999722
7	10	-1.3694837499970163
7	10	-1.3471712499958812
7	10	-0.6978274999964924
7	10	-0.5446087499949499
7	10	-0.5425149999973655
7	10	0.13539025000136462
7	10	0.15729650000139372
7	10	0.8949840000022959
7	10	1.2682965000021795
7	11	-5.573825250001391
7	11	-5.512887750002847
7	11	-5.473420000002079
7	11	-5.374107500003447
7	11	-5.080576250002196
7	11	-4.780451250004262
7	11	-4.683170000003884
7	11	-4.366638750001584
7	11	-4.324888750004902
7	11	-3.439263750002283
7	11	-2.888858500002243
7	11	-2.6892647500026214
7	11	-2.5652022499998566
7	11	-2.1449522500006424
7	11	-1.6746710000006715
7	11	-1.3398272500016901
7	11	-1.0662960000008752
7	11	-0.6964834999998857
7	11	-0.675233500001923
7	11	-0.5049220000037167
7	11	-0.41664075000517187
7	11	-0.39545325000290177
7	11	-0.28354700000272715
7	11	-0.11579700000220328
7	11	0.6463904999945953
7	11	0.9151092499960214
7	11	0.999359249995905
7	11	1.012421749997884
7	11	1.091265499995643
7	11	1.1333592499977385
7	11	1.2900154999952065
7	11	1.7054842499965162
7	11	1.7711092499957886
7	11	1.8828592499958177
7	12	-5.923387749997346
7	12	-5.61148250000042
7	12	-5.367857500001264
7	12	-5.344982499998878
7	12	-4.911482499999693
7	12	-4.900888749998558
7	12	-4.758138749999489
7	12	-4.09073250000074
7	12	-4.02426375000141
7	12	-3.6605449999988195
7	12	-3.359327250000206
7	12	-3.2671085000001767
7	12	-2.839796000000206
7	12	-2.6563584999967134
7	12	-2.5595147499989253
7	12	-2.499264749996655
7	12	-2.4680459999981395
7	12	-2.287983499998518
7	12	-2.238264749998052
7	12	-1.8408897499975865
7	12	-0.7913594999990892
7	12	-0.7429532499991183
7	12	-0.5771095000018249
7	12	0.6427342499991937
7	12	0.8397655000007944
7	12	0.9662967500007653
7	13	-5.787356999997428
7	13	-5.42060699999638
7	13	-4.860044499997457
7	13	-3.8075142499983485
7	13	-3.799326749998727
7	13	-3.594076749999658
7	13	-3.5830142499980866
7	13	-3.2089205000011134
7	13	-1.1716402499987453
7	13	-0.5699839999979304
7	13	0.18489100000078906
7	13	0.22701600000073086
7	13	0.5691399999996065
7	13	1.3015462500006834
7	13	1.3129525000003923
7	13	1.5438275000014983
7	13	1.6814837499987334
7	14	-5.919200000000274
7	14	-5.758638499999506
7	14	-5.721169749998808
7	14	-5.492763500002184
7	14	-4.659794750001311
7	14	-3.993201000001136
7	14	-3.9322009999996226
7	14	-3.8874822500001756
7	14	-3.884357250000903
7	14	-3.8327947500001756
7	14	-3.52813850000166
7	14	-2.670139499998186
7	14	-2.5415145000006305
7	14	-2.538983250000456
7	14	-2.385952000000543
7	14	-2.3210144999975455
7	14	-2.0227957499992044
7	14	-1.2601707499998156
7	14	-1.244576999997662
7	14	-1.0194207499989716
7	14	-0.9860144999984186
7	14	-0.6681717499996012
7	14	-0.6549217499996303
7	14	-0.33626550000190036
7	14	-0.15310925000085263
7	14	-0.12070300000050338
7	14	-0.11539049999919371
7	14	0.062109499998769024
7	14	0.250734499997634
7	14	0.40845324999827426
7	14	0.4229845000008936
7	14	0.833796999999322
7	14	0.8966407499974594
7	14	1.0080157499978668
7	14	1.0349219999989145
7	14	1.1758282499977213
7	14	1.2425469999980123
7	14	1.5871407499980705
7	14	1.9161397499992745
7	15	-5.853325000003679
7	15	-5.326544750001631
7	15	-5.14698225000393
7	15	-5.041826000004221
7	15	-4.807451000004221
7	15	-4.005888500003493
7	15	-3.962794750001194
7	15	-3.7817947500043374
7	15	-2.7484207500019693
7	15	-2.706139500001882
7	15	-2.5286707500017656
7	15	-1.9331395000008342
7	15	-1.8932645000022603
7	15	-1.8128582499994081
7	15	-1.7787332500010962
7	15	-1.0016395000020566
7	15	-0.818702000000485
7	15	-0.26682800000344287
7	15	-0.22939050000422867
7	15	-0.14323425000475254
7	15	-0.11007800000152201
7	15	0.2392657499985944
7	15	0.3132657499954803
7	15	0.5044844999974885
7	15	0.5427032499974302
7	15	1.2488594999958877
7	15	1.4043907499981287
7	15	1.5539219999955094
7	15	1.744765749997896
7	15	1.8218282499983616
7	16	-4.908138250000775
7	16	-4.859857000003103
7	16	-4.685419500001444
7	16	-4.5509820000006584
7	16	-4.0885132500006875
7	16	-3.9750445000026957
7	16	-3.938075750003918
7	16	-3.5851070000026084
7	16	-2.9791070000028412
7	16	-2.9512632500009204
7	16	-2.931169500003307
7	16	-2.578108000001521
7	16	-2.2781080000022484
7	16	-1.7974204999991343
7	16	-1.7442017499997746
7	16	-1.1553579999999783
7	16	-1.152139249999891
7	16	-0.8650454999988142
7	16	-0.4879517500012298
7	16	0.22973474999889731
7	16	0.48845349999828613
7	16	0.739984749998257
7	16	0.8137972499971511
7	16	1.2001722499990137
7	16	1.31348474999686
7	17	-5.844887999999628
7	17	-5.1086702500033425
7	17	-4.727326500003983
7	17	-4.521107750002557
7	17	-4.071639000001596
7	17	-3.967889000003197
7	17	-3.6379515000044194
7	17	-3.441357750001771
7	17	-3.047639000003983
7	17	-2.8432327500049723
7	17	-2.468327500002488
7	17	-2.0749212500013527
7	17	-1.8100775000020803
7	17	-1.6334837499998685
7	17	-1.6204212500015274
7	17	-1.3637337500003923
7	17	-1.3335150000020803
7	17	-1.2890462499999558
7	17	-1.2219837500015274
7	17	-1.0183587500032445
7	17	-0.8575775000026624
7	17	-0.8213587500031281
7	17	-0.5422962500015274
7	17	-0.27817125000001397
7	17	-0.26954625000144006
7	17	0.2531089999974938
7	17	0.3804527499960386
7	17	0.5570464999946125
7	17	0.6838902499948745
7	17	0.859421499997552
7	17	1.1192652499958058
7	17	1.2927339999951073
7	17	1.8949527499971737
7	17	1.9969839999976102
7	18	-5.588763000003382
7	18	-4.70667025000148
7	18	-4.396326499998395
7	18	-3.0188264999997045
7	18	-2.5032650000030117
7	18	-2.3633587500007707
7	18	-1.6035462500003632
7	18	-1.5792337500024587
7	18	-1.5463587500016729
7	18	-1.485827500000596
7	18	-1.3321712500001013
7	18	-1.2043275000032736
7	18	-0.735202500003652
7	18	-0.5091087500004505
7	18	-0.22157850000075996
7	18	-0.11845349999930477
7	18	-0.10754725000151666
7	18	0.13007775000005495
7	18	0.28092150000156835
7	18	0.36057775000153924
7	18	0.49979650000022957
7	19	-5.870043999999325
7	19	-5.02082524999787
7	19	-4.723793999997724
7	19	-4.533731499999703
7	19	-4.479137750000518
7	19	-3.7285762499996054
7	19	-3.4413574999998673
7	19	-3.3497950000019046
7	19	-3.0287637500005076
7	19	-2.28476375000173
7	19	-1.6789512499999546
7	19	-1.3029522500000894
7	19	-0.7051397499999439
7	19	-0.3151709999983723
7	19	-0.22442099999898346
7	19	0.12886024999897927
7	19	0.6041102500021225
7	20	-5.667668999998568
7	20	-5.641012749998481
7	20	-5.579262749997724
7	20	-5.54182524999851
7	20	-5.132043999998132
7	20	-5.080856499997026
7	20	-5.016262749999441
7	20	-4.931700249999267
7	20	-4.848981499999354
7	20	-4.204920000000129
7	20	-4.195201250000537
7	20	-3.948732500000915
7	20	-2.6619825000016135
7	20	-2.595951250001235
7	20	-1.8418897499977902
7	20	-1.8382959999980812
7	20	-1.5312334999980521
7	20	-1.5252959999997984
7	20	-1.29745224999715
7	20	-0.41188974999749917
7	20	0.5483592500022496
7	20	0.7049217500025406
7	20	0.7087030000038794
7	20	0.7317342500027735
7	20	1.1593905000045197
7	20	1.195921750004345
7	20	1.4103905000047234
7	20	1.443859250004607
7	20	1.9196717500017257
7	21	-5.950106500000402
7	21	-5.6816689999977825
7	21	-5.278075250000256
7	21	-4.924700249997841
7	21	-4.773544999996375
7	21	-4.4297637499985285
7	21	-4.297763749997102
7	21	-3.7610762499971315
7	21	-2.834419999999227
7	21	-2.3653887499967823
7	21	-2.354702249998809
7	21	-2.3510772500012536
7	21	-2.2430147499981103
7	21	-1.8495460000012827
7	21	-0.896452249999129
7	21	0.09604775000116206
7	21	0.11229775000174413
7	21	0.22195300000021234
7	21	0.30023425000035786
7	21	0.3187030000008235
7	21	0.7903280000027735
7	21	0.920421750000969
7	21	1.40407800000321
7	21	1.4132967500008817
7	21	1.7409530000004452
7	21	1.9126405000024533
7	21	1.9832655000027444
7	22	-5.950919499999145
7	22	-5.889450750000833
7	22	-5.76966949999769
7	22	-5.339669500001037
7	22	-4.842700749999494
7	22	-4.562794499997835
7	22	-4.470981999998912
7	22	-4.13370175000091
7	22	-3.72770175000187
7	22	-3.3015455000022484
7	22	-3.2901392500025395
7	22	-3.260608000000502
7	22	-2.7588892500025395
7	22	-2.573170499999833
7	22	-1.7576705000028596
7	22	-1.693264249999629
7	22	-1.1588902500006952
7	22	-0.5698277500014228
7	22	-0.5197027499998512
7	22	-0.5109215000011318
7	22	-0.22935900000084075
7	22	0.1297034999988682
7	22	0.3868284999989555
7	22	1.0213587499965797
7	22	1.5183899999974528
7	22	1.6688587499993446
7	22	1.6854212499965797
7	23	-5.34451325000191
7	23	-4.905513249999785
7	23	-4.364732000001823
7	23	-3.095295500002976
7	23	-3.029295500004082
7	23	-2.794826750003267
7	23	-2.5490767500014044
7	23	-2.4219205000044894
7	23	-2.289764250002918
7	23	-2.241170500001317
7	23	-2.1922017500037327
7	23	-1.9411705000020447
7	23	-1.3304527500004042
7	23	-1.307608999999502
7	23	-1.2811715000025288
7	23	-1.2601090000025579
7	23	-1.256734000002325
7	23	-1.1949840000015683
7	23	-0.8256089999995311
7	23	-0.6972652500007825
7	23	-0.12114025000119
7	23	-0.042515249999269145
7	23	0.5720472499997413
7	23	0.6717347499979951
7	23	0.695672249999916
7	23	1.1878587499995774
7	23	1.3214837500017893
7	23	1.592015000001993
7	23	1.853015000000596
7	23	1.8684837500004505
7	24	-5.805419500000426
7	24	-5.58010700000159
7	24	-5.174294500000542
7	24	-4.85738924999896
7	24	-4.745451750000939
7	24	-4.316264249999222
7	24	-4.027170499997737
7	24	-3.7557017500002985
7	24	-3.504732999997941
7	24	-3.3493267499979993
7	24	-3.12570174999928
7	24	-3.070920499998465
7	24	-2.9152329999997164
7	24	-2.9083267499991052
7	24	-2.9006392499977665
7	24	-2.7324517499982903
7	24	-2.188140250000288
7	24	-1.807921499999793
7	24	-1.2909840000029362
7	24	-1.1918277500008116
7	24	-1.1310777500002587
7	24	-0.4195777500026452
7	24	-0.24864024999988033
7	24	0.13207749999855878
7	24	0.19310875000155647
7	24	0.20529625000199303
7	24	0.43342124999981024
7	24	0.9129212500010908
7	24	1.1260150000016438
7	24	1.4695150000006834
7	24	1.6845462499986752
7	24	1.8489525000004505
7	25	-5.679638000001432
7	25	-5.500638000001345
7	25	-5.054231750000326
7	25	-4.1158577499991225
7	25	-4.040607749997434
7	25	-3.8377015000005485
7	25	-2.995763999999326
7	25	-2.9550764999985404
7	25	-2.911451500000112
7	25	-1.8813587500007998
7	25	-1.4249212499998976
7	25	-1.3961087499992573
7	25	-1.294921250002517
7	25	-1.2919837500012363
7	25	-0.5355149999995774
7	25	0.08729650000168476
7	25	0.15826525000011316
7	25	0.29573399999935646
7	25	0.31289024999932735
7	25	0.31620275000022957
7	25	0.9644215000007534
7	25	1.6575777500002005
7	25	1.8270152500008408
7	25	1.881421500002034
7	26	-5.571513249997224
7	26	-5.324638249996497
7	26	-5.160481999995682
7	26	-5.086388249997981
7	26	-4.769356999997399
7	26	-4.65785699999833
7	26	-4.565013249997719
7	26	-4.167513249994954
7	26	-3.9489194999950996
7	26	-3.609138249998068
7	26	-3.604169499998534
7	26	-1.6653579999983776
7	26	-1.5402642499975627
7	26	-0.9608892500000366
7	26	-0.9102329999986978
7	26	-0.8435142499984067
7	26	-0.4435777499966207
7	26	-0.14310899999691173
7	26	-0.0038902499982214067
7	26	0.13501600000381586
7	26	0.2375785000040196
7	26	0.3367660000039905
7	26	0.8510160000041651
7	26	1.097109750004165
7	26	1.343391000002157
7	26	1.8062024999999267
7	27	-5.914356499997666
7	27	-5.882575249997899
7	27	-5.794200249998539
7	27	-5.548668999999791
7	27	-5.464700249998714
7	27	-5.370668999999907
7	27	-5.2686377499994705
7	27	-5.2118877499997325
7	27	-5.053107499996258
7	27	-4.814888749995589
7	27	-4.557044999997743
7	27	-4.395794999996724
7	27	-4.095826249995298
7	27	-4.092888749997655
7	27	-3.1643574999980046
7	27	-2.6572637499957636
7	27	-2.345483499997499
7	27	-2.1834834999972372
7	27	-2.1261397499984014
7	27	-2.108295999998518
7	27	-2.0864522499978193
7	27	-1.757983499999682
7	27	-1.6949522499999148
7	27	-1.34598349999942
7	27	-1.2589522499984014
7	27	-1.0298584999982268
7	27	-1.0269834999999148
7	27	0.18314050000117277
7	27	0.2512967500042578
7	27	0.6444842500022787
7	27	0.6791405000039958
7	27	0.8549842500033265
7	27	1.439546750003501
7	27	1.7913592500044615
7	27	1.8020467500027735
7	27	1.8187655000037921
7	28	-5.996074750004482
7	28	-5.943668500003696
7	28	-5.935793500004365
7	28	-5.350043500002357
7	28	-5.336793500002386
7	28	-5.122043500003201
7	28	-4.875044500000513
7	28	-4.805544500002725
7	28	-4.698794500003714
7	28	-4.564263250002114
7	28	-4.168138250002812
7	28	-3.908169500002259
7	28	-3.6299507500007167
7	28	-3.5602320000034524
7	28	-3.4643570000007458
7	28	-3.337419500003307
7	28	-2.888325750001968
7	28	-2.6381382500003383
7	28	-2.2881080000042857
7	28	-1.866358000002947
7	28	-1.849295500003791
7	28	-1.3715767500034417
7	28	-1.2726392500044312
7	28	-1.1675767500055372
7	28	-0.743108000002394
7	28	-0.7294205000034708
7	28	-0.5459830000036163
7	28	0.06854724999720929
7	28	0.10264099999767495
7	28	0.8271409999979369
7	28	0.9453284999981406
7	28	0.959453499996016
7	29	-5.882263250001415
7	29	-5.631107000001066
7	29	-5.333482000001823
7	29	-5.230388250001852
7	29	-4.9685445000031905
7	29	-4.7995445000015025
7	29	-4.608607000001939
7	29	-4.2147955000000366
7	29	-3.9721392499996
7	29	-3.3126392500016664
7	29	-3.085326750002423
7	29	-3.007826749999367
7	29	-2.5778580000005604
7	29	-2.2311079999999492
7	29	-2.173826750000444
7	29	-1.9958267500005604
7	29	-1.795796500002325
7	29	-1.6748902500039549
7	29	-1.4769840000044496
7	29	-1.3829215000041586
7	29	-1.3304215000025579
7	29	-1.1941090000036638
7	29	-0.8033902500028489
7	29	-0.7963902500014228
7	29	-0.6003902500015101
7	29	-0.3102340000041295
7	29	-0.09176525000293623
7	29	-0.041234000003896654
7	29	-0.029265250002936227
7	29	0.10354724999706377
7	29	0.22282849999828613
7	29	0.33682849999604514
7	29	0.4516097499981697
7	29	0.5868284999960451
7	29	0.6121409999977914
7	29	0.8167337499980931
7	29	0.8587962499987043
7	30	-5.944919249999657
7	30	-5.486669249999977
7	30	-4.477982749998773
7	30	-4.235795249998773
7	30	-3.4167639999977837
7	30	-2.718264999999519
7	30	-2.6100462499998685
7	30	-2.6022337499998685
7	30	-2.277140000001964
7	30	-1.809014999998908
7	30	-1.4254212500018184
7	30	-1.1206712499988498
7	30	-0.8425462500017602
7	30	-0.5302650000012363
7	30	-0.5271712499998102
7	30	-0.5179212500006543
7	30	-0.49429624999902444
7	30	0.016609000002063112
7	30	0.5705777500006661
7	30	0.6212340000020049
7	30	0.7995777500000258
7	30	0.9772965000011027
7	30	1.0400777499999094
7	30	1.3080777499999385
7	30	1.4894215000022086
7	30	1.556171500000346
7	31	-5.950450500000443
7	31	-5.591731749998871
7	31	-5.093482749998657
7	31	-4.836482749997231
7	31	-4.282920249999734
7	31	-4.060701499998686
7	31	-3.9511702499985404
7	31	-3.9167327499962994
7	31	-3.6126702499968815
7	31	-3.313295249998191
7	31	-3.2069514999966486
7	31	-3.2030452499966486
7	31	-3.200513999996474
7	31	-3.0378264999962994
7	31	-2.9888587499954156
7	31	-2.468671249996987
7	31	-2.4616399999977148
7	31	-2.0511712499974237
7	31	-1.9228899999980058
7	31	-0.6630149999946298
7	31	-0.5765149999970163
7	31	-0.477234750000207
7	31	-0.12995349999982864
7	31	0.16392150000319816
7	31	0.21217150000302354
7	31	0.41142150000086986
7	31	0.42860900000232505
7	31	0.49417150000226684
7	31	0.5980465000029653
7	31	1.1243902500027616
7	31	1.8056090000027325
7	32	-5.485044249999191
7	32	-5.025170250002702
7	32	-4.9953890000033425
7	32	-4.9272327500002575
7	32	-4.785639000001538
7	32	-4.630920250001509
7	32	-4.510076500002469
7	32	-4.008139000001393
7	32	-3.408482750000985
7	32	-3.4061702500002866
7	32	-3.102045250001538
7	32	-1.802233750000596
7	32	-1.3181087500015565
7	32	-1.072264999998879
7	32	-0.6068587500012654
7	32	-0.5659837499988498
7	32	-0.26432850000128383
7	32	-0.1774222500025644
7	32	-0.16773475000081817
7	32	-0.02107850000174949
7	32	0.02895274999900721
7	32	0.3117964999983087
7	32	0.39423399999941466
7	32	0.618983999996999
7	32	1.2993277499990654
7	32	1.6387964999994438
7	32	1.888108999995893
7	33	-5.984419000000344
7	33	-5.9157314999974915
7	33	-5.277544000000489
7	33	-4.673012749997724
7	33	-4.404481499997928
7	33	-4.318168999998306
7	33	-4.1499189999995
7	33	-4.014262749999034
7	33	-3.9497324999974808
7	33	-3.8730449999966368
7	33	-3.043388749996666
7	33	-2.9867012499962584
7	33	-2.5600137499968696
7	33	-2.4106699999974808
7	33	-2.2037949999976263
7	33	-1.9097949999959383
7	33	-1.5914824999963457
7	33	-1.5278262499959965
7	33	-1.496638749998965
7	33	-1.476794999998674
7	33	-0.7164210000009916
7	33	-0.4662647500008461
7	33	-0.21001474999866332
7	33	-0.1973584999977902
7	33	0.2504852500023844
7	33	0.37032900000122027
7	33	0.6079227500013076
7	33	0.7627664999999979
7	33	1.395859250002104
7	34	-5.607293499997468
7	34	-5.399512249998224
7	34	-5.1027944999987085
7	34	-4.959794499998679
7	34	-4.955450749999727
7	34	-4.933419500001037
7	34	-4.690950749998592
7	34	-4.416763249999349
7	34	-3.975388250000833
7	34	-3.7581070000014734
7	34	-3.7499820000011823
7	34	-3.501075749998563
7	34	-2.6320132500004547
7	34	-2.619419499998912
7	34	-2.4745454999974754
7	34	-2.19851424999797
7	34	-2.0499829999971553
7	34	-0.2986704999966605
7	34	-0.006452749999880325
7	34	0.47220350000134204
7	34	0.5796097499987809
7	34	1.003766000001633
7	34	1.2458284999993339
7	34	1.4040160000004107
7	34	1.4915472499997122
7	34	1.996859750001022
7	35	-5.572168999999121
7	35	-5.559262749997288
7	35	-4.716326249999838
7	35	-3.946482499999547
7	35	-3.880388749999838
7	35	-3.7298262500007695
7	35	-3.6557324999994307
7	35	-3.3337324999993143
7	35	-3.2373262500004785
7	35	-2.6415449999985867
7	35	-2.0718584999995073
7	35	-1.7615147500000603
7	35	-1.6967960000001767
7	35	-1.6088897499976156
7	35	-1.3194210000001476
7	35	-1.01004599999942
7	35	-0.5181397499982268
7	35	-0.5140772499980812
7	35	0.00042174999907729216
7	35	0.9102967500002705
7	35	1.0152654999983497
7	35	1.220578000000387
7	36	-4.6408257500006584
7	36	-4.592763250002463
7	36	-4.5682632500029285
7	36	-3.5672007499997562
7	36	-2.965889250001055
7	36	-1.8273579999986396
7	36	-1.1788892500007933
7	36	-0.7007955000008224
7	36	-0.6692642499983776
7	36	0.24098475000209874
7	36	0.5257347500009928
7	36	0.924297250003292
7	36	1.0135785000020405
7	36	1.2087972500012256
7	36	1.2962347500033502
7	36	1.3049847500005853
7	36	1.3278285000014876
7	36	1.3317347500014876
7	36	1.391391000001022
7	37	-5.94398199999705
7	37	-5.553575749996526
7	37	-5.439419499994983
7	37	-4.634794499994314
7	37	-4.53223199999411
7	37	-4.059638249997079
7	37	-3.6940454999967187
7	37	-3.513045499996224
7	37	-2.6809517499968933
7	37	-2.669514249999338
7	37	-2.5300767499975336
7	37	-1.501014249995933
7	37	-0.18535899999551475
7	37	-0.09920274999603862
7	37	0.3125472500032629
7	37	0.9884535000055621
7	37	1.1667025000024296
7	37	1.3278587500026333
7	38	-5.929637749999529
7	38	-5.7822002499997325
7	38	-5.1152627499977825
7	38	-4.258012750000489
7	38	-3.7494200000001
7	38	-3.3255137500018463
7	38	-3.3087637500029814
7	38	-3.045232500000566
7	38	-2.932576250001148
7	38	-2.289201250001497
7	38	-2.0750137499999255
7	38	-1.9408887499994307
7	38	-1.905763750000915
7	38	-1.8834825000012643
7	38	-1.8503887500010023
7	38	-1.8409200000023702
7	38	-1.0847959999991872
7	38	-0.895014749999973
7	38	-0.3199834999977611
7	38	0.33417275000101654
7	38	0.4548915000013949
7	38	0.610328999999183
7	38	0.9725779999971564
7	38	1.3604529999975057
7	38	1.7637967499977094
7	39	-5.514481500002148
7	39	-5.3222940000014205
7	39	-4.942512749999878
7	39	-4.639637750002294
7	39	-4.322420000004058
7	39	-3.8330450000030396
7	39	-3.1155137500027195
7	39	-2.7752637500016135
7	39	-2.77304500000173
7	39	-2.58988875000432
7	39	-2.5823887500009732
7	39	-2.503732500001206
7	39	-2.319295000001148
7	39	-2.175170000002254
7	39	-2.1537325000026613
7	39	-2.0714200000038545
7	39	-2.0139512500027195
7	39	-1.781014750002214
7	39	-1.77176474999942
7	39	-1.469639750001079
7	39	-1.4480147499998566
7	39	-1.2644522500013409
7	39	-1.1223585000007006
7	39	-0.8772647500009043
7	39	-0.8655460000009043
7	39	-0.6185460000015155
7	39	-0.5002647500004969
7	39	-0.3975772500016319
7	39	-0.11182725000253413
7	39	0.508203000001231
7	39	0.617890500001522
7	39	0.8892342500002997
7	39	1.0465155000019877
7	39	1.172890500001813
7	39	1.8932654999989609
7	39	1.9941717500005325
7	40	-5.731481999999232
7	40	-5.3274820000006
7	40	-4.915732000001299
7	40	-4.636232999997446
7	40	-4.079639249997854
7	40	-3.758607999996457
7	40	-3.2306079999980284
7	40	-3.1517954999981157
7	40	-2.616357999999309
7	40	-2.2503277499999967
7	40	-2.243671500000346
7	40	-2.059890249998716
7	40	-2.004577750001772
7	40	-1.813984000000346
7	40	-1.770921499999531
7	40	-1.6012340000015683
7	40	-1.431796500000928
7	40	-1.3594840000005206
7	40	-0.6625464999997348
7	40	-0.36067149999871617
7	40	0.07354724999822793
7	40	0.46101500000077067
7	40	1.2053274999998393
7	40	1.8547337500021968
7	40	1.9152337500017893
7	41	-5.834168500001397
7	41	-5.339668500000698
7	41	-4.879856999999902
7	41	-3.566950749998796
7	41	-3.558044499997777
7	41	-3.456263249998301
7	41	-2.982763249998243
7	41	-2.6574819999987085
7	41	-2.6475132499981555
7	41	-2.3467017500006477
7	41	-1.5079517500016664
7	41	-1.316920500001288
7	41	-1.17423300000155
7	41	-1.0682330000017828
7	41	-0.04026525000153924
7	41	0.33089100000142935
7	41	0.41595349999988684
7	41	0.5359847500003525
7	41	0.5577660000017204
7	41	0.5625785000011092
7	41	0.7550159999991592
7	41	0.8093597500010219
7	41	0.8223597500000324
7	41	0.8395160000000033
7	41	0.8483909999995376
7	41	1.5930472500003816
7	41	1.6788909999995667
7	41	1.720453500001895
7	41	1.7540785000019241
7	42	-5.949325250003312
7	42	-5.932669000005262
7	42	-5.4241690000053495
7	42	-5.383857500004524
7	42	-4.951732500001526
7	42	-4.3367325000035635
7	42	-4.283513750004204
7	42	-4.207576250002603
7	42	-3.9972012500038545
7	42	-3.934138750002603
7	42	-3.433420000004844
7	42	-3.344170000003942
7	42	-3.125326250003127
7	42	-2.416827250002825
7	42	-2.183546000000206
7	42	-1.8536085000014282
7	42	-1.321921000002476
7	42	-1.225608500000817
7	42	-0.9520772500000021
7	42	0.1683279999961087
7	42	0.20542174999718554
7	42	0.34857799999736017
7	42	0.5098279999947408
7	42	0.6333592499977385
7	42	0.8361092499981169
7	42	1.2892967499974475
7	42	1.6728592499966908
7	43	-5.16063750000103
7	43	-5.039450000000215
7	43	-4.6194822500001465
7	43	-4.27276350000102
7	43	-4.1421072500015725
7	43	-4.072732250002446
7	43	-3.8603572499996517
7	43	-3.4550135000026785
7	43	-3.0945135000001756
7	43	-3.085294750002504
7	43	-2.973794749999797
7	43	-2.3045457500011253
7	43	-2.2229520000000775
7	43	-2.139201999998477
7	43	-1.6224519999996119
7	43	-1.4666082500007178
7	43	-0.926327000001038
7	43	-0.6756707499989716
7	43	0.5337970000000496
7	43	1.2294219999967027
7	43	1.2372032499988563
7	43	1.2494844999964698
7	43	1.2555469999970228
7	43	1.2846094999986235
7	43	1.5634219999992638
7	43	1.9050157499987108
7	44	-5.30948250000074
7	44	-5.284795000003214
7	44	-5.248607500001526
7	44	-5.180888750001031
7	44	-4.731201250004233
7	44	-4.600263750002341
7	44	-4.293388750003942
7	44	-4.2280762500013225
7	44	-4.090045000000828
7	44	-3.2427022500014573
7	44	-2.426483499999449
7	44	-2.2415772500025923
7	44	-1.6668272499991872
7	44	-1.5580147500004387
7	44	-1.2744835000012245
7	44	-0.8747335000007297
7	44	-0.5554532500027562
7	44	-0.4573282500023197
7	44	-0.41932825000185403
7	44	-0.3481407500039495
7	44	-0.10157825000351295
7	44	-0.0409532500016212
7	44	0.0886092499968072
7	44	0.16864049999639974
7	44	0.6126717499973893
7	44	1.0653279999969527
7	44	1.1259842499966908
7	44	1.6223592499954975
7	44	1.7349519999988843
7	44	1.8787019999981567
7	45	-5.80126250000103
7	45	-5.37010625000039
7	45	-5.167418749999342
7	45	-4.8635749999994005
7	45	-3.8301072499998554
7	45	-3.659607249999681
7	45	-3.2678885000023
7	45	-3.0941072500027076
7	45	-2.315076000002591
7	45	-2.2925135000004957
7	45	-2.033327000001009
7	45	-1.8233895000012126
7	45	-1.7448269999986223
7	45	-1.7400144999992335
7	45	-1.4363894999987679
7	45	-0.8607332499996119
7	45	0.11026675000175601
7	45	0.128047999998671
7	45	0.4914219999991474
7	45	1.0406719999991765
7	46	-5.1244197500018345
7	46	-4.483169750001252
7	46	-4.354138500002591
7	46	-3.645544750001136
7	46	-3.6390135000037844
7	46	-3.314013500003057
7	46	-2.504233250001562
7	46	-1.6547019999998156
7	46	-1.6139832500011835
7	46	-1.5030457499997283
7	46	-1.464889499999117
7	46	-1.2248895000011544
7	46	0.2407032499977504
7	46	0.48798449999594595
7	46	0.6453907499962952
7	46	0.9605782499966153
7	46	1.3572657499971683
7	47	-5.93151349999971
7	47	-5.632263499999681
7	47	-5.111919749997469
7	47	-4.928169749997323
7	47	-4.413544749997527
7	47	-4.337794749997556
7	47	-4.2038885000001756
7	47	-4.076075999997556
7	47	-4.054982249999739
7	47	-3.7810759999993024
7	47	-3.3844207500005723
7	47	-3.1378582500001357
7	47	-2.90967074999935
7	47	-2.487483250002697
7	47	-2.126452000000427
7	47	-1.9498582500018529
7	47	-1.9254832500009798
7	47	-0.4498592499985534
7	47	-0.30164049999802955
7	47	-0.29851549999875715
7	47	-0.08845300000029965
7	47	0.6561407500012137
7	47	1.323515750002116
7	47	1.4679834999988088
7	48	-5.730388249998214
7	48	-5.235669499998039
7	48	-4.495794499998738
7	48	-4.468763249999029
7	48	-3.7248892499992508
7	48	-2.012045499999658
7	48	-1.8161392500005604
7	48	-1.5150777499984542
7	48	-0.9753277499985415
7	48	0.1791097500026808
7	48	1.0068587499990826
7	48	1.8649837500015565
7	49	-5.686200249998365
7	49	-4.910637749999296
7	49	-4.762825249999878
7	49	-4.560668999998597
7	49	-4.4445127500002855
7	49	-4.342012749999412
7	49	-2.411607500001992
7	49	-2.218482500000391
7	49	-1.9830762500023411
7	49	-1.8542950000010023
7	49	-1.7809512499989069
7	49	-1.43807724999715
7	49	-0.14254599999912898
7	49	-0.13820225000017672
7	49	-0.08454599999822676
7	49	-0.03985850000026403
7	49	1.5234842500030936
7	49	1.726859250004054
7	50	-5.792637749997084
7	50	-5.768825249997462
7	50	-5.7602002499988885
7	50	-5.748918999997841
7	50	-4.9764814999980445
7	50	-4.7587627499997325
7	50	-4.555168999999296
7	50	-4.509700249996968
7	50	-4.464387749998423
7	50	-4.434637749996909
7	50	-4.425793999998859
7	50	-4.385731499998656
7	50	-4.295107499998267
7	50	-3.8751699999957054
7	50	-3.5285449999973935
7	50	-3.103857499998412
7	50	-3.0751387499985867
7	50	-2.002169999996113
7	50	-0.12648350000017672
7	50	-0.004858500000409549
7	50	0.3119227499992121
7	50	0.7412967500022205
7	50	0.9551405000020168
7	50	1.5375780000031227
7	50	1.5851405000030354
7	50	1.6631405000043742
8	1	-4.970450999997411
8	1	1.3122022500028834
8	1	1.3205147500011662
8	1	1.3307022500011954
8	2	-4.031014499996672
8	2	-2.708483249996789
8	2	-2.7024832499992044
8	2	-2.6947957499978656
8	2	-2.6685769999967306
8	2	0.33417199999894365
8	2	0.3377970000001369
8	2	0.9758272500002931
8	3	-5.780419000002439
8	3	-4.638326249998499
8	3	-4.052107499999693
8	3	-4.03432624999914
8	3	-0.6664522499995655
8	3	-0.6548585000018647
8	3	-0.6488272500027961
8	3	-0.4614835000029416
8	3	-0.4490772499993909
8	3	-0.37667100000180653
8	3	1.7852029999994556
8	4	-5.637794999998732
8	4	-5.325607499999023
8	4	-5.316576249999343
8	4	-5.296763750000537
8	4	-4.730888750000304
8	4	-3.2168272500020976
8	4	-3.051358500000788
8	4	-1.9846085000026505
8	4	1.3421717499986698
8	5	-5.183544750001602
8	5	-3.696513500002766
8	5	-3.6880447500006994
8	5	-1.8362957499994081
8	5	-1.8209832499996992
8	5	-1.555545750001329
8	5	-0.2582967500020459
8	5	-0.25120300000344287
8	5	-0.2296717500030354
8	5	-0.1209530000014638
8	5	0.7408594999978959
8	6	-5.840919500002201
8	6	-4.724357999999484
8	6	-4.335482999998931
8	6	-3.6482017500020447
8	6	-2.104202750004333
8	6	-0.8228902500013646
8	6	-0.814702750001743
8	6	-0.8070465000018885
8	6	0.009640999996918254
8	6	1.6213587499987625
8	6	1.6299837499973364
8	7	-4.470451500001218
8	7	-4.4631077500016545
8	7	-4.456795250000141
8	7	-4.4496389999985695
8	7	-4.4432640000013635
8	7	-4.433795249999093
8	7	-4.42113899999822
8	7	-2.7093889999996463
8	7	-2.69867024999985
8	7	-2.6812639999989187
8	7	-2.671232749999035
8	7	-0.8740462499990826
8	7	-0.010764999999082647
8	7	0.389952749999793
8	7	0.39182774999790126
8	8	-2.7467642499977956
8	8	-2.733326749999833
8	8	-2.7271079999991343
8	8	-2.721014250000735
8	9	-5.0666377500019735
8	9	-5.053387750002003
8	9	-4.344919999999547
8	9	-4.175919999997859
8	9	-4.168826249999256
8	9	-4.159951249999722
8	9	-3.7381387499990524
8	9	-3.731013749998965
8	9	-2.2668262499973935
8	9	-1.908389750002243
8	9	-1.9017647500004387
8	9	-0.4840147499999148
8	9	1.8707342500019877
8	10	-4.507388999998511
8	10	-3.139357749998453
8	10	-2.6468264999966777
8	10	-2.2812962499956484
8	10	-1.9464837499945133
8	10	-0.5546399999948335
8	10	-0.5521087499946589
8	10	0.1392027500005497
8	10	0.1422027500011609
8	10	0.6402027500007534
8	11	-2.0445460000009916
8	11	-0.4340470000024652
8	12	-2.5782647499981977
8	12	-1.8222647499969753
8	12	-1.8100772500001767
8	12	-1.7805459999981395
8	12	-1.7668584999992163
8	12	-1.2485147499974119
8	12	-1.2350772499994491
8	12	-1.2138272499978484
8	12	-1.203514749999158
8	12	-0.5192969999989145
8	12	-0.31789075000051525
8	13	-5.888388249997661
8	13	-4.5277017500011425
8	13	-3.504326750000473
8	13	-2.958670500000153
8	13	1.674046249998355
8	14	-3.3093894999983604
8	14	-2.6754519999994955
8	14	-2.6732019999981276
8	14	-2.6680457500006014
8	14	-2.105389500000456
8	14	-2.0367019999976037
8	14	-2.0346082500000193
8	14	-1.2072019999977783
8	14	-0.6580467500025406
8	14	-0.6481717499991646
8	15	-5.533168750003824
8	15	-5.323326000001543
8	15	-3.8531385000023874
8	15	-3.772482250002213
8	15	-3.7673260000010487
8	15	-3.7647322500015434
8	15	-3.7618885000010778
8	15	-2.617639500000223
8	15	-2.2135145000029297
8	16	-3.2779507500017644
8	16	-3.0619820000028994
8	16	-2.8817007500038017
8	16	-2.843700750003336
8	16	0.7713597499969183
8	16	0.8070159999988391
8	17	-0.8274837500030117
8	17	-0.8239837500004796
8	18	-2.871515000002546
8	18	-2.111452500001178
8	18	-1.53248375000112
8	18	-1.281765000003361
8	18	-1.2726400000028661
8	18	-1.2657650000001013
8	18	-1.2574837500033027
8	18	-1.2501712500015856
8	18	-1.239015000002837
8	18	-1.2214525000017602
8	19	-5.29713774999982
8	19	-4.2051064999977825
8	19	-3.0527012500024284
8	19	1.64173424999899
8	19	1.647796749999543
8	20	-4.119482499998412
8	20	-3.760419999998703
8	21	-5.965856499999063
8	21	-4.896168999999645
8	21	-4.8742940000011
8	21	-3.0089199999965786
8	21	-2.621951249999256
8	21	-2.373576249996404
8	21	-1.550545999998576
8	21	-1.5355147500013118
8	21	-1.5269834999999148
8	21	-1.5248272499993618
8	21	-1.5180147499995655
8	21	-1.511483499998576
8	21	-0.04826474999936181
8	22	0.22792225000011967
8	22	1.8282962499979476
8	23	-3.4685142500020447
8	23	-3.459483000002365
8	23	-0.4883902500005206
8	23	1.5841712500005087
8	24	1.7540775000015856
8	24	1.7593899999992573
8	24	1.7686399999984133
8	24	1.7756399999998393
8	24	1.7913587500006543
8	24	1.7992337499999849
8	24	1.8145775000011781
8	24	1.8250149999985297
8	24	1.8329837499986752
8	24	1.8549837499995192
8	24	1.8623899999984133
8	24	1.8826712500012945
8	24	1.892796250001993
8	24	1.9057337500016729
8	24	1.923327500000596
8	25	-4.797857749999821
8	25	-3.8236389999983658
8	25	-3.338170249997347
8	25	-3.327170249998744
8	25	-3.3190764999999374
8	25	-3.305764000000636
8	25	-3.2729202499976964
8	25	-3.219139000000723
8	25	-3.178920250000374
8	25	-3.1537014999994426
8	25	-3.1093889999974635
8	25	-2.326296250001178
8	25	-1.1465774999996938
8	25	0.2837964999998803
8	26	-3.7052632499980973
8	26	-3.6224194999958854
8	26	-2.4053579999999783
8	27	-5.51179399999819
8	27	-5.047701249997772
8	27	-5.04323249999652
8	27	-4.252076249995298
8	27	-4.102732499995909
8	27	-3.792576249998092
8	27	-3.7779512499982957
8	27	-3.1566074999973353
8	27	-3.1533262499979173
8	27	-2.1989522500007297
8	27	-1.3902647499999148
8	28	-5.381262250004511
8	28	-5.149449750002532
8	28	-5.142387250005413
8	28	-5.129043500004627
8	28	-5.124637250002706
8	28	-1.9495455000032962
8	28	-1.70713925000382
8	28	0.28848474999904283
8	28	0.9532347499989555
8	28	0.9574222499977623
8	28	0.9631722499980242
8	29	-3.948826750001899
8	29	-3.5208267500020156
8	29	-2.976889249999658
8	29	-2.2876705000016955
8	29	-2.2730767499997455
8	29	-0.7437652500011609
8	29	-0.6948902500043914
8	29	-0.6891715000019758
8	29	-0.06607775000156835
8	29	0.2497659999971802
8	29	0.2755159999978787
8	29	0.35035974999846076
8	30	-2.1524837500001013
8	30	-1.9196087500022259
8	30	-1.9060774999998102
8	30	-1.2257337500013818
8	30	-0.5947962499994901
8	30	-0.5903275000018766
8	30	-0.5156400000014401
8	31	-5.759794249999686
8	31	-4.278263999996852
8	31	-2.4799837499958812
8	31	1.5741402500025288
8	32	-5.313139000001684
8	32	-4.8647327500002575
8	32	-3.41126400000212
8	32	-3.4002952500013635
8	32	-1.210015000000567
8	33	-3.927638749995822
8	33	-2.745107499998994
8	33	-1.5236387499971897
8	33	-0.7461084999995364
8	33	-0.21323349999875063
8	34	-5.359855999999127
8	34	-0.0009839999984251335
8	34	0.7674222499990719
8	34	0.8607034999986354
8	36	-1.6264830000000075
8	36	-1.6210455000000366
8	36	1.3172347500003525
8	36	1.3200160000014876
8	37	1.0008285000039905
8	38	-4.883200249998481
8	38	-4.879200249997666
8	38	-2.6047012500021083
8	38	-1.8700137500018172
8	38	-0.9751084999988961
8	38	0.025391499999386724
8	38	0.3392352500013658
8	38	0.7866102500011039
8	39	-2.2251075000021956
8	40	-0.3243277500005206
8	40	-0.3157027500019467
8	40	-0.31304649999947287
8	41	-5.085638249998738
8	41	-5.080356999998912
8	41	-5.074856999999611
8	41	-2.660013249998883
8	41	-2.214139250001608
8	41	-2.2062330000007933
8	41	-1.7453267500022775
8	41	-0.6922642500030634
8	42	-5.4209815000067465
8	42	-5.125982500001555
8	42	-4.308138750002399
8	42	-3.5511700000024575
8	42	-3.543920000003709
8	42	-3.531482500002312
8	42	-3.51132625000173
8	42	-2.7661710000029416
8	42	-0.2528282500024943
8	42	0.3847029999960796
8	43	-2.4869207500014454
8	43	-1.625951999998506
8	43	-0.7048270000013872
8	43	-0.6784207499986223
8	43	-0.6633269999983895
8	43	0.06167199999981676
8	43	0.5596094999964407
8	43	1.7730782499966153
8	43	1.8830157499978668
8	43	1.8902032499972847
8	45	-1.0214520000008633
8	45	-1.0107957500003977
8	45	-1.004139500000747
8	45	-0.05254575000071782
8	46	-3.6289197500009323
8	46	-1.1062019999990298
8	47	-2.6638270000003104
8	47	-2.390264500001649
8	47	-0.42207799999960116
8	48	-3.1927954999991925
8	48	-2.015326749999076
8	48	0.45920350000233157
8	48	0.47873475000233157
8	49	-5.697419000000082
8	49	-2.916638750000857
8	49	-1.2094522499974119
8	49	-0.14460849999886705
8	49	-0.14048349999939092
8	50	-4.396481499999936
8	50	-3.1118887499978882
8	50	1.4913905000030354
8	50	1.5105467500034138
9	1	-4.748982249995606
9	1	-4.010857249995752
9	1	-3.4059207499994955
9	1	-0.8645467499954975
9	2	-3.8839520000001357
9	2	-3.0441082500001357
9	2	-1.4523592500008817
9	2	-0.8851404999986698
9	2	0.3479220000008354
9	2	0.711984499997925
9	2	1.3265772500017192
9	2	1.415171000000555
9	2	1.4949210000013409
9	3	-4.748357500000566
9	3	-2.5537960000001476
9	3	-2.3099522500015155
9	3	-0.5691710000028252
9	3	-0.45535849999942
9	3	0.2652655000019877
9	3	0.5078905000009399
9	3	1.0545467500014638
9	4	-4.223701250000886
9	4	-1.3307335000026796
9	4	-1.0230460000020685
9	5	-5.197982250003406
9	5	-1.5184832500017365
9	5	0.32095324999681907
9	5	1.0652032499965571
9	5	1.4391094999955385
9	5	1.5435772499986342
9	6	-5.306263250000484
9	6	-5.244919500000833
9	6	-4.742295500000182
9	6	-4.453982999999425
9	6	-3.440483000002132
9	6	-2.6751392500009388
9	6	-1.648077750003722
9	6	-1.1914215000033437
9	6	0.7772024999976566
9	6	1.4145150000003923
9	7	-5.8031067500014615
9	7	-5.571106750001491
9	7	-3.008795249999821
9	7	-1.5674837499973364
9	7	-1.3268274999973073
9	7	-1.2577962499999558
9	7	0.9049840000006952
9	8	-5.700357000001532
9	8	-3.9317320000009204
9	8	-3.8202320000018517
9	8	-2.8313579999994545
9	8	-2.7055142499993963
9	8	-2.0552642500006186
9	8	-1.1690142499974172
9	8	1.2682347499976458
9	9	-5.994325250001566
9	9	-5.156887749999441
9	9	-5.038231500002439
9	9	-3.387482499998441
9	9	-2.109294999998383
9	9	1.658703000000969
9	10	-5.797606749998522
9	10	-5.2662004999983765
9	10	-5.1333879999983765
9	10	-4.686545249998744
9	10	-4.202232749998075
9	10	-3.3187639999960084
9	10	-1.6698587499959103
9	10	-1.6256399999947462
9	11	-4.679201250004553
9	11	-3.6872637500018755
9	11	-3.1258887500043784
9	11	-3.119795000002341
9	11	-0.2018907500023488
9	11	0.4229217499960214
9	11	1.0794842499963124
9	11	1.461234249996778
9	11	1.5137967499977094
9	11	1.9679207499975746
9	12	-5.628795000000537
9	12	-5.004232499999489
9	12	-4.646420000000944
9	12	-1.6278897499978484
9	12	-1.1200147499985178
9	12	-0.5043282500009809
9	12	-0.10814074999871082
9	12	0.8903592499991646
9	12	1.8538270000026387
9	13	-5.817513249996409
9	13	-4.947138249997806
9	13	-3.1063267499994254
9	13	-3.0786079999998037
9	13	-2.833357999999862
9	13	-2.6747017499983485
9	13	-0.278108999998949
9	13	0.16932850000011967
9	13	0.20514100000218605
9	13	1.2992650000014692
9	13	1.3155775000013818
9	14	-5.613107249999302
9	14	-3.328795749999699
9	14	-2.82520199999999
9	14	-2.0394832499987388
9	14	-1.1800769999972545
9	14	0.2877032500000496
9	14	0.3752969999986817
9	14	0.7010469999986526
9	14	1.0452344999976049
9	14	1.816577249999682
9	15	-4.690794750003988
9	15	-4.037576000002446
9	15	-1.814483250000194
9	15	-0.4921395000019402
9	15	-0.3701717500043742
9	16	-5.177794500003074
9	16	-4.217575750000833
9	16	-3.6722632500022883
9	16	-2.8342945000040345
9	16	-1.488076749999891
9	16	0.08392224999624887
9	16	0.8555472499974712
9	16	1.448547249998228
9	17	-5.285106750001432
9	17	-2.459608750003099
9	17	-1.8908587500009162
9	17	-1.6127962500031572
9	17	-1.5913275000020803
9	18	-1.8306712500016147
9	18	-1.695733750002546
9	18	-1.000421250002546
9	18	-0.765327500001149
9	18	0.11582774999988033
9	19	-5.413200249997317
9	19	-5.311200249998365
9	19	-2.4076700000005076
9	19	-1.3693272499986051
9	19	-1.036358499997732
9	19	-0.5388585000000603
9	19	1.2068592499999795
9	20	-5.454012749996764
9	20	-5.068106499998976
9	20	-4.191670000000158
9	20	-3.419107500001701
9	20	-2.453545000000304
9	20	-1.829233499996917
9	20	-1.4395147499999439
9	20	-0.29910849999942
9	20	1.3043280000019877
9	20	1.3367967500016675
9	20	1.3483905000030063
9	21	-4.741607499996462
9	21	-2.7327012499990815
9	21	-2.572076249998645
9	21	-1.5028897500014864
9	21	0.30657800000335556
9	21	1.4187030000030063
9	21	1.5392030000002705
9	22	-5.131544500000018
9	22	-3.5562642500008224
9	23	-4.695700750002288
9	23	-3.8724830000028305
9	23	-3.2992017500037036
9	23	-1.8937642500022775
9	23	-1.8742955000016082
9	23	-1.3601090000011027
9	23	-1.2158277500020631
9	23	1.3262649999996938
9	24	-4.385264249998727
9	24	-4.015201750000415
9	24	-2.895639250000386
9	24	-2.359734000001481
9	24	-2.2675777500007825
9	24	-1.867140250000375
9	24	-0.9995777500007534
9	24	-0.7543902500001423
9	24	-0.4025777500028198
9	24	0.8424837499987916
9	25	-2.951451499997347
9	25	-1.4659212500009744
9	25	-0.5726400000021385
9	25	1.0733590000018012
9	25	1.310796500001743
9	25	1.790859000000637
9	26	-5.991980999999214
9	26	-4.94379449999542
9	26	-4.178075749998243
9	26	-3.920294499996089
9	26	-3.6304507499953615
9	26	-3.600263249998534
9	26	-1.4197329999988142
9	26	0.48889100000451435
9	27	-3.4234824999984994
9	27	-2.7421387499962293
9	27	-2.2916709999990417
9	27	-1.1004834999985178
9	27	0.28929675000108546
9	27	1.1504530000020168
9	28	-5.1352310000038415
9	28	-5.132824750002328
9	28	-2.4596392500025104
9	28	-2.441108000002714
9	28	-0.9349517500049842
9	28	-0.6485142500023358
9	28	0.1529534999972384
9	28	0.27532849999624887
9	28	0.6210784999966563
9	28	0.9808597499977623
9	29	-5.165857000003598
9	29	-4.613825750002434
9	29	-4.2667017500025395
9	29	-2.0064205000016955
9	29	-0.2282965000013064
9	29	-0.007452750003722031
9	29	0.2771409999986645
9	30	-3.390263999997842
9	30	-2.2555150000007416
9	30	0.6912027500002296
9	31	-5.117982749998191
9	31	-3.9360764999983076
9	31	-3.9106389999979
9	31	-2.9816399999981513
9	32	-5.75298174999989
9	32	-5.261920250002731
9	32	-5.0617952500033425
9	32	-1.9626712499994028
9	32	-1.2137650000004214
9	32	1.0711402499982796
9	32	1.5435464999973192
9	33	-4.791200249997928
9	33	-3.711888749996433
9	33	-3.509888749998936
9	33	-3.2301387499974226
9	33	-2.385388749997219
9	33	-2.193669999996928
9	33	-1.3488272499998857
9	33	-0.20392100000026403
9	34	-4.631450749999203
9	34	-4.583857000001444
9	34	-2.7720757499992033
9	34	0.13885975000084727
9	34	0.6811410000009346
9	34	0.7859534999988682
9	34	0.9974222499986354
9	34	1.8267034999989846
9	34	1.928515999999945
9	35	-5.6249189999980445
9	35	-5.564700249997259
9	35	-4.322388749998936
9	35	-3.6770762500018463
9	35	-3.4421074999991106
9	35	-1.6021709999986342
9	35	-0.4624210000001767
9	35	0.1762342500005616
9	35	0.7490467499992519
9	36	-4.952388249999785
9	36	-4.726450750000367
9	36	-3.871450750000804
9	36	-2.5645767499991052
9	36	-0.16426524999769754
9	36	0.5868285000033211
9	37	-3.71145174999765
9	37	0.12332850000530016
9	37	1.1873900000027788
9	37	1.6284525000010035
9	38	-5.193637749998743
9	38	-5.1497002500000235
9	38	-2.6652637500010314
9	38	-1.174733500000002
9	38	0.08661025000037625
9	38	0.9845779999996012
9	39	-5.0769189999991795
9	39	-4.527544000000489
9	39	-3.712701250002283
9	39	-2.4333887500033597
9	39	-1.0147022500023013
9	39	-0.9646397500000603
9	39	-0.0467022500015446
9	39	0.96595299999899
9	39	1.5682029999989027
9	40	-4.37942049999765
9	40	-3.2341079999969224
9	40	-3.08273299999928
9	40	-1.810484000001452
9	40	1.289577499999723
9	40	1.7262337499996647
9	41	-4.688106999998126
9	41	-2.273420500001521
9	41	-1.9739205000005313
9	41	-1.1874830000015208
9	41	-0.10076525000113179
9	41	0.2671722500017495
9	41	0.4327034999987518
9	42	-5.428356500004156
9	42	-4.750357500004611
9	42	-3.200795000004291
9	42	-2.649546000000555
9	42	0.2011717499954102
9	42	0.3152967499954684
9	42	0.8525779999981751
9	42	1.0032029999965744
9	42	1.6532342499958759
9	42	1.8149217499958468
9	43	-5.612324999998236
9	43	-3.080169750002824
9	43	-2.278389499999321
9	43	-2.2692019999994955
9	43	-0.919545749999088
9	43	-0.5102645000006305
9	43	-0.27076450000095065
9	43	-0.2328582500012999
9	43	0.058421999998245155
9	43	0.39723449999655713
9	43	0.8643594999994093
9	43	1.7968282499969064
9	44	-5.189295000003767
9	44	-5.154670000003534
9	44	-5.094170000003942
9	44	-3.598420000002079
9	44	-2.647889750001923
9	44	-2.2443585000000894
9	44	-0.31632825000269804
9	44	1.4542967499983206
9	44	1.7192967499977385
9	45	-5.772043749999284
9	45	-5.7207937499988475
9	45	-4.704512500000419
9	45	-3.9087634999996226
9	45	-3.713388500000292
9	45	-2.537794750001922
9	45	-2.119483250000485
9	45	-1.9206082499986223
9	45	-1.743045750001329
9	45	1.3916407500000787
9	45	1.9445469999991474
9	46	-4.456482250003319
9	46	-4.433982250004192
9	46	-3.077607250001165
9	46	-2.6348270000016782
9	46	-2.547952000000805
9	46	-1.0877957500015327
9	46	0.9095782499971392
9	46	0.9749219999976049
9	47	-4.042919749997964
9	47	-3.4045770000011544
9	47	-2.7673582500028715
9	47	-2.1137957499995537
9	47	-1.5729520000022603
9	47	-0.8045779999993101
9	47	0.4869844999993802
9	47	0.7886407500009227
9	47	0.8907032499992056
9	47	1.4194522500001767
9	48	-3.1881704999977956
9	48	-3.0019204999989597
9	48	-0.568202749996999
9	48	0.4159535000035248
9	48	0.6018910000020696
9	48	1.093858749998617
9	48	1.3169525000012072
9	48	1.8903900000004796
9	48	1.94923375000144
9	49	-5.322137749997637
9	49	-4.77376274999915
9	49	-4.608793999999762
9	49	-4.606106499999441
9	49	-1.4577959999987797
9	49	0.04357900000104564
9	49	1.0530780000044615
9	50	-5.7787002499972004
9	50	-4.744262749998597
9	50	-4.408325249998597
9	50	-1.8124209999987215
9	50	-0.9943272499986051
9	50	0.6384217500017257
10	1	-5.599982249997993
10	1	-5.49460724999517
10	1	-5.396075999997265
10	1	-5.362200999996276
10	1	-5.318419749997702
10	1	-5.099669749997702
10	1	-4.968700999997964
10	1	-4.7857009999970614
10	1	-4.714044749995082
10	1	-4.619294749994879
10	1	-4.54929474999517
10	1	-3.7588269999978365
10	1	-3.230108249998011
10	1	-3.1964520000001357
10	1	-3.1838895000000775
10	1	-3.1321707499992044
10	1	-3.1016394999969634
10	1	-2.709858250000252
10	1	-2.221233249998477
10	1	-1.0675779999983206
10	1	-0.7250154999965162
10	1	-0.32257799999570125
10	1	0.1456720000023779
10	1	0.2074845000024652
10	1	0.24848450000354205
10	1	0.6114845000047353
10	1	0.6414220000042405
10	1	0.7381095000018831
10	1	0.8022032500048226
10	1	0.8527657500017085
10	1	1.3004209999999148
10	1	1.3197335000004387
10	1	1.3238584999999148
10	1	1.8397960000002058
10	1	1.8861397500004387
10	1	1.9505460000000312
10	2	-5.989575999999943
10	2	-5.061419749999914
10	2	-5.049326000000292
10	2	-5.022544750001543
10	2	-4.899451000001136
10	2	-4.827982250000787
10	2	-4.703107249999448
10	2	-4.480951000001369
10	2	-4.405326000000059
10	2	-4.36266975000035
10	2	-4.304450999999972
10	2	-4.145982250000088
10	2	-4.112232250001398
10	2	-3.9120144999978947
10	2	-3.8152644999972836
10	2	-3.495733249998011
10	2	-3.284983249999641
10	2	-3.2564519999978074
10	2	-3.1670144999989134
10	2	-3.057201999999961
10	2	-3.0458582499995828
10	2	-2.8621082499994372
10	2	-2.3063894999977492
10	2	-2.273670749997109
10	2	-1.9792019999986223
10	2	-1.9629519999980403
10	2	-1.909889499998826
10	2	-1.8903269999973418
10	2	-1.858483249998244
10	2	-1.8325769999974
10	2	-1.6587332499984768
10	2	-1.5648279999986698
10	2	-1.5195779999994556
10	2	-1.274140500001522
10	2	-0.9809842499998922
10	2	-0.5924217499996303
10	2	-0.148109249999834
10	2	-0.05573424999965937
10	2	0.25676575000034063
10	2	0.3361719999993511
10	2	0.34582824999961304
10	2	0.35685949999970035
10	2	0.39064074999987497
10	2	0.6057657499986817
10	2	0.7934532500003115
10	2	0.8048595000000205
10	2	0.8947960000004969
10	2	0.9455147500011662
10	2	0.9581085000027088
10	2	1.021671000002243
10	2	1.2370772499998566
10	2	1.2766085000002931
10	2	1.3297647500003222
10	2	1.3465460000006715
10	2	1.4055772499996237
10	2	1.4127335000011954
10	2	1.4794522500014864
10	2	1.6399210000017774
10	2	1.8429522500009625
10	2	1.850921000001108
10	3	-5.9575752500022645
10	3	-5.899543999999878
10	3	-5.872919000001275
10	3	-5.8311377499994705
10	3	-5.750762750001741
10	3	-5.634700250000606
10	3	-5.5368252500011295
10	3	-5.431450250001944
10	3	-5.422231500000635
10	3	-5.351512749999529
10	3	-5.345543999999791
10	3	-5.054263750000246
10	3	-4.954732499998499
10	3	-4.83126374999847
10	3	-4.718857500000013
10	3	-4.633232500000304
10	3	-4.608482499999809
10	3	-4.584888749999664
10	3	-4.464451249998092
10	3	-4.397888749997946
10	3	-4.089326249999431
10	3	-4.056294999998499
10	3	-4.035107499999867
10	3	-4.016201250000449
10	3	-3.8059199999988778
10	3	-3.7992950000007113
10	3	-3.7957949999981793
10	3	-3.7925137499987613
10	3	-3.7882012499976554
10	3	-3.7821699999985867
10	3	-3.7775450000008277
10	3	-3.7614824999982375
10	3	-3.741388750000624
10	3	-3.7255137499996636
10	3	-3.676513750000595
10	3	-3.1359512499984703
10	3	-2.8864824999982375
10	3	-2.866201249998994
10	3	-2.826607499999227
10	3	-2.5785137499988195
10	3	-2.465545999999449
10	3	-2.3938584999996237
10	3	-2.362233500000002
10	3	-2.332921000001079
10	3	-2.3098272500028543
10	3	-1.9936710000001767
10	3	-1.7092960000009043
10	3	-1.6164522500002931
10	3	-1.587764750001952
10	3	-1.3731084999999439
10	3	-0.5457022500013409
10	3	-0.5087022500010789
10	3	-0.47745225000107894
10	3	-0.45263975000125356
10	3	-0.4256085000015446
10	3	-0.406327250002505
10	3	-0.3692647500029125
10	3	-0.280296000000817
10	3	-0.22457725000276696
10	3	-0.18320225000206847
10	3	-0.13326475000212668
10	3	-0.09270325000034063
10	3	-0.01210949999949662
10	3	0.008077999998931773
10	3	0.03507800000079442
10	3	0.07501550000233692
10	3	0.10582799999974668
10	3	0.1216092499998922
10	3	0.2888904999999795
10	3	0.34070300000166753
10	3	0.4433592499990482
10	3	0.5352967500002705
10	3	0.6387967500013474
10	3	1.6490154999992228
10	3	1.6695467499994265
10	3	1.706077999999252
10	3	1.7198280000011437
10	3	1.9316404999990482
10	4	-5.837981500000751
10	4	-5.550607499997568
10	4	-5.4980137499987904
10	4	-5.458920000000944
10	4	-5.436044999998558
10	4	-5.368232500000886
10	4	-5.348951249998208
10	4	-5.175763749997714
10	4	-5.15713875000074
10	4	-5.128451249998761
10	4	-4.91451374999815
10	4	-4.797076250000828
10	4	-4.765951249999489
10	4	-4.713451249997888
10	4	-4.598951249998208
10	4	-4.5427324999982375
10	4	-4.421763750000537
10	4	-4.360544999999547
10	4	-4.297732499999256
10	4	-4.21182625000074
10	4	-4.0824199999988195
10	4	-3.5691699999988487
10	4	-3.4783887499979755
10	4	-3.443388749998121
10	4	-3.329576249998354
10	4	-3.2884825000001
10	4	-3.248294999997597
10	4	-3.2196710000025632
10	4	-3.212452250001661
10	4	-3.1716085000007297
10	4	-3.1329210000003513
10	4	-3.081921000000875
10	4	-2.8936085000023013
10	4	-2.653639750002185
10	4	-2.3716397500029416
10	4	-2.269108500000584
10	4	-2.237514750002447
10	4	-2.2069522500023595
10	4	-2.138420999999653
10	4	-2.0629522500021267
10	4	-2.0269522500020685
10	4	-1.9904835000015737
10	4	-1.943233500001952
10	4	-1.4749522500023886
10	4	-1.414233499999682
10	4	-1.3634835000011662
10	4	-1.2762335000006715
10	4	-1.0710460000009334
10	4	-1.0038272500023595
10	4	-0.9811085000001185
10	4	-0.4869220000000496
10	4	-0.4307657499994093
10	4	-0.3586094999991474
10	4	-0.1979219999993802
10	4	-0.06154700000115554
10	4	0.024077999998553423
10	4	0.048484250000910833
10	4	0.08004675000120187
10	4	0.10814050000044517
10	4	0.39173424999899
10	4	0.550046749998728
10	4	0.5526405000018713
10	4	0.5854529999996885
10	4	0.6301717499991355
10	4	0.6924529999996594
10	4	1.2299217500003579
10	4	1.2716092500013474
10	4	1.3006092499999795
10	4	1.3213592499996594
10	4	1.372109250001813
10	4	1.6957655000005616
10	4	1.9873270000025514
10	5	-5.723888500000612
10	5	-5.581513500001165
10	5	-5.381576000003406
10	5	-5.35254475000329
10	5	-5.2877635000040755
10	5	-5.212732250001864
10	5	-5.016638500001136
10	5	-4.621263500001078
10	5	-4.580888500000583
10	5	-4.55010725000102
10	5	-4.4386697500012815
10	5	-4.410076000003755
10	5	-4.368544750002911
10	5	-4.31348225000329
10	5	-3.760701000002882
10	5	-3.686482250002882
10	5	-3.425795750001271
10	5	-3.369889500001591
10	5	-3.3276707500008342
10	5	-3.246108250001271
10	5	-3.128920750001271
10	5	-3.069545750000543
10	5	-2.9852957500006596
10	5	-2.9067332500017073
10	5	-2.8800457500001357
10	5	-2.7776395000000775
10	5	-2.5789207500019984
10	5	-2.5527332500023476
10	5	-2.4671082499990007
10	5	-2.4519832500009215
10	5	-2.4366394999997283
10	5	-2.227233249999699
10	5	-2.133889500000805
10	5	-2.0112020000015036
10	5	-1.9443582499989134
10	5	-1.9268895000022894
10	5	-1.8291707499993208
10	5	-1.815733250001358
10	5	-1.8057645000008051
10	5	-1.5456395000001066
10	5	-1.5430457500006014
10	5	-1.5381395000003977
10	5	-1.5269207500023185
10	5	-0.785859250001522
10	5	-0.42514050000318093
10	5	-0.3740467500028899
10	5	-0.2726405000030354
10	5	-0.18701550000332645
10	5	-0.16695300000355928
10	5	0.3814532499964116
10	5	0.38579699999900186
10	5	0.4745469999979832
10	5	0.6074219999973138
10	5	0.6277657499958877
10	5	0.7430469999962952
10	5	0.7541094999978668
10	5	1.09879699999874
10	5	1.1465782499981287
10	5	1.2894219999980123
10	5	1.3261094999979832
10	5	1.3474219999989145
10	5	1.3697032499985653
10	5	1.3730469999973138
10	5	1.400515749995975
10	5	1.4059219999980996
10	5	1.4122969999989436
10	5	1.4278282499981287
10	5	1.4461094999969646
10	5	1.4961084999995364
10	6	-5.952888250001706
10	6	-5.831982000003336
10	6	-5.517263250003452
10	6	-5.321950750003452
10	6	-5.271294500002114
10	6	-5.250669500001095
10	6	-5.243107000002055
10	6	-5.227294500004064
10	6	-4.7535454999997455
10	6	-4.745264249999309
10	6	-4.740982999999687
10	6	-4.7357642499991925
10	6	-4.405514250000124
10	6	-4.3721704999989015
10	6	-4.326889250001841
10	6	-4.299295500000881
10	6	-4.2862329999989015
10	6	-4.245858000002045
10	6	-4.202733000001899
10	6	-4.132670499999222
10	6	-4.096389250000357
10	6	-4.0806392500016955
10	6	-3.8577642500022193
10	6	-3.686389250000502
10	6	-3.6460142500000075
10	6	-3.6157955000016955
10	6	-3.309201750002103
10	6	-3.2333892499991634
10	6	-3.1061079999999492
10	6	-3.0860142500023358
10	6	-2.983326749999833
10	6	-2.6280142499999783
10	6	-2.4796705000007933
10	6	-2.437920500000473
10	6	-2.1302340000038384
10	6	-2.102109000003111
10	6	-1.710671500000899
10	6	-1.6119527500013646
10	6	-1.5341402500016557
10	6	-1.459234000001743
10	6	-1.4460152500032564
10	6	-1.3027340000044205
10	6	-1.2888277500023833
10	6	-1.2679840000018885
10	6	-1.2412965000039549
10	6	-1.2057027500013646
10	6	-1.1102027500019176
10	6	-0.9687340000018594
10	6	-0.9482652500009863
10	6	-0.9269527500036929
10	6	-0.9189215000042168
10	6	-0.8824840000015683
10	6	-0.8361402500013355
10	6	-0.8119215000042459
10	6	-0.5903590000016266
10	6	-0.5410152500044205
10	6	-0.24117150000165566
10	6	-0.04957775000366382
10	6	0.0029222499979368877
10	6	0.08326599999782047
10	6	0.269639999998617
10	6	0.2903587500004505
10	6	0.348077499998908
10	6	0.4246087499996065
10	6	0.45473375000074157
10	6	0.5286712499982968
10	6	0.5668899999982386
10	6	0.871921250000014
10	6	0.8833899999990535
10	6	0.8952337499977148
10	6	0.909546250000858
10	6	0.930515000000014
10	6	0.9427649999997811
10	6	0.9707337500003632
10	6	0.980171249997511
10	6	1.0155462500006252
10	6	1.7356712500004505
10	6	1.8281087499999558
10	6	1.9155774999999267
10	7	-5.974888000000647
10	7	-5.906950500000676
10	7	-5.872013000000152
10	7	-5.7980755000025965
10	7	-5.696981750003033
10	7	-5.439575500000501
10	7	-5.409169250000559
10	7	-5.384356750000734
10	7	-5.351263000000472
10	7	-5.292075500001374
10	7	-5.2341380000034405
10	7	-5.103981750002276
10	7	-5.043356750000385
10	7	-4.973888000000443
10	7	-4.499670249999326
10	7	-4.474951500000316
10	7	-4.289951499999006
10	7	-4.065013999999792
10	7	-3.7505452500008687
10	7	-3.720576499999879
10	7	-3.6359827499982202
10	7	-2.977670249998482
10	7	-2.9469514999982493
10	7	-2.8381077500016545
10	7	-2.800857750000432
10	7	-2.7421077500002866
10	7	-2.579638999999588
10	7	-2.5481077500007814
10	7	-2.2279524999976275
10	7	-2.1478899999965506
10	7	-1.9625774999985879
10	7	-1.8999212499984424
10	7	-1.6600149999976566
10	7	-1.6569212499998685
10	7	-1.6429837499999849
10	7	-1.6215462499967543
10	7	-1.5974837499998102
10	7	-1.5423274999993737
10	7	-1.265639999997802
10	7	-1.060046249996958
10	7	-1.0278899999975692
10	7	-0.9790775000001304
10	7	-0.710014999996929
10	7	-0.5993587499979185
10	7	-0.26623374999689986
10	7	-0.1838587499987625
10	7	-0.013608749999548309
10	7	0.3185777500002587
10	7	0.3250777499997639
10	7	0.3547652499983087
10	7	0.7111089999998512
10	7	0.9289214999989781
10	7	1.0327964999996766
10	7	1.558015250000608
10	7	1.8713902499985124
10	8	-5.998012249998283
10	8	-5.989355999998224
10	8	-5.933043499997439
10	8	-5.905668499999592
10	8	-5.880730999997468
10	8	-5.839450750001561
10	8	-5.742044500002521
10	8	-5.6418570000023465
10	8	-5.60476325000127
10	8	-5.559669500002201
10	8	-4.988513250002143
10	8	-4.923138250000193
10	8	-4.883513250002579
10	8	-4.796138249999785
10	8	-4.755606999999145
10	8	-4.545482000001357
10	8	-4.530107000002317
10	8	-4.500669500001095
10	8	-4.49666950000028
10	8	-4.435450749999291
10	8	-4.342357000001357
10	8	-4.304575750000367
10	8	-4.252607000002172
10	8	-4.1432007500006875
10	8	-4.111450750002405
10	8	-3.538919500002521
10	8	-3.5077007500003674
10	8	-3.4763569999995525
10	8	-3.299732999999833
10	8	-2.953201749998698
10	8	-2.917639249997592
10	8	-2.783295499997621
10	8	-2.743326749998232
10	8	-2.7204204999979993
10	8	-2.7076704999999492
10	8	-2.5242330000000948
10	8	-2.521389249999629
10	8	-2.518482999999833
10	8	-2.507795499997883
10	8	-2.5034517499989306
10	8	-2.4997330000005604
10	8	-2.485483000000386
10	8	-2.089545499999076
10	8	-1.6496079999997164
10	8	-1.6455767499974172
10	8	-1.4283892499988724
10	8	-1.1550454999996873
10	8	-1.0247017500005313
10	8	-0.8309215000008408
10	8	-0.7300465000007534
10	8	-0.6647340000017721
10	8	-0.6319839999996475
10	8	-0.571796500000346
10	8	-0.5435465000009572
10	8	-0.40682775000095717
10	8	-0.3055777500012482
10	8	-0.2789527500026452
10	8	-0.23398400000223774
10	8	-0.18929650000063702
10	8	-0.16670275000069523
10	8	0.018047249999654014
10	8	0.06904724999913014
10	8	0.13554724999994505
10	8	0.16273474999979953
10	8	0.2287972499980242
10	8	0.4561097499972675
10	8	0.48767224999755854
10	8	0.5249535000002652
10	8	0.5738285000006726
10	8	0.6406097500002943
10	8	0.9235472500004107
10	8	0.9812659999988682
10	8	1.0273285000002943
10	8	1.5125784999981988
10	8	1.585078500000236
10	8	1.5933284999991884
10	8	1.631390000002284
10	8	1.6518587499995192
10	8	1.9522649999998976
10	9	-5.746575249999296
10	9	-5.59816900000078
10	9	-5.472200250002061
10	9	-5.447512750000897
10	9	-5.412356500000897
10	9	-5.3652627500014205
10	9	-5.333856500001275
10	9	-5.144200250000722
10	9	-5.111856499999703
10	9	-5.051418999999441
10	9	-4.852481500001886
10	9	-4.736575250000897
10	9	-4.673950250002235
10	9	-4.6187627500003146
10	9	-4.579231499999878
10	9	-4.499700250002206
10	9	-4.49141900000177
10	9	-4.407013749998441
10	9	-4.380669999998645
10	9	-4.18545124999946
10	9	-4.171826249999867
10	9	-4.0611387499993725
10	9	-3.888482499998645
10	9	-3.8569824999976845
10	9	-3.8312949999999546
10	9	-3.7702012499976263
10	9	-3.765326249998907
10	9	-3.7199824999988778
10	9	-3.120826250000391
10	9	-3.0342949999976554
10	9	-2.264326249998703
10	9	-2.0167012499987322
10	9	-1.9827012499990815
10	9	-1.9511387499987904
10	9	-1.9079210000018065
10	9	-1.9023897500010207
10	9	-1.8888897500000894
10	9	-1.6035772499999439
10	9	-1.5985147499995946
10	9	-1.5947335000018938
10	9	-1.5731085000006715
10	9	-1.0066710000028252
10	9	-0.8606397500007006
10	9	-0.6675772500020685
10	9	-0.5967335000023013
10	9	-0.4967959999994491
10	9	0.22039149999909569
10	9	0.4181727499999397
10	9	0.5730467499997758
10	9	0.7310780000007071
10	9	0.9037342500014347
10	9	1.0070467500008817
10	9	1.0354217499989318
10	9	1.05579674999899
10	9	1.311765499998728
10	9	1.350109250000969
10	9	1.7478592500010564
10	9	1.815046750001784
10	9	1.972327999999834
10	10	-5.982950499997969
10	10	-5.774606750001112
10	10	-5.359325499997794
10	10	-5.253637999998318
10	10	-5.239294250000967
10	10	-4.495638999997027
10	10	-4.475920249999035
10	10	-4.285795249998046
10	10	-4.276763999998366
10	10	-4.2071389999982785
10	10	-4.0959202499980165
10	10	-3.8394514999963576
10	10	-3.789013999998133
10	10	-3.7826077499994426
10	10	-3.5673264999968524
10	10	-3.5079514999961248
10	10	-3.481857749997289
10	10	-3.2022952499974053
10	10	-3.1594202499982202
10	10	-3.148295249997318
10	10	-3.13432649999595
10	10	-2.6464202499992098
10	10	-2.112358749996929
10	10	-1.9729524999966088
10	10	-1.954046249997191
10	10	-1.7739837499975692
10	10	-1.5899837499964633
10	10	-1.5477649999957066
10	10	-1.5148899999949208
10	10	-1.447577499995532
10	10	-1.3162649999976566
10	10	-1.1675149999973655
10	10	-1.138671249995241
10	10	-1.1218587499970454
10	10	-1.1131712499955029
10	10	-0.9473587499960558
10	10	-0.8866399999969872
10	10	-0.8302649999968708
10	10	-0.8111399999943387
10	10	-0.7762962499946298
10	10	-0.5940149999951245
10	10	-0.5365462499976275
10	10	0.3651402500036056
10	10	0.41217150000375113
10	10	0.4674215000013646
10	10	0.601921500001481
10	10	0.745827750000899
10	10	0.7803277500024706
10	10	0.8121090000022377
10	10	0.8603277500005788
10	10	0.9917027500014228
10	10	1.0412965000032273
10	10	1.0667965000029653
10	10	1.0862027500006661
10	10	1.1366090000010445
10	10	1.1504215000022668
10	10	1.158359000000928
10	10	1.1689840000035474
10	10	1.3246402500008116
10	10	1.328077750000375
10	10	1.3922965000019758
10	10	1.4857340000016848
10	10	1.505796500001452
10	10	1.7469527500034019
10	10	1.8974215000016557
10	10	1.931796500000928
10	11	-5.99679400000241
10	11	-5.952481500000431
10	11	-5.823294000001624
10	11	-5.320576250003796
10	11	-5.198107500003971
10	11	-5.125763750002079
10	11	-5.0931075000044075
10	11	-4.896263750004437
10	11	-4.876732500004437
10	11	-4.727295000004233
10	11	-4.453138750002836
10	11	-4.206482500001584
10	11	-4.188326250005048
10	11	-4.106763750001846
10	11	-3.9654200000040873
10	11	-3.7693262500033597
10	11	-3.700263750004524
10	11	-3.670576250002341
10	11	-3.6269200000024284
10	11	-3.517795000003389
10	11	-3.438263750002079
10	11	-3.2754825000047276
10	11	-3.2209825000027195
10	11	-3.146201250005106
10	11	-3.0810762500041164
10	11	-2.8650460000026214
10	11	-2.648077249999915
10	11	-2.5636709999998857
10	11	-2.536139750001894
10	11	-2.498639750003349
10	11	-2.454639750001661
10	11	-2.2482647500000894
10	11	-2.2156710000017483
10	11	-2.1941084999998566
10	11	-1.9132960000024468
10	11	-1.907046000000264
10	11	-1.8497647500007588
10	11	-1.8056085000025632
10	11	-1.7270772500014573
10	11	-1.6992022500016901
10	11	-1.662702250003349
10	11	-1.6257647500024177
10	11	-1.5031085000009625
10	11	-1.4752335000011954
10	11	-1.4713585000026796
10	11	-1.1785460000028252
10	11	-0.7746710000028543
10	11	-0.7053897500009043
10	11	-0.6774210000003222
10	11	-0.4576095000047644
10	11	-0.4057032500022615
10	11	-0.30298450000191224
10	11	-0.24770325000281446
10	11	-0.006547000004502479
10	11	0.051046749995293794
10	11	0.4814217499952065
10	11	0.5118904999981169
10	11	0.6418904999954975
10	11	0.7596717499945953
10	11	0.946421749995352
10	11	0.9731092499969236
10	11	1.204140499994537
10	11	1.2378904999968654
10	11	1.2701717499949154
10	11	1.5498592499970982
10	11	1.9499529999957304
10	12	-5.942606499997055
10	12	-5.837513750000653
10	12	-5.8119200000001
10	12	-5.513326249998499
10	12	-5.481482499999402
10	12	-5.337544999998499
10	12	-5.2081387500002165
10	12	-5.194951249999576
10	12	-5.050295000000915
10	12	-4.927076250001846
10	12	-4.57901375000074
10	12	-4.35629500000141
10	12	-4.238482500000828
10	12	-4.204420000001846
10	12	-4.1701075000019046
10	12	-4.146795000000566
10	12	-3.7957950000018172
10	12	-3.746857499998441
10	12	-3.691951249998965
10	12	-3.597795000001497
10	12	-3.5560137499996927
10	12	-3.3103584999989835
10	12	-3.278671000000031
10	12	-2.862420999997994
10	12	-2.8541709999990417
10	12	-2.838389749998896
10	12	-2.691795999999158
10	12	-2.6651084999975865
10	12	-2.6607960000001185
10	12	-2.6532647499989253
10	12	-2.6264522499986924
10	12	-2.577795999997761
10	12	-2.5565772499976447
10	12	-2.4664209999973536
10	12	-2.4389835000001767
10	12	-2.406545999998343
10	12	-2.315858499998285
10	12	-2.1020772499978193
10	12	-2.080545999997412
10	12	-2.0584834999972372
10	12	-2.013827249997121
10	12	-1.9634522499982268
10	12	-1.9114835000000312
10	12	-1.8777647499991872
10	12	-1.745952249999391
10	12	-1.6145459999970626
10	12	-1.5930147499966552
10	12	-1.591358499998023
10	12	-1.5301709999985178
10	12	-1.4627022499989835
10	12	-1.4221709999983432
10	12	-1.3829209999967134
10	12	-1.3089522499976738
10	12	-1.2661709999993036
10	12	-1.2084522499972081
10	12	-1.191483499998867
10	12	-1.0674834999990708
10	12	-1.0230147499969462
10	12	-0.9008282499999041
10	12	-0.8599844999989728
10	12	-0.7068595000018831
10	12	-0.6383282499991765
10	12	-0.5984219999991183
10	12	-0.5521095000003697
10	12	-0.5021720000004279
10	12	-0.4830470000015339
10	12	0.0012342500012891833
10	12	0.01507800000035786
10	12	0.12576550000085263
10	12	0.2387654999984079
10	12	0.4627967499982333
10	12	0.4997342499991646
10	12	0.9458904999992228
10	12	0.979421749998437
10	12	0.9858905000000959
10	12	1.3426404999991064
10	12	1.3563592499995138
10	12	1.531015500000649
10	12	1.7214832499994372
10	12	1.7573582500008342
10	12	1.8203895000006014
10	12	1.949670750000223
10	13	-5.980356999996729
10	13	-5.753888249997544
10	13	-5.725888249999116
10	13	-5.5914819999961765
10	13	-5.470981999998912
10	13	-5.339044499996817
10	13	-5.299294499996904
10	13	-5.286825749997661
10	13	-5.1652944999987085
10	13	-5.125544499998796
10	13	-5.09248199999638
10	13	-4.853419499999291
10	13	-4.825606999998854
10	13	-4.718075749999116
10	13	-4.086201750000328
10	13	-3.722264249998261
10	13	-3.577826749999076
10	13	-3.522108000001026
10	13	-3.212076749998232
10	13	-3.1857017500005895
10	13	-3.1400455000002694
10	13	-3.124389249998785
10	13	-2.994045499999629
10	13	-2.9524517499994545
10	13	-2.8031080000000657
10	13	-2.764514250000502
10	13	-2.704889249998814
10	13	-2.6479517500010843
10	13	-2.6307955000011134
10	13	-2.615732999998727
10	13	-2.5661704999984067
10	13	-2.494951749999018
10	13	-2.4689204999995127
10	13	-2.4178892499985523
10	13	-2.399451749999571
10	13	-2.3783267500002694
10	13	-2.3106704999991052
10	13	-2.265826750000997
10	13	-2.2455142500002694
10	13	-2.198514250001608
10	13	-2.1795142500013753
10	13	-2.0710152499996184
10	13	-2.0432964999963588
10	13	-2.0342027499973483
10	13	-2.024921499996708
10	13	-1.9256714999974065
10	13	-1.7395152499993856
10	13	-1.576015249996999
10	13	-1.393765249998978
10	13	-1.3541402499977266
10	13	-0.9122964999987744
10	13	-0.8291089999984251
10	13	-0.7687652499989781
10	13	-0.751796499996999
10	13	-0.6900777499977266
10	13	-0.6817964999972901
10	13	-0.6177652499973192
10	13	-0.5773277499974938
10	13	-0.27292149999993853
10	13	-0.05570274999990943
10	13	0.17001600000367034
10	13	0.3933900000010908
10	13	0.40304625000135275
10	13	0.8181712500008871
10	13	0.8858587499998976
10	13	0.9946087499993155
10	13	1.5877337499987334
10	13	1.6310462500005087
10	13	1.6581712500010326
10	13	1.6812962500007416
10	13	1.691608749999432
10	13	1.9501400000008289
10	14	-5.882106249999197
10	14	-5.6819822500001465
10	14	-5.636169749999681
10	14	-5.382669750000787
10	14	-5.306419749998895
10	14	-5.212857250000525
10	14	-5.187013499999011
10	14	-4.608544750000874
10	14	-4.267794750001485
10	14	-4.238513500000408
10	14	-3.932044749999477
10	14	-3.8938572500010196
10	14	-3.753888499999448
10	14	-3.5639822500015725
10	14	-3.1866707499975746
10	14	-3.175201999998535
10	14	-3.0776707499971963
10	14	-2.990889499997138
10	14	-2.9645144999994955
10	14	-2.9364519999980985
10	14	-2.9274207499984186
10	14	-2.8794207499995537
10	14	-2.751670749999903
10	14	-2.708108249997167
10	14	-2.6735769999977492
10	14	-2.550920749999932
10	14	-2.540326999998797
10	14	-2.4160769999980403
10	14	-2.3445457499983604
10	14	-2.2728270000006887
10	14	-2.0818894999974873
10	14	-2.03467074999935
10	14	-2.0179519999983313
10	14	-1.8017644999999902
10	14	-1.7501082499984477
10	14	-1.7477957499977492
10	14	-1.7318894999989425
10	14	-1.676014499997109
10	14	-1.368670749998273
10	14	-1.3452957499976037
10	14	-1.2914207499998156
10	14	-1.2367019999983313
10	14	-1.209951999997429
10	14	-1.0253894999987097
10	14	-0.8823592500011728
10	14	-0.6582342500005325
10	14	-0.6437655000008817
10	14	-0.6384529999995721
10	14	-0.6343592500015802
10	14	-0.6327342500007944
10	14	-0.6297342500001832
10	14	-0.6262342500012892
10	14	-0.6119842500011146
10	14	-0.6077030000014929
10	14	-0.5987029999996594
10	14	-0.5912029999999504
10	14	-0.5777030000026571
10	14	-0.11073424999995041
10	14	0.527359499999875
10	14	0.6880469999996421
10	14	0.8280469999990601
10	14	1.0383282500006317
10	14	1.0680157499991765
10	14	1.2077344999997877
10	14	1.8840459999992163
10	15	-5.963481250004406
10	15	-5.928950000004988
10	15	-5.889293750005891
10	15	-5.811512500004028
10	15	-5.550918750002893
10	15	-5.450356250003097
10	15	-5.338701000004221
10	15	-5.3249822500038135
10	15	-5.313857250002911
10	15	-4.8896385000043665
10	15	-4.8012322500035225
10	15	-4.719044750003377
10	15	-4.607388500004163
10	15	-4.554326000001311
10	15	-4.508701000002475
10	15	-4.46095100000457
10	15	-4.431763500004308
10	15	-4.301169750004192
10	15	-4.262107250004192
10	15	-4.206232250002358
10	15	-4.195576000001893
10	15	-4.164701000001514
10	15	-4.1094197500024165
10	15	-4.08966975000294
10	15	-4.080419750003784
10	15	-4.070669750002708
10	15	-4.059732250003435
10	15	-4.032076000003144
10	15	-4.02832600000329
10	15	-3.9304510000038135
10	15	-3.9130760000043665
10	15	-3.8375135000023874
10	15	-3.8319510000037553
10	15	-3.816482250003901
10	15	-3.7647322500015434
10	15	-3.5330135000040173
10	15	-3.5157635000032315
10	15	-3.4392635000040173
10	15	-3.110294750003959
10	15	-3.06598225000198
10	15	-3.0247322500035807
10	15	-2.9640760000038426
10	15	-2.928419750001922
10	15	-2.7452645000012126
10	15	-2.7292332500001066
10	15	-2.385952000000543
10	15	-2.3499207500026387
10	15	-2.3115457500025514
10	15	-2.258170749999408
10	15	-2.2220457500006887
10	15	-2.19917075000194
10	15	-2.177483250001387
10	15	-2.1417645000001357
10	15	-2.1078269999998156
10	15	-2.0150145000006887
10	15	-1.9997020000009798
10	15	-1.995202000001882
10	15	-1.9675145000001066
10	15	-1.7976707500019984
10	15	-1.764327000000776
10	15	-1.5223270000024058
10	15	-1.4987332500022603
10	15	-1.4913269999997283
10	15	-1.432608250001067
10	15	-1.3987332500000775
10	15	-1.3739520000017365
10	15	-1.238327000002755
10	15	-1.2057020000029297
10	15	-1.1144832499994664
10	15	-1.0808895000009215
10	15	-1.0198270000000775
10	15	-0.9282332500006305
10	15	-0.369328000004316
10	15	-0.3169530000013765
10	15	-0.18089050000344287
10	15	-0.06135925000489806
10	15	0.2979844999972556
10	15	0.3062969999955385
10	15	0.5863594999973429
10	15	0.6309844999959751
10	15	0.83810949999679
10	15	0.8968282499954512
10	15	1.115140749996499
10	15	1.1387657499981287
10	15	1.2472969999980705
10	15	1.410484499996528
10	15	1.7261407499972847
10	15	1.768921999995655
10	15	1.8702344999983325
10	15	1.8848282499966444
10	15	1.9934844999952475
10	16	-5.983699749998777
10	16	-5.904668499999389
10	16	-5.886512249999214
10	16	-5.861918499998865
10	16	-5.830387250000058
10	16	-5.469481000000087
10	16	-5.427012250002008
10	16	-5.272293500001979
10	16	-5.230075750001561
10	16	-5.106107000003249
10	16	-5.0246695000023465
10	16	-4.723232000003918
10	16	-4.480700750002143
10	16	-4.029138250003598
10	16	-3.9957007500015607
10	16	-3.950513250001677
10	16	-3.401075750003656
10	16	-3.3962945000021136
10	16	-3.2523570000012114
10	16	-3.1332007500022883
10	16	-2.778200750002725
10	16	-2.615326750001259
10	16	-2.587045500000386
10	16	-2.5243267500009097
10	16	-2.3666392500017537
10	16	-2.324014249999891
10	16	-2.185420500001783
10	16	-2.040795500000968
10	16	-2.0051080000012007
10	16	-1.9960142500021902
10	16	-1.9765142500000366
10	16	-1.9260767500018119
10	16	-1.7220767500002694
10	16	-1.7185142500020447
10	16	-1.7144517500018992
10	16	-1.5578580000001239
10	16	-1.4599830000006477
10	16	-1.400701750000735
10	16	-1.3660142500011716
10	16	-1.3603267500002403
10	16	-1.0762954999991052
10	16	-0.9615767499999492
10	16	-0.9421079999992799
10	16	-0.9341392499991343
10	16	-0.9241079999992508
10	16	-0.16979650000212132
10	16	0.0959534999965399
10	16	0.11585974999616155
10	16	0.13532849999683094
10	16	0.17217224999694736
10	16	0.2060159999964526
10	16	0.2523597499966854
10	16	0.4742347499959578
10	16	0.5380784999979369
10	16	0.6123597499972675
10	16	0.6351722499966854
10	16	0.7123597499958123
10	16	0.8462972499983152
10	16	0.8948284999969474
10	16	1.0583909999986645
10	16	1.083734749998257
10	16	1.1443597499965108
10	16	1.486484749995725
10	16	1.5676722499956668
10	16	1.9196097499989264
10	17	-5.890638000000763
10	17	-5.816419250000763
10	17	-5.769106750001811
10	17	-5.308856750001723
10	17	-5.184514000004128
10	17	-5.136045250004827
10	17	-4.5441077500036045
10	17	-3.653139000001829
10	17	-3.4817327500022657
10	17	-3.2659515000050305
10	17	-2.9775765000049432
10	17	-2.9100452500024403
10	17	-2.360921250001411
10	17	-2.16139000000112
10	17	-2.032077500000014
10	17	-1.7495775000024878
10	17	-1.7218587500028661
10	17	-1.6610775000008289
10	17	-1.6405775000021094
10	17	-1.3706400000010035
10	17	-1.3237337500031572
10	17	-1.316733750001731
10	17	-1.2228587500030699
10	17	-1.1746400000010908
10	17	-0.8882337499999267
10	17	-0.844483750002837
10	17	-0.5644525000025169
10	17	-0.5272962500021094
10	17	-0.5011087500024587
10	17	-0.4512337500018475
10	17	-0.38035875000059605
10	17	-0.3222025000031863
10	17	-0.28373375000228407
10	17	-0.2808587500003341
10	17	-0.259516000001895
10	17	0.22673399999621324
10	17	0.31185899999763933
10	17	0.35592149999502
10	17	0.4152964999957476
10	17	0.5476714999967953
10	17	0.9317652499958058
10	17	0.9896402499980468
10	17	1.0323902499949327
10	17	1.0698902499971155
10	17	1.13492149999729
10	17	1.1741089999959513
10	17	1.20254649999697
10	17	1.2408277499962423
10	17	1.2539214999960677
10	17	1.5394839999971737
10	17	1.7401402499963297
10	18	-5.986512999999832
10	18	-5.963450500003091
10	18	-5.821263000001636
10	18	-5.731638000001112
10	18	-5.6407942500009085
10	18	-5.560388000001694
10	18	-5.514638000000559
10	18	-5.468981750000239
10	18	-5.333701499999734
10	18	-5.316920249999384
10	18	-4.9393577500013635
10	18	-4.922013999999763
10	18	-4.825732749999588
10	18	-4.747389000000112
10	18	-4.633013999999093
10	18	-4.414670250000199
10	18	-4.31829524999921
10	18	-4.032357749998482
10	18	-3.1699202499985404
10	18	-2.969951499999297
10	18	-2.8414525000007416
10	18	-2.782171250000829
10	18	-2.746421250001731
10	18	-2.7365150000005087
10	18	-2.5139212500034773
10	18	-2.434640000003128
10	18	-2.1936400000013236
10	18	-1.9073587500024587
10	18	-1.8396712500034482
10	18	-1.7935775000005378
10	18	-1.7900775000016438
10	18	-1.7477025000007416
10	18	-1.6979212500009453
10	18	-1.656765000003361
10	18	-1.6188900000015565
10	18	-1.5269525000003341
10	18	-1.5007650000006834
10	18	-1.4349525000034191
10	18	-1.4291712500016729
10	18	-1.414483750002546
10	18	-1.2711712500022259
10	18	-1.242515000001731
10	18	-1.22389000000112
10	18	-1.203952500003652
10	18	-1.1721087500009162
10	18	-1.1514837500035355
10	18	-0.8917962500017893
10	18	-0.8268275000009453
10	18	-0.7845150000030117
10	18	-0.7652025000024878
10	18	-0.7402650000003632
10	18	-0.5500150000007125
10	18	-0.5062337500021385
10	18	-0.3939222500011965
10	18	-0.05279724999854807
10	18	0.21367150000151014
10	18	0.5599215000002005
10	18	1.0237339999985124
10	18	1.3281089999982214
10	18	1.5786402499979886
10	18	1.9156089999996766
10	19	-5.913606499998423
10	19	-5.84157525000046
10	19	-5.7406689999988885
10	19	-5.455075249999936
10	19	-5.386075250000431
10	19	-5.328012750000198
10	19	-5.318012749998161
10	19	-5.284387749998132
10	19	-5.219450249998772
10	19	-5.106481499999063
10	19	-5.0886377499991795
10	19	-5.010356499999034
10	19	-4.969731499997579
10	19	-4.908512750000227
10	19	-4.876200250000693
10	19	-4.827293999998801
10	19	-4.70754400000078
10	19	-4.689981499999703
10	19	-4.654481499997928
10	19	-4.623356500000227
10	19	-4.604168999998365
10	19	-4.601200249999238
10	19	-4.579231499999878
10	19	-4.557606499998656
10	19	-4.402793999997812
10	19	-4.335418999999092
10	19	-4.322606499998074
10	19	-4.283918999997695
10	19	-3.62070125000173
10	19	-3.5687324999998964
10	19	-3.526045000002341
10	19	-3.4325137500018172
10	19	-3.3904199999997218
10	19	-3.351576249999198
10	19	-3.3173262500022247
10	19	-3.3004199999995762
10	19	-3.2803262500019628
10	19	-3.211045000000013
10	19	-3.205107500001759
10	19	-3.1658887500016135
10	19	-3.143326249999518
10	19	-3.1060762500019337
10	19	-3.0816075000002456
10	19	-2.7775137499993434
10	19	-2.7584200000019337
10	19	-2.52407624999978
10	19	-2.2022012500019628
10	19	-2.194826250000915
10	19	-2.125107500000013
10	19	-2.1002950000001874
10	19	-1.9045762500027195
10	19	-1.7493262499992852
10	19	-1.6254824999996345
10	19	-1.5176709999977902
10	19	-1.4764522500008752
10	19	-1.4693584999986342
10	19	-1.4212022499996237
10	19	-1.3020147499992163
10	19	-1.2961084999988088
10	19	-1.0983897500009334
10	19	-0.8725147500008461
10	19	-0.3685147500000312
10	19	-0.14701475000038045
10	19	-0.14367099999799393
10	19	0.39426649999950314
10	19	0.4330477500006964
10	19	0.5139227500003472
10	19	0.60714150000058
10	19	0.6091415000009874
10	19	0.6471415000014531
10	19	0.6786102500009292
10	19	1.064234249999572
10	19	1.2887967499991646
10	19	1.5091092499969818
10	19	1.5849529999977676
10	19	1.6179217499993683
10	19	1.640390499997011
10	20	-5.882450249999238
10	20	-5.818762749997404
10	20	-4.630294999999023
10	20	-4.446732500000508
10	20	-4.1091387500018755
10	20	-3.9755137499996636
10	20	-3.843763749999198
10	20	-3.7906699999984994
10	20	-3.6284512499987613
10	20	-3.577326250000624
10	20	-3.4897012500005076
10	20	-3.427982500001235
10	20	-3.202232499999809
10	20	-3.1354512500001874
10	20	-3.1103575000015553
10	20	-2.82895125000141
10	20	-2.826420000001235
10	20	-2.820232499998383
10	20	-2.817138750000595
10	20	-2.7965450000010605
10	20	-2.506420000001526
10	20	-2.4977012499984994
10	20	-2.29129599999942
10	20	-2.145014749999973
10	20	-2.031733499999973
10	20	-1.9403272499985178
10	20	-1.9101709999995364
10	20	-1.872608499998023
10	20	-1.8319522499987215
10	20	-1.5304209999994782
10	20	-1.5242959999995946
10	20	-1.3346084999975574
10	20	-1.2691397499984305
10	20	-1.2414522500002931
10	20	-1.1864834999978484
10	20	-1.171733499999391
10	20	-1.021139749998838
10	20	-0.9562960000002931
10	20	-0.9030459999994491
10	20	-0.8078272499988088
10	20	-0.7627334999997402
10	20	-0.750483499999973
10	20	-0.7016397499974119
10	20	-0.6205772499997693
10	20	-0.5422022499988088
10	20	-0.4784522499976447
10	20	-0.031858499998634215
10	20	0.028547750000143424
10	20	0.07445400000142399
10	20	0.9127655000047525
10	20	0.9441092500019295
10	20	1.1315780000040832
10	20	1.1816717500041705
10	20	1.1952342500044324
10	20	1.2888592500021332
10	20	1.5214842500026862
10	20	1.5817967500042869
10	20	1.6088592500018422
10	20	1.6602030000030936
10	21	-5.97682524999982
10	21	-5.95588774999851
10	21	-5.904637749998074
10	21	-5.849950249998074
10	21	-5.830544000000373
10	21	-5.7239190000000235
10	21	-5.709919000000809
10	21	-5.675387749997753
10	21	-5.6561689999980445
10	21	-5.64479399999982
10	21	-5.6344815000011295
10	21	-5.604637749998801
10	21	-5.013575249999121
10	21	-4.910262749999674
10	21	-4.820326249999198
10	21	-4.352388749997772
10	21	-4.201419999997597
10	21	-4.16823249999652
10	21	-4.125826249997772
10	21	-4.101544999997714
10	21	-3.5757012499962
10	21	-3.4696699999985867
10	21	-3.4612012499965203
10	21	-3.3746387499995762
10	21	-3.3679824999962875
10	21	-3.1723887499974808
10	21	-3.124794999996084
10	21	-2.7800762499973644
10	21	-2.7422637499985285
10	21	-2.605701249998674
10	21	-2.5896074999982375
10	21	-2.5524824999993143
10	21	-2.372982499997306
10	21	-2.3709824999968987
10	21	-2.367826249996142
10	21	-2.359358499998052
10	21	-2.3568272500015155
10	21	-2.3542647499998566
10	21	-2.3501397500003804
10	21	-2.343827249998867
10	21	-2.3404835000001185
10	21	-2.3370772499984014
10	21	-2.320202250000875
10	21	-2.311639750001632
10	21	-2.2995772499998566
10	21	-1.817296000001079
10	21	-1.7583272500014573
10	21	-1.7236397499982559
10	21	-1.7024522499996237
10	21	-1.6284522499990999
10	21	-1.5284209999990708
10	21	-1.4888897499986342
10	21	-0.9708585000007588
10	21	-0.7353272500004095
10	21	-0.6550772500013409
10	21	-0.6273272500002349
10	21	-0.5866085000016028
10	21	-0.20104599999831407
10	21	-0.09085849999974016
10	21	0.2778905000013765
10	21	0.2967342500014638
10	21	0.3022655000022496
10	21	0.3100467500007653
10	21	0.3161717500006489
10	21	0.3202342500007944
10	21	0.607921750000969
10	21	1.0142967500032682
10	21	1.0707967500020459
10	21	1.1022030000021914
10	21	1.1992655000030936
10	21	1.2724217500035593
10	21	1.344546750002337
10	21	1.4043280000005325
10	21	1.4328280000008817
10	21	1.4549842500018713
10	21	1.5288280000022496
10	21	1.8199530000019877
10	21	1.8438905000002705
10	21	1.8927967500021623
10	21	1.9274217500023951
10	22	-5.9291694999992615
10	22	-5.252388249999058
10	22	-4.271981999998388
10	22	-2.6401079999996
10	22	-2.5356080000019574
10	22	-2.475108000002365
10	22	-1.8875767500030634
10	22	-1.5462652499991236
10	22	-1.424296500001219
10	22	-0.829921500000637
10	22	-0.5515152500011027
10	22	-0.4852339999997639
10	22	-0.10560899999836693
10	22	-0.10201524999865796
10	22	-0.05645274999915273
10	22	-0.005702750000637025
10	22	0.04548475000046892
10	22	0.10235974999886821
10	22	0.21964099999968312
10	22	0.4929535000010219
10	22	0.5245785000006435
10	22	0.5332659999985481
10	22	0.582390999999916
10	22	0.6378909999984899
10	22	1.286921249997249
10	22	1.5967649999984133
10	22	1.61657749999722
10	22	1.8428899999998976
10	23	-5.886419500002376
10	23	-5.747513250000338
10	23	-4.613544499999989
10	23	-4.127389250003034
10	23	-4.08067050000318
10	23	-4.06876425000155
10	23	-3.7263267500020447
10	23	-3.671264250002423
10	23	-3.5784830000011425
10	23	-3.523014250004053
10	23	-3.4831705000033253
10	23	-3.2817330000034417
10	23	-3.2754205000019283
10	23	-3.2349205000027723
10	23	-3.1496080000033544
10	23	-2.8573580000011134
10	23	-2.831608000004053
10	23	-2.78629550000187
10	23	-2.740733000002365
10	23	-2.653358000003209
10	23	-2.4586392500023067
10	23	-2.4244830000025104
10	23	-2.396170500003791
10	23	-2.366483000001608
10	23	-2.3133580000030634
10	23	-2.2902330000033544
10	23	-2.1042017500039947
10	23	-2.039795500004402
10	23	-2.036201750001055
10	23	-1.9754517500041402
10	23	-1.9138892500013753
10	23	-1.865545500004373
10	23	-1.7019205000033253
10	23	-1.6045152500009863
10	23	-1.533046500000637
10	23	-1.446796500000346
10	23	-1.4131090000009863
10	23	-1.3766090000026452
10	23	-1.2425152499999967
10	23	-1.2015152500025579
10	23	-1.1677340000023833
10	23	-1.1088589999999385
10	23	-1.0758590000004915
10	23	-1.018234000002849
10	23	-0.9835152500018012
10	23	-0.9518590000006952
10	23	-0.9058277500007534
10	23	-0.8815152500028489
10	23	-0.8328902499997639
10	23	-0.8134215000027325
10	23	-0.7562027500025579
10	23	-0.6798277500020049
10	23	-0.2916715000028489
10	23	-0.12964025000110269
10	23	-0.043109000002004905
10	23	-0.030046500000025844
10	23	0.2326409999986936
10	23	0.2575784999971802
10	23	0.2726409999995667
10	23	0.313484750000498
10	23	0.4036409999971511
10	23	0.5107347499979369
10	23	0.5540784999975585
10	23	0.6663597499973548
10	23	0.8786399999989953
10	23	1.1707649999989371
10	23	1.2809837499989953
10	23	1.4352962500015565
10	23	1.5066399999996065
10	23	1.5411712499990244
10	23	1.5801400000018475
10	23	1.783015000000887
10	23	1.7897025000020221
10	23	1.9467025000012654
10	24	-5.747544500001823
10	24	-5.655857000001561
10	24	-5.593825750001997
10	24	-5.084919500000979
10	24	-5.036544500002492
10	24	-4.942325750002055
10	24	-4.876607999998669
10	24	-4.7308267500011425
10	24	-4.550670500000706
10	24	-4.500170499999513
10	24	-4.305514249997941
10	24	-4.255045499998232
10	24	-4.217170500000066
10	24	-4.1037642499977665
10	24	-4.015733000000182
10	24	-3.905951749999076
10	24	-3.8035142500011716
10	24	-3.72726424999928
10	24	-3.5711704999994254
10	24	-3.516232999998465
10	24	-3.5047642499994254
10	24	-3.49929549999797
10	24	-3.3787642499992216
10	24	-2.9849204999991343
10	24	-2.9773267499986105
10	24	-2.958670500000153
10	24	-2.9537642499999492
10	24	-2.7154829999999492
10	24	-2.513983000000735
10	24	-2.4379829999998037
10	24	-2.315827750000608
10	24	-2.146640250000928
10	24	-2.046077750001132
10	24	-2.041359000002558
10	24	-1.9526402500014228
10	24	-1.8711715000026743
10	24	-1.8667340000029071
10	24	-1.767202750001161
10	24	-1.7331090000006952
10	24	-1.7247340000030817
10	24	-1.6617965000004915
10	24	-1.6007652500011318
10	24	-1.560171500001161
10	24	-1.5363590000015392
10	24	-1.4072652499999094
10	24	-1.376890250001452
10	24	-1.3227027499997348
10	24	-1.2834840000032273
10	24	-1.1948590000029071
10	24	-1.1224215000002005
10	24	-1.0714527500022086
10	24	-0.9487340000014228
10	24	-0.8981090000015683
10	24	-0.8173277500027325
10	24	-0.7381715000010445
10	24	-0.6622340000030817
10	24	-0.6382965000011609
10	24	-0.6163590000032855
10	24	-0.591327750000346
10	24	-0.5085465000011027
10	24	-0.4920777500010445
10	24	-0.39973400000235415
10	24	-0.3752965000021504
10	24	-0.32154650000302354
10	24	-0.2845465000027616
10	24	-0.2548902500020631
10	24	-0.2086402500026452
10	24	-0.20376525000028778
10	24	-0.16789025000252877
10	24	-0.1273902499997348
10	24	-0.05098400000133552
10	24	0.17701500000111992
10	24	0.4008900000007998
10	24	0.5290462500015565
10	24	0.5656400000007125
10	24	1.0379524999989371
10	24	1.0786087500018766
10	24	1.2392337499986752
10	24	1.6088587500016729
10	24	1.6805774999993446
10	25	-5.866700499998842
10	25	-5.8326067500020145
10	25	-5.459325499999977
10	25	-5.082888000000821
10	25	-5.063763000001927
10	25	-5.039044249999279
10	25	-4.966232749997289
10	25	-4.937857749999239
10	25	-4.802357749998919
10	25	-4.786576499998773
10	25	-4.783326499997202
10	25	-4.1854514999977255
10	25	-4.160482749997755
10	25	-4.144107749998511
10	25	-4.065639000000374
10	25	-4.035482749997755
10	25	-3.9962014999982785
10	25	-3.956795250000141
10	25	-3.897670250000374
10	25	-3.8793264999985695
10	25	-3.84588900000017
10	25	-3.822545249997347
10	25	-3.56073275000017
10	25	-3.4215764999971725
10	25	-3.332076499998948
10	25	-3.1711702499997045
10	25	-3.141420249998191
10	25	-3.111576499999501
10	25	-3.08929524999985
10	25	-3.0617952499997045
10	25	-2.9994202499983658
10	25	-2.960795249997318
10	25	-2.882138999997551
10	25	-2.850795250000374
10	25	-2.80638899999758
10	25	-2.756545249998453
10	25	-2.747263999997813
10	25	-2.4655462500013527
10	25	-2.448296250000567
10	25	-2.4185150000012072
10	25	-2.3978587500023423
10	25	-2.3367337500021677
10	25	-2.3222024999995483
10	25	-2.218046250000043
10	25	-1.9441087500017602
10	25	-1.8732962499998393
10	25	-1.8193275000012363
10	25	-1.571765000000596
10	25	-1.51685875000112
10	25	-1.4848587500018766
10	25	-1.4282962500001304
10	25	-1.3734212500021385
10	25	-1.232327500001702
10	25	-1.2108587500006252
10	25	-1.2027650000018184
10	25	-1.1751399999993737
10	25	-1.1394212500017602
10	25	-0.9293587499996647
10	25	-0.8482650000005378
10	25	-0.8154212500012363
10	25	-0.7972337499995774
10	25	-0.5787962499998685
10	25	-0.13260875000196393
10	25	-0.11326499999995576
10	25	-0.11004624999986845
10	25	-0.08370250000007218
10	25	-0.06545250000272063
10	25	0.17310899999938556
10	25	0.23873400000229594
10	25	0.2806402499991236
10	25	0.3046715000018594
10	25	0.31129650000002584
10	25	0.5467965000025288
10	25	0.6784840000000258
10	25	1.064702750001743
10	25	1.164202750002005
10	25	1.1689215000005788
10	25	1.3618277499990654
10	25	1.5517652500020631
10	25	1.9094527500019467
10	26	-5.832262249998166
10	26	-5.329856999996991
10	26	-5.090825749997748
10	26	-4.829888249998476
10	26	-4.805075749995012
10	26	-4.769200749997253
10	26	-4.762919499997224
10	26	-4.608513249997486
10	26	-4.5399819999984175
10	26	-4.498513249996904
10	26	-4.447138249997806
10	26	-4.343638249996729
10	26	-4.2959507499981555
10	26	-4.19795074999638
10	26	-4.110231999995449
10	26	-4.024888249998185
10	26	-3.9791069999955653
10	26	-3.7156382499961182
10	26	-3.6153257499972824
10	26	-3.601200749995769
10	26	-3.448450749998301
10	26	-3.382263249997777
10	26	-3.3594819999962056
10	26	-3.3171069999953033
10	26	-3.3110444999983883
10	26	-3.274325749996933
10	26	-3.2699507499964966
10	26	-3.21107574999769
10	26	-3.1883257499976025
10	26	-3.17695074999574
10	26	-3.1095142499980284
10	26	-3.1014829999985523
10	26	-3.089857999999367
10	26	-3.0835142500000075
10	26	-3.0787954999977956
10	26	-2.4152329999997164
10	26	-2.1736705000002985
10	26	-2.0893267499996
10	26	-1.9337642499995127
10	26	-1.8974204999976791
10	26	-1.8689517499988142
10	26	-1.844576749997941
10	26	-1.8145767499991052
10	26	-1.7961704999979702
10	26	-1.7074204999989888
10	26	-1.6704517500002112
10	26	-1.6384829999988142
10	26	-1.6314204999980575
10	26	-1.6157017499972426
10	26	-1.5786704999991343
10	26	-1.1226704999971844
10	26	-1.074826749998465
10	26	-1.049232999997912
10	26	-0.8978892499981157
10	26	-0.8831079999981739
10	26	-0.7618892499995127
10	26	-0.7048892499988142
10	26	-0.7005142499983776
10	26	-0.6791714999963006
10	26	-0.3699839999972028
10	26	-0.33617149999554385
10	26	-0.12482774999807589
10	26	-0.0998277499966207
10	26	-0.06845274999795947
10	26	-0.03045274999749381
10	26	0.019672250004077796
10	26	0.12523475000125472
10	26	0.16057850000288454
10	26	0.18245350000142935
10	26	0.19726600000285544
10	26	0.2479222500041942
10	26	0.34570350000285544
10	26	0.4663285000024189
10	26	0.5264535000023898
10	26	0.5733285000023898
10	26	0.6035472500043397
10	26	0.6757660000039323
10	26	0.8068597500023316
10	26	0.8384535000041069
10	26	1.042203500004689
10	26	1.1186722500024189
10	26	1.1570472500025062
10	26	1.2031722500032629
10	26	1.225703500003874
10	26	1.7887972500029719
10	26	1.836046250002255
10	27	-5.976606500000344
10	27	-5.885262749998219
10	27	-5.828075249999529
10	27	-5.80763775000014
10	27	-5.772825249998277
10	27	-5.757043999998132
10	27	-5.740950249997695
10	27	-5.717262750000373
10	27	-5.682293999998365
10	27	-5.679481499999383
10	27	-5.472106499997608
10	27	-5.453169000000344
10	27	-5.406231499997375
10	27	-5.36623150000014
10	27	-5.3372002500000235
10	27	-5.300731499999529
10	27	-5.243512749999354
10	27	-5.211637749998772
10	27	-5.184606499999063
10	27	-5.138918999997259
10	27	-5.07545124999524
10	27	-4.472451249996084
10	27	-4.418888749998587
10	27	-4.271388749995822
10	27	-4.265044999996462
10	27	-4.251357499997539
10	27	-4.243544999997539
10	27	-4.1233262499954435
10	27	-4.115169999997306
10	27	-4.1077012499954435
10	27	-4.096169999997073
10	27	-4.083919999997306
10	27	-3.765451249997568
10	27	-3.7611699999979464
10	27	-3.4975137499968696
10	27	-3.2763887499968405
10	27	-3.1699199999966368
10	27	-2.9721387499957928
10	27	-2.9267012499985867
10	27	-2.9164824999970733
10	27	-2.8861699999979464
10	27	-2.780326249998325
10	27	-2.772857499996462
10	27	-2.755763749995822
10	27	-2.7513262499960547
10	27	-2.7379199999959383
10	27	-2.660263749996375
10	27	-2.577389750000293
10	27	-2.5063897500003804
10	27	-2.488139749999391
10	27	-2.4772959999972954
10	27	-2.450639749997208
10	27	-2.4184209999984887
10	27	-2.3174834999990708
10	27	-2.2602960000003804
10	27	-2.2257647499973245
10	27	-2.2080772499975865
10	27	-2.1881397500001185
10	27	-2.1779522500000894
10	27	-2.1116397499972663
10	27	-2.063077250000788
10	27	-2.045827250000002
10	27	-2.0259210000003804
10	27	-2.0217022500000894
10	27	-1.7676397499999439
10	27	-1.7380147500007297
10	27	-1.6924522499975865
10	27	-1.6547022499980812
10	27	-1.5336397499995655
10	27	-1.426264749999973
10	27	-1.3918584999992163
10	27	-1.385452250000526
10	27	-1.2563272499974119
10	27	-1.2246085000006133
10	27	-1.204327249997732
10	27	-1.152420999998867
10	27	-1.1261709999998857
10	27	-1.101327249998576
10	27	-1.0686084999979357
10	27	-1.0450147499977902
10	27	-1.0306710000004387
10	27	-0.6138897499986342
10	27	-0.5919209999992745
10	27	-0.5652022499998566
10	27	-0.5311709999987215
10	27	-0.5063272499974119
10	27	-0.45413974999974016
10	27	-0.4147334999979648
10	27	-0.38076474999979837
10	27	-0.09057824999763397
10	27	-0.034828249998099636
10	27	-0.008671999996295199
10	27	0.01139050000347197
10	27	0.027578000001085456
10	27	0.0507030000044324
10	27	0.36339050000242423
10	27	0.3810155000028317
10	27	0.5061405000014929
10	27	0.5443280000035884
10	27	0.6542655000012019
10	27	0.6972967500041705
10	27	0.7872030000035011
10	27	0.977578000001813
10	27	0.9871717500027444
10	27	1.1700467500013474
10	27	1.4262967500035302
10	27	1.447359250003501
10	27	1.472328000003472
10	27	1.5077655000022787
10	27	1.8524217500016675
10	27	1.8908280000032391
10	28	-5.7630122500049765
10	28	-5.755574750004598
10	28	-5.723887250002008
10	28	-5.662981000004947
10	28	-5.625231000005442
10	28	-5.60385600000518
10	28	-5.577887250005006
10	28	-5.558293500002037
10	28	-5.415543500002968
10	28	-5.344168500003434
10	28	-5.302574750003259
10	28	-5.294699750003929
10	28	-5.236043500004598
10	28	-5.175824750003812
10	28	-5.12338725000518
10	28	-5.117231000003812
10	28	-4.8296695000026375
10	28	-4.714513250000891
10	28	-4.672482000001764
10	28	-4.610513250001532
10	28	-4.546325750001415
10	28	-4.517825750001066
10	28	-4.505638250000629
10	28	-4.3843570000026375
10	28	-4.227357000003394
10	28	-4.035138250001182
10	28	-3.384107000001677
10	28	-3.3608257500018226
10	28	-3.3269195000029868
10	28	-3.0281695000012405
10	28	-2.9670132500032196
10	28	-2.916700750003656
10	28	-2.6463882500029285
10	28	-2.632044500001939
10	28	-2.6300132500036852
10	28	-2.6246695000008913
10	28	-2.6176070000037726
10	28	-2.613638250000804
10	28	-2.6097007500029576
10	28	-2.5930132500034233
10	28	-2.582388250000804
10	28	-2.0526705000047514
10	28	-2.0226705000022775
10	28	-1.9860767500031216
10	28	-1.9729830000032962
10	28	-1.9157955000046059
10	28	-1.8595455000031507
10	28	-1.7480142500025977
10	28	-1.7460455000036745
10	28	-1.6777642500055663
10	28	-1.6744830000025104
10	28	-1.667358000002423
10	28	-1.6239517500034708
10	28	-1.4921392500036745
10	28	-1.452920500003529
10	28	-1.4440142500025104
10	28	-1.4049830000039947
10	28	-1.0503267500025686
10	28	-0.8754517500055954
10	28	-0.8332330000048387
10	28	-0.2709517500043148
10	28	-0.0919830000057118
10	28	0.22073474999706377
10	28	0.23751599999741302
10	28	0.2622972499993921
10	28	0.2716722499972093
10	28	0.2824847499978205
10	28	0.45417224999619066
10	28	0.5173597499961033
10	28	0.5424534999983734
10	28	0.6458597499986354
10	28	0.7644534999963071
10	28	0.8629534999963653
10	28	0.8928909999958705
10	28	0.9338909999969474
10	28	0.9413284999973257
10	28	1.2467034999972384
10	28	1.3133909999960451
10	28	1.3249534999958996
10	28	1.597703499995987
10	29	-5.708700750001299
10	29	-5.317200750003394
10	29	-5.090513250001095
10	29	-5.031982000004064
10	29	-4.955857000000833
10	29	-4.78329450000092
10	29	-4.393450750001648
10	29	-4.3286382500009495
10	29	-4.2891080000008515
10	29	-4.259264250002161
10	29	-4.222514249999222
10	29	-3.999389250002423
10	29	-3.9827955000000657
10	29	-3.955076750000444
10	29	-3.9471080000002985
10	29	-3.79923300000155
10	29	-3.3339517499989597
10	29	-3.1802642500006186
10	29	-2.9897642500000075
10	29	-2.9265767500000948
10	29	-2.8891079999993963
10	29	-2.8585142500014626
10	29	-2.785139250001521
10	29	-2.6550454999996873
10	29	-2.582451750000473
10	29	-2.5808267499996873
10	29	-2.433982999998989
10	29	-2.3666704999996
10	29	-2.3213892500025395
10	29	-2.3135767500025395
10	29	-2.2710455000014917
10	29	-2.2422642500023358
10	29	-2.2099517499991634
10	29	-2.189983000000211
10	29	-2.1574517500012007
10	29	-2.100732999999309
10	29	-2.092607999999018
10	29	-1.9984205000000657
10	29	-1.7352965000027325
10	29	-1.7107652500017139
10	29	-1.6255152500016266
10	29	-1.4685777500017139
10	29	-1.3832027500029653
10	29	-1.3583277500038093
10	29	-0.7544215000016266
10	29	-0.6704215000027034
10	29	-0.6423590000013064
10	29	-0.5958277500030817
10	29	-0.5606715000030817
10	29	-0.11404650000258698
10	29	0.06020349999744212
10	29	0.15507849999630707
10	29	0.24551599999540485
10	29	0.2763284999964526
10	29	0.3414534999974421
10	29	0.5967659999987518
10	29	0.6819837500006543
10	29	0.7292024999987916
10	29	0.7596400000002177
10	29	0.7882337499977439
10	29	0.8400462499994319
10	29	1.4475462499976857
10	29	1.4864524999975401
10	29	1.634983749998355
10	29	1.675077500000043
10	29	1.7025775000001886
10	29	1.761733749997802
10	29	1.9929525000006834
10	29	1.9972649999981513
10	30	-5.683356749999803
10	30	-5.125138999999763
10	30	-4.944076499999937
10	30	-4.893420249998599
10	30	-4.8118889999968815
10	30	-4.657482749997143
10	30	-4.447732749998977
10	30	-4.410295249999763
10	30	-4.29363899999953
10	30	-4.120826499998657
10	30	-4.0032952499968815
10	30	-3.5031077499988896
10	30	-2.984732749999239
10	30	-2.9076712499991118
10	30	-2.8595150000001013
10	30	-2.758421250000538
10	30	-2.727702500000305
10	30	-2.7250774999993155
10	30	-2.6806712500001595
10	30	-2.6403587499989953
10	30	-2.5100149999998393
10	30	-2.4879524999996647
10	30	-2.4645149999996647
10	30	-2.3937650000007125
10	30	-2.371390000000247
10	30	-2.322077500000887
10	30	-2.149796249999781
10	30	-2.0227962499993737
10	30	-1.9491400000006252
10	30	-1.9414524999992864
10	30	-1.8962025000000722
10	30	-1.7332649999989371
10	30	-1.6754212500018184
10	30	-1.6568900000020221
10	30	-1.6168587499996647
10	30	-1.5047025000021677
10	30	-1.4652337500010617
10	30	-1.3056712500001595
10	30	-1.2163275000020803
10	30	-1.114108750000014
10	30	-1.0873587499991118
10	30	-1.0786712500012072
10	30	-0.6691712499996356
10	30	-0.6361712500001886
10	30	-0.6241712500013818
10	30	-0.4847337499995774
10	30	-0.3405472499980533
10	30	-0.2748597499994503
10	30	-0.25745349999851896
10	30	-0.2404534999986936
10	30	-0.14223474999744212
10	30	-0.1234535000003234
10	30	-0.013140999999450287
10	30	0.08745275000183028
10	30	0.14801525000075344
10	30	0.16976525000063702
10	30	0.3061090000010154
10	30	0.48870275000081165
10	30	0.5006090000024415
10	30	0.5784215000021504
10	30	0.640265250000084
10	30	0.6657652499998221
10	30	0.6793590000015683
10	30	0.8336715000004915
10	30	0.9126402500005497
10	30	0.9806715000013355
10	30	1.1571402500012482
10	30	1.1764215000002878
10	30	1.408140250001452
10	30	1.6894840000022668
10	30	1.6929527499996766
10	30	1.7261090000029071
10	30	1.753140250002616
10	30	1.7947340000027907
10	30	1.840921500002878
10	30	1.8602652500012482
10	31	-5.957950500000152
10	31	-5.758762999997998
10	31	-5.753294250000181
10	31	-5.750950499997998
10	31	-5.746325500000239
10	31	-5.603856749999977
10	31	-5.5434505000011995
10	31	-5.525981750000938
10	31	-5.429763999996794
10	31	-5.36273274999985
10	31	-5.10473274999822
10	31	-5.053576499998599
10	31	-5.042138999997405
10	31	-5.009045249997143
10	31	-4.9311389999966195
10	31	-4.814170249999734
10	31	-4.6093889999974635
10	31	-4.272232749997784
10	31	-4.266888999998628
10	31	-3.9146702499965613
10	31	-3.804420249998657
10	31	-3.567201499998191
10	31	-3.350201499997638
10	31	-3.225701499999559
10	31	-2.9796087499962596
10	31	-2.9752024999979767
10	31	-2.5622337499953574
10	31	-2.4868899999964924
10	31	-2.4771712499969
10	31	-2.139889999994921
10	31	-2.1347337499973946
10	31	-2.0926712499967834
10	31	-1.8219212499971036
10	31	-1.6696399999964342
10	31	-1.634671249998064
10	31	-1.6100462499962305
10	31	-1.6054524999963178
10	31	-1.5618274999978894
10	31	-1.536608749996958
10	31	-1.4392024999979185
10	31	-1.4068274999954156
10	31	-1.3497962499968708
10	31	-1.3197337499950663
10	31	-1.1251399999964633
10	31	-1.0873274999976275
10	31	-0.8776399999951536
10	31	-0.6081399999966379
10	31	-0.5138597499972093
10	31	-0.49714099999982864
10	31	-0.45601600000009057
10	31	-0.11376599999857717
10	31	-0.06923474999712198
10	31	-0.05498474999694736
10	31	-0.01770349999787868
10	31	0.009296500000345986
10	31	0.0212027500019758
10	31	0.07129650000206311
10	31	0.9532652500020049
10	31	1.1116402500010736
10	31	1.139234000002034
10	31	1.159577750000608
10	31	1.5152340000022377
10	31	1.570046500000899
10	31	1.7150152499998512
10	31	1.832171500002005
10	31	1.948859000000084
10	32	-5.960950500000763
10	32	-5.826575499999308
10	32	-5.765731750001578
10	32	-5.704106749999482
10	32	-5.650138000000879
10	32	-5.501388000000588
10	32	-5.355264000001625
10	32	-5.304670250003255
10	32	-5.241451500001858
10	32	-5.167076500001713
10	32	-5.083764000002702
10	32	-5.037201500002993
10	32	-5.031639000000723
10	32	-5.016389000000345
10	32	-4.974795250003808
10	32	-4.963076500003808
10	32	-4.9281077500018
10	32	-4.916357750000316
10	32	-4.8522952500024985
10	32	-4.84363900000244
10	32	-4.8306077500019455
10	32	-4.7471390000027895
10	32	-4.717045250003139
10	32	-4.670982750001713
10	32	-4.637732750001305
10	32	-4.62488900000244
10	32	-4.609764000000723
10	32	-4.415420250003081
10	32	-4.336451500003022
10	32	-4.173889000001509
10	32	-3.9774827500004903
10	32	-3.79407650000212
10	32	-3.7785765000007814
10	32	-3.4121390000036627
10	32	-3.4100765000002866
10	32	-3.392326500001218
10	32	-3.1941702500007523
10	32	-3.1911077500008105
10	32	-2.386921249999432
10	32	-2.3613900000018475
10	32	-2.352890000001935
10	32	-2.118546249999781
10	32	-2.037827500000276
10	32	-1.9752025000016147
10	32	-1.66920250000112
10	32	-1.658921250000276
10	32	-1.5432025000009162
10	32	-1.4459837499998685
10	32	-1.4256400000012945
10	32	-1.3974525000012363
10	32	-1.37995249999949
10	32	-1.3316712500018184
10	32	-1.2417024999995192
10	32	-1.224515000001702
10	32	-1.2147337499991409
10	32	-1.1102337500014983
10	32	-0.9794837500012363
10	32	-0.8495775000010326
10	32	-0.7737962499995774
10	32	-0.7164837499985879
10	32	-0.6912025000019639
10	32	-0.5757337499999267
10	32	-0.559014999998908
10	32	-0.5328274999992573
10	32	-0.5081087500002468
10	32	-0.49370249999992666
10	32	-0.46782750000056694
10	32	-0.4040774999994028
10	32	-0.3666097500026808
10	32	0.11610899999868707
10	32	0.2506089999988035
10	32	0.45954649999839603
10	32	0.5943589999988035
10	32	0.6365464999980759
10	32	0.7210464999989199
10	32	0.7391089999982796
10	32	0.7774214999990363
10	32	0.9561714999981632
10	32	1.1097027499963588
10	32	1.11539024999729
10	32	1.12832774999697
10	32	1.1358589999981632
10	32	1.1465464999964752
10	32	1.6876089999968826
10	32	1.6987964999971155
10	32	1.765671499997552
10	32	1.8357027499987453
10	33	-5.717825249997986
10	33	-5.546137749999616
10	33	-5.535887750000256
10	33	-5.4672314999988885
10	33	-5.381731499997841
10	33	-5.3354502500005765
10	33	-5.316981500000111
10	33	-5.191793999998481
10	33	-5.129637750000256
10	33	-4.8882940000003146
10	33	-4.520106500000111
10	33	-4.460606500000722
10	33	-4.392700249998597
10	33	-4.374356500000431
10	33	-4.325356499997724
10	33	-4.174294000000373
10	33	-3.567544999998063
10	33	-3.501263749996724
10	33	-3.4126074999985576
10	33	-3.3847637499966368
10	33	-3.2004512499988778
10	33	-3.150294999995822
10	33	-3.0312012499962293
10	33	-2.9392324999971606
10	33	-2.886951249998674
10	33	-2.8449824999988778
10	33	-2.777888749998965
10	33	-2.5839512499987904
10	33	-2.531669999996666
10	33	-2.4815449999987322
10	33	-2.450076249995618
10	33	-2.3638574999968114
10	33	-2.25435749999815
10	33	-2.250419999996666
10	33	-2.2027012499966077
10	33	-2.0936387499968987
10	33	-2.0323574999965786
10	33	-1.9276074999979755
10	33	-1.7782324999971024
10	33	-1.6715449999974226
10	33	-1.544732499998645
10	33	-1.524076249996142
10	33	-1.5093262499976845
10	33	-1.4726387499977136
10	33	-1.4417647499976738
10	33	-1.3952647500009334
10	33	-1.3641397499995946
10	33	-1.3100459999986924
10	33	-1.259420999998838
10	33	-1.2215147499991872
10	33	-1.1902960000006715
10	33	-1.173170999998547
10	33	-1.1016085000010207
10	33	-1.0070772500002931
10	33	-0.9577959999987797
10	33	-0.9130772499993327
10	33	-0.8447022500004095
10	33	-0.7729209999997693
10	33	-0.5925772499977029
10	33	-0.5251397499996528
10	33	-0.4335460000002058
10	33	-0.39226475000032224
10	33	-0.23367099999813945
10	33	-0.2222647499984305
10	33	-0.21426475000043865
10	33	-0.20179599999755737
10	33	0.24370400000043446
10	33	0.26786025000183145
10	33	0.3697664999999688
10	33	0.3778290000009292
10	33	0.508766499999183
10	33	0.6104540000014822
10	33	0.6549227499999688
10	33	0.678891499999736
10	33	0.7921415000018897
10	33	0.8529852499996196
10	33	0.8857040000002598
10	33	0.9747664999995322
10	33	0.9960790000004636
10	33	1.0251405000017257
10	33	1.2011717500026862
10	33	1.2541092500032391
10	33	1.3027342500026862
10	33	1.3295780000007653
10	33	1.3475780000007944
10	33	1.3724842500014347
10	33	1.534734250002657
10	33	1.5910467500034429
10	33	1.6514217500007362
10	34	-5.7694809999993595
10	34	-5.6800434999968274
10	34	-5.481605999997555
10	34	-5.31398099999933
10	34	-5.259480999997322
10	34	-5.2144184999961
10	34	-5.18898099999933
10	34	-5.140074749997439
10	34	-5.130574749997322
10	34	-5.102044499999465
10	34	-4.394763249998505
10	34	-4.195481999999174
10	34	-4.178106999999727
10	34	-4.07845074999932
10	34	-4.024606999999378
10	34	-3.9365757499981555
10	34	-3.893044500000542
10	34	-3.811950750001415
10	34	-3.531794499998796
10	34	-3.4940444999992906
10	34	-3.2611069999984466
10	34	-3.251700749999145
10	34	-3.2360132499998144
10	34	-2.487139249999018
10	34	-2.4477017499993963
10	34	-2.3748579999992216
10	34	-2.307951749997301
10	34	-2.20876424999733
10	34	-2.1474829999970098
10	34	-2.1189829999966605
10	34	-1.9384517499966023
10	34	-1.8913267499992799
10	34	-1.8713267499988433
10	34	-1.810232999996515
10	34	-1.751639249996515
10	34	-1.6538579999978538
10	34	-1.5310142499984067
10	34	-1.475732999999309
10	34	-1.1730454999997164
10	34	-1.1469204999993963
10	34	-1.1103267499966023
10	34	-0.727170499998465
10	34	-0.5964517499996873
10	34	-0.2002642499974172
10	34	-0.13904549999642768
10	34	-0.106233999998949
10	34	-0.013390249998337822
10	34	0.006609749998460757
10	34	0.3717347499987227
10	34	0.40673474999857717
10	34	0.4375785000011092
10	34	0.5324534999999742
10	34	0.5758285000010801
10	34	0.6131097500001488
10	34	0.7288284999995085
10	34	0.9915159999982279
10	34	1.1845472499990137
10	34	1.2241097500009346
10	34	1.4203285000003234
10	34	1.4548910000012256
10	34	1.4933285000006435
10	34	1.5267972500005271
10	34	1.8412659999994503
10	35	-5.964387749998423
10	35	-5.86707524999656
10	35	-5.759700249996968
10	35	-5.708793999998306
10	35	-5.521981499998219
10	35	-5.46120024999982
10	35	-5.432887749997462
10	35	-5.41535649999787
10	35	-5.374012749998656
10	35	-5.343762749998859
10	35	-5.293450249999296
10	35	-5.19782524999755
10	35	-5.076795000000857
10	35	-4.905888749999576
10	35	-4.897263750001002
10	35	-4.697045000000799
10	35	-4.051201250000304
10	35	-3.8287950000012643
10	35	-3.809638750000886
10	35	-3.772951250000915
10	35	-3.7412325000004785
10	35	-3.711701249998441
10	35	-3.6609512499999255
10	35	-3.3381699999990815
10	35	-3.3007637500013516
10	35	-3.151732499998616
10	35	-3.0986387500015553
10	35	-2.891888750000362
10	35	-2.1162022499993327
10	35	-2.0972647499984305
10	35	-2.069889749996946
10	35	-1.9569522499987215
10	35	-1.9083272499992745
10	35	-1.9016709999996237
10	35	-1.7599209999971208
10	35	-1.6951397499979066
10	35	-1.6634834999968007
10	35	-1.5807959999983723
10	35	-1.4962334999981977
10	35	-1.4693897500001185
10	35	-1.4397022499979357
10	35	-1.4330147499968007
10	35	-1.4095459999989544
10	35	-1.4039209999973536
10	35	-1.374670999997761
10	35	-1.3620459999983723
10	35	-1.3271084999978484
10	35	-1.3181397499974992
10	35	-1.2536397499970917
10	35	-1.2151709999998275
10	35	-1.1692022499992163
10	35	-1.059483499997441
10	35	-1.0180459999974119
10	35	-1.0063897499967425
10	35	-0.9374522500002058
10	35	-0.8280459999987215
10	35	-0.8008272499973828
10	35	-0.762202249999973
10	35	-0.7296084999979939
10	35	-0.6968897499973536
10	35	-0.6352334999974119
10	35	-0.5941397499991581
10	35	-0.58817099999942
10	35	-0.5137334999999439
10	35	-0.4972022499969171
10	35	-0.46263974999965285
10	35	-0.45085849999668426
10	35	-0.31104599999889615
10	35	-0.18538974999682978
10	35	-0.023922000000311527
10	35	0.11342175000027055
10	35	0.18682799999805866
10	35	0.21654674999808776
10	35	0.23604675000024145
10	35	0.292640499999834
10	35	0.5342967500000668
10	35	0.5892967500003579
10	35	0.627140500000678
10	35	0.6604530000004161
10	35	0.7142967500003579
10	35	0.7730779999983497
10	35	0.8375154999994265
10	35	0.9454217499987863
10	35	1.002046749999863
10	35	1.341577999999572
10	35	1.503265499999543
10	36	-5.896824749997904
10	36	-5.797606000000087
10	36	-5.369638250002026
10	36	-5.109919500002434
10	36	-4.836857000002055
10	36	-4.759107000001677
10	36	-4.733013250002841
10	36	-4.685419500001444
10	36	-4.47757575000287
10	36	-4.2800132500015025
10	36	-4.211388250001619
10	36	-3.991325750001124
10	36	-3.9304195000004256
10	36	-3.8782945000020845
10	36	-3.819013250002172
10	36	-3.6791695000028994
10	36	-3.5254820000009204
10	36	-3.4668882500009204
10	36	-3.3948570000029576
10	36	-3.292075750003278
10	36	-3.235669500001677
10	36	-3.071358000001055
10	36	-2.856701749999047
10	36	-2.4008580000008806
10	36	-2.371514250000473
10	36	-2.3032954999980575
10	36	-2.120358000000124
10	36	-2.0399204999994254
10	36	-1.9726392500015208
10	36	-1.9322329999995418
10	36	-1.8612954999989597
10	36	-1.8179830000008224
10	36	-1.814045499999338
10	36	-1.6566392499989888
10	36	-1.6525767499988433
10	36	-1.6179205000007642
10	36	-0.7924830000010843
10	36	-0.7411705000013171
10	36	-0.6769830000012007
10	36	-0.6562017500000366
10	36	-0.6044204999998328
10	36	-0.5942339999965043
10	36	-0.5308277499971155
10	36	-0.4984214999967662
10	36	-0.40195274999859976
10	36	-0.29782774999694084
10	36	-0.2572027499991236
10	36	-0.25423399999635876
10	36	-0.1701402499966207
10	36	-0.13623399999778485
10	36	0.010516000002098735
10	36	0.06957850000253529
10	36	0.25429725000140024
10	36	0.4346410000034666
10	36	0.5491097500016622
10	36	0.9821097500025644
10	36	1.037672250000469
10	36	1.275547250003001
10	36	1.3715785000022152
10	36	1.3899847500033502
10	36	1.5930472500003816
10	36	1.642953500002477
10	36	1.6886410000006435
10	36	1.720141000001604
10	36	1.956827499998326
10	36	1.9784837500010326
10	37	-5.911044499996933
10	37	-5.889231999994081
10	37	-5.862450749995332
10	37	-5.848044499995012
10	37	-5.825294499994925
10	37	-5.80713824999475
10	37	-5.793263249994197
10	37	-5.688575749994925
10	37	-5.634950749994459
10	37	-5.562950749994343
10	37	-5.5092319999967
10	37	-5.382856999996875
10	37	-5.2299507499956235
10	37	-5.207169499994052
10	37	-5.153044499995303
10	37	-4.998950749995856
10	37	-4.9756382499945175
10	37	-4.951419499997428
10	37	-4.948888249997253
10	37	-4.9277319999964675
10	37	-4.878138249994663
10	37	-4.847544499996729
10	37	-4.57288824999705
10	37	-4.139263249995565
10	37	-4.039638249996642
10	37	-3.6123267499970098
10	37	-3.1687329999986105
10	37	-3.0969829999994545
10	37	-3.046951749998698
10	37	-2.917639249997592
10	37	-2.8955142499980866
10	37	-2.8849204999969515
10	37	-2.835607999997592
10	37	-2.7007329999978538
10	37	-2.3804204999978538
10	37	-2.312514249999367
10	37	-2.2463579999966896
10	37	-2.223889249999047
10	37	-2.104545499998494
10	37	-2.036982999998145
10	37	-1.9744204999988142
10	37	-1.9466079999983776
10	37	-1.8322017499995127
10	37	-1.7853267499995127
10	37	-1.6496079999960784
10	37	-1.2847339999971155
10	37	-1.2529527499973483
10	37	-1.2387964999943506
10	37	-1.185796499994467
10	37	-1.1494839999977557
10	37	-1.0943277499973192
10	37	-1.0055777499946998
10	37	-0.9360152499975811
10	37	-0.9018902499956312
10	37	-0.7814214999962132
10	37	-0.7033902499970281
10	37	-0.6505152499958058
10	37	-0.6060464999973192
10	37	-0.2802027499965334
10	37	-0.2342652499974065
10	37	-0.0818902499959222
10	37	-0.041233999996620696
10	37	0.0992972500025644
10	37	0.1539847500025644
10	37	0.18882850000227336
10	37	0.23735975000454346
10	37	0.4759222500033502
10	37	0.48407850000512553
10	37	1.053265000002284
10	37	1.2187025000021094
10	37	1.251452500000596
10	37	1.3580775000009453
10	37	1.454171250003128
10	37	1.5259837500016147
10	37	1.9381712500035064
10	37	1.9794837500012363
10	38	-5.990200249998452
10	38	-5.975325249997695
10	38	-5.9711377499988885
10	38	-5.925825250000344
10	38	-5.717200249997404
10	38	-5.690887749999092
10	38	-5.484981499997957
10	38	-5.440856499997608
10	38	-5.349293999999645
10	38	-5.3201377500008675
10	38	-5.164262750000489
10	38	-5.14095024999915
10	38	-5.125669000000926
10	38	-5.121512749999965
10	38	-4.897200249997695
10	38	-4.686387749999994
10	38	-4.649794000000838
10	38	-4.590825249997579
10	38	-4.584825249999994
10	38	-4.575918999998976
10	38	-4.355887749999965
10	38	-4.333387750000838
10	38	-4.281825250000111
10	38	-4.2172314999988885
10	38	-4.138701250001759
10	38	-3.6185762500026613
10	38	-3.603044999999838
10	38	-3.5874825000028068
10	38	-3.4957324999995762
10	38	-3.4613262500024575
10	38	-3.4366387500012934
10	38	-3.3475450000005367
10	38	-3.327826250002545
10	38	-3.009482500001468
10	38	-2.9683262500002456
10	38	-2.950388749999547
10	38	-2.747857500002283
10	38	-2.7006387500005076
10	38	-2.654326250001759
10	38	-2.510513749999518
10	38	-2.4822012500007986
10	38	-2.4588575000016135
10	38	-2.389107500002865
10	38	-2.3041699999994307
10	38	-2.2700137499996345
10	38	-2.2649825000007695
10	38	-1.9763262500018755
10	38	-1.954795000001468
10	38	-1.9317012499996054
10	38	-1.9212012500029232
10	38	-1.9171387500027777
10	38	-1.90688874999978
10	38	-1.9003575000024284
10	38	-1.8801075000010314
10	38	-1.8630762499997218
10	38	-1.8593887500028359
10	38	-1.6785459999991872
10	38	-1.6732647499993618
10	38	-1.560514749999129
10	38	-1.4971709999990708
10	38	-1.4422647499995946
10	38	-1.4231084999992163
10	38	-1.4076397499993618
10	38	-1.3269209999998566
10	38	-1.3053272500001185
10	38	-1.2591709999978775
10	38	-1.0684834999992745
10	38	-1.0095147499996528
10	38	-0.9623272499993618
10	38	-0.8703897499981395
10	38	-0.8548897500004387
10	38	-0.7449835000006715
10	38	-0.6833897500000603
10	38	-0.5627022500011662
10	38	-0.5315459999983432
10	38	-0.10873350000110804
10	38	-0.09648350000134087
10	38	0.16242274999967776
10	38	0.19573524999941583
10	38	0.2158914999999979
10	38	0.22504775000197696
10	38	0.25454774999889196
10	38	0.27851649999865913
10	38	0.3096414999999979
10	38	0.33661025000037625
10	38	0.5266102499990666
10	38	0.6838915000007546
10	38	0.7535165000008419
10	38	0.8190154999974766
10	38	0.8342029999985243
10	38	0.8596404999989318
10	38	0.8965467499983788
10	38	1.1221717499975057
10	38	1.1651404999975057
10	38	1.818859249997331
10	38	1.9293904999976803
10	39	-5.947419000000082
10	39	-5.733731500000431
10	39	-5.716856499999267
10	39	-5.641731499999878
10	39	-5.409606500001246
10	39	-5.324700249999296
10	39	-5.06691900000078
10	39	-5.01204399999915
10	39	-4.940575250002439
10	39	-4.719512750001741
10	39	-4.621669000000111
10	39	-4.595294000002468
10	39	-4.415920000003098
10	39	-4.330201250002574
10	39	-4.286638750003476
10	39	-3.5377012500030105
10	39	-3.5104825000016717
10	39	-3.3207950000032724
10	39	-3.1970137500029523
10	39	-2.9674825000038254
10	39	-2.913482500003738
10	39	-2.872045000003709
10	39	-2.8185450000019046
10	39	-2.790638750004291
10	39	-2.7785450000010314
10	39	-2.6461700000036217
10	39	-2.4893887500038545
10	39	-2.427138750001177
10	39	-2.395263750004233
10	39	-2.3140137500013225
10	39	-2.1398887500035926
10	39	-2.0847950000024866
10	39	-1.9959825000041747
10	39	-1.9309210000028543
10	39	-1.879389749999973
10	39	-1.8500772500010498
10	39	-1.7752022500026214
10	39	-1.7517335000011371
10	39	-1.7482647500000894
10	39	-1.620452250001108
10	39	-1.6098897500014573
10	39	-1.5035459999999148
10	39	-1.4587022500018065
10	39	-1.3436710000023595
10	39	-1.338577250000526
10	39	-1.3082334999999148
10	39	-1.24832724999942
10	39	-1.2147960000002058
10	39	-1.153952250002476
10	39	-1.10770224999942
10	39	-1.1042647499998566
10	39	-1.087858500002767
10	39	-1.0646710000000894
10	39	-1.0404522499993618
10	39	-0.9409835000005842
10	39	-0.9164522499995655
10	39	-0.9038897499995073
10	39	-0.8866710000002058
10	39	-0.8685772499993618
10	39	-0.8463585000026796
10	39	-0.7562022500023886
10	39	-0.6907334999996237
10	39	-0.6351085000023886
10	39	-0.60379599999942
10	39	-0.5321710000025632
10	39	-0.5087335000025632
10	39	-0.48592099999950733
10	39	-0.44079600000259234
10	39	-0.4054209999994782
10	39	-0.37426475000029313
10	39	-0.35717099999965285
10	39	-0.3226710000017192
10	39	-0.2826710000008461
10	39	0.25992274999953224
10	39	0.30514149999726214
10	39	0.3470164999998815
10	39	0.39992274999895017
10	39	0.46082899999964866
10	39	0.4983280000014929
10	39	0.5107029999999213
10	39	0.7161405000006198
10	39	0.8448905000004743
10	39	1.162296750000678
10	39	1.393484250002075
10	39	1.4130780000014056
10	39	1.5177967500021623
10	39	1.6435154999999213
10	39	1.6652967500012892
10	39	1.6919217499998922
10	39	1.7417967500005034
10	39	1.7595780000010564
10	39	1.8834530000021914
10	39	1.923921749999863
10	39	1.9737029999996594
10	40	-5.81801324999833
10	40	-5.662263250000251
10	40	-5.636138249999931
10	40	-5.524919499999669
10	40	-5.506075749999582
10	40	-5.4439820000006875
10	40	-5.410825750001095
10	40	-5.342075749998912
10	40	-5.255544499999814
10	40	-5.133950750001532
10	40	-4.962700749998476
10	40	-4.261639249998552
10	40	-4.141795499999716
10	40	-3.999982999997883
10	40	-3.91188924999733
10	40	-3.753701749999891
10	40	-3.7302017499969224
10	40	-3.6837642499995127
10	40	-3.5814829999981157
10	40	-3.0656392499986396
10	40	-2.5903267499998037
10	40	-2.4572642499988433
10	40	-2.4548267499994836
10	40	-2.3620767499996873
10	40	-2.336670499997126
10	40	-2.120921500001714
10	40	-1.942577750000055
10	40	-1.8475777499988908
10	40	-1.8208277500016266
10	40	-1.7677965000002587
10	40	-1.7324527499986289
10	40	-1.3107339999987744
10	40	-1.170484000002034
10	40	-0.7606402499986871
10	40	-0.7316089999985707
10	40	-0.6938902500005497
10	40	-0.4578277500004333
10	40	-0.3242027500018594
10	40	-0.31829650000145193
10	40	-0.2983902500018303
10	40	0.05298475000017788
10	40	0.3072337500016147
10	40	0.3635462500024005
10	40	0.39820250000047963
10	40	0.4372337500026333
10	40	0.6578587500007416
10	40	0.6767650000001595
10	40	0.8613587500003632
10	40	0.9624212500020803
10	40	0.9982025000026624
10	40	1.059015000002546
10	40	1.1237962500017602
10	40	1.1792650000024878
10	40	1.27857750000112
10	40	1.3063900000015565
10	40	1.361327500002517
10	40	1.425483750001149
10	40	1.6032025000022259
10	40	1.6108899999999267
10	40	1.7089212500031863
10	41	-5.749418499999592
10	41	-5.600137249999534
10	41	-5.296762250000029
10	41	-5.25826225000128
10	41	-5.01985699999932
10	41	-4.8634820000006584
10	41	-4.596231999999873
10	41	-4.580919500000164
10	41	-4.521263250000629
10	41	-4.467388249999203
10	41	-4.383857000000717
10	41	-4.226263249998738
10	41	-3.466231999998854
10	41	-3.4617319999997562
10	41	-3.309763249999378
10	41	-3.199075749998883
10	41	-3.1278569999994943
10	41	-2.7704819999999017
10	41	-2.7203882499998144
10	41	-2.6879195000001346
10	41	-2.661544499998854
10	41	-2.649107000001095
10	41	-2.6402945000008913
10	41	-2.310045500002161
10	41	-2.11954550000155
10	41	-1.964326750003238
10	41	-1.8692955000005895
10	41	-1.867701750001288
10	41	-1.18595175000155
10	41	-1.1579830000009679
10	41	-1.0154517500013753
10	41	-0.9566080000004149
10	41	-0.9441392500011716
10	41	-0.780014250001841
10	41	-0.5542330000025686
10	41	-0.4345767500017246
10	41	0.07451600000058534
10	41	0.28170350000073086
10	41	0.39026599999851896
10	41	0.5195160000002943
10	41	0.5478284999990137
10	41	0.6309222499985481
10	41	0.7852659999989555
10	41	1.085797250001633
10	41	1.1177347500015458
10	41	1.229609750000236
10	41	1.2992660000018077
10	41	1.4254535000000033
10	41	1.4642347500011965
10	41	1.4979535000020405
10	41	1.5821097500011092
10	41	1.6679535000002943
10	41	1.8914535000003525
10	42	-5.943012750005437
10	42	-5.889200250003341
10	42	-5.6198877500064555
10	42	-5.477137750003749
10	42	-5.442794000005961
10	42	-5.266545000002225
10	42	-5.262357500003418
10	42	-5.226138750003884
10	42	-5.218326250003884
10	42	-5.196638750003331
10	42	-5.146201250001468
10	42	-5.058701250003651
10	42	-4.99595125000269
10	42	-4.94632625000304
10	42	-4.816888750003272
10	42	-4.791826250002487
10	42	-4.701263750004728
10	42	-4.598607500003709
10	42	-4.542357500002254
10	42	-4.509201250002661
10	42	-4.469076250003127
10	42	-4.464263750003738
10	42	-4.396170000003622
10	42	-4.379388750003272
10	42	-4.351732500002981
10	42	-4.317545000001701
10	42	-4.295138750003389
10	42	-4.2809200000046985
10	42	-4.270701250003185
10	42	-4.254576250004902
10	42	-4.238888750001934
10	42	-4.2173887500030105
10	42	-4.194170000002487
10	42	-4.187513750002836
10	42	-4.181451250002283
10	42	-4.170045000002574
10	42	-4.101013750001584
10	42	-4.052951250003389
10	42	-4.048513750003622
10	42	-4.042045000001963
10	42	-3.9986387500030105
10	42	-3.964170000002923
10	42	-3.699670000001788
10	42	-3.6793262500032142
10	42	-3.6442012500046985
10	42	-3.627076250002574
10	42	-3.61288875000173
10	42	-3.5940450000016426
10	42	-3.570763750001788
10	42	-3.5449825000032433
10	42	-3.526326250004786
10	42	-3.3462950000030105
10	42	-3.280232500004786
10	42	-3.240045000002283
10	42	-2.902108500002214
10	42	-2.7017335000018647
10	42	-2.6058272500013118
10	42	-2.4671085000009043
10	42	-2.4324835000006715
10	42	-2.416827250002825
10	42	-2.405889749999915
10	42	-2.3219522500003222
10	42	-2.3192022500006715
10	42	-2.3033585000011954
10	42	-2.2533897499997693
10	42	-2.224358500003291
10	42	-2.087639750003291
10	42	-2.0842335000015737
10	42	-1.904264750002767
10	42	-1.2650460000004387
10	42	-1.0607960000015737
10	42	-1.0261710000013409
10	42	-0.987014750000526
10	42	-0.9566397500020685
10	42	-0.8910147500027961
10	42	-0.6611710000033781
10	42	-0.6545460000015737
10	42	-0.6505460000007588
10	42	-0.647171000000526
10	42	-0.6402335000020685
10	42	-0.3597657500031346
10	42	-0.3395782500047062
10	42	-0.3027032500031055
10	42	-0.22451575000377488
10	42	-0.05182825000520097
10	42	0.007109249996574363
10	42	0.06410924999727285
10	42	0.06589049999820418
10	42	0.347015499995905
10	42	0.5509842499959632
10	42	0.8378904999954102
10	42	0.9763592499948572
10	42	1.0164842499980296
10	42	1.05126549999477
10	42	1.0756717499971273
10	42	1.0968279999979131
10	42	1.1632342499979131
10	42	1.1881092499970691
10	42	1.2126404999980878
10	42	1.2394529999946826
10	42	1.3214529999968363
10	42	1.692202999995061
10	42	1.7529217499977676
10	42	1.7795154999948863
10	42	1.7967029999963415
10	42	1.801577999995061
10	42	1.809796749996167
10	42	1.983734249995905
10	42	1.9868904999966617
10	42	1.9907654999951774
10	43	-5.922137499997916
10	43	-5.900418749999517
10	43	-5.691856249999546
10	43	-5.642574999998033
10	43	-5.35326250000071
10	43	-5.311949999999342
10	43	-5.248012500000186
10	43	-5.030544750003173
10	43	-4.575419750002766
10	43	-4.548232250002911
10	43	-4.4837947500018345
10	43	-4.462294750002911
10	43	-4.3672322500024165
10	43	-4.344169750002038
10	43	-4.259919750002155
10	43	-3.750701000000845
10	43	-3.6122947500007285
10	43	-3.5532010000024457
10	43	-3.3066697499998554
10	43	-3.1980135000012524
10	43	-3.130826000000525
10	43	-3.1014197500007867
10	43	-3.0900135000010778
10	43	-2.815669750001689
10	43	-2.7957947499999136
10	43	-2.7871384999998554
10	43	-2.7769822500013106
10	43	-2.758950999999797
10	43	-2.7232010000006994
10	43	-2.6107635000007576
10	43	-2.5920447500029695
10	43	-2.509170749999612
10	43	-2.5016394999984186
10	43	-2.4758269999983895
10	43	-2.469514500000514
10	43	-2.4657645000006596
10	43	-2.3613894999980403
10	43	-2.2142019999992044
10	43	-2.028608249998797
10	43	-1.8496082499987097
10	43	-1.8411395000002813
10	43	-1.6926395000009506
10	43	-1.6277957499987679
10	43	-1.4608894999983022
10	43	-1.453264499999932
10	43	-0.9048269999984768
10	43	-0.8338895000015327
10	43	-0.789920750001329
10	43	-0.7035457499987388
10	43	-0.5880770000003395
10	43	-0.5715457500009506
10	43	-0.3905457500004559
10	43	-0.3696082499991462
10	43	-0.3431395000006887
10	43	-0.08951449999949546
10	43	-0.0224530000014056
10	43	-0.003234250001696637
10	43	0.05829699999958393
10	43	0.06254699999772129
10	43	0.07198449999850709
10	43	0.39420324999809964
10	43	0.557890749998478
10	43	0.7575157499995839
10	43	0.7719532499977504
10	43	1.0365782499975467
10	43	1.0747032499966735
10	43	1.4970157499992638
10	43	1.6794844999967609
10	43	1.7558907499987981
10	43	1.8903907499989145
10	43	1.898859499997343
10	44	-5.832012750001013
10	44	-5.549763750001148
10	44	-5.517701250002574
10	44	-5.476201250003214
10	44	-5.394232500002545
10	44	-5.340545000002749
10	44	-5.2940762500038545
10	44	-5.0582637500010605
10	44	-4.809982500002661
10	44	-4.713826250001148
10	44	-4.6016387500021665
10	44	-4.216576250000799
10	44	-4.18442000000141
10	44	-3.826795000000857
10	44	-3.54770125000141
10	44	-3.526451250003447
10	44	-3.512982500004
10	44	-3.3652325000039127
10	44	-3.301232500001788
10	44	-3.2306085000018356
10	44	-3.199608499999158
10	44	-3.0011397500020394
10	44	-2.836546000002272
10	44	-2.681296000002476
10	44	-2.5857335000000603
10	44	-2.5386710000020685
10	44	-2.5353585000011662
10	44	-2.5207022499998857
10	44	-2.495764750001399
10	44	-2.455233500000759
10	44	-2.3081397499991
10	44	-2.24710849999974
10	44	-2.143452250002156
10	44	-1.7601710000017192
10	44	-1.6896710000000894
10	44	-1.6276084999990417
10	44	-1.3991397499994491
10	44	-1.343514750002214
10	44	-0.9707335000020976
10	44	-0.47904700000435696
10	44	-0.15154700000130106
10	44	0.04295299999648705
10	44	0.15604674999849522
10	44	0.1964529999968363
10	44	0.35554674999730196
10	44	0.5177967499985243
10	44	0.7632654999979422
10	44	1.0233592499971564
10	44	1.088390499997331
10	44	1.1053904999971564
10	44	1.151202999997622
10	44	1.186546749995614
10	44	1.258827999998175
10	44	1.2732967499978258
10	44	1.540890499996749
10	44	1.925826999999117
10	45	-5.686200000000099
10	45	-5.19804374999876
10	45	-5.065356250001059
10	45	-5.04813749999812
10	45	-5.03666874999908
10	45	-5.003543750000972
10	45	-4.959981249998236
10	45	-4.90769999999975
10	45	-4.851668749997771
10	45	-4.827918750001118
10	45	-4.783668749998469
10	45	-4.629450000000361
10	45	-4.608449999999721
10	45	-4.591357250003057
10	45	-4.564107250000234
10	45	-4.460451000002649
10	45	-3.5400447499996517
10	45	-2.9709510000029695
10	45	-2.9458885000021837
10	45	-2.8805760000032024
10	45	-2.5552635000021837
10	45	-2.550857250000263
10	45	-2.272794750002504
10	45	-2.111670750000485
10	45	-2.0282645000006596
10	45	-2.010420750000776
10	45	-1.7499519999983022
10	45	-1.738326999999117
10	45	-1.7343895000012708
10	45	-1.5375769999991462
10	45	-1.496233249999932
10	45	-1.4669832500003395
10	45	-1.3140144999997574
10	45	-1.3103269999992335
10	45	-1.1624207499990007
10	45	-1.1590145000009215
10	45	-1.1117332499998156
10	45	-1.0435770000003686
10	45	-0.9693269999988843
10	45	-0.9153582500002813
10	45	-0.9090457499987679
10	45	-0.40354574999946635
10	45	-0.21623325000109617
10	45	-0.141483250001329
10	45	-0.1117019999983313
10	45	-0.003201999999873806
10	45	0.06673550000050454
10	45	0.1475480000008247
10	45	0.3532042500009993
10	45	0.40279699999882723
10	45	0.4633907499992347
10	45	0.5103595000000496
10	45	0.6205469999986235
10	45	0.6616719999983616
10	45	0.6810782499997003
10	45	0.737265749998187
10	45	0.7950157499981287
10	45	0.8361407499978668
10	45	0.8907344999970519
10	45	0.9745469999979832
10	45	1.0347969999966153
10	45	1.0842969999976049
10	45	1.11154699999679
10	45	1.2370157499972265
10	45	1.2774844999985362
10	45	1.5882657499969355
10	45	1.6258282499984489
10	45	1.6432969999987108
10	45	1.6661094999981287
10	45	1.6855157499994675
10	45	1.996515749997343
10	46	-5.9007937499991385
10	46	-5.7090749999988475
10	46	-5.671606250001787
10	46	-5.519512499999109
10	46	-5.470543750001525
10	46	-4.56885725000393
10	46	-4.441513500001747
10	46	-4.296232250002504
10	46	-4.255607250001049
10	46	-3.86060725000425
10	46	-3.6075760000021546
10	46	-3.5555447500009905
10	46	-3.523513500003901
10	46	-3.282763500003057
10	46	-3.098982250001427
10	46	-2.840920750000805
10	46	-2.322295750000194
10	46	-2.1998270000003686
10	46	-1.8367644999998447
10	46	-1.7935770000003686
10	46	-1.6276395000022603
10	46	-1.4794207500017365
10	46	-1.2449520000009215
10	46	-1.2008582500020566
10	46	-1.193389500000194
10	46	-1.1567644999995537
10	46	-1.1260145000014745
10	46	-1.1123270000025514
10	46	-0.993764499999088
10	46	-0.9882332500019402
10	46	-0.7669520000017656
10	46	-0.7018895000001066
10	46	-0.6563270000006014
10	46	-0.46226450000176555
10	46	-0.45757700000103796
10	46	-0.29026550000344287
10	46	-0.19164050000108546
10	46	-0.17039050000312272
10	46	-0.1559530000013183
10	46	-0.15089050000460702
10	46	-0.13235925000117277
10	46	-0.05910925000353018
10	46	-0.051703000004636124
10	46	0.06117199999789591
10	46	0.06882824999775039
10	46	0.24660949999815784
10	46	0.3142032499963534
10	46	0.4315157499986526
10	46	0.44489074999728473
10	46	0.6301719999974011
10	46	0.7973594999966735
10	46	0.876453249995393
10	46	1.159453249998478
10	46	1.227921999998216
10	46	1.2419532499989145
10	46	1.2906094999962079
10	46	1.3037657499953639
10	47	-5.904576000000816
10	47	-5.7660759999998845
10	47	-5.501763500000379
10	47	-5.09782599999744
10	47	-4.550888499998109
10	47	-4.4755760000007285
10	47	-4.408575999997993
10	47	-4.39245099999971
10	47	-4.372357249998458
10	47	-3.981575999998313
10	47	-3.91979474999971
10	47	-3.915919749997556
10	47	-3.8391384999995353
10	47	-3.793169749998924
10	47	-3.62785724999776
10	47	-3.607045750002726
10	47	-3.583795750000718
10	47	-3.5556082500006596
10	47	-3.5237332500000775
10	47	-3.5082957500017073
10	47	-3.4195145000012417
10	47	-3.3953582499998447
10	47	-3.3854832500001066
10	47	-3.112202000000252
10	47	-2.722920750002231
10	47	-2.6898270000019693
10	47	-2.414608250001038
10	47	-2.1993895000014163
10	47	-2.186108249999961
10	47	-2.170264500000485
10	47	-1.9659520000022894
10	47	-1.9553895000026387
10	47	-1.9506707500004268
10	47	-1.9454832500014163
10	47	-1.9392645000007178
10	47	-1.9321082500027842
10	47	-1.9057332500015036
10	47	-1.5622645000003104
10	47	-1.5166707499993208
10	47	-1.4532957500014163
10	47	-1.2229832500015618
10	47	-1.216327000001911
10	47	-1.0366092500007653
10	47	-0.9137029999983497
10	47	-0.6789842500002123
10	47	-0.6362967499990191
10	47	-0.604734249998728
10	47	-0.5411717499991937
10	47	-0.48126549999869894
10	47	-0.38373425000099814
10	47	-0.3350155000007362
10	47	-0.31876550000015413
10	47	-0.3076717500007362
10	47	-0.3037967499985825
10	47	-0.30098424999960116
10	47	-0.29795300000114366
10	47	0.08004699999946752
10	47	0.11501575000147568
10	47	0.12329700000191224
10	47	0.14589075000185403
10	47	0.18660950000048615
10	47	0.218359500002407
10	47	0.23964075000185403
10	47	0.26704700000118464
10	47	0.5680470000006608
10	47	0.8241407499990601
10	47	1.3335782499998459
10	47	1.3386407500001951
10	47	1.950108499997441
10	47	1.9872959999993327
10	48	-5.8229819999978645
10	48	-5.8180444999961765
10	48	-5.785075749998214
10	48	-5.545169499997428
10	48	-5.024700749996555
10	48	-4.52607574999638
10	48	-4.471919499996147
10	48	-4.4326694999981555
10	48	-4.4121069999964675
10	48	-4.355106999995769
10	48	-3.5376704999980575
10	48	-3.44460799999797
10	48	-3.3719517499994254
10	48	-3.265607999997883
10	48	-3.1947330000002694
10	48	-2.918701750000764
10	48	-2.81076424999992
10	48	-2.4389830000000075
10	48	-2.2891080000008515
10	48	-2.1965767500005313
10	48	-2.1414829999994254
10	48	-2.1288267499985523
10	48	-2.115951749998203
10	48	-2.0537017499991634
10	48	-2.02413924999928
10	48	-1.8078267499986396
10	48	-1.7668267500012007
10	48	-1.746201750000182
10	48	-1.562233999997261
10	48	-1.5578589999968244
10	48	-1.0392964999991818
10	48	-1.0377964999970573
10	48	-0.9938589999983378
10	48	-0.904140249996999
10	48	-0.8045152499980759
10	48	-0.790233999996417
10	48	-0.7821714999990945
10	48	-0.749015249999502
10	48	-0.6727027499982796
10	48	-0.6490464999988035
10	48	-0.6071089999968535
10	48	-0.5748589999966498
10	48	-0.43148399999699905
10	48	-0.3897964999960095
10	48	0.26923475000148755
10	48	0.398703500002739
10	48	0.5089535000006435
10	48	0.7218285000017204
10	48	0.8025785000027099
10	48	0.822422250003001
10	48	0.9173899999987043
10	48	1.0201087499990535
10	48	1.56251500000144
10	48	1.5669837499990535
10	48	1.6418899999989662
10	48	1.8962025000000722
10	48	1.9361400000016147
10	49	-5.9150127499997325
10	49	-5.878356499997608
10	49	-5.7939189999997325
10	49	-5.718887749997521
10	49	-5.707012749997375
10	49	-5.702418999997462
10	49	-5.700668999998015
10	49	-5.693325249998452
10	49	-5.269293999997899
10	49	-5.140512750000198
10	49	-5.092200249997404
10	49	-5.053668999997171
10	49	-5.014512749999994
10	49	-4.88557524999851
10	49	-4.78810650000014
10	49	-4.652106499997899
10	49	-4.633293999999296
10	49	-4.618387749997055
10	49	-4.599575249998452
10	49	-4.570668999996997
10	49	-4.484481499999674
10	49	-4.432293999998365
10	49	-4.398731499997666
10	49	-4.367325249997521
10	49	-4.196857499999169
10	49	-3.9427012500018463
10	49	-3.8883574999999837
10	49	-3.67685750000237
10	49	-3.64292000000205
10	49	-3.626763750002283
10	49	-3.5992637500021374
10	49	-3.551826250000886
10	49	-3.5212324999993143
10	49	-3.27798249999978
10	49	-3.246826250000595
10	49	-3.2032949999993434
10	49	-3.199232499999198
10	49	-3.185138749999169
10	49	-3.1744199999993725
10	49	-3.0545762500005367
10	49	-2.93076375000237
10	49	-2.925513750000391
10	49	-2.796263750002254
10	49	-2.788169999999809
10	49	-2.677232500001992
10	49	-2.5570137499998964
10	49	-2.5005762500004494
10	49	-2.2995137500001874
10	49	-2.181138750001992
10	49	-2.1210762500013516
10	49	-2.060138749999169
10	49	-1.9267949999994016
10	49	-1.8527012500017008
10	49	-1.7952325000005658
10	49	-1.7890137499998673
10	49	-1.6992647499973828
10	49	-1.6854522499997984
10	49	-1.6245459999990999
10	49	-1.5157647499981977
10	49	-1.509420999998838
10	49	-1.445389749998867
10	49	-1.4347647499998857
10	49	-1.33920224999747
10	49	-1.3243272500003513
10	49	-1.1023272499987797
10	49	-1.0848272500006715
10	49	-1.06576474999747
10	49	-1.0522022499972081
10	49	-0.9813897499989253
10	49	-0.9108897499972954
10	49	-0.8856085000006715
10	49	-0.8390772499988088
10	49	-0.832514749999973
10	49	-0.8222959999984596
10	49	-0.794889749999129
10	49	-0.738764749999973
10	49	-0.7176084999991872
10	49	-0.6767022499989253
10	49	-0.6484522499995364
10	49	-0.5469209999973828
10	49	-0.49163974999828497
10	49	-0.4350459999986924
10	49	-0.19629599999825587
10	49	-0.15192100000058417
10	49	-0.12873349999790662
10	49	-0.10985849999997299
10	49	-0.10763975000008941
10	49	-0.1043897499985178
10	49	-0.10073349999947823
10	49	-0.0973584999992454
10	49	-0.06473349999942002
10	49	0.9132030000037048
10	49	0.9861717500025406
10	49	0.9973592500027735
10	49	0.9990155000014056
10	49	1.0219217500016384
10	49	1.0436092500021914
10	49	1.1091092500028026
10	49	1.1472342500019295
10	49	1.8207655000041996
10	49	1.875296750004054
10	50	-5.582137749999674
10	50	-5.570481499999005
10	50	-5.56545025000014
10	50	-5.5278877499986265
10	50	-5.315700249997462
10	50	-4.978450249996968
10	50	-4.932887749997462
10	50	-4.794012749996909
10	50	-4.627262750000227
10	50	-4.578262749997521
10	50	-4.387481499998103
10	50	-4.338231499998074
10	50	-4.0330762499979755
10	50	-3.9800137499987613
10	50	-3.910482499995851
10	50	-3.847888749998674
10	50	-3.762357499996142
10	50	-3.713201249996928
10	50	-3.6711074999984703
10	50	-3.5511699999951816
10	50	-3.5226699999984703
10	50	-3.1623887499954435
10	50	-3.0827012499976263
10	50	-3.007607499996084
10	50	-2.9651074999965203
10	50	-2.95191999999588
10	50	-2.895263749996957
10	50	-2.509576249998645
10	50	-2.3269512499973644
10	50	-2.2758574999970733
10	50	-2.205388749996928
10	50	-1.6994522499990126
10	50	-1.664139749998867
10	50	-1.43685849999747
10	50	-1.4255147500007297
10	50	-1.3083897500000603
10	50	-1.266920999998547
10	50	-1.2382022499987215
10	50	-1.1569209999979648
10	50	-0.9970147499989253
10	50	-0.9080772499983141
10	50	-0.8484209999987797
10	50	-0.7027022500005842
10	50	-0.3528584999985469
10	50	-0.03304600000046776
10	50	0.12776650000159862
10	50	0.39223525000124937
10	50	0.49682899999970687
10	50	0.5906727500005218
10	50	1.252046750003501
10	50	1.5135780000018713
10	50	1.7086092500030645
10	50	1.7258592500038503
10	50	1.7688592500016966
10	50	1.79695300000094
10	50	1.8437967500030936
10	50	1.9130467500035593
11	4	-2.6242022500009625
11	4	-2.61820224999974
11	4	-2.612920999999915
11	4	-2.6066085000020394
11	4	-2.6006710000001476
11	4	-2.5659210000012536
11	4	-2.5427960000015446
11	4	-2.5076397500015446
11	4	-2.479421000000002
11	4	-2.4530460000023595
11	13	-4.872044499996264
11	13	-4.865075749996322
11	13	-4.856513249997079
11	13	-4.839388249998592
11	13	-4.82973199999833
11	13	-4.815606999996817
11	13	-4.80629449999833
11	13	-4.79310699999769
11	13	-4.775294499999291
11	20	-4.2845137500007695
11	20	-4.26876374999847
11	20	-4.260138749999896
11	42	-1.9687335000016901
11	42	-1.9605147500005842
11	42	-1.9527022500005842
11	42	-1.9437960000032035
11	42	-1.9358585000009043
11	42	-1.9239522500029125
12	2	-1.627608249997138
12	3	-3.808701250000013
12	3	1.935421750000387
12	4	-4.27779499999815
12	4	-2.588077250002243
12	5	-1.5603269999992335
12	5	-1.5333270000010089
12	5	-0.14345300000422867
12	6	-5.253357000001415
12	8	-2.7499204999985523
12	9	-3.7298262500007695
12	9	-2.970919999999751
12	9	-2.2730137500002456
12	9	-2.2669512499996927
12	9	-1.9045460000015737
12	9	-0.4873897500001476
12	10	-0.7925774999966961
12	11	-5.2386700000024575
12	11	-1.4800147500027379
12	11	1.9107342499955848
12	12	-5.332201249999343
12	12	-3.7331075000001874
12	12	-3.7214825000010023
12	12	-3.7133887499985576
12	12	-3.7045137499990233
12	12	-3.015483499999391
12	13	-5.466950749996613
12	13	-1.38882774999729
12	14	-3.4769197499990696
12	14	-2.2813582499984477
12	14	-0.6562030000022787
12	14	-0.622109250001813
12	14	-0.6030155000007653
12	17	-1.6377337500016438
12	17	1.2971714999948745
12	18	-1.1254525000003923
12	19	-4.197012749998976
12	19	1.6480779999983497
12	20	-2.838451250001526
12	20	-2.8238887500010605
12	20	-1.5807334999990417
12	21	-2.578888749998441
12	21	-2.3612949999987904
12	21	-2.347014750001108
12	21	-2.3239522500007297
12	21	0.15885925000111456
12	23	-3.287326750003558
12	23	-0.5662652499995602
12	23	-0.5595465000005788
12	23	-0.550515250000899
12	23	-0.543327750001481
12	23	-0.5364527500023542
12	23	-0.4570152500018594
12	24	-2.939983000000211
12	25	-4.813326499999675
12	25	-4.793295249997755
12	25	-4.7895452499979
12	25	-3.8375139999989187
12	26	-3.1065454999989015
12	26	-3.10329549999733
12	27	-4.253826249998383
12	27	-4.101732499995705
12	27	-4.098201249995327
12	27	-1.5773272499973245
12	27	-1.5682022500004678
12	27	-1.5549522500004969
12	28	-5.139918500004569
12	28	-4.493700750001153
12	28	-2.642325750002783
12	28	-2.62723200000255
12	28	-2.621357000003627
12	28	0.9471409999969183
12	28	1.3112972499984608
12	28	1.3161097499978496
12	29	-3.793982999999571
12	29	-3.3617642499993963
12	29	-0.9386402500022086
12	29	-0.9104527500021504
12	31	-3.920795249996445
12	31	-3.204513999997289
12	31	-3.19867024999985
12	32	-4.753482750002149
12	32	-3.8102640000033716
12	32	-3.8057015000013052
12	32	-3.8032327500004612
12	32	-3.7974827500001993
12	32	-3.105201500002295
12	33	-0.21679600000061328
12	33	1.5816405000041414
12	34	-0.007108999998308718
12	34	0.971484749999945
12	35	-4.873763750001672
12	35	-4.846326250000857
12	35	-0.18304599999828497
12	35	1.808984250001231
12	36	1.3935472500015749
12	36	1.8282660000004398
12	36	1.8382972500003234
12	36	1.8445785000003525
12	36	1.8563285000018368
12	37	-2.254107999997359
12	38	-4.581169000000955
12	38	-4.569981500000722
12	38	-4.566106499998568
12	38	0.5178602500018314
12	38	1.0305467500002123
12	39	-0.4536709999993036
12	39	-0.4388897499993618
12	39	-0.4326710000023013
12	39	-0.42310850000285427
12	39	-0.41335850000177743
12	40	-2.2522652500010736
12	40	1.4891400000014983
12	41	-2.6539819999998144
12	43	-5.4033562500007974
12	43	-0.29101449999870965
12	44	-0.7557345000022906
12	46	-0.9851707500019984
12	47	-0.31182799999805866
12	47	1.4401709999983723
12	47	1.4463584999975865
12	47	1.452983499999391
12	47	1.4592334999979357
12	47	1.4655147499979648
12	47	1.4967647499979648
12	48	-5.957731999998941
12	48	-5.940919499997108
12	48	-1.0783277499976975
12	48	0.6848910000007891
12	49	1.633515500001522
12	50	-1.3817334999985178
12	50	0.08251650000238442
13	1	-5.5651072499967995
13	1	-5.504013499998109
13	1	-5.4511072499954025
13	1	-4.746669749994908
13	1	-4.487857249998342
13	1	-4.453138499997294
13	1	-4.1866072499979055
13	1	-3.0006082500003686
13	1	-2.184951999999612
13	1	-0.6666717499974766
13	1	-0.4267654999966908
13	1	0.002765750003163703
13	1	0.09010950000447338
13	1	0.11523450000458979
13	1	0.13345325000409503
13	1	0.14082825000150478
13	1	0.23964075000185403
13	1	0.2535470000038913
13	1	1.307733500001632
13	2	-5.808294750000641
13	2	-5.789732249999361
13	2	-5.773232250001456
13	2	-5.07232600000134
13	2	-5.05260724999971
13	2	-5.043669750000845
13	2	-4.991826000001311
13	2	-4.96910724999907
13	2	-4.934950999999273
13	2	-4.3687634999987495
13	2	-4.354513499998575
13	2	-4.342513499999768
13	2	-4.3336072499987495
13	2	-4.318326000000525
13	2	-4.2838572500004375
13	2	-4.2514822500015725
13	2	-4.230544750000263
13	2	-4.217388500001107
13	2	-4.197482250001485
13	2	-4.182169750001776
13	2	-4.160794750001514
13	2	-4.132826000000932
13	2	-4.099014499999612
13	2	-4.0825769999974
13	2	-4.063451999998506
13	2	-4.048233249999612
13	2	-4.0294832499967015
13	2	-3.9985457499969925
13	2	-3.9746082499987097
13	2	-3.929826999999932
13	2	-3.875451999996585
13	2	-3.8437332499997865
13	2	-3.8214207499986514
13	2	-3.79620199999772
13	2	-3.755170749998797
13	2	-3.727420749997691
13	2	-3.6919207499995537
13	2	-3.6545769999975164
13	2	-3.626076999997167
13	2	-3.5883894999969925
13	2	-3.562951999996585
13	2	-3.537951999998768
13	2	-3.5094207499969343
13	2	-3.4866082499975164
13	2	-3.468889499999932
13	2	-3.4521082499995828
13	2	-3.4318269999967015
13	2	-3.2909832499972254
13	2	-3.2274832499970216
13	2	-3.2033894999985932
13	2	-3.1690769999986514
13	2	-3.146108249999088
13	2	-3.1343269999997574
13	2	-3.1150144999992335
13	2	-3.078983249997691
13	2	-2.99317074999999
13	2	-2.971264499999961
13	2	-2.943389499996556
13	2	-2.916139499997371
13	2	-2.8934832499980985
13	2	-2.8473269999994955
13	2	-2.8102019999969343
13	2	-2.776639499999874
13	2	-2.7654207499981567
13	2	-2.723701999999321
13	2	-2.7200769999981276
13	2	-2.6549207499992917
13	2	-2.6005144999980985
13	2	-2.56201449999935
13	2	-2.539201999999932
13	2	-2.517295749999903
13	2	-2.4970144999970216
13	2	-2.4757332499975746
13	2	-2.4553894999990007
13	2	-2.3514519999989716
13	2	-2.2628269999986514
13	2	-2.198108249998768
13	2	-2.147326999998768
13	2	-2.106920749996789
13	2	-2.0713269999978365
13	2	-0.6101092499993683
13	2	1.0972022500027379
13	2	1.6935147500007588
13	2	1.8479210000004969
13	3	-5.4485127500011
13	3	-5.340606500001741
13	3	-4.0448887499987904
13	3	-4.0395449999996345
13	3	-4.032107499999256
13	3	-3.768732500000624
13	3	-0.3741085000001476
13	3	0.1702030000014929
13	3	1.4909217499989609
13	3	1.5746717500005616
13	3	1.6339530000004743
13	3	1.686453000002075
13	4	-5.050982500000828
13	4	-4.855701249998674
13	4	-4.275170000000799
13	4	-3.319295000001148
13	4	-2.890389750002214
13	4	-2.1775460000026214
13	4	-2.0438897500025632
13	4	-2.034421000000293
13	4	-1.6692335000007006
13	4	-1.552921000002243
13	4	-0.14295325000057346
13	4	-0.05257825000080629
13	4	0.060484249999717576
13	5	-4.761388500002795
13	5	-4.650388500002009
13	5	-4.472044750003988
13	5	-3.6813885000010487
13	5	-3.356545750000805
13	5	-3.0335144999990007
13	5	-2.6478270000006887
13	5	-2.4143582500000775
13	5	-2.2767019999992044
13	5	-2.093889499999932
13	5	-1.8378582500008633
13	5	-1.554420750002464
13	5	1.1112969999958295
13	5	1.3020469999974011
13	5	1.358765749995655
13	5	1.3872344999981578
13	5	1.4664835000003222
13	6	-5.5470757500006584
13	6	-5.259232000003976
13	6	-5.24685700000191
13	6	-5.240075750003598
13	6	-4.977638250002201
13	6	-4.74826424999992
13	6	-4.725920500000939
13	6	-3.0087642500002403
13	6	-2.65982675000123
13	6	-2.105921500002296
13	6	-2.090796500004217
13	6	-1.7625152500040713
13	6	-1.5510777500021504
13	6	-1.5052652500016848
13	6	-1.1380465000038384
13	6	-1.1297965000012482
13	6	-1.1243590000012773
13	6	-1.1183902500015392
13	6	-0.9037965000024997
13	6	0.9579212499993446
13	6	1.009358749997773
13	6	1.052952499998355
13	7	-5.03179425000053
13	7	-3.2758265000011306
13	7	-2.5256077500016545
13	7	-1.5706399999980931
13	7	-0.5777962499996647
13	7	-0.5693587499990826
13	7	0.05820375000257627
13	8	-5.522388249999494
13	8	-4.464169499999116
13	8	-2.955170499997621
13	8	-2.74538924999797
13	8	-2.7321392499979993
13	8	-2.5147329999999783
13	8	-0.835265249999793
13	8	-0.475890249999793
13	8	0.01229724999939208
13	8	1.6112035000005562
13	8	1.6670149999990826
13	8	1.6955775000024005
13	8	1.9190774999988207
13	9	-5.8000752500011
13	9	-5.05891899999915
13	9	-5.046481500001391
13	9	-4.756137750002381
13	9	-3.726295000000391
13	9	-3.4181700000008277
13	9	-2.5751387499985867
13	9	-2.275201249998645
13	9	-2.2705449999994016
13	9	-1.8958272500021849
13	9	-1.6068272500015155
13	9	0.07392274999801884
13	9	0.13486025000020163
13	9	1.1443592499999795
13	9	1.663734249999834
13	9	1.6897654999993392
13	9	1.70979675000126
13	9	1.7221405000018422
13	9	1.741953000000649
13	9	1.7552654999999504
13	9	1.7668592500012892
13	9	1.7783280000003288
13	9	1.7944530000022496
13	10	-5.135106749999977
13	10	-4.480326499997318
13	10	-4.0934514999971725
13	10	-3.142013999997289
13	10	-2.643982749996212
13	10	-1.7755774999968708
13	10	-0.6351712499963469
13	10	-0.6127649999943969
13	10	-0.5508274999956484
13	10	-0.5425462499952118
13	10	-0.18879624999681255
13	10	1.1117340000018885
13	10	1.77123400000346
13	11	-5.725825249999616
13	11	-5.140201250003884
13	11	-4.8814512500030105
13	11	-4.070763750001788
13	11	-3.4732325000040873
13	11	-3.254263750004611
13	11	-3.18217000000368
13	11	-3.0785137500024575
13	11	-3.0742950000021665
13	11	-2.3781085000009625
13	11	-2.1823585000020103
13	11	-1.548389750001661
13	11	-1.48454600000332
13	11	-1.4672960000025341
13	11	-1.1479522500012536
13	11	-1.0317960000029416
13	11	-0.5233585000023595
13	11	-0.24145325000426965
13	11	0.5331092499945953
13	11	0.6121717499954684
13	11	0.6222342499968363
13	11	0.632484249996196
13	11	0.6517967499967199
13	11	0.70135924999704
13	11	0.7098592499969527
13	11	1.0692342499969527
13	11	1.894609249997302
13	12	-5.605888750000304
13	12	-4.884076250000362
13	12	-4.637982500000362
13	12	-2.9056709999968007
13	12	-2.2425147499998275
13	12	-2.2398584999973536
13	12	-1.3870459999998275
13	13	-4.729044499996235
13	13	-4.453295499999513
13	13	-3.5033579999981157
13	13	-2.5882329999985814
13	13	-2.5827017500014335
13	13	-1.3851714999982505
13	13	-0.23442149999755202
13	13	0.18304725000052713
13	13	0.19354725000084727
13	13	1.0424837499995192
13	13	1.6780775000006543
13	13	1.9430462499985879
13	14	-5.735107250002329
13	14	-5.707763500002329
13	14	-4.682232250001107
13	14	-4.580919750002067
13	14	-4.015075999999681
13	14	-3.4620135000004666
13	14	-2.6766082499998447
13	14	-2.5667957499972545
13	14	-2.023795749999408
13	14	-0.6767342500024824
13	14	-0.674734250002075
13	14	-0.6603905000010855
13	14	-0.6495155000011437
13	14	-0.6468280000008235
13	14	-0.6190779999997176
13	14	0.48114074999830336
13	14	1.6634835000004387
13	14	1.8103584999989835
13	15	-5.319044750001922
13	15	-3.880826000004163
13	15	-3.760982250001689
13	15	-3.7581697500027076
13	15	-2.6474832500025514
13	15	-2.0219207500013
13	15	-2.0041082500029006
13	15	-1.9522957500012126
13	15	-1.9428582500004268
13	15	-1.9318582500018238
13	15	-1.909170750001067
13	15	-1.775420750000194
13	15	-1.457483250000223
13	15	0.14720324999507284
13	15	0.283734499997081
13	15	0.30995324999821605
13	15	0.3150157499985653
13	15	0.8726094999983616
13	16	-5.156950750002579
13	16	-1.9793580000005022
13	16	-1.3736392499995418
13	16	-0.021702750003896654
13	16	-0.01279650000287802
13	16	0.15004724999744212
13	16	0.9029847499987227
13	16	0.9913597499980824
13	16	1.1396097499964526
13	16	1.4506409999958123
13	16	1.6738284999955795
13	17	-5.436794250003004
13	17	-5.246795250004652
13	17	-3.406514000002062
13	17	-2.369171250000363
13	17	-2.3648900000007416
13	17	-0.8344837500007998
13	17	-0.824640000002546
13	17	-0.3642337500023132
13	17	-0.3474525000019639
13	17	-0.2752650000002177
13	17	-0.2713587500002177
13	17	-0.26795250000213855
13	17	1.81070274999729
13	18	-4.736045249999734
13	18	-4.562451499998133
13	18	-4.049607749999268
13	18	-3.1322015000005194
13	18	-1.3555150000029244
13	18	-1.3067650000011781
13	18	-1.1880775000026915
13	18	-0.902046250001149
13	18	-0.6697962500002177
13	18	-0.27860974999930477
13	18	0.08717149999938556
13	18	1.6021402500009572
13	19	-5.773731499997666
13	19	-5.660293999997521
13	19	-5.546544000000722
13	19	-5.483731500000431
13	19	-4.206793999997899
13	19	-3.1804824999999255
13	19	-3.1404199999997218
13	19	-3.0411700000004203
13	19	-2.4817637500018463
13	19	-1.0175772500006133
13	19	-0.7082022499998857
13	19	-0.4630147499992745
13	19	-0.4379210000006424
13	19	-0.4138897499979066
13	19	-0.38279599999805214
13	19	-0.35267100000055507
13	19	-0.3307959999983723
13	20	-5.864700249996531
13	20	-4.099419999998645
13	20	-3.7590449999988778
13	20	-2.843482500000391
13	20	-2.835951249999198
13	20	-2.251733499997499
13	20	-1.8440147499968589
13	20	-1.8276709999990999
13	20	-1.8154834999986633
13	20	-1.152514749999682
13	20	-0.25017099999968195
13	20	0.7225780000044324
13	20	1.4732342500028608
13	21	-5.528793999998015
13	21	-3.579576249998354
13	21	-3.3722012499965786
13	21	-2.375419999996666
13	21	-2.328514749999158
13	21	-1.515795999999682
13	21	-0.9869834999990417
13	21	-0.29485850000128266
13	21	0.07511024999985239
13	21	1.5654842500007362
13	21	1.9968592500008526
13	22	-5.972106999997777
13	22	-4.84657574999801
13	22	-4.657357000000047
13	22	-4.386607000000367
13	22	-3.554983000001812
13	22	-3.1106705000020156
13	22	-2.3464517499996873
13	22	-2.0579205000030925
13	22	-1.5731090000008408
13	22	-0.7571089999983087
13	22	1.941108749997511
13	23	-5.781200749999698
13	23	-4.521544499999436
13	23	-3.9327017500036163
13	23	-3.906764250001288
13	23	-3.841670500001783
13	23	-3.465170500003296
13	23	-3.460951750003005
13	23	-0.5293277500022668
13	23	-0.08726525000020047
13	23	-0.03954650000014226
13	23	0.42476600000009057
13	23	1.4881087499998102
13	23	1.8225149999998393
13	24	-4.261420499999076
13	24	-4.245358000000124
13	24	-3.1483579999985523
13	24	-2.949108000000706
13	24	-2.3745142500010843
13	24	-2.0546090000025288
13	24	-1.0387652500030526
13	24	0.8441087499995774
13	24	1.3512962499989953
13	25	-5.41601300000184
13	25	-5.237450500000705
13	25	-5.230794250001054
13	25	-5.224481749999541
13	25	-4.796670249997987
13	25	-4.207388999999239
13	25	-4.171451499998511
13	25	-3.833013999999821
13	25	-2.3594525000007707
13	25	-2.32648374999917
13	25	-1.1977025000014692
13	25	-0.3863899999996647
13	25	0.20285900000089896
13	25	0.22776525000153924
13	25	0.2860777499990945
13	25	0.307608999999502
13	25	1.0472652499993274
13	26	-4.8393257499956235
13	26	-4.020919499995216
13	26	-3.2662319999981264
13	26	-3.169107999998232
13	26	-3.158920499998203
13	26	-2.2064517500002694
13	26	-1.328014249997068
13	26	-0.7327017499992508
13	26	-0.325702749996708
13	26	-0.31445274999714456
13	26	-0.08207774999755202
13	26	0.9742660000047181
13	26	0.9974222500022734
13	26	1.5566722500043397
13	26	1.6587347500026226
13	27	-5.920043999998597
13	27	-5.104763749997801
13	27	-5.049326249998558
13	27	-5.044232499996724
13	27	-5.041169999996782
13	27	-4.645357499997772
13	27	-4.595732499998121
13	27	-4.118794999998499
13	27	-4.103857499998412
13	27	-4.087388749998354
13	27	-4.080326249997597
13	27	-3.4921699999977136
13	27	-2.9758887499956472
13	27	-2.650983499999711
13	27	-1.5250147499973536
13	27	-1.3957022499998857
13	27	-1.3220772499989835
13	27	-0.3170147499986342
13	27	-0.14298349999808124
13	27	0.4481092500027444
13	27	0.5588592500025698
13	27	1.0221405000011146
13	27	1.1032655000017257
13	27	1.4086405000016384
13	27	1.4338280000010855
13	27	1.4418592500041996
13	27	1.4584217500014347
13	28	-5.824981000005209
13	28	-5.532043500003056
13	28	-5.422324750004918
13	28	-3.62557575000028
13	28	-3.3632632500011823
13	28	-3.259075750000193
13	28	-2.726732000002812
13	28	-2.6018882500029576
13	28	-2.5699820000008913
13	28	-1.8621705000041402
13	28	-1.8513892500050133
13	28	-1.7632017500036454
13	28	-0.4800767500055372
13	28	-0.273951750004926
13	28	0.8292972499984899
13	28	1.260953499997413
13	28	1.2676097499970638
13	28	1.2754222499970638
13	28	1.2849534999986645
13	28	1.2920472499972675
13	28	1.5440784999991592
13	28	1.9037659999994503
13	29	-5.661544500002492
13	29	-5.530575750002754
13	29	-3.4172017500022775
13	29	-2.5861705000024813
13	29	-2.437795500001812
13	29	-1.7712965000027907
13	29	-1.409577750004246
13	29	-1.1653902500038384
13	29	0.21482849999665632
13	29	1.5539524999985588
13	30	-4.36542025000017
13	30	-3.896045249999588
13	30	-3.852357749998191
13	30	-3.6784514999999374
13	30	-3.4262952499993844
13	30	-2.91139000000112
13	30	-2.0008587500014983
13	30	-0.6025149999986752
13	30	-0.49773375000222586
13	30	0.04914025000107358
13	30	0.3124215000025288
13	30	1.8010777500021504
13	30	1.8307965000021795
13	30	1.8465465000008408
13	30	1.8777965000008408
13	31	-5.99004425000021
13	31	-5.954981750001025
13	31	-5.836137999998755
13	31	-5.338170249997347
13	31	-5.012013999999908
13	31	-4.969701499998337
13	31	-4.878513999996358
13	31	-3.9180764999982785
13	31	-3.9117327499989187
13	31	-3.799826499998744
13	31	-3.621482749997085
13	31	-2.9838274999965506
13	31	-2.475327499996638
13	31	-1.971733749996929
13	31	-1.8472024999973655
13	31	-1.4909837499981222
13	31	-0.8180462499949499
13	31	0.04548400000203401
13	31	0.565733999999793
13	31	0.6385465000021213
13	32	-5.337764000003517
13	32	-5.068014000000403
13	32	-4.823264000002382
13	32	-3.787795250002091
13	32	-3.4031702500033134
13	32	-3.3960765000010724
13	32	-3.200201500003459
13	32	-3.197451500003808
13	32	-3.171107750000374
13	32	-2.3390775000007125
13	32	-1.3675775000010617
13	32	-1.208796250000887
13	32	-0.6537649999991118
13	32	0.09685899999749381
13	32	0.7587652499969408
13	32	1.1211089999960677
13	32	1.1263277499965625
13	32	1.5480777499979013
13	32	1.8834214999988035
13	32	1.8870464999963588
13	32	1.8932652499970573
13	33	-4.5171064999995
13	33	-4.279481499997928
13	33	-2.7485137499970733
13	33	-2.3167949999988195
13	33	-2.2666387499957636
13	33	-1.4158585000004678
13	33	-1.3527334999998857
13	33	-1.2092334999979357
13	33	-1.121170999998867
13	33	-0.4698897499984014
13	33	-0.21167100000093342
13	33	-0.2091709999986051
13	33	0.617735250001715
13	33	0.8379540000023553
13	33	1.5506092500036175
13	33	1.5597967500034429
13	33	1.5687967500016384
13	34	-5.3543872499976715
13	34	-5.099044499998854
13	34	-4.961950749999232
13	34	-4.958607000000484
13	34	-3.757669499998883
13	34	-3.244388250001066
13	34	-2.4913892499971553
13	34	-2.422920499997417
13	34	-1.961232999998174
13	34	-1.844670499998756
13	34	-1.18801424999765
13	34	-0.7475767499963695
13	34	-0.5948267499989015
13	34	-0.5887017499990179
13	34	0.0028285000007599592
13	34	0.47395350000078906
13	34	0.9435784999986936
13	34	0.9553909999995085
13	34	1.245641000001342
13	35	-5.608387749998656
13	35	-5.5762002499977825
13	35	-5.075076249999256
13	35	-4.881482500000857
13	35	-4.8629512500010605
13	35	-3.5755137500018463
13	35	-2.847044999998616
13	35	-2.138858499998605
13	35	-1.2837334999967425
13	35	-1.138545999998314
13	35	-0.8426709999985178
13	35	-0.7858584999994491
13	35	0.20770300000003772
13	35	0.6814217499995721
13	35	1.769828000000416
13	35	1.863046750000649
13	36	-5.102450750000571
13	36	-4.787607000002026
13	36	-3.3208257500009495
13	36	-2.563826749999862
13	36	-2.3492642499986687
13	36	-2.3285767499983194
13	36	-1.6335455000007642
13	36	-1.615326750001259
13	36	-0.6338892499989015
13	36	-0.2311714999996184
13	36	0.543234750002739
13	37	-4.365013249996991
13	37	-3.947106999996322
13	37	-3.8027642499982903
13	37	-2.0769204999960493
13	37	-1.6173579999995127
13	37	-1.430046499994205
13	37	-1.4092964999945252
13	37	-0.8663589999960095
13	37	-0.4672652499975811
13	37	0.5835160000024189
13	37	1.0978900000009162
13	37	1.7276400000009744
13	38	-4.881481500000518
13	38	-4.578575249997812
13	38	-4.0142637500030105
13	38	-3.322388750002574
13	38	-3.046388750000915
13	38	-2.5874825000028068
13	38	-1.9153575000018463
13	38	-1.871326250002312
13	38	-1.675545999998576
13	38	-1.3972022499983723
13	38	-0.45151474999875063
13	38	0.4989227500009292
13	38	0.986202999996749
13	38	1.4371092499968654
13	38	1.8035779999991064
13	38	1.9995154999996885
13	39	-4.557575250000809
13	39	-4.010638750001817
13	39	-3.512888750003185
13	39	-2.5220762500030105
13	39	-0.46335850000104983
13	39	1.5499530000015511
13	39	1.9283592499996303
13	40	-5.675481999998738
13	40	-4.843825749998359
13	40	-4.838450750001357
13	40	-4.512857999998232
13	40	-4.485607999999047
13	40	-4.264076749997912
13	40	-3.0537017499991634
13	40	-2.8934204999968642
13	40	-2.2774214999990363
13	40	-2.0310152499987453
13	40	-1.6992964999990363
13	40	-1.1659214999999676
13	40	-0.3342027500002587
13	41	-5.86513725000259
13	41	-5.620699750001222
13	41	-5.012169499997981
13	41	-4.287856999999349
13	41	-3.880107000000862
13	41	-3.22670074999769
13	41	-3.153919500000484
13	41	-1.7224205000020447
13	41	-1.5721080000002985
13	41	0.023390999998810003
13	41	0.2327972499988391
13	41	0.4958909999986645
13	41	0.6986097500011965
13	41	1.6249222500009637
13	41	1.6557035000005271
13	42	-5.421637750005175
13	42	-5.088857500002632
13	42	-4.878357500001584
13	42	-3.710045000003447
13	42	-3.2015450000035344
13	42	-2.7213585000026796
13	42	-2.307327250000526
13	42	-2.1955147500011662
13	42	-2.057764750003116
13	42	-1.2825772500000312
13	42	-0.8206710000013118
13	42	-0.3707970000032219
13	42	0.5311092499978258
13	42	0.94745299999704
13	42	1.329546749995643
13	42	1.513234249996458
13	42	1.6057029999974475
13	42	1.8047967499951483
13	43	-5.916231250001147
13	43	-5.888293749998411
13	43	-5.365074999997887
13	43	-5.271512499999517
13	43	-5.229731249997712
13	43	-5.201512499999808
13	43	-4.9102947500032315
13	43	-4.3324822499998845
13	43	-3.8898260000023583
13	43	-3.453326000002562
13	43	-3.082513500001369
13	43	-1.7872019999995246
13	43	-1.4558582499994372
13	43	-0.7386707500008924
13	43	-0.7214207500001066
13	43	-0.7075457499995537
13	43	-0.6954207499984477
13	43	-0.6778582500010089
13	43	-0.6368269999984477
13	43	-0.5524207499984186
13	43	0.055265749997488456
13	43	0.06520324999655713
13	43	0.07460949999949662
13	43	0.5659844999972847
13	43	1.5902032499980123
13	44	-5.893356500000664
13	44	-4.890107500003069
13	44	-4.821701250002661
13	44	-2.905889749999915
13	44	-2.412796000000526
13	44	0.0825154999984079
13	44	0.22745299999587587
13	44	0.4191404999983206
13	44	1.1095154999966326
13	45	-5.689481249999517
13	45	-5.628512499999488
13	45	-5.089481250000972
13	45	-4.612168749998091
13	45	-4.30157600000166
13	45	-3.7238260000012815
13	45	-3.6761385000027076
13	45	-3.456201000000874
13	45	-2.7015135000001465
13	45	-2.365638500003115
13	45	-1.7995144999986223
13	45	-1.0728582500014454
13	45	-0.900420750000194
13	45	0.1517042500017851
13	45	0.4273594999976922
13	45	0.8253907499965862
13	45	1.6640469999983907
13	45	1.6735157499970228
13	45	1.7066719999966153
13	46	-5.3282635000032315
13	46	-4.803513500002737
13	46	-4.68170100000134
13	46	-3.9317635000043083
13	46	-3.4553885000023
13	46	-2.897327000002406
13	46	-2.623608249999961
13	46	-1.889952000001358
13	46	-1.115889500000776
13	46	-0.23107800000434509
13	46	0.5390469999983907
13	46	1.2732344999967609
13	46	1.8358282499975758
13	46	1.9503907499965862
13	47	-4.718388499997673
13	47	-3.3914519999998447
13	47	-2.5050457500001357
13	47	-2.39551449999999
13	47	-2.391983249999612
13	47	-2.1335457500026678
13	47	-1.9116082500004268
13	47	-1.6234207500019693
13	47	-0.2912342499985243
13	47	-0.2879842500005907
13	47	0.12670324999999139
13	47	0.13714075000098092
13	47	0.14885950000098092
13	47	0.3009532500000205
13	47	1.4710459999987506
13	47	1.480639749999682
13	48	-5.9103569999970205
13	48	-5.757325749997108
13	48	-4.689169499997661
13	48	-4.642700749998767
13	48	-4.582606999996642
13	48	-2.9912954999999783
13	48	-1.7244517500002985
13	48	-0.7547652499961259
13	48	1.5832337499996356
13	49	-5.9484190000002855
13	49	-4.1989825000018755
13	49	-4.18057625000074
13	49	-1.8232950000019628
13	49	-1.3201085000000603
13	49	-0.8668584999977611
13	49	-0.6131709999972372
13	49	-0.12592099999892525
13	49	1.1070780000045488
13	49	1.157578000002104
13	50	-5.60023149999688
13	50	-4.986606499998743
13	50	-4.1584824999954435
13	50	-2.2105137499966077
13	50	-2.191513749996375
13	50	-1.6842335000001185
13	50	-1.408889750000526
13	50	-1.3424209999975574
13	50	-1.0150460000004387
13	50	-0.41957724999883794
13	50	-0.020670999998401385
13	50	0.12111025000194786
13	50	0.20592274999944493
13	50	1.034515500003181
13	50	1.553234250000969
13	50	1.8909530000019004
14	1	1.3241397500023595
14	1	1.3281710000010207
14	2	1.0826397500022722
14	2	1.0886085000020103
14	2	1.0974522500000603
14	2	1.5827647500009334
14	2	1.7165459999996528
14	2	1.8465772500021558
14	2	1.8598897500014573
14	3	-5.747012750001886
14	3	-4.055701249999402
14	3	-4.035482499999489
14	3	-0.37348349999956554
14	3	-0.3710460000002058
14	3	-0.0970469999992929
14	3	1.8677342500013765
14	4	-5.847825250002643
14	4	-5.837012750002032
14	4	-3.2647637499976554
14	4	-3.2379199999995762
14	4	-3.119639750002534
14	4	-2.3783272500004387
14	4	-1.2326710000015737
14	4	0.07932799999980489
14	5	-5.47473225000067
14	5	-1.914108249999117
14	5	-1.8404207499988843
14	5	-1.837202000002435
14	5	-1.8227645000006305
14	5	-1.8201707500011253
14	5	-1.5532957499999611
14	5	-0.12232800000128918
14	5	-0.11879675000091083
14	5	0.7396094999967318
14	5	0.7430157499984489
14	6	-5.257388250003714
14	6	-5.25485700000354
14	6	-4.744201749999775
14	6	-4.726951749998989
14	6	-2.1082340000029944
14	6	-1.524827750003169
14	6	-1.3173902500020631
14	6	-1.0997340000030817
14	6	-0.21742150000136462
14	6	1.1222962499996356
14	7	-2.431701500001509
14	7	-0.8798274999971909
14	7	-0.8749524999984715
14	7	-0.5784837499995774
14	8	-2.7558892499982903
14	8	-2.7499204999985523
14	8	-2.746076749997883
14	8	-2.726139250000415
14	8	0.09357850000014878
14	8	0.26195349999761675
14	9	-5.064981499999703
14	9	-5.054419000000053
14	9	-5.038325249999616
14	9	-3.726295000000391
14	9	-1.9073897500020394
14	9	-1.8988585000006424
14	9	-0.48842100000183564
14	9	1.1495155000011437
14	9	1.156546750000416
14	10	-5.740138000001025
14	10	-5.297825499997998
14	10	-4.498607749996154
14	10	-4.4926702499979
14	10	-4.491076499998599
14	10	-4.480013999997027
14	10	-3.150951499996154
14	10	-3.1466077499972016
14	10	-2.645107749998715
14	10	-1.9572024999943096
14	10	-1.9523587499970745
14	10	-0.6688274999942223
14	10	-0.6280149999947753
14	10	-0.5560462499961432
14	10	-0.5507649999963178
14	10	-0.5476712499948917
14	10	0.13717150000229594
14	10	0.14360900000247057
14	11	-3.124701250002545
14	11	-3.1180137500050478
14	11	-2.7110460000003513
14	11	1.7684529999969527
14	11	1.9530467499971564
14	12	-4.081232500000624
14	12	-4.0718262500013225
14	12	-4.062513749999198
14	12	-4.051982500001031
14	12	-4.039201250001497
14	12	-4.009795000001759
14	12	-3.9973262499988778
14	12	-3.8431700000001
14	12	-3.013827249997121
14	12	-0.8527345000002242
14	13	-3.938014250001288
14	13	-3.748139250001259
14	13	-3.5020142499997746
14	13	-2.877795500000502
14	13	-2.6206080000010843
14	13	-2.2590767500005313
14	13	-2.2368892499980575
14	13	-2.205795499998203
14	13	-1.3922339999990072
14	13	0.1704535000026226
14	13	0.1773285000017495
14	13	0.18704725000134204
14	13	1.3564837500016438
14	14	-5.493232249998982
14	14	-2.674295749999146
14	14	-2.3043582499994955
14	14	-2.038076999997429
14	14	-2.034764500000165
14	14	-0.6624217499993392
14	14	-0.6523904999994556
14	14	-0.6483592500007944
14	14	-0.6416092500003288
14	14	-0.0973904999991646
14	15	-4.387982250002096
14	15	-3.7804822500038426
14	15	-3.7712947500040173
14	15	-3.767982250003115
14	15	-3.7657947500010778
14	15	-3.0904197500021837
14	15	-2.8948270000000775
14	15	-2.0731707500017365
14	15	-2.0452020000011544
14	15	-1.9948270000022603
14	15	-1.1950770000003104
14	15	-1.1319519999997283
14	15	-1.0472957500023767
14	15	-0.948639500002173
14	15	-0.8713270000007469
14	15	0.3073282499972265
14	15	0.30985949999740114
14	15	0.31220324999594595
14	15	0.3150469999964116
14	16	-5.0832632500023465
14	16	-3.772138250002172
14	16	-3.487325750003947
14	16	-2.775450750003074
14	17	-2.5942337500018766
14	17	-2.373171250001178
14	17	-2.2418587500033027
14	17	-1.6406712500029244
14	17	-1.6308900000003632
14	17	-1.3282962500015856
14	17	-1.3178900000020803
14	17	-1.3060150000019348
14	17	-1.295452500002284
14	17	-1.2822025000023132
14	17	-1.2501712500015856
14	17	-1.2004837500026042
14	17	-1.1909212500031572
14	17	-1.152671250001731
14	17	-1.1012025000018184
14	17	-1.0675150000024587
14	17	-1.0177650000005087
14	17	-0.9600774999998976
14	17	-0.8277650000018184
14	17	-0.8222650000025169
14	17	-0.7245775000010326
14	17	-0.6390774999999849
14	17	-0.5777025000024878
14	17	-0.5541087500023423
14	17	-0.41251499999998487
14	17	-0.33376500000304077
14	17	-0.31617125000047963
14	17	-0.20129725000515464
14	17	-0.18814100000236067
14	17	-0.15473475000544568
14	17	-0.12626600000294275
14	17	-0.09745350000230246
14	17	-0.07545350000509643
14	17	-0.014172250004776288
14	17	0.005733999994845362
14	17	0.04254649999711546
14	17	0.09789024999554385
14	17	0.11754649999784306
14	17	0.32679649999772664
14	17	0.5119527499955439
14	17	0.5482339999980468
14	17	0.6164839999946707
14	17	0.6542652499956603
14	17	0.6967027499958931
14	17	0.7796402499952819
14	17	0.8478589999976975
14	17	1.002827749995049
14	17	1.0419527499980177
14	17	1.2938902499954565
14	17	1.745827749997261
14	17	1.7707964999972319
14	17	1.8009839999976975
14	18	-4.881357750000461
14	18	-1.7600462500013236
14	18	-1.7498275000034482
14	18	-0.44539000000077067
14	19	-4.206825249999383
14	19	-3.052451250001468
14	19	-3.0352325000021665
14	19	-3.031357500000013
14	19	-0.19220225000026403
14	19	-0.14917100000093342
14	19	1.6384842499974184
14	19	1.643077999997331
14	19	1.6454217499995138
14	19	1.6493279999995138
14	20	-0.8841397500000312
14	20	1.8126717500017548
14	20	1.8157030000038503
14	21	-3.3674512499965203
14	21	-2.586982499997248
14	21	-2.5787949999976263
14	21	-2.240327250001428
14	21	-1.5407647499996528
14	21	-1.5347335000005842
14	21	-1.533077249998314
14	21	-1.5201710000001185
14	21	0.2989842500028317
14	21	0.30195300000195857
14	21	1.5823592500019004
14	22	-3.5555767500009097
14	22	-2.5832330000012007
14	23	-5.4603257500020845
14	23	-3.4667330000011134
14	23	-3.0546080000021902
14	23	-2.2416080000039074
14	24	-1.867952750002587
14	24	-1.8302652500024124
14	24	-1.6815464999999676
14	24	-1.6477965000012773
14	24	0.905952500001149
14	25	-5.974825500001316
14	25	-4.8039827499997045
14	25	-4.788170249998075
14	25	-3.8294514999979583
14	25	-3.4543577499971434
14	25	-3.00560774999758
14	25	-2.6542952499985404
14	25	-2.332983750002313
14	25	-2.329046250000829
14	25	-0.8838587499994901
14	25	0.2203589999990072
14	25	0.28404650000084075
14	25	0.3000777500019467
14	25	0.30367150000165566
14	26	-4.164763249995303
14	26	-3.6285132499979227
14	26	-3.6094819999962056
14	26	-3.115107999998145
14	26	-3.0967954999978247
14	27	-5.377200249997259
14	27	-5.046669999996084
14	27	-4.105701249998674
14	27	-4.101294999996753
14	27	-3.7809199999974226
14	27	-2.740044999998645
14	27	-2.0284834999984014
14	27	-2.025045999998838
14	27	-2.019889749997674
14	27	-2.0128584999984014
14	27	-1.1094209999973828
14	27	-1.0912959999986924
14	27	-1.0623897499972372
14	28	-5.132606000002852
14	28	-3.3572945000014442
14	28	0.28307849999691825
14	28	0.2876409999989846
14	28	0.2902972499978205
14	28	0.947422249999363
14	28	0.949578499996278
14	28	0.9516722499975003
14	30	-5.681575499998871
14	30	-5.216451499996765
14	30	-4.886201499997696
14	30	-4.847857749999093
14	30	-4.825201499999821
14	30	-4.775670249997347
14	30	-4.721732750000228
14	30	-3.073263999998744
14	30	-2.8529837499991118
14	30	-2.1614525000004505
14	30	-2.1506399999998393
14	30	-0.6013587500019639
14	30	-0.5251400000015565
14	30	-0.5205774999994901
14	30	-0.5167962500017893
14	30	-0.5151712500010035
14	30	-0.5050149999988207
14	30	-0.48804625000047963
14	30	1.117140250000375
14	31	-5.958387999999104
14	31	-5.387013999999908
14	31	-5.3704827499968815
14	31	-5.328201499996794
14	31	-3.204638999999588
14	31	-3.200420249999297
14	31	-2.4681712499950663
14	31	-2.465858749998006
14	31	1.971639250004955
14	32	-5.317389000003459
14	32	-4.916201500003808
14	32	-3.4113890000007814
14	32	-3.1127015000020037
14	32	-1.2146712499998102
14	32	1.902077749997261
14	33	-4.230012749998423
14	33	-2.6162324999968405
14	33	-1.9109199999984412
14	33	-1.8563262499956181
14	33	-0.20592100000067148
14	33	0.3672665000012785
14	34	-5.097232000000076
14	34	-4.958388250001008
14	34	-3.752294499998243
14	34	-0.006609000000025844
14	34	0.004453500001545763
14	34	1.2281409999995958
14	35	-5.818137749996822
14	35	-3.4437637500013807
14	35	-3.203451249999489
14	35	-2.0742334999995364
14	35	1.0172654999987572
14	35	1.0267342500010272
14	36	-1.631483000001026
14	36	-1.6284205000010843
14	36	-1.6194829999985814
14	36	-0.6082017500011716
14	36	-0.5617339999989781
14	36	1.3122660000008182
14	36	1.3237972500028263
14	36	1.3876410000011674
14	37	-4.507013249996817
14	37	-2.670420499998727
14	38	-5.930168999999296
14	38	-4.873918999997841
14	38	-4.853606500000751
14	38	-2.391576250000071
14	38	-1.9169825000026322
14	38	-1.9095137500007695
14	38	-1.9069200000012643
14	38	-1.8824825000010605
14	38	-1.868138750000071
14	38	-1.865670000002865
14	38	0.7533602500006964
14	38	0.770485249999183
14	38	0.7894227500000852
14	38	0.8694217499978549
14	38	0.8799217499981751
14	38	1.9233279999971273
14	39	-5.320700250002119
14	39	-5.069012750002003
14	39	-2.779232500004582
14	39	-2.7752637500016135
14	39	-2.3989200000032724
14	39	-1.8813585000025341
14	39	-1.856983500001661
14	39	-1.8357647500015446
14	39	-1.7861085000004095
14	39	-1.558452249999391
14	39	-0.7724522499993327
14	39	-0.7541710000004969
14	39	-0.7432647500027088
14	39	-0.6809210000028543
14	40	-3.9601704999986396
14	40	-2.2394840000015392
14	40	-2.235358999998425
14	40	-0.3264840000010736
14	40	-0.3200777499987453
14	40	-0.3170777500017721
14	40	-0.31348399999842513
14	41	-5.753199750000931
14	41	-4.422544500001095
14	41	-4.385294499999873
14	41	-2.659169499998825
14	41	0.009859750000032363
14	42	-5.934262750004564
14	42	-5.4252940000042145
14	42	-5.422137750003458
14	42	-5.419325250004476
14	42	-4.529795000002196
14	42	-4.510513750003156
14	42	-4.501482500003476
14	42	-1.760139750000235
14	42	-1.7577647500002058
14	42	0.3628904999968654
14	42	1.2835154999957012
14	42	1.4526717499975348
14	42	1.799640499997622
14	42	1.8028279999962251
14	42	1.812890499997593
14	43	-3.3003260000004957
14	43	-3.0797322500002338
14	43	-1.6213895000000775
14	43	-0.7048895000007178
14	43	-0.2850457499989716
14	43	0.054515749998245155
14	43	0.059328249997633975
14	43	0.06948449999981676
14	43	0.07335949999833247
14	43	0.6891094999991765
14	43	1.7149219999992056
14	43	1.7624844999991183
14	43	1.8699219999980414
14	43	1.879234499996528
14	44	-5.138732500003243
14	44	-4.996013750002021
14	44	-4.165013750003709
14	44	-2.6124522499994782
14	44	0.1917654999961087
14	45	-1.749201999999059
14	45	0.12411050000082469
14	45	0.2576105000007374
14	45	1.0248594999975467
14	46	-3.6447010000010778
14	46	-2.6101707500019984
14	46	-1.1246082500001648
14	46	-1.1201707500003977
14	46	-1.1183894999994664
14	46	-1.1075457500010089
14	47	-3.568483250001009
14	47	-3.3854520000022603
14	47	-2.190295750002406
14	47	-2.1619832500000484
14	47	-2.056483250002202
14	47	-1.914108250002755
14	47	-0.3042967500005034
14	47	0.13607825000144658
14	47	0.9338907500023197
14	47	1.1815782500016212
14	48	-5.922544499997457
14	48	-5.909294499997486
14	48	-3.191608000000997
14	48	-2.4594204999993963
14	48	-2.0193892499992216
14	48	-2.017045500000677
14	48	-2.0139204999977665
14	48	-0.8715152499971737
14	48	-0.3632652499982214
14	49	-5.704856499996822
14	49	-5.698950250000053
14	49	-5.695418999999674
14	49	-4.766012749998481
14	49	-4.763762749997113
14	49	-4.332668999999441
14	49	-4.092576250001002
14	49	-3.5202012500012643
14	49	-1.4394834999984596
14	49	-0.8901397499976156
14	49	-0.8728584999989835
14	49	-0.16395224999723723
14	49	-0.14373349999732454
14	50	-4.813731499998539
14	50	-3.8181387499971606
14	50	-0.7067022499977611
15	1	-4.501232249996974
15	1	-4.351013499996043
15	1	-4.22820099999808
15	1	-2.0868269999991753
15	1	-1.9209520000003977
15	1	-1.3856092499954684
15	1	-1.3672029999979713
15	1	-0.9883279999958177
15	1	-0.9112967499968363
15	1	-0.8389529999985825
15	1	-0.7668592499976512
15	1	-0.7374842499957595
15	1	-0.6473279999954684
15	1	-0.5300467499982915
15	1	-0.1916717499952938
15	1	-0.18104674999631243
15	1	0.1558282500045607
15	1	0.19148450000284356
15	1	0.6846720000030473
15	1	1.184389750000264
15	1	1.1973585000014282
15	1	1.209577249999711
15	1	1.2209522500015737
15	1	1.2354210000012245
15	1	1.3295772500023304
15	1	1.3482960000001185
15	1	1.8231397500021558
15	2	-4.7526072500004375
15	2	-4.7267009999995935
15	2	-4.684857249998458
15	2	-4.679794750001747
15	2	-4.678169750000961
15	2	-4.673607249998895
15	2	-4.183919750001223
15	2	-3.4891082499998447
15	2	-3.4613582499987388
15	2	-3.0424207500000193
15	2	-3.0281707499998447
15	2	-3.000670749999699
15	2	-2.9860769999977492
15	2	-0.5725467500014929
15	2	-0.11104675000024145
15	2	0.33639074999882723
15	2	0.6333907500011264
15	2	0.9932960000005551
15	2	1.021046000001661
15	2	1.0267647500004387
15	2	1.0647960000023886
15	2	1.0852335000017774
15	2	1.088171000003058
15	2	1.091983500002243
15	2	1.0974835000015446
15	2	1.1007335000031162
15	2	1.2250772500010498
15	2	1.2834522500015737
15	2	1.3448272500027088
15	2	1.5688585000025341
15	2	1.5816085000005842
15	2	1.5923272500003804
15	2	1.6035147500006133
15	2	1.6127647499997693
15	2	1.6304522499995073
15	2	1.6784834999998566
15	2	1.7207335000020976
15	2	1.724264750002476
15	2	1.8446710000025632
15	2	1.8482022500029416
15	2	1.8524209999995946
15	2	1.856171000003087
15	3	-5.346512750002148
15	3	-5.341731500000606
15	3	-5.336012750001828
15	3	-4.830982499999664
15	3	-4.669263749998208
15	3	-4.051607499997772
15	3	-4.046513749999576
15	3	-4.043013750000682
15	3	-4.0409824999987904
15	3	-4.0384825000001
15	3	-4.036294999998063
15	3	-4.030919999997423
15	3	-3.728357500000129
15	3	-3.7240449999990233
15	3	-3.09663874999751
15	3	-2.387296000000788
15	3	-2.3221709999997984
15	3	-1.4377335000026505
15	3	-1.1339834999998857
15	3	-0.7480460000006133
15	3	-0.3804835000009916
15	3	-0.3732022500007588
15	3	-0.28473350000058417
15	3	-0.23629600000276696
15	3	0.016609250000328757
15	3	0.7832967499998631
15	4	-5.5660762500010605
15	4	-5.461169999998674
15	4	-4.956763750000391
15	4	-4.84170124999946
15	4	-4.0121074999988195
15	4	-3.4401387500001874
15	4	-3.3345449999978882
15	4	-3.1392960000011954
15	4	-3.048171000002185
15	4	-2.8952960000024177
15	4	-2.02445224999974
15	4	-1.924202250000235
15	4	-1.6260460000012245
15	4	-1.097327250001399
15	4	-1.0891397500017774
15	4	-0.7138907500011555
15	4	-0.027390750001359265
15	4	-0.014640749999671243
15	4	-0.004359499998827232
15	4	0.9739217499991355
15	4	0.9877029999988736
15	4	0.9897654999986116
15	4	1.084484250000969
15	4	1.1510467500011146
15	5	-4.755107250002766
15	5	-4.74201350000294
15	5	-3.8154197500007285
15	5	-3.6903260000035516
15	5	-3.6859822500009614
15	5	-3.683982250004192
15	5	-3.0535144999994372
15	5	-3.0235145000006014
15	5	-2.207389499999408
15	5	-1.8384832500014454
15	5	-1.8309520000002522
15	5	-1.8287019999988843
15	5	-1.8219520000020566
15	5	-1.8182020000022021
15	5	-1.8148582499998156
15	5	-1.811608250001882
15	5	-1.5585457500019402
15	5	-1.5563895000013872
15	5	-1.5543270000016491
15	5	-1.5512957499995537
15	5	-1.5477957500006596
15	5	-1.5423582500006887
15	5	-1.5383582499998738
15	5	-1.5323270000008051
15	5	-1.53076449999935
15	5	-1.5284832500001357
15	5	-1.5212957500007178
15	5	-0.30267175000335556
15	5	-0.2843280000015511
15	5	-0.259953000004316
15	5	-0.2117030000044906
15	5	-0.1249217500044324
15	5	0.4868907499985653
15	5	0.5225157499990019
15	5	0.7372969999960333
15	5	0.7416407499986235
15	5	0.7444219999961206
15	5	0.748890749997372
15	6	-5.827169500003947
15	6	-5.472888250002143
15	6	-5.249200750004093
15	6	-5.2465132500037726
15	6	-5.242200750002667
15	6	-4.732670500001404
15	6	-4.727170500002103
15	6	-4.721764249999978
15	6	-4.287295500002074
15	6	-4.15982675000123
15	6	-4.136576749999222
15	6	-4.112295499999163
15	6	-4.095326750000822
15	6	-4.078326750000997
15	6	-4.053451750001841
15	6	-3.8492642500023067
15	6	-3.776608000000124
15	6	-3.7712017500016373
15	6	-3.6477642499994545
15	6	-3.6429517500000657
15	6	-3.098076750000473
15	6	-3.053951750000124
15	6	-2.9891705000009097
15	6	-2.979733000000124
15	6	-2.112515250002616
15	6	-2.108921500002907
15	6	-2.1066090000022086
15	6	-1.4432340000021213
15	6	-1.4382340000011027
15	6	-1.4305152500019176
15	6	-1.2439527500027907
15	6	-1.2097340000036638
15	6	-1.198546500003431
15	6	-1.1872965000038675
15	6	-1.1109215000033146
15	6	1.4681087499993737
15	7	-5.192575500001112
15	7	-4.988638000002538
15	7	-4.9795130000020436
15	7	-4.972544250002102
15	7	-4.948231750000559
15	7	-3.5396077500008687
15	7	-3.0339515000014217
15	7	-2.5854514999991807
15	7	-1.641046249998908
15	7	-1.5540149999978894
15	7	-1.493952499997249
15	7	-1.4630149999975401
15	7	-1.4097962499981804
15	7	-1.1487337499966088
15	7	-1.1269837499967252
15	7	-1.1138274999975692
15	7	-1.0863899999967543
15	7	-0.8813587499971618
15	7	-0.877577499999461
15	7	-0.8732024999990244
15	7	-0.8697337499979767
15	7	-0.578233749998617
15	7	-0.5766712499971618
15	7	-0.5722337499973946
15	7	0.055547500000102445
15	7	0.05748500000117929
15	7	0.06692250000196509
15	7	0.06992250000257627
15	7	0.08317250000254717
15	7	0.643546499999502
15	8	-5.91163724999933
15	8	-5.888574749998952
15	8	-4.726075750000746
15	8	-4.607481999999436
15	8	-4.454232000000047
15	8	-3.587638249999145
15	8	-3.548388250001153
15	8	-3.5337944999992033
15	8	-3.462419499999669
15	8	-2.7487017499988724
15	8	-2.746514250000473
15	8	-2.7437954999986687
15	8	-2.735201749997941
15	8	-2.7319517500000075
15	8	-2.730076749998261
15	8	-2.725451750000502
15	8	-2.7210454999985814
15	8	-2.514701749998494
15	8	-2.5093892500008224
15	8	-2.505545500000153
15	8	-2.104358000000502
15	8	-1.109483000000182
15	8	-0.9157329999979993
15	8	-0.6363902500015683
15	8	0.24610974999814061
15	9	-5.994294000000082
15	9	-5.449262750000344
15	9	-5.434012749999965
15	9	-5.417450249999092
15	9	-5.385356500002672
15	9	-5.366731500002061
15	9	-5.341700249999121
15	9	-5.317325250001886
15	9	-5.293950250001217
15	9	-5.2502315000019735
15	9	-5.1465127500014205
15	9	-5.053950249999616
15	9	-5.044012750000547
15	9	-5.039262750000489
15	9	-5.008200250002119
15	9	-4.762294000000111
15	9	-4.391951249999693
15	9	-4.124388749998616
15	9	-4.116763750000246
15	9	-3.7368887499978882
15	9	-3.733388749998994
15	9	-3.728138750000653
15	9	-3.1733887499976845
15	9	-3.067357500000071
15	9	-3.0601074999976845
15	9	-2.3406387499999255
15	9	-2.336482499998965
15	9	-1.9085460000023886
15	9	-1.9058585000020685
15	9	-1.9037960000023304
15	9	-1.8981710000007297
15	9	-1.2062647500024468
15	9	-0.601327250002214
15	9	-0.48217099999965285
15	9	-0.47988975000043865
15	9	-0.4779835000008461
15	9	0.12098524999964866
15	9	1.1527967500005616
15	9	1.3711404999994556
15	9	1.3887967500013474
15	9	1.3920155000014347
15	9	1.7672029999994265
15	10	-5.700169249997998
15	10	-5.378637999998318
15	10	-5.088856750000559
15	10	-4.881107749999501
15	10	-4.752107749998686
15	10	-4.690826499998366
15	10	-4.494888999997784
15	10	-4.491920249998657
15	10	-4.486732749996008
15	10	-4.483732749999035
15	10	-4.481045249998715
15	10	-4.466576499999064
15	10	-4.094638999999006
15	10	-4.092888999995921
15	10	-3.1539827499982493
15	10	-3.149513999996998
15	10	-3.146357749996241
15	10	-3.1413264999973762
15	10	-3.137607749999006
15	10	-2.6526389999962703
15	10	-2.647388999997929
15	10	-2.642732749998686
15	10	-2.6399202499960666
15	10	-1.9588587499965797
15	10	-1.9539212499948917
15	10	-1.774671249997482
15	10	-1.7722649999959685
15	10	-1.47985874999722
15	10	-0.7477962499942805
15	10	-0.5794837499961432
15	10	-0.5684837499975401
15	10	-0.5532962499964924
15	10	-0.5478274999950372
15	10	-0.5463274999965506
15	10	-0.5442024999974819
15	10	0.13639025000156835
15	10	0.13895275000322727
15	10	0.14098400000148104
15	10	0.14673400000174297
15	10	0.14951525000287802
15	10	0.15295275000244146
15	10	1.392202750001161
15	10	1.9362340000006952
15	11	-4.727795000002516
15	11	-3.9651387500016426
15	11	-3.9532950000029814
15	11	-3.944420000003447
15	11	-3.937920000003942
15	11	-3.1279512500041164
15	11	-3.1239200000018172
15	11	-3.118326250001701
15	11	-3.1155450000042038
15	11	-3.076295000002574
15	11	-2.2227960000018356
15	11	-2.185608499999944
15	11	-2.1802335000029416
15	11	-1.8712022500003513
15	11	-1.7776085000004969
15	11	-1.4789835000010498
15	11	-1.231577250000555
15	11	-1.0390460000016901
15	11	-0.6765460000024177
15	11	-0.6371710000021267
15	11	-0.5051407500031928
15	11	0.04542174999733106
15	11	0.04851549999511917
15	11	0.0526717499960796
15	11	0.6290779999981169
15	11	1.101952999997593
15	12	-5.809607499999402
15	12	-5.8069199999990815
15	12	-5.8051699999996345
15	12	-5.394107500000246
15	12	-5.336482499998965
15	12	-4.153513749999547
15	12	-3.5834199999990233
15	12	-3.01888974999747
15	12	-3.01498349999747
15	12	-3.012202249999973
15	12	-2.843420999997761
15	12	-2.8390459999973245
15	12	-2.306608499999129
15	12	-2.2902334999998857
15	12	-2.2448584999983723
15	12	-2.2416084999968007
15	12	-0.7646720000011555
15	12	-0.24704700000074808
15	12	0.447453000000678
15	12	0.47735924999869894
15	13	-5.98207574999833
15	13	-5.683169499996438
15	13	-5.676669499996933
15	13	-5.655575749999116
15	13	-5.247794499999145
15	13	-3.5087017500009097
15	13	-2.908733000000211
15	13	-2.7616705000000366
15	13	-2.7292955000011716
15	13	-2.719045499998174
15	13	-2.7025767499981157
15	13	-2.607920499998727
15	13	-2.4907017500008806
15	13	-1.55020274999697
15	13	-1.545577749999211
15	13	-1.5398589999967953
15	13	-1.3893902499985415
15	13	-1.3805464999968535
15	13	-0.7032339999968826
15	13	-0.6896402499987744
15	13	0.1673285000033502
15	13	0.16945350000241888
15	13	0.17932850000215694
15	13	0.18157850000352482
15	13	0.186016000003292
15	13	0.19001600000046892
15	13	1.6710149999998976
15	13	1.6740774999998393
15	13	1.6776087500002177
15	13	1.6829212500015274
15	13	1.8020462499989662
15	13	1.8074837499989371
15	13	1.8155149999984133
15	13	1.8223900000011781
15	14	-5.385669750001398
15	14	-5.2455135000018345
15	14	-3.5701384999993024
15	14	-2.9797332499983895
15	14	-2.826514500000485
15	14	-2.7914207499998156
15	14	-2.6741082499975164
15	14	-2.6687644999983604
15	14	-2.5422332499983895
15	14	-2.535795749998215
15	14	-2.278108250000514
15	14	-2.27417074999903
15	14	-2.0424207500000193
15	14	-2.0320769999998447
15	14	-2.023076999998011
15	14	-0.6754217500019877
15	14	-0.6714842500005034
15	14	-0.6662655000000086
15	14	-0.6639217500014638
15	14	-0.6615154999999504
15	14	-0.6590780000005907
15	14	-0.6567030000005616
15	14	-0.6537342500014347
15	14	-0.26832800000192947
15	14	-0.23860925000190036
15	14	-0.22692174999974668
15	14	-0.15495300000111456
15	14	-0.15110925000044517
15	14	-0.1474217499999213
15	14	0.3773907499999041
15	14	0.4141407499992056
15	14	0.4446719999978086
15	14	0.884890749999613
15	14	0.9214219999994384
15	14	0.9699532499980705
15	15	-5.988043750003271
15	15	-5.9771687500033295
15	15	-5.893856250004319
15	15	-5.862856250005279
15	15	-5.540512500003388
15	15	-5.483731250005803
15	15	-5.465543750004144
15	15	-5.329544750002242
15	15	-5.327732250003464
15	15	-5.320888500002184
15	15	-5.31745100000262
15	15	-3.9030135000029986
15	15	-3.868919750002533
15	15	-3.7717322500029695
15	15	-3.7701697500015143
15	15	-3.767357250002533
15	15	-3.764607250002882
15	15	-3.7626072500024748
15	15	-3.7603260000032606
15	15	-3.757294750001165
15	15	-3.485388500001136
15	15	-3.240919750001922
15	15	-2.9007957499998156
15	15	-2.630389500001911
15	15	-2.620202000001882
15	15	-2.470545750002202
15	15	-2.208920749999379
15	15	-2.003108250002697
15	15	-1.9827332500026387
15	15	-1.9688582500020857
15	15	-1.8703270000005432
15	15	-1.769358249999641
15	15	-1.7537957500026096
15	15	-1.70429575000162
15	15	-1.2416395000000193
15	15	-0.9871395000009215
15	15	-0.5689520000014454
15	15	0.30754699999670265
15	15	0.31070324999745935
15	15	0.31229699999676086
15	15	0.3150782499978959
15	15	0.31851574999745935
15	15	1.2273907499984489
15	15	1.2512657499974011
15	15	1.4009532499985653
15	15	1.4184844999981578
15	15	1.4255469999952766
15	16	-4.5860445000034815
15	16	-3.2528570000031323
15	16	-3.238450750002812
15	16	-3.0103570000028412
15	16	-2.874950750003336
15	16	-2.32535800000187
15	16	-2.1805454999994254
15	16	-2.174326750002365
15	16	-2.1704830000016955
15	16	-2.05045175000123
15	16	-2.040170500000386
15	16	-2.0088892499989015
15	16	-2.006045500002074
15	16	-2.000920500002394
15	16	-1.515420499999891
15	16	-1.5036392500005604
15	16	-1.490233000000444
15	16	-1.482108000000153
15	16	-1.4731080000019574
15	16	-1.4620142499989015
15	16	0.10810974999913014
15	16	0.11345349999828613
15	16	0.12857849999636528
15	16	0.1397347499987518
15	16	0.16192224999758764
15	16	0.6318597499957832
15	16	0.9292347499977041
15	16	0.9444847499980824
15	16	1.4101409999966563
15	16	1.4413909999966563
15	17	-5.707231750002393
15	17	-2.7547962500029826
15	17	-2.362452500001382
15	17	-2.180702500001644
15	17	-2.1764524999998685
15	17	-2.1688275000014983
15	17	-2.0287337500012654
15	17	-1.745483750000858
15	17	-1.6412025000026915
15	17	-1.6371087500010617
15	17	-1.6346400000002177
15	17	-1.6328587500029244
15	17	-1.627671250000276
15	17	-1.062921250002546
15	17	-0.8411087500026042
15	17	-0.837077500000305
15	17	-0.8287962499998685
15	17	-0.8243587500001013
15	17	-0.5420150000027206
15	17	-0.5262650000004214
15	17	-0.2745462500024587
15	17	-0.2693275000019639
15	17	-0.25364100000297185
15	17	1.2917964999978722
15	17	1.2967652499974065
15	17	1.3040777499954856
15	18	-4.066576500001247
15	18	-4.058764000001247
15	18	-4.052107750001596
15	18	-4.044482749999588
15	18	-3.8646077500015963
15	18	-3.357076500000403
15	18	-3.3490139999994426
15	18	-3.2088890000013635
15	18	-3.129701499998191
15	18	-2.9664202499989187
15	18	-2.7531400000007125
15	18	-2.7513900000012654
15	18	-2.7402025000010326
15	18	-2.7364837500026624
15	18	-2.670046250001178
15	18	-2.45089000000371
15	18	-1.7380462500004796
15	18	-1.705390000002808
15	18	-1.5873275000012654
15	18	1.4763590000002296
15	19	-5.834356499999558
15	19	-5.819606499997462
15	19	-5.8101690000003146
15	19	-5.662075249998452
15	19	-5.267418999999791
15	19	-5.241356499998801
15	19	-5.216793999999936
15	19	-5.20173149999755
15	19	-5.143950249999762
15	19	-4.7867315000003146
15	19	-4.5822627499983355
15	19	-4.554387749998568
15	19	-4.5287002499972004
15	19	-4.503950250000344
15	19	-4.480043999999907
15	19	-4.456825249999383
15	19	-4.431950250000227
15	19	-4.210012749997986
15	19	-4.20466899999883
15	19	-4.19660649999787
15	19	-3.5539512499999546
15	19	-3.0538575000027777
15	19	-3.0503262500023993
15	19	-3.0416074999993725
15	19	-3.037544999999227
15	19	-3.034357500000624
15	19	-3.0302012499996636
15	19	-1.8803262500005076
15	19	-1.87070125000173
15	19	-1.6027324999995471
15	19	-1.5691709999991872
15	19	-1.0685772500000894
15	19	-1.027827249999973
15	19	-0.8746709999977611
15	19	-0.7120147499990708
15	19	-0.15192100000058417
15	19	-0.14842099999805214
15	19	0.6717664999996487
15	19	0.860641499999474
15	19	0.8912977500003763
15	19	0.9235154999987572
15	19	1.4366405000000668
15	19	1.4543904999991355
15	19	1.4636092500004452
15	19	1.488671749997593
15	19	1.6237029999974766
15	19	1.6330467499974475
15	19	1.6416092500003288
15	19	1.6444217499993101
15	19	1.646765499997855
15	19	1.6502967499982333
15	20	-5.2523877499988885
15	20	-5.235481499999878
15	20	-3.7653887500018755
15	20	-3.760295000000042
15	20	-3.5673887500015553
15	20	-3.12192000000141
15	20	-3.118326250001701
15	20	-3.116482500001439
15	20	-3.109294999998383
15	20	-2.8316699999995762
15	20	-2.8284200000016426
15	20	-2.824982499998441
15	20	-2.717638750000333
15	20	-1.8451084999978775
15	20	-1.8400772499990126
15	20	-1.8273584999988088
15	20	-1.1500147499973536
15	20	-0.7072647499990126
15	20	0.1276727500007837
15	20	1.0398280000044906
15	20	1.6064530000039667
15	20	1.8119842500018422
15	21	-5.750137750001159
15	21	-5.714418999999907
15	21	-5.558262750000722
15	21	-5.5446377500011295
15	21	-5.534575249999762
15	21	-4.9579814999997325
15	21	-4.8986689999983355
15	21	-4.469107499997335
15	21	-4.207263749998674
15	21	-4.13204499999847
15	21	-4.117232499997044
15	21	-3.373388749998412
15	21	-3.3682949999965786
15	21	-2.9462012499971024
15	21	-2.585544999998092
15	21	-2.582044999999198
15	21	-2.3492022499995073
15	21	-2.241764750000584
15	21	-1.5407022500003222
15	21	-1.5374522499987506
15	21	-1.5296085000009043
15	21	-1.5214210000012827
15	21	-1.5189522500004387
15	21	-1.5167022499990708
15	21	-1.5127959999990708
15	21	-1.5095147499996528
15	21	-1.5058897499984596
15	21	-1.5016397500003222
15	21	0.30339050000111456
15	21	0.31279675000041607
15	21	0.31564050000088173
15	21	0.31901550000111456
15	21	0.32364050000251154
15	21	1.020953000002919
15	21	1.0293280000005325
15	21	1.0362342500011437
15	21	1.046640500000649
15	21	1.5694530000000668
15	21	1.582640500000707
15	21	1.5855780000019877
15	22	-3.5572955000025104
15	22	-3.554576750000706
15	22	-3.546451750000415
15	22	-2.0705767500003276
15	22	-2.066014250001899
15	22	-1.8256705000021611
15	22	-1.6249214999988908
15	22	-0.593077749999793
15	22	0.07054725000125472
15	22	0.22442225000122562
15	22	0.538297250001051
15	22	1.477483749997191
15	22	1.4893899999988207
15	22	1.5511712499974237
15	23	-5.897044500001357
15	23	-4.534607000001415
15	23	-4.265357000000222
15	23	-4.086170500002481
15	23	-4.07042050000382
15	23	-3.4743580000031216
15	23	-3.4672642500045185
15	23	-3.4634830000031798
15	23	-3.456733000002714
15	23	-3.124295500001608
15	23	-3.067951750002976
15	23	-3.063733000002685
15	23	-3.0532955000016955
15	23	-3.048733000003267
15	23	-0.28735900000174297
15	23	-0.04707775000133552
15	23	-0.04345275000014226
15	23	-0.041671500002848916
15	23	-0.03982775000258698
15	23	-0.035515250001481036
15	23	1.5275150000015856
15	24	-5.333013250001386
15	24	-5.266669500000717
15	24	-3.1176392499983194
15	24	-2.657076749997941
15	24	-2.6450767499991343
15	24	-2.63210799999797
15	24	-2.6036392499991052
15	24	-2.33104650000314
15	24	-2.152984000000288
15	24	-2.046609000000899
15	24	-1.9807027500028198
15	24	-1.925202750000608
15	24	-1.8727964999998221
15	24	-1.870015250002325
15	24	-1.7441402500007825
15	24	-1.1110152500004915
15	24	-1.0905465000032564
15	24	-0.8116402500018012
15	24	-0.24626524999985122
15	24	0.22592124999937369
15	24	0.23682750000079977
15	24	0.24360874999911175
15	24	0.24773374999858788
15	24	0.25148374999844236
15	24	0.2587962500001595
15	24	0.2627025000001595
15	24	0.2683587499996065
15	24	0.29120250000050873
15	24	0.2996400000010908
15	24	0.3048275000001013
15	24	0.3145462499996938
15	24	0.3169525000012072
15	24	0.32254625000132364
15	24	0.3650462500008871
15	24	0.3793587500003923
15	24	0.4066087499995774
15	24	0.40839000000050873
15	24	0.42639000000053784
15	24	0.4292337500010035
15	24	0.4316087500010326
15	24	0.4486712500001886
15	24	0.45838999999978114
15	24	0.47401499999978114
15	24	0.4793275000010908
15	24	0.5074212500003341
15	24	0.5181400000001304
15	24	0.5487962500010326
15	24	0.5511712500010617
15	25	-5.804794250001578
15	25	-5.757544250001956
15	25	-5.4114504999997735
15	25	-5.4057004999995115
15	25	-5.132356750000326
15	25	-5.09179425000184
15	25	-4.808388999997987
15	25	-4.806045249999443
15	25	-4.803638999997929
15	25	-4.798263999997289
15	25	-4.794576500000403
15	25	-4.792201500000374
15	25	-4.790670250000403
15	25	-4.18304524999985
15	25	-3.8362639999977546
15	25	-3.8328577499996754
15	25	-3.8283577500005777
15	25	-3.8254514999971434
15	25	-3.215420249998715
15	25	-2.9647327499988023
15	25	-2.6595764999983658
15	25	-2.6471077499991225
15	25	-2.364921250002226
15	25	-2.3355775000018184
15	25	-2.3331400000024587
15	25	-2.330483749999985
15	25	-2.328046250000625
15	25	-2.3254212499996356
15	25	-2.32301500000176
15	25	-2.220108749999781
15	25	-2.218233750001673
15	25	-2.212983749999694
15	25	-1.8344212500014692
15	25	-0.8072025000001304
15	25	0.24314025000057882
15	25	0.28395275000002584
15	25	0.2952027499995893
15	25	0.30279650000011316
15	25	0.3140777500011609
15	25	0.3187027500025579
15	25	0.3228902500013646
15	25	1.8513902500017139
15	25	1.9494215000013355
15	25	1.9720152500012773
15	26	-4.9156069999953615
15	26	-4.90516949999801
15	26	-4.525856999996904
15	26	-4.259606999996322
15	26	-4.2565757499978645
15	26	-4.217325749996235
15	26	-4.189356999995653
15	26	-4.172825749996264
15	26	-4.104169499998534
15	26	-4.098794499997894
15	26	-3.7084507499967003
15	26	-3.7069507499982137
15	26	-3.6270444999972824
15	26	-3.6227319999961765
15	26	-3.6183257499978936
15	26	-3.616231999996671
15	26	-3.6139819999953033
15	26	-3.6115132499980973
15	26	-3.16579549999733
15	26	-3.160232999998698
15	26	-3.15017049999733
15	26	-3.1105767499975627
15	26	-3.1012955000005604
15	26	-3.0961704999972426
15	26	-3.0927954999970098
15	26	-3.089014249999309
15	26	-2.412295499998436
15	26	-2.4098892500005604
15	26	-1.7540454999980284
15	26	-1.6312017499985814
15	26	-1.6154517499999201
15	26	-1.6036705000005895
15	26	-1.5829830000002403
15	26	-1.5619517499981157
15	26	-0.6514839999981632
15	26	-0.6447652499955439
15	26	-0.4459527499966498
15	26	-0.320046499997261
15	26	0.3290472500011674
15	26	0.33964100000230246
15	27	-5.858606499998132
15	27	-5.709918999997171
15	27	-5.205012749996968
15	27	-5.050388749998092
15	27	-5.04707624999719
15	27	-5.041576249997888
15	27	-5.038326249996317
15	27	-4.545419999998558
15	27	-4.249732499996753
15	27	-4.100638749998325
15	27	-4.097888749998674
15	27	-3.783138749997306
15	27	-3.7807949999987613
15	27	-3.7771074999982375
15	27	-3.770982499998354
15	27	-3.487888749998092
15	27	-3.163451249998616
15	27	-3.1598262499974226
15	27	-3.155669999996462
15	27	-2.867294999996375
15	27	-2.7386699999951816
15	27	-2.4152022499984014
15	27	-2.4128584999998566
15	27	-2.179139749998285
15	27	-2.029483499998605
15	27	-2.0260147499975574
15	27	-2.0214835000006133
15	27	-1.6473584999985178
15	27	-1.5507022499987215
15	27	-1.5279522499986342
15	27	-1.4478272499982268
15	27	-1.44363974999942
15	27	-1.4404834999986633
15	27	-1.4351397499995073
15	27	-1.431202249998023
15	27	-1.427077249998547
15	27	-1.4198272499997984
15	27	-1.394920999999158
15	27	-1.0360772499989253
15	27	-1.034108500000002
15	27	-1.0301709999985178
15	27	-1.0244834999975865
15	27	-0.3560460000007879
15	28	-5.6362622500018915
15	28	-5.336387250004918
15	28	-5.327606000002561
15	28	-5.312699750003958
15	28	-5.279074750003929
15	28	-5.13882475000355
15	28	-5.132543500003521
15	28	-5.130106000004162
15	28	-5.127199750004365
15	28	-5.125199750003958
15	28	-3.248732000003656
15	28	-3.2294507500009786
15	28	-3.0788257500025793
15	28	-3.037357000001066
15	28	-2.6371382500037726
15	28	-2.6338570000007167
15	28	-2.624857000002521
15	28	-2.454233000004024
15	28	-2.438545500004693
15	28	-1.7467642500050715
15	28	-1.5445767500023067
15	28	0.27917224999691825
15	28	0.28320349999921746
15	28	0.28773474999616155
15	28	0.8128909999977623
15	28	0.918328499996278
15	28	0.9444847499980824
15	28	0.9473597499963944
15	28	0.9524534999982279
15	28	0.955953499997122
15	28	0.9598909999986063
15	29	-2.9675454999996873
15	29	-2.697358000001259
15	29	-2.6629830000019865
15	29	-2.5943267500006186
15	29	-2.5888579999991634
15	29	-2.5830142500017246
15	29	-2.5782954999995127
15	29	-2.574607999998989
15	29	-2.4057642500010843
15	29	-2.179076750002423
15	29	-2.16520175000187
15	29	-1.9977642500016373
15	29	-1.9891392499994254
15	29	-1.6926715000045078
15	29	-1.6710777500011318
15	29	-1.3306090000041877
15	29	-0.5653902500016557
15	29	-0.44514025000171387
15	29	0.07904724999752943
15	29	0.28232849999767495
15	29	0.3388284999964526
15	29	0.34873474999767495
15	29	0.35417224999764585
15	29	1.807671250000567
15	30	-5.160920249996707
15	30	-4.903607749998628
15	30	-4.8249514999988605
15	30	-4.805701499997667
15	30	-4.784263999998075
15	30	-4.700607749997289
15	30	-4.661357749999297
15	30	-4.61517024999921
15	30	-3.3646077499979583
15	30	-2.8546087499998976
15	30	-2.8485462499993446
15	30	-2.7217650000020512
15	30	-2.175171250000858
15	30	-2.1629837500004214
15	30	-2.1587025000007998
15	30	-2.1549525000009453
15	30	-1.9923587500015856
15	30	-1.9351087499999267
15	30	-1.9019212499988498
15	30	-1.777140000001964
15	30	-0.6031399999992573
15	30	-0.6010774999995192
15	30	-0.597765000002255
15	30	-0.5954837499994028
15	30	-0.5916087500008871
15	30	-0.5863275000010617
15	30	-0.5189524999987043
15	30	-0.5147649999998976
15	30	-0.5118900000015856
15	30	-0.27226599999994505
15	30	0.2991715000025579
15	30	0.3069840000025579
15	30	0.3149840000005497
15	30	1.8511715000022377
15	31	-5.956669250001141
15	31	-5.95366925000053
15	31	-5.815106750000268
15	31	-5.7620754999989
15	31	-5.7597317500003555
15	31	-5.749669249998988
15	31	-5.423888999997871
15	31	-5.411513999999443
15	31	-5.404545249999501
15	31	-5.38982649999889
15	31	-5.336388999996416
15	31	-5.329732749996765
15	31	-5.320451499999763
15	31	-4.286732749998919
15	31	-4.28442024999822
15	31	-4.279982749998453
15	31	-3.8063577499997336
15	31	-3.8027639999963867
15	31	-3.7965764999971725
15	31	-3.6217327499980456
15	31	-3.5709202499965613
15	31	-3.2041389999976673
15	31	-3.1995452499977546
15	31	-2.770764999997482
15	31	-2.4740462499976275
15	31	-2.4701399999976275
15	31	-2.4642024999957357
15	31	-2.462296249996143
15	31	0.6001402500005497
15	31	1.0357652500024415
15	31	1.0451090000024124
15	31	1.0512027500008116
15	31	1.057827750002616
15	32	-5.850731750000705
15	32	-5.492888000000676
15	32	-5.29817025000375
15	32	-5.285232750000432
15	32	-5.038232750001043
15	32	-4.973982750001596
15	32	-4.8330765000027895
15	32	-4.461607750003168
15	32	-4.3955765000027895
15	32	-3.8056077500004903
15	32	-3.8025452500005485
15	32	-3.4113890000007814
15	32	-3.40876400000343
15	32	-3.4064515000027313
15	32	-3.4039827500018873
15	32	-3.401170250002906
15	32	-3.1948890000021493
15	32	-3.1918265000022075
15	32	-3.1182327500027895
15	32	-3.106889000002411
15	32	-3.1005452500030515
15	32	-2.3526400000009744
15	32	-1.4363899999989371
15	32	-0.8740462499990826
15	32	-0.7183587500003341
15	32	-0.6312025000006543
15	32	-0.5118587500001013
15	32	-0.10901600000215694
15	32	0.20579649999854155
15	32	0.7109527499960677
15	32	1.8139214999973774
15	32	1.8347339999963879
15	32	1.8515464999982214
15	32	1.8882652499960386
15	32	1.8955777499977557
15	32	1.9039527499990072
15	33	-4.921012749997317
15	33	-4.874075249997986
15	33	-4.385887749998801
15	33	-4.1916377499983355
15	33	-3.532294999997248
15	33	-2.747638749995531
15	33	-2.440076249997219
15	33	-2.244763749997219
15	33	-2.229669999996986
15	33	-1.9210449999955017
15	33	-1.917888749998383
15	33	-1.9138574999960838
15	33	-1.9103574999971897
15	33	-1.9084824999954435
15	33	-1.461014749998867
15	33	-1.4236710000004678
15	33	-1.1694522500001767
15	33	-0.7530772499994782
15	33	-0.4339522499976738
15	33	-0.3897335000001476
15	33	-0.384733499999129
15	33	-0.2161710000000312
15	33	-0.21420224999747006
15	33	-0.21120225000049686
15	33	-0.20795224999892525
15	33	-0.20492100000046776
15	33	-0.2021084999978484
15	33	-0.198983499998576
15	33	-0.1957647499984887
15	33	0.3938914999998815
15	33	1.1027655000034429
15	34	-5.622543499997846
15	34	-5.570887249996304
15	34	-5.300887249995867
15	34	-5.096482000000833
15	34	-4.964606999998068
15	34	-4.9621694999987085
15	34	-4.956450749999931
15	34	-3.8356382499987376
15	34	-3.7563882499998726
15	34	-3.6907007500012696
15	34	-3.6849507500010077
15	34	-3.5016382499998144
15	34	-3.499231999998301
15	34	-3.4927007500009495
15	34	-3.488013250000222
15	34	-3.2525444999992033
15	34	-1.8162329999977374
15	34	-1.065076749997388
15	34	-1.0624204999985523
15	34	-0.41395174999706796
15	34	-0.4102954999980284
15	34	-0.4087954999995418
15	34	-0.0032339999997930136
15	34	1.6000001778593287e-05
15	34	0.46829725000134204
15	34	1.3713910000005853
15	34	1.664328499999101
15	35	-5.689668999999412
15	35	-5.26032524999755
15	35	-5.2153877499986265
15	35	-5.066670000000158
15	35	-3.750326249999489
15	35	-3.652170000001206
15	35	-3.545982499999809
15	35	-2.0818584999979066
15	35	-2.080233499997121
15	35	-2.0764209999979357
15	35	-2.072858499999711
15	35	-2.069170999999187
15	35	-1.9545772499986924
15	35	-1.9098584999992454
15	35	-1.27401474999715
15	35	-1.2359209999995073
15	35	-1.1970459999974992
15	35	-1.0456397499983723
15	35	-0.44010849999904167
15	35	-0.43445224999959464
15	35	1.3718592500008526
15	35	1.38557800000126
15	35	1.3940154999982042
15	36	-5.174888250003278
15	36	-4.826575750001211
15	36	-4.461325750002288
15	36	-4.429169500002899
15	36	-4.417607000003045
15	36	-4.39901325000028
15	36	-4.219044500001473
15	36	-4.054450750001706
15	36	-3.258700750000571
15	36	-3.238732000001619
15	36	-2.3307642500003567
15	36	-1.7723267500005022
15	36	-1.7558267499989597
15	36	-1.6306392500009679
15	36	-1.6184517500005313
15	36	-1.6109829999986687
15	36	-0.654295500000444
15	36	-0.5212652499976684
15	36	-0.5010152499999094
15	36	-0.48848399999769754
15	36	-0.47064024999781395
15	36	1.3068597500023316
15	36	1.3088910000005853
15	36	1.3156722500025353
15	36	1.3189847500034375
15	36	1.6563910000004398
15	36	1.6586410000018077
15	36	1.66195350000271
15	36	1.6755160000029719
15	37	-5.986794499996904
15	37	-5.889950749995478
15	37	-5.364388249996409
15	37	-4.855450749993906
15	37	-4.742763249996642
15	37	-3.6958892499969807
15	37	-2.673326749998523
15	37	-2.6710142499978247
15	37	-2.6677329999984067
15	37	-2.664264249997359
15	37	-1.8985142499986978
15	37	-1.8677329999991343
15	37	0.2213285000034375
15	37	1.2277337500017893
15	38	-5.9416377499983355
15	38	-5.934356499998103
15	38	-5.93141900000046
15	38	-5.92873150000014
15	38	-5.926200249999965
15	38	-5.132544000000053
15	38	-5.120231500000955
15	38	-4.901325250000809
15	38	-4.875762749998103
15	38	-4.73341900000014
15	38	-4.572981499997695
15	38	-4.569231499997841
15	38	-3.3274825000007695
15	38	-3.3248262500019337
15	38	-3.321451250001701
15	38	-3.319013750002341
15	38	-3.3154825000019628
15	38	-2.6892012500029523
15	38	-2.456857500001206
15	38	-2.438232500000595
15	38	-2.38735749999978
15	38	-2.37998250000237
15	38	-2.3700137500018172
15	38	-2.3584512500019628
15	38	-2.3480137500009732
15	38	-1.9158575000001292
15	38	-1.9102637500000128
15	38	-1.907295000000886
15	38	-1.8836387500014098
15	38	-1.8810137500004203
15	38	-1.8757012500027486
15	38	-1.8731387500010896
15	38	-1.868857500001468
15	38	-1.8668575000010605
15	38	-1.8630137500003912
15	38	-1.8602637500007404
15	38	-1.8432324999994307
15	38	-1.2573897500005842
15	38	-1.253358499998285
15	38	-0.5270772500007297
15	38	-0.2012959999992745
15	38	-0.19554599999901257
15	38	0.05823524999868823
15	38	0.21411024999906658
15	38	0.33798525000020163
15	38	0.6606414999987464
15	38	0.7742040000011912
15	38	0.8832654999969236
15	38	0.8929217499971855
15	38	0.9001404999980878
15	38	0.906952999997884
15	39	-3.784888750004029
15	39	-2.8039512500035926
15	39	-2.7811075000026904
15	39	-2.777795000001788
15	39	-2.770701250003185
15	39	-2.767201250004291
15	39	-2.5126387500022247
15	39	-2.5065762500016717
15	39	-2.4889825000027486
15	39	-2.3211075000035635
15	39	-2.2980762500010314
15	39	-1.9631085000000894
15	39	-1.7674834999997984
15	39	-1.7563272500010498
15	39	-1.7490147499993327
15	39	-1.7471084999997402
15	39	-1.3597335000013118
15	39	-1.2586397500017483
15	39	-1.139983500001108
15	39	-1.0492335000017192
15	39	-1.0389522500008752
15	39	-1.0192647500007297
15	39	-0.25576474999979837
15	39	0.03201649999755318
15	39	0.30523524999807705
15	39	0.3110789999991539
15	39	1.5789842500016675
15	39	1.7763279999999213
15	39	1.7906092500015802
15	39	1.8597342499997467
15	39	1.9250780000002123
15	40	-5.86635699999897
15	40	-5.843700749999698
15	40	-5.82210699999996
15	40	-5.769075749998592
15	40	-4.0373579999977665
15	40	-2.3514829999985523
15	40	-2.248702749999211
15	40	-1.7141090000004624
15	40	-1.557827749998978
15	40	-1.5341090000001714
15	40	-1.5210465000018303
15	40	-1.5047340000019176
15	40	-1.1645777500016266
15	40	-1.1557964999992691
15	40	-0.5245777499985707
15	40	-0.3639215000002878
15	40	-0.3546402499996475
15	40	-0.32604649999848334
15	40	-0.32239024999944377
15	40	-0.3170465000002878
15	40	0.03960975000154576
15	40	1.3993900000023132
15	41	-5.612356000001455
15	41	-5.588637250002648
15	41	-5.195668500000465
15	41	-3.724638249997952
15	41	-3.695856999998796
15	41	-3.092044500001066
15	41	-2.665950750000775
15	41	-2.660606999997981
15	41	-2.657544499998039
15	41	-2.6534819999978936
15	41	-1.9340142500004731
15	41	-1.899764249999862
15	41	-1.8608580000000075
15	41	-1.8389830000014626
15	41	-1.6637330000012298
15	41	-1.6392642500031798
15	41	-1.2907330000016373
15	41	-0.9414517500008515
15	41	-0.8067330000012589
15	41	-0.7957330000026559
15	41	-0.7707955000005313
15	42	-5.933981500005757
15	42	-5.431419000004098
15	42	-5.422887750006339
15	42	-5.229201250003825
15	42	-5.159795000003214
15	42	-4.963045000004058
15	42	-4.94535750000432
15	42	-4.8714825000024575
15	42	-4.8565762500038545
15	42	-3.5384200000044075
15	42	-3.5223575000018172
15	42	-3.4953575000035926
15	42	-3.4921387500035053
15	42	-3.1099825000019337
15	42	-3.0880762500019046
15	42	-3.0730450000046403
15	42	-3.052857500002574
15	42	-3.040232500003185
15	42	-2.6016710000003513
15	42	-2.5946710000025632
15	42	-2.472952250001981
15	42	-2.317702250002185
15	42	-2.304952250000497
15	42	-2.3001710000025923
15	42	-2.2600147500015737
15	42	-1.7682960000020103
15	42	-1.7639210000015737
15	42	-1.756952250001632
15	42	-0.04010950000520097
15	42	0.2869529999952647
15	42	0.31101549999584677
15	42	0.960296749995905
15	42	1.0990467499977967
15	42	1.217077999997855
15	42	1.7852967499966326
15	42	1.800140499995905
15	42	1.8016404999980296
15	42	1.8075154999969527
15	43	-5.691731250000885
15	43	-5.03082600000198
15	43	-3.1068572500007576
15	43	-3.082107250000263
15	43	-2.5758260000002338
15	43	-1.9880457500003104
15	43	-1.6278894999995828
15	43	-1.6240457499989134
15	43	-1.4644832499980112
15	43	-0.9884832499992626
15	43	-0.569733249998535
15	43	0.06326574999911827
15	43	0.06785949999903096
15	43	0.07176574999903096
15	43	0.915828249999322
15	43	0.943484499999613
15	43	0.9575782499996421
15	43	0.9704219999985071
15	43	1.7096407499993802
15	43	1.7289844999977504
15	43	1.7810782499982452
15	43	1.8792969999994966
15	43	1.8865157499967609
15	43	1.89157824999711
15	43	1.893921999999293
15	44	-2.5778272499992454
15	44	-2.336233500001981
15	44	-2.329452250000031
15	44	-2.2932959999998275
15	44	-0.9701397499993618
15	44	-0.31726575000357116
15	44	0.1510154999959923
15	44	0.21298424999622512
15	44	0.39076549999663257
15	44	0.4019529999968654
15	44	0.4087654999966617
15	44	0.43676549999872805
15	44	0.47248424999634153
15	44	0.6748592499970982
15	44	0.7017967499959923
15	45	-5.5829499999999825
15	45	-5.579356250000274
15	45	-5.576012499997887
15	45	-4.039326000001893
15	45	-2.108483249998244
15	45	-2.018420749998768
15	45	-2.0112020000015036
15	45	-2.0018582499978947
15	45	-1.745920749999641
15	45	-1.3241082499989716
15	45	-1.3170769999996992
15	45	-1.3128269999979238
15	45	-1.0397957499990298
15	45	-1.019983250000223
15	45	-0.9076395000010962
15	45	-0.8401707499979238
15	45	-0.8300457500008633
15	45	0.14126675000079558
15	45	0.14407924999977695
15	45	0.1475480000008247
15	45	0.15176675000111572
15	45	0.451703249997081
15	45	0.9958594999989145
15	45	1.9272032499975467
15	46	-4.279669750001631
15	46	-4.166044750003493
15	46	-3.997607250003057
15	46	-3.894638500001747
15	46	-3.653357250001136
15	46	-3.6517635000018345
15	46	-3.645544750001136
15	46	-3.5091697500029113
15	46	-3.502763500004221
15	46	-2.4937957500005723
15	46	-1.2869520000022021
15	46	-1.2744520000014745
15	46	-1.1251082500020857
15	46	-1.1179832500019984
15	46	-1.1152020000008633
15	46	-1.1117645000013
15	46	-1.1087332499992044
15	46	-1.1039207499998156
15	46	-0.6702957500019693
15	46	-0.4594832500006305
15	47	-5.922138499998255
15	47	-5.906326000000263
15	47	-5.882888500000263
15	47	-5.7618572499995935
15	47	-4.72160724999776
15	47	-4.718857249998109
15	47	-3.9526384999990114
15	47	-3.8544509999992442
15	47	-3.3980145000023185
15	47	-3.395170750001853
15	47	-3.3880145000002813
15	47	-3.385514500001591
15	47	-3.380358250000427
15	47	-2.4568270000017947
15	47	-2.444545750000543
15	47	-2.393858250001358
15	47	-2.3897020000003977
15	47	-2.38667075000194
15	47	-2.3831082500000775
15	47	-2.0715144999994664
15	47	-1.9603895000000193
15	47	-1.9513270000024932
15	47	-1.943389500000194
15	47	-1.9263895000003686
15	47	-1.9194832499997574
15	47	-1.9149832500006596
15	47	-1.6321707500028424
15	47	-1.4415145000020857
15	47	-0.38364050000018324
15	47	-0.31429674999890267
15	47	-0.31251549999797135
15	47	-0.3089529999997467
15	47	-0.3026717499997176
15	48	-5.967325749996235
15	48	-5.737888249997923
15	48	-5.463450749997719
15	48	-5.417544499996438
15	48	-5.168013249996875
15	48	-5.128919499999029
15	48	-5.071044499996788
15	48	-5.0378257499978645
15	48	-4.992263249998359
15	48	-4.9604194999956235
15	48	-4.930700749999232
15	48	-4.92451324999638
15	48	-4.920763249996526
15	48	-4.913481999996293
15	48	-4.40663824999865
15	48	-3.7214517499996873
15	48	-3.6071392499979993
15	48	-3.5556704999980866
15	48	-3.2046080000000075
15	48	-3.1934204999997746
15	48	-2.7286392499991052
15	48	-2.177232999998523
15	48	-2.161170499999571
15	48	-2.1490767499999492
15	48	-2.136295500000415
15	48	-2.1210455000000366
15	48	-2.022514249998494
15	48	-2.018795500000124
15	48	-2.015420499999891
15	48	-1.7332954999983485
15	48	-1.711857999998756
15	48	-1.7091704999984358
15	48	1.5737025000016729
15	49	-5.70563774999755
15	49	-5.70198149999851
15	49	-5.700387749999209
15	49	-4.769325249999383
15	49	-4.766825249997055
15	49	-3.517169999999169
15	49	-3.513482500002283
15	49	-3.1601387500013516
15	49	-2.6427325000004203
15	49	-2.5612325000001874
15	49	-2.546076250000624
15	49	-2.5395449999996345
15	49	-2.19248250000237
15	49	-2.1896387500019046
15	49	-2.1637012499995762
15	49	-1.7358585000001767
15	49	-1.710608499997761
15	49	-1.6958584999993036
15	49	-1.5864834999993036
15	49	-1.428827249997994
15	49	-1.3302022499992745
15	49	-1.3224209999971208
15	49	-1.2482334999986051
15	49	-1.2455772499997693
15	49	-1.2077959999987797
15	49	-0.9396710000000894
15	49	-0.9175460000005842
15	49	-0.8682022499997402
15	49	-0.8394210000005842
15	49	-0.795920999997179
15	49	-0.4022022499993909
15	49	-0.37263974999950733
15	49	-0.16513974999907077
15	49	-0.16242099999726634
15	49	-0.1519522499984305
15	49	-0.13895224999942002
15	49	-0.13476475000061328
15	49	-0.13223350000043865
15	49	-0.1294209999978193
15	49	-0.1253584999976738
15	49	-0.12251474999720813
15	49	0.0511102500022389
15	49	1.3601405000044906
15	50	-5.185856500000227
15	50	-5.163293999998132
15	50	-3.195451249997859
15	50	-3.0054199999976845
15	50	-2.979763749997801
15	50	-2.957263749998674
15	50	-0.06592099999761558
15	50	1.7985155000023951
16	1	-4.932232249997469
16	1	-4.85666974999549
16	1	-2.9229832499986514
16	1	-2.0301082499972836
16	1	-1.9893269999993208
16	1	-1.8190770000001066
16	1	-0.2861404999966908
16	1	-0.23048424999797135
16	1	1.1323897500005842
16	1	1.1407647500018356
16	1	1.1479522500012536
16	1	1.7052960000000894
16	2	-4.515138499999011
16	2	-2.366608249998535
16	2	-1.7763269999995828
16	2	-1.7586394999998447
16	2	-1.373546750000969
16	2	-1.2711092499994265
16	2	-1.2471404999996594
16	2	-1.242984249998699
16	2	-0.48051549999945564
16	2	-0.23348424999858253
16	2	1.1223272500028543
16	3	-4.174013749998267
16	3	-4.014919999997801
16	3	-4.008044999998674
16	3	-4.0025449999993725
16	3	-2.243608500000846
16	3	-2.2383272500010207
16	3	-2.171452250000584
16	3	-0.7427647500007879
16	3	-0.09623450000071898
16	3	0.033390500000678
16	3	0.6742967499994847
16	3	1.4650467499996012
16	3	1.8529530000014347
16	4	-5.777637750001304
16	4	-5.760794000001624
16	4	-2.2699835000021267
16	4	0.23985924999942654
16	5	-3.0025769999992917
16	5	-1.8087020000020857
16	5	-1.8045457500011253
16	5	-1.8022332500004268
16	5	-1.5166395000014745
16	5	-0.6062655000023369
16	5	0.44351574999745935
16	5	1.5105147499998566
16	6	-3.7767955000017537
16	6	-3.76285800000187
16	6	-3.748639249999542
16	6	-3.6382017500000075
16	6	-1.6333277500016266
16	6	-1.2956402500021795
16	6	-0.012734000003547408
16	6	1.371608749999723
16	6	1.5601087499999267
16	7	-2.7627327500013052
16	7	-0.06473374999768566
16	7	-0.04442124999695807
16	8	-5.409294500001124
16	8	-5.006950750001124
16	8	-5.000638249999611
16	8	-4.471606999999494
16	8	-3.4551695000009204
16	8	-2.7213579999988724
16	8	-2.716607999998814
16	8	-2.705920500000502
16	8	-1.8462954999995418
16	8	0.5232034999971802
16	8	0.7631722499972966
16	8	0.7817660000000615
16	8	0.7919222499986063
16	9	-4.843387749999238
16	9	-4.704481500000838
16	9	-4.34291999999914
16	9	-3.6240450000004785
16	9	-3.014013749998412
16	9	-2.1515137499991397
16	9	-2.1442949999982375
16	9	-0.6972022500012827
16	9	-0.0599210000000312
16	9	1.6712655000010272
16	9	1.762515499998699
16	10	-4.463888999998744
16	10	-2.4368587499957357
16	10	-2.4060149999968417
16	10	-1.7492337499970745
16	10	-0.9235774999942805
16	10	0.17651525000110269
16	10	0.18692150000060792
16	10	0.7536090000030526
16	11	-1.7535459999999148
16	11	-1.7133897500025341
16	11	-1.3893897500020103
16	11	-1.1003272500020103
16	11	-0.8597022499998275
16	11	-0.5586397500010207
16	11	-0.552608500001952
16	11	-0.5272960000002058
16	11	-0.5078907500028436
16	11	-0.43276575000345474
16	11	0.4848592499947699
16	12	-5.714295000001584
16	12	-4.184763749999547
16	12	-3.6402012500002456
16	12	-3.620482499998616
16	12	-2.0871709999992163
16	12	-1.8154834999986633
16	12	-0.6933282499994675
16	12	0.1505467499991937
16	12	0.18120300000009593
16	12	0.8395467500013183
16	13	-4.882138249999116
16	13	-4.848794499997894
16	13	-3.8670142500013753
16	13	-3.638983000000735
16	13	-3.627857999999833
16	13	-2.268607999998494
16	13	-1.5656089999974938
16	13	-0.2381089999980759
16	13	-0.23304649999772664
16	13	0.193109750001895
16	13	0.19967225000073086
16	13	0.21251600000323378
16	14	-5.189451000002009
16	14	-4.003732249999302
16	14	-3.5861697500004084
16	14	-3.3214520000001357
16	14	-2.9170144999989134
16	14	-2.864951999999903
16	14	-2.752795749998768
16	14	-2.3805457499984186
16	14	-2.3667644999986805
16	14	-2.357639499998186
16	14	-2.0048270000006596
16	15	-5.730043750005279
16	15	-5.699762500003999
16	15	-3.732701000004454
16	15	-3.3936697500030277
16	15	-2.8352957500028424
16	15	-2.161514499999612
16	15	-1.7186082500011253
16	15	-1.3309832500017365
16	15	-1.0775145000006887
16	15	-0.944733250002173
16	16	-3.0603257500006293
16	16	-2.209920500001317
16	16	-1.6192642499991052
16	16	0.8725159999958123
16	16	1.6563909999968018
16	16	1.7701409999972384
16	16	1.9393909999962489
16	17	-4.541514000004099
16	17	-3.8577640000039537
16	17	-2.908357750002324
16	17	-2.8305140000047686
16	17	-2.812357750004594
16	17	-1.8113587500010908
16	17	-1.8056400000023132
16	17	-1.7992025000021385
16	17	-1.791015000002517
16	17	-1.1503587500010326
16	17	-1.070421250002255
16	17	0.5302964999973483
16	17	1.1248589999959222
16	18	-5.599138000001403
16	18	-5.338764000000083
16	18	-5.012545249999675
16	18	-3.559482749999006
16	18	-3.541889000000083
16	18	-3.4443890000002284
16	18	-1.7172337500014692
16	18	-1.6937337500021385
16	18	-0.45076500000141095
16	18	-0.31735974999901373
16	18	0.07629649999944377
16	18	0.9047652500012191
16	18	0.9242339999982505
16	19	-5.033043999999791
16	19	-3.0233262500005367
16	19	-3.021701249999751
16	19	-1.942263749999256
16	19	-1.889201250000042
16	19	-1.3468897499988088
16	19	-0.8630147500007297
16	19	-0.28770224999971106
16	19	0.27104775000043446
16	19	1.1672029999972438
16	19	1.373327999997855
16	20	-4.303763750001963
16	20	1.622421750002104
16	21	-3.463419999996404
16	21	-3.386107499998616
16	21	-3.3787949999968987
16	21	-3.3664199999984703
16	21	-1.6244834999997693
16	21	-1.4987647499983723
16	21	-1.4942960000007588
16	21	-1.478889750000235
16	21	-1.3238584999999148
16	21	-1.2805147500002931
16	21	1.5446092500023951
16	23	-5.919825749999291
16	23	-3.74967050000123
16	23	-3.1780142500028887
16	23	-2.969670500002394
16	23	-2.962483000002976
16	23	-2.3755767500042566
16	23	-0.1610465000012482
16	24	-5.626450750001823
16	24	-4.5792017499989015
16	24	-4.066795499998989
16	24	-4.006889249998494
16	24	-3.1420142499991925
16	24	-2.967295499998727
16	24	-2.403264249998756
16	24	-2.3451090000016848
16	24	-2.1779215000024124
16	24	-2.16820275000282
16	24	-2.149609000000055
16	24	-2.1052652500002296
16	24	-1.9249215000018012
16	24	-1.060171500001161
16	24	-0.8237340000014228
16	24	-0.6812965000026452
16	24	-0.27567150000322727
16	24	-0.25535900000249967
16	24	0.19835874999989755
16	24	0.9295462500012945
16	25	-5.601294250001956
16	25	-5.5943255000020145
16	25	-5.575169250001636
16	25	-5.21026300000085
16	25	-4.526045250000607
16	25	-2.9327014999980747
16	25	-1.9928275000020221
16	25	-1.9860150000022259
16	25	-1.9702649999999267
16	25	-1.0950150000026042
16	25	-1.0716087500004505
16	25	-0.8773275000021385
16	25	0.3170465000002878
16	25	0.3226715000018885
16	25	1.6545152500002587
16	25	1.6714214999992691
16	25	1.6944527500018012
16	26	-5.606763249998039
16	26	-4.271544499995798
16	26	-3.58076324999638
16	26	-3.0304517499971553
16	26	-3.0244204999980866
16	26	0.7256097500030592
16	26	0.7473597500029427
16	27	-5.373231499997928
16	27	-4.9372637499982375
16	27	-4.206576249998761
16	27	-3.7457324999959383
16	27	-3.740763749996404
16	27	-3.3710449999962293
16	27	-2.609639750000497
16	27	-2.2817022499984887
16	27	-1.674202250000235
16	27	-1.6594834999996237
16	27	-0.2902022499984014
16	27	-0.147483500000817
16	27	1.4152655000034429
16	27	1.4725155000014638
16	28	-5.95932475000518
16	28	-5.807449750001979
16	28	-5.791512250005326
16	28	-5.781574750002619
16	28	-5.284262250002939
16	28	-4.980919500001619
16	28	-4.127294500001881
16	28	-3.4535445000037726
16	28	-3.414325750003627
16	28	-1.4582017500033544
16	28	-0.6781392500051879
16	28	-0.6610142500030634
16	28	0.5106722499986063
16	28	1.0007972499988682
16	28	1.0077034999994794
16	29	-5.256044500001735
16	29	-4.615169500000775
16	29	-3.127795500000502
16	29	-2.5046705000022484
16	29	-1.869233000001259
16	29	-1.558327750004537
16	29	-1.2157652500027325
16	29	-0.8861090000027616
16	29	-0.8796402500011027
16	29	-0.8266402500012191
16	29	-0.8231090000044787
16	30	-5.045326499999646
16	30	-5.018138999999792
16	30	-3.9171702499988896
16	30	-3.9073889999999665
16	30	-2.432077500001469
16	30	-2.0980149999995774
16	30	-0.8130149999997229
16	30	-0.5030462499998976
16	30	-0.5005462500012072
16	30	1.2676090000022668
16	31	-5.390513999998802
16	31	-4.115826499997638
16	31	-3.086107749997609
16	31	-1.1910462499981804
16	31	-1.155546249996405
16	31	-0.8493274999964342
16	31	-0.44014099999913014
16	31	1.4708277500030817
16	32	-4.138295250002557
16	32	-3.33167025000148
16	32	-1.9999212500006252
16	32	-1.9885462499987625
16	32	-1.983046249999461
16	32	-1.97492124999917
16	32	-0.2828910000025644
16	32	-0.2671410000039032
16	32	1.9721714999977848
16	33	-5.2647314999994705
16	33	-5.224512749999121
16	33	-4.135637749997841
16	33	-2.662763749998703
16	33	-2.4233574999962
16	33	-2.400826249995589
16	33	-2.067763749997539
16	33	-2.0556699999979173
16	33	-1.3421397499987506
16	33	-0.4361709999975574
16	33	-0.1637334999977611
16	34	-3.688763250000193
16	34	-3.5857319999995525
16	34	-3.574357000001328
16	34	-3.0927320000009786
16	34	-3.078575749997981
16	34	-3.065013250001357
16	34	-3.055856999999378
16	34	-2.823263250000309
16	34	-2.1298892499980866
16	34	-1.6743892499980575
16	34	-0.43513924999933806
16	34	-0.036577750001015374
16	34	1.280578499998228
16	34	1.5643285000005562
16	34	1.5730785000014293
16	34	1.5822034999982861
16	34	1.920390999999654
16	35	-5.436450249999325
16	35	-4.708638749998499
16	35	-4.692326249998587
16	35	-3.968263750000915
16	35	-3.8610137499999837
16	35	-3.505451249999169
16	35	-2.4706084999997984
16	35	-2.3874522499972954
16	35	-2.0297334999995655
16	35	-2.0086709999995946
16	35	-1.9005772499986051
16	35	0.9052967499992519
16	35	0.9367967500002123
16	35	0.9466717499999504
16	35	0.9554529999986698
16	35	0.990734250000969
16	35	1.5640779999994265
16	35	1.5704217499987863
16	35	1.5782967499981169
16	35	1.7017029999988154
16	36	-5.8642622500010475
16	36	-5.848574749998079
16	36	-5.168700750000426
16	36	-3.799919500001124
16	36	-3.093825750001997
16	36	-2.172170499998174
16	36	-1.7890142500000366
16	36	-1.2648892500001239
16	36	1.007359750001342
16	36	1.015984750003554
16	36	1.0290785000033793
16	36	1.5176722500036703
16	37	-3.930044499997166
16	37	-3.9093892499986396
16	37	-3.5790767499966023
16	37	-3.533732999996573
16	37	-1.8554829999993672
16	37	-1.8465767499983485
16	37	-1.825045499997941
16	37	-0.9580152499947872
16	37	-0.9492339999960677
16	37	-0.9383902499976102
16	37	-0.796608999997261
16	37	-0.7787964999952237
16	37	-0.7658277499976975
16	38	-5.877887750000809
16	38	-5.132293999999092
16	38	-4.860262750000402
16	38	-2.2555137500021374
16	38	-2.2327949999998964
16	38	-2.195451250001497
16	38	-2.1738887499996054
16	38	-2.152795000001788
16	38	-1.854982500000915
16	38	-1.3635147499990126
16	38	-1.348858499997732
16	38	-1.3323584999998275
16	38	-1.3190772499983723
16	38	-0.507889749998867
16	38	-0.19801474999985658
16	38	-0.11163975000090431
16	38	-0.09854600000107894
16	38	0.9732029999977385
16	38	1.5284217499975057
16	39	-5.7282315000011295
16	39	-3.8643887500038545
16	39	-3.8532012500036217
16	39	-3.8465137500024866
16	39	-3.6054512500013516
16	39	-2.904013750001468
16	39	-1.988513750002312
16	39	-1.9824210000006133
16	39	0.954953000000387
16	40	-5.441294500000367
16	40	-4.374514249997446
16	40	-3.1947329999966314
16	40	-0.8849527499987744
16	40	-0.22045274999982212
16	40	0.17007750000266242
16	41	-4.888700749997952
16	41	-4.49032575000092
16	41	-3.7997319999994943
16	41	-3.786044500000571
16	41	-2.664825749998272
16	41	-2.651669499999116
16	41	-2.5648892500030342
16	41	-2.3173580000002403
16	41	-2.2801705000019865
16	41	-1.8553267500028596
16	41	-0.7830767500017828
16	41	1.9359535000003234
16	42	-2.5086397500017483
16	42	-2.4994834999997693
16	42	-1.5720147500032908
16	42	-0.5626710000033199
16	42	0.09210924999570125
16	42	1.4032967499952065
16	43	-5.6046375000005355
16	43	-3.7372947500007285
16	43	-0.8939207500006887
16	43	-0.2665457500006596
16	43	0.41145324999888544
16	43	1.906484499999351
16	43	1.909453249998478
16	44	-5.272638750004262
16	44	-3.9994825000030687
16	44	-2.778014750001603
16	44	-2.3926085000020976
16	44	-2.084889750000002
16	44	-2.0068897500023013
16	44	0.8612654999960796
16	45	-4.063576000000467
16	45	-2.8142947500018636
16	45	-2.8013572500021837
16	45	-1.7066082499986805
16	45	-1.6540769999992335
16	45	-0.5797332500005723
16	46	-4.408013500004017
16	46	-3.7090135000034934
16	46	-1.0998270000018238
16	46	-1.0951395000010962
16	46	-1.0887957500017365
16	46	0.8902969999980996
16	47	-4.412607250000292
16	47	-3.5433582500008924
16	47	-3.2626395000006596
16	47	-2.147452000001067
16	47	-1.9136082500008342
16	47	-1.895295750000514
16	47	-1.8589520000023185
16	47	-1.4996707499994955
16	47	-1.3590457499994955
16	47	-0.7953280000001541
16	47	-0.31179675000021234
16	47	-0.27820299999802955
16	47	-0.011046749998058658
16	47	0.37242200000036974
16	47	0.5144844999995257
16	47	0.6822969999993802
16	47	1.121515750000981
16	47	1.1270470000017667
16	47	1.4051397499970335
16	48	-4.835544499997923
16	48	-4.82826324999769
16	48	-4.8041694999956235
16	48	-4.22260699999606
16	48	-4.035701749999134
16	48	-3.4877955000010843
16	48	-3.460014249998494
16	48	-2.9763892499977374
16	48	-2.23117049999928
16	48	-0.636046499996155
16	48	-0.5358902499974647
16	48	-0.5093277499981923
16	48	0.6052347500008182
16	48	1.9562025000013818
16	49	-5.605418999999529
16	49	-4.502419000000373
16	49	-4.134763750000275
16	49	-3.749201250000624
16	49	-2.092451250002341
16	49	-1.9207324999988487
16	49	-1.869670000000042
16	49	-0.1355772499991872
16	50	-4.780856499997753
16	50	-2.4784824999951525
16	50	-1.9890762499962875
16	50	-1.934232499996142
16	50	-1.399327249997441
16	50	-1.1089834999984305
16	50	-0.6305147499988379
16	50	1.9510155000025406
17	1	-5.81145099999776
17	1	-0.2613279999968654
17	1	1.1135147500026505
17	2	-1.769764499997109
17	3	-5.865950250001333
17	3	-4.182357499998034
17	3	-0.11542100000224309
17	3	-0.1092960000023595
17	3	-0.10185850000198116
17	4	-2.2745772500020394
17	4	-2.261671000000206
17	5	1.4742960000003222
17	5	1.4800460000005842
17	6	-1.6280152500039549
17	6	-1.6211090000033437
17	6	0.3807024999987334
17	6	1.347139999998035
17	6	1.3530462499984424
17	7	-5.636263000000326
17	7	0.13548399999854155
17	7	0.1437340000011318
17	7	0.15751525000086986
17	7	0.17126524999912363
17	8	-2.7038892499986105
17	8	-1.851670500000182
17	8	-1.8390767499986396
17	8	0.7714534999977332
17	9	-0.6549522500026796
17	9	-0.6492647500017483
17	9	1.654796750000969
17	9	1.6617342499994265
17	10	-0.91838999999527
17	10	-0.9103899999972782
17	10	-0.7893899999944551
17	11	-1.7410460000028252
17	12	-1.8977647499996237
17	13	-4.892388249998476
17	13	-2.3112954999996873
17	13	-0.22223399999711546
17	13	-0.018452749998687068
17	13	-0.0016089999990072101
17	14	-3.3264519999975164
17	14	-3.31201449999935
17	14	-2.9327332499997283
17	14	-2.9237020000000484
17	15	-5.357638500001485
17	15	-5.351826000001893
17	15	-5.343669750003755
17	15	1.764296999997896
17	16	1.5624847499966563
17	17	-2.8476702500047395
17	17	-2.8428577500017127
17	17	-2.8355140000021493
17	18	-3.5545139999994717
17	19	-3.440201249999518
17	19	0.6247040000016568
17	21	-3.029826249996404
17	21	-3.025638749997597
17	21	-3.019232499998907
17	21	-3.0103262499978882
17	21	-1.490202249999129
17	22	0.443515999999363
17	22	0.45510975000070175
17	23	-0.1814215000013064
17	23	-0.1742652499997348
17	23	1.2661712500012072
17	24	-4.032451750001201
17	24	-4.027514249999513
17	24	-4.0209204999991925
17	24	-4.014420499999687
17	24	-3.150889249998727
17	24	-2.2194840000011027
17	24	-1.3062027500018303
17	24	-0.8083590000023833
17	25	-2.9395764999972016
17	25	-2.925545250000141
17	25	-2.916576499999792
17	25	-1.9779837500027497
17	25	-1.039577499999723
17	25	-0.926202500002546
17	26	-5.598513249995449
17	28	-5.79994975000227
17	28	-0.2668892500041693
17	28	-0.2613580000033835
17	28	0.7811409999994794
17	28	0.7870784999977332
17	28	1.4621722499978205
17	28	1.4694847499958996
17	29	-5.62082575000386
17	29	-5.604607000001124
17	29	-5.401982000003045
17	29	-5.395388250002725
17	29	-3.1553892500014626
17	30	-3.912076499997056
17	30	-3.904545249999501
17	30	-1.4604837500010035
17	30	-1.4554212500006543
17	30	-1.4484212499992282
17	30	-0.8227962500022841
17	30	1.8940152499999385
17	30	1.900640250001743
17	31	-4.854357749998599
17	31	-4.84570149999854
17	32	-5.720856749998347
17	32	1.951827749999211
17	33	-5.2939189999997325
17	33	-2.0866074999976263
17	34	-5.364355999998224
17	34	-5.359293499997875
17	34	-1.11770174999765
17	34	-0.4407329999994545
17	35	-2.3984522499995364
17	35	-2.376608499998838
17	35	-2.0449522499984596
17	35	-2.016952250000031
17	35	0.04001549999884446
17	35	0.04689049999797135
17	36	-2.402045499999076
17	36	0.594422250000207
17	36	0.996047250002448
17	37	-3.545545499997388
17	37	-3.541014249996806
17	37	-0.7869214999955148
17	38	-2.156795000002603
17	38	0.27398525000171503
17	38	0.27954775000034715
17	39	-3.8866700000035053
17	39	-3.878607500002545
17	39	-2.8542325000016717
17	39	-2.842857500003447
17	39	-2.0418887500018172
17	39	-2.03232625000237
17	39	-0.3357647500015446
17	40	-0.8749214999988908
17	40	-0.8622027499986871
17	40	1.873671250003099
17	40	1.8790775000015856
17	41	-3.794138249999378
17	41	1.9309222500014585
17	41	1.9447660000005271
17	42	-2.5175772500006133
17	42	1.8138592499963124
17	43	-5.234700000000885
17	43	-1.8661394999980985
17	44	0.869734249998146
17	44	0.8751717499981169
17	45	-4.785981249999168
17	45	-4.771324999997887
17	45	-4.7633562499977415
17	45	1.3527344999965862
17	46	-1.8463269999992917
17	46	-1.8400457499992626
17	46	-1.8312645000005432
17	48	-0.3929214999989199
17	49	-5.870106499998656
17	49	-3.755388749999838
17	49	-1.9801699999989069
17	49	-0.8444522499994491
17	49	-0.13195224999799393
17	49	-0.1256397500001185
17	50	-0.9394522500006133
17	50	-0.9327959999973245
17	50	-0.6142647499982559
17	50	1.0940155000025698
18	1	-3.54785824999999
18	1	-0.2777654999954393
18	2	-1.2552967500014347
18	3	0.16404675000012503
18	3	0.3099842500014347
18	3	1.4756405000007362
18	5	1.422296999997343
18	7	-4.96826300000248
18	7	-3.106888999998773
18	8	-5.01088824999897
18	9	-3.020076249998965
18	10	-4.4567327499971725
18	10	0.947109000000637
18	10	1.8550777500022377
18	11	-1.9321397500025341
18	11	-1.7233897500009334
18	12	-1.717483499996888
18	12	1.010984249998728
18	14	-2.8914519999998447
18	15	-5.368701000003057
18	15	-1.9860145000020566
18	16	-0.3895142500005022
18	17	-1.9882025000006252
18	18	-3.6100140000016836
18	18	-3.5470764999990934
18	19	-3.0129200000010314
18	20	-5.81257524999819
18	20	-0.5902334999991581
18	20	0.01970400000209338
18	21	-2.3132647499987797
18	22	-0.9408902499999385
18	22	0.43329725000148755
18	22	1.07257749999917
18	24	0.674452499999461
18	25	0.3140464999996766
18	25	1.6823277500006952
18	26	-4.253263249996962
18	27	-3.7378262499987613
18	27	-1.6871397499999148
18	27	1.4014217500043742
18	29	-5.590388250002434
18	29	-3.140326749999076
18	29	-2.5344829999994545
18	30	-2.02614000000176
18	30	-1.4391087500007416
18	30	-0.8292962500017893
18	31	-5.886419250000472
18	31	-4.837951499997871
18	33	-5.345887749997928
18	33	-0.08454599999822676
18	34	-4.4408882499992615
18	34	1.5684847500015167
18	37	-3.4154204999977082
18	37	-1.8366392499992799
18	37	-0.9709214999966207
18	39	-3.615263750001759
18	41	-1.827201750002132
18	41	0.8881409999994503
18	43	-4.5888572500007285
18	43	1.9030157499983034
18	43	1.91129699999874
18	43	1.9157969999978377
18	45	0.13451675000032992
18	46	-1.108170750001591
18	47	-1.5851707500005432
18	47	-1.4786707500024932
18	48	-3.4980142499989597
18	48	-1.2992339999982505
18	49	-1.8769512500002747
19	1	-5.073607249996712
19	1	-5.057325999998284
19	1	-4.690669749998051
19	1	0.313140750004095
19	2	-1.2523279999986698
19	3	-5.791294000002381
19	4	-4.237763749999431
19	4	-0.02879699999903096
19	5	-5.823576000002504
19	5	0.6144219999987399
19	6	-4.465889250001055
19	6	-4.4527642499997455
19	6	-4.037608000002365
19	6	-2.1885152500035474
19	6	-1.9224527500009572
19	6	-1.5846090000013646
19	6	-1.568921500002034
19	6	-1.2837027500027034
19	6	1.6022649999977148
19	7	-5.514200500001607
19	7	-4.388732750001509
19	7	-2.0122649999975692
19	7	1.022859000000608
19	8	-5.855419499999698
19	8	-5.449481999999989
19	8	-4.611888250001357
19	8	-2.6034829999989597
19	9	-4.268638749999809
19	9	-4.090826249997917
19	9	-1.833858500001952
19	9	1.760046750001493
19	9	1.7673905000010564
19	10	-3.0080139999990934
19	10	-2.8470764999983658
19	10	-1.1242337499970745
19	10	-0.04067224999744212
19	10	0.20773400000325637
19	11	-5.739294000002701
19	11	-4.986763750002865
19	11	-3.6043887500018172
19	11	-3.513388750005106
19	11	-2.7161085000007006
19	12	-4.84438874999978
19	12	-4.641794999999547
19	12	-3.6697950000016135
19	12	-2.8932959999983723
19	12	-2.8535147499969753
19	12	-0.11739075000150478
19	12	-0.10685949999970035
19	13	-2.5057955000011134
19	13	-1.3985464999968826
19	13	0.2383285000032629
19	14	-5.754232250001223
19	14	-3.820732250002038
19	14	-2.6047332499983895
19	15	-3.3628260000041337
19	15	-2.162233250001009
19	15	-1.1739520000010089
19	16	-2.5479517499989015
19	16	-0.5556705000017246
19	16	0.39960974999848986
19	18	-4.066920249999384
19	18	-2.0671087500013527
19	18	-1.7690775000010035
19	18	0.8104840000014519
19	18	1.9735777499990945
19	19	-5.109231499998714
19	19	-4.0274200000021665
19	19	1.2019529999997758
19	19	1.8259217499980878
19	20	-5.315825249999762
19	20	-4.978637749998597
19	20	-1.5392959999990126
19	20	-0.21585849999974016
19	20	0.18489050000425777
19	21	-1.2182647500012536
19	22	-1.6949205000018992
19	23	-4.497450750001008
19	23	-3.181764250002743
19	24	1.9892337499986752
19	25	-2.4277962500018475
19	26	-3.58320074999574
19	26	-0.5958589999972901
19	26	1.5764222500038159
19	26	1.58382850000271
19	26	1.5893597500034957
19	26	1.608828500004165
19	26	1.6151097500041942
19	26	1.621766000003845
19	26	1.7260472500020114
19	27	-2.587327249999362
19	27	-0.5765147499987506
19	27	1.5608592500029772
19	27	1.5676405000012892
19	28	-1.6302642500049842
19	29	-5.8051070000037726
19	29	-1.1839215000036347
19	30	-1.6825462500019057
19	30	-1.082546249999723
19	30	-0.6645150000003923
19	32	-1.3453899999985879
19	33	-2.7450449999960256
19	34	-4.387763250000717
19	35	1.6407655000002705
19	36	-3.2790757500006293
19	36	0.8089847500014002
19	37	-5.887294499996642
19	37	-5.656919499997457
19	37	-3.256170499997097
19	37	-2.6487954999975045
19	37	-0.42198399999688263
19	37	0.6472035000042524
19	37	1.652452500002255
19	38	-2.1281387500021083
19	38	0.06323524999970687
19	38	0.557391500002268
19	38	1.9492342499979713
19	39	-5.737981500002206
19	39	-5.709637750002003
19	39	-5.584700250001333
19	39	-5.5484502500003146
19	39	-5.437356500002352
19	39	-3.6852950000029523
19	39	-0.7707022499998857
19	39	-0.40248350000183564
19	39	0.3736414999984845
19	39	1.0025155000002997
19	39	1.5548904999996012
19	40	-4.465045499997359
19	40	-2.9706392499974754
19	40	-2.918576749998465
19	40	-2.7874829999964277
19	40	-2.7779829999999492
19	40	-1.211296500001481
19	40	-0.7762340000008408
19	40	1.2022649999998976
19	40	1.2102962500030117
19	40	1.9635462500009453
19	41	-5.491543500000262
19	41	-5.483668500000931
19	41	-4.178388249998534
19	41	-3.1298569999999017
19	41	-2.7089820000001055
19	41	-1.3569517500000075
19	41	-1.0615455000006477
19	41	-0.938420500002394
19	41	-0.23029550000137533
19	41	0.6907035000003816
19	41	0.7029847500016331
19	41	1.875047249999625
19	41	1.8840784999993048
19	42	-5.904825250003341
19	42	-4.426607500005048
19	42	-3.7687012500027777
19	42	-3.349451250003767
19	42	-2.6504210000020976
19	42	-1.8777022499998566
19	42	-1.8614522500029125
19	42	-1.3076085000029707
19	42	-1.2860772500025632
19	42	-1.246796000003087
19	42	-0.937264750002214
19	42	-0.9010147500011954
19	42	-0.5583272500007297
19	42	-0.21107825000217417
19	42	-0.1948907500045607
19	42	0.5109217499957595
19	42	1.138640499997564
19	42	1.247921749996749
19	42	1.7919842499977676
19	43	-5.986481249998178
19	43	-2.235733249999612
19	43	-0.973514500001329
19	43	-0.6515145000012126
19	43	-0.5277644999987388
19	43	1.5599219999967318
19	43	1.9481407499988563
19	44	-5.3278887500018755
19	44	-5.325920000002952
19	44	-4.384045000002516
19	44	-4.3513262500018755
19	44	-4.05948250000074
19	44	-1.1362960000005842
19	44	-0.47645325000121375
19	44	-0.12795325000115554
19	44	-0.11654700000144658
19	44	0.27489049999712734
19	44	0.9036092499954975
19	44	1.5792967499983206
19	44	1.9941082499972254
19	45	-4.8443562499996915
19	45	-3.8089510000027076
19	45	-3.535263500001747
19	45	-3.516544750000321
19	45	-3.329857250002533
19	45	-3.2275135000018054
19	45	-3.199701000001369
19	45	-2.7667947500012815
19	45	-2.391826000002766
19	45	-0.11082700000042678
19	46	-1.9912332500025514
19	46	-1.6775457500007178
19	46	-1.5960145000026387
19	46	-1.5287645000025805
19	46	-1.4776395000008051
19	46	-1.0122957500025223
19	46	-0.9912020000010671
19	46	-0.9740457500010962
19	46	-0.8832957500017073
19	46	-0.19779675000245334
19	46	-0.18220300000393763
19	46	-0.11348425000323914
19	46	-0.06023425000239513
19	46	-0.012265500001376495
19	46	0.2009219999963534
19	47	-5.969232249997731
19	47	-5.9276697499990405
19	47	-5.821638499997789
19	47	-1.8617957500027842
19	47	-1.8587645000006887
19	48	-3.703951749997941
19	48	-3.582107999998698
19	48	-3.5402642500012007
19	48	-3.473576749998756
19	48	-3.449514249998174
19	48	-3.4115454999991925
19	48	-3.391358000000764
19	48	-3.372514250000677
19	48	-3.269607999998698
19	48	-3.1657642499994836
19	48	-3.109982999998465
19	48	-2.873764249998203
19	48	-2.8253892499997164
19	48	-2.7970454999995127
19	48	-2.7252642499988724
19	48	-2.6983579999978247
19	48	-2.634951749998436
19	49	-2.299982500000624
19	49	-2.201919999999518
19	49	-2.076013750000129
19	49	-1.8335762499991688
19	49	-1.808420000001206
19	49	-1.7885449999994307
19	49	-1.713889749997179
19	49	-1.6947959999997693
19	49	-1.5778585000007297
19	49	-1.5535772500006715
19	49	-1.5232335000000603
19	49	-1.4941397500006133
19	49	-1.4775147500004095
19	49	-1.432733499997994
19	49	-1.394702249999682
19	49	-1.3252022499982559
19	49	-1.30301474999942
19	49	-1.2436084999972081
19	49	-1.1987022499997693
19	49	-1.1386710000006133
19	49	-0.9394834999984596
19	49	-0.9198272499997984
19	49	-0.895014749999973
19	49	-0.821514749997732
19	49	-0.7922022499988088
19	49	-0.7451709999986633
19	49	-0.7018897499983723
19	49	-0.45651474999976926
19	49	-0.43910849999883794
19	49	-0.4121397499984596
19	49	-0.3785459999999148
19	49	-0.2958272500000021
19	49	-0.2764209999986633
19	49	-0.16507724999974016
19	49	-0.06285849999767379
19	49	0.36011024999970687
19	49	0.388704000000871
19	49	0.4237352500022098
19	49	0.5116727500026172
19	49	0.5666102499999397
19	49	0.5869540000021516
19	49	0.6240477499995905
19	49	0.6388915000025008
19	49	0.7744217500039667
19	49	0.7954842500039376
19	49	0.8115467500028899
19	49	0.8304530000023078
19	49	0.8484217500044906
19	49	1.005328000002919
19	49	1.2648280000030354
19	49	1.447453000004316
19	49	1.4633280000016384
19	49	1.5056717500010564
19	50	-4.816168999997899
20	4	-5.035763749998296
20	6	-3.073389249999309
20	7	-5.467294250000123
20	8	-1.0063267500008806
20	10	-3.1899514999968233
20	10	0.6255777500009572
20	14	-2.7053582499975164
20	17	-5.865325500002655
20	18	-1.7489525000019057
20	18	-1.6240462500027206
20	19	-3.9924512500001583
20	20	-0.3936084999986633
20	21	1.8556092500002705
20	24	1.8627024999987043
20	24	1.8670462500012945
20	24	1.8717025000005378
20	24	1.8762962500004505
20	24	1.8811087499998393
20	24	1.8866400000006252
20	24	1.904108750000887
20	24	1.9157650000015565
20	24	1.9256087499998102
20	26	-0.581358999996155
20	26	1.5345160000033502
20	26	1.5392660000034084
20	26	1.5432972500020696
20	26	1.5477347500018368
20	26	1.5527660000043397
20	26	1.5584222500037868
20	26	1.5642660000012256
20	26	1.5704222500025935
20	26	1.6021097500015458
20	27	1.5171092500022496
20	27	1.526609250002366
20	27	1.5362342500011437
20	27	1.5426717500013183
20	27	1.5492655000016384
20	27	1.5555780000031518
20	27	1.581609250002657
20	33	-3.6902637499988487
20	34	1.7222660000006726
20	41	1.094328499999392
20	41	1.300828499999625
20	43	-4.16223225000067
20	43	-2.9038260000015725
20	43	-0.6490457500003686
20	43	-0.5561082499989425
20	43	1.958078249997925
20	44	-4.416451250002865
20	44	-4.411826250001468
20	44	-4.374576250003884
20	44	-0.3981407500032219
20	44	1.6940779999968072
20	45	-5.07470000000103
20	46	-1.8033582499992917
20	46	-1.7983270000004268
20	46	-1.792702000002464
20	46	-1.7873270000018238
20	46	-1.7815145000022312
20	46	-1.7740145000025223
20	46	-1.7664207500019984
20	46	-1.7544832500025223
20	46	-1.7410770000024058
20	46	-1.7213895000022603
20	46	-1.7050770000023476
20	46	-1.6603270000014163
20	46	-1.6402020000023185
20	46	-1.624327000001358
20	46	-1.6091395000003104
20	46	-1.5634207500006596
20	46	-1.5485770000013872
20	46	-0.0827030000036757
20	47	-5.907326000000467
20	47	-5.737575999999535
20	47	-5.436482249999244
20	47	-2.233795750002173
20	47	-0.8633592500009399
20	48	-3.7157017499994254
20	48	-3.620701749998261
20	48	-3.5519830000012007
20	48	-3.5264517499999783
20	48	-3.43717050000123
20	48	-3.305108000000473
20	48	-3.2500455000008515
20	48	-3.2233267499977956
20	48	-3.2003892499997164
20	48	-3.0402642500012007
20	48	-3.0137329999997746
20	48	-2.9948892499996873
20	48	-2.976264249999076
20	48	-2.95670175000123
20	48	-2.9277017499989597
20	48	-2.8472017499989306
20	48	-2.6749204999978247
20	49	-3.851295000000391
20	49	-3.272638750000624
20	49	-2.459419999999227
20	49	-2.4291699999994307
20	49	-2.4007950000013807
20	49	-2.387482500002079
20	49	-2.342357500001526
20	49	-2.3235762500007695
20	49	-2.2687949999999546
20	49	-2.173138750000362
20	49	-2.144576250000682
20	49	-2.1139512500012643
20	49	-2.095638750000944
20	49	-2.060857500000566
20	49	-2.039607499998965
20	49	-2.0052012500018463
20	49	-1.9790137500021956
20	49	-1.9591387500004203
20	49	-1.9384825000015553
20	49	-1.9162949999990815
20	49	-1.8970762499993725
20	49	-1.85610749999978
20	49	-1.680577249997441
20	49	-1.3546709999973245
20	49	-1.2765147499994782
20	49	-1.2167960000006133
20	49	-1.125389749999158
20	49	-1.1050772499984305
20	49	-1.0822334999975283
20	49	-1.0584834999972372
20	49	-1.041389750000235
20	49	-1.0207647499992163
20	49	-0.9918272499999148
20	49	-0.8606084999992163
20	49	-0.8430459999981395
20	49	-0.6592959999979939
20	49	-0.569358499997179
20	49	-0.36967100000038045
20	49	-0.24695224999959464
20	49	-0.20457724999869242
20	49	-0.10576474999834318
20	49	0.33873524999944493
20	49	0.6627977499992994
21	1	-4.682638499994937
21	1	-3.9766072499951406
21	2	-4.350638500000059
21	2	-3.9538269999975455
21	2	-2.2017957499992917
21	2	-2.0310144999966724
21	2	0.7514845000005153
21	3	-5.5577002499994705
21	3	-1.4895147500028543
21	4	-5.905200249999325
21	5	-5.313951000003726
21	6	-5.155888250003045
21	6	-3.0256704999992508
21	6	-1.0454527500041877
21	7	0.32229649999862886
21	8	-5.437981999999465
21	8	0.2633910000004107
21	9	-2.7811074999990524
21	9	-1.9011397499998566
21	10	0.0014527500024996698
21	12	-3.689763750000566
21	12	-2.1874209999987215
21	12	-1.9652022499976738
21	12	-1.8430459999981395
21	12	-0.5016094999991765
21	13	-1.442577749996417
21	13	0.255609750001895
21	15	-5.6308562500053085
21	15	-3.3439822500040464
21	15	-1.2281082500012417
21	16	-1.995889249999891
21	16	0.44154724999680184
21	17	-2.0242025000006834
21	17	-1.9377962500002468
21	17	-1.900608750001993
21	17	0.9127964999970573
21	18	-3.693014000000403
21	19	-5.420075250000082
21	19	-4.988293999998859
21	19	-3.9690450000016426
21	19	-2.6420450000005076
21	19	-1.8459825000027195
21	19	-1.1442647500007297
21	19	0.1558915000023262
21	20	-4.3157637500007695
21	20	-0.015608499998052139
21	20	0.2342030000036175
21	20	1.2816092500033847
21	21	-5.849481500001275
21	21	-4.9355752499977825
21	23	-4.637607000000571
21	23	-3.2377955000010843
21	24	-2.045577750002849
21	24	1.061171249999461
21	24	1.3947025000015856
21	24	1.792046250000567
21	25	-5.076606750000792
21	25	-4.859263999998802
21	25	-3.201638999998977
21	25	-0.1987025000016729
21	26	-0.5868277499976102
21	26	1.5959535000038159
21	26	1.6567035000043688
21	27	1.5748592500021914
21	27	1.6308905000041705
21	27	1.6462342500017257
21	27	1.6627967500025989
21	27	1.6866092500022205
21	27	1.7572342500025115
21	30	-1.6993900000015856
21	30	-1.3488275000017893
21	30	-0.7552649999997811
21	31	-0.31898474999979953
21	33	-4.301543999998103
21	34	-4.338575750000018
21	34	-1.107514249997621
21	36	-3.0371392499982903
21	36	-0.44626524999694084
21	36	1.9099535000023025
21	37	-5.295106999994459
21	37	-5.24073199999475
21	37	-5.200700749996031
21	37	-2.5936704999985523
21	37	-2.5719829999979993
21	37	-2.565170499998203
21	37	-2.5413892499964277
21	37	-2.226232999997592
21	37	-1.660982999997941
21	37	-1.344108999994205
21	37	0.0298597500041069
21	37	0.18410975000369945
21	37	1.043390000002546
21	37	1.0608275000013236
21	38	-5.580075249999936
21	38	-4.149576250001701
21	38	-3.046795000002021
21	38	-2.268920000002254
21	38	-0.17104599999947823
21	38	0.8010790000007546
21	38	1.1420779999971273
21	39	-5.979544000001624
21	39	-5.8407002500025555
21	39	-5.831668999999238
21	39	-5.776075249999849
21	39	-5.607168999998976
21	39	-5.4963252500019735
21	39	-5.362106500000664
21	39	-3.2822637500030396
21	39	-2.5041700000037963
21	39	-2.410482500003127
21	39	-2.317857500001992
21	39	-1.7303585000008752
21	39	-1.5114522500007297
21	39	-1.4227960000025632
21	39	0.30532899999889196
21	39	1.5915467500017257
21	40	-4.098764249996748
21	40	-4.092607999999018
21	40	-4.083857999998145
21	40	0.18576500000199303
21	41	-2.543889250002394
21	41	-1.9403579999998328
21	41	-0.4701080000013462
21	41	-0.44979550000061863
21	41	-0.2667642500018701
21	41	0.47320350000154576
21	42	-4.087107500003185
21	42	-3.3372325000018463
21	42	-3.289701250003418
21	42	-2.2011085000012827
21	42	-0.5407335000018065
21	42	0.15879674999814597
21	42	0.5840779999962251
21	42	0.7522967499971855
21	42	1.170609249995323
21	43	-4.655107250000583
21	43	-0.8170145000003686
21	43	1.9274844999999914
21	44	-4.9940137500016135
21	44	-4.406951250002749
21	44	-3.8418887500010896
21	44	-3.4265762500035635
21	44	-1.0788585000009334
21	44	1.3031404999965162
21	45	-4.86082499999975
21	46	-1.581452000002173
21	46	-1.095639499999379
21	46	-0.8507019999997283
21	46	0.054609499995422084
21	47	-5.876076000000467
21	47	-5.7667947499976435
21	47	-5.253732249999302
21	47	-5.229138499998953
21	47	-3.1975457500011544
21	47	-2.556264500002726
21	47	-1.8837020000028133
21	48	-3.710326749998785
21	48	-3.69582674999765
21	48	-3.6668892499983485
21	48	-3.6422954999979993
21	48	-3.32388925000123
21	48	-2.775201749998814
21	48	-2.7570142500007933
21	49	-2.230201250000391
21	49	-1.7312022499972954
21	49	-1.6329210000003513
21	49	-1.4168585000006715
21	49	-1.174920999997994
21	49	-0.8763897499993618
21	49	-0.7315772500005551
21	49	-0.680577249997441
21	49	-0.010077249997266335
21	49	0.03261025000028894
21	49	0.04917275000116206
21	49	0.08411025000168593
21	49	0.10323525000057998
21	49	0.18336025000098743
21	49	0.6525165000020934
21	49	0.6894539999993867
21	49	0.8614530000013474
21	49	1.1675155000011728
21	49	1.293578000004345
22	1	-5.900200999996741
22	1	-5.623482249997323
22	1	-4.099513499997556
22	1	-4.092357249995985
22	1	-1.8592332499974873
22	1	-1.1695154999979422
22	1	-0.0025467499981459696
22	1	0.26323450000199955
22	1	0.5595782500022324
22	1	1.0640772500009916
22	1	1.0899835000018356
22	2	-5.659919749999972
22	2	-5.593263499999011
22	2	-5.5906072500001756
22	2	-5.557575999999244
22	2	-5.20104474999971
22	2	-5.17101349999939
22	2	-5.165763500001049
22	2	-3.389233249999961
22	2	-2.359389499997633
22	2	-2.291858249998768
22	2	-2.2319832499997574
22	2	-2.170076999998855
22	2	-2.160920749996876
22	2	-1.47273425000094
22	2	-1.2007029999986116
22	2	-1.0101404999986698
22	2	-0.6755467500006489
22	2	-0.6578592500009108
22	2	0.613922000000457
22	2	0.8712022500003513
22	2	0.9158272500026214
22	2	1.5402960000028543
22	2	1.660546000002796
22	2	1.7737647499998275
22	2	1.8207647500021267
22	3	-5.639762750000955
22	3	-5.637106500002119
22	3	-5.630294000002323
22	3	-5.323887750000722
22	3	-5.052857499998936
22	3	-5.0440762500002165
22	3	-5.037919999998849
22	3	-4.796701249997568
22	3	-3.545888749998994
22	3	-3.5055137499984994
22	3	-2.7561387499990815
22	3	-2.6147012500005076
22	3	-2.3585772500009625
22	3	-2.180577250001079
22	3	-2.0670460000001185
22	3	-0.980639749999682
22	3	-0.8603585000018938
22	3	-0.5932334999997693
22	3	-0.5016085000024759
22	3	-0.4474210000007588
22	3	0.2691405000005034
22	3	0.2810155000006489
22	3	1.2197967499996594
22	4	-5.8269190000028175
22	4	-5.275951249997888
22	4	-4.948857499999576
22	4	-3.2780449999991106
22	4	-3.033608500001719
22	4	-3.0296397500023886
22	4	-2.7484835000032035
22	4	-2.7377960000012536
22	4	-2.5792022500027088
22	4	-2.5120772500013118
22	4	-2.449608500002796
22	4	-2.420421000002534
22	4	-1.992889750003087
22	4	-1.9842960000023595
22	4	-1.784108500000002
22	4	-1.7722022500020103
22	4	-1.7699522500006424
22	4	-1.3256085000029998
22	4	-1.3043897500028834
22	4	-1.2930147500010207
22	4	-1.1217647500016028
22	4	-1.0532960000018647
22	4	-0.5207032500002242
22	4	-0.41695324999818695
22	4	-0.41160949999903096
22	4	-0.30607824999970035
22	4	-0.27804699999978766
22	4	-0.25526574999821605
22	4	0.5467967500007944
22	4	0.6269217500012019
22	4	1.7603582500014454
22	5	-5.479544750003697
22	5	-5.047544750002999
22	5	-4.9212947500018345
22	5	-3.4205457499992917
22	5	-3.34101450000162
22	5	-2.4444519999997283
22	5	-2.4422957499991753
22	5	-2.0128582500001357
22	5	-1.8115457499989134
22	5	-1.7624207500011835
22	5	-1.734920750001038
22	5	-1.348920750002435
22	5	-1.294952000000194
22	5	-1.2920457500003977
22	5	-0.3919842500035884
22	5	-0.3481405000020459
22	5	0.6634219999978086
22	5	1.2520157499966444
22	5	1.8173272499989253
22	5	1.8407022499995946
22	5	1.844639749997441
22	6	-5.8499195000040345
22	6	-5.613888250001764
22	6	-5.599669500003074
22	6	-5.07395075000386
22	6	-4.699857999999949
22	6	-4.342389249999542
22	6	-4.246639249999134
22	6	-4.066951749999134
22	6	-3.4093892500022775
22	6	-3.296451750000415
22	6	-3.2458267500005604
22	6	-2.9772330000014335
22	6	-2.318670500000735
22	6	-2.3009517499995127
22	6	-1.832484000002296
22	6	-0.9695777500019176
22	6	-0.9149215000034019
22	6	0.08670349999738391
22	6	0.10632849999819882
22	6	0.23720250000042142
22	6	0.42029624999850057
22	6	0.9130149999982677
22	6	0.9923275000001013
22	6	1.0562024999999267
22	6	1.0934212499996647
22	6	1.2733587500006252
22	6	1.4299212499972782
22	6	1.9258274999992864
22	7	-5.948950500001956
22	7	-5.937169250002626
22	7	-5.8193567500020436
22	7	-5.720638000002509
22	7	-5.525138000000879
22	7	-5.448700500000996
22	7	-4.822732749998977
22	7	-3.448170250001567
22	7	-3.1483577500002866
22	7	-2.6710452500010433
22	7	-2.5273577500011015
22	7	-2.4887952499993844
22	7	-2.4703264999989187
22	7	-2.4582952499986277
22	7	-2.44085774999985
22	7	-2.422982749998482
22	7	-1.4732024999975692
22	7	-1.3307649999987916
22	7	-1.307358749996638
22	7	-1.2724524999975984
22	7	-0.33185874999981024
22	7	-0.026014999999460997
22	7	0.17548399999941466
22	7	0.28148399999918183
22	7	0.34729650000008405
22	7	0.36360899999999674
22	7	0.3688277500004915
22	7	0.8188589999990654
22	7	1.0727965000005497
22	7	1.2067339999994147
22	7	1.8580465000013646
22	7	1.8792964999993274
22	8	-5.687357000002521
22	8	-5.6851382499989995
22	8	-4.232794499999727
22	8	-3.399325750000571
22	8	-3.3075142499983485
22	8	-3.3056392500002403
22	8	-2.5119830000003276
22	8	-2.3883892499979993
22	8	-2.04079549999733
22	8	-1.7580454999988433
22	8	-1.7265767499993672
22	8	-1.5738267499982612
22	8	-0.1383277500026452
22	8	0.998828499999945
22	9	-5.886606500000198
22	9	-5.628606500002206
22	9	-5.294575250001799
22	9	-5.268793999999616
22	9	-5.065731500002585
22	9	-4.51076275000014
22	9	-4.339045000000624
22	9	-4.131951249997655
22	9	-4.120295000000624
22	9	-4.116669999999431
22	9	-2.135013749997597
22	9	-2.082451250000304
22	9	-1.7476710000009916
22	9	-1.5941710000006424
22	9	-1.4439835000011954
22	9	-1.3605147500020394
22	9	-1.3479522500019812
22	9	-1.3312022499994782
22	9	-1.3227335000010498
22	9	-1.2093272500023886
22	9	-1.188921000000846
22	9	-0.821108500000264
22	9	-0.4193272500015155
22	9	-0.41338974999962375
22	9	-0.3936085000023013
22	9	-0.25410850000116625
22	9	-0.04032725000070059
22	9	0.4445789999990666
22	9	0.4773602499990375
22	9	0.4986414999984845
22	9	0.5492039999990084
22	9	0.714515499999834
22	9	0.751828000000387
22	9	1.347234249999019
22	10	-5.971825500000705
22	10	-5.834606749998784
22	10	-5.638419250000879
22	10	-5.28795049999826
22	10	-5.143200499998784
22	10	-5.1277317499989294
22	10	-5.062544249998609
22	10	-4.124513999999181
22	10	-3.9892014999968524
22	10	-3.8026702499992098
22	10	-3.7801389999985986
22	10	-3.727232749995892
22	10	-3.6141077499960375
22	10	-3.6046702499988896
22	10	-2.9877014999983658
22	10	-2.917107749995921
22	10	-1.7528274999967834
22	10	-1.7276712499951827
22	10	-1.541327499995532
22	10	-1.134264999996958
22	10	-0.9431399999957648
22	10	-0.778171249996376
22	10	-0.6962024999957066
22	10	0.014984000001277309
22	10	0.14095275000363472
22	10	0.620421500003431
22	10	0.6750152500026161
22	10	0.8000152500026161
22	10	1.452546500000608
22	10	1.724140250000346
22	11	-5.35117000000173
22	11	-5.288607500002399
22	11	-5.213545000002341
22	11	-4.87210750000304
22	11	-4.725107500002196
22	11	-4.662857500003156
22	11	-4.2837950000030105
22	11	-4.135982500003593
22	11	-3.9105450000024575
22	11	-3.2030762500035053
22	11	-2.926483500003087
22	11	-2.062139749999915
22	11	-2.0232335000000603
22	11	-1.741952250002214
22	11	-1.3473897500007297
22	11	-1.2097960000028252
22	11	-1.0257022500009043
22	11	-1.0148272500009625
22	11	-0.8884835000026214
22	11	-0.7632022500001767
22	11	-0.48129700000208686
22	11	-0.21407825000278535
22	11	-0.15623450000202865
22	11	0.9723904999955266
22	11	1.9048592499966617
22	12	-5.793576250001934
22	12	-5.7412325000004785
22	12	-5.092138749998412
22	12	-4.468638750000537
22	12	-4.424607500001002
22	12	-4.422419999998965
22	12	-4.307357500001672
22	12	-4.115170000000944
22	12	-3.805951250000362
22	12	-3.7061700000012934
22	12	-3.5970137500007695
22	12	-3.546982500000013
22	12	-2.632045999998809
22	12	-2.5037334999979066
22	12	-2.3216709999978775
22	12	-2.3134209999989253
22	12	-2.3027334999969753
22	12	-2.2710772499995073
22	12	-2.2492022499973245
22	12	-2.2369522499975574
22	12	-2.130514749998838
22	12	-2.0835772499995073
22	12	-1.6282959999989544
22	12	-1.5208585000000312
22	12	-1.3672334999973828
22	12	-0.8573595000016212
22	12	-0.8432345000001078
22	12	-0.740046999999322
22	12	-0.3551095000002533
22	12	-0.17267200000060257
22	12	1.2100467499985825
22	12	1.687545750002755
22	12	1.7496707499994955
22	12	1.7538894999997865
22	12	1.7926707500009798
22	13	-5.768669499997486
22	13	-5.764575749999494
22	13	-5.190919499997108
22	13	-4.97157574999801
22	13	-3.437201749999076
22	13	-3.406764250001288
22	13	-3.4044517500005895
22	13	-3.33273299999928
22	13	-3.243951749998814
22	13	-2.7968267500000366
22	13	-2.6656704999986687
22	13	-2.578014250000706
22	13	-2.3622954999991634
22	13	-1.4006089999966207
22	13	-1.2636402499992982
22	13	-1.2260152499984542
22	13	0.26070350000009057
22	13	1.1490149999990535
22	13	1.2306400000015856
22	13	1.280733749998035
22	13	1.348483750000014
22	14	-5.9842624999982945
22	14	-5.962856250000186
22	14	-5.938356249997014
22	14	-5.742388499998924
22	14	-5.660794750001514
22	14	-5.3264822500023
22	14	-3.8485135000009905
22	14	-3.706919750002271
22	14	-3.569357250002213
22	14	-2.547108249997109
22	14	-2.5242644999998447
22	14	-2.1376082499991753
22	14	-2.086264499997924
22	14	-1.9474520000003395
22	14	-1.3133269999998447
22	14	-1.306264499999088
22	14	-1.2999519999975746
22	14	-0.8951395000003686
22	14	-0.8599217500013765
22	14	-0.8436092500014638
22	14	-0.8385467500011146
22	14	-0.6932655000018713
22	14	-0.03926549999960116
22	15	-5.47370000000592
22	15	-5.328388500001893
22	15	-5.203638500002853
22	15	-5.189169750003202
22	15	-5.17554475000361
22	15	-4.965794750001805
22	15	-4.947263500002009
22	15	-4.942419750001136
22	15	-3.5198572500012233
22	15	-3.1335760000038135
22	15	-2.7466082499995537
22	15	-2.515764499999932
22	15	-2.497577000001911
22	15	-2.075670750000427
22	15	-2.0138582500003395
22	15	-1.922108250000747
22	15	-1.380170750002435
22	15	-1.2665145000028133
22	15	-1.2357645000010962
22	15	-1.1898270000019693
22	15	-0.7308895000023767
22	15	0.22882824999760487
22	15	0.2985469999985071
22	15	0.3213282499964407
22	15	0.3643907499972556
22	15	0.38554699999804143
22	15	0.5205157499985944
22	15	1.0235782499985362
22	15	1.601890749996528
22	15	1.966921999995975
22	16	-5.953449749998981
22	16	-5.663668500001222
22	16	-5.004825750002055
22	16	-3.9931070000020554
22	16	-3.6747632500009786
22	16	-3.554325750003045
22	16	-3.4530445000018517
22	16	-3.3422007500012114
22	16	-2.9442007500038017
22	16	-2.531358000000182
22	16	-2.4832955000019865
22	16	-2.405201749999833
22	16	-1.7209517500014044
22	16	-1.4949205000011716
22	16	-1.447170499999629
22	16	-1.2097642500011716
22	16	-1.1988892500012298
22	16	-0.9010142500010261
22	16	-0.7861080000002403
22	16	-0.6551079999990179
22	16	-0.5164517500015791
22	16	0.6683597499977623
22	16	0.7861722499983443
22	16	0.7913284999958705
22	16	0.9241722499973548
22	16	1.396328499999072
22	16	1.5753597499970056
22	17	-4.5948890000036045
22	17	-4.582826500001829
22	17	-4.519670250003401
22	17	-4.490826500004914
22	17	-4.283982750002906
22	17	-4.274295250004798
22	17	-4.257670250004594
22	17	-3.9574827500036918
22	17	-3.6851390000047104
22	17	-3.678639000001567
22	17	-3.4276702500028478
22	17	-3.4156390000025567
22	17	-3.120732750005118
22	17	-2.168577500000538
22	17	-2.1377025000001595
22	17	-2.107515000003332
22	17	-1.879233750001731
22	17	-1.815702500000043
22	17	-1.771483750002517
22	17	-1.7073275000002468
22	17	-1.6826400000027206
22	17	-1.6429525000021385
22	17	-1.3650775000023714
22	17	-1.164577500003361
22	17	-1.0862025000024005
22	17	-1.009358750001411
22	17	-0.5774525000015274
22	17	-0.4988275000032445
22	17	-0.18335975000445615
22	17	-0.16014100000393228
22	17	-0.0006410000023606699
22	17	0.26264024999545654
22	17	0.4274214999968535
22	17	0.7357652499958931
22	17	0.7887027499964461
22	17	1.0853277499954856
22	17	1.144890249997843
22	17	1.9862339999963297
22	18	-5.508106750003208
22	18	-5.480075500003295
22	18	-5.402544250002393
22	18	-5.351138999998511
22	18	-5.246420250001393
22	18	-5.039389000001393
22	18	-5.0174827500013635
22	18	-5.005514000000403
22	18	-4.823951499998657
22	18	-4.7862952499999665
22	18	-4.4002015000005485
22	18	-4.221357750000607
22	18	-4.013951500000985
22	18	-3.970263999999588
22	18	-3.739482749999297
22	18	-3.505701499998395
22	18	-3.2449515000007523
22	18	-3.200420249999297
22	18	-3.173982749998686
22	18	-3.0374202499988314
22	18	-2.901858750003157
22	18	-2.7948900000010326
22	18	-2.4932962500024587
22	18	-2.357233750000887
22	18	-2.1154837500034773
22	18	-1.5463587500016729
22	18	-1.4559525000004214
22	18	-1.145983750000596
22	18	-1.029827500002284
22	18	-0.9341400000012072
22	18	-0.8860775000030117
22	18	-0.798015000000305
22	18	1.1872965000002296
22	18	1.8270152500008408
22	19	-5.906356499999674
22	19	-5.7335752500002855
22	19	-5.49470024999755
22	19	-5.4547002500003146
22	19	-5.011075250000431
22	19	-4.951512749998074
22	19	-4.844137749998481
22	19	-4.29426274999787
22	19	-3.283732500000042
22	19	-3.2437325000028068
22	19	-3.068170000002283
22	19	-2.434357500002079
22	19	-2.40463875000205
22	19	-1.8399512500000128
22	19	-1.4973272499992163
22	19	-1.4612647499998275
22	19	-1.4568272500000603
22	19	-1.1195459999980812
22	19	-0.9337022500003513
22	19	-0.895014749999973
22	19	-0.8550772499984305
22	19	-0.8433897499999148
22	19	-0.19323349999831407
22	19	0.4558915000015986
22	19	0.5213602500007255
22	19	0.5240164999995613
22	19	1.067421749998175
22	19	1.0809529999969527
22	19	1.4831717499982915
22	20	-5.110793999996531
22	20	-4.914762749998772
22	20	-4.619888749999518
22	20	-4.549232500001381
22	20	-4.3559512499996345
22	20	-4.239763749999838
22	20	-3.6610450000007404
22	20	-3.4221700000016426
22	20	-3.1793262499995762
22	20	-2.7269512499988195
22	20	-2.560888749998412
22	20	-2.3272335000001476
22	20	-2.3162959999972372
22	20	-1.2152959999984887
22	20	-1.211108499999682
22	20	-0.8847647499969753
22	20	-0.7652022499969462
22	20	-0.5401084999975865
22	20	0.31992175000414136
22	20	0.5687967500016384
22	20	0.8422655000031227
22	20	0.8471092500039958
22	20	0.8575467500049854
22	20	1.5107342500014056
22	20	1.5982967500021914
22	20	1.6241092500022205
22	20	1.6433280000019295
22	20	1.6456092500047816
22	20	1.6588280000032682
22	20	1.6665780000039376
22	21	-5.374418999999762
22	21	-4.7241387499962
22	21	-4.600013749997743
22	21	-4.300919999997859
22	21	-3.4553574999990815
22	21	-3.1424199999964912
22	21	-3.1344199999984994
22	21	-3.1273574999977427
22	21	-2.651357499998994
22	21	-2.583576249999169
22	21	-2.3569209999986924
22	21	-2.332514749999973
22	21	-2.0933584999984305
22	21	-1.4722022499990999
22	21	0.14104675000271527
22	21	0.21567175000018324
22	21	0.2524217500031227
22	21	0.5549217500010855
22	21	0.7872342500013474
22	21	0.8272342500022205
22	21	1.055484250002337
22	21	1.0867030000008526
22	21	1.4565780000011728
22	21	1.4646405000021332
22	22	-5.739325750000717
22	22	-5.598356999998941
22	22	-5.378107000000455
22	22	-4.044951750001928
22	22	-3.6316079999996873
22	22	-3.5925767500011716
22	22	-3.4469830000016373
22	22	-3.293670500002918
22	22	-2.7452955000007933
22	22	-2.0541704999996
22	22	-2.029826750000211
22	22	-2.0126080000009097
22	22	-2.0100455000028887
22	22	-1.7590767500005313
22	22	-1.7183580000018992
22	22	-1.586608999998134
22	22	-1.5161714999994729
22	22	-1.3741714999996475
22	22	-1.3386402500000258
22	22	-1.2846089999984542
22	22	-0.6005152500001714
22	22	-0.5647339999995893
22	22	-0.13745275000110269
22	22	0.19523475000096369
22	22	0.7307972500020696
22	22	0.7500472499996249
22	22	0.9555462499993155
22	22	0.995171249996929
22	22	1.2982024999982968
22	22	1.6088899999995192
22	22	1.6613587499996356
22	22	1.7562024999970163
22	22	1.7779524999968999
22	22	1.8157649999993737
22	23	-5.970919499999582
22	23	-5.802794499999436
22	23	-5.657388250001532
22	23	-5.276294499999494
22	23	-4.349419500002114
22	23	-4.3261695000001055
22	23	-4.322325749999436
22	23	-4.152733000002627
22	23	-3.7782955000038783
22	23	-3.7704830000038783
22	23	-3.5650455000031798
22	23	-3.314358000003267
22	23	-3.170014250001259
22	23	-3.009358000002976
22	23	-2.9854517500025395
22	23	-2.875389250002627
22	23	-2.869451750004373
22	23	-2.313545500001055
22	23	-2.2444205000028887
22	23	-2.2307330000039656
22	23	-2.132295500003238
22	23	-1.5831402500007243
22	23	-1.4468277500018303
22	23	-1.3723902500023542
22	23	-0.4913902500011318
22	23	0.19889100000000326
22	23	0.47073475000070175
22	23	1.7779212499990535
22	24	-5.2401382500029285
22	24	-5.120075750000979
22	24	-4.659514250000939
22	24	-4.600983000000269
22	24	-4.526889249998931
22	24	-4.101983000000473
22	24	-4.093451749999076
22	24	-3.2351392499986105
22	24	-3.2218892499986396
22	24	-3.197264250000444
22	24	-2.5956704999989597
22	24	-2.567826750000677
22	24	-2.5452955000000657
22	24	-1.8783902499999385
22	24	-1.7712965000027907
22	24	-1.7546402500011027
22	24	-1.5197027499998512
22	24	-1.4899215000004915
22	24	-1.153921500001161
22	24	-0.4875465000004624
22	24	-0.34807775000081165
22	24	-0.18314025000290712
22	24	-0.1617652500026452
22	24	0.09829724999872269
22	24	0.3667649999988498
22	24	0.4375462499992864
22	24	0.4652024999995774
22	24	0.6609212500006834
22	24	0.8303587500013236
22	24	1.1101400000006834
22	24	1.6496087500017893
22	24	1.7642650000016147
22	24	1.9434837500011781
22	25	-5.8128567499989
22	25	-5.62163800000053
22	25	-5.125638000001345
22	25	-4.895545249997667
22	25	-4.875357749999239
22	25	-4.7248264999980165
22	25	-4.698638999998366
22	25	-4.6577015000002575
22	25	-4.652920249998715
22	25	-4.639263999997638
22	25	-3.908888999998453
22	25	-3.619701499999792
22	25	-3.158263999997871
22	25	-3.111888999999792
22	25	-2.9711389999974926
22	25	-2.0706712499995774
22	25	-1.9106400000018766
22	25	-1.8618900000001304
22	25	-1.202108749999752
22	25	-0.6957025000010617
22	25	-0.4416400000009162
22	25	-0.14892125000187661
22	25	-0.13645250000263331
22	25	-0.055327500002022134
22	25	0.6658277499991527
22	25	0.9775152500005788
22	25	1.1757027500025288
22	25	1.1782339999990654
22	25	1.8826714999995602
22	25	1.9070465000004333
22	25	1.9316715000022668
22	26	-5.968106000000262
22	26	-5.914043499997206
22	26	-5.88135599999805
22	26	-5.614388249996409
22	26	-5.52991949999705
22	26	-5.487075749995711
22	26	-4.72773199999574
22	26	-4.610856999996031
22	26	-3.9859194999953615
22	26	-3.949669499997981
22	26	-3.6423882499984757
22	26	-2.9509204999994836
22	26	-2.658733000000211
22	26	-2.1552642499991634
22	26	-2.137045499999658
22	26	-2.1110767499994836
22	26	-2.065045499999542
22	26	-1.99392049999733
22	26	-1.9730454999989888
22	26	-1.7937017499971262
22	26	-0.9436079999977665
22	26	-0.5672339999982796
22	26	-0.5249527499981923
22	26	-0.4317027499964752
22	26	-0.11485899999752291
22	26	-0.03385899999557296
22	26	0.2759535000041069
22	26	0.279047250001895
22	26	0.28245350000361213
22	26	0.8414847500025644
22	26	1.1684535000022152
22	26	1.341547250001895
22	26	1.4442660000022443
22	26	1.786766000004718
22	27	-5.613918999999441
22	27	-4.865732499998558
22	27	-4.539607499995327
22	27	-4.346826249995502
22	27	-3.916326249996928
22	27	-3.8869824999965203
22	27	-3.717763749995356
22	27	-2.744763749997219
22	27	-2.410639749999973
22	27	-2.164233499999682
22	27	-1.6691397499998857
22	27	-1.2672959999981686
22	27	-0.23151474999758648
22	27	0.169390500002919
22	27	0.4069842500030063
22	27	0.6079530000024533
22	27	1.0336717500031227
22	27	1.3305467500031227
22	27	1.6932030000025406
22	28	-5.540262250004162
22	28	-5.336043500003143
22	28	-5.102418500002386
22	28	-4.976232000000891
22	28	-4.2855757500037726
22	28	-3.5820445000026666
22	28	-2.9674195000006875
22	28	-2.251858000003267
22	28	-2.188514250003209
22	28	-1.898326750004344
22	28	-1.6388892500035581
22	28	-1.5145455000056245
22	28	-0.8155142500036163
22	28	-0.7424205000024813
22	28	-0.1722955000041111
22	28	-0.122326750002685
22	28	0.4320159999988391
22	28	0.8010159999976167
22	28	0.8642034999975294
22	28	1.3842347499994503
22	28	1.395922249997966
22	28	1.4923284999968018
22	28	1.9316409999992175
22	28	1.9387034999963362
22	28	1.9564847499968891
22	29	-5.928669500000979
22	29	-5.604294500000833
22	29	-5.33426325000255
22	29	-5.250638250003249
22	29	-5.144107000003714
22	29	-4.9455132500006584
22	29	-4.223670499999571
22	29	-3.6750142500022775
22	29	-3.259264250002161
22	29	-3.1059205000019574
22	29	-2.1478580000002694
22	29	-2.074826750002103
22	29	-1.6533902500013937
22	29	-1.1849215000038384
22	29	-0.9757340000032855
22	29	-0.8905777500040131
22	29	-0.7230777500044496
22	29	-0.18317150000439142
22	29	0.027828499998577172
22	29	0.36417224999604514
22	29	0.3849847499986936
22	29	0.8055774999993446
22	30	-5.723044250000385
22	30	-5.159076500000083
22	30	-5.010670249997929
22	30	-4.280576499997551
22	30	-3.3386077499999374
22	30	-3.3352327499997045
22	30	-3.173888999997871
22	30	-3.1432014999991225
22	30	-2.933483749999141
22	30	-2.305827500000305
22	30	-2.253796249999141
22	30	-2.0671087500013527
22	30	-1.8360150000007707
22	30	-1.8232649999990826
22	30	-1.7939525000001595
22	30	-1.638171250000596
22	30	-0.06567224999889731
22	30	-0.04857849999825703
22	30	0.10842150000098627
22	30	0.2560777500002587
22	30	0.26532774999941466
22	30	0.8074527500029944
22	30	0.8860777500012773
22	30	1.1898590000018885
22	30	1.870827750000899
22	30	1.9724215000023833
22	31	-5.996950500000821
22	31	-5.968512999999803
22	31	-5.664887999999337
22	31	-5.654856749999453
22	31	-5.629169249998085
22	31	-5.313201499997376
22	31	-5.264232749999792
22	31	-5.133357749997231
22	31	-4.653107749996707
22	31	-4.6427952499980165
22	31	-4.298920249999355
22	31	-3.825607749997289
22	31	-2.8139837499948044
22	31	-2.775921249995008
22	31	-2.6561087499976566
22	31	-1.7942962499946589
22	31	-1.7898587499948917
22	31	-1.7674524999965797
22	31	-1.470702499995241
22	31	-1.188327499996376
22	31	-1.0351087499948335
22	31	0.7899214999997639
22	31	0.8551402500015683
22	31	0.8593590000018594
22	31	1.1078590000033728
22	31	1.3598590000001423
22	31	1.6124527500032855
22	32	-5.9871067499989294
22	32	-5.979419250001229
22	32	-5.976356750001287
22	32	-5.857450499999686
22	32	-5.463825499999075
22	32	-5.2883577500033425
22	32	-5.2141390000033425
22	32	-4.560420250003517
22	32	-3.3800765000014508
22	32	-2.7426400000003923
22	32	-2.6932337500002177
22	32	-2.106483750001644
22	32	-1.793389999998908
22	32	-1.1682337499987625
22	32	-1.1663587500006543
22	32	-1.1468899999999849
22	32	-0.9403275000004214
22	32	-0.7237649999988207
22	32	-0.6380462500019348
22	32	-0.5706712499995774
22	32	-0.43263999999908265
22	32	-0.4187649999985297
22	32	0.014265249996242346
22	32	0.8904214999965916
22	32	0.9054214999960095
22	32	1.1262339999993856
22	33	-5.716231499998685
22	33	-5.708168999997724
22	33	-4.531606500000635
22	33	-4.184668999998394
22	33	-3.9900752499997907
22	33	-3.9589824999966368
22	33	-3.928576249996695
22	33	-3.8972012499980337
22	33	-3.695107499996084
22	33	-3.5962012499985576
22	33	-3.446169999995618
22	33	-3.1181074999985867
22	33	-3.014701249998325
22	33	-2.967763749998994
22	33	-2.9057012499979464
22	33	-2.7550137499965786
22	33	-2.6436699999976554
22	33	-2.2880137499960256
22	33	-2.1645762499974808
22	33	-2.134388749997015
22	33	-2.08101374999751
22	33	-1.8277949999974226
22	33	-1.3721709999990708
22	33	-1.0960147500009043
22	33	-1.0874210000001767
22	33	-0.798389749998023
22	33	-0.5112022499997693
22	33	-0.11932724999860511
22	33	0.2759540000006382
22	33	0.367422750001424
22	33	0.6989852500009874
22	33	1.549734250002075
22	34	-5.734949749996304
22	34	-5.326855999996042
22	34	-4.813106999998126
22	34	-4.7150445000006584
22	34	-4.436513249998825
22	34	-4.301075750001473
22	34	-3.91463825000028
22	34	-3.7204195000012987
22	34	-3.713982000001124
22	34	-3.592575750000833
22	34	-3.564013250001153
22	34	-3.505825749998621
22	34	-3.491200749998825
22	34	-3.4880757499995525
22	34	-3.4862007500014442
22	34	-3.4225757499989413
22	34	-3.3498257499995816
22	34	-3.3043882499987376
22	34	-3.051638249999087
22	34	-2.7620132500014734
22	34	-2.7185444999995525
22	34	-2.2723579999983485
22	34	-0.46473299999706796
22	34	-0.13638924999759183
22	34	-0.006140249999589287
22	34	0.22673474999828613
22	34	0.26732849999825703
22	34	0.2960784999995667
22	34	0.29876599999988684
22	34	0.7550159999991592
22	34	0.7575160000014876
22	34	0.9457660000007309
22	34	1.040359750000789
22	34	1.1309535000000324
22	34	1.4149847500011674
22	34	1.88276599999881
22	34	1.94423475000076
22	34	1.9477034999981697
22	34	1.9687660000017786
22	35	-5.9721689999969385
22	35	-4.142420000000129
22	35	-2.852326249998441
22	35	-2.157764749998023
22	35	-1.9587334999996528
22	35	-1.9169834999993327
22	35	-1.7107335000000603
22	35	-0.7081397499969171
22	35	-0.22051474999898346
22	35	0.27101549999861163
22	35	0.37273424999875715
22	35	1.2774842500002705
22	35	1.9816404999983206
22	36	-5.812856000000465
22	36	-5.756262250000873
22	36	-5.510294499999873
22	36	-5.211544500001764
22	36	-5.147669500001939
22	36	-5.073919500002376
22	36	-4.819888250000076
22	36	-4.802450750001299
22	36	-4.603232000001299
22	36	-4.5860444999998435
22	36	-4.4650445000006584
22	36	-4.455013250000775
22	36	-3.630825750002259
22	36	-2.5594830000009097
22	36	-2.215576750000764
22	36	-2.1804517499986105
22	36	-2.1451704999999492
22	36	-2.132889249998698
22	36	-1.5284204999989015
22	36	-1.4704204999979993
22	36	-1.4682017499981157
22	36	-1.3238579999997455
22	36	-1.1132954999993672
22	36	-1.0703892499986978
22	36	-0.9924204999988433
22	36	-0.955076750000444
22	36	-0.5093277499981923
22	36	-0.2715464999964752
22	36	-0.13454649999766843
22	36	1.0776097500020114
22	36	1.09945350000271
22	36	1.2291722500012838
22	36	1.538297250001051
22	36	1.8951410000008764
22	37	-5.619981999996526
22	37	-5.611294499994983
22	37	-5.565856999994139
22	37	-3.6894829999982903
22	37	-3.5197642499988433
22	37	-3.4907017499972426
22	37	-3.1202017499963404
22	37	-2.9547017499971844
22	37	-2.798826749996806
22	37	-2.722326749997592
22	37	-2.1534204999989015
22	37	-2.1036392499991052
22	37	-2.010389249997388
22	37	-1.9843892499993672
22	37	-1.8057954999967478
22	37	-1.6976392499964277
22	37	-1.6584829999992508
22	37	-1.4665454999994836
22	37	-1.436202749995573
22	37	-0.863421499994729
22	37	-0.3342964999974356
22	37	0.061516000005212845
22	37	0.4924847500042233
22	37	0.9191097500042815
22	37	1.4520775000019057
22	37	1.7014212500034773
22	37	1.7203587500007416
22	37	1.7271087500012072
22	37	1.9005462500026624
22	38	-5.7147627499980445
22	38	-5.5844189999988885
22	38	-4.766200250000111
22	38	-4.760356499999034
22	38	-3.34951374999946
22	38	-3.2768887500023993
22	38	-2.6812325000028068
22	38	-2.4223887500011188
22	38	-2.3055762500007404
22	38	-1.5983272499979648
22	38	-1.5683585000006133
22	38	-1.5333585000007588
22	38	-1.4932022499997402
22	38	-1.2874210000009043
22	38	-1.1252647500004969
22	38	-1.1018272500004969
22	38	-0.9064522500011662
22	38	-0.7383897500003513
22	38	-0.3107334999986051
22	38	0.07901649999985239
22	38	0.10326650000206428
22	38	0.30070400000113295
22	38	0.872515499999281
22	38	0.8941092499990191
22	38	0.986921749998146
22	38	1.6983904999979131
22	38	1.7169217499977094
22	39	-5.699325249999674
22	39	-4.946356500000547
22	39	-4.925512750000053
22	39	-4.856575249999878
22	39	-4.852544000001217
22	39	-4.839262749999762
22	39	-4.831512749999092
22	39	-4.821731500000169
22	39	-4.640325250002206
22	39	-3.4999512500035053
22	39	-3.278513750003185
22	39	-2.904857500001526
22	39	-2.7255137500033015
22	39	-2.5257012500042038
22	39	-2.478326250002283
22	39	-1.6609210000024177
22	39	-0.8096397500012245
22	39	-0.4241397500009043
22	39	-0.31960850000177743
22	39	0.3628602499993576
22	39	0.5732029999999213
22	39	1.001515500000096
22	39	1.651702999999543
22	39	1.8056092500009981
22	39	1.9027654999990773
22	40	-5.216763249998621
22	40	-5.20620074999897
22	40	-4.9844819999998435
22	40	-4.860856999999669
22	40	-3.479826749997301
22	40	-2.8279829999992216
22	40	-2.805420499997126
22	40	-2.530639249998785
22	40	-2.5265454999971553
22	40	-2.2536089999994147
22	40	-2.103546499998629
22	40	-2.029359000000113
22	40	-1.5448277499999676
22	40	-1.5031715000004624
22	40	-1.0154839999995602
22	40	-0.8538277500010736
22	40	-0.8330777500013937
22	40	-0.6360152500019467
22	40	-0.5177340000009281
22	40	-0.4773902500019176
22	40	-0.45517150000159745
22	40	-0.22314025000014226
22	40	-0.1376090000012482
22	40	0.662733750003099
22	40	0.6952962499999558
22	40	0.9138899999998102
22	40	1.0241087499998685
22	40	1.3990775000020221
22	41	-5.899012249999942
22	41	-4.872169499998563
22	41	-4.249044500000309
22	41	-2.979169499998534
22	41	-2.335545500001899
22	41	-2.133920500000386
22	41	-2.129514250002103
22	41	-1.2745142500025395
22	41	-1.2507642500022484
22	41	-0.6406705000008515
22	41	-0.3707329999997455
22	41	-0.11164025000107358
22	41	0.37460975000067265
22	41	0.583422250001604
22	41	0.6174222500012547
22	41	1.2270785000000615
22	41	1.720234749998781
22	42	-5.387420000002749
22	42	-5.36704500000269
22	42	-5.266076250001788
22	42	-4.21879500000432
22	42	-4.055513750005048
22	42	-3.815795000002254
22	42	-3.718670000002021
22	42	-3.6562325000049896
22	42	-3.57920125000237
22	42	-3.5671075000027486
22	42	-3.365263750001759
22	42	-3.3426700000018172
22	42	-2.959545000001526
22	42	-1.8373272500029998
22	42	-1.54313975000332
22	42	-1.3735772500003804
22	42	0.07107799999721465
22	42	0.2739217499947699
22	42	0.4042029999945953
22	42	0.40785924999727285
22	42	0.42504674999509007
22	42	0.843734249996487
22	42	0.8841092499969818
22	42	1.9537342499970691
22	43	-5.9715125000002445
22	43	-5.850856249999197
22	43	-5.816731250000885
22	43	-5.612075000000914
22	43	-5.046418750000157
22	43	-4.4421697500001756
22	43	-4.239513500000612
22	43	-3.5785759999998845
22	43	-3.512732250001136
22	43	-3.075451000000612
22	43	-2.965544750000845
22	43	-0.09567075000086334
22	43	0.10679699999673176
22	43	0.6823907499965571
22	43	0.6914532499977213
22	43	1.725546999998187
22	44	-5.7159512500038545
22	44	-5.66410750000432
22	44	-5.545638750001672
22	44	-5.529357500003243
22	44	-5.030357500003447
22	44	-4.654670000003534
22	44	-4.634795000001759
22	44	-4.25985750000109
22	44	-3.90873250000368
22	44	-3.8707637500010605
22	44	-3.6956700000009732
22	44	-3.6257012500027486
22	44	-3.618763750004291
22	44	-3.592420000000857
22	44	-3.4978262500007986
22	44	-3.2855450000024575
22	44	-2.943233500001952
22	44	-2.5995147499997984
22	44	-2.4447959999997693
22	44	-2.404796000002534
22	44	-2.2344210000010207
22	44	-2.0467022500015446
22	44	-2.02585850000105
22	44	-1.78738974999942
22	44	-1.599577249999129
22	44	-1.57254599999942
22	44	-1.3302960000000894
22	44	-0.8449209999998857
22	44	-0.3841095000025234
22	44	-0.3271095000018249
22	44	0.01785924999785493
22	44	0.3324842499969236
22	44	1.044890499997564
22	44	1.083046749998175
22	45	-5.631293750000623
22	45	-5.627949999998236
22	45	-5.594168749998062
22	45	-5.399137500000506
22	45	-4.88798124999812
22	45	-4.738981250000506
22	45	-3.5506072500029404
22	45	-3.4317010000013397
22	45	-3.339013500000874
22	45	-2.972950999999739
22	45	-2.4849197500006994
22	45	-2.440388500002882
22	45	-2.1798259999995935
22	45	-2.0434832499995537
22	45	-1.6910769999994955
22	45	-1.6252019999992626
22	45	-1.1940457499986223
22	45	-0.7216394999995828
22	45	-0.6733894999997574
22	45	-0.19085825000001932
22	45	-0.012952000000950648
22	45	0.3444229999986419
22	45	1.4521719999975176
22	45	1.4559844999967027
22	45	1.5768907499987108
22	45	1.7277969999995548
22	46	-5.781575000000885
22	46	-5.482981249999284
22	46	-5.450356249999459
22	46	-5.194919750003464
22	46	-5.043388500002038
22	46	-4.770263500002329
22	46	-4.247013500003959
22	46	-4.168576000003668
22	46	-3.6916697500018927
22	46	-3.6746697500020673
22	46	-3.5584510000007867
22	46	-3.5556385000018054
22	46	-3.5223260000020673
22	46	-3.5205135000032897
22	46	-3.3623885000015434
22	46	-2.8590770000009798
22	46	-2.855514499999117
22	46	-2.4334832500026096
22	46	-2.0364520000002813
22	46	-1.601701999999932
22	46	-1.5916082500007178
22	46	-1.5033895000015036
22	46	-1.3924832500015327
22	46	-0.7065770000008342
22	46	-0.3926717500035011
22	46	-0.3804217500037339
22	46	-0.2101717500045197
22	46	0.01595324999652803
22	46	0.127484499997081
22	46	0.1572344999985944
22	46	0.5421094999983325
22	46	0.6712657499956549
22	46	0.8596407499971974
22	46	0.8878282499972556
22	46	0.9092032499975176
22	46	0.9544532499967318
22	46	1.0068282499960333
22	46	1.5031407499955094
22	46	1.5051719999974011
22	47	-5.089950999998109
22	47	-4.216888499999186
22	47	-4.139544749999914
22	47	-4.1080760000004375
22	47	-4.0647947500001465
22	47	-3.618264500000805
22	47	-3.4251395000028424
22	47	-3.277701999999408
22	47	-2.918295750001562
22	47	-1.9723269999994955
22	47	-1.5653894999995828
22	47	-1.561827000001358
22	47	-1.2987332500015327
22	47	-1.2019832500009215
22	47	-1.096203000000969
22	47	-1.0442342499991355
22	47	-0.7253904999997758
22	47	-0.12645300000076531
22	47	0.6014532500012137
22	47	1.4571709999981977
22	47	1.4922334999973828
22	47	1.503764749999391
22	48	-5.959731999995711
22	48	-5.522950749997108
22	48	-5.517513249997137
22	48	-5.485263249996933
22	48	-5.460513249996438
22	48	-4.959138249996613
22	48	-4.4469507499961765
22	48	-4.443950749999203
22	48	-4.123888249996526
22	48	-3.726357999999891
22	48	-2.730451749997883
22	48	-2.725233000001026
22	48	-2.6387954999991052
22	48	-2.5322017500002403
22	48	-2.266764249998232
22	48	-2.1312017499985814
22	48	-1.8427017499998328
22	48	-1.7194204999977956
22	48	-1.6418267500012007
22	48	-1.537983999998687
22	48	-1.4924839999985124
22	48	-1.385733999999502
22	48	-1.1307339999984833
22	48	-1.0442652499987162
22	48	-0.94248399999924
22	48	-0.7576402499980759
22	48	-0.15117149999787216
22	48	0.5460472500017204
22	48	0.6498597500030883
22	48	0.720859750003001
22	48	0.965671250000014
22	48	0.9760150000001886
22	48	1.0357650000005378
22	48	1.5873275000012654
22	48	1.6728587500001595
22	48	1.9344525000014983
22	49	-5.9636377499991795
22	49	-5.723544000000402
22	49	-5.509200249998685
22	49	-5.478731499999412
22	49	-5.272887749997608
22	49	-5.094262749997142
22	49	-5.091700249999121
22	49	-5.07448149999982
22	49	-4.91048149999915
22	49	-4.878918999998859
22	49	-4.76429399999688
22	49	-4.118607500000508
22	49	-4.113795000001119
22	49	-3.9547325000021374
22	49	-3.4586387500021374
22	49	-3.4146700000019337
22	49	-3.225888749999285
22	49	-3.0674199999994016
22	49	-2.821263750000071
22	49	-2.7167637500024284
22	49	-2.6319512500012934
22	49	-2.542170000000624
22	49	-2.523451249999198
22	49	-2.368951250002283
22	49	-2.3346700000001874
22	49	-2.2044200000018463
22	49	-1.8699512499988487
22	49	-1.8517324999993434
22	49	-1.8275450000001001
22	49	-1.4433897499984596
22	49	-0.6758897500003513
22	49	0.16807900000276277
22	49	0.3502665000014531
22	49	0.45607899999959045
22	49	0.6676102500023262
22	49	0.789359250004054
22	49	0.8333280000042578
22	49	1.4708280000013474
22	49	1.4992342500045197
22	49	1.5662655000014638
22	50	-5.834887749999325
22	50	-5.606106499999441
22	50	-4.6316064999991795
22	50	-3.8982949999954144
22	50	-3.8563887499985867
22	50	-3.495107499995356
22	50	-2.735201249997772
22	50	-2.710326249998616
22	50	-2.584232499997597
22	50	-1.7679834999980812
22	50	-1.496264749999682
22	50	-1.4646397500000603
22	50	-1.3336710000003222
22	50	-1.3004209999999148
22	50	0.32401650000247173
22	50	0.8541405000032682
22	50	1.7856405000020459
22	50	1.8389217500043742
22	50	1.8583592500035593
22	50	1.9175155000011728
23	1	-5.586294749995432
23	1	-4.766294749995723
23	1	0.5802345000047353
23	2	-5.892982249999477
23	2	-5.635075999998662
23	2	-5.5985135000009905
23	2	0.17614074999801232
23	2	1.4143585000019812
23	2	1.5478272500004095
23	3	-5.71798150000177
23	3	-5.671762750000198
23	3	-5.64913775000241
23	3	-5.632200250001915
23	3	-5.331637750001391
23	3	-5.071669000000838
23	3	-5.040076249999402
23	3	-4.829263749998063
23	3	-4.808076249999431
23	3	-2.5903262499996345
23	3	-2.1942960000014864
23	3	-2.191702250001981
23	3	-2.1647022500001185
23	3	-2.0374210000009043
23	3	-1.612233500000002
23	3	-0.47142100000201026
23	3	-0.4692647500014573
23	3	0.2662342500007071
23	3	1.2776717500019004
23	4	-4.0728574999993725
23	4	-3.037921000002825
23	4	-3.0238897500021267
23	4	-2.210077250001632
23	4	-1.7745772500020394
23	4	-1.7615460000015446
23	4	-1.1395460000021558
23	4	-1.0654835000023013
23	4	-0.5430469999992056
23	4	-0.5152969999980996
23	4	0.25860924999869894
23	4	1.2438905000017257
23	4	1.2825154999991355
23	5	-5.482076000003872
23	5	-5.441357250001602
23	5	-4.8563260000009905
23	5	-4.826513500003784
23	5	-2.6001082500006305
23	5	-1.8291707499993208
23	5	-1.75898325000162
23	5	-1.379452000001038
23	5	-1.3185770000018238
23	5	-1.2905145000004268
23	5	0.2750782499970228
23	5	0.29267199999594595
23	5	0.6581719999958295
23	6	-5.968419500000891
23	6	-4.669514249999338
23	6	-4.66520175000187
23	6	-3.2419517500020447
23	6	-2.3112954999996873
23	6	-1.773890250002296
23	6	-1.7642652500035183
23	6	-1.1459527500010154
23	6	-1.0639527500024997
23	6	-0.9537652500039258
23	6	1.0961399999978312
23	7	-3.832920249999006
23	7	-3.515982749999239
23	7	-2.7456077499991807
23	7	-2.6079202500004612
23	7	-2.4994202499983658
23	7	-1.435764999998355
23	7	1.0542652500007534
23	7	1.284890250000899
23	8	-5.895855999999185
23	8	-5.889918499997293
23	8	-5.200919499999145
23	8	-3.597107000001415
23	8	-2.709389249997912
23	8	-1.7224829999977374
23	8	1.5194534999973257
23	8	1.783921250000276
23	9	-5.6784814999991795
23	9	-5.656294000000344
23	9	-5.306387750002614
23	9	-5.263950250002381
23	9	-5.256044000001566
23	9	-4.125232499998674
23	9	-2.2222325000002456
23	9	-2.1306387500007986
23	9	-2.12154499999815
23	9	-2.090388749998965
23	9	-1.8073585000020103
23	9	-1.8021085000000312
23	9	-1.207608500000788
23	9	-1.186952250001923
23	9	-1.1842335000001185
23	9	0.7181717499988736
23	9	1.3571405000002414
23	10	-3.8065452499977255
23	10	-3.7832014999985404
23	10	-3.724482749996241
23	10	-3.701045249996241
23	10	-3.1192327499993553
23	10	-2.9845764999990934
23	10	-2.9637327499985986
23	10	-2.947638999998162
23	10	-2.2536712499968417
23	10	0.008984000003692927
23	10	0.03517150000334368
23	11	-4.910482500003127
23	11	-4.2745450000038545
23	11	-4.254638750004233
23	11	-3.9161700000040582
23	11	-3.9068262500040873
23	11	-3.2156700000050478
23	11	-2.1348897500029125
23	11	-1.539452250002796
23	11	-1.5366085000023304
23	11	-0.8814835000011954
23	11	-0.21745325000301818
23	11	-0.2081720000023779
23	12	-4.122388750001846
23	12	-2.7967022499979066
23	12	-2.6252334999990126
23	12	-2.508170999997674
23	12	-2.4942647499992745
23	12	-2.283795999999711
23	12	1.6363270000001648
23	12	1.6973270000016782
23	12	1.747983250003017
23	12	1.794233250002435
23	13	-2.369451750000735
23	13	-1.4479839999985415
23	13	-1.4384527499969408
23	13	0.13176600000224425
23	13	0.13704725000206963
23	13	0.14085975000125472
23	13	1.1441712499981804
23	13	1.169733750000887
23	14	-5.958606249998411
23	14	-5.225357250001252
23	14	-4.394825999999739
23	14	-2.0957644999980403
23	14	-1.9655769999990298
23	14	-0.8518592500004161
23	14	-0.11185925000245334
23	14	0.7772344999975758
23	14	0.7800782499980414
23	15	-5.93323125000461
23	15	-5.602012500003184
23	15	-5.595137500004057
23	15	-4.350826000001689
23	15	-3.5347635000034643
23	15	-3.514669750002213
23	15	-3.4942635000043083
23	15	-3.4866385000023
23	15	-2.7536707500003104
23	15	-2.7497020000009798
23	15	0.27151574999516015
23	15	0.35579699999652803
23	16	-3.5781070000011823
23	16	-2.9956070000007458
23	16	-2.4312017500014917
23	16	-2.3586080000022775
23	16	-1.2008892500016373
23	16	-0.5037955000007059
23	16	-0.05667150000226684
23	16	0.7886097499977041
23	16	1.9425472499970056
23	17	-4.389014000003954
23	17	-2.987607750004827
23	17	-2.1634212500030117
23	17	-1.9344837500029826
23	17	-1.9222337500032154
23	17	-1.0141087500014692
23	17	-1.0123899999998685
23	17	0.39573399999790126
23	17	1.1075464999958058
23	17	1.9559839999965334
23	18	-4.781951500001014
23	18	-4.616920249998657
23	18	-4.227670249998482
23	18	-3.8201389999994717
23	18	-3.196201499999006
23	18	-2.8991087500035064
23	18	-2.895671250000305
23	18	-2.8881087500012654
23	18	-2.5153587500026333
23	18	-2.5095150000015565
23	18	-2.1200462500019057
23	18	-2.1048275000030117
23	18	-2.1020150000003923
23	18	-1.689765000002808
23	18	-1.6610462500029826
23	18	-1.5389837500006252
23	18	-1.5356087500003923
23	18	-1.329983750001702
23	18	-1.198296250000567
23	18	-1.193983750003099
23	18	1.7437339999996766
23	18	1.7633902499983378
23	18	1.8089839999993274
23	18	1.8415777500013064
23	19	-5.725575249998656
23	19	-2.5922012500013807
23	19	-1.4901709999976447
23	19	-1.4328585000002931
23	19	-1.4173584999989544
23	19	-1.4152022499984014
23	19	-0.9252959999976156
23	19	-0.8813897500003804
23	19	-0.8792334999998275
23	19	-0.8565772500005551
23	19	-0.8451397499993618
23	19	-0.401389750000817
23	19	-0.33613974999752827
23	19	1.991140499998437
23	20	-5.118012749997433
23	20	-2.3131397500001185
23	20	-2.3109834999995655
23	20	0.8515155000022787
23	20	0.8831717500033847
23	20	1.5041092500032391
23	20	1.6483905000022787
23	21	-5.6749815000002855
23	21	-4.579888749998645
23	21	-4.488826249998965
23	21	-4.288982499998383
23	21	-3.1471699999965494
23	21	-3.123388749998412
23	21	-3.120294999996986
23	21	-2.8995449999965786
23	21	-2.8536699999967823
23	21	-2.335170999998809
23	21	-2.330264749998605
23	21	-2.325639750000846
23	21	-1.4688585000003513
23	21	0.12167175000286079
23	21	1.503890500000125
23	22	-5.420044499998767
23	22	-5.385607000000164
23	22	-4.042076749999978
23	22	-3.537608000002365
23	22	-3.4347955000012007
23	22	-3.4232330000013462
23	22	-1.9838267500017537
23	22	-1.8821080000016082
23	22	-1.8546080000014626
23	22	-1.5932339999999385
23	22	0.1522347499994794
23	22	1.0024524999971618
23	22	1.6635149999965506
23	23	-4.375544500002434
23	23	-4.30935700000191
23	23	-4.110358000001725
23	23	-3.714545500002714
23	23	-3.0254205000019283
23	23	-2.9809517500034417
23	23	-2.8773267500037036
23	23	-2.8565455000025395
23	23	-2.166920500003471
23	23	-1.9843892500030051
23	24	-4.1278267499983485
23	24	-0.47707775000162655
23	24	-0.3564215000005788
23	24	-0.3376715000013064
23	24	-0.17145275000075344
23	24	1.1076712499998393
23	24	1.1163899999992282
23	24	1.119764999999461
23	25	-5.623294249999162
23	25	-5.516231749999861
23	25	-5.5082942500011995
23	25	-5.1112942500003555
23	25	-5.021263000002364
23	25	-4.867888999997376
23	25	-4.713263999998162
23	25	-4.685232749998249
23	25	-2.055108750002546
23	25	-2.043577500000538
23	25	-1.6527337500010617
23	25	-1.3109837500014692
23	25	-0.6913899999999558
23	25	-0.13979625000138185
23	25	0.8389840000018012
23	25	0.8520152500022959
23	25	1.181577750001452
23	25	1.8663902500011318
23	25	1.900859000001219
23	26	-5.526981999995769
23	26	-5.493044499995449
23	26	-5.29188824999801
23	26	-5.261825749996206
23	26	-4.822419499996613
23	26	-4.757356999994954
23	26	-3.9087319999962347
23	26	-3.9005757499980973
23	26	-3.6111069999969914
23	26	-3.5195132499975443
23	26	-3.516825749997224
23	26	-3.506638249997195
23	26	-2.680826749998232
23	26	-0.5575152499986871
23	26	-0.5148902499968244
23	26	1.145828500004427
23	26	1.343203500004165
23	26	1.34945350000271
23	27	-5.2431377499997325
23	27	-3.9197637499964912
23	27	-3.8593574999977136
23	27	-3.703669999995327
23	27	-1.29129599999942
23	27	0.4187342500044906
23	27	0.4480780000012601
23	27	0.47989050000251154
23	28	-5.050231000004715
23	28	-5.035013250002521
23	28	-5.021669500001735
23	28	-4.993888250002783
23	28	-4.982075750001968
23	28	-4.028388250000717
23	28	-3.395013250003103
23	28	-2.5453892500045185
23	28	-1.2680142500030342
23	28	-0.8285767500055954
23	28	-0.8134517500038783
23	28	-0.32042050000382005
23	28	0.5210159999987809
23	28	0.8794847499993921
23	28	1.2874534999973548
23	28	1.4099847499965108
23	28	1.4846722499969474
23	28	1.9275159999961033
23	29	-5.368857000001299
23	29	-3.820295500001521
23	29	-3.7974517500006186
23	29	-3.269639250000182
23	29	-3.25357675000123
23	29	-2.8420767499992508
23	29	-2.4102017500008515
23	29	-2.187076750000415
23	29	-1.7970465000034892
23	29	0.34560974999840255
23	30	-5.258513999997376
23	30	-5.1644827499985695
23	30	-3.9469514999982493
23	30	-3.320170249997318
23	30	-3.2847327499985113
23	30	-2.9411399999989953
23	30	-2.7323587499995483
23	30	-2.2624212500013527
23	30	-2.049858750000567
23	30	-0.4297972499989555
23	30	-0.42535974999918835
23	30	-0.42148474999703467
23	30	-0.4172347499988973
23	30	-0.06339099999968312
23	30	0.2595152499998221
23	30	0.26282775000072434
23	30	0.4921090000025288
23	30	1.7855777500008116
23	31	-5.942012999999861
23	31	-5.939669250001316
23	31	-5.27245149999726
23	31	-4.943670249998831
23	31	-4.664951499999006
23	31	-4.661170249997667
23	31	-4.6254827499979
23	31	-4.620670249998511
23	31	-2.9926399999967543
23	31	-2.9882337499948335
23	31	-2.831514999998035
23	31	-1.7743899999950372
23	32	-4.170232750002469
23	32	-4.152607750002062
23	32	-3.8670765000024403
23	32	-3.16145150000375
23	32	-2.695827499999723
23	32	-2.6887649999989662
23	32	-2.6151712499995483
23	32	-2.126358749999781
23	32	-2.10260874999949
23	32	-0.6352650000007998
23	32	0.01739024999915273
23	32	0.5336089999982505
23	32	0.5452652499989199
23	32	0.9623902499988617
23	33	-5.703700250000111
23	33	-3.6991074999968987
23	33	-2.6643574999980046
23	33	-2.1688574999971024
23	33	-0.18392099999982747
23	33	0.9392665000013949
23	33	1.2175467500019295
23	33	1.2203592500009108
23	33	1.9957342500019877
23	34	-5.313074749996304
23	34	-5.31007474999933
23	34	-4.743232000000717
23	34	-4.198856999999407
23	34	-3.9656695000012405
23	34	-3.948669500001415
23	34	-3.9333882499995525
23	34	-2.8976382500004547
23	34	-2.2763579999991634
23	34	-2.267795499996282
23	34	-1.9572017499995127
23	34	-1.950045499997941
23	34	-1.9206079999967187
23	34	-1.3271392499991634
23	34	-0.1612329999989015
23	34	0.30179724999834434
23	34	1.0355784999992466
23	34	1.9633284999981697
23	35	-4.127701249999518
23	35	-3.909232499998325
23	35	-3.5072637500015844
23	35	-3.257857500000682
23	35	-2.1466084999992745
23	35	-1.5680459999966843
23	35	-1.563389749997441
23	35	-0.2403584999992745
23	35	-0.19138974999805214
23	36	-5.751574750000145
23	36	-5.237200750001648
23	36	-5.213732000000164
23	36	-5.187982000003103
23	36	-4.606982000001153
23	36	-4.600607000000309
23	36	-2.355545499998698
23	36	-2.110420500001055
23	36	-2.1035767499997746
23	36	-1.3150454999995418
23	36	-0.5899214999990363
23	36	-0.2672652499968535
23	36	1.0878597500013711
23	36	1.1040472500026226
23	36	1.7866410000024189
23	36	1.7914222500003234
23	37	-5.615325749997282
23	37	-3.158420499996282
23	37	-2.7900454999980866
23	37	-1.8465454999968642
23	37	0.49048475000381586
23	37	0.4972035000027972
23	37	0.921734750005271
23	37	1.4058587500003341
23	37	1.4162650000034773
23	37	1.7070775000029244
23	37	1.7423900000030699
23	38	-5.613075249999383
23	38	-5.567418999999063
23	38	-2.814076250000653
23	38	-2.6644512500024575
23	38	-2.4017012500007695
23	38	-2.3870137500016426
23	38	-1.914607500002603
23	38	-1.5833585000000312
23	38	-1.1725147500001185
23	38	-0.8038584999994782
23	38	-0.6202960000009625
23	38	-0.352045999999973
23	38	0.06461024999953224
23	38	0.2750789999990957
23	39	-5.92360650000046
23	39	-5.705794000001333
23	39	-5.354450250000809
23	39	-4.834856500001479
23	39	-4.827450249998947
23	39	-2.498263750003389
23	39	-2.1071700000029523
23	39	-2.005388750003476
23	39	-0.42057725000267965
23	39	-0.3997960000015155
23	39	0.3524539999998524
23	39	0.5603904999989027
23	40	-5.1467945000003965
23	40	-5.12141949999932
23	40	-4.3821392499994545
23	40	-4.3374205000000075
23	40	-2.9335454999963986
23	40	-2.5243267499972717
23	40	-2.492482999998174
23	40	-0.6756402499995602
23	40	-0.5104839999985415
23	40	-0.48801525000089896
23	40	-0.4704215000019758
23	40	-0.44726525000078254
23	40	-0.16601525000078254
23	40	1.0262962500019057
23	41	-4.880013250000047
23	41	-2.3322955000003276
23	41	-2.3292954999997164
23	41	-2.159451750001608
23	41	0.06660974999977043
23	41	0.5904222499993921
23	41	0.5950784999986354
23	41	1.1561409999994794
23	41	1.723234749999392
23	42	-5.914012750003167
23	42	-5.4423565000033705
23	42	-5.3846387500016135
23	42	-4.7638575000019046
23	42	-3.6426700000047276
23	42	-3.362576250005077
23	42	-3.018513750004786
23	42	-2.1687335000024177
23	42	-1.3681085000025632
23	42	-1.3649835000032908
23	42	-1.2322335000026214
23	42	0.40623424999648705
23	42	0.8508592499965744
23	42	1.6511092499968072
23	42	1.9491404999971564
23	43	-5.492731250000361
23	43	-5.071449999999459
23	43	-3.502544750001107
23	43	-3.148857250002038
23	44	-4.735982500002137
23	44	-4.633232500003942
23	44	-4.614045000002079
23	44	-4.61020125000141
23	44	-4.247138750000886
23	44	-2.0320147500024177
23	44	-0.45217200000115554
23	44	-0.24092200000450248
23	44	0.34923424999578856
23	44	0.40839049999704
23	44	0.45457799999712734
23	45	-5.880793749998702
23	45	-5.603449999998702
23	45	-5.442575000000943
23	45	-5.431231250000565
23	45	-5.051731249997829
23	45	-3.5816384999998263
23	45	-3.402826000001369
23	45	-3.352888500001427
23	45	-2.174513500001922
23	45	-2.0918582499980403
23	45	0.03136050000102841
23	45	0.3247354999984964
23	45	1.4365469999975176
23	45	1.4822032499978377
23	46	-4.7536385000021255
23	46	-4.346544750002067
23	46	-4.192919750003057
23	46	-4.16388850000294
23	46	-3.560013500002242
23	46	-2.8709520000011253
23	46	-2.8244207499992626
23	46	-2.677889500002493
23	46	-1.650733250000485
23	46	-1.639733250001882
23	46	-1.3812957500013
23	46	-1.3741707500012126
23	46	-0.07457800000338466
23	46	0.019671999998536194
23	46	0.5235782499985362
23	46	0.5950157499974011
23	46	0.625328249996528
23	46	1.4719219999969937
23	47	-4.068825999998808
23	47	-3.783825999998953
23	47	-3.5161082500017073
23	47	-1.5704207500020857
23	47	-1.5581707500023185
23	47	-1.4101707500012708
23	47	-0.6875780000009399
23	48	-5.917325749996962
23	48	-5.061731999998301
23	48	-4.603794499998912
23	48	-4.590450749998126
23	48	-4.441044499995769
23	48	-4.34291949999897
23	48	-4.1595444999984466
23	48	-2.7278267500005313
23	48	-2.6506392499977665
23	48	-2.115107999998145
23	48	-1.8265142499985814
23	48	-1.8242954999986978
23	48	-1.6334829999977956
23	48	1.8173587499986752
23	49	-5.727762749997055
23	49	-5.500450249997812
23	49	-5.113887749997957
23	49	-5.067231499997433
23	49	-4.749606499997753
23	49	-4.122232500001701
23	49	-3.503420000000915
23	49	-2.8082324999995762
23	49	-2.794951250001759
23	49	-1.85776375000205
23	49	-1.451858500000526
23	49	-0.697952250000526
23	49	-0.26107724999747006
23	49	0.45914149999953224
23	49	0.46076650000031805
23	49	0.4704852499999106
23	49	0.4848602500023844
23	50	-5.846481499997026
23	50	-4.828700250000111
23	50	-4.826575249997404
23	50	-2.058388749996084
23	50	-1.4722335000005842
23	50	-1.4365772499986633
23	50	-1.346702249997179
24	1	-5.942044749997876
24	1	-5.713107249997847
24	1	-5.446419749998313
24	1	-5.4092634999979055
24	1	-5.368982249998226
24	1	-5.22532599999613
24	1	-5.212732249998226
24	1	-5.172950999996829
24	1	-4.894044749995373
24	1	-4.285482249997585
24	1	-4.171513499997673
24	1	-4.136325999996188
24	1	-4.061794749995897
24	1	-4.043575999996392
24	1	-4.024513499996829
24	1	-3.9588582500000484
24	1	-3.9514832499990007
24	1	-3.899483249999321
24	1	-3.7420769999989716
24	1	-3.490795749999961
24	1	-3.4810457499988843
24	1	-3.454170749999321
24	1	-3.31738949999999
24	1	-3.2851394999997865
24	1	-3.26348324999708
24	1	-3.2605769999972836
24	1	-3.152483249999932
24	1	-3.1396082499995828
24	1	-3.12182699999903
24	1	-3.081951999996818
24	1	-3.0614832499995828
24	1	-3.043639499999699
24	1	-2.92901449999772
24	1	-2.9106707499995537
24	1	-2.880170749998797
24	1	-2.860733249999612
24	1	-2.768108249998477
24	1	-2.741420749996905
24	1	-2.6050457499986805
24	1	-2.4367644999983895
24	1	-2.1650769999978365
24	1	-2.1429832499998156
24	1	-2.1382332499997574
24	1	-2.0853895000000193
24	1	-1.910295749999932
24	1	-1.8130144999995537
24	1	-1.7814519999992626
24	1	-1.7523582499998156
24	1	-1.5854207499978656
24	1	-1.5806394999999611
24	1	-1.5758269999969343
24	1	-1.1414842499980296
24	1	-0.8365779999985534
24	1	-0.4935779999977967
24	1	-0.3737654999968072
24	1	-0.26648424999802955
24	1	0.03585950000342564
24	1	0.07845325000380399
24	1	0.31882825000138837
24	1	0.6884532500043861
24	1	0.7922345000042696
24	1	0.9651095000044734
24	1	0.9679845000027854
24	1	1.0969210000002931
24	1	1.1225772500001767
24	1	1.3988585000006424
24	1	1.5638585000015155
24	1	1.6830772499997693
24	1	1.7081085000027088
24	1	1.770639750000555
24	1	1.8755459999993036
24	1	1.8971397500026796
24	1	1.928108500000235
24	2	-5.370388499999535
24	2	-5.050138499998866
24	2	-4.992075999998633
24	2	-4.639419750001252
24	2	-4.593451000000641
24	2	-4.56041974999971
24	2	-4.516951000001427
24	2	-4.486701000001631
24	2	-4.329263499999797
24	2	-4.2113572499984
24	2	-4.023076999998011
24	2	-3.801451999999699
24	2	-3.773576999999932
24	2	-3.7626082499991753
24	2	-3.7486707499992917
24	2	-3.5924207499992917
24	2	-3.50342074999935
24	2	-3.4856707499966433
24	2	-3.410108249998302
24	2	-3.3716082499995537
24	2	-3.361170749998564
24	2	-3.351795749997109
24	2	-3.3317957499966724
24	2	-3.3105144999972254
24	2	-3.1807957499986514
24	2	-3.1473894999980985
24	2	-3.140451999999641
24	2	-3.0170457499989425
24	2	-2.877483249998477
24	2	-2.7550144999986514
24	2	-2.7036394999995537
24	2	-2.700795749999088
24	2	-2.6410457499987388
24	2	-1.8951707499982149
24	2	-1.7948269999978947
24	2	-1.66357699999935
24	2	-1.4501717499988445
24	2	-1.4153279999991355
24	2	-1.372421750002104
24	2	-1.3705154999988736
24	2	-1.3443905000021914
24	2	-1.2697342499996012
24	2	-0.9421404999993683
24	2	-0.9018592499996885
24	2	-0.807140500000969
24	2	-0.7269217499997467
24	2	-0.7027342500005034
24	2	-0.6717029999999795
24	2	-0.4910779999991064
24	2	-0.3687030000000959
24	2	-0.33982800000012503
24	2	-0.14014049999968847
24	2	0.06170325000130106
24	2	0.10626575000060257
24	2	0.5048282499992638
24	2	0.5427032500010682
24	2	0.8424532499993802
24	2	0.9358585000009043
24	2	0.9687960000010207
24	2	1.0372647500007588
24	2	1.1121397500028252
24	2	1.1711710000017774
24	2	1.2392335000004095
24	2	1.2485772500003804
24	2	1.2998585000023013
24	2	1.3970460000018647
24	2	1.4594522500010498
24	2	1.5481710000021849
24	2	1.8337022500018065
24	3	-5.881387749999703
24	3	-5.874793999999383
24	3	-5.73507525000241
24	3	-5.732825250001042
24	3	-5.516012750002119
24	3	-5.166200250001566
24	3	-4.830888749998849
24	3	-4.675670000000537
24	3	-4.537638750000042
24	3	-4.472451249999722
24	3	-4.456294999999955
24	3	-4.400013750000653
24	3	-4.091232499999023
24	3	-4.085201249999955
24	3	-4.027044999998907
24	3	-3.980294999997568
24	3	-3.9472637500002747
24	3	-3.8500137499977427
24	3	-3.5515762499999255
24	3	-3.2719512500007113
24	3	-3.25063874999978
24	3	-3.1174512500001583
24	3	-3.087732500000129
24	3	-3.0642325000007986
24	3	-2.9927012499974808
24	3	-2.1298272500025632
24	3	-2.1105147500020394
24	3	-2.046764750000875
24	3	-2.0282647500025632
24	3	-1.907858500002476
24	3	-1.8806710000026214
24	3	-1.7321397500018065
24	3	-1.6885147499997402
24	3	-1.6487022500004969
24	3	-1.0874210000001767
24	3	-0.7683585000013409
24	3	-0.6696397500018065
24	3	-0.6525460000011662
24	3	-0.6501710000011371
24	3	-0.6306397500011371
24	3	-0.09804699999949662
24	3	-0.0947657500000787
24	3	-0.06260950000068988
24	3	0.06329675000233692
24	3	0.0897030000014638
24	3	0.4218905000016093
24	3	0.4519842500012601
24	3	0.5052030000006198
24	3	0.558265499999834
24	3	1.039359250000416
24	3	1.161671750000096
24	3	1.336734250002337
24	3	1.657984249999572
24	3	1.684609250001813
24	3	1.8257655000015802
24	3	1.8761717500019586
24	4	-5.941294000000198
24	4	-5.826262750000751
24	4	-5.716982499998267
24	4	-5.359607499998674
24	4	-5.306294999998499
24	4	-5.226857499998005
24	4	-5.221951249997801
24	4	-4.779763750000711
24	4	-4.714294999997946
24	4	-4.578951249997772
24	4	-3.4971699999987322
24	4	-3.3641700000007404
24	4	-3.361138749998645
24	4	-3.3015762499999255
24	4	-3.1145460000007006
24	4	-2.999671000001399
24	4	-2.530296000000817
24	4	-2.3842960000001767
24	4	-2.3817960000014864
24	4	-2.230733500000497
24	4	-1.7866085000023304
24	4	-1.715733500001079
24	4	-1.6643897499998275
24	4	-1.6512022500028252
24	4	-1.5698897500005842
24	4	-1.5311397500008752
24	4	-1.522389750000002
24	4	-1.4877960000012536
24	4	-1.296733500003029
24	4	-1.2233897500009334
24	4	-1.1616397500001767
24	4	-0.7086407499991765
24	4	-0.39276574999894365
24	4	-0.3462032499992347
24	4	-0.046546999998099636
24	4	0.17070299999977578
24	4	0.20151550000082352
24	4	0.2537342499999795
24	4	0.25645300000178395
24	4	0.2714217499997176
24	4	0.3027342499990482
24	4	0.5297342500016384
24	4	0.6300780000019586
24	4	0.8451092499999504
24	4	0.8573905000012019
24	4	0.8889217500000086
24	4	1.1027654999998049
24	4	1.2071717500002705
24	4	1.5510155000010855
24	4	1.6451717499985534
24	4	1.9488895000031334
24	5	-5.939638500003639
24	5	-5.7550760000012815
24	5	-5.714482250001311
24	5	-5.561701000002358
24	5	-5.3726697500023874
24	5	-5.049576000001252
24	5	-4.544107250003435
24	5	-4.444794750001165
24	5	-4.390982250002708
24	5	-4.351107250004134
24	5	-4.304982250003377
24	5	-4.225669750001543
24	5	-4.212857250004163
24	5	-4.203232250001747
24	5	-4.153638500003581
24	5	-4.072451000003639
24	5	-4.068826000002446
24	5	-3.5896697500029404
24	5	-3.4057957500008342
24	5	-3.1649519999991753
24	5	-3.1169832500017947
24	5	-2.928483250001591
24	5	-2.6706395000001066
24	5	-2.6124207499997283
24	5	-2.590389500001038
24	5	-2.5397645000011835
24	5	-2.534889500002464
24	5	-2.3471395000015036
24	5	-2.070639500001562
24	5	-2.0297332500013
24	5	-2.0094207500005723
24	5	-1.9916707500015036
24	5	-1.9637020000009215
24	5	-1.9112332500008051
24	5	-1.8661707499995828
24	5	-1.7829520000013872
24	5	-1.6005457499995828
24	5	-1.566639500000747
24	5	-1.5346082500000193
24	5	-0.8845155000017257
24	5	-0.783796750001784
24	5	-0.46598425000411225
24	5	-0.3497030000035011
24	5	0.38335949999600416
24	5	0.5680157499955385
24	5	0.6593907499955094
24	5	0.6802657499974885
24	5	0.6870469999958004
24	5	1.077109499998187
24	5	1.0993907499978377
24	5	1.2938907499956258
24	5	1.5896709999979066
24	5	1.6243272499996237
24	5	1.6379835000007006
24	5	1.7038272499994491
24	5	1.768264750000526
24	5	1.783170999999129
24	5	1.8117022499973245
24	5	1.9971084999997402
24	6	-5.993638250001823
24	6	-5.93576325000322
24	6	-5.696169500002725
24	6	-5.6787632500017935
24	6	-5.0668257500037726
24	6	-4.941263250002521
24	6	-4.785264250000182
24	6	-4.561483000001317
24	6	-4.3877954999989015
24	6	-4.192826750000677
24	6	-3.759451750000153
24	6	-3.640014249998785
24	6	-3.549764250001317
24	6	-3.458139250000386
24	6	-3.4420767500014335
24	6	-3.4395767499991052
24	6	-3.385264250002365
24	6	-3.314545500001259
24	6	-3.28585799999928
24	6	-3.2602017499993963
24	6	-3.2476080000014917
24	6	-3.0719830000016373
24	6	-2.5033892499996
24	6	-2.395264250000764
24	6	-2.3723892500020156
24	6	-2.332326750001812
24	6	-2.1526715000036347
24	6	-1.9365777500024706
24	6	-1.8731402500015975
24	6	-1.8468277500032855
24	6	-1.6116402500010736
24	6	-1.4751090000027034
24	6	-1.4432340000021213
24	6	-1.2863902500030235
24	6	-1.115796500002034
24	6	-1.075702750003984
24	6	-1.066359000004013
24	6	-0.9326402500009863
24	6	-0.8390465000011318
24	6	-0.45135900000241236
24	6	0.09414099999776226
24	6	0.314046249997773
24	6	0.35995249999905354
24	6	0.7382025000006252
24	6	1.022014999998646
24	6	1.3513275000004796
24	6	1.3731087499982095
24	6	1.3885149999987334
24	6	1.464952499998617
24	6	1.5161712499975692
24	6	1.5217649999976857
24	7	-5.9298567500009085
24	7	-5.918888000000152
24	7	-5.835950500000763
24	7	-5.679075500000181
24	7	-5.195231749999948
24	7	-4.896419250002509
24	7	-4.848013999999239
24	7	-4.8417015000013635
24	7	-4.83557650000148
24	7	-4.40942024999822
24	7	-4.395014000001538
24	7	-4.316920249999384
24	7	-4.174857750000228
24	7	-4.1446389999982785
24	7	-4.09832649999953
24	7	-4.026107749999937
24	7	-3.946826499999588
24	7	-3.5518264999991516
24	7	-2.9018577499991807
24	7	-2.290077499998006
24	7	-2.089733749999141
24	7	-1.9810462499990535
24	7	-1.9232024999982968
24	7	-1.913858749998326
24	7	-1.8502024999979767
24	7	-1.8043274999981804
24	7	-1.6486712499972782
24	7	-1.5261399999981222
24	7	-1.5080462499972782
24	7	-1.5012649999989662
24	7	-0.9498587499983842
24	7	-0.9068899999983842
24	7	-0.8183587499988789
24	7	-0.809421250000014
24	7	-0.8021712499976275
24	7	-0.515733749998617
24	7	0.1376090000012482
24	7	0.14739025000017136
24	7	0.7137027499993565
24	7	0.7501402499983669
24	7	0.9646089999987453
24	7	0.9835464999996475
24	7	1.3105465000007825
24	7	1.400952749998396
24	7	1.490796499998396
24	7	1.5616090000003169
24	7	1.574171500000375
24	7	1.5837964999991527
24	7	1.6099527500009572
24	7	1.6376090000012482
24	7	1.7645777500001714
24	8	-5.86719974999869
24	8	-5.68782574999932
24	8	-5.67488824999964
24	8	-5.663950750000367
24	8	-5.5981695000009495
24	8	-5.509294499999669
24	8	-5.464607000001706
24	8	-5.445388250001997
24	8	-5.312200750002376
24	8	-4.843888250001328
24	8	-4.833950750002259
24	8	-4.553950749999785
24	8	-4.536638249999669
24	8	-3.634513249999145
24	8	-3.535700750002434
24	8	-3.085107999999309
24	8	-2.850639249998494
24	8	-2.8424830000003567
24	8	-2.651732999998785
24	8	-2.6450767499991343
24	8	-2.396076749999338
24	8	-2.1700454999991052
24	8	-2.1382955000008224
24	8	-1.4974829999991925
24	8	-1.4148267499986105
24	8	-1.0216704999984358
24	8	-1.0106080000005022
24	8	-0.895139249998465
24	8	-0.8369840000013937
24	8	-0.7538902500018594
24	8	-0.7427339999994729
24	8	-0.4088277500013646
24	8	-0.26707775000249967
24	8	-0.1071402500019758
24	8	-0.021765249999589287
24	8	0.14267225000003236
24	8	0.6000160000003234
24	8	0.6517972500005271
24	8	0.6687034999995376
24	8	0.7981409999993048
24	8	0.9286722500000906
24	8	1.0284534999991592
24	8	1.2782347499996831
24	8	1.2996409999977914
24	8	1.4059847499993339
24	8	1.4859534999995958
24	9	-5.967356500001188
24	9	-5.913606500002061
24	9	-5.9114190000000235
24	9	-5.729137750000518
24	9	-5.663919000002352
24	9	-5.426950249999209
24	9	-5.331481500001246
24	9	-5.139887749999616
24	9	-5.0297315000025264
24	9	-5.018544000002294
24	9	-5.011762750000344
24	9	-4.939512749999267
24	9	-4.507387749999907
24	9	-4.0668887499996345
24	9	-4.0650449999993725
24	9	-3.770795000000362
24	9	-3.7542012499980046
24	9	-3.723513749999256
24	9	-3.7183887499995762
24	9	-3.7050762500002747
24	9	-3.6403887499982375
24	9	-3.1986699999979464
24	9	-3.112294999998994
24	9	-3.063857499997539
24	9	-3.0316387499988195
24	9	-2.832857499997772
24	9	-2.794951249998121
24	9	-2.587419999999838
24	9	-2.4214199999987613
24	9	-2.235951250000653
24	9	-1.8054522500024177
24	9	-1.8033897500026796
24	9	-1.7692335000028834
24	9	-1.6760460000004969
24	9	-1.549921000001632
24	9	-1.3763897500029998
24	9	-1.2902960000028543
24	9	-0.8369210000018938
24	9	-0.5613272500013409
24	9	-0.5383272500002931
24	9	-0.18248350000067148
24	9	-0.12707725000291248
24	9	-0.11895225000262144
24	9	-0.010577250002825167
24	9	0.20986024999729125
24	9	0.2986414999977569
24	9	0.3079227499983972
24	9	0.3527665000001434
24	9	0.4523914999990666
24	9	0.6264842500022496
24	9	0.6665467499988154
24	9	0.8411405000006198
24	9	0.8756717500000377
24	9	0.959578000001784
24	9	1.0402967500012892
24	9	1.378171749998728
24	9	1.3908592500010855
24	9	1.4106405000020459
24	9	1.4797030000008817
24	9	1.5197030000017548
24	9	1.5888279999999213
24	9	1.7072967499989318
24	9	1.8193280000014056
24	9	1.8210467499993683
24	9	1.8412967500007653
24	10	-5.903387999998813
24	10	-5.835044249997736
24	10	-5.647200499999599
24	10	-5.617700499999046
24	10	-5.541419249999308
24	10	-5.465544250000676
24	10	-5.41338800000085
24	10	-5.371044249997794
24	10	-5.362700499998027
24	10	-5.289294250000239
24	10	-5.28545049999957
24	10	-5.270450500000152
24	10	-5.189731750000647
24	10	-5.147856749998027
24	10	-4.91820149999694
24	10	-4.853295249999064
24	10	-4.579013999999006
24	10	-4.544795249996241
24	10	-4.493420249997143
24	10	-4.341857749997871
24	10	-4.255826499997056
24	10	-4.2443577499980165
24	10	-4.021763999997347
24	10	-4.009138999997958
24	10	-3.824670249996416
24	10	-3.8127952499962703
24	10	-3.6997014999979
24	10	-3.6713889999991807
24	10	-3.510326499996154
24	10	-3.492045249997318
24	10	-3.466138999996474
24	10	-3.3098264999971434
24	10	-2.907326499996998
24	10	-2.2813274999971327
24	10	-2.204077499995037
24	10	-2.0248274999976275
24	10	-1.6842962499977148
24	10	-1.3073899999944842
24	10	-1.2973274999967543
24	10	-1.0139212499962014
24	10	-0.9855462499945133
24	10	-0.7963587499943969
24	10	-0.6455462499943678
24	10	-0.2047649999949499
24	10	0.24567150000075344
24	10	0.43004650000148104
24	10	0.5199527500008116
24	10	0.7796715000004042
24	10	0.834859000002325
24	10	1.334640250002849
24	10	1.34154650000346
24	10	1.4260152500028198
24	10	1.6674215000020922
24	10	1.675109000003431
24	10	1.687234000000899
24	10	1.7856715000016266
24	10	1.7998902500003169
24	11	-5.578200250001828
24	11	-5.37382625000464
24	11	-5.370326250002108
24	11	-5.346857500004262
24	11	-4.764920000005077
24	11	-4.762482500002079
24	11	-4.338013750002574
24	11	-4.288638750003884
24	11	-4.2826700000041455
24	11	-4.191045000003214
24	11	-3.820857500002603
24	11	-3.627388750002865
24	11	-3.587420000003476
24	11	-3.5176700000047276
24	11	-3.465701250002894
24	11	-3.44760750000205
24	11	-3.1893262500016135
24	11	-3.136732500002836
24	11	-2.5835147500001767
24	11	-2.563827250000031
24	11	-2.4082335000020976
24	11	-2.1550459999998566
24	11	-2.144421000000875
24	11	-2.1208897500000603
24	11	-2.0803272500015737
24	11	-1.3564210000004095
24	11	-1.1698272500034363
24	11	-0.7498585000030289
24	11	-0.7152022500013118
24	11	-0.6595772500004387
24	11	-0.36810950000290177
24	11	-0.020078250003280118
24	11	0.18842174999736017
24	11	0.30070299999715644
24	11	0.33432799999718554
24	11	0.7919842499977676
24	11	0.9126717499966617
24	11	0.938202999997884
24	11	1.1832342499947117
24	11	1.2563279999958468
24	11	1.9586404999972729
24	11	1.970420749996265
24	12	-5.885450249999849
24	12	-5.777232500000537
24	12	-5.640482499999052
24	12	-5.628701249999722
24	12	-5.563732499998878
24	12	-5.4883574999985285
24	12	-5.157794999999169
24	12	-4.870107499998994
24	12	-4.6037949999990815
24	12	-4.545638750001672
24	12	-4.4986387499993725
24	12	-4.1577637500013225
24	12	-3.9099512499997218
24	12	-3.7519512500002747
24	12	-3.672013750001497
24	12	-3.6380137500018463
24	12	-3.603545000001759
24	12	-3.4385137499994016
24	12	-3.4196074999999837
24	12	-3.1922334999981103
24	12	-3.0647647499972663
24	12	-3.0261397499998566
24	12	-2.8599209999993036
24	12	-2.8525147499967716
24	12	-2.812452250000206
24	12	-2.505295999999362
24	12	-2.3868584999981977
24	12	-2.3202334999987215
24	12	-2.1806084999989253
24	12	-2.048577249999653
24	12	-1.9629209999984596
24	12	-1.8573584999976447
24	12	-1.640295999997761
24	12	-1.605139749997761
24	12	-1.5647022499979357
24	12	-1.5549209999990126
24	12	-1.546545999997761
24	12	-1.5265459999973245
24	12	-1.4865772499979357
24	12	-1.397483499997179
24	12	-1.3515459999980521
24	12	-0.9998272499979066
24	12	-0.9633584999974119
24	12	-0.9294209999970917
24	12	-0.15776575000199955
24	12	0.033390500000678
24	12	0.13823425000009593
24	12	0.1450154999984079
24	12	0.7657030000009399
24	12	0.8486717499981751
24	12	0.9703904999987572
24	12	1.4057342499982042
24	12	1.4801092499983497
24	12	1.7855770000023767
24	12	1.8422332500013
24	13	-5.887419499998941
24	13	-5.666919499999494
24	13	-5.4468569999989995
24	13	-5.436450749999494
24	13	-5.413981999998214
24	13	-5.042544499996438
24	13	-4.721763249996002
24	13	-4.428232999998727
24	13	-3.9291392499981157
24	13	-3.8692017499997746
24	13	-3.6056079999980284
24	13	-3.5878267500011134
24	13	-3.5520455000005313
24	13	-3.329357999999047
24	13	-3.319170499999018
24	13	-3.170451750000211
24	13	-3.071857999999338
24	13	-3.069170499999018
24	13	-2.895264250000764
24	13	-2.8593267500000366
24	13	-2.847858000000997
24	13	-2.7678579999992508
24	13	-2.732920499998727
24	13	-2.7111704999988433
24	13	-2.6522955000000366
24	13	-2.4124830000000657
24	13	-2.313608000000386
24	13	-2.149108999998134
24	13	-1.844608999999764
24	13	-1.6988902499979304
24	13	-1.6966089999987162
24	13	-1.5382339999996475
24	13	-1.5336714999975811
24	13	-0.9331402499992691
24	13	-0.7861089999969408
24	13	-0.7293589999972028
24	13	-0.5285777499993856
24	13	0.05539100000169128
24	13	0.21126600000206963
24	13	0.6242024999992282
24	13	0.7129212500003632
24	13	0.927952499998355
24	13	1.0703587499992864
24	13	1.3149525000007998
24	13	1.3626399999993737
24	13	1.4472024999995483
24	13	1.568264999998064
24	13	1.744764999999461
24	13	1.7472962499996356
24	14	-5.923449999998411
24	14	-5.916574999999284
24	14	-5.876857250001194
24	14	-5.750263500001893
24	14	-5.6336697500009905
24	14	-5.587482250000903
24	14	-5.541919750001398
24	14	-5.450544750001427
24	14	-5.3381384999993315
24	14	-5.314138500001718
24	14	-5.015951000001223
24	14	-5.002982250000059
24	14	-4.4642635000018345
24	14	-4.354982249999011
24	14	-4.340044749998924
24	14	-4.324294750000263
24	14	-4.300075999999535
24	14	-3.659951000001456
24	14	-2.840795749998506
24	14	-2.6236394999978074
24	14	-2.6137019999987388
24	14	-2.260108250000485
24	14	-2.0905457499975455
24	14	-1.9479519999986223
24	14	-1.9363582499972836
24	14	-1.658139499999379
24	14	-1.6161707499995828
24	14	-1.5543269999980112
24	14	-1.1132957499976328
24	14	-1.1061707499975455
24	14	-1.0521394999996119
24	14	-1.0365457499974582
24	14	-1.0295144999981858
24	14	-0.8408904999996594
24	14	-0.34460925000166753
24	14	-0.21217175000128918
24	14	-0.15164050000021234
24	14	-0.061984250001842156
24	14	0.09517199999754666
24	14	0.5850782499983325
24	14	0.651953249998769
24	14	0.7147032499997295
24	14	0.7343594999983907
24	14	0.7409845000001951
24	14	0.8343907499984198
24	14	0.8542969999980414
24	14	0.9428907500005153
24	14	0.9934219999995548
24	14	1.2196719999992638
24	14	1.7679835000017192
24	15	-5.802200000005541
24	15	-5.77845000000525
24	15	-5.470731250003155
24	15	-5.46301250000397
24	15	-5.413356250002835
24	15	-5.349951000003784
24	15	-5.262263500004337
24	15	-5.156482250004046
24	15	-5.14185725000425
24	15	-5.109294750003755
24	15	-5.1062322500038135
24	15	-4.993388500002766
24	15	-4.934669750004105
24	15	-4.9133885000046575
24	15	-4.890701000003901
24	15	-4.877982250003697
24	15	-4.618482250003581
24	15	-3.769951000002038
24	15	-3.7142635000018345
24	15	-3.6751072500046575
24	15	-3.57110725000166
24	15	-3.2744822500026203
24	15	-3.172263500004192
24	15	-3.1461072500023874
24	15	-2.991982250001456
24	15	-2.969888500003435
24	15	-2.689389499999379
24	15	-2.6792645000023185
24	15	-2.6356707500017365
24	15	-2.6212020000020857
24	15	-1.8803270000025805
24	15	-1.7670145000010962
24	15	-1.5662957500026096
24	15	-1.5432645000000775
24	15	-1.5316082499994081
24	15	-1.5135770000015327
24	15	-1.3545145000025514
24	15	-1.290327000002435
24	15	-1.2616082500026096
24	15	-1.1965457500009506
24	15	-1.0427645000017947
24	15	-0.7726707500005432
24	15	-0.6208895000017947
24	15	-0.615264500000194
24	15	-0.5141395000027842
24	15	-0.2625467500038212
24	15	-0.11135925000417046
24	15	-0.08942175000265706
24	15	-0.07842175000405405
24	15	0.13470324999798322
24	15	0.5041719999971974
24	15	0.5192032499980996
24	15	0.5320469999969646
24	15	0.6016407499955676
24	15	0.7987969999958295
24	15	0.8171719999954803
24	15	0.995390749998478
24	15	1.0214532499958295
24	15	1.1102657499977795
24	15	1.1292969999958586
24	15	1.5958907499953057
24	15	1.6413282499961497
24	15	1.683921999996528
24	15	1.8794219999981578
24	15	1.913453249995655
24	15	1.9205157499964116
24	15	1.931046999998216
24	15	1.9985157499977504
24	16	-5.99769975000163
24	16	-5.847699750000174
24	16	-5.839105999999447
24	16	-5.70851224999933
24	16	-5.6426372499990975
24	16	-5.316574749998836
24	16	-5.182732000001124
24	16	-5.116200750002463
24	16	-5.053669500000979
24	16	-4.934919500003161
24	16	-4.832325750001473
24	16	-4.656388250001328
24	16	-4.646825750001881
24	16	-4.526825750002899
24	16	-4.101200750003045
24	16	-3.9923882500006584
24	16	-3.9794507500009786
24	16	-3.8632632500011823
24	16	-3.7661382500009495
24	16	-3.600607000003947
24	16	-3.0329820000006293
24	16	-2.639201750000211
24	16	-2.5422017500022775
24	16	-2.5163892500022484
24	16	-1.6505767500020738
24	16	-1.4910767500005022
24	16	-1.3627955000010843
24	16	-1.3261392499989597
24	16	-1.2390455000022484
24	16	-1.0176080000019283
24	16	-0.9814517500017246
24	16	-0.9667330000011134
24	16	-0.9594204999993963
24	16	-0.9088892500003567
24	16	-0.5824830000019574
24	16	-0.575139250002394
24	16	-0.5473267500019574
24	16	-0.28573300000061863
24	16	-0.26792050000221934
24	16	-0.21695275000092806
24	16	-0.16995275000226684
24	16	0.053734749995783204
24	16	0.06729724999604514
24	16	0.18542224999691825
24	16	0.25098474999686005
24	16	0.385953499997413
24	16	0.4591097499978787
24	16	0.5187972499988973
24	16	0.5466097499956959
24	16	0.8126409999968018
24	16	0.889547249997122
24	16	1.0517034999975294
24	16	1.1365472499965108
24	16	1.3302972499986936
24	16	1.3363597499956086
24	16	1.3483597499980533
24	16	1.4522034999972675
24	16	1.5209847499972966
24	16	1.6713597499983734
24	17	-5.941669250001723
24	17	-5.914169250001578
24	17	-5.868138000001636
24	17	-5.790450500000588
24	17	-5.6592942500028585
24	17	-5.609419250002247
24	17	-5.543356750000385
24	17	-5.529325499999686
24	17	-5.435169250002218
24	17	-5.249357750002673
24	17	-4.8032640000019455
24	17	-4.8012015000022075
24	17	-4.751826500003517
24	17	-4.732201500002702
24	17	-4.714639000001625
24	17	-4.711139000002731
24	17	-4.448139000003721
24	17	-4.44123275000311
24	17	-4.292826500004594
24	17	-4.104107750004914
24	17	-4.091576500002702
24	17	-4.051857750004274
24	17	-4.039232750004885
24	17	-3.952045250003721
24	17	-3.695045250002295
24	17	-3.316389000003255
24	17	-3.310201500004041
24	17	-3.2663577500024985
24	17	-3.196107750001829
24	17	-2.8243265000019164
24	17	-2.6133275000029244
24	17	-2.5555775000029826
24	17	-2.2206712500010326
24	17	-2.0998587499998393
24	17	-2.095077500001935
24	17	-2.057077500001469
24	17	-2.0473275000003923
24	17	-1.9234525000028952
24	17	-1.8532337500000722
24	17	-1.8492962500022259
24	17	-1.7747650000019348
24	17	-1.7462962500030699
24	17	-1.6641400000007707
24	17	-1.648140000001149
24	17	-1.6389212499998393
24	17	-1.1927962500012654
24	17	-1.1438900000030117
24	17	-1.0951400000012654
24	17	-0.8732025000026624
24	17	-0.8160462500018184
24	17	-0.24264100000436883
24	17	-0.22467225000218605
24	17	0.08901524999600952
24	17	0.3327652499974647
24	17	0.3576402499966207
24	17	0.5796714999960386
24	17	0.6462027499946998
24	17	0.6562339999945834
24	17	0.6846089999962715
24	17	0.6984527499953401
24	17	0.7430777499976102
24	17	0.794140249996417
24	17	0.9257652499945834
24	17	0.9341714999973192
24	17	0.9950152499950491
24	17	1.0441089999949327
24	17	1.0773589999953401
24	17	1.0875777499968535
24	17	1.1132964999960677
24	17	1.5069839999960095
24	17	1.5558902499979013
24	17	1.629983999995602
24	17	1.647452749995864
24	17	1.6533277499947872
24	17	1.670983999996679
24	17	1.6890152499945543
24	17	1.6905464999945252
24	17	1.8185464999951364
24	17	1.8467339999951946
24	17	1.8974839999973483
24	18	-5.78423174999989
24	18	-5.5839505000003555
24	18	-5.2304827500011015
24	18	-5.159326500001043
24	18	-5.144138999999996
24	18	-5.086888999998337
24	18	-5.025013999998919
24	18	-4.687013999999181
24	18	-4.601763999999093
24	18	-4.576451500000985
24	18	-4.486107749999064
24	18	-4.438732750000781
24	18	-3.9980452499985404
24	18	-3.9867327499996463
24	18	-3.974576500000694
24	18	-3.968607750000956
24	18	-3.7536077500008105
24	18	-3.5206702499999665
24	18	-3.489763999998104
24	18	-3.4758264999982202
24	18	-3.2471389999991516
24	18	-3.2334515000002284
24	18	-3.2086077499989187
24	18	-2.910390000000916
24	18	-2.8539837500029535
24	18	-2.8139212500027497
24	18	-2.6546712500021385
24	18	-2.0920775000013236
24	18	-2.023046250000334
24	18	-1.8353587500023423
24	18	-1.823296250000567
24	18	-1.6279525000027206
24	18	-1.143421250002575
24	18	-0.9643587500031572
24	18	-0.952827500001149
24	18	-0.8979525000031572
24	18	-0.7814212500015856
24	18	-0.7697025000015856
24	18	-0.762546250003652
24	18	-0.611233750001702
24	18	-0.5807337500009453
24	18	-0.5788900000006834
24	18	-0.41485875000216765
24	18	-0.25282850000075996
24	18	-0.15432850000070175
24	18	0.3547340000004624
24	18	0.36210900000151014
24	18	0.37523399999918183
24	18	0.3946714999983669
24	18	0.6326402499980759
24	18	1.1447965000006661
24	18	1.6555464999983087
24	18	1.8886715000007825
24	18	1.8988277499993274
24	18	1.9133589999983087
24	18	1.9206090000006952
24	18	1.985140249998949
24	19	-5.8130439999986265
24	19	-5.804543999998714
24	19	-5.785637749999296
24	19	-5.776918999999907
24	19	-5.752450249998219
24	19	-5.743012749997433
24	19	-5.728793999998743
24	19	-5.7164190000003146
24	19	-5.65920025000014
24	19	-5.63966900000014
24	19	-5.609731500000635
24	19	-5.603793999998743
24	19	-5.522668999998132
24	19	-5.456450249999762
24	19	-5.394543999998859
24	19	-5.306637749999936
24	19	-5.210731499999383
24	19	-5.2030439999980445
24	19	-5.189200249998976
24	19	-5.110512749997724
24	19	-5.101856499997666
24	19	-4.9859502500003146
24	19	-4.673981500000082
24	19	-4.583231500000693
24	19	-4.387168999997812
24	19	-4.364012750000256
24	19	-4.105418999999529
24	19	-3.815920000000915
24	19	-3.7519512500002747
24	19	-3.6566075000009732
24	19	-3.6446075000021665
24	19	-3.5552950000019337
24	19	-3.489951250001468
24	19	-3.417701250000391
24	19	-3.3422950000021956
24	19	-3.309951250001177
24	19	-3.238420000001497
24	19	-3.0260762500001874
24	19	-2.6899200000007113
24	19	-2.4408575000015844
24	19	-2.4301699999996345
24	19	-2.2458575000018755
24	19	-2.1288887500013516
24	19	-2.10732624999946
24	19	-2.10117000000173
24	19	-2.097763750000013
24	19	-1.9264825000027486
24	19	-1.9160137500002747
24	19	-1.7805762499992852
24	19	-1.502639750000526
24	19	-1.3998897499986924
24	19	-1.3625147499988088
24	19	-1.1932647499997984
24	19	-1.1759834999975283
24	19	-1.031327249998867
24	19	-0.8502334999975574
24	19	-0.8082334999999148
24	19	-0.423077249997732
24	19	-0.35795225000038045
24	19	-0.22185850000096252
24	19	-0.2099522499993327
24	19	0.13264150000031805
24	19	0.17786025000168593
24	19	0.38586025000040536
24	19	0.4808602500015695
24	19	0.5237352500007546
24	19	0.5627664999992703
24	19	0.7242352499997651
24	19	0.8504539999994449
24	19	0.8779227500017441
24	19	0.9006415000003472
24	19	0.9830779999974766
24	19	1.0569529999993392
24	19	1.0635467499996594
24	19	1.2686717500000668
24	19	1.7541717499989318
24	19	1.7813905000002705
24	19	1.7996092499997758
24	19	1.9259217500002705
24	19	1.9462654999988445
24	20	-5.893950249999762
24	20	-5.369793999998365
24	20	-5.332543999997142
24	20	-5.180793999999878
24	20	-4.7979825000002165
24	20	-4.694232500001817
24	20	-4.36679500000173
24	20	-3.5541387500015844
24	20	-3.124388749998616
24	20	-2.942451250000886
24	20	-2.8497637500004203
24	20	-2.8393887499987613
24	20	-2.6065762500002165
24	20	-2.5684199999996054
24	20	-2.4491699999998673
24	20	-2.0607647500000894
24	20	-1.9294209999970917
24	20	-1.7883272500002931
24	20	-1.6783897499990417
24	20	-1.2962959999968007
24	20	-1.1501709999974992
24	20	-1.1273897499995655
24	20	-1.0803897499972663
24	20	-1.0696397499996237
24	20	-1.022483499997179
24	20	-0.9052334999978484
24	20	-0.5602334999966843
24	20	-0.5416709999990417
24	20	-0.4921084999987215
24	20	-0.43432724999729544
24	20	-0.38367099999959464
24	20	-0.2301397499977611
24	20	-0.15545224999732454
24	20	-0.09676475000014761
24	20	0.03332900000168593
24	20	0.16917175000344287
24	20	0.2015155000044615
24	20	0.29882800000268617
24	20	0.757078000002366
24	20	0.8098280000049272
24	20	0.8386092500040832
24	20	0.9481092500027444
24	20	0.9703280000030645
24	20	1.008828000001813
24	20	1.2445780000016384
24	20	1.3271405000014056
24	20	1.3443905000021914
24	20	1.385046750001493
24	20	1.3879530000049272
24	20	1.5055155000045488
24	20	1.5123905000036757
24	20	1.5937655000016093
24	21	-5.983356500000809
24	21	-5.93801275000078
24	21	-5.786856499998976
24	21	-5.759825249999267
24	21	-5.582012750001013
24	21	-5.5757940000003146
24	21	-5.557481499999994
24	21	-5.5197627499983355
24	21	-5.504512749997957
24	21	-5.375825250001071
24	21	-5.277043999998568
24	21	-4.926700249998248
24	21	-4.900512749998597
24	21	-4.896231499998976
24	21	-4.759951249998267
24	21	-4.721544999996695
24	21	-4.146544999999605
24	21	-4.106701249998878
24	21	-4.087826249997306
24	21	-4.025544999996782
24	21	-3.9792324999980337
24	21	-3.974544999997306
24	21	-3.4498262499982957
24	21	-3.4412637499990524
24	21	-2.6979824999980337
24	21	-2.679388749998907
24	21	-2.674138749996928
24	21	-2.631076249996113
24	21	-2.543107499997859
24	21	-2.2821709999989253
24	21	-2.2184835000007297
24	21	-1.7642022500003804
24	21	-1.7341710000000603
24	21	-1.7225460000008752
24	21	-1.5652022499998566
24	21	-1.15067099999942
24	21	-0.891421000000264
24	21	-0.8774210000010498
24	21	-0.7009522500011371
24	21	-0.6632022500016319
24	21	-0.6533272499982559
24	21	-0.5413584999987506
24	21	-0.4248584999986633
24	21	-0.22251474999939092
24	21	0.4686405000029481
24	21	0.5012967500006198
24	21	0.7370467500004452
24	21	0.7619217500032391
24	21	0.8018592500011437
24	21	1.0542967500005034
24	21	1.1286092500013183
24	21	1.288640500002657
24	21	1.555078000001231
24	21	1.7159842500004743
24	21	1.830984250002075
24	22	-5.883950749997894
24	22	-5.584106999998767
24	22	-4.842700749999494
24	22	-4.658231999997952
24	22	-4.655232000000979
24	22	-4.559044499997981
24	22	-4.502450749998388
24	22	-4.220419499997661
24	22	-4.195075749998068
24	22	-3.9389830000000075
24	22	-3.8124205000021902
24	22	-3.704451749999862
24	22	-3.6773892500023067
24	22	-3.6643267500003276
24	22	-3.5397330000014335
24	22	-3.499608000001899
24	22	-3.4412642500028596
24	22	-3.3822330000002694
24	22	-3.3187017500022193
24	22	-3.2359517500008224
24	22	-3.227170500002103
24	22	-3.133420500002103
24	22	-3.034858000002714
24	22	-2.794389250000677
24	22	-2.6914517500008515
24	22	-2.5153580000005604
24	22	-2.4501080000009097
24	22	-2.405108000002656
24	22	-2.3666704999996
24	22	-2.2719517500008806
24	22	-2.2701080000006186
24	22	-2.2569517500014626
24	22	-2.18595175000155
24	22	-2.1678892500021902
24	22	-1.776420500002132
24	22	-1.7621080000026268
24	22	-1.7599205000005895
24	22	-1.7457329999997455
24	22	-1.524827749999531
24	22	-1.4428589999988617
24	22	-1.3948277499985124
24	22	-1.2451714999988326
24	22	-1.1326714999995602
24	22	-1.1082027500015101
24	22	-0.9646714999980759
24	22	-0.750765249998949
24	22	-0.4461090000004333
24	22	-0.2810152499987453
24	22	-0.25364025000089896
24	22	-0.2508277499982796
24	22	-0.18395275000148104
24	22	-0.14382774999830872
24	22	-0.13285900000119
24	22	0.15189100000134204
24	22	0.31604724999851896
24	22	0.32942225000078906
24	22	0.3732659999986936
24	22	0.4075784999986354
24	22	0.803922250001051
24	22	0.8541087499979767
24	22	0.8862337499995192
24	22	0.9295149999998102
24	22	1.0385774999995192
24	22	1.6121712499989371
24	22	1.660264999998617
24	22	1.686483749999752
24	23	-5.953794500001095
24	23	-5.868794500001968
24	23	-5.8378882500001055
24	23	-5.605638249999174
24	23	-5.110732000001008
24	23	-5.0970445000020845
24	23	-4.795263250001881
24	23	-4.699388249999174
24	23	-4.692388250001386
24	23	-4.595606999999291
24	23	-4.567388250001386
24	23	-3.8481080000019574
24	23	-3.660576750004111
24	23	-3.5009830000017246
24	23	-3.46373300000414
24	23	-3.45817050000187
24	23	-3.426170500002627
24	23	-2.959483000002365
24	23	-2.6524205000023358
24	23	-2.562701750000997
24	23	-2.5233580000021902
24	23	-2.4179205000036745
24	23	-2.4126705000016955
24	23	-2.2512017500012007
24	23	-1.982014250002976
24	23	-1.8150455000031798
24	23	-1.7870455000011134
24	23	-1.7212955000031798
24	23	-1.3176090000015392
24	23	-1.060171500001161
24	23	-0.6192340000015975
24	23	-0.4584527500010154
24	23	-0.4017027500012773
24	23	-0.33410899999944377
24	23	-0.1860152500012191
24	23	-0.17551525000089896
24	23	-0.17082775000017136
24	23	0.1772347499972966
24	23	0.18654724999942118
24	23	0.21354724999764585
24	23	0.34479724999982864
24	23	0.4805472499974712
24	23	0.6486097499982861
24	23	0.811483749999752
24	23	0.9793275000010908
24	23	1.0181400000001304
24	23	1.0796399999999267
24	23	1.0943900000020221
24	23	1.1802337500012072
24	23	1.4548275000015565
24	23	1.5256399999998393
24	24	-5.606419499999902
24	24	-5.577450750002754
24	24	-5.56038824999996
24	24	-5.409669500000746
24	24	-5.394263250000222
24	24	-5.05282575000092
24	24	-4.857733000000735
24	24	-4.808889249998174
24	24	-4.6210455000000366
24	24	-4.562357999999222
24	24	-4.373514250000881
24	24	-4.273232999999891
24	24	-4.169233000000531
24	24	-4.122107999999571
24	24	-4.062764250000328
24	24	-3.9916392499981157
24	24	-3.953233000000182
24	24	-3.9350767500000075
24	24	-3.834576749999542
24	24	-3.7142642500002694
24	24	-3.4998267499977374
24	24	-3.4551079999982903
24	24	-3.3028892500005895
24	24	-3.2079830000002403
24	24	-3.0129830000005313
24	24	-2.8976704999986396
24	24	-2.8245767500011425
24	24	-2.557264250001026
24	24	-2.4675454999996873
24	24	-2.393920499998785
24	24	-2.2838277500013646
24	24	-2.191859000002296
24	24	-2.1375465000019176
24	24	-2.067077750001772
24	24	-1.7503277499999967
24	24	-1.7222652500022377
24	24	-1.714984000002005
24	24	-1.6664215000018885
24	24	-1.6477965000012773
24	24	-1.6349527500024124
24	24	-1.5044840000009572
24	24	-1.3419840000024124
24	24	-1.3300777500007825
24	24	-1.3229527500006952
24	24	-1.3086715000026743
24	24	-1.2309840000016266
24	24	-1.154952750002849
24	24	-1.0929527500011318
24	24	-0.978765250001743
24	24	-0.9296402500003751
24	24	-0.8633590000026743
24	24	-0.6351090000025579
24	24	-0.5797027500011609
24	24	-0.39814025000305264
24	24	-0.18089025000153924
24	24	-0.16801525000119
24	24	0.15829624999969383
24	24	0.36173374999998487
24	24	0.5026712500002759
24	24	0.8090462500003923
24	24	0.8376087500000722
24	24	0.9197962500002177
24	24	1.0270774999989953
24	24	1.1641087499992864
24	24	1.205796250000276
24	24	1.2163587499999267
24	24	1.2303275000012945
24	24	1.2909524999995483
24	24	1.6934837500011781
24	24	1.7510150000016438
24	24	1.8060150000019348
24	24	1.8861712500001886
24	25	-5.853731750001316
24	25	-5.792450500000996
24	25	-5.753263000002335
24	25	-5.726606750002247
24	25	-5.707700499999191
24	25	-5.648169250001956
24	25	-5.399200500000006
24	25	-5.351669250001578
24	25	-5.32963799999925
24	25	-5.155044250001083
24	25	-5.125856750000821
24	25	-5.027450500001578
24	25	-4.879170249998424
24	25	-4.818701500000316
24	25	-4.8168889999979
24	25	-4.806732749999355
24	25	-4.718638999998802
24	25	-4.302326499997434
24	25	-4.040357750000112
24	25	-3.9402952499985986
24	25	-3.9267015000004903
24	25	-3.892638999997871
24	25	-3.8614202499993553
24	25	-3.853482750000694
24	25	-3.850513999997929
24	25	-3.3083889999979874
24	25	-3.2391389999975218
24	25	-2.6352014999974926
24	25	-2.5752327499976673
24	25	-2.5727014999974926
24	25	-2.356827499999781
24	25	-2.2511087500024587
24	25	-2.2352649999993446
24	25	-1.9477025000014692
24	25	-1.7026712500010035
24	25	-1.3355150000024878
24	25	-1.155640000000858
24	25	-0.2973275000003923
24	25	-0.2582962500018766
24	25	-0.06776499999978114
24	25	0.01892249999946216
24	25	0.2844527500019467
24	25	0.2917340000021795
24	25	0.5118277500005206
24	25	0.5262340000008408
24	25	0.6201402500009863
24	25	0.6712652499991236
24	25	0.9323902500000258
24	25	1.3119527500020922
24	25	1.5796714999996766
24	25	1.795484000002034
24	25	1.944015249999211
24	26	-5.460388249997777
24	26	-5.451919499995711
24	26	-5.390669499996875
24	26	-5.080450749996089
24	26	-5.039294499998505
24	26	-4.775231999996322
24	26	-4.747544499998185
24	26	-4.6940757499978645
24	26	-4.6621069999964675
24	26	-4.6276694999978645
24	26	-4.356231999998272
24	26	-4.118169499997748
24	26	-4.04804449999574
24	26	-4.023763249995682
24	26	-3.9931069999984175
24	26	-3.923075749997224
24	26	-3.908231999997952
24	26	-3.862075749995711
24	26	-3.8452632499975152
24	26	-3.5903569999973115
24	26	-3.563481999997748
24	26	-3.444450749997486
24	26	-3.424888249996002
24	26	-3.4021382499959145
24	26	-3.38051324999833
24	26	-3.3648257499953615
24	26	-3.2212319999962347
24	26	-2.396889249997912
24	26	-2.10598299999765
24	26	-1.983951750000415
24	26	-1.8681704999980866
24	26	-1.8662329999970098
24	26	-1.8522017499999492
24	26	-1.84157674999733
24	26	-1.8058267499982321
24	26	-1.7798579999980575
24	26	-1.5575767499976791
24	26	-1.365139249999629
24	26	-1.188326749997941
24	26	-1.1737954999989597
24	26	-1.130951749997621
24	26	-0.9906080000000657
24	26	-0.8629517499975918
24	26	-0.7586080000000948
24	26	-0.3632339999967371
24	26	-0.20476524999685353
24	26	-0.1686402499981341
24	26	-0.07295274999705725
24	26	0.06626600000163307
24	26	0.08901600000172039
24	26	0.10064100000454346
24	26	0.12939100000221515
24	26	0.23279725000247709
24	26	0.39648475000285544
24	26	0.46617225000227336
24	26	0.6661097500036703
24	26	1.037172250002186
24	26	1.2717660000016622
24	26	1.3743910000011965
24	26	1.3921410000039032
24	26	1.4304222500031756
24	26	1.7027035000028263
24	27	-5.63532524999755
24	27	-5.626793999999791
24	27	-5.594575249997433
24	27	-5.57063774999915
24	27	-5.541731499997695
24	27	-5.448825249997753
24	27	-5.429293999997753
24	27	-5.410762749997957
24	27	-5.264387749997695
24	27	-5.197012749998976
24	27	-5.174543999997695
24	27	-4.901044999998703
24	27	-4.879919999995764
24	27	-4.802919999998267
24	27	-4.782201249996433
24	27	-4.770888749997539
24	27	-4.753169999996317
24	27	-4.549044999996113
24	27	-4.53926374999719
24	27	-4.514701249998325
24	27	-4.2436699999962
24	27	-4.068544999998267
24	27	-3.951794999997219
24	27	-3.9349824999953853
24	27	-3.897107499997219
24	27	-3.845607499995822
24	27	-3.8028887499967823
24	27	-3.636951249998674
24	27	-3.594607499995618
24	27	-3.5288262499962
24	27	-3.394638749996375
24	27	-3.345638749997306
24	27	-3.3192324999981793
24	27	-3.259982499996113
24	27	-3.2441387499966368
24	27	-3.1917637499973353
24	27	-2.94532624999556
24	27	-2.9102324999985285
24	27	-2.683826249998674
24	27	-2.1904834999986633
24	27	-2.094858500000555
24	27	-2.033577250000235
24	27	-1.9963585000004969
24	27	-1.7547647499995946
24	27	-1.4564522500004387
24	27	-1.3442022499984887
24	27	-0.9408897499997693
24	27	-0.8840772500007006
24	27	-0.6885147499997402
24	27	-0.676264749999973
24	27	-0.6007959999988088
24	27	-0.567202250000264
24	27	-0.3202647500002058
24	27	0.21885925000242423
24	27	0.3863592500019877
24	27	0.5595155000009981
24	27	0.7259842500025115
24	27	0.7473280000012892
24	27	0.8145780000013474
24	27	0.8263280000028317
24	27	1.0827967500044906
24	27	1.356484250001813
24	27	1.3844530000023951
24	27	1.4609530000016093
24	27	1.9204842500039376
24	28	-5.987668500005384
24	28	-5.862231000002794
24	28	-5.8578872500038415
24	28	-5.836356000003434
24	28	-5.832074750003812
24	28	-5.392137250004453
24	28	-5.291637250003987
24	28	-5.276668500002415
24	28	-5.113074750002852
24	28	-5.032232000001386
24	28	-5.023919500003103
24	28	-5.009513250002783
24	28	-4.997513250000338
24	28	-4.969450750002579
24	28	-4.744325750001735
24	28	-4.729419500003132
24	28	-4.363450750002812
24	28	-4.32132575000287
24	28	-4.115700750000542
24	28	-3.821919500001968
24	28	-3.8039507500034233
24	28	-3.6657320000012987
24	28	-3.5642632500021136
24	28	-3.5572632500006875
24	28	-3.2947007500006293
24	28	-3.267825750001066
24	28	-3.264544500001648
24	28	-3.1352632500020263
24	28	-2.732669500001066
24	28	-2.6786382500031323
24	28	-2.395170500003587
24	28	-2.371483000002627
24	28	-2.353420500003267
24	28	-2.247201750004024
24	28	-2.2065455000047223
24	28	-2.1984205000044312
24	28	-2.145358000005217
24	28	-1.7173267500038492
24	28	-1.6565455000054499
24	28	-1.4670142500035581
24	28	-1.3827330000058282
24	28	-1.111733000005188
24	28	-0.7229517500054499
24	28	-0.6478267500024231
24	28	-0.5249517500051297
24	28	-0.27429550000306335
24	28	0.15885974999764585
24	28	0.24454724999668542
24	28	0.2555159999974421
24	28	0.43010974999924656
24	28	0.6482034999971802
24	28	0.6509847499983152
24	28	0.7007972499959578
24	28	1.0112972499991884
24	28	1.213765999997122
24	28	1.5547659999974712
24	28	1.8857972499972675
24	29	-5.849419500002114
24	29	-5.845825750002405
24	29	-5.828200750001997
24	29	-5.517138250001153
24	29	-5.438794500001677
24	29	-5.0402945000023465
24	29	-4.964888250004151
24	29	-4.8830132500006584
24	29	-4.5785445000037726
24	29	-4.379263250000804
24	29	-4.36404450000191
24	29	-4.266795499999716
24	29	-4.256233000000066
24	29	-4.116170500001317
24	29	-4.096795500001463
24	29	-4.019795500000328
24	29	-3.688326750001579
24	29	-3.2346392500003276
24	29	-3.079858000000968
24	29	-3.0656080000007933
24	29	-2.871920500001579
24	29	-2.826670500002365
24	29	-2.718045500001608
24	29	-2.5619517500017537
24	29	-2.0631705000014335
24	29	-1.8287642499999492
24	29	-1.394171500003722
24	29	-1.3265465000040422
24	29	-1.1140777500040713
24	29	-1.10057775000314
24	29	-1.0859215000018594
24	29	-0.7647965000032855
24	29	-0.675109000003431
24	29	-0.6127965000014228
24	29	-0.5667027500021504
24	29	-0.47270275000119
24	29	-0.1588902500043332
24	29	-0.1305777500019758
24	29	0.1725159999987227
24	29	0.17745349999677273
24	29	0.24148474999674363
24	29	0.262390999996569
24	29	0.2920159999957832
24	29	0.3131409999987227
24	29	0.38473474999773316
24	29	0.6496722499978205
24	29	0.7690462499995192
24	29	0.7928900000006252
24	29	0.8042649999988498
24	29	0.8671399999984715
24	29	0.8760774999973364
24	29	0.8886399999973946
24	29	0.9231399999989662
24	29	0.9693587500005378
24	29	1.0236712499972782
24	29	1.209702500000276
24	29	1.2852024999992864
24	29	1.3037337499990826
24	29	1.4236087499994028
24	29	1.4871712499989371
24	29	1.957952499997191
24	29	1.9693899999983842
24	30	-5.911856750000879
24	30	-5.894137999999657
24	30	-5.882012999998551
24	30	-5.871356750001723
24	30	-5.272951499999181
24	30	-5.195576499998424
24	30	-4.844513999996707
24	30	-4.58007649999854
24	30	-4.565232749999268
24	30	-4.468295249997027
24	30	-4.414107749998948
24	30	-4.406295249998948
24	30	-4.161638999998104
24	30	-4.126326499997958
24	30	-4.053638999997929
24	30	-3.9569514999966486
24	30	-3.947732749998977
24	30	-3.841638999998395
24	30	-3.7948577499992098
24	30	-3.777701499999239
24	30	-3.5082327499985695
24	30	-3.4337952499990934
24	30	-3.3793264999985695
24	30	-3.1472327499977837
24	30	-3.1330139999990934
24	30	-2.744171250000363
24	30	-2.6566400000010617
24	30	-2.5847649999996065
24	30	-2.32423375000144
24	30	-2.2951712499998393
24	30	-2.2874525000006543
24	30	-2.2032962500015856
24	30	-2.192139999999199
24	30	-2.0068587499990826
24	30	-1.8451087499997811
24	30	-1.7033899999987625
24	30	-1.3416399999987334
24	30	-1.3304525000021385
24	30	-1.1288275000006252
24	30	-0.9139837500006252
24	30	-0.7579525000001013
24	30	-0.6042337500002759
24	30	-0.5930150000021968
24	30	-0.4279222499972093
24	30	-0.4179535000002943
24	30	-0.3750472499996249
24	30	-0.3380159999978787
24	30	-0.05254724999758764
24	30	-0.022547249998751795
24	30	0.008109000002150424
24	30	0.28157774999999674
24	30	0.4227027500019176
24	30	0.4578902499997639
24	30	0.525640250001743
24	30	0.8994215000020631
24	30	1.0845152500005497
24	30	1.0979527500021504
24	30	1.181077749999531
24	30	1.500765250002587
24	30	1.5194527500025288
24	30	1.8411402500023542
24	30	1.8538590000025579
24	30	1.8986089999998512
24	30	1.9018277499999385
24	31	-5.87016924999989
24	31	-5.726606749998609
24	31	-5.647044249999453
24	31	-5.624919249999948
24	31	-5.528138000001491
24	31	-5.304170249997696
24	31	-5.298513999998249
24	31	-5.240888999996969
24	31	-5.15423274999921
24	31	-4.993982749998395
24	31	-4.877545249997638
24	31	-4.787482749998162
24	31	-4.734170249997987
24	31	-4.7120764999963285
24	31	-4.693920249999792
24	31	-4.525826499997493
24	31	-4.217982749996736
24	31	-4.091826499996387
24	31	-3.9027639999985695
24	31	-3.5239202499979
24	31	-3.4903264999993553
24	31	-3.195357749998948
24	31	-2.9971712499973364
24	31	-2.96013999999559
24	31	-2.8641712499957066
24	31	-2.835014999996929
24	31	-2.346327499995823
24	31	-2.278264999997191
24	31	-2.2664837499978603
24	31	-1.9267337499950372
24	31	-1.9059212499960267
24	31	-1.9043274999967252
24	31	-1.8501712499964924
24	31	-1.4418899999946007
24	31	-1.4342024999968999
24	31	-1.4292649999952118
24	31	-1.3332024999981513
24	31	-1.3261399999973946
24	31	-1.3164837499971327
24	31	-1.308296249997511
24	31	-1.2960149999962596
24	31	-1.1135462499951245
24	31	-0.6573274999973364
24	31	-0.5844837499971618
24	31	-0.5750149999948917
24	31	-0.12679724999907194
24	31	0.15823400000226684
24	31	0.40135900000313995
24	31	0.45826525000302354
24	31	0.5095152499998221
24	31	0.6154527500002587
24	31	0.6331402499999967
24	31	0.7287027500024124
24	31	0.8130465000031109
24	31	0.9516402500012191
24	31	1.4194840000018303
24	31	1.4700465000023542
24	31	1.6892027499998221
24	31	1.9504215000015392
24	32	-5.781981749998522
24	32	-5.413075500000559
24	32	-5.410794250001345
24	32	-5.3997317499997735
24	32	-5.37195150000116
24	32	-5.197420250002324
24	32	-5.190732750001189
24	32	-5.123795250001422
24	32	-5.017670250002993
24	32	-4.984514000003401
24	32	-4.98029525000311
24	32	-4.693764000003284
24	32	-4.677826500002993
24	32	-4.6708577500030515
24	32	-4.580326500003139
24	32	-4.545607750002091
24	32	-4.481107750001684
24	32	-4.386795250000432
24	32	-4.112795250002819
24	32	-4.095951500003139
24	32	-3.991107750003721
24	32	-3.9477640000004612
24	32	-3.925951500001247
24	32	-3.7996390000007523
24	32	-3.7929827500011015
24	32	-3.2817952500008687
24	32	-3.0523265000010724
24	32	-3.047951500000636
24	32	-2.8674827500035462
24	32	-2.5935150000004796
24	32	-2.5881399999998393
24	32	-2.438952500000596
24	32	-2.2370149999987916
24	32	-2.2353587500001595
24	32	-2.1292962500010617
24	32	-2.0184837500019057
24	32	-1.8131712499998685
24	32	-1.5643899999995483
24	32	-1.5396399999990535
24	32	-1.4532025000007707
24	32	-1.2015150000006543
24	32	-1.1845462499986752
24	32	-1.1393275000009453
24	32	-1.0311712500006252
24	32	-0.7815775000017311
24	32	-0.606608750000305
24	32	-0.5258900000007998
24	32	-0.5194525000006252
24	32	-0.5007337499991991
24	32	-0.2775160000019241
24	32	0.11423399999694084
24	32	0.36145274999944377
24	32	0.3993589999990945
24	32	0.41682774999935646
24	32	0.4640777499989781
24	32	0.5443277499980468
24	32	0.7284839999992982
24	32	0.7622964999973192
24	32	0.8412339999958931
24	32	1.0393277499970281
24	32	1.194015249999211
24	32	1.8552964999980759
24	32	1.8741402499981632
24	33	-5.959294000000227
24	33	-5.889137750000373
24	33	-5.870731499999238
24	33	-5.8337002499974915
24	33	-5.695168999998714
24	33	-5.666231499999412
24	33	-5.460606500000722
24	33	-5.281981500000256
24	33	-5.268356500000664
24	33	-5.237825249998423
24	33	-5.0229502500005765
24	33	-4.9924189999983355
24	33	-4.854231499997695
24	33	-4.414981499998248
24	33	-4.380794000000606
24	33	-3.9082949999974517
24	33	-3.8833887499968114
24	33	-3.541669999998703
24	33	-3.4764512499968987
24	33	-3.312607499996375
24	33	-3.015951249995851
24	33	-3.0030762499955017
24	33	-2.9552637499982666
24	33	-2.9189824999957636
24	33	-2.858576249996986
24	33	-2.850763749996986
24	33	-2.811576249998325
24	33	-2.7403887499967823
24	33	-2.6430449999970733
24	33	-2.581232499996986
24	33	-2.4588574999979755
24	33	-2.3774199999970733
24	33	-2.3331387499965786
24	33	-2.1816387499966368
24	33	-1.9780762499976845
24	33	-1.603544999998121
24	33	-1.4669834999986051
24	33	-1.218827249998867
24	33	-1.2099522499993327
24	33	-0.9929522499987797
24	33	-0.8489835000000312
24	33	-0.6529210000007879
24	33	-0.6159522499983723
24	33	-0.3432647499976156
24	33	0.15948525000203517
24	33	0.21026650000203517
24	33	0.3182977500000561
24	33	0.33198524999897927
24	33	0.5903602500002307
24	33	0.7856727500002307
24	33	0.9549227499992412
24	33	0.9698602499993285
24	33	0.9926415000009001
24	33	1.1037342500021623
24	33	1.1231717500013474
24	33	1.3432342500018422
24	33	1.9854530000011437
24	34	-5.885699749997002
24	34	-5.870418499998777
24	34	-5.785324749998836
24	34	-5.519730999996682
24	34	-5.052669500000775
24	34	-5.0267007500006
24	34	-5.0029819999981555
24	34	-4.962231999998039
24	34	-4.718263250000746
24	34	-4.504669499998272
24	34	-4.470950750001066
24	34	-4.448919499998738
24	34	-4.265700749998359
24	34	-4.217606999998679
24	34	-4.135419499998534
24	34	-4.1023882500012405
24	34	-4.028731999998854
24	34	-4.0139820000003965
24	34	-4.005075749999378
24	34	-3.9842944999982137
24	34	-3.7617007500011823
24	34	-3.731669500000862
24	34	-3.538294499998301
24	34	-3.4907632499998726
24	34	-3.266388249998272
24	34	-3.2225445000003674
24	34	-3.073544499999116
24	34	-2.833950749998621
24	34	-2.5668892499998037
24	34	-2.4759829999966314
24	34	-2.447764249998727
24	34	-2.3356704999969224
24	34	-2.251045499997417
24	34	-2.150264249998145
24	34	-1.773232999996253
24	34	-1.7009204999994836
24	34	-1.4428267499970389
24	34	-1.216076749999047
24	34	-1.05251424999733
24	34	-1.0361079999966023
24	34	-1.0288579999978538
24	34	-0.8878892499997164
24	34	-0.7647329999963404
24	34	-0.5288892499993381
24	34	-0.22026424999785377
24	34	-0.16713924999930896
24	34	0.2539222500017786
24	34	0.3787347500001488
24	34	0.5703910000011092
24	34	0.5824534999992466
24	34	0.6617972499989264
24	34	1.025859749999654
24	34	1.159797249998519
24	34	1.6792034999998577
24	34	1.861078499998257
24	34	1.9443285000015749
24	35	-5.565356499999325
24	35	-5.336293999996997
24	35	-4.464701249999052
24	35	-4.070326249999198
24	35	-3.7144824999995762
24	35	-3.679732500000682
24	35	-3.646826249998412
24	35	-3.324451249998674
24	35	-3.21176375000141
24	35	-2.9999512499998673
24	35	-2.976576249999198
24	35	-2.8727324999999837
24	35	-2.6276084999990417
24	35	-2.5158584999990126
24	35	-2.4135459999997693
24	35	-2.383420999998634
24	35	-2.3538272499972663
24	35	-2.2444834999987506
24	35	-2.1542959999969753
24	35	-2.0806084999967425
24	35	-2.0761084999976447
24	35	-2.045827250000002
24	35	-1.9213897499976156
24	35	-1.9101085000002058
24	35	-1.8223272499999439
24	35	-1.7887647499992454
24	35	-1.6461084999973536
24	35	-1.6172959999967134
24	35	-1.6036709999971208
24	35	-1.4672022499980812
24	35	-1.451952249997703
24	35	-1.3838897499990708
24	35	-1.3803897500001767
24	35	-1.360483499996917
24	35	-1.3162022500000603
24	35	-1.3062334999995073
24	35	-1.2712647499974992
24	35	-1.2631709999986924
24	35	-1.1555772499996237
24	35	-1.1211084999995364
24	35	-1.1047022499988088
24	35	-1.0767334999982268
24	35	-0.7795147500000894
24	35	-0.602764749997732
24	35	-0.5703272499995364
24	35	-0.5453584999995655
24	35	-0.27192099999956554
24	35	-0.15404599999965285
24	35	-0.14882724999915808
24	35	-0.020390749999933178
24	35	0.1458592499984661
24	35	0.15267174999826238
24	35	0.1544217500013474
24	35	0.2895155000005616
24	35	0.3231405000005907
24	35	0.367578000001231
24	35	0.3761717499983206
24	35	0.5044529999977385
24	35	0.6271717499985243
24	35	0.6430467499994847
24	35	0.6944842499979131
24	35	0.9409530000011728
24	35	1.0394217499997467
24	35	1.2900154999988445
24	35	1.2937967500001832
24	35	1.6830154999988736
24	35	1.9294842499984952
24	36	-5.829574749997846
24	36	-5.806762249998428
24	36	-5.793355999998312
24	36	-5.788887250000698
24	36	-5.7119185000010475
24	36	-5.674231000000873
24	36	-5.617012250000698
24	36	-5.593824749998021
24	36	-5.586168499998166
24	36	-5.566512249999505
24	36	-5.546200750002754
24	36	-5.469825750002201
24	36	-5.359982000001764
24	36	-5.186357000002317
24	36	-5.167575750001561
24	36	-5.162638249999873
24	36	-5.150138250002783
24	36	-4.932575750000979
24	36	-4.861575750001066
24	36	-4.72732575000191
24	36	-4.7167945000001055
24	36	-4.696450750001532
24	36	-4.694200750000164
24	36	-4.397856999999931
24	36	-4.297325750001619
24	36	-4.21291950000159
24	36	-4.1528570000009495
24	36	-4.124325750002754
24	36	-4.026044500002172
24	36	-3.9955757500028994
24	36	-3.8427007500031323
24	36	-3.7186695000018517
24	36	-3.6971695000029285
24	36	-3.6676695000023756
24	36	-3.014795499999309
24	36	-2.913951750000706
24	36	-2.833576749999338
24	36	-2.7659830000011425
24	36	-2.7270454999998037
24	36	-2.6707017500011716
24	36	-2.611014250000153
24	36	-2.4274829999994836
24	36	-2.1955454999988433
24	36	-2.173920500001259
24	36	-2.001857999999629
24	36	-1.9492954999986978
24	36	-1.8252017499980866
24	36	-1.7220142500009388
24	36	-1.644826749998174
24	36	-1.618201749999571
24	36	-1.5112330000010843
24	36	-1.4065767499996582
24	36	-1.332139250000182
24	36	-1.3032329999987269
24	36	-1.2874830000000657
24	36	-1.1772017500006768
24	36	-1.1569205000014335
24	36	-0.8838580000010552
24	36	-0.7600142500014044
24	36	-0.7095142500002112
24	36	-0.5501714999991236
24	36	-0.12845274999926914
24	36	-0.082796499998949
24	36	-0.006702749997202773
24	36	0.06435975000204053
24	36	0.45523475000300095
24	36	0.458016000000498
24	36	0.49817225000151666
24	36	0.5344222500025353
24	36	0.7148910000032629
24	36	0.7457347500021569
24	36	0.8043285000021569
24	36	1.1920160000008764
24	36	1.6563597500025935
24	36	1.6737035000005562
24	36	1.6866097500023898
24	36	1.6979535000027681
24	36	1.7079847500026517
24	36	1.9496087500010617
24	37	-5.957044499995391
24	37	-5.523919499995827
24	37	-5.467388249995565
24	37	-5.334513249996235
24	37	-5.310825749995274
24	37	-5.30713824999475
24	37	-4.946638249995885
24	37	-4.498794499995711
24	37	-4.336950749995594
24	37	-4.316794499995012
24	37	-4.21741949999705
24	37	-4.008825749995594
24	37	-3.7456392499989306
24	37	-3.7338892499974463
24	37	-3.439045499999338
24	37	-2.916201749998436
24	37	-2.7812017499963986
24	37	-2.772389249996195
24	37	-2.583170499998232
24	37	-2.13601424999797
24	37	-2.111545499996282
24	37	-1.9225142499963113
24	37	-1.8947954999966896
24	37	-1.7742329999964568
24	37	-1.3329839999969408
24	37	-1.2898589999967953
24	37	-1.2760777499970573
24	37	-1.0659527499956312
24	37	-0.8113277499942342
24	37	-0.7496714999942924
24	37	-0.4561089999951946
24	37	-0.33695274999627145
24	37	-0.3288277499959804
24	37	-0.31114024999624235
24	37	-0.28320274999714456
24	37	-0.20389024999531102
24	37	-0.06664024999554385
24	37	0.021391000005678507
24	37	0.2338285000041651
24	37	0.4869222500055912
24	37	0.5380160000022443
24	37	0.563797250004427
24	37	0.5781410000054166
24	37	0.5869847500034666
24	37	0.8395472500051255
24	37	1.1033587500023714
24	37	1.1815150000002177
24	37	1.514296250003099
24	37	1.5669837500026915
24	38	-5.8670127500008675
24	38	-5.716793999999936
24	38	-5.542356499998277
24	38	-5.206481499997608
24	38	-5.047856499997579
24	38	-4.998387749998074
24	38	-4.955793999997695
24	38	-4.944043999999849
24	38	-4.904637749998074
24	38	-4.788481499999762
24	38	-4.662168999999267
24	38	-4.623106499999267
24	38	-4.578918999999587
24	38	-4.457919000000402
24	38	-4.433481500000198
24	38	-4.111138750002283
24	38	-3.945326250002836
24	38	-3.5763262500004203
24	38	-3.5319200000012643
24	38	-3.512670000000071
24	38	-3.450888750001468
24	38	-3.293513750002603
24	38	-3.275201250002283
24	38	-3.2663262500027486
24	38	-3.1553262500019628
24	38	-2.8392012500007695
24	38	-2.7755450000004203
24	38	-2.751138750001701
24	38	-2.7016700000021956
24	38	-2.566232500001206
24	38	-2.4985450000021956
24	38	-2.394638750000013
24	38	-2.375232500002312
24	38	-2.327420000001439
24	38	-2.2907950000007986
24	38	-2.282732499999838
24	38	-2.2408262500030105
24	38	-2.2363887499996054
24	38	-2.2330137500030105
24	38	-2.0297637500007113
24	38	-1.8043262499995762
24	38	-1.7049512500016135
24	38	-1.6827325000012934
24	38	-1.631233500000235
24	38	-1.5078272499995364
24	38	-1.2376709999989544
24	38	-1.0982647499986342
24	38	-1.0528272499977902
24	38	-0.9946397499988961
24	38	-0.8507959999988088
24	38	-0.7878272499983723
24	38	-0.7237959999984014
24	38	-0.6813897499996528
24	38	-0.6022960000009334
24	38	-0.550545999998576
24	38	-0.30698349999875063
24	38	-0.25476474999959464
24	38	-0.019233499999245396
24	38	0.021485249999386724
24	38	0.040485249999619555
24	38	0.136954000001424
24	38	0.43261025000174413
24	38	0.5134852500013949
24	38	0.5594852499998524
24	38	1.0971092499967199
24	38	1.1457967499991355
24	38	1.5014842499986116
24	38	1.5302654999977676
24	38	1.5680467499987572
24	38	1.6695154999979422
24	38	1.7779529999970691
24	38	1.949203000000125
24	38	1.9760467499982042
24	39	-5.977731499999209
24	39	-5.970075249999354
24	39	-5.694762750001246
24	39	-5.583356499999354
24	39	-5.58126275000177
24	39	-5.36623150000014
24	39	-5.215669000001071
24	39	-5.072387750002235
24	39	-5.0172002500003146
24	39	-4.921606500000053
24	39	-3.963732500003971
24	39	-3.792888750002021
24	39	-3.632638750001206
24	39	-3.6304200000013225
24	39	-3.6184200000025157
24	39	-3.479888750003738
24	39	-3.40976375000173
24	39	-3.3765137500013225
24	39	-3.344701250003709
24	39	-2.996545000001788
24	39	-2.9261700000024575
24	39	-2.906482500002312
24	39	-2.865263750001759
24	39	-2.833482500001992
24	39	-2.817451250004524
24	39	-2.812732500002312
24	39	-2.456326250001439
24	39	-2.189295000003767
24	39	-2.079795000001468
24	39	-1.7581085000019812
24	39	-1.4564522500004387
24	39	-1.2146397500000603
24	39	-1.1592647500001476
24	39	-1.08713975000137
24	39	-0.9956397500027379
24	39	-0.9311085000008461
24	39	-0.8956085000027088
24	39	-0.8704209999996237
24	39	-0.8653272500014282
24	39	-0.7945772500024759
24	39	-0.7243272500018065
24	39	-0.43288975000177743
24	39	-0.3285460000006424
24	39	-0.2757022500009043
24	39	-0.2730772499999148
24	39	-0.19476475000192295
24	39	-0.0015459999995073304
24	39	0.046329000000696396
24	39	0.2531414999975823
24	39	0.39348524999877554
24	39	0.7338592500018422
24	39	0.7694530000007944
24	39	0.8129530000005616
24	39	0.865421750000678
24	39	1.3052654999992228
24	39	1.3459530000000086
24	39	1.46760925000126
24	39	1.9036405000006198
24	39	1.9703592500009108
24	40	-5.638794499998767
24	40	-5.573825750001561
24	40	-5.3587632499984466
24	40	-5.235169499999756
24	40	-5.155481999998301
24	40	-4.963732000000164
24	40	-4.886888249999174
24	40	-4.802670499997475
24	40	-4.667576749998261
24	40	-4.177326749999338
24	40	-4.106607999998232
24	40	-4.087201749996893
24	40	-4.078920499996457
24	40	-3.7992642499993963
24	40	-3.7382017499985523
24	40	-3.7069829999963986
24	40	-3.696764249998523
24	40	-3.6932017499966605
24	40	-3.586264249999658
24	40	-3.4802017499969224
24	40	-3.3160454999997455
24	40	-3.284732999996777
24	40	-3.268482999999833
24	40	-2.8805142499986687
24	40	-2.8641704999972717
24	40	-2.8489517499983776
24	40	-2.7847017499989306
24	40	-2.7316704999975627
24	40	-2.658607999997912
24	40	-2.2238590000015392
24	40	-2.080827750000026
24	40	-2.0685464999987744
24	40	-2.061202749999211
24	40	-2.0555152500019176
24	40	-2.0131402500010154
24	40	-1.5679215000018303
24	40	-1.5520777499987162
24	40	-1.4639214999988326
24	40	-1.2162964999988617
24	40	-1.16904649999924
24	40	-1.033671500001219
24	40	-0.9674215000013646
24	40	-0.9360152500012191
24	40	-0.7214214999985415
24	40	-0.6748902500003169
24	40	-0.6688590000012482
24	40	-0.4256402499995602
24	40	-0.36723400000119
24	40	-0.3189840000013646
24	40	-0.2877340000013646
24	40	-0.26432774999921094
24	40	0.019828500000585336
24	40	0.17020250000132364
24	40	0.18345250000129454
24	40	0.191827500002546
24	40	0.20901500000036322
24	40	0.2424212500009162
24	40	0.279921250003099
24	40	0.3059837500004505
24	40	0.49448375000065425
24	40	0.5307650000031572
24	40	0.7240775000027497
24	40	0.7425775000010617
24	40	0.8372337500004505
24	40	0.8455150000008871
24	40	0.889296250003099
24	40	1.3419837500005087
24	40	1.5581400000010035
24	40	1.5856712500026333
24	40	1.7223900000026333
24	40	1.85670250000112
24	40	1.8699525000010908
24	40	1.9502025000001595
24	40	1.9632337500006543
24	41	-5.975137249999534
24	41	-5.945543500001804
24	41	-5.8393872500018915
24	41	-5.7446060000002035
24	41	-5.703887250001571
24	41	-5.684762250002677
24	41	-5.481606000001193
24	41	-5.435512250001921
24	41	-5.327855999999883
24	41	-5.322981000001164
24	41	-5.307199750001018
24	41	-5.273418500000844
24	41	-5.161481000002823
24	41	-5.14370074999897
24	41	-5.0622944999995525
24	41	-4.913107000000309
24	41	-4.76870074999897
24	41	-4.654888249999203
24	41	-4.485419500000717
24	41	-4.2142007500006
24	41	-3.9509507500006293
24	41	-3.7368569999998726
24	41	-3.6802944999981264
24	41	-3.659919499998068
24	41	-3.4682319999992615
24	41	-3.4156069999989995
24	41	-3.334013249997952
24	41	-3.327169500000309
24	41	-2.9754194999986794
24	41	-2.8859819999997853
24	41	-2.6099205000027723
24	41	-2.5864204999998037
24	41	-2.1874517500000366
24	41	-2.1749830000007933
24	41	-1.8970767500031798
24	41	-1.8671392500000366
24	41	-1.8614830000005895
24	41	-1.843451750002714
24	41	-1.7809205000012298
24	41	-1.7677642500020738
24	41	-1.5604205000017828
24	41	-1.4901705000011134
24	41	-1.4173267500009388
24	41	-1.3040455000009388
24	41	-0.9286080000019865
24	41	-0.8352642500030925
24	41	-0.7191080000011425
24	41	-0.6889517500021611
24	41	-0.5104205000025104
24	41	-0.4878580000004149
24	41	-0.4727642500001821
24	41	-0.4590142500019283
24	41	-0.3628267500025686
24	41	-0.34432675000061863
24	41	-0.3284830000011425
24	41	-0.18979550000221934
24	41	-0.1577652499981923
24	41	-0.07220275000145193
24	41	-0.06510899999921094
24	41	0.06389100000160397
24	41	0.08639100000073086
24	41	0.0953284999995958
24	41	0.29248474999985774
24	41	0.3007035000009637
24	41	0.37301600000137114
24	41	0.3873597499987227
24	41	0.39245350000055623
24	41	0.4500472500003525
24	41	0.5706097500005853
24	41	0.7419847499986645
24	41	1.1684847500000615
24	41	1.2784847500006435
24	41	1.2877972499991301
24	41	1.5178597500016622
24	41	1.5278910000015458
24	41	1.5755785000001197
24	41	1.6137034999992466
24	41	1.8613284999992175
24	41	1.9326409999994212
24	41	1.9404847500009055
24	41	1.9547659999989264
24	42	-5.880356500005291
24	42	-5.788044000004447
24	42	-5.733325250006601
24	42	-5.71860650000599
24	42	-5.585544000005029
24	42	-5.441169000005175
24	42	-5.4156377500039525
24	42	-5.310295000002952
24	42	-5.090982500001701
24	42	-5.055138750001788
24	42	-4.925670000004175
24	42	-4.848201250002603
24	42	-4.5739825000018755
24	42	-4.5011075000038545
24	42	-4.479545000001963
24	42	-4.157013750002079
24	42	-3.8550450000038836
24	42	-3.846638750004786
24	42	-3.6916075000044657
24	42	-3.4742950000036217
24	42	-3.292295000002923
24	42	-3.1839825000024575
24	42	-2.8431710000004387
24	42	-2.829639750001661
24	42	-2.823264750000817
24	42	-2.715546000003087
24	42	-2.696202250001079
24	42	-2.6695460000009916
24	42	-2.646577250001428
24	42	-2.569139750001341
24	42	-2.4780460000001767
24	42	-2.310014750000846
24	42	-2.2580460000026505
24	42	-2.1607960000001185
24	42	-1.791202250002243
24	42	-1.612233500000002
24	42	-1.092702250000002
24	42	-1.0428897500023595
24	42	-0.9491710000002058
24	42	-0.8805772500018065
24	42	-0.5358272500016028
24	42	-0.5142022500003804
24	42	-0.016109500003949506
24	42	0.018421749995468417
24	42	0.04910924999785493
24	42	0.05151549999573035
24	42	0.2088279999952647
24	42	0.2939217499952065
24	42	0.6757342499950028
24	42	0.8156092499957595
24	42	1.0986404999966908
24	42	1.1965779999954975
24	42	1.4682967499975348
24	42	1.7665779999952065
24	42	1.7890779999979713
24	42	1.823796749995381
24	42	1.8549529999982042
24	43	-5.988262499999109
24	43	-5.979575000001205
24	43	-5.969981250000274
24	43	-5.7278875000010885
24	43	-5.723731250000128
24	43	-5.355824999998731
24	43	-5.316668749997916
24	43	-5.198606250000012
24	43	-5.182324999997945
24	43	-5.060606250001001
24	43	-4.696450999999797
24	43	-4.646451000000525
24	43	-4.614701000002242
24	43	-4.609232250000787
24	43	-4.335388499999681
24	43	-4.0171072500015725
24	43	-4.014763500003028
24	43	-4.0097010000026785
24	43	-3.951263500002824
24	43	-3.9476072500001465
24	43	-3.7789510000002338
24	43	-3.1369822500018927
24	43	-3.0170135000007576
24	43	-2.976982250002038
24	43	-2.9520135000020673
24	43	-2.9448260000026494
24	43	-2.93541974999971
24	43	-2.760794750000059
24	43	-2.7468572500001756
24	43	-2.63238850000198
24	43	-2.6307010000018636
24	43	-2.173577000001387
24	43	-2.1593270000012126
24	43	-1.803702000001067
24	43	-1.7869207500007178
24	43	-1.784483250001358
24	43	-1.7728270000006887
24	43	-1.7608582499997283
24	43	-1.6125145000005432
24	43	-1.5709207500003686
24	43	-1.2639520000011544
24	43	-0.842139500000485
24	43	-0.8089207499979238
24	43	-0.5497957500010671
24	43	-0.3282332499984477
24	43	-0.25332699999853503
24	43	-0.027828000002045883
24	43	0.03635949999807053
24	43	0.17001574999812874
24	43	0.37654699999984587
24	43	0.4344532499999332
24	43	0.6874219999990601
24	43	0.6960782499991183
24	43	0.75607824999679
24	43	1.1385469999986526
24	43	1.1588907499972265
24	43	1.2452032499968482
24	43	1.2977032499984489
24	43	1.38785949999874
24	43	1.4771407499974885
24	43	1.5465469999980996
24	43	1.5508594999992056
24	43	1.6343594999998459
24	43	1.6525469999978668
24	43	1.6667032499972265
24	43	1.9909219999972265
24	44	-5.97457525000209
24	44	-5.753856499999529
24	44	-5.719295000002603
24	44	-5.697201250000944
24	44	-5.684013750003942
24	44	-5.393263750003825
24	44	-5.084857500001817
24	44	-5.07426375000432
24	44	-4.962888750003913
24	44	-4.954451250003331
24	44	-4.868763750004291
24	44	-4.851295000004029
24	44	-4.761982500003796
24	44	-4.5355450000024575
24	44	-4.525232500003767
24	44	-4.47104500000205
24	44	-4.460513750003884
24	44	-3.8773575000013807
24	44	-3.838138750001235
24	44	-3.590482500003418
24	44	-3.488701250003942
24	44	-3.208452250000846
24	44	-3.197764750002534
24	44	-3.057827250002447
24	44	-3.048389750001661
24	44	-2.8632022500023595
24	44	-2.6201710000023013
24	44	-2.524952250001661
24	44	-2.3070772499995655
24	44	-2.225296000000526
24	44	-1.98270224999942
24	44	-1.9588272500004678
24	44	-1.8677334999993036
24	44	-1.849483500001952
24	44	-1.7978897499997402
24	44	-1.4014522500001476
24	44	-1.3272022500023013
24	44	-1.173296000000846
24	44	-1.1406085000016901
24	44	-0.9228897499997402
24	44	-0.8186085000015737
24	44	-0.7583595000032801
24	44	-0.5974220000025525
24	44	-0.4106407500039495
24	44	-0.383140750003804
24	44	-0.2832032500045898
24	44	-0.27729700000418234
24	44	-0.05139075000261073
24	44	0.0042029999967780896
24	44	0.007140499998058658
24	44	0.04204674999709823
24	44	0.11579674999666167
24	44	0.12039049999657436
24	44	0.1496092499983206
24	44	0.19195299999773852
24	44	0.24439049999637064
24	44	0.40773424999861163
24	44	0.4302342499977385
24	44	0.441077999996196
24	44	0.6345467499959341
24	44	0.7507967499986989
24	44	0.9295779999956721
24	44	0.95917174999704
24	44	1.137734249998175
24	44	1.228077999996458
24	44	1.4233592499986116
24	44	1.8285457499987388
24	45	-5.970356249999895
24	45	-5.95091875000071
24	45	-5.830293750001147
24	45	-5.786512499998935
24	45	-5.754324999998062
24	45	-5.708887500000856
24	45	-5.6937624999991385
24	45	-5.684231250001176
24	45	-5.669324999998935
24	45	-5.520262499998353
24	45	-5.446918749999895
24	45	-5.42973124999844
24	45	-5.022356249999575
24	45	-4.796137499997712
24	45	-4.781824999998207
24	45	-4.551732250001805
24	45	-3.7677010000006703
24	45	-3.715263500002038
24	45	-3.601669750001747
24	45	-3.556107250002242
24	45	-3.3904822500007867
24	45	-3.0919197500006703
24	45	-2.7483572500023
24	45	-2.7367010000016307
24	45	-2.5156697500024165
24	45	-2.2300135000004957
24	45	-2.107576999998855
24	45	-1.822920750000776
24	45	-1.7067332500009798
24	45	-1.6731707500002813
24	45	-1.466108249998797
24	45	-1.4218895000012708
24	45	-1.339045749999059
24	45	-1.0551082499987388
24	45	-0.9952957499990589
24	45	-0.8662020000010671
24	45	-0.8623582500003977
24	45	-0.8578582500012999
24	45	-0.46998325000095065
24	45	-0.321889499999088
24	45	-0.13657700000112527
24	45	-0.04095199999937904
24	45	-0.014983249999204418
24	45	0.17686049999974784
24	45	0.44120324999676086
24	45	0.6001719999985653
24	45	1.1974532499989436
24	45	1.2033282499978668
24	45	1.389109499999904
24	45	1.5913907499998459
24	46	-5.937574999999924
24	46	-5.865387500001816
24	46	-5.853356250001525
24	46	-5.59129374999975
24	46	-4.731763500003581
24	46	-4.587388500003726
24	46	-4.430763500004105
24	46	-4.223013500002708
24	46	-4.1879510000035225
24	46	-4.145482250001805
24	46	-4.1134197500032315
24	46	-3.9892635000032897
24	46	-3.979201000001922
24	46	-3.9397010000029695
24	46	-3.895732250002766
24	46	-3.822044750002533
24	46	-3.788107250002213
24	46	-3.5765135000037844
24	46	-3.5565760000026785
24	46	-3.285232250003901
24	46	-3.1239197500035516
24	46	-2.8434207499994955
24	46	-2.7076395000003686
24	46	-2.7055770000006305
24	46	-2.699045749999641
24	46	-2.682702000001882
24	46	-2.5485145000020566
24	46	-2.5104832500001066
24	46	-2.455920750002406
24	46	-2.447733249999146
24	46	-2.4341082499995537
24	46	-2.3217332500025805
24	46	-2.1244520000000193
24	46	-2.0428582500026096
24	46	-2.02832699999999
24	46	-1.967764500001067
24	46	-1.7317957500017656
24	46	-1.671202000001358
24	46	-1.653202000001329
24	46	-1.5393582500000775
24	46	-1.3280145000026096
24	46	-1.3088582500022312
24	46	-1.1517019999992044
24	46	-1.0989832500017656
24	46	-1.0436707500011835
24	46	-0.7313582499991753
24	46	-0.7190770000015618
24	46	-0.5514207500018529
24	46	-0.5361082500021439
24	46	-0.5201082500025223
24	46	-0.4423582500021439
24	46	-0.4302655000028608
24	46	0.0037969999975757673
24	46	0.4647657499954221
24	46	0.7267969999957131
24	46	0.7576719999960915
24	46	1.087796999996499
24	46	1.2092969999976049
24	46	1.2269219999980123
24	46	1.2432032499964407
24	46	1.2552969999960624
24	46	1.438234499997634
24	46	1.5697344999971392
24	46	1.6963907499957713
24	46	1.9344532499962952
24	47	-5.730701000000408
24	47	-5.716638499998226
24	47	-5.604513499998575
24	47	-5.505263499999273
24	47	-5.496388499999739
24	47	-5.392388500000379
24	47	-4.712450999999419
24	47	-4.186825999997382
24	47	-4.132794749999448
24	47	-3.8813259999988077
24	47	-3.694169750000583
24	47	-3.6725134999978764
24	47	-2.6422332500005723
24	47	-2.356952000001911
24	47	-2.312639499999932
24	47	-2.169326999999612
24	47	-2.003952000002755
24	47	-1.7868582500013872
24	47	-1.7307957500015618
24	47	-1.5955770000000484
24	47	-1.569733250002173
24	47	-1.5082020000008924
24	47	-1.2130770000003395
24	47	-0.976234249999834
24	47	-0.7618592500002705
24	47	-0.7434217499976512
24	47	-0.6165780000010272
24	47	-0.600202999998146
24	47	-0.5101717500001541
24	47	-0.4710467500008235
24	47	-0.1527654999990773
24	47	-0.13757799999802955
24	47	-0.11823424999965937
24	47	0.46682824999879813
24	47	0.5773907500006317
24	47	0.5937032500005444
24	47	0.6577657500019995
24	47	0.6704845000022033
24	47	0.7447032500022033
24	47	0.8775782500015339
24	47	0.9512345000002824
24	47	0.9940157500022906
24	47	1.2310470000011264
24	47	1.2730782500002533
24	47	1.3633907500006899
24	47	1.577795999997761
24	47	1.9542022499990708
24	48	-5.832606999996642
24	48	-5.643481999995856
24	48	-5.546450749996438
24	48	-5.530981999996584
24	48	-5.263731999995798
24	48	-5.245231999997486
24	48	-5.212231999998039
24	48	-5.198263249996671
24	48	-4.933950749997166
24	48	-4.916575749997719
24	48	-4.525856999996904
24	48	-3.7665142500009097
24	48	-3.7529517500006477
24	48	-3.720795500001259
24	48	-3.715045500000997
24	48	-3.6475767499978247
24	48	-3.340889250001055
24	48	-3.2658579999988433
24	48	-3.1862017499988724
24	48	-3.0567955000005895
24	48	-3.035545499998989
24	48	-2.9626079999979993
24	48	-2.8435767499977374
24	48	-2.7732954999992216
24	48	-2.75998299999992
24	48	-2.549639249999018
24	48	-2.273732999998174
24	48	-2.1007954999986396
24	48	-1.9904517499999201
24	48	-1.9542017499989015
24	48	-1.7745142499989015
24	48	-1.5184839999965334
24	48	-1.318202749996999
24	48	-1.201421499998105
24	48	-1.1700152499979595
24	48	-1.0217027499966207
24	48	-0.8229839999985415
24	48	-0.6997652499994729
24	48	-0.6479214999963006
24	48	-0.6199527499993565
24	48	-0.5585777499982214
24	48	-0.5372339999994438
24	48	-0.4615152499973192
24	48	-0.45879649999915273
24	48	-0.44195274999947287
24	48	-0.4202027499959513
24	48	-0.2811714999988908
24	48	-0.13839024999833782
24	48	-0.1272339999959513
24	48	0.008859750003466615
24	48	0.26517225000134204
24	48	0.4860472500040487
24	48	0.6457660000014585
24	48	0.6974535000008473
24	48	0.9060462500019639
24	48	0.9195462499992573
24	48	0.9288587500013818
24	48	1.09889000000112
24	48	1.1985462500015274
24	48	1.23932749999949
24	48	1.3592337500012945
24	48	1.4501712499986752
24	48	1.4523587500007125
24	48	1.5846712499987916
24	48	1.598171249999723
24	48	1.7313900000008289
24	49	-5.797356499999296
24	49	-5.559356499998103
24	49	-5.150137749998976
24	49	-5.1401377499969385
24	49	-4.659856499998568
24	49	-4.539637750000111
24	49	-4.530137749999994
24	49	-4.499668999997084
24	49	-4.4867627499988885
24	49	-4.462825249996968
24	49	-4.156357500000013
24	49	-4.143263750000187
24	49	-4.0703887500021665
24	49	-4.026201249998849
24	49	-4.000138750001497
24	49	-3.9780762500013225
24	49	-3.9764199999990524
24	49	-3.882107500001439
24	49	-3.80967000000237
24	49	-3.6191075000024284
24	49	-3.538357500001439
24	49	-3.4683887499995762
24	49	-3.451732500001526
24	49	-3.271795000000566
24	49	-3.1515137499991397
24	49	-3.120607500000915
24	49	-3.108357500001148
24	49	-3.072076250002283
24	49	-3.069295000001148
24	49	-3.0201075000004494
24	49	-2.9348262499988778
24	49	-2.849232500000653
24	49	-2.5425450000002456
24	49	-2.4625762499999837
24	49	-2.440513749999809
24	49	-2.2203887499999837
24	49	-2.101482500002021
24	49	-0.7847959999999148
24	49	-0.6199835000006715
24	49	0.00017275000209338032
24	49	0.02279774999988149
24	49	0.03204775000267546
24	49	0.04951649999929941
24	49	0.0526102500007255
24	49	0.0628290000022389
24	49	0.5761727499993867
24	49	0.6646727500010456
24	49	0.7812655000016093
24	49	1.0321717500009981
24	49	1.158484250001493
24	49	1.5299530000011146
24	49	1.7334842500022205
24	49	1.9099217500042869
24	49	1.9217030000036175
24	50	-5.632293999999092
24	50	-5.339731500000198
24	50	-5.235450249998394
24	50	-5.059356499998103
24	50	-5.0382627500002855
24	50	-4.841637749999791
24	50	-4.7900127499997325
24	50	-4.757137749998947
24	50	-4.534075249997841
24	50	-4.488981499998772
24	50	-4.471200249998219
24	50	-4.465231499998481
24	50	-4.202138749995356
24	50	-4.02120124999783
24	50	-3.9792324999980337
24	50	-3.9695449999962875
24	50	-3.9457949999959965
24	50	-3.8455762499979755
24	50	-3.540107499997248
24	50	-3.4039512499984994
24	50	-3.283013749998645
24	50	-3.261138749996462
24	50	-3.257857499997044
24	50	-3.218857499996375
24	50	-3.165919999995822
24	50	-2.654826249996404
24	50	-2.542794999997568
24	50	-2.2481074999959674
24	50	-1.9818887499968696
24	50	-1.8775449999957345
24	50	-1.7798584999982268
24	50	-1.723952249998547
24	50	-1.6906084999973245
24	50	-1.5840459999999439
24	50	-1.5145147500006715
24	50	-1.4988584999991872
24	50	-1.3515772499995364
24	50	-0.8252334999997402
24	50	-0.8195459999988088
24	50	-0.7374522499994782
24	50	-0.6790772499989544
24	50	-0.6394522499977029
24	50	-0.5863585000006424
24	50	-0.4771084999993036
24	50	-0.23751474999880884
24	50	0.31148525000025984
24	50	0.5402977500016277
24	50	0.6479217500018422
24	50	0.6647030000021914
24	50	0.6843280000030063
24	50	0.6990780000014638
24	50	0.7043905000027735
24	50	0.8377342500025406
24	50	0.9049530000011146
24	50	1.3946405000024242
24	50	1.626828000004025
24	50	1.7858280000036757
24	50	1.8684217500012892
24	50	1.8800780000019586
25	1	-5.491482249995897
25	1	-5.307419749995461
25	1	-5.263888499997847
25	1	-4.8861384999981965
25	1	-3.9635144999992917
25	1	-3.9127332499992917
25	1	-3.778826999998273
25	1	-3.6162645000003977
25	1	-3.41870199999903
25	1	-3.37573324999903
25	1	-3.2784519999986514
25	1	-3.069108249997953
25	1	-2.809233249998215
25	1	-2.4937332499976037
25	1	-2.4343894999983604
25	1	-2.3903895000003104
25	1	-2.1515144999975746
25	1	-2.135108249996847
25	1	-2.127483249998477
25	1	-2.0878894999987097
25	1	-2.055326999998215
25	1	-1.8924207499985641
25	1	-0.2645154999954684
25	1	-0.2619842499952938
25	1	-0.020171749998553423
25	1	0.0762345000039204
25	1	1.0516397499995946
25	1	1.0987960000020394
25	1	1.529171000001952
25	1	1.5398897500017483
25	1	1.6342022499993618
25	1	1.7844522500017774
25	2	-5.784013500000583
25	2	-4.654607249998662
25	2	-3.7513269999981276
25	2	-3.420076999998855
25	2	-2.3097019999986514
25	2	-2.2660144999972545
25	2	-1.7473269999973127
25	2	-1.4887967499998922
25	2	-0.4137030000019877
25	2	-0.30660925000120187
25	2	-0.26167174999864073
25	2	0.016484499999933178
25	2	0.2477657499985071
25	2	0.47479699999894365
25	2	1.1819522500009043
25	3	-5.720918999999412
25	3	-5.262544000001071
25	3	-4.103576249999605
25	3	-3.2597324999987904
25	3	-3.114545000000362
25	3	-2.7954824999978882
25	3	-2.727419999999256
25	3	-2.7062012499991397
25	3	-2.440358500000002
25	3	-1.9831709999998566
25	3	-1.7290147500025341
25	3	-1.5952335000001767
25	3	-1.2110460000003513
25	3	-1.1777959999999439
25	3	-0.18301475000043865
25	3	0.9294530000006489
25	3	1.1719842499987863
25	3	1.3580467499996303
25	3	1.4252029999988736
25	3	1.5908904999996594
25	3	1.6010155000003579
25	3	1.6043905000005907
25	3	1.62507800000094
25	3	1.6755780000021332
25	3	1.7448279999989609
25	4	-5.3420762499990815
25	4	-4.761419999998907
25	4	-1.8256710000023304
25	4	-1.4310147500000312
25	4	-1.2985460000018065
25	4	-1.2802647500029707
25	4	-1.0202022500016028
25	4	-0.7629522500028543
25	4	-0.7521710000000894
25	4	0.22367175000181305
25	4	0.269202999999834
25	4	1.2171092499993392
25	4	1.823233250001067
25	5	-5.863357250003901
25	5	-5.147201000003406
25	5	-4.43341975000294
25	5	-4.4166697500040755
25	5	-4.19507600000361
25	5	-4.063701000002766
25	5	-4.053326000001107
25	5	-1.7979520000008051
25	5	-1.725889500001358
25	5	-1.1420770000004268
25	5	-0.8829217500024242
25	5	-0.6553592500022205
25	5	1.398453249996237
25	6	-5.899294500002725
25	6	-5.811919500003569
25	6	-5.502482000003511
25	6	-5.353700750001735
25	6	-5.330607000003511
25	6	-5.084482000002026
25	6	-4.781233000001521
25	6	-4.745545500001754
25	6	-4.413014249999833
25	6	-3.7343267500000366
25	6	-3.71207675000187
25	6	-3.7085142500000075
25	6	-3.6536080000005313
25	6	-3.262732999999571
25	6	-1.9214527500043914
25	6	-1.3011715000029653
25	6	-0.5448590000014519
25	6	-0.3386402500036638
25	6	-0.2601402500040422
25	6	-0.027640250002150424
25	6	0.04707849999613245
25	6	0.11470349999581231
25	6	0.26060874999893713
25	6	0.26873374999922817
25	6	0.3353900000001886
25	6	0.35623375000068336
25	6	0.9448587499973655
25	6	1.7326712499998393
25	6	1.891046249998908
25	7	-5.600388000002567
25	7	-4.6278889999994135
25	7	-3.514232749999792
25	7	-2.463045249998686
25	7	-2.1140774999985297
25	7	-2.101577499997802
25	7	-1.5334837499976857
25	7	-0.8560774999968999
25	7	-0.39185874999748194
25	7	-0.3556087500001013
25	7	0.04761000000144122
25	7	0.05648500000097556
25	7	0.09364125000138301
25	7	0.10489025000060792
25	7	0.1656089999996766
25	7	0.18629650000002584
25	7	0.4047027499982505
25	7	0.48442150000119
25	7	0.576015250000637
25	7	0.7215152499993565
25	7	0.7622027500001423
25	7	0.8077965000011318
25	7	0.8382027500010736
25	7	0.8551402499979304
25	8	-5.933106000000407
25	8	-5.898137249998399
25	8	-5.415231999999378
25	8	-4.397138250002172
25	8	-3.8951382500017644
25	8	-3.513919500001066
25	8	-2.5241079999977956
25	8	-2.5139204999977665
25	8	-1.5055767499979993
25	8	-0.7565777500021795
25	8	-0.2453902500019467
25	8	0.11760974999924656
25	8	0.23123474999738391
25	8	0.8935160000000906
25	8	0.9464847499984899
25	8	0.9602972499997122
25	8	1.288203500000236
25	8	1.2959222499994212
25	8	1.345140999997966
25	8	1.8061712500020803
25	9	-5.726731500002643
25	9	-5.475919000000431
25	9	-5.458262750002177
25	9	-5.123450250001042
25	9	-5.072481499999412
25	9	-5.003950250000344
25	9	-1.6592335000023013
25	9	-1.2991710000023886
25	9	-0.7967647500008752
25	9	-0.6641710000003513
25	9	-0.6024522500010789
25	9	-0.5804522500002349
25	9	-0.5298897499997111
25	9	-0.4443272500029707
25	9	0.3047039999983099
25	9	0.3274852499998815
25	9	0.5915779999995721
25	9	0.6084530000007362
25	9	0.9025467499996012
25	9	1.4874217500000668
25	9	1.6616092500007653
25	9	1.7013279999991937
25	10	-5.869419250000647
25	10	-2.828701499998715
25	10	-2.533296249996056
25	10	-2.5015149999962887
25	10	-1.3832962499946007
25	10	-0.8135774999973364
25	10	0.4423277500027325
25	10	0.4550465000029362
25	10	0.5216402500009281
25	10	0.7717965000010736
25	10	0.7842027500009863
25	10	0.827452750003431
25	10	1.3687340000033146
25	11	-5.72701275000145
25	11	-5.627044000000751
25	11	-5.384576250002283
25	11	-4.6140762500035635
25	11	-4.5544512500018755
25	11	-4.547732500002894
25	11	-3.995420000002923
25	11	-3.9255450000018755
25	11	-3.897638750004262
25	11	-3.8646075000033306
25	11	-3.823107500003971
25	11	-3.6257950000035635
25	11	-2.8455147500026214
25	11	-2.427296000001661
25	11	-2.234983500002272
25	11	-2.2192960000029416
25	11	-2.128483500000584
25	11	-1.5931710000004387
25	11	-1.5825460000014573
25	11	-1.5737647500027379
25	11	-1.4380147500014573
25	11	-1.4044210000029125
25	11	-0.027765750004618894
25	11	0.45292174999485724
25	11	1.0744842499952938
25	11	1.2655154999956721
25	11	1.5442029999976512
25	11	1.5461092499972438
25	11	1.9101092499950028
25	12	-5.531545000001643
25	12	-4.806294999998499
25	12	-4.0103574999993725
25	12	-3.919732499998645
25	12	-3.1616397500001767
25	12	-3.069764749998285
25	12	-3.0493897499982268
25	12	-2.8081397499991
25	12	0.8463592500011146
25	12	1.472421750000649
25	13	-5.769825749997835
25	13	-5.766638249999232
25	13	-5.400200749998476
25	13	-3.066795499998989
25	13	-2.8066079999989597
25	13	-2.6903267499983485
25	13	-2.495889249999891
25	13	-1.4139527499974065
25	13	-1.4066714999971737
25	13	-1.4039527499990072
25	13	-1.3901402499977848
25	13	-0.32145274999857065
25	13	0.9130149999982677
25	13	0.9202025000013236
25	13	1.6337962500001595
25	14	-5.872232249999797
25	14	-5.677638500001194
25	14	-5.005638499998895
25	14	-4.306232250000903
25	14	-4.304357249999157
25	14	-4.103607249999186
25	14	-3.7065760000004957
25	14	-3.6773572500023874
25	14	-3.6335447500023292
25	14	-3.2665144999991753
25	14	-3.2308582499972545
25	14	-0.36829675000262796
25	14	-0.3488592499998049
25	14	0.09748449999824516
25	14	0.5509844999978668
25	14	0.757421999998769
25	14	1.250953250000748
25	15	-5.357607250003639
25	15	-5.3473885000021255
25	15	-5.258638500003144
25	15	-4.017732250002155
25	15	-3.7500135000045702
25	15	-3.7181697500018345
25	15	-3.5657322500046575
25	15	-3.404919750002591
25	15	-2.4690457500000775
25	15	-2.4509520000028715
25	15	-0.6537019999996119
25	15	-0.2898280000044906
25	16	-5.626824750001106
25	16	-5.0984820000012405
25	16	-4.706888250002521
25	16	-4.406825750003918
25	16	-3.8743570000006002
25	16	-1.3653892500005895
25	16	-1.2472955000012007
25	16	-0.9357330000020738
25	16	-0.7826080000013462
25	16	0.045078499995725
25	16	0.1451097499957541
25	16	1.079422249997151
25	16	1.3175472499970056
25	16	1.467359749996831
25	16	1.9092972499965981
25	17	-4.615482750003139
25	17	-4.390170250004303
25	17	-3.9332952500044485
25	17	-3.9269202500036045
25	17	-2.2952650000006543
25	17	-2.28145250000307
25	17	-1.842421250003099
25	17	-1.6592650000020512
25	17	-1.6498587500027497
25	17	-1.038765000001149
25	17	-0.3659212500024296
25	17	-0.3606712500004505
25	17	0.1998277499951655
25	17	0.9849214999958349
25	17	1.7445777499960968
25	17	1.8014214999966498
25	17	1.8152964999972028
25	17	1.8219214999953692
25	17	1.858390249995864
25	17	1.8781089999974938
25	17	1.9064214999962132
25	17	1.9783902499948454
25	17	1.9855777499979013
25	18	-5.871419250001054
25	18	-5.79863800000021
25	18	-5.658606750002946
25	18	-5.517169250000734
25	18	-5.162420249998831
25	18	-4.911451500000112
25	18	-4.8935139999994135
25	18	-4.891170250000869
25	18	-4.863013999998657
25	18	-4.569732749998366
25	18	-4.426732749998337
25	18	-3.737514000000374
25	18	-3.509107750000112
25	18	-3.438795250000112
25	18	-3.1823890000014217
25	18	-2.7990775000034773
25	18	-2.365046250000887
25	18	-2.2692025000033027
25	18	-2.144015000001673
25	18	-1.8282025000007707
25	18	-1.5159212500002468
25	18	-0.7997337500019057
25	18	-0.7473900000004505
25	18	-0.4427650000034191
25	18	-0.384516000001895
25	18	0.37698399999862886
25	18	0.3962027499983378
25	18	0.43635899999935646
25	18	0.6422652500004915
25	18	0.6569527499996184
25	18	0.7767027500012773
25	18	0.8141714999983378
25	18	1.2195777499982796
25	18	1.4191715000015392
25	18	1.7990465000002587
25	18	1.8209214999988035
25	19	-5.761387750000722
25	19	-5.740637749997404
25	19	-5.508481499997288
25	19	-4.660356500000489
25	19	-4.215981499997724
25	19	-4.10988775000078
25	19	-3.664170000000013
25	19	-3.654607500000566
25	19	-3.1464825000002747
25	19	-3.125951250000071
25	19	-3.1201700000019628
25	19	-2.8400450000008277
25	19	-2.775420000001759
25	19	-2.7575762500018755
25	19	-2.7250137500013807
25	19	-2.6800762500024575
25	19	-0.9888897499986342
25	19	-0.2737334999983432
25	19	-0.05779600000096252
25	19	0.23582900000110385
25	19	0.5170165000017732
25	19	0.5217352500003472
25	19	0.5355477500015695
25	19	0.5537665000010747
25	19	0.5600164999996196
25	19	1.2170154999985243
25	19	1.4760155000003579
25	19	1.7474842499977967
25	19	1.8122342499991646
25	19	1.9157342500002414
25	20	-5.2665752499997325
25	20	-5.241918999996415
25	20	-5.157700249998015
25	20	-5.012012749997666
25	20	-5.001387749998685
25	20	-4.99207524999656
25	20	-4.952856499996415
25	20	-4.771888750001381
25	20	-4.696295000001555
25	20	-4.317951249999169
25	20	-3.114763749999838
25	20	-3.108076249998703
25	20	-2.808919999999489
25	20	-1.8601084999972954
25	20	-1.6233897499987506
25	20	0.5614217500042287
25	20	0.8502342500032682
25	20	1.280609250003181
25	20	1.6279842500043742
25	21	-3.832669999996142
25	21	-3.4328262499984703
25	21	-2.9018262499994307
25	21	-1.3764522499986924
25	21	-1.3736710000011954
25	21	-1.3703897499981395
25	21	-0.9344835000010789
25	21	-0.7052647499986051
25	21	-0.5577647499994782
25	21	-0.45542099999875063
25	21	1.0558905000034429
25	22	-5.421169499997632
25	22	-5.259325750001153
25	22	-4.663044500000979
25	22	-4.5729819999978645
25	22	-4.293950749997748
25	22	-3.868733000002976
25	22	-3.5809517500019865
25	22	-2.6506392500014044
25	22	-2.211264249999658
25	22	-1.8642955000032089
25	22	-1.0873902499988617
25	22	-0.42932775000008405
25	22	-0.00023399999918183312
25	22	0.13317224999991595
25	23	-5.7561695000003965
25	23	-5.745700750001561
25	23	-5.742450749999989
25	23	-5.682044500001211
25	23	-5.594763249999232
25	23	-5.542700750000222
25	23	-5.537325749999582
25	23	-5.53573200000028
25	23	-5.339419500000076
25	23	-5.286075750002055
25	23	-5.162950750000164
25	23	-4.778075750000426
25	23	-4.71829450000223
25	23	-2.1584517500014044
25	23	-1.585265249999793
25	23	-0.2102965000012773
25	23	1.1390462500021385
25	24	-5.545263250001881
25	24	-5.389950750002754
25	24	-5.29007575000287
25	24	-5.119200749999436
25	24	-5.097575750001852
25	24	-4.965700750002725
25	24	-4.665951750001113
25	24	-3.550576749999891
25	24	-3.5405767499978538
25	24	-3.0724205000005895
25	24	-2.5946392500009097
25	24	-2.563107999998465
25	24	-2.540607999999338
25	24	-2.5254517499997746
25	24	-0.00610900000174297
25	24	0.25154625000141095
25	24	0.3379525000018475
25	24	0.4511087499995483
25	24	0.4902650000003632
25	24	0.5172337500007416
25	24	0.5279837499983842
25	24	1.3737337499987916
25	25	-5.864669250000588
25	25	-5.7811067500006175
25	25	-5.32226300000184
25	25	-4.85882649999985
25	25	-4.247482749997289
25	25	-4.240076499998395
25	25	-3.8561702499973762
25	25	-3.427795249997871
25	25	-3.4160452500000247
25	25	-2.866107750000083
25	25	-2.384077500002604
25	25	-0.8692025000018475
25	25	-0.4361087500001304
25	25	-0.08038999999916996
25	25	-0.06610875000114902
25	25	-0.04517124999983935
25	25	0.0835777499996766
25	25	0.48092150000229594
25	25	1.0908902500013937
25	25	1.2604527500006952
25	25	1.300421500000084
25	25	1.7057652500006952
25	26	-4.929981999997835
25	26	-4.4774819999984175
25	26	-4.360513249997894
25	26	-3.603856999998243
25	26	-3.5929194999953324
25	26	-1.045639249998203
25	26	-1.010389249997388
25	26	-1.0024204999972426
25	26	-0.23407774999577668
25	26	-0.10904649999793037
25	26	0.14482850000422332
25	26	0.8709222500037868
25	26	1.2849847500037868
25	27	-5.90779399999883
25	27	-4.587544999998499
25	27	-2.3125459999973828
25	27	-2.2100147499986633
25	27	-1.5217959999972663
25	27	-1.4139522499972372
25	27	0.47376550000262796
25	27	1.1027342500019586
25	27	1.3976405000030354
25	27	1.467296750000969
25	28	-5.115762250003172
25	28	-4.984232000002521
25	28	-4.375544500002434
25	28	-4.265607000001182
25	28	-4.144482000003336
25	28	-4.070482000002812
25	28	-3.38729450000028
25	28	-0.6904517500042857
25	28	0.26957849999598693
25	28	0.9103284999982861
25	28	1.953703499999392
25	29	-4.238826749999134
25	29	-2.515233000001899
25	29	-2.4420767500014335
25	29	-1.1895152500037511
25	29	-0.9652965000022959
25	29	-0.7518277500021213
25	29	-0.7455152500042459
25	29	-0.5600152500010154
25	29	-0.48723400000380934
25	29	0.04210974999659811
25	29	0.1803909999980533
25	29	0.25014099999680184
25	29	0.6865149999975984
25	29	0.6980462499996065
25	29	0.7067649999989953
25	29	0.72882749999917
25	29	0.877577499999461
25	29	1.0156087499999558
25	29	1.3184837499975401
25	29	1.5249212499984424
25	29	1.5428587499991409
25	29	1.5582649999996647
25	30	-5.89610674999858
25	30	-5.5701692500006175
25	30	-5.474044250000588
25	30	-5.363670249997085
25	30	-5.309701499998482
25	30	-4.586107749997609
25	30	-4.191388999999617
25	30	-4.173951499997202
25	30	-2.1763275000012072
25	30	-2.171077499999228
25	30	-2.150608750001993
25	30	-1.9370462500010035
25	30	-1.4814837500016438
25	30	-0.9732025000012072
25	30	-0.4644212499988498
25	30	-0.24170349999985774
25	30	0.7767652500006079
25	30	1.2933590000029653
25	30	1.443202750000637
25	31	-5.998294249999162
25	31	-5.994263000000501
25	31	-5.2653264999971725
25	31	-5.255826499997056
25	31	-3.9722327499985113
25	31	-3.8792014999999083
25	31	-3.873420249998162
25	31	-3.865107749999879
25	31	-3.859107749998657
25	31	-2.873046249995241
25	31	-2.7578899999971327
25	31	-2.7078274999948917
25	31	-2.706327499996405
25	31	-2.4277024999973946
25	31	-2.1186087499954738
25	31	-1.7965149999981804
25	31	-1.3313587499978894
25	31	-1.255671249997249
25	31	-1.0290462499979185
25	31	-0.5347649999966961
25	31	-0.29073474999677273
25	31	-0.20098474999758764
25	31	-0.1797347499996249
25	31	1.0355465000029653
25	31	1.1670465000024706
25	31	1.6854215000021213
25	31	1.6956090000021504
25	32	-5.707950500000152
25	32	-5.332795250000345
25	32	-4.661545250000927
25	32	-3.6692015000007814
25	32	-3.663420250002673
25	32	-0.786608750000596
25	32	-0.7792962499988789
25	32	-0.4977650000000722
25	32	-0.49448375000065425
25	32	-0.4849212500012072
25	32	-0.11626600000090548
25	32	1.021733999998105
25	32	1.3134839999984251
25	32	1.4003589999992982
25	33	-5.983543999998801
25	33	-5.972043999998277
25	33	-5.804700249998859
25	33	-5.447981499997695
25	33	-5.387481499998103
25	33	-5.251512749997346
25	33	-5.174793999998656
25	33	-5.158793999999034
25	33	-5.088762749997841
25	33	-4.193825250000373
25	33	-4.043731499998103
25	33	-3.626576249997015
25	33	-2.985326249996433
25	33	-2.9647012499990524
25	33	-2.305544999995618
25	33	-0.9672022499980812
25	33	-0.6427335000007588
25	33	-0.5044209999978193
25	33	-0.4144209999976738
25	33	-0.32738975000029313
25	33	0.32636025000101654
25	33	0.340797749999183
25	33	0.881297750001977
25	33	1.3103592500010564
25	33	1.3246717500041996
25	33	1.9600780000037048
25	33	1.9765155000022787
25	33	1.978609250003501
25	34	-5.850199749998865
25	34	-5.723543499996595
25	34	-4.745232000001124
25	34	-3.5794507499995234
25	34	-2.005045499998232
25	34	-1.6814829999966605
25	34	-1.2017642499995418
25	35	-5.595950249997259
25	35	-5.559700249999878
25	35	-4.969326250000449
25	35	-4.954294999999547
25	35	-4.9137325000010605
25	35	-4.424482499998703
25	35	-4.142919999998412
25	35	-4.139076250001381
25	35	-3.3642012499985867
25	35	-2.9502949999987322
25	35	-2.4177959999979066
25	35	-2.0306709999968007
25	35	-2.028327249998256
25	35	-1.2407022499974119
25	35	-1.158170999999129
25	35	-1.1431397499982268
25	35	-0.9057647499976156
25	35	-0.4606709999970917
25	35	-0.1458585000000312
25	35	-0.12738974999956554
25	35	0.6147342500007653
25	35	1.3332655000012892
25	36	-5.863106000000698
25	36	-5.637824749999709
25	36	-5.459669500000018
25	36	-5.2813569999998435
25	36	-5.156700750001619
25	36	-5.036763250001968
25	36	-4.4685445000031905
25	36	-4.269263250000222
25	36	-4.046763250000367
25	36	-3.641888250000193
25	36	-3.6199820000001637
25	36	-3.596044500001881
25	36	-3.4137320000008913
25	36	-3.255607000002783
25	36	-2.4255142500005604
25	36	-1.4474829999999201
25	36	-1.0892017500009388
25	36	0.3312347500032047
25	36	0.34654725000291364
25	36	1.3999222500024189
25	36	1.5908597500019823
25	36	1.6909847500028263
25	37	-5.9429507499953615
25	37	-5.935044499994547
25	37	-5.314013249993877
25	37	-5.2398257499953615
25	37	-4.953106999993906
25	37	-4.642013249995216
25	37	-4.417231999996147
25	37	-4.026669499995478
25	37	-3.6139517499977956
25	37	-3.606889249997039
25	37	-3.3086392499972135
25	37	-2.244670499996573
25	37	-2.022795499997301
25	37	-1.6411704999991343
25	37	-1.4781392499971844
25	37	-1.3223589999943215
25	37	-1.285202749997552
25	37	-1.1380464999965625
25	37	-0.1359214999974938
25	37	0.23970350000308827
25	37	0.7931722500034084
25	37	1.0087660000026517
25	37	1.3169837500026915
25	37	1.3527337500017893
25	37	1.827515000000858
25	37	1.887233750003361
25	37	1.9211400000021968
25	37	1.9578900000014983
25	38	-5.675450250000722
25	38	-5.658200249999936
25	38	-5.417950250001013
25	38	-4.7012002499977825
25	38	-4.421137749999616
25	38	-4.290512749998015
25	38	-3.803888750000624
25	38	-3.6522325000005367
25	38	-2.504232499999489
25	38	-2.4429200000013225
25	38	-2.2498887500005367
25	38	-0.18945225000061328
25	38	-0.15820225000061328
25	38	0.676735249999183
25	38	0.9772029999985534
25	38	1.0510154999974475
25	38	1.282984249999572
25	38	1.3705779999982042
25	38	1.4636092499968072
25	38	1.509640499996749
25	38	1.5847029999968072
25	39	-5.9373252500008675
25	39	-4.685387749999791
25	39	-4.252732500001002
25	39	-3.856232500002079
25	39	-2.667670000002545
25	39	-2.0187950000035926
25	39	-0.5457022500013409
25	39	-0.4287647500023013
25	39	-0.41895225000189384
25	39	-0.04195225000148639
25	39	-0.03157724999982747
25	39	0.26998524999726214
25	39	0.32007899999734946
25	39	0.5002029999996012
25	39	0.702484249999543
25	39	0.7506717500000377
25	39	0.7579217500024242
25	39	1.0766404999994847
25	39	1.1869530000003579
25	39	1.195921750000707
25	40	-5.741794500001561
25	40	-5.617013250001037
25	40	-5.585856999998214
25	40	-4.153920499997184
25	40	-3.6766704999972717
25	40	-3.274670499999047
25	40	-3.26242049999928
25	40	-3.230076749998261
25	40	-2.1043590000008408
25	40	-2.093390250000084
25	40	-1.2889839999988908
25	40	-0.9829214999990654
25	40	-0.9628589999992982
25	40	-0.7676402500001132
25	40	-0.7622027500001423
25	40	-0.7168277499986289
25	40	-0.7027027500007534
25	40	-0.6948902500007534
25	40	-0.40648399999918183
25	40	-0.37920274999851245
25	40	-0.30970275000072434
25	40	-0.04201525000098627
25	40	1.3016400000014983
25	40	1.6073900000010326
25	40	1.6147962499999267
25	41	-5.575668500001484
25	41	-5.524793500000669
25	41	-5.404418500002066
25	41	-5.2162310000021535
25	41	-5.166855999999825
25	41	-4.770638250000047
25	41	-4.202888249998068
25	41	-3.5126694999999017
25	41	-1.9708580000005895
25	41	-1.7742330000000948
25	41	-1.4316705000019283
25	41	-0.4754205000026559
25	41	0.6954222499989555
25	41	0.69814100000076
25	41	0.7682034999997995
25	41	0.7817347499985772
25	41	1.2248597500001779
25	41	1.2357034999986354
25	41	1.8105472499992175
25	42	-5.919981500006543
25	42	-5.3647012500041455
25	42	-4.442138750004233
25	42	-4.253638750004029
25	42	-4.233232500002487
25	42	-3.9298575000029814
25	42	-2.9693262500040873
25	42	-2.7855772500006424
25	42	-1.7057022500011954
25	42	-1.1117960000010498
25	42	-1.0563897500032908
25	42	-0.49788975000046776
25	42	-0.3315470000052301
25	42	0.45935924999503186
25	42	1.0893592499960505
25	42	1.214515499996196
25	42	1.2203592499972729
25	42	1.3768904999960796
25	42	1.6692342499954975
25	42	1.8442029999969236
25	42	1.852671749995352
25	43	-5.996918749999168
25	43	-5.408668749998469
25	43	-5.098543749998498
25	43	-4.048076000002766
25	43	-4.002388500000961
25	43	-3.668357250000554
25	43	-3.6484510000009323
25	43	-2.8498572500029695
25	43	-2.847419749999972
25	43	-2.640075999999681
25	43	-1.8059832500002813
25	43	-0.9717957499997283
25	43	-0.37679574999856413
25	43	-0.12057700000150362
25	43	-0.11748325000007753
25	43	-0.005609250001725741
25	43	0.4425469999987399
25	43	1.0312344999983907
25	43	1.0400782499964407
25	44	-5.682451250002487
25	44	-5.5050137500038545
25	44	-5.503420000000915
25	44	-5.491513750002923
25	44	-5.475857500001439
25	44	-4.564451250003913
25	44	-3.9827325000042038
25	44	-3.628732500001206
25	44	-3.095139749999362
25	44	-2.6089209999991
25	44	-2.5872960000015155
25	44	-2.536889750001137
25	44	-2.3112959999998566
25	44	-2.2824834999992163
25	44	-1.8220147499996528
25	44	-1.811546000000817
25	44	-1.202171000000817
25	44	-0.9866397500009043
25	44	-0.31239075000121375
25	44	-0.27507825000429875
25	44	-0.27173450000191224
25	44	-0.26157825000336743
25	44	0.11342174999663257
25	44	0.17823424999733106
25	44	0.32885924999573035
25	44	1.1192654999977094
25	44	1.1253279999982624
25	44	1.1352967499988154
25	44	1.2575467499955266
25	45	-5.222981250000885
25	45	-3.2574197499998263
25	45	-1.2957957500002522
25	45	0.936484499998187
25	45	0.994671999997081
25	45	1.1677344999989145
25	45	1.266984499998216
25	45	1.6745782499965571
25	46	-5.456418750000012
25	46	-4.554076000003988
25	46	-4.5302635000007285
25	46	-3.9743572500010487
25	46	-3.272794750002504
25	46	-3.268294750003406
25	46	-2.8589520000023185
25	46	-2.830920750002406
25	46	-2.8091082499995537
25	46	-2.018452000000252
25	46	-1.7241707499997574
25	46	-1.7177957500025514
25	46	-0.7422957500020857
25	46	-0.4375145000012708
25	46	-0.2661092500020459
25	46	-0.26439050000408315
25	46	0.20264074999795412
25	46	0.3377344999971683
25	46	0.3533907499986526
25	46	0.8349844999975176
25	46	1.0803594999961206
25	46	1.4980157499958295
25	46	1.504234499996528
25	46	1.6740157499989436
25	46	1.6812032499983616
25	47	-5.991482249999535
25	47	-5.751200999999128
25	47	-5.244700999999623
25	47	-4.783232249999855
25	47	-4.619763499998953
25	47	-4.609451000000263
25	47	-4.501076000000467
25	47	-3.627138500000001
25	47	-2.8219520000020566
25	47	-2.807295750000776
25	47	-2.801045750002231
25	47	-2.788889499999641
25	47	-2.7398895000005723
25	47	-2.493577000001096
25	47	-1.1568895000018529
25	47	-0.8994217500003288
25	47	-0.194265499998437
25	47	1.345109500001854
25	48	-5.181919499998912
25	48	-2.038670499998261
25	48	-1.9649204999986978
25	48	-0.8208902499973192
25	48	-0.7699214999993274
25	48	-0.6847339999985707
25	48	-0.5225152499988326
25	48	-0.2725777499981632
25	48	0.18073475000346662
25	48	0.42939100000148755
25	48	0.7491410000038741
25	48	0.872078500000498
25	48	0.877422250003292
25	48	0.9667337499995483
25	48	0.9917024999995192
25	48	1.409858750001149
25	48	1.434014999998908
25	48	1.4712025000007998
25	48	1.5200775000012072
25	48	1.6241712500013818
25	48	1.8036087500004214
25	48	1.8149212499993155
25	49	-5.975512749999325
25	49	-5.547325249997812
25	49	-5.02760649999982
25	49	-4.29591900000014
25	49	-4.2342002499972295
25	49	-4.221263750001526
25	49	-4.190951250002399
25	49	-4.023451249999198
25	49	-3.929826250001497
25	49	-3.918201250002312
25	49	-3.1337325000022247
25	49	-2.107638749999751
25	49	-2.075982500002283
25	49	-1.1750147499988088
25	49	0.6264540000011039
25	49	0.9945780000016384
25	49	1.0554217500030063
25	49	1.7162342500014347
25	49	1.7353592500039667
25	50	-5.950918999998976
25	50	-5.5329189999974915
25	50	-5.331450249999762
25	50	-4.887231499997142
25	50	-4.235513749998063
25	50	-4.117013749997568
25	50	-4.044951249998121
25	50	-3.1822012499978882
25	50	0.1792352500015113
25	50	0.6769842500034429
25	50	0.691390500003763
25	50	0.7024842500031809
25	50	1.182546750002075
25	50	1.2241405000022496
25	50	1.2303905000044324
25	50	1.4036405000042578
25	50	1.6402655000019877
25	50	1.9482342500014056
26	1	-5.656669749994762
26	1	-5.463888499994937
26	1	-5.2529197499970905
26	1	-5.036888499995257
26	1	-5.017982249995839
26	1	-4.55979474999549
26	1	-4.296763499994995
26	1	-3.9149519999991753
26	1	-3.599233249999088
26	1	-3.5289519999969343
26	1	-3.2242644999969343
26	1	-3.199170749998302
26	1	-3.005264499999612
26	1	-2.903389499999321
26	1	-2.592983249996905
26	1	-2.155139499998768
26	1	-1.7204832499992335
26	1	-1.7015457499983313
26	1	-1.4573592499982624
26	1	-1.2468592499972146
26	1	-0.5422967499980587
26	1	-0.1222342499968363
26	1	-0.11370299999543931
26	1	0.20873450000362936
26	1	0.31417200000214507
26	1	0.7037970000019413
26	1	0.8215470000031928
26	1	1.0321710000025632
26	1	1.0791085000018938
26	1	1.109545999999682
26	1	1.130514750002476
26	2	-5.800544749999972
26	2	-5.131388500001776
26	2	-5.0128885000012815
26	2	-4.580263500000001
26	2	-3.608295749996614
26	2	-3.3815457499986223
26	2	-3.2097957499972836
26	2	-3.190201999997953
26	2	-3.1631394999967597
26	2	-3.1252644999985932
26	2	-3.1092644999989716
26	2	-3.0611394999978074
26	2	-2.9807645000000775
26	2	-2.970545749998564
26	2	-2.6717332499974873
26	2	-2.368358249997982
26	2	-2.329514499997458
26	2	-2.170764499998768
26	2	-1.8671707499997865
26	2	-1.6221404999996594
26	2	-1.39954674999899
26	2	-1.3966404999991937
26	2	-1.3291717499996594
26	2	-1.3098592499991355
26	2	-0.06189050000102725
26	2	0.9452022500008752
26	2	1.4497647500029416
26	2	1.6172960000003513
26	3	-5.899762749999354
26	3	-5.201543999999558
26	3	-4.1211699999985285
26	3	-4.031138750000537
26	3	-3.8684824999982084
26	3	-3.628513749998092
26	3	-2.958919999997306
26	3	-2.753919999999198
26	3	-2.6997012499996345
26	3	-2.3300147500012827
26	3	-2.306514750001952
26	3	-1.63113974999942
26	3	-0.5388585000000603
26	3	-0.05004700000063167
26	3	0.7047654999987572
26	3	0.8546717499993974
26	3	1.0898904999994556
26	3	1.1220467499988445
26	3	1.5402342500019586
26	3	1.555703000001813
26	4	-5.319201250000333
26	4	-4.593013749999955
26	4	-4.322607499998412
26	4	-4.166795000001002
26	4	-3.921576249998907
26	4	-3.7627012499979173
26	4	-3.5374824999998964
26	4	-3.430544999999256
26	4	-3.131139750003058
26	4	-3.047671000000264
26	4	-3.0079522500018356
26	4	-2.2283585000004678
26	4	-2.2074522500006424
26	4	-2.184483500001079
26	4	-1.7299522499997693
26	4	-1.5571397500025341
26	4	-1.4345147500025632
26	4	-0.5226094999998168
26	4	-0.1103907500000787
26	4	0.2840467499991064
26	4	0.7883592500002123
26	4	1.4633592499994847
26	4	1.559921750002104
26	4	1.656546750000416
26	4	1.7040467500009981
26	4	1.7467645000033372
26	4	1.9562332500026969
26	5	-5.717576000002737
26	5	-5.3913885000038135
26	5	-5.211576000001514
26	5	-4.946982250003202
26	5	-4.9202322500023
26	5	-4.661107250001805
26	5	-4.534544750003988
26	5	-4.424576000001252
26	5	-4.319451000003028
26	5	-4.272482250002213
26	5	-4.017388500004017
26	5	-3.9903885000021546
26	5	-3.425702000000456
26	5	-3.051045750002231
26	5	-3.025014499999088
26	5	-2.758452000001853
26	5	-2.4262957499995537
26	5	-2.400202000000718
26	5	-1.5055145000005723
26	5	-1.0187957500020275
26	5	-0.15160925000236603
26	5	-0.09392175000175484
26	5	1.477671000000555
26	5	1.6605772500006424
26	6	-5.030825750003714
26	6	-4.610607999999047
26	6	-3.7664205000000948
26	6	-3.723076750000473
26	6	-3.567451750001055
26	6	-3.393795500000124
26	6	-3.3252954999989015
26	6	-3.3110142500008806
26	6	-2.3591392500020447
26	6	-1.451421500001743
26	6	-0.8446090000034019
26	6	-0.7728277500027616
26	6	-0.33251525000378024
26	6	0.22564000000056694
26	6	0.27110874999925727
26	6	0.45363999999972293
26	6	1.115139999998064
26	6	1.3785774999996647
26	6	1.4589212499995483
26	6	1.862264999999752
26	7	-5.3115442500020436
26	7	-5.139294250002422
26	7	-4.77263899999889
26	7	-4.549232749999646
26	7	-4.405763999999181
26	7	-4.157639000000927
26	7	-3.6231702500008396
26	7	-3.5783577500005777
26	7	-2.671420250000665
26	7	-2.4922952499982785
26	7	-2.112139999997453
26	7	-1.8692962499990244
26	7	-0.676608750000014
26	7	-0.17848374999812222
26	7	-0.07114000000001397
26	7	0.018641250000655418
26	7	0.2525464999998803
26	7	0.3477339999990363
26	7	0.7807652500014228
26	7	0.89170274999924
26	7	1.0147027499988326
26	7	1.0996715000001132
26	7	1.2944839999981923
26	7	1.6332027499993274
26	8	-5.764419499999349
26	8	-5.622482000002492
26	8	-5.524450749999232
26	8	-5.301388250001764
26	8	-4.446950749999814
26	8	-3.904044499999145
26	8	-3.8884820000021136
26	8	-2.8822330000002694
26	8	-2.531326749998698
26	8	-1.7014517499992508
26	8	-1.177420500000153
26	8	-0.0907652500027325
26	8	-0.025515249999443768
26	8	0.10201599999709288
26	8	0.47935974999927566
26	8	0.8436409999994794
26	8	0.9072972499998286
26	8	1.311015999999654
26	9	-5.423825249999936
26	9	-5.298387750000984
26	9	-4.970981500002381
26	9	-3.9291699999994307
26	9	-3.655763750000915
26	9	-2.878732499997568
26	9	-2.41079499999978
26	9	-2.4083887499982666
26	9	-1.9425772499998857
26	9	-1.6228897500004678
26	9	-1.4637022500028252
26	9	-1.4257647500016901
26	9	-1.390702250002505
26	9	-1.3041709999997693
26	9	-0.8341710000022431
26	9	-0.08638975000212668
26	9	0.2907977499999106
26	9	0.5890780000008817
26	9	0.7253592500019295
26	9	1.0041092499996012
26	10	-5.633138000001054
26	10	-5.227512999997998
26	10	-5.168981750000967
26	10	-4.567451499999152
26	10	-4.246732749998046
26	10	-2.8267952499991225
26	10	-2.506077499994717
26	10	-1.7763899999954447
26	10	-1.4571087499971327
26	10	-1.2687024999977439
26	10	-0.8405149999962305
26	10	1.400546500000928
26	10	1.7335777500011318
26	11	-5.443920000001526
26	11	-5.2220137500044075
26	11	-4.295607500003825
26	11	-3.3031387500050187
26	11	-3.0363887500025157
26	11	-1.4312647500009916
26	11	-1.1298897500018938
26	11	0.08645299999625422
26	11	1.1880154999962542
26	12	-5.939387749996968
26	12	-5.52042000000074
26	12	-4.861544999999751
26	12	-4.777857500001119
26	12	-4.617451250000158
26	12	-4.524732500001846
26	12	-4.321045000000595
26	12	-2.9322959999990417
26	12	-2.5895459999992454
26	12	-2.2451084999993327
26	12	-2.2348272499984887
26	12	-2.2003584999984014
26	12	-1.843514749998576
26	12	-1.2113584999970044
26	12	-1.1187647499973536
26	12	-0.9362647499983723
26	12	0.1261717499983206
26	12	1.6560145000003104
26	13	-5.744200749999436
26	13	-5.699044499997399
26	13	-3.518514250001317
26	13	-2.701795500001026
26	13	-2.6091080000005604
26	13	-2.596607999999833
26	13	-2.4420767500014335
26	13	-2.3455455000002985
26	13	-1.5406714999990072
26	13	-1.5191089999971155
26	13	-0.9233902499981923
26	13	-0.7825152499972319
26	13	-0.6141089999982796
26	13	0.4226712499985297
26	13	0.675577499998326
26	13	0.6985774999993737
26	13	0.9058899999981804
26	13	1.0881712500013236
26	13	1.4408274999987043
26	13	1.5828274999985297
26	13	1.5858274999991409
26	13	1.5954525000015565
26	14	-5.709263500000816
26	14	-5.272794749998866
26	14	-4.793169749998924
26	14	-3.296608249998826
26	14	-3.2006394999989425
26	14	-2.7537957499989716
26	14	-2.6102644999991753
26	14	-2.4651082499985932
26	14	-2.4404519999989134
26	14	-2.1474832499989134
26	14	-1.9309832500002813
26	14	-1.9152957499973127
26	14	-1.629139499997109
26	14	-1.6231082499980403
26	14	-1.5591394999974
26	14	-1.0793269999994664
26	14	-0.3794217499998922
26	14	-0.026234249999106396
26	14	0.5575157499988563
26	14	0.6492032499991183
26	14	0.7777657499973429
26	14	1.69651475000137
26	15	-5.427168750004057
26	15	-5.249607250003464
26	15	-5.23126350000166
26	15	-5.180888500002766
26	15	-4.6943260000043665
26	15	-4.440951000004134
26	15	-3.4846072500040464
26	15	-3.269419750002271
26	15	-2.449045749999641
26	15	-2.134202000001096
26	15	-1.6484520000012708
26	15	-1.4167332500001066
26	15	-1.3724832500010962
26	15	-1.3017957500014745
26	15	-1.1646395000025223
26	15	-0.5277332500008924
26	15	-0.45420200000080513
26	15	-0.035921750004490605
26	15	1.3812032499954512
26	15	1.3976094999961788
26	16	-5.819199749999825
26	16	-5.2730747499990684
26	16	-4.789513250001619
26	16	-4.70529450000322
26	16	-3.795075750003889
26	16	-3.049200750003365
26	16	-2.840107000003627
26	16	-2.618732999999338
26	16	-2.600639250002132
26	16	-2.4312642500008224
26	16	-1.6791080000002694
26	16	-0.7725767500014626
26	16	-0.5617642500001239
26	16	-0.52579550000155
26	16	-0.19564025000363472
26	16	1.4135159999968891
26	17	-5.6297942500023055
26	17	-5.4965755000011995
26	17	-5.268576500002382
26	17	-3.6205140000020037
26	17	-2.6682337500024005
26	17	-2.459108750001178
26	17	-2.2538587500021094
26	17	-1.3652650000003632
26	17	0.3678277499966498
26	17	0.4832652499972028
26	17	0.7032027499953983
26	17	0.8897964999960095
26	17	1.0548589999962132
26	17	1.6032027499968535
26	18	-5.480044250001811
26	18	-5.396232750001218
26	18	-5.113420249999763
26	18	-3.7621389999985695
26	18	-3.6968577500010724
26	18	-3.267732749998686
26	18	-2.5381087500027206
26	18	-2.481483750001644
26	18	-1.229140000003099
26	18	-0.39657850000003236
26	18	0.4553902500010736
26	19	-5.834043999999267
26	19	-5.824106500000198
26	19	-5.447075249998306
26	19	-5.325387749999209
26	19	-3.615076250000129
26	19	-2.662638750000042
26	19	-2.104076250001526
26	19	-1.7881075000004785
26	19	-1.2521710000000894
26	19	-1.2164210000009916
26	19	-1.1028897500000312
26	19	-0.5083584999993036
26	19	0.5748915000003763
26	19	0.8456102500022098
26	19	1.2297029999972438
26	19	1.2712967499974184
26	19	1.6183904999998049
26	19	1.8561092499985534
26	20	-5.67213774999982
26	20	-4.486107500000799
26	20	-4.190263749998849
26	20	-3.4831075000001874
26	20	-3.183701250000013
26	20	-2.2490772499986633
26	20	-1.963796000000002
26	20	-1.6803272500001185
26	20	-1.6399522499996237
26	20	-1.3022334999986924
26	20	-0.9721397499997693
26	20	-0.5675459999984014
26	20	-0.5343584999973245
26	20	-0.3528584999985469
26	20	0.5300467500019295
26	20	0.6582967500035011
26	21	-4.723888749998878
26	21	-4.601419999999052
26	21	-4.528263749998587
26	21	-4.0742949999985285
26	21	-3.019544999999198
26	21	-3.0096387499979755
26	21	-2.642201249997015
26	21	-2.224670999999944
26	21	-2.132702250000875
26	21	-1.5461709999981395
26	21	-1.3120147500012536
26	21	-0.5823584999998275
26	21	-0.574702249999973
26	21	-0.5713272499997402
26	21	-0.502952250000817
26	21	-0.29145224999956554
26	21	-0.21107724999819766
26	21	0.4809842500035302
26	21	0.7727342500002123
26	21	0.7845155000031809
26	21	0.9615780000021914
26	21	0.9937655000030645
26	22	-5.083325749998039
26	22	-5.0807007500006875
26	22	-4.652388250000513
26	22	-4.266794499999378
26	22	-4.2470132499984175
26	22	-3.714139250001608
26	22	-3.1732642500028305
26	22	-2.980858000002627
26	22	-2.7133267500030342
26	22	-2.422701750001579
26	22	-2.2742955000030634
26	22	-2.2209830000028887
26	22	-2.205982999999833
26	22	-2.1180767500009097
26	22	-1.852389250001579
26	22	-1.5323590000007243
26	22	-1.0499840000011318
26	22	-0.7813277499990363
26	22	-0.48773399999845424
26	22	-0.23495275000095717
26	22	0.8956399999988207
26	22	1.536702499997773
26	23	-5.740606999999727
26	23	-5.098919500000193
26	23	-5.06326325000191
26	23	-4.686919499999931
26	23	-4.508357000002434
26	23	-3.8682642500025395
26	23	-3.4461705000030634
26	23	-3.269108000004053
26	23	-3.1852955000031216
26	23	-3.1447955000039656
26	23	-3.1382330000014917
26	23	-1.3932027500013646
26	23	-1.2569215000003169
26	23	-0.1571089999997639
26	23	0.2000472500003525
26	23	0.4827347499995085
26	23	0.747172249997675
26	24	-5.609700750002958
26	24	-5.224294499999814
26	24	-5.221544500000164
26	24	-5.148107000000891
26	24	-4.914419500000804
26	24	-4.093357999998261
26	24	-3.7300142499989306
26	24	-3.7114829999991343
26	24	-3.69357674999992
26	24	-3.57742049999797
26	24	-3.1304830000008224
26	24	-3.0644204999989597
26	24	-3.058389249999891
26	24	-2.8420767499992508
26	24	-2.2304839999997057
26	24	-2.020109000000957
26	24	-1.3896090000016557
26	24	-1.3443902500002878
26	24	-0.9935152500002005
26	24	-0.9660777500030235
26	24	-0.6252652500006661
26	24	-0.39982775000316906
26	24	-0.10042150000299443
26	24	-0.0035152500022377353
26	24	0.529515000001993
26	24	0.8685775000012654
26	24	1.0160150000010617
26	24	1.0382962500007125
26	24	1.0855775000018184
26	24	1.0985462499993446
26	24	1.2499212500006252
26	24	1.3092337499983842
26	24	1.7640774999999849
26	24	1.7767024999993737
26	25	-4.730451499999617
26	25	-3.356576499998482
26	25	-3.326045249999879
26	25	-3.2601077500003157
26	25	-3.085982749998948
26	25	-2.927263999998104
26	25	-2.5838889999977255
26	25	-2.569232750000083
26	25	-2.1512650000004214
26	25	-1.5006087500005378
26	25	-1.4186399999998685
26	25	-1.261515000001964
26	25	-0.8521400000026915
26	25	-0.8375149999992573
26	25	-0.28189000000202213
26	25	-0.017671249999693828
26	25	0.3040777499991236
26	25	0.5877027499991527
26	25	1.082702750001772
26	25	1.2304839999997057
26	25	1.8859215000011318
26	25	1.9207652500008408
26	26	-5.785012249998545
26	26	-5.382075749996147
26	26	-5.0591069999973115
26	26	-4.730138249997253
26	26	-3.5820444999953907
26	26	-3.075139249998756
26	26	-3.0721080000002985
26	26	-3.0690142499988724
26	26	-3.0564830000002985
26	26	-2.415295499999047
26	26	-1.560639249997621
26	26	-1.1634830000002694
26	26	-0.8187954999993963
26	26	-0.14535899999827961
26	26	0.4321410000011383
26	26	0.5519222500042815
26	26	0.6411097500022152
26	26	0.7231097500043688
26	26	1.3780160000023898
26	26	1.440016000004107
26	27	-5.910575249999965
26	27	-5.886356499999238
26	27	-5.647887749997608
26	27	-5.281887749999441
26	27	-5.216043999997055
26	27	-4.987607499995647
26	27	-4.75123249999524
26	27	-4.723951249998208
26	27	-4.07857624999815
26	27	-3.7890137499962293
26	27	-3.464357499997277
26	27	-3.130669999998645
26	27	-3.051544999998441
26	27	-2.893638749996171
26	27	-2.861982499998703
26	27	-1.9092647500001476
26	27	-1.44467099999747
26	27	-1.3257959999973536
26	27	0.11217175000274437
26	27	0.18214050000096904
26	27	1.4346405000032973
26	27	1.4698280000011437
26	27	1.8039842500038503
26	27	1.826359250004316
26	28	-5.964418500003376
26	28	-5.511293500003376
26	28	-5.307481000003463
26	28	-5.280199750002794
26	28	-5.256387250003172
26	28	-5.091262250003638
26	28	-4.424325750002026
26	28	-3.3232007500009786
26	28	-3.078200750001997
26	28	-1.902233000004344
26	28	-1.6934830000027432
26	28	-1.548108000002685
26	28	-1.535764250005741
26	28	-1.2941705000048387
26	28	-1.0425455000040529
26	28	0.19326599999840255
26	28	0.24695349999819882
26	28	0.27776599999924656
26	28	0.43317224999918835
26	28	0.7557034999990719
26	28	0.9392972499990719
26	28	1.8323284999969474
26	28	1.912890999996307
26	29	-4.998013250002259
26	29	-4.482857000002696
26	29	-4.1515767500022775
26	29	-3.6344830000016373
26	29	-3.4387955000020156
26	29	-2.0410767499997746
26	29	-1.7822027500042168
26	29	-1.4577340000032564
26	29	-1.445765250002296
26	29	-0.5356715000016266
26	29	-0.41001525000319816
26	29	0.32510974999604514
26	29	0.5783597499976167
26	30	-5.638856749999832
26	30	-5.348107750000054
26	30	-5.33495149999726
26	30	-4.941170250000141
26	30	-3.7996389999971143
26	30	-3.2133264999974926
26	30	-3.1291077499990934
26	30	-3.017420249998395
26	30	-2.753827500000625
26	30	-2.4336399999992864
26	30	-2.3710462500021094
26	30	-2.1547649999993155
26	30	-1.9498899999998685
26	30	-1.9288274999998976
26	30	-1.850858750000043
26	30	-0.7238275000017893
26	30	-0.649983750001411
26	30	-0.3633597499974712
26	30	-0.3497347499978787
26	30	0.02339025000037509
26	30	0.3375465000026452
26	30	1.2693590000017139
26	30	1.5705152500013355
26	31	-5.956044250000559
26	31	-5.582731750000676
26	31	-5.2622014999979
26	31	-4.49285774999953
26	31	-4.233701499997551
26	31	-4.003763999997318
26	31	-3.896545249997871
26	31	-3.7537014999979874
26	31	-3.2186702499966486
26	31	-2.8216087499968125
26	31	-2.651514999997744
26	31	-2.6445774999956484
26	31	-2.4151712499951827
26	31	-2.3287962499962305
26	31	-2.2917024999951536
26	31	-2.269452499996987
26	31	-2.234608749997278
26	31	-1.8554212499948335
26	31	-1.8049837499966088
26	31	-1.1083899999975984
26	31	-1.0419837499975984
26	31	-0.5437337499970454
26	31	-0.4663597499966272
26	31	-0.1602034999996249
26	31	-0.1562972499996249
26	31	0.2570777500004624
26	31	0.37232775000302354
26	31	0.7647652500018012
26	31	1.2967652500010445
26	31	1.478046500000346
26	32	-5.47954424999989
26	32	-4.974607750002178
26	32	-4.912264000002324
26	32	-4.39442025000244
26	32	-4.26770150000084
26	32	-4.2492952500033425
26	32	-4.190920250002819
26	32	-3.941357750001771
26	32	-3.9182640000035462
26	32	-3.683982750000723
26	32	-3.659076500003721
26	32	-3.0548265000034007
26	32	-2.712077500000305
26	32	-2.5616087500020512
26	32	-2.4591712500005087
26	32	-2.4532025000007707
26	32	-2.2059837500019057
26	32	-2.1261712500017893
26	32	-1.9454525000001013
26	32	-0.0220472500041069
26	32	-0.012641000001167413
26	32	0.804733999997552
26	32	1.4776714999970864
26	33	-5.276981499999238
26	33	-5.262919000000693
26	33	-3.262888749995909
26	33	-2.7651074999957928
26	33	-2.3525762499957636
26	33	-2.214951249996375
26	33	-1.5193262499960838
26	33	-1.1703584999995655
26	33	-0.9363272499977029
26	33	-0.7289522499995655
26	33	-0.7123585000008461
26	33	-0.6789209999988088
26	33	-0.4303584999979648
26	33	0.2832665000023553
26	33	0.33495400000174413
26	33	0.7909227500022098
26	33	0.9832664999994449
26	33	1.0622342500028026
26	33	1.3662655000007362
26	34	-5.7151997499968274
26	34	-5.099513249999291
26	34	-4.7338569999992615
26	34	-4.352450750000571
26	34	-3.635763250000309
26	34	-3.507575749998068
26	34	-2.986700749999727
26	34	-1.366764249996777
26	34	-0.8604204999974172
26	34	0.599047250001604
26	34	0.6014222500016331
26	34	1.4341410000015458
26	34	1.507359750001342
26	34	1.5155159999994794
26	34	1.5856097500000033
26	34	1.7120472499991592
26	34	1.8749222500009637
26	35	-5.763637749998452
26	35	-5.41145024999787
26	35	-5.138637749998452
26	35	-5.118201249999402
26	35	-4.974044999999023
26	35	-4.624201250000624
26	35	-3.981513750000886
26	35	-3.712419999999838
26	35	-3.6932325000016135
26	35	-3.6384512500007986
26	35	-3.2485449999985576
26	35	-1.8171709999987797
26	35	-1.4467022499993618
26	35	-1.4034834999984014
26	35	-1.1452959999987797
26	35	-0.48454599999968195
26	35	-0.01767200000176672
26	35	0.1505467499991937
26	35	0.6222654999983206
26	35	0.870765499999834
26	35	0.8789842500009399
26	35	1.3283279999996012
26	35	1.6531717500001832
26	36	-5.048513249999814
26	36	-4.364607000003161
26	36	-4.294669500002783
26	36	-3.919357000002492
26	36	-3.4285445000023174
26	36	-1.5894829999997455
26	36	-1.3850454999992508
26	36	-1.382389250000415
26	36	-1.0366392500000075
26	36	-0.6212017500001821
26	36	-0.5428277499995602
26	36	-0.304421499997261
26	36	-0.2508902499976102
26	36	0.16079725000236067
26	36	0.29882850000285544
26	36	0.5125160000025062
26	36	0.6624847500024771
26	36	0.9305785000033211
26	36	1.3421097500031465
26	36	1.5203285000025062
26	36	1.8698597500006144
26	36	1.8733285000016622
26	37	-5.9895132499950705
26	37	-5.915513249994547
26	37	-5.493294499996409
26	37	-4.672044499995536
26	37	-4.4554819999939355
26	37	-4.426263249995827
26	37	-4.330263249994459
26	37	-4.017138249993877
26	37	-3.9626069999940228
26	37	-3.556326749996515
26	37	-3.060420499998145
26	37	-2.7318267499977082
26	37	-2.3416392499966605
26	37	-1.178796499996679
26	37	-0.8070464999946125
26	37	-0.5757652499960386
26	37	-0.37598399999478715
26	37	-0.34167149999484536
26	37	-0.30704649999461253
26	37	-0.17314024999723188
26	37	-0.03420274999734829
26	37	-0.0185152499943797
26	37	0.28885975000230246
26	37	0.46154725000451435
26	37	0.7956410000042524
26	37	1.21607750000112
26	37	1.4085775000021385
26	37	1.424671250002575
26	37	1.8097962500032736
26	37	1.916327500002808
26	38	-5.712387749998015
26	38	-5.6479502500005765
26	38	-5.187231500000053
26	38	-4.878606499998568
26	38	-4.796544000000722
26	38	-4.329887749998306
26	38	-4.255356499998015
26	38	-3.4282325000021956
26	38	-2.7282950000007986
26	38	-2.1057325000001583
26	38	-1.7845137500007695
26	38	-1.1846084999997402
26	38	-1.0123897499979648
26	38	-0.9807335000004969
26	38	-0.8957960000007006
26	38	-0.8768584999997984
26	38	-0.7757959999980812
26	38	-0.6395772500000021
26	38	0.30223525000110385
26	38	0.7393914999993285
26	38	1.5332029999990482
26	39	-4.647262750000664
26	39	-4.0362637500038545
26	39	-3.5129200000010314
26	39	-3.3470137500044075
26	39	-2.8905762500035053
26	39	-2.506420000001526
26	39	-2.474138750003476
26	39	-2.1651700000038545
26	39	-2.109201250001206
26	39	-1.7711710000003222
26	39	-1.5773585000024468
26	39	-1.347421000002214
26	39	-1.225921000001108
26	39	-0.9431084999996528
26	39	-0.6969522500003222
26	39	-0.44023350000134087
26	39	-0.3467960000016319
26	39	-0.29704599999968195
26	39	0.9544842499999504
26	39	1.056203000000096
26	39	1.0785467499990773
26	39	1.092390500001784
26	39	1.107921750000969
26	39	1.1388905000021623
26	39	1.211328000001231
26	39	1.9317030000020168
26	39	1.9916405000003579
26	40	-5.925638249998883
26	40	-4.939325750001444
26	40	-4.4915142499994545
26	40	-4.119420499999251
26	40	-3.938295499996457
26	40	-3.7469829999972717
26	40	-2.915701749996515
26	40	-2.5313892499980284
26	40	-2.243077750001248
26	40	-2.1518277499999385
26	40	-2.0463589999999385
26	40	-1.9390152500018303
26	40	-1.647671499998978
26	40	-1.4224527500009572
26	40	-1.178608999998687
26	40	-0.9452652500003751
26	40	-0.7602652499990654
26	40	-0.5678589999988617
26	40	-0.29567150000002584
26	40	0.3323900000032154
26	40	0.634671250001702
26	40	0.8085150000006252
26	40	0.9295775000027788
26	40	1.021077500001411
26	40	1.096639999999752
26	41	-5.701199750001251
26	41	-5.460762250000698
26	41	-5.456668500002706
26	41	-5.3607622500021535
26	41	-4.821263249999902
26	41	-3.837950749999436
26	41	-3.8159820000000764
26	41	-3.5383569999976316
26	41	-3.4649194999983592
26	41	-3.122575749999669
26	41	-3.07045074999769
26	41	-2.501857999999629
26	41	-2.0200142499998037
26	41	-0.8861080000024231
26	41	-0.448701750003238
26	41	-0.4151080000010552
26	41	-0.17782675000125892
26	41	0.7988909999985481
26	41	1.1555159999988973
26	41	1.229797250001866
26	41	1.602953500001604
26	41	1.9019222499991884
26	42	-5.711669000003894
26	42	-5.577762750006514
26	42	-5.307920000002923
26	42	-4.931638750003913
26	42	-4.639388750001672
26	42	-4.593170000003738
26	42	-4.085763750004844
26	42	-3.577013750003971
26	42	-3.3177012500018463
26	42	-3.3114200000018172
26	42	-3.2962325000044075
26	42	-3.217951250004262
26	42	-2.955513750002865
26	42	-2.873952250000002
26	42	-2.7307022500026505
26	42	-2.717608500002825
26	42	-2.7069522500023595
26	42	-2.5402960000028543
26	42	-2.405171000002156
26	42	-2.273702250000497
26	42	-1.5462647500025923
26	42	-1.4706397500012827
26	42	-0.9258272500010207
26	42	-0.5736085000025923
26	42	-0.5472960000006424
26	42	-0.12085950000255252
26	42	-0.034890750004706206
26	42	0.7370154999953229
26	42	0.8613904999947408
26	42	0.8716092499962542
26	42	1.3924842499945953
26	42	1.712140499996167
26	42	1.8879842499954975
26	43	-5.6991062499982945
26	43	-5.344949999998789
26	43	-5.33207499999844
26	43	-5.252824999999575
26	43	-5.212137499998789
26	43	-5.186043749999953
26	43	-4.673513500001718
26	43	-4.655294750002213
26	43	-4.124919750000117
26	43	-3.3997010000020964
26	43	-3.2102635000010196
26	43	-3.1637947500021255
26	43	-3.115232250002009
26	43	-2.9021697500029404
26	43	-2.6192010000013397
26	43	-2.1380145000002813
26	43	-1.6101082499990298
26	43	-1.1660769999980403
26	43	-0.17257700000118348
26	43	0.3025157499978377
26	43	0.5157657499985362
26	43	0.6347657499973138
26	43	1.2673282499999914
26	43	1.94235949999711
26	43	1.9938282499970228
26	44	-5.731981500000984
26	44	-5.177795000003243
26	44	-4.98026375000336
26	44	-4.9656387500035635
26	44	-4.774638750001031
26	44	-4.486170000003767
26	44	-4.326795000000857
26	44	-3.8745450000023993
26	44	-3.415326250004
26	44	-3.1444522500023595
26	44	-3.019796000000497
26	44	-1.1916397499990126
26	44	-1.1665460000003804
26	44	-1.163421000001108
26	44	-0.8928897500009043
26	44	-0.7967647500008752
26	44	-0.08332825000252342
26	44	0.06317174999639974
26	44	0.3334217499977967
26	44	0.35076549999575946
26	44	0.7237029999960214
26	44	1.0324217499983206
26	45	-5.965700000000652
26	45	-4.5008572500009905
26	45	-4.2572322500018345
26	45	-3.8914822500009905
26	45	-3.6884510000018054
26	45	-2.8944510000001173
26	45	-1.441639500000747
26	45	-1.4324520000009215
26	45	-1.2595770000007178
26	45	1.6561094999997295
26	46	-5.6215125000017
26	46	-5.574012500001118
26	46	-5.117669750001369
26	46	-5.065576000000874
26	46	-3.548201000001427
26	46	-3.265294750002795
26	46	-3.2581385000012233
26	46	-2.8761082500022894
26	46	-2.8651082500000484
26	46	-2.694952000001649
26	46	-1.518233250000776
26	46	-1.0111707500000193
26	46	-0.943389500000194
26	46	-0.8130144999995537
26	46	-0.588233250000485
26	46	0.07789074999891454
26	46	1.2827657499983616
26	46	1.6857344999989436
26	46	1.8168594999988272
26	46	1.8980782499966153
26	47	-5.398107249999157
26	47	-3.425014500000543
26	47	-3.2543270000023767
26	47	-2.8500144999998156
26	47	-2.7864832500017656
26	47	-1.9612957499994081
26	47	-1.5337332500021148
26	47	-1.460045750001882
26	47	-1.3864207500009798
26	47	-0.48432799999864073
26	47	-0.46020299999872805
26	47	0.11285950000092271
26	47	1.0178594999997586
26	47	1.26164074999906
26	47	1.5891085000002931
26	47	1.6120459999983723
26	48	-5.35463824999897
26	48	-5.158356999996613
26	48	-4.884513249999145
26	48	-4.7201694999967
26	48	-4.163106999996671
26	48	-4.121794499998941
26	48	-3.750295499998174
26	48	-3.56998300000123
26	48	-3.4701079999977082
26	48	-2.8799829999989015
26	48	-2.5810454999991634
26	48	-2.564264249998814
26	48	-2.3230455000011716
26	48	-2.2393579999989015
26	48	-2.1067642499983776
26	48	-1.7170767499992508
26	48	-1.209546499998396
26	48	-0.43092149999938556
26	48	-0.09154649999618414
26	48	0.1577972500017495
26	48	0.22948475000157487
26	48	0.24860975000046892
26	48	1.282390000000305
26	48	1.3476087499984715
26	48	1.4612962499995774
26	48	1.6385462500002177
26	48	1.8455775000002177
26	49	-5.477137750000111
26	49	-5.1248252499972295
26	49	-5.089856499998859
26	49	-4.055013749999489
26	49	-3.662232499998936
26	49	-3.5618575000007695
26	49	-3.1775137500007986
26	49	-2.8170762500012643
26	49	-1.1910147499984305
26	49	-0.23463975000049686
26	49	0.33120400000188965
26	49	1.065984250002657
26	49	1.5905155000036757
26	50	-5.813887749998685
26	50	-5.0483564999995
26	50	-4.057263749997219
26	50	-3.2059512499981793
26	50	-2.886232499997277
26	50	-1.3591085000007297
26	50	-1.3562022499972954
26	50	-1.1062334999987797
26	50	-0.9148272499987797
26	50	-0.9112647500005551
26	50	-0.8913897499987797
26	50	-0.5557960000005551
26	50	0.21054775000084192
26	50	0.23273524999967776
26	50	0.8853280000039376
26	50	0.9285467500012601
26	50	1.4437342500023078
26	50	1.637734250001813
27	1	-5.942638499996974
27	1	-5.418450999997731
27	1	-5.3045134999956645
27	1	-5.1208259999948496
27	1	-4.6734509999951115
27	1	-4.66257599999517
27	1	-4.601607249995141
27	1	-4.586325999996916
27	1	-4.349575999996887
27	1	-4.340263499994762
27	1	-4.211700999996538
27	1	-4.205294749997847
27	1	-4.143169749997469
27	1	-4.115107249996072
27	1	-3.9953259999965667
27	1	-3.311420750000252
27	1	-3.2950144999995246
27	1	-3.1905769999975746
27	1	-3.172233249999408
27	1	-3.1616707499997574
27	1	-3.1585144999990007
27	1	-3.0492332499998156
27	1	-3.027264499996818
27	1	-2.906295749999117
27	1	-2.6589207500001066
27	1	-2.551014499997109
27	1	-2.323951999998826
27	1	-2.138201999998273
27	1	-2.132826999997633
27	1	-1.9732645000003686
27	1	-1.9132019999997283
27	1	-1.8630457500003104
27	1	-1.7669519999981276
27	1	-1.486609249997855
27	1	-1.4617029999972146
27	1	-1.377765499997622
27	1	-1.3572342499974184
27	1	-1.3403904999977385
27	1	-1.3077029999985825
27	1	-1.1710779999957595
27	1	-0.7963592499982042
27	1	-0.7392654999966908
27	1	-0.7163279999986116
27	1	-0.7098279999954684
27	1	-0.6853592499974184
27	1	-0.5913279999986116
27	1	-0.11085924999861163
27	1	-0.09407799999826238
27	1	-0.039390499998262385
27	1	0.026547000001301058
27	1	0.032640750003338326
27	1	0.10232825000275625
27	1	0.23492200000328012
27	1	0.3802032500025234
27	1	0.43835950000357116
27	1	0.7059845000039786
27	1	0.7722345000038331
27	1	0.8562345000027562
27	1	1.0842022500000894
27	1	1.1594210000002931
27	1	1.1621709999999439
27	1	1.1775772500004678
27	1	1.189108500002476
27	1	1.3095772500018938
27	1	1.7715459999999439
27	1	1.8753272499998275
27	1	1.9739522500021849
27	2	-5.924763499999244
27	2	-5.853201000001718
27	2	-5.700200999999652
27	2	-5.557888499999535
27	2	-5.449482249998255
27	2	-5.293232249998255
27	2	-5.209263500000816
27	2	-5.167919750001602
27	2	-5.097232249998342
27	2	-4.90313850000166
27	2	-4.823857250001311
27	2	-4.7702947500001756
27	2	-4.30529475000003
27	2	-4.177107250001427
27	2	-4.132575999999972
27	2	-4.112732249999681
27	2	-4.043889499997022
27	2	-4.035826999999699
27	2	-3.5986707499978365
27	2	-3.5279207499988843
27	2	-3.281576999997924
27	2	-3.253826999996818
27	2	-3.236889499999961
27	2	-3.1987019999978656
27	2	-3.106639499997982
27	2	-2.9868269999969925
27	2	-2.835983249999117
27	2	-2.6112020000000484
27	2	-2.452951999999641
27	2	-2.4259519999977783
27	2	-2.1750457499983895
27	2	-2.1073269999978947
27	2	-2.0030457499997283
27	2	-1.9456394999979238
27	2	-1.826608249997662
27	2	-1.3720155000009981
27	2	-0.9289842500002123
27	2	-0.5221717499989609
27	2	-0.38054674999875715
27	2	-0.3713592499989318
27	2	-0.3405155000000377
27	2	-0.147390500002075
27	2	-0.057484249999106396
27	2	0.05229699999836157
27	2	0.068171999999322
27	2	0.12076574999809964
27	2	0.134578249999322
27	2	0.16839075000098092
27	2	0.23760949999996228
27	2	0.25545324999984587
27	2	0.280546999998478
27	2	0.31239075000121375
27	2	0.33273449999978766
27	2	0.4028282500003115
27	2	0.45529700000042794
27	2	0.6266094999991765
27	2	0.6925782500002242
27	2	0.8402969999988272
27	2	0.848390750001272
27	2	0.8549844999979541
27	2	1.2893585000019812
27	2	1.313389750001079
27	2	1.3232022500014864
27	2	1.5287335000029998
27	3	-5.707606500000111
27	3	-5.0511699999988195
27	3	-4.861701249999896
27	3	-4.841482499999984
27	3	-4.695826249997481
27	3	-4.628357499997946
27	3	-4.545169999997597
27	3	-4.200201249997917
27	3	-4.0391387499985285
27	3	-4.034544999998616
27	3	-3.876763749998645
27	3	-3.8297637499999837
27	3	-3.5723262499996054
27	3	-3.487576249997801
27	3	-3.2493575000007695
27	3	-3.2233574999991106
27	3	-3.186888749998616
27	3	-3.179732500000682
27	3	-3.1444824999998673
27	3	-3.1419199999982084
27	3	-2.7286074999974517
27	3	-2.5361085000004095
27	3	-2.4333272500007297
27	3	-2.3939522500004387
27	3	-2.391014750002796
27	3	-2.346796000001632
27	3	-2.3409835000020394
27	3	-2.3296085000001767
27	3	-2.30320225000105
27	3	-1.0099210000007588
27	3	-0.5047335000017483
27	3	-0.4226397500024177
27	3	-0.3864210000028834
27	3	-0.03623449999940931
27	3	0.07523425000181305
27	3	0.33064050000029965
27	3	0.9750155000001541
27	3	1.1521717499999795
27	3	1.2710780000015802
27	3	1.4317655000013474
27	3	1.5197655000010855
27	3	1.5225780000000668
27	3	1.5492967499994847
27	3	1.7516092500009108
27	3	1.76839050000126
27	3	1.7898280000008526
27	3	1.8067655000013474
27	3	1.832421750001231
27	3	1.849702999999863
27	3	1.8597030000019004
27	3	1.8807029999989027
27	3	1.8868592500002705
27	3	1.8963905000018713
27	3	1.9945467500001541
27	4	-5.871419000002788
27	4	-5.718638750000537
27	4	-5.394326249999722
27	4	-5.376420000000508
27	4	-5.366669999999431
27	4	-5.311951249997946
27	4	-5.229419999999664
27	4	-4.806669999998121
27	4	-4.588232499998412
27	4	-4.044294999999693
27	4	-3.7697325000008277
27	4	-3.592107500000566
27	4	-3.581638749998092
27	4	-3.461982500000886
27	4	-3.393201250000857
27	4	-3.2431074999985867
27	4	-3.2022022500023013
27	4	-3.0487334999997984
27	4	-3.016733500000555
27	4	-2.961546000002272
27	4	-2.683139750002738
27	4	-2.6674522499997693
27	4	-2.4837022499996237
27	4	-2.2681397500018647
27	4	-2.233108500000526
27	4	-2.1147647500001767
27	4	-2.0894522500020685
27	4	-1.9493585000018356
27	4	-1.9076085000015155
27	4	-1.875889750001079
27	4	-1.8363897500021267
27	4	-1.5928585000001476
27	4	-1.4310460000015155
27	4	-1.4068897500001185
27	4	-1.3694835000023886
27	4	-1.292421000001923
27	4	-1.1657960000011371
27	4	-1.1015460000016901
27	4	-0.9245460000020103
27	4	-0.7074844999988272
27	4	-0.24692199999844888
27	4	-0.14529699999911827
27	4	-0.11801574999844888
27	4	-0.09367199999906006
27	4	-0.06729700000141747
27	4	0.051328000001376495
27	4	0.16510924999965937
27	4	0.2146717499999795
27	4	0.24648425000123098
27	4	0.33445299999948475
27	4	0.44323425000038696
27	4	0.5740154999984952
27	4	0.6321405000016966
27	4	0.6556405000010272
27	4	0.8219217500009108
27	4	1.0723905000013474
27	4	1.1216405000013765
27	4	1.2845467500010272
27	4	1.2941717499998049
27	4	1.3347654999997758
27	4	1.4508280000009108
27	4	1.5401092499996594
27	4	1.5658279999988736
27	4	1.5768280000011146
27	4	1.7232342499992228
27	4	1.7853270000014163
27	4	1.860139500000514
27	4	1.9253582500023185
27	5	-5.969857250001951
27	5	-5.9205760000040755
27	5	-5.918482250002853
27	5	-5.901076000001922
27	5	-5.896201000003202
27	5	-5.590451000003668
27	5	-5.5750760000009905
27	5	-5.564669750001485
27	5	-5.559294750000845
27	5	-5.54766975000166
27	5	-5.272482250002213
27	5	-5.203419750003377
27	5	-5.196638500001427
27	5	-5.1688260000009905
27	5	-5.158826000002591
27	5	-5.131982250000874
27	5	-5.085888500001602
27	5	-5.0803260000029695
27	5	-5.060888500003784
27	5	-4.588888500002213
27	5	-4.387388500002999
27	5	-4.267419750001864
27	5	-3.85626350000166
27	5	-3.8517322500010778
27	5	-3.0979520000000775
27	5	-3.0118270000020857
27	5	-2.766389500000514
27	5	-2.6139832500011835
27	5	-2.586264500001562
27	5	-2.273358250000456
27	5	-2.177358249999088
27	5	-2.1197332500014454
27	5	-1.8405457500011835
27	5	-1.68310824999935
27	5	-1.6348895000010089
27	5	-0.9075467500042578
27	5	-0.5493592500024533
27	5	-0.5268905000011728
27	5	-0.4217342500014638
27	5	-0.38910925000163843
27	5	-0.23220300000321004
27	5	0.04892199999812874
27	5	0.07392199999594595
27	5	0.08017199999812874
27	5	0.10057824999603326
27	5	0.426828249997925
27	5	0.5389219999960915
27	5	0.8147657499976049
27	5	0.8268907499987108
27	5	0.8971094999978959
27	5	0.9329844999956549
27	5	1.1474844999975176
27	5	1.219484499997634
27	5	1.2435157499967318
27	5	1.3146094999974594
27	5	1.5227334999981395
27	5	1.5318897500001185
27	5	1.6354834999983723
27	5	1.6675147499990999
27	5	1.6820459999980812
27	5	1.7042647499984014
27	5	1.7374522499994782
27	5	1.7517022499996528
27	5	1.7703897499995946
27	5	1.7975459999979648
27	5	1.8125459999973828
27	6	-5.994950750002317
27	6	-5.979169500002172
27	6	-5.7152632500037726
27	6	-5.665263250000862
27	6	-5.659638250002899
27	6	-5.642513250000775
27	6	-5.60745075000159
27	6	-5.56223200000386
27	6	-5.226075750000746
27	6	-5.217888250001124
27	6	-5.2000445000012405
27	6	-5.052919500001735
27	6	-4.727795499999047
27	6	-4.661795500000153
27	6	-4.600951749998785
27	6	-4.082108000002336
27	6	-3.704045500002394
27	6	-3.43326425000123
27	6	-3.1517017500009388
27	6	-3.146670500002074
27	6	-2.531545500001812
27	6	-2.145609000002878
27	6	-2.0728590000035183
27	6	-2.0585777500018594
27	6	-2.0514215000039258
27	6	-1.995827750000899
27	6	-1.794859000001452
27	6	-1.5974215000023833
27	6	-1.5841715000024124
27	6	-1.5792340000043623
27	6	-1.5618590000012773
27	6	-1.4284215000043332
27	6	-1.187859000001481
27	6	-1.1862965000036638
27	6	-1.1771090000038384
27	6	-0.9419215000016266
27	6	-0.8403590000016266
27	6	-0.8323590000036347
27	6	-0.8290465000027325
27	6	-0.6886090000043623
27	6	-0.46779650000098627
27	6	-0.46310900000389665
27	6	-0.453890250002587
27	6	-0.2916715000028489
27	6	-0.27939025000159745
27	6	-0.19032775000232505
27	6	-0.18242150000151014
27	6	-0.1586715000012191
27	6	0.06760974999633618
27	6	0.494046249998064
27	6	1.0399212499978603
27	6	1.5895149999996647
27	6	1.9316712500003632
27	6	1.941921249999723
27	7	-5.818450500002655
27	7	-5.684544250001636
27	7	-5.498575500001607
27	7	-5.397075500000938
27	7	-4.990263000003324
27	7	-4.933294250000472
27	7	-4.916450500000792
27	7	-4.835795250000956
27	7	-4.39770149999822
27	7	-3.7861702500013052
27	7	-3.617576500000723
27	7	-3.2591702499994426
27	7	-3.0897327499988023
27	7	-2.6810452499994426
27	7	-2.6317014999985986
27	7	-2.5507952500011015
27	7	-2.513826499998686
27	7	-2.50848274999953
27	7	-2.2425774999974237
27	7	-2.231608749996667
27	7	-2.216296249996958
27	7	-2.206233749999228
27	7	-2.1842649999998685
27	7	-1.7619524999972782
27	7	-1.7476087499999267
27	7	-1.7301087499981804
27	7	-1.7250149999999849
27	7	-1.645452499997191
27	7	-1.304796249998617
27	7	-1.2167649999973946
27	7	-1.0971087499965506
27	7	-0.9479524999987916
27	7	-0.646077499997773
27	7	-0.26501499999722
27	7	-0.21073374999832595
27	7	-0.18407749999823864
27	7	-0.13885874999687076
27	7	0.018516250001994194
27	7	0.020985000002838206
27	7	0.23695275000136462
27	7	0.24173399999926914
27	7	0.2834839999995893
27	7	0.6912027500002296
27	7	0.707483999998658
27	7	0.7300152499992691
27	7	0.9898902499990072
27	7	1.0582652499979304
27	7	1.128859000000375
27	7	1.1807027499999094
27	7	1.2338277499984542
27	7	1.2921402499996475
27	7	1.302983999998105
27	8	-5.767982000001211
27	8	-5.612231999999494
27	8	-5.410013250002521
27	8	-5.280982000000222
27	8	-5.235669500001677
27	8	-4.881700750000164
27	8	-4.877138250001735
27	8	-4.866419500001939
27	8	-4.735263250000571
27	8	-4.526669499999116
27	8	-4.437950750001619
27	8	-4.297044499999174
27	8	-4.22713825000028
27	8	-4.136857000001328
27	8	-4.012763250000717
27	8	-4.010450750000018
27	8	-3.9794194999994943
27	8	-3.96707575000255
27	8	-3.793419500001619
27	8	-3.7430132500012405
27	8	-3.6970445000006293
27	8	-3.6938882499998726
27	8	-2.984045499997592
27	8	-2.9284829999996873
27	8	-2.74270174999765
27	8	-2.669920500000444
27	8	-2.391857999999047
27	8	-1.9774204999994254
27	8	-1.9545767499985232
27	8	-1.9352954999994836
27	8	-1.8942017499975918
27	8	-1.877576749997388
27	8	-1.5516704999972717
27	8	-1.5120767499975045
27	8	-1.4694204999977956
27	8	-1.4591704999984358
27	8	-1.405107999999018
27	8	-1.3916079999980866
27	8	-1.1355454999975336
27	8	-0.8632017499985523
27	8	-0.7898590000004333
27	8	-0.7607652500009863
27	8	-0.05501524999999674
27	8	0.2547972499996831
27	8	0.346172249999654
27	8	0.8542659999984608
27	8	1.0337034999975003
27	8	1.2572347499990428
27	8	1.4295784999994794
27	8	1.4817347499993048
27	8	1.4901409999984025
27	8	1.5959847499980242
27	9	-5.237637750000431
27	9	-4.774981500002468
27	9	-4.735481499999878
27	9	-4.537106499999936
27	9	-4.103732499999751
27	9	-4.079857500000799
27	9	-3.856607499998063
27	9	-3.835638749998907
27	9	-3.8127012500008277
27	9	-3.791545000000042
27	9	-3.7688887500007695
27	9	-3.7668574999988778
27	9	-3.605294999997568
27	9	-3.5315137500001583
27	9	-3.2827637499976845
27	9	-3.2346699999980046
27	9	-3.0536074999981793
27	9	-2.8805137499984994
27	9	-2.746826250000595
27	9	-2.1870762500002456
27	9	-1.9868887499978882
27	9	-1.661264750000555
27	9	-1.6336709999995946
27	9	-1.6237647500020103
27	9	-1.5834210000029998
27	9	-1.5064835000011954
27	9	-1.4977335000003222
27	9	-1.4857647500029998
27	9	-1.4797022500024468
27	9	-1.2773584999995364
27	9	-1.1433272499998566
27	9	-1.110483500000555
27	9	-1.1073272499997984
27	9	-1.0917960000006133
27	9	-1.086827250001079
27	9	-1.064827250000235
27	9	-1.0392647500011662
27	9	-1.021139750002476
27	9	-1.0119522500026505
27	9	-0.9946397500025341
27	9	-0.6098272500021267
27	9	-0.38617100000192295
27	9	-0.30245225000180653
27	9	-0.29926474999956554
27	9	-0.2731085000013991
27	9	-0.16104600000107894
27	9	-0.14385849999962375
27	9	-0.09457725000174833
27	9	0.12820400000055088
27	9	0.1822039999970002
27	9	0.21004774999892106
27	9	0.21536025000023074
27	9	0.2609852499990666
27	9	0.2679227499975241
27	9	0.4016727499983972
27	9	0.6634842499988736
27	9	1.3289530000001832
27	9	1.3924842500018713
27	9	1.4566717500019877
27	9	1.4607654999999795
27	9	1.4852967500009981
27	9	1.5357342499992228
27	9	1.5541717500018422
27	9	1.657578000002104
27	9	1.748328000001493
27	9	1.760984249998728
27	9	1.9470780000010564
27	10	-5.967137999999977
27	10	-5.899387999997998
27	10	-5.870794250000472
27	10	-5.8226379999978235
27	10	-5.801825499998813
27	10	-5.6995754999989
27	10	-5.567075499999191
27	10	-5.430075500000385
27	10	-5.391638000000967
27	10	-5.132950499999424
27	10	-5.037981749999744
27	10	-4.986576499999501
27	10	-4.777701499999239
27	10	-4.745857749996503
27	10	-4.716763999997056
27	10	-4.533045249998395
27	10	-4.344732749996183
27	10	-3.9197327499969106
27	10	-3.87792024999726
27	10	-3.478357749998395
27	10	-3.4696702499968524
27	10	-3.39745149999726
27	10	-3.1556389999968815
27	10	-3.150045249996765
27	10	-3.1087639999968815
27	10	-2.7862014999991516
27	10	-2.7005452499979583
27	10	-2.642545249997056
27	10	-2.6002639999969688
27	10	-2.4722962499945424
27	10	-2.3752649999951245
27	10	-2.3576712499962014
27	10	-2.3124524999948335
27	10	-2.173827499995241
27	10	-2.096827499997744
27	10	-2.064671249994717
27	10	-2.057264999995823
27	10	-2.0274837499964633
27	10	-1.834702499996638
27	10	-1.751139999996667
27	10	-1.6781712499941932
27	10	-1.5621087499966961
27	10	-1.4372337499953574
27	10	-1.3834212499968999
27	10	-1.3584837499947753
27	10	-1.34807749999527
27	10	-0.8949212499974237
27	10	-0.7372024999967834
27	10	-0.5376399999950081
27	10	-0.5257962499963469
27	10	-0.46688999999605585
27	10	-0.45035874999666703
27	10	-0.43176499999754014
27	10	-0.41745249999439693
27	10	-0.25329624999722
27	10	-0.24045249999471707
27	10	-0.22285874999579391
27	10	-0.2016712499971618
27	10	0.0015777500011608936
27	10	0.04095275000145193
27	10	0.0875152500011609
27	10	0.1391715000027034
27	10	0.29660900000089896
27	10	0.3979215000035765
27	10	0.6795152500017139
27	10	0.725484000002325
27	10	0.7832340000022668
27	10	0.9622965000016848
27	10	1.0618902500027616
27	10	1.108702750003431
27	10	1.3358590000025288
27	10	1.5172652500004915
27	10	1.5328590000026452
27	10	1.6391715000027034
27	10	1.9458590000031109
27	10	1.9960152500025288
27	11	-5.981919000001653
27	11	-5.963762750001479
27	11	-5.945012750002206
27	11	-5.94088775000273
27	11	-5.9150127499997325
27	11	-5.9128565000028175
27	11	-5.8936377500031085
27	11	-5.861919000002672
27	11	-5.856294000001071
27	11	-5.835731500003021
27	11	-5.635169000001042
27	11	-5.382107500005077
27	11	-5.332888750002894
27	11	-5.258795000001555
27	11	-5.064138750003622
27	11	-4.730607500005135
27	11	-4.274732500001846
27	11	-4.241326250004931
27	11	-4.130826250002428
27	11	-3.7863575000046694
27	11	-3.5344200000035926
27	11	-3.2750762500036217
27	11	-3.25248250000368
27	11	-2.634108500002185
27	11	-2.5828585000017483
27	11	-2.514671000000817
27	11	-2.4947647500011954
27	11	-2.4689522500011662
27	11	-2.426077250001981
27	11	-2.355358500000875
27	11	-2.1477647500032617
27	11	-2.002108500000759
27	11	-1.8929210000023886
27	11	-1.8830460000026505
27	11	-1.7862022500012245
27	11	-1.6925772499998857
27	11	-1.6830147500004387
27	11	-1.6188585000018065
27	11	-1.6002335000011954
27	11	-1.3666710000034072
27	11	-1.3490460000029998
27	11	-1.2837647500018647
27	11	-1.2657647500018356
27	11	-1.196202250001079
27	11	-1.0584835000008752
27	11	-1.004608500003087
27	11	-0.9395772500029125
27	11	-0.5867960000032326
27	11	-0.5397335000016028
27	11	-0.4886407500052883
27	11	-0.32032825000351295
27	11	-0.21473450000485172
27	11	-0.18914075000429875
27	11	-0.10554700000284356
27	11	-0.07810950000202865
27	11	0.029859249996661674
27	11	0.04464049999660347
27	11	0.0667654999961087
27	11	0.17104674999791314
27	11	0.29210924999642884
27	11	0.400265499996749
27	11	0.45373424999706913
27	11	0.5083904999955848
27	11	0.5301404999954684
27	11	0.8825467499955266
27	11	0.9782654999980878
27	11	1.0700467499955266
27	11	1.1017654999959632
27	11	1.1198904999946535
27	11	1.1745779999946535
27	11	1.6817654999977094
27	11	1.7413279999964288
27	12	-5.962981499997113
27	12	-5.952575249997608
27	12	-5.705857500001002
27	12	-5.580732499998703
27	12	-5.519826250001643
27	12	-5.513482499998645
27	12	-5.475044999999227
27	12	-5.473201249998965
27	12	-5.435888749998412
27	12	-4.864357499998732
27	12	-4.794982499999605
27	12	-4.564794999998412
27	12	-4.392013749999023
27	12	-4.143295000001672
27	12	-4.084794999998849
27	12	-4.000670000001264
27	12	-3.6644512499988195
27	12	-3.6405137500005367
27	12	-3.037983499998518
27	12	-3.0189522499968007
27	12	-3.004514749998634
27	12	-2.9702022499986924
27	12	-2.9437647499980812
27	12	-2.8612334999997984
27	12	-2.7326397500000894
27	12	-2.647702249996655
27	12	-2.5930772499996237
27	12	-2.454233499996917
27	12	-2.3909522499998275
27	12	-2.3397334999972372
27	12	-2.233108499996888
27	12	-2.114608500000031
27	12	-2.0971397499997693
27	12	-2.075827249998838
27	12	-1.8509834999968007
27	12	-1.8081084999976156
27	12	-1.788920999999391
27	12	-1.782858499998838
27	12	-1.7405772499987506
27	12	-1.7342022499979066
27	12	-1.6745772499998566
27	12	-1.3591084999970917
27	12	-1.3139522499986924
27	12	-1.3029522500000894
27	12	-1.1263897499993618
27	12	-1.031108499999391
27	12	-0.8887032499987981
27	12	-0.8751407500021742
27	12	-0.5334532500019122
27	12	-0.4223907500017958
27	12	-0.32342200000130106
27	12	-0.16948450000199955
27	12	-0.08585949999906006
27	12	0.24360924999928102
27	12	0.28601549999802955
27	12	0.42189049999797135
27	12	0.42751549999957206
27	12	0.43620300000111456
27	12	0.5631092500007071
27	12	0.8041405000003579
27	12	0.8274529999980587
27	12	0.9434842499977094
27	12	1.3184217499983788
27	12	1.325734250000096
27	12	1.3936092500007362
27	12	1.5552029999998922
27	12	1.7812645000012708
27	13	-5.999200749996817
27	13	-5.965794499996264
27	13	-5.870981999996729
27	13	-5.835919499997544
27	13	-5.82704449999801
27	13	-5.794044499998563
27	13	-5.5896382499995525
27	13	-5.477138249996642
27	13	-5.455825749999349
27	13	-5.448763249998592
27	13	-5.176731999996264
27	13	-4.907950749999145
27	13	-4.678481999999349
27	13	-4.460233000001608
27	13	-4.202545500000269
27	13	-4.078201749998698
27	13	-3.7770767500005604
27	13	-3.7687330000007933
27	13	-3.721826749999309
27	13	-3.6454830000002403
27	13	-3.6397329999999783
27	13	-3.6093267500000366
27	13	-3.366170500001317
27	13	-3.3547954999994545
27	13	-2.6673267500009388
27	13	-2.418982999999571
27	13	-2.342733000001317
27	13	-2.3332955000005313
27	13	-2.0882964999982505
27	13	-2.0284839999985707
27	13	-2.00107774999924
27	13	-1.962733999996999
27	13	-1.8786089999994147
27	13	-1.8692339999979595
27	13	-1.8045777499974065
27	13	-1.678608999998687
27	13	-1.5123277499988035
27	13	-1.4427652499980468
27	13	-1.3816089999963879
27	13	-1.3542339999985415
27	13	-1.3404839999966498
27	13	-1.3291089999984251
27	13	-0.7151714999963588
27	13	-0.5486089999976684
27	13	-0.22542149999935646
27	13	-0.19707774999915273
27	13	0.031703500000730855
27	13	0.12026600000172039
27	13	0.2600785000031465
27	13	0.3135472500034666
27	13	0.5492650000014692
27	13	0.6954837500015856
27	13	0.7138899999990826
27	13	0.8047337499992864
27	13	0.9256087499998102
27	13	1.0090149999996356
27	13	1.0657337500015274
27	13	1.3548899999987043
27	13	1.3677962500005378
27	13	1.3740462499990826
27	13	1.8105775000003632
27	13	1.885483750000276
27	13	1.9712025000007998
27	14	-5.324044749999302
27	14	-4.885169749999477
27	14	-4.868201000001136
27	14	-4.865201000000525
27	14	-4.850107250000292
27	14	-4.846107249999477
27	14	-4.824607250000554
27	14	-4.813482249999652
27	14	-4.799357250001776
27	14	-4.1897635000023
27	14	-4.031638500000554
27	14	-3.961763499999506
27	14	-3.8902322499998263
27	14	-3.6988572500013106
27	14	-3.4578885000009905
27	14	-3.405294750002213
27	14	-3.303077000000485
27	14	-2.9588582500000484
27	14	-2.9147644999975455
27	14	-2.7564519999978074
27	14	-2.2488582499972836
27	14	-2.2448582500001066
27	14	-2.23535824999999
27	14	-2.2249832499983313
27	14	-1.9346394999993208
27	14	-1.896920749997662
27	14	-1.6991707499983022
27	14	-1.677451999999903
27	14	-1.457170749999932
27	14	-1.427764500000194
27	14	-1.177358249999088
27	14	-1.1573582499986514
27	14	-0.8102342500023951
27	14	-0.4920467500014638
27	14	-0.4341092499998922
27	14	-0.4045780000014929
27	14	-0.2927342500006489
27	14	-0.2825154999991355
27	14	-0.22923425000044517
27	14	-0.13692174999960116
27	14	-0.056828000000678
27	14	0.0006719999983033631
27	14	0.2918282499995257
27	14	0.37967199999911827
27	14	0.5556094999992638
27	14	0.5750469999984489
27	14	0.6915782500000205
27	14	1.7045147499993618
27	14	1.82542100000137
27	14	1.9085460000023886
27	15	-5.7160750000039116
27	15	-5.663637500005279
27	15	-5.656512500005192
27	15	-5.4583562500047265
27	15	-5.362732250003319
27	15	-5.334857250003552
27	15	-5.325326000001951
27	15	-5.3068885000029695
27	15	-5.217138500003784
27	15	-5.201951000002737
27	15	-5.1972010000026785
27	15	-4.8978572500018345
27	15	-4.8640447500038135
27	15	-4.858669750003173
27	15	-4.830919750002067
27	15	-4.7149822500032315
27	15	-4.71173225000166
27	15	-4.668794750003144
27	15	-4.44116975000361
27	15	-4.260763500002213
27	15	-4.1328572500024165
27	15	-3.712263500001427
27	15	-3.467732250002882
27	15	-3.438513500001136
27	15	-3.327919750001456
27	15	-3.2476697500023874
27	15	-3.0957635000013397
27	15	-2.846233250002115
27	15	-2.7649832500028424
27	15	-2.661858250001387
27	15	-2.621358250002231
27	15	-2.5941707500023767
27	15	-2.580233250002493
27	15	-2.5583582500003104
27	15	-2.528701999999612
27	15	-2.5062332500019693
27	15	-2.3457957499995246
27	15	-2.332983250002144
27	15	-2.3197020000006887
27	15	-2.1479832500008342
27	15	-1.8413582499997574
27	15	-1.6605144999994081
27	15	-1.5118895000014163
27	15	-1.5024520000006305
27	15	-1.4542645000001357
27	15	-1.3988270000008924
27	15	-1.3518582500000775
27	15	-1.2889832500004559
27	15	-1.2528894999995828
27	15	-1.0171394999997574
27	15	-0.7724207499995828
27	15	-0.5600457500004268
27	15	-0.5210145000019111
27	15	-0.471358250000776
27	15	-0.39639050000187126
27	15	-0.36435925000478164
27	15	0.03120324999690638
27	15	0.4164532499962661
27	15	0.4321407499955967
27	15	0.5643282499950146
27	15	0.5676719999974011
27	15	0.6937969999962661
27	15	0.7912032499953057
27	15	0.8918594999959168
27	15	0.905140749997372
27	15	0.9146719999953348
27	15	1.269234499995946
27	15	1.4817032499959168
27	15	1.5001407499985362
27	15	1.669015749997925
27	15	1.6971094999971683
27	15	1.7567344999952184
27	15	1.8154532499975176
27	15	1.9496094999958586
27	16	-5.550574749999214
27	16	-5.201732000001357
27	16	-5.1187320000026375
27	16	-5.112888250001561
27	16	-4.922013250001328
27	16	-4.2792007500029285
27	16	-4.209825750003802
27	16	-4.2000445000012405
27	16	-4.189513250003074
27	16	-4.183638250000513
27	16	-4.11935700000322
27	16	-3.909794500003045
27	16	-3.848200750002434
27	16	-3.7314195000035397
27	16	-3.7204195000012987
27	16	-3.698544500002754
27	16	-3.523513250001997
27	16	-3.3340757500009204
27	16	-3.295794500001648
27	16	-3.287982000001648
27	16	-3.170575750002172
27	16	-3.167107000001124
27	16	-2.9786070000009204
27	16	-2.928419500003656
27	16	-2.901357000002463
27	16	-2.8777945000038017
27	16	-2.8301070000015898
27	16	-2.7842320000017935
27	16	-2.712795499999629
27	16	-2.0061392499992508
27	16	-1.9729517500018119
27	16	-1.817014250002103
27	16	-1.810139249999338
27	16	-1.8052329999991343
27	16	-1.8031704999993963
27	16	-1.781358000000182
27	16	-1.598670499999571
27	16	-1.5729204999988724
27	16	-1.1919830000006186
27	16	-1.164983000002394
27	16	-0.8817330000019865
27	16	-0.8255454999998619
27	16	-0.5489830000005895
27	16	-0.5087955000017246
27	16	-0.45376424999994924
27	16	-0.4432642499996291
27	16	-0.4330455000017537
27	16	-0.26873300000079325
27	16	-0.24435900000389665
27	16	-0.19579650000378024
27	16	-0.1673277500012773
27	16	0.16557849999662722
27	16	0.19707849999758764
27	16	0.44879724999918835
27	16	0.4981722499978787
27	16	0.5762972499978787
27	16	0.7012034999970638
27	16	0.8528284999956668
27	16	0.9874534999980824
27	16	1.0087347499975294
27	16	1.0273597499981406
27	16	1.048172249997151
27	16	1.093297249997704
27	16	1.1132034999973257
27	16	1.1162972499987518
27	16	1.1993909999982861
27	16	1.7348597499985772
27	17	-5.6475755000028585
27	17	-5.124107750001713
27	17	-4.86457650000375
27	17	-4.819576500001858
27	17	-4.409389000004012
27	17	-4.048295250002411
27	17	-3.817889000001742
27	17	-3.791482750002615
27	17	-3.3321702500034007
27	17	-3.317201500001829
27	17	-3.182232750004914
27	17	-3.119014000003517
27	17	-2.9932015000049432
27	17	-2.811045250004099
27	17	-2.63673375000144
27	17	-2.5827962500006834
27	17	-2.525390000002517
27	17	-2.3577650000006543
27	17	-2.2160462500032736
27	17	-2.213515000003099
27	17	-2.1777962500018475
27	17	-2.1452962500006834
27	17	-1.96607750000112
27	17	-1.9538275000013527
27	17	-1.9330462500001886
27	17	-1.925577500001964
27	17	-1.9203587500014692
27	17	-1.883546250002837
27	17	-1.8609525000028952
27	17	-1.8492650000007416
27	17	-1.8449525000032736
27	17	-1.77345250000144
27	17	-1.77076500000112
27	17	-1.3046400000021094
27	17	-1.2982337500034191
27	17	-1.2942337500026042
27	17	-1.2828587500007416
27	17	-1.2622650000012072
27	17	-1.1721712500002468
27	17	-1.1477962500030117
27	17	-0.681858750001993
27	17	-0.6471712500024296
27	17	-0.6209212500034482
27	17	-0.6131712500027788
27	17	-0.60835875000339
27	17	-0.6028587500004505
27	17	-0.5879525000018475
27	17	0.41879649999464164
27	17	0.5889839999945252
27	17	0.6592964999945252
27	17	0.7602027499960968
27	17	0.7622027499965043
27	17	0.8308589999978722
27	17	1.227952749995893
27	17	1.3072652499977266
27	18	-5.88379425000312
27	18	-5.823388000000705
27	18	-5.728950500000792
27	18	-5.695731750001869
27	18	-5.510419250000268
27	18	-5.420325500002946
27	18	-4.891670249999152
27	18	-4.8782014999997045
27	18	-4.820076500000141
27	18	-4.536638999998104
27	18	-4.009045250000781
27	18	-3.899013999998715
27	18	-3.6913889999996172
27	18	-3.67645149999953
27	18	-3.637701499999821
27	18	-3.5604827499992098
27	18	-3.0564515000005485
27	18	-3.028232749999006
27	18	-2.9794514999994135
27	18	-2.944982749999326
27	18	-2.938982749998104
27	18	-2.5571400000007998
27	18	-2.5123900000035064
27	18	-1.5975150000012945
27	18	-1.4629212500003632
27	18	-1.301827500003128
27	18	-1.2316400000017893
27	18	-0.4314525000008871
27	18	-0.15904724999927566
27	18	-0.10667224999997416
27	18	0.06223400000089896
27	18	0.09517150000101537
27	18	0.1616089999988617
27	18	0.23095275000014226
27	18	0.3524839999990945
27	18	0.39273400000092806
27	18	0.49492150000151014
27	18	0.6512652499986871
27	18	0.7373277500009863
27	18	0.8600464999981341
27	18	1.0732652500009863
27	18	1.1587027499990654
27	18	1.8577340000010736
27	18	1.9223902499979886
27	18	1.9481715000001714
27	18	1.9784214999999676
27	18	1.9827965000004042
27	19	-5.793637749997288
27	19	-5.717043999997259
27	19	-5.704825249998976
27	19	-5.3773877499988885
27	19	-5.110481499999878
27	19	-4.387325249997957
27	19	-4.040107500000886
27	19	-3.9772637500027486
27	19	-3.619982500000333
27	19	-3.5628575000009732
27	19	-3.45107624999946
27	19	-3.1628887500010023
27	19	-3.0216387500004203
27	19	-2.9753887500010023
27	19	-2.5580450000015844
27	19	-2.47373250000237
27	19	-2.3614200000010896
27	19	-2.3569825000013225
27	19	-2.0528262500010896
27	19	-1.8030137500027195
27	19	-1.7898262500020792
27	19	-1.7422637500021665
27	19	-1.4721709999976156
27	19	-1.3062334999995073
27	19	-1.2847959999999148
27	19	-1.2779835000001185
27	19	-1.2380147500007297
27	19	-1.2141085000002931
27	19	-1.1690147499975865
27	19	-0.9005460000007588
27	19	-0.8780459999979939
27	19	-0.8549522499997693
27	19	-0.8218584999995073
27	19	-0.7752022499989835
27	19	-0.7457959999992454
27	19	-0.682639750000817
27	19	-0.6192647499992745
27	19	-0.4659209999990708
27	19	-0.3443272500007879
27	19	-0.18226474999755737
27	19	0.08076649999929941
27	19	0.15401650000057998
27	19	0.8005164999995031
27	19	0.9512654999998631
27	19	1.0072029999973893
27	19	1.0352029999994556
27	19	1.0555779999995138
27	19	1.0740467499999795
27	19	1.1271717499985243
27	19	1.1546092499993392
27	19	1.228796749997855
27	19	1.3491092499971273
27	19	1.3544529999999213
27	19	1.4856092499976512
27	19	1.7011092499997176
27	19	1.8152342499997758
27	20	-5.93635649999851
27	20	-5.731075249997957
27	20	-5.6514502499994705
27	20	-5.5641689999974915
27	20	-4.802451250001468
27	20	-4.487107500001002
27	20	-4.34970125000109
27	20	-4.155888749999576
27	20	-4.123076250001759
27	20	-4.00185749999946
27	20	-3.943076250001468
27	20	-3.883357499998965
27	20	-3.8414824999999837
27	20	-3.8183262499987904
27	20	-3.811388750000333
27	20	-3.698951250000391
27	20	-3.6739825000004203
27	20	-3.6560449999997218
27	20	-3.6386700000002747
27	20	-3.6231387500010896
27	20	-3.6093262499998673
27	20	-3.536420000000362
27	20	-3.5176387499996054
27	20	-3.408513750000566
27	20	-3.393201250000857
27	20	-3.36410750000141
27	20	-3.2639512499990815
27	20	-3.239326250000886
27	20	-3.2176700000018172
27	20	-3.1901387500001874
27	20	-3.121419999999489
27	20	-2.9550762500002747
27	20	-2.866294999999809
27	20	-2.739044999998441
27	20	-2.4867950000007113
27	20	-2.448951250000391
27	20	-2.085077249997994
27	20	-2.080233499997121
27	20	-1.7229834999998275
27	20	-1.6709522499986633
27	20	-1.4703897499966843
27	20	-1.2587959999982559
27	20	-1.2307647499983432
27	20	-0.828202249998867
27	20	-0.5080147499975283
27	20	-0.1644834999970044
27	20	-0.10570224999901257
27	20	0.07411025000328664
27	20	0.08489150000241352
27	20	0.09701649999988149
27	20	0.12851650000084192
27	20	0.24810925000201678
27	20	0.3389842500037048
27	20	0.43473425000411225
27	20	0.4547967500038794
27	20	0.4630467500028317
27	20	0.589515500003472
27	20	0.8306092500024533
27	20	0.8374842500015802
27	20	1.0323280000047816
27	20	1.0431092500039085
27	20	1.0922030000037921
27	20	1.142046750002919
27	20	1.4040467500017257
27	20	1.4178280000014638
27	20	1.4627030000046943
27	20	1.68532800000321
27	20	1.8483280000036757
27	20	1.995046750002075
27	21	-5.671856500001013
27	21	-5.565637749998132
27	21	-5.418544000000111
27	21	-5.366106499997841
27	21	-5.080231500000082
27	21	-4.994294000000082
27	21	-4.636701249997714
27	21	-4.571451249998063
27	21	-4.538888749997568
27	21	-4.495982499996899
27	21	-4.468701249996229
27	21	-4.444076249998034
27	21	-4.210576249999576
27	21	-4.028169999997772
27	21	-3.987076249999518
27	21	-3.9239199999974517
27	21	-3.76729499999783
27	21	-3.758669999999256
27	21	-3.7418262499995762
27	21	-3.7001387499985867
27	21	-3.4973262499988778
27	21	-3.4268574999987322
27	21	-3.4205137499993725
27	21	-3.0839824999966368
27	21	-2.674451249997219
27	21	-2.431576249997306
27	21	-2.0287959999986924
27	21	-1.8117959999981395
27	21	-1.6438272499981395
27	21	-1.626108500000555
27	21	-1.5788897499987797
27	21	-1.5151397500012536
27	21	-1.242577249999158
27	21	-1.1866709999994782
27	21	-1.1785459999991872
27	21	-1.1248272500015446
27	21	-1.0775460000004387
27	21	-0.6390460000002349
27	21	-0.5865459999986342
27	21	-0.3605459999998857
27	21	-0.14182725000136998
27	21	0.18235925000044517
27	21	0.20045300000128918
27	21	0.2911092500035011
27	21	0.3270467500005907
27	21	0.35973425000338466
27	21	0.4100467500029481
27	21	0.4187342500008526
27	21	0.6570780000001832
27	21	0.830578000000969
27	21	0.8873592500021914
27	21	0.8943592500036175
27	21	0.9086717500031227
27	21	0.9868905000002997
27	21	1.3357655000036175
27	21	1.356578000002628
27	21	1.520234250001522
27	21	1.552828000003501
27	21	1.5890155000015511
27	21	1.6243280000016966
27	21	1.8747342500028026
27	21	1.9550155000033556
27	22	-5.96376324999801
27	22	-5.947606999998243
27	22	-5.921794499998214
27	22	-5.35195074999865
27	22	-5.299794499998825
27	22	-5.25160699999833
27	22	-5.218200749997777
27	22	-4.831450749999931
27	22	-4.55526325000028
27	22	-4.486482000000251
27	22	-4.213044500000251
27	22	-4.204106999997748
27	22	-4.183231999999407
27	22	-4.108576750000793
27	22	-4.056889250001404
27	22	-3.9097954999997455
27	22	-3.6220767500017246
27	22	-3.29654550000123
27	22	-3.1076705000014044
27	22	-3.067639250002685
27	22	-3.0126705000002403
27	22	-2.984983000002103
27	22	-2.979733000000124
27	22	-2.7707330000012007
27	22	-2.7490455000006477
27	22	-2.703639250001288
27	22	-2.6540142500016373
27	22	-2.559920499999862
27	22	-2.547608000000764
27	22	-2.5442330000005313
27	22	-1.8532330000016373
27	22	-1.6559527499994147
27	22	-1.6091715000002296
27	22	-1.5469840000005206
27	22	-1.245108999999502
27	22	-1.0607652500002587
27	22	-1.0361090000005788
27	22	-0.8927027499994438
27	22	-0.7623902499981341
27	22	-0.7388277499994729
27	22	-0.6433902499993565
27	22	-0.6257965000004333
27	22	-0.5904215000009572
27	22	-0.5721402499984833
27	22	-0.5460464999996475
27	22	-0.4303277500002878
27	22	-0.011452750000898959
27	22	0.32785974999933387
27	22	0.440641000001051
27	22	0.7016722500011383
27	22	0.7398285000017495
27	22	0.7634847500012256
27	22	0.8300462499973946
27	22	1.0295462499998393
27	22	1.0695774999985588
27	22	1.1498587499991118
27	22	1.7061399999984133
27	22	1.76788999999917
27	22	1.8174837499973364
27	22	1.9114524999968125
27	23	-5.8704507500006
27	23	-5.751107000000047
27	23	-5.7273882500012405
27	23	-5.336075750001328
27	23	-4.874888250000367
27	23	-4.858888250000746
27	23	-4.625856999999087
27	23	-4.440294500000164
27	23	-4.361513250001735
27	23	-4.234825750001619
27	23	-4.176669500000571
27	23	-4.061639250001463
27	23	-3.8218892500044603
27	23	-3.7186080000028596
27	23	-3.6600142500028596
27	23	-3.470576750001783
27	23	-3.2384517500031507
27	23	-3.163014250003471
27	23	-3.118639250002161
27	23	-3.10167050000382
27	23	-3.0796080000036454
27	23	-3.065576750002947
27	23	-2.9643892500025686
27	23	-2.9469205000023067
27	23	-2.851358000003529
27	23	-2.723889250002685
27	23	-2.7103892500017537
27	23	-2.705389250004373
27	23	-2.381764250003471
27	23	-2.360389250003209
27	23	-2.3257955000044603
27	23	-2.2904517500028305
27	23	-2.2200455000020156
27	23	-2.1345142500031216
27	23	-2.11832675000187
27	23	-1.8839830000033544
27	23	-1.5938277500026743
27	23	-1.4536714999994729
27	23	-0.6493590000027325
27	23	-0.1032340000019758
27	23	-0.09329649999926914
27	23	-0.06689025000014226
27	23	-0.04898400000092806
27	23	0.08376599999974133
27	23	0.5953597499974421
27	23	0.6105160000006435
27	23	0.9298587500015856
27	23	1.0745150000002468
27	23	1.1215462500003923
27	23	1.1817337499996938
27	23	1.29029625000112
27	23	1.8123274999998102
27	23	1.8977650000015274
27	23	1.9143587500002468
27	24	-5.724482000001444
27	24	-5.710700750001706
27	24	-5.144232000002376
27	24	-5.12801324999964
27	24	-4.539701749999949
27	24	-4.321451749998232
27	24	-4.200982999998814
27	24	-4.108920499998931
27	24	-4.079233000000386
27	24	-4.054920499998843
27	24	-4.016733000000386
27	24	-3.8322017499995127
27	24	-3.7232017499991343
27	24	-3.590576750000764
27	24	-3.5705767500003276
27	24	-3.5516392499994254
27	24	-2.968732999997883
27	24	-2.852170499998465
27	24	-2.756701750000502
27	24	-2.677232999998523
27	24	-2.506045499998436
27	24	-2.4568579999977374
27	24	-2.3551402500015683
27	24	-1.8261715000007825
27	24	-1.7793277500022668
27	24	-1.7363590000022668
27	24	-1.7219527500019467
27	24	-1.685484000001452
27	24	-1.6663590000025579
27	24	-1.555765250002878
27	24	-1.4634215000005497
27	24	-1.0488277500007825
27	24	-0.9198277499999676
27	24	-0.91698400000314
27	24	-0.7512027500015392
27	24	-0.6907652500012773
27	24	-0.6457965000008699
27	24	-0.6322964999999385
27	24	-0.6123590000024706
27	24	-0.6002965000006952
27	24	-0.5135777499999676
27	24	-0.4601402500011318
27	24	-0.2071715000020049
27	24	-0.04782775000057882
27	24	-0.008765250000578817
27	24	0.04873474999840255
27	24	0.07282849999683094
27	24	0.08692224999686005
27	24	0.09254724999846076
27	24	0.14217125000141095
27	24	0.14739000000190572
27	24	0.16863999999986845
27	24	0.18660874999841326
27	24	0.18948375000036322
27	24	0.5255462499990244
27	24	0.5627024999994319
27	24	0.8128275000017311
27	24	0.9563899999993737
27	24	0.9676399999989371
27	24	0.9926712500018766
27	24	1.3134837500001595
27	24	1.423421250001411
27	24	1.5214525000010326
27	24	1.55860875000144
27	24	1.73542124999949
27	24	1.7587337500008289
27	24	1.768827500000043
27	24	1.9157337500000722
27	25	-5.858013000000938
27	25	-5.490950499999599
27	25	-5.3691067500003555
27	25	-5.062138000001141
27	25	-4.984170249997987
27	25	-4.955513999997493
27	25	-4.7595765000005485
27	25	-4.336701500000345
27	25	-3.569357749998744
27	25	-3.478795249997347
27	25	-3.4140452499996172
27	25	-3.3587640000005194
27	25	-3.2990452499980165
27	25	-3.266076500000054
27	25	-3.1573889999999665
27	25	-3.058638999998948
27	25	-2.4882649999999558
27	25	-2.465765000000829
27	25	-2.4263275000012072
27	25	-2.2890462499999558
27	25	-2.0646400000005087
27	25	-1.951077500001702
27	25	-1.9081399999995483
27	25	-1.854233750000276
27	25	-1.8229212500009453
27	25	-1.7802025000019057
27	25	-1.559108749999723
27	25	-1.448202499999752
27	25	-1.3221400000002177
27	25	-1.3130775000026915
27	25	-1.091608750000887
27	25	-0.8193587500027206
27	25	-0.7995775000017602
27	25	-0.7828587500007416
27	25	-0.7267649999994319
27	25	-0.6376087499993446
27	25	-0.5378275000002759
27	25	-0.4518587500024296
27	25	-0.38039000000208034
27	25	-0.3763275000019348
27	25	-0.27632749999975204
27	25	-0.262858750000305
27	25	-0.1611400000001595
27	25	0.274921500000346
27	25	0.6454527499990945
27	25	0.6909840000007534
27	25	0.7622027500001423
27	25	0.9856089999993856
27	25	1.00498399999924
27	25	1.160609000002296
27	25	1.1772027500010154
27	25	1.2205777500021213
27	25	1.3171089999996184
27	25	1.3952339999996184
27	25	1.4042652499992982
27	25	1.4119840000021213
27	25	1.4262965000016266
27	25	1.437859000001481
27	25	1.4460152499996184
27	25	1.7743589999990945
27	25	1.8792964999993274
27	25	1.9694527499996184
27	26	-5.8972622499968566
27	26	-5.83569974999773
27	26	-5.736543499999243
27	26	-5.6137944999973115
27	26	-5.524513249998563
27	26	-5.484231999995245
27	26	-5.40863824999542
27	26	-5.2025132499984466
27	26	-5.180231999995158
27	26	-5.1262319999950705
27	26	-5.082981999996264
27	26	-5.0754507499950705
27	26	-5.06776324999737
27	26	-5.0582944999951
27	26	-4.955888249995041
27	26	-4.933763249995536
27	26	-4.8118882499984466
27	26	-4.727763249997224
27	26	-4.702231999996002
27	26	-4.670825749995856
27	26	-4.5893257499956235
27	26	-4.573325749996002
27	26	-4.418231999996351
27	26	-4.400669499995274
27	26	-4.2806382499984466
27	26	-4.16279449999638
27	26	-4.092044499997428
27	26	-3.9750444999954198
27	26	-3.9532007499983592
27	26	-3.631638249997195
27	26	-3.5231382499950996
27	26	-3.4979507499956526
27	26	-3.3453882499961765
27	26	-3.305575749996933
27	26	-3.2869819999978063
27	26	-3.2445444999975734
27	26	-3.12717049999992
27	26	-3.1010142499981157
27	26	-3.0831079999989015
27	26	-3.0602642499979993
27	26	-3.0519829999975627
27	26	-3.0489830000005895
27	26	-3.0326079999977082
27	26	-3.0236079999995127
27	26	-2.8639517499977956
27	26	-2.8308579999975336
27	26	-2.8055454999994254
27	26	-2.703451749999658
27	26	-2.524170499997126
27	26	-2.4256079999977374
27	26	-2.3759829999980866
27	26	-2.264076749997912
27	26	-2.2477017499986687
27	26	-2.1424205000002985
27	26	-1.969357999998465
27	26	-1.9232954999970389
27	26	-1.9153579999983776
27	26	-1.873857999999018
27	26	-1.7378892499982612
27	26	-1.7113580000004731
27	26	-1.6740767499977665
27	26	-1.6312330000000657
27	26	-1.4971704999989015
27	26	-1.434514249998756
27	26	-1.4142954999988433
27	26	-1.3739517499998328
27	26	-1.3256079999991925
27	26	-1.2931079999980284
27	26	-1.2765454999971553
27	26	-0.9720454999987851
27	26	-0.9507017500000075
27	26	-0.7676079999982903
27	26	-0.7304829999993672
27	26	-0.6590152499957185
27	26	-0.6323902499971155
27	26	-0.5470152499983669
27	26	-0.4452652499967371
27	26	-0.42514024999763933
27	26	-0.39782774999548565
27	26	-0.3780464999981632
27	26	-0.35979649999717367
27	26	-0.15870274999542744
27	26	-0.11254649999682442
27	26	0.04764100000465987
27	26	0.18345350000163307
27	26	0.19504725000297185
27	26	0.28639100000145845
27	26	0.3626410000033502
27	26	0.37932850000288454
27	26	0.39823475000230246
27	26	0.4140472500039323
27	26	0.5267660000026808
27	26	0.5403910000022734
27	26	0.5882035000031465
27	26	0.6450160000022152
27	26	0.7218285000017204
27	26	0.820266000002448
27	26	0.8937347500032047
27	26	0.9009222500026226
27	26	0.923172250004427
27	26	1.0238597500028845
27	26	1.0809222500029136
27	26	1.136578500001633
27	26	1.1781722500018077
27	26	1.314922250003292
27	26	1.3502660000012838
27	26	1.4123910000016622
27	26	1.5481410000029427
27	26	1.6552347500037285
27	26	1.85651499999949
27	26	1.8894837500010908
27	26	1.9686399999991409
27	27	-5.943231499997637
27	27	-5.894887749996997
27	27	-5.809231499999441
27	27	-5.792825249998714
27	27	-5.6500127500003146
27	27	-5.436231499999849
27	27	-5.421981499999674
27	27	-5.398231499999383
27	27	-5.35554399999819
27	27	-5.326168999999936
27	27	-5.059138749995327
27	27	-5.0000762499985285
27	27	-4.890076249997946
27	27	-4.837107499995909
27	27	-4.750669999997626
27	27	-4.6897324999954435
27	27	-4.468888749997859
27	27	-4.43629499999588
27	27	-4.3112324999965494
27	27	-4.287357499997597
27	27	-4.208919999997306
27	27	-3.922419999995327
27	27	-3.8962324999956763
27	27	-3.2085449999976845
27	27	-3.1112012499979755
27	27	-3.0165137499971024
27	27	-3.0114824999982375
27	27	-2.9550449999987904
27	27	-2.771826249998412
27	27	-2.6288272499987215
27	27	-2.563702249997732
27	27	-2.5074209999984305
27	27	-2.4348272499992163
27	27	-2.260983500000293
27	27	-2.250295999998343
27	27	-2.110670999998547
27	27	-2.0470147499981977
27	27	-1.886889749999682
27	27	-1.7540459999981977
27	27	-1.5649835000003804
27	27	-1.5237334999983432
27	27	-1.4167647499998566
27	27	-1.3756709999979648
27	27	-1.2807334999997693
27	27	-1.2348897499978193
27	27	-1.1444522499987215
27	27	-1.1080459999975574
27	27	-1.0318584999986342
27	27	-0.9262959999978193
27	27	-0.8956709999984014
27	27	-0.8669835000000603
27	27	-0.8469834999996237
27	27	-0.754389749999973
27	27	-0.6895459999977902
27	27	-0.683764749999682
27	27	-0.6795459999993909
27	27	-0.6385147500004678
27	27	-0.6366710000002058
27	27	-0.6326709999993909
27	27	-0.6071397499981686
27	27	-0.4138897499979066
27	27	-0.39629599999898346
27	27	-0.34079600000040955
27	27	-0.32054599999901257
27	27	-0.30263974999979837
27	27	-0.28920224999819766
27	27	-0.22917099999904167
27	27	-0.1958584999993036
27	27	-0.17248349999863422
27	27	0.05301550000149291
27	27	0.11960925000312272
27	27	0.16914050000195857
27	27	0.26667175000329735
27	27	0.2694842500022787
27	27	0.30017175000102725
27	27	0.37679675000254065
27	27	0.4638280000035593
27	27	0.654890500001784
27	27	0.7434842500042578
27	27	0.755328000002919
27	27	0.8034842500019295
27	27	0.8235155000038503
27	27	0.8725780000022496
27	27	0.9144842500027153
27	27	0.9553280000036466
27	27	0.9972967500034429
27	27	1.0264842500037048
27	27	1.20876550000321
27	27	1.2221717500033265
27	27	1.3318280000021332
27	27	1.3727655000038794
27	27	1.4407967500010272
27	27	1.5769530000034138
27	27	1.7375155000008817
27	27	1.7443592500021623
27	27	1.79982800000289
27	27	1.8871405000027153
27	27	1.9175780000041414
27	27	1.9516405000031227
27	28	-5.953824750002241
27	28	-5.838637250002648
27	28	-5.81063725000422
27	28	-5.5471372500032885
27	28	-5.4928560000043944
27	28	-5.24813725000422
27	28	-5.20132475000355
27	28	-5.170668500002648
27	28	-5.0774810000039
27	28	-5.05673100000422
27	28	-5.002513250001357
27	28	-4.773982000002434
27	28	-4.669450750003307
27	28	-4.649700750000193
27	28	-4.533950750002987
27	28	-4.509607000003598
27	28	-4.427919500001735
27	28	-4.420169500001066
27	28	-4.34304450000127
27	28	-4.17245075000028
27	28	-4.09060700000191
27	28	-3.8783882500028994
27	28	-3.848013250000804
27	28	-3.8190757500015025
27	28	-3.7603570000028412
27	28	-3.7237007500007167
27	28	-3.7045445000003383
27	28	-3.5742320000026666
27	28	-3.4398570000012114
27	28	-3.352763250000862
27	28	-3.1722632500022883
27	28	-3.1109195000026375
27	28	-3.0177632500017353
27	28	-2.8635132500021427
27	28	-2.8458257500024047
27	28	-2.766700750002201
27	28	-2.696575750000193
27	28	-2.687763250003627
27	28	-2.6703257500012114
27	28	-2.647763250002754
27	28	-2.6335132500025793
27	28	-2.536264250004024
27	28	-2.488983000002918
27	28	-2.4571705000053043
27	28	-2.3510142500053917
27	28	-2.2997017500056245
27	28	-2.2214517500033253
27	28	-2.139576750003471
27	28	-2.0371392500055663
27	28	-1.985201750005217
27	28	-1.9761705000055372
27	28	-1.848483000005217
27	28	-1.8188267500045185
27	28	-1.6945455000022775
27	28	-1.674139250004373
27	28	-1.5383580000052461
27	28	-1.4453580000044894
27	28	-1.4033580000032089
27	28	-1.285576750004111
27	28	-1.2580767500039656
27	28	-1.0791080000053626
27	28	-1.023139250002714
27	28	-0.9861705000039365
27	28	-0.9747955000057118
27	28	-0.8748580000028596
27	28	-0.6846392500046932
27	28	-0.6737955000025977
27	28	-0.5431392500031507
27	28	-0.5390142500036745
27	28	-0.4934830000056536
27	28	-0.45154550000370364
27	28	-0.22642050000285963
27	28	-0.15860800000518793
27	28	0.06245349999881
27	28	0.2913597499973548
27	28	0.3599847499972384
27	28	0.36426599999686005
27	28	0.3880159999971511
27	28	0.4727659999989555
27	28	0.9880159999993339
27	28	0.9912034999979369
27	28	1.0338597499976458
27	28	1.0777034999991884
27	28	1.1488284999977623
27	28	1.236703499998839
27	28	1.3034534999969765
27	28	1.502109749999363
27	28	1.5484534999959578
27	28	1.5520472499993048
27	28	1.8666722499983734
27	28	1.8720472499990137
27	28	1.8907972499982861
27	28	1.9372659999971802
27	28	1.940328499997122
27	29	-5.821294500001386
27	29	-5.735575750000862
27	29	-5.724294500003452
27	29	-5.708232000000862
27	29	-5.689325750001444
27	29	-5.565825750003569
27	29	-5.498638250002841
27	29	-5.482044500004122
27	29	-5.400638250001066
27	29	-5.393357000000833
27	29	-5.350169500001357
27	29	-5.21707575000255
27	29	-5.16604450000159
27	29	-5.141263250003249
27	29	-5.1372320000009495
27	29	-5.096388250003656
27	29	-5.085794500002521
27	29	-5.068513250003889
27	29	-4.805544500002725
27	29	-4.560482000000775
27	29	-4.259576750002452
27	29	-4.069670500000939
27	29	-3.9407642500009388
27	29	-3.9112330000025395
27	29	-3.5516392499994254
27	29	-3.082326750001812
27	29	-3.018076750002365
27	29	-2.938326750001579
27	29	-2.8751704999995127
27	29	-2.693045500000153
27	29	-2.601170500001899
27	29	-2.5669517499991343
27	29	-2.479358000000502
27	29	-2.4058892499997455
27	29	-2.311451749999833
27	29	-2.201045500001783
27	29	-2.1391392500008806
27	29	-2.104639249999309
27	29	-2.0879205000019283
27	29	-1.9545142499991925
27	29	-1.8735767500002112
27	29	-1.831826749999891
27	29	-1.5259215000041877
27	29	-1.3881715000024997
27	29	-1.3740465000009863
27	29	-1.3686090000010154
27	29	-1.3636715000029653
27	29	-1.359515250002005
27	29	-1.35717150000346
27	29	-1.3415152500019758
27	29	-1.30473400000119
27	29	-1.0742340000033437
27	29	-1.0701090000038675
27	29	-1.0474215000031109
27	29	-1.0429527500018594
27	29	-0.7965465000015683
27	29	-0.7770777500045369
27	29	-0.7728277500027616
27	29	-0.7501715000034892
27	29	-0.7450465000038093
27	29	-0.7227652500041586
27	29	-0.3204527500020049
27	29	0.25251599999683094
27	29	0.2839847499963071
27	29	0.7000149999985297
27	29	0.8225462499976857
27	29	0.8598899999997229
27	29	0.8866712499984715
27	29	1.2844212499985588
27	29	1.4058899999981804
27	29	1.4266712499993446
27	29	1.4485462499978894
27	29	1.514390000000276
27	29	1.5843275000006543
27	29	1.6341712499997811
27	30	-5.966544250000879
27	30	-5.647606750000705
27	30	-5.247857749996911
27	30	-5.1801702499979
27	30	-4.56829524999921
27	30	-4.371045249998133
27	30	-4.156201499998133
27	30	-4.100888999997551
27	30	-4.081451499998366
27	30	-3.986170249998395
27	30	-3.723232749998715
27	30	-3.5881077499980165
27	30	-3.4194202500002575
27	30	-3.3685139999979583
27	30	-3.3403889999972307
27	30	-3.229701499996736
27	30	-3.184670249996998
27	30	-3.1593577499988896
27	30	-2.9073275000009744
27	30	-2.6395462500004214
27	30	-2.4787025000005087
27	30	-2.474296250002226
27	30	-2.064140000002226
27	30	-1.980889999998908
27	30	-1.9437962500014692
27	30	-1.936577500000567
27	30	-1.8975462500020512
27	30	-1.4447962500016729
27	30	-1.3286087500018766
27	30	-0.9440775000002759
27	30	-0.8359837499992864
27	30	-0.8293274999996356
27	30	-0.8174212500016438
27	30	-0.7074837500003923
27	30	-0.5866400000013527
27	30	-0.5086087500021677
27	30	-0.15285975000006147
27	30	-0.11854725000011967
27	30	-0.06185974999971222
27	30	0.14360900000247057
27	30	0.17560900000171387
27	30	0.19129650000104448
27	30	0.20579650000217953
27	30	0.22882775000107358
27	30	0.25439025000014226
27	30	0.40289024999947287
27	30	0.42398400000092806
27	30	0.5188277500019467
27	30	1.0131402500010154
27	30	1.2027340000022377
27	30	1.2136402500000258
27	30	1.4389215000010154
27	30	1.6749215000018012
27	31	-5.51713799999925
27	31	-5.45995149999726
27	31	-5.379263999999239
27	31	-5.261045249997551
27	31	-5.255201499996474
27	31	-4.9347327499963285
27	31	-4.6626389999983076
27	31	-4.460107749997405
27	31	-4.287607749996823
27	31	-4.019138999996358
27	31	-3.5655764999974053
27	31	-3.5502014999983658
27	31	-3.4009202499983076
27	31	-3.2483577499988314
27	31	-3.209357749998162
27	31	-3.1926702499986277
27	31	-3.1035452499963867
27	31	-3.0766702499968233
27	31	-3.037701499997638
27	31	-3.0172952499997336
27	31	-2.993327499996667
27	31	-2.6279524999954447
27	31	-2.4723899999953574
27	31	-2.3835774999970454
27	31	-1.8814524999979767
27	31	-1.7834524999962014
27	31	-1.3322962499951245
27	31	-1.2344212499956484
27	31	-0.9434837499975401
27	31	-0.833577499997773
27	31	-0.4930159999967145
27	31	-0.21195349999834434
27	31	0.3539527500033728
27	31	0.3819840000032855
27	31	0.4597027500021795
27	31	0.469515250002587
27	31	0.6476715000026161
27	31	0.8183590000007825
27	31	1.0555152500019176
27	31	1.1757965000033437
27	31	1.2955152499998803
27	31	1.5222027500021795
27	31	1.5569840000025579
27	31	1.657640250003169
27	32	-5.906762999999046
27	32	-5.807169250001607
27	32	-5.761856749999424
27	32	-5.75835675000053
27	32	-5.737075500001083
27	32	-5.730044249998173
27	32	-5.404138000001694
27	32	-5.392169250000734
27	32	-5.357514000002993
27	32	-4.925982750002731
27	32	-4.6556390000005194
27	32	-4.647607750001043
27	32	-4.625232750000578
27	32	-4.071670250003081
27	32	-4.01692025000375
27	32	-3.9030765000024985
27	32	-3.890295250002964
27	32	-3.580139000001509
27	32	-3.475826500001858
27	32	-3.471889000000374
27	32	-3.4447327500020037
27	32	-3.1585452500003157
27	32	-3.1322015000005194
27	32	-2.747046249998675
27	32	-2.7199524999996356
27	32	-2.628515000000334
27	32	-2.602514999998675
27	32	-2.3741399999998976
27	32	-2.2053587500013236
27	32	-1.8027962500018475
27	32	-1.7833275000011781
27	32	-1.6348900000011781
27	32	-1.6327962499999558
27	32	-1.625202499999432
27	32	-1.585233750000043
27	32	-1.5708899999990535
27	32	-1.332764999999199
27	32	-1.2845774999987043
27	32	-1.2332649999989371
27	32	-1.128202500000043
27	32	-0.9281087499985006
27	32	-0.898858749998908
27	32	-0.8870462500017311
27	32	-0.8407962499986752
27	32	-0.8162337499998102
27	32	-0.8102650000000722
27	32	-0.7863587499996356
27	32	-0.7738900000003923
27	32	-0.6994837499987625
27	32	-0.672296249998908
27	32	-0.6468587499985006
27	32	-0.5855462500003341
27	32	-0.5748587500020221
27	32	-0.3280472500009637
27	32	-0.29176600000209874
27	32	-0.14357850000305916
27	32	-0.03948475000288454
27	32	-0.0011722500021278393
27	32	0.16039024999918183
27	32	0.17232774999865796
27	32	0.23535899999842513
27	32	0.25804649999918183
27	32	0.2966402499987453
27	32	0.3701402499973483
27	32	0.5035152499985998
27	32	0.5527339999971446
27	32	0.5573902499963879
27	32	0.6599214999987453
27	32	0.7760777499970573
27	32	0.790546499996708
27	32	0.7932964999963588
27	32	0.8193902499988326
27	32	0.8593902499960677
27	32	0.900640249998105
27	32	0.9139839999988908
27	32	1.2508277499982796
27	32	1.2791089999991527
27	32	1.4262027499971737
27	32	1.8826089999965916
27	33	-5.631481500000518
27	33	-5.427575249999791
27	33	-5.308356499997899
27	33	-5.1380752499972004
27	33	-4.957856499997433
27	33	-4.882856500000344
27	33	-4.771887749997404
27	33	-4.719262749997142
27	33	-4.69557524999982
27	33	-4.670106499997928
27	33	-4.562450249999529
27	33	-4.468293999998423
27	33	-4.1599814999972295
27	33	-4.056293999998161
27	33	-3.988043999997899
27	33	-3.952419999997801
27	33	-3.876576249997015
27	33	-3.751357499997539
27	33	-3.6646699999982957
27	33	-3.6316387499973644
27	33	-3.601263749998907
27	33	-3.449951249996957
27	33	-3.3192324999981793
27	33	-3.2750449999984994
27	33	-3.2478887499964912
27	33	-3.103857499998412
27	33	-3.066138749996753
27	33	-3.03004499999588
27	33	-3.0158887499965203
27	33	-2.832263749998674
27	33	-2.6236387499957345
27	33	-2.5797637499963457
27	33	-2.576701249996404
27	33	-2.5627637499965203
27	33	-2.484607499998674
27	33	-2.3552324999982375
27	33	-2.3317012499974226
27	33	-2.3103262499971606
27	33	-2.2891387499985285
27	33	-2.2581699999973353
27	33	-2.002919999998994
27	33	-1.992107499998383
27	33	-1.9577324999954726
27	33	-1.897013749996404
27	33	-1.8087949999971897
27	33	-1.7716699999982666
27	33	-1.7261074999987613
27	33	-1.7036074999959965
27	33	-1.580107499998121
27	33	-1.335077249997994
27	33	-1.2156709999981103
27	33	-1.2071709999981977
27	33	-1.1819834999987506
27	33	-1.1797335000010207
27	33	-1.0084522500001185
27	33	-0.9945459999980812
27	33	-0.976327249998576
27	33	-0.9156709999988379
27	33	-0.5506710000008752
27	33	-0.5379209999991872
27	33	-0.3154834999986633
27	33	-0.05482724999819766
27	33	0.22595400000136578
27	33	0.2909227500022098
27	33	0.29611025000122027
27	33	0.3346727499992994
27	33	0.3617977499998233
27	33	0.48970399999961955
27	33	0.5540165000020352
27	33	0.6676102500023262
27	33	0.6803915000018605
27	33	0.7103290000013658
27	33	0.7654852500018023
27	33	0.7876102500013076
27	33	0.8014540000003763
27	33	0.806672750000871
27	33	0.8375164999997651
27	33	0.847485250000318
27	33	0.8919540000024426
27	33	1.0264530000022205
27	33	1.114703000002919
27	33	1.122609250003734
27	33	1.1287655000014638
27	33	1.133109250004054
27	33	1.1420780000007653
27	33	1.1438280000038503
27	33	1.1499217500022496
27	33	1.1657655000017257
27	33	1.3633905000024242
27	33	1.734984250000707
27	33	1.8297342500009108
27	33	1.8979842500011728
27	33	1.9902030000012019
27	34	-5.891043499996158
27	34	-5.834793499998341
27	34	-5.8042309999982535
27	34	-5.713293499997235
27	34	-5.61310599999706
27	34	-5.523980999998457
27	34	-5.4342622499971185
27	34	-5.377324749999389
27	34	-5.210418499998923
27	34	-5.121763250001095
27	34	-4.974950749998243
27	34	-4.862794500000746
27	34	-4.617638249997981
27	34	-4.51229450000028
27	34	-4.5061695000003965
27	34	-4.309231999999611
27	34	-4.3040757499984466
27	34	-3.98988824999833
27	34	-3.9225132499996107
27	34	-3.7683882499986794
27	34	-3.6635757500007458
27	34	-3.5315445000014734
27	34	-3.378856999999698
27	34	-3.3084820000003674
27	34	-3.294169500000862
27	34	-3.1877007500006584
27	34	-2.9943257499980973
27	34	-2.795482000001357
27	34	-2.7684195000001637
27	34	-2.766513250000571
27	34	-2.7549194999992324
27	34	-2.7496695000008913
27	34	-2.745856999998068
27	34	-2.710388250001415
27	34	-2.5260454999988724
27	34	-2.483045499997388
27	34	-2.4630454999969515
27	34	-2.413139249998494
27	34	-2.191795499998989
27	34	-2.1694829999978538
27	34	-2.15017049999733
27	34	-2.1112642499974754
27	34	-2.0736704999981157
27	34	-2.0650142499980575
27	34	-2.054264249996777
27	34	-1.918576749998465
27	34	-1.6769204999982321
27	34	-1.6476704999986396
27	34	-1.6426392499997746
27	34	-1.5611079999980575
27	34	-1.4272642499963695
27	34	-1.4226079999971262
27	34	-1.3807017499966605
27	34	-1.3709204999977374
27	34	-1.2502642499966896
27	34	-1.214232999998785
27	34	-1.097951749998174
27	34	-1.0861079999995127
27	34	-1.0838267499966605
27	34	-0.8549517499996
27	34	-0.8358579999985523
27	34	-0.7007642499993381
27	34	-0.4292954999982612
27	34	-0.4261079999996582
27	34	-0.38429549999636947
27	34	-0.29685799999788287
27	34	0.12070350000067265
27	34	0.20398474999819882
27	34	0.3811097500001779
27	34	0.7821722500011674
27	34	1.1901722500006144
27	34	1.4756722499987518
27	34	1.5054222500002652
27	34	1.5646722499986936
27	34	1.6250160000017786
27	34	1.670703499999945
27	34	1.7745472499991592
27	34	1.813266000001022
27	35	-5.819637749998947
27	35	-5.564356499999121
27	35	-4.835013749998325
27	35	-4.776638750001439
27	35	-4.738170000000537
27	35	-4.524607499999547
27	35	-4.453888749998441
27	35	-4.228857499998412
27	35	-3.511419999998907
27	35	-3.3107325000019046
27	35	-3.288045000001148
27	35	-3.0550450000009732
27	35	-2.5278584999978193
27	35	-2.4481084999970335
27	35	-2.340233499999158
27	35	-2.232389749999129
27	35	-1.9624834999995073
27	35	-1.866139750000002
27	35	-1.8574522499984596
27	35	-1.8421397499987506
27	35	-1.8390772499988088
27	35	-1.8194834999994782
27	35	-1.8000772499981395
27	35	-1.729920999998285
27	35	-1.7059522499985178
27	35	-1.6126709999989544
27	35	-1.5507647499980521
27	35	-1.5483272499986924
27	35	-1.520827249998547
27	35	-1.5185459999993327
27	35	-1.5017959999968298
27	35	-1.4484522499988088
27	35	-1.1894522499969753
27	35	-0.5485459999981686
27	35	-0.539858499996626
27	35	-0.5355147499976738
27	35	-0.4581084999990708
27	35	-0.3341709999986051
27	35	-0.33142099999895436
27	35	-0.3092647499979648
27	35	-0.3049834999983432
27	35	-0.2980147499984014
27	35	-0.1825147499985178
27	35	-0.1591709999993327
27	35	-0.14048349999939092
27	35	0.0591092499998922
27	35	0.24942174999887357
27	35	0.2529529999992519
27	35	0.2825154999991355
27	35	0.5467654999993101
27	35	0.5709217500007071
27	35	0.5851717500008817
27	35	0.7414217500008817
27	35	0.7777654999990773
27	35	0.7841717499977676
27	35	0.921546749999834
27	35	1.2488904999991064
27	35	1.4178279999978258
27	35	1.5635780000011437
27	35	1.841671750000387
27	35	1.8492342499994265
27	36	-5.801418499999272
27	36	-5.786168499998894
27	36	-5.667824749998545
27	36	-5.270888250001008
27	36	-5.019200750000891
27	36	-4.670357000002696
27	36	-4.636888250002812
27	36	-4.5743257499998435
27	36	-4.436763249999785
27	36	-4.407200749999902
27	36	-4.1360757500006
27	36	-4.106013250002434
27	36	-4.085763250001037
27	36	-4.044857000000775
27	36	-4.03323200000159
27	36	-3.8379820000009204
27	36	-3.796732000002521
27	36	-3.5790757499999017
27	36	-3.5486070000006293
27	36	-3.5379195000023174
27	36	-3.478669500000251
27	36	-3.2102320000012696
27	36	-3.1046695000004547
27	36	-2.5913267500000075
27	36	-2.5229204999996
27	36	-2.40451424999992
27	36	-2.388545499998145
27	36	-2.161982999998145
27	36	-1.909014249999018
27	36	-1.641545499998756
27	36	-1.5907017499994254
27	36	-1.2760454999988724
27	36	-1.2382954999993672
27	36	-1.1042642499996873
27	36	-1.039670499998465
27	36	-0.9914830000016082
27	36	-0.9799830000010843
27	36	-0.9768267500003276
27	36	-0.8453579999986687
27	36	-0.5917027499963297
27	36	-0.5076402499980759
27	36	-0.4446089999983087
27	36	-0.35582774999784306
27	36	-0.31207774999711546
27	36	-0.30904649999865796
27	36	-0.3061402499988617
27	36	-0.2594214999990072
27	36	-0.08779649999632966
27	36	-0.05020274999696994
27	36	0.4482972500009055
27	36	0.5212972500012256
27	36	0.5488285000028554
27	36	0.6360160000003816
27	36	0.6822660000034375
27	36	0.7224847500001488
27	36	1.0717347500030883
27	36	1.0838910000020405
27	36	1.1662972500016622
27	36	1.4408910000020114
27	36	1.511984750002739
27	36	1.6982660000030592
27	36	1.7020785000022443
27	36	1.7428910000016913
27	37	-5.628638249996584
27	37	-5.32288824999705
27	37	-5.129075749995536
27	37	-5.117606999996497
27	37	-5.090325749995827
27	37	-4.95551324999542
27	37	-4.84863824999411
27	37	-4.843356999994285
27	37	-4.234856999995827
27	37	-4.203169499996875
27	37	-3.947231999994983
27	37	-3.927481999995507
27	37	-3.823482999996486
27	37	-3.808076749995962
27	37	-3.7607642499970098
27	37	-3.752982999998494
27	37	-3.454889249998814
27	37	-3.3909829999975045
27	37	-3.376232999999047
27	37	-3.370764249997592
27	37	-3.3429829999986396
27	37	-3.3263267499969515
27	37	-3.059701749996748
27	37	-2.8609829999986687
27	37	-2.67751424999733
27	37	-2.2367642499993963
27	37	-2.222014249997301
27	37	-1.9778267499968933
27	37	-1.932451749999018
27	37	-1.3932964999949036
27	37	-1.0162027499973192
27	37	-0.23667149999528192
27	37	-0.1865777499951946
27	37	-0.15960899999481626
27	37	-0.09914024999670801
27	37	-0.07610899999781395
27	37	-0.002327749996766215
27	37	0.14123475000451435
27	37	0.14751600000454346
27	37	0.3491410000024189
27	37	0.3722035000027972
27	37	0.37723475000530016
27	37	0.42079725000439794
27	37	0.7557660000056785
27	37	0.779047250005533
27	37	0.988234750002448
27	37	0.9961097500054166
27	37	1.117296250002255
27	37	1.13795250000112
27	37	1.1432650000024296
27	37	1.2222962500018184
27	37	1.3235775000030117
27	37	1.3310462500012363
27	37	1.3402025000032154
27	37	1.803765000000567
27	37	1.8322650000009162
27	37	1.858265000002575
27	37	1.985515000000305
27	38	-5.971231499999703
27	38	-5.212856499998452
27	38	-5.06257524999819
27	38	-4.821137749997433
27	38	-4.308168999999907
27	38	-4.158201250000275
27	38	-4.043263750001643
27	38	-3.1981387500018172
27	38	-2.8989199999996345
27	38	-2.7560137500004203
27	38	-2.4174512499994307
27	38	-2.3879512500025157
27	38	-2.3295137500026613
27	38	-1.966607500002283
27	38	-1.9445762499999546
27	38	-1.9063575000000128
27	38	-1.8581387500016717
27	38	-1.84726375000173
27	38	-1.5692959999978484
27	38	-1.4619209999982559
27	38	-1.2927647500000603
27	38	-1.1049522499997693
27	38	-0.8770459999977902
27	38	-0.8329522499989253
27	38	-0.6899210000010498
27	38	-0.6646709999986342
27	38	-0.614077250000264
27	38	-0.5811084999986633
27	38	-0.42745224999816855
27	38	-0.39948350000122446
27	38	-0.3848897499992745
27	38	-0.31960849999813945
27	38	-0.21026474999962375
27	38	-0.17332724999869242
27	38	-0.13067099999898346
27	38	-0.12473350000072969
27	38	-0.09401475000049686
27	38	0.09348524999950314
27	38	0.11557900000116206
27	38	0.1761102500022389
27	38	0.2532040000005509
27	38	0.34111024999947404
27	38	0.3597352500000852
27	38	0.3635790000007546
27	38	0.39995400000043446
27	38	0.42273525000200607
27	38	0.6785477500015986
27	38	0.7334852499989211
27	38	0.7657352499991248
27	38	0.7841102499987755
27	38	0.8363904999969236
27	38	0.9999217499971564
27	38	1.3283279999996012
27	38	1.478390499996749
27	38	1.5386092499975348
27	38	1.5740779999978258
27	38	1.7603904999996303
27	38	1.7796092499993392
27	38	1.7858280000000377
27	38	1.818452999999863
27	38	1.844140499997593
27	39	-5.441606500000489
27	39	-5.4367002500002855
27	39	-5.086981500000547
27	39	-5.079918999999791
27	39	-5.013950250002381
27	39	-4.654137749999791
27	39	-4.458201250003185
27	39	-4.167451250003069
27	39	-4.054951250003796
27	39	-3.6276387500038254
27	39	-3.3675450000009732
27	39	-3.219513750002079
27	39	-3.178795000003447
27	39	-3.111263750004582
27	39	-2.9141387500021665
27	39	-2.8123575000026904
27	39	-2.720826250002574
27	39	-2.606513750004524
27	39	-2.3582950000018172
27	39	-2.064576250002574
27	39	-1.9727960000018356
27	39	-1.732796000000235
27	39	-1.3899210000017774
27	39	-1.3167647500013118
27	39	-1.1075459999992745
27	39	-0.42351475000032224
27	39	-0.39407725000273786
27	39	0.3616727499975241
27	39	0.36632900000040536
27	39	0.40686024999740766
27	39	0.42801649999819347
27	39	0.8294217500006198
27	39	1.001015500001813
27	39	1.0525467500010564
27	39	1.1040467499988154
27	39	1.4469842500002414
27	39	1.479109250001784
27	39	1.5367030000015802
27	39	1.557952999999543
27	39	1.5924530000011146
27	39	1.6337342500009981
27	39	1.6475155000007362
27	39	1.703421750000416
27	39	1.7198280000011437
27	39	1.8625780000002123
27	39	1.9142030000002705
27	40	-5.814513249999436
27	40	-5.706857000001037
27	40	-5.640982000000804
27	40	-5.590794499999902
27	40	-5.332169500001328
27	40	-5.306700749999436
27	40	-4.937325750001037
27	40	-4.443795499999396
27	40	-4.237264249997679
27	40	-4.00710799999797
27	40	-3.721201749998727
27	40	-3.706607999996777
27	40	-3.6966079999983776
27	40	-3.658607999997912
27	40	-3.45754549999765
27	40	-3.355576749996544
27	40	-2.7122954999977082
27	40	-2.5992642499986687
27	40	-2.5120767499975045
27	40	-2.399170499997126
27	40	-2.2274839999990945
27	40	-2.0554215000011027
27	40	-1.9204527500005497
27	40	-1.79692150000119
27	40	-1.7660465000008116
27	40	-1.7143277499999385
27	40	-1.6499839999996766
27	40	-1.5948902499985707
27	40	-1.1079527500005497
27	40	-1.0226402500011318
27	40	-0.9913589999996475
27	40	-0.8372965000016848
27	40	-0.7217652500003169
27	40	-0.5303590000003169
27	40	-0.4866402500010736
27	40	-0.2773589999997057
27	40	-0.23557775000153924
27	40	-0.21820274999845424
27	40	-0.20539025000107358
27	40	0.1499535000002652
27	40	0.20995250000123633
27	40	0.4939525000008871
27	40	0.5324212500017893
27	40	0.5555462500014983
27	40	0.7672650000022259
27	40	0.8983275000027788
27	40	0.9216087500026333
27	40	0.9281712500014692
27	40	0.9353275000030408
27	40	0.9514837500028079
27	40	1.1262962500004505
27	40	1.2452025000020512
27	40	1.4898900000007416
27	40	1.6821087500029535
27	40	1.7909525000031863
27	40	1.9722337500024878
27	41	-5.9260434999996505
27	41	-5.794731000001775
27	41	-5.202512250001746
27	41	-5.031950749998941
27	41	-4.988544499999989
27	41	-4.9663882499989995
27	41	-4.663700749999407
27	41	-4.5970444999984466
27	41	-4.514200749999873
27	41	-4.40023199999996
27	41	-4.377419500000542
27	41	-4.143732000000455
27	41	-3.9082945000009204
27	41	-3.7581069999978354
27	41	-3.650950749997719
27	41	-3.5002319999985048
27	41	-2.746450750000804
27	41	-2.643575750000309
27	41	-2.5771705000006477
27	41	-2.565389250001317
27	41	-2.5197642500024813
27	41	-2.481889250000677
27	41	-2.444295500001317
27	41	-2.208858000001783
27	41	-2.1969205000023067
27	41	-1.9761705000018992
27	41	-1.780108000002656
27	41	-1.6389205000014044
27	41	-1.5291705000017828
27	41	-1.4531705000008515
27	41	-1.3853267500016955
27	41	-1.3268267500025104
27	41	-1.3073892499996873
27	41	-1.301701750002394
27	41	-1.241045500002656
27	41	-1.2318267500013462
27	41	-1.2280142500021611
27	41	-1.2257955000022775
27	41	-1.187076750000415
27	41	-0.9867642500030342
27	41	-0.9262017500004731
27	41	-0.8389830000014626
27	41	-0.8313267500016082
27	41	-0.8109830000030342
27	41	-0.7869205000024522
27	41	-0.7326080000020738
27	41	-0.5860767500016664
27	41	-0.5134205000031216
27	41	-0.42645175000143354
27	41	-0.37482675000137533
27	41	-0.3340767500012589
27	41	-0.32492050000291783
27	41	-0.3112330000003567
27	41	-0.2642955000010261
27	41	0.10104725000201142
27	41	0.18189100000017788
27	41	0.40207849999933387
27	41	0.644797249999101
27	41	1.0868597500011674
27	41	1.2092034999986936
27	41	1.38667224999881
27	41	1.3916410000019823
27	41	1.4639534999987518
27	41	1.742453499999101
27	41	1.8287347500008764
27	42	-5.765106500006368
27	42	-5.709481500005495
27	42	-5.701450250006019
27	42	-5.6915440000047965
27	42	-5.673012750005
27	42	-5.669012750004185
27	42	-5.651106500004971
27	42	-5.641356500003894
27	42	-5.632825250006135
27	42	-5.4462627500033705
27	42	-5.443606500004535
27	42	-5.377076250002574
27	42	-5.298576250002952
27	42	-4.837576250003622
27	42	-4.7166700000016135
27	42	-4.7028887500018755
27	42	-3.9782012500036217
27	42	-3.705826250003156
27	42	-3.6969200000021374
27	42	-3.026763750003738
27	42	-3.0249512500049605
27	42	-2.8874835000024177
27	42	-2.8737959999998566
27	42	-2.8439835000026505
27	42	-2.4674210000011954
27	42	-2.41795225000169
27	42	-2.3653585000029125
27	42	-2.1982022500014864
27	42	-2.0816397500020685
27	42	-1.9297022500031744
27	42	-1.9150147500004095
27	42	-1.9097959999999148
27	42	-1.895233500003087
27	42	-1.5169835000015155
27	42	-1.4305147500017483
27	42	-1.402108500002214
27	42	-1.3648585000009916
27	42	-1.2087647500011371
27	42	-1.1964834999998857
27	42	-1.1015147500002058
27	42	-1.0110460000032617
27	42	-1.004483500000788
27	42	-0.9867647500032035
27	42	-0.9790460000003804
27	42	-0.961733500000264
27	42	-0.8655460000009043
27	42	-0.7977647500010789
27	42	-0.6927960000029998
27	42	-0.6146710000029998
27	42	-0.46910850000131177
27	42	-0.4257335000002058
27	42	-0.33579700000336743
27	42	-0.10242200000357116
27	42	0.20704674999797135
27	42	0.3466404999962833
27	42	0.42798424999637064
27	42	0.4644529999968654
27	42	0.522077999998146
27	42	0.5380467499962833
27	42	0.6175467499961087
27	42	0.6938592499973311
27	42	0.8867654999958177
27	42	1.0202967499972146
27	42	1.3732967499963706
27	42	1.5873279999977967
27	42	1.8216404999948281
27	42	1.9183279999961087
27	42	1.96532799999477
27	43	-5.823887499998818
27	43	-5.75907499999812
27	43	-5.639168749999953
27	43	-5.490418749999662
27	43	-5.17069999999876
27	43	-4.794888500000525
27	43	-4.38463849999971
27	43	-4.310575999999855
27	43	-4.063044750000699
27	43	-3.8360760000032315
27	43	-3.521388500001194
27	43	-3.2779197500021837
27	43	-2.8444822500023292
27	43	-2.7068885000007867
27	43	-2.6884510000018054
27	43	-2.678763500000059
27	43	-2.6319510000030277
27	43	-2.6194510000023
27	43	-2.526670750001358
27	43	-2.1095769999992626
27	43	-2.070327000001271
27	43	-2.0508894999984477
27	43	-1.98388949999935
27	43	-1.833701999999903
27	43	-1.8287957499996992
27	43	-1.1444207499989716
27	43	-1.0343895000005432
27	43	-0.8754207499987388
27	43	-0.8083269999988261
27	43	-0.7159519999986514
27	43	-0.6531082500005141
27	43	0.05748449999737204
27	43	0.4251719999992929
27	43	0.5265157499998168
27	43	0.6965782499974011
27	43	0.7540469999985362
27	43	0.7772969999969064
27	43	0.8819532499983325
27	43	0.9067344999966735
27	43	0.9898594999976922
27	43	0.998890749997372
27	43	1.014828249997663
27	43	1.0246719999995548
27	43	1.0808907499995257
27	43	1.0928594999968482
27	43	1.3826407499982452
27	43	1.58317199999874
27	43	1.7541094999978668
27	43	1.8000157499991474
27	43	1.9640782499991474
27	43	1.968765749999875
27	44	-5.933231499999238
27	44	-5.876825250001275
27	44	-5.731262749999587
27	44	-5.67782625000109
27	44	-5.341045000001031
27	44	-5.196357500000886
27	44	-4.929920000002312
27	44	-4.711388750001788
27	44	-4.6693887500041455
27	44	-4.5714200000038545
27	44	-4.499170000002778
27	44	-4.459045000003243
27	44	-4.295138750003389
27	44	-4.267545000002428
27	44	-4.238888750001934
27	44	-4.079513750002661
27	44	-4.000013750002836
27	44	-3.8309825000033015
27	44	-3.5076075000033597
27	44	-3.3242950000021665
27	44	-3.321076250002079
27	44	-3.2876075000021956
27	44	-3.2010772499997984
27	44	-3.1424834999997984
27	44	-3.1273897499995655
27	44	-2.9279835000015737
27	44	-2.850296000000526
27	44	-2.6591397500014864
27	44	-2.5482335000015155
27	44	-1.4129209999991872
27	44	-1.380827249999129
27	44	-1.144202250001399
27	44	-1.0917335000012827
27	44	-0.9020772500007297
27	44	-0.6744220000036876
27	44	-0.5835157500041532
27	44	-0.4440782500023488
27	44	-0.4183595000031346
27	44	-0.011984500004473375
27	44	0.050515499995526625
27	44	0.26020299999800045
27	44	0.3622029999969527
27	44	0.3870779999961087
27	44	0.42039049999584677
27	44	0.5337654999966617
27	44	0.649952999996458
27	44	0.7221092499967199
27	44	1.072140499996749
27	44	1.100827999998728
27	44	1.1113904999983788
27	44	1.5792967499983206
27	44	1.8934520000002522
27	44	1.9228894999978365
27	45	-5.575387500000943
27	45	-5.4544500000010885
27	45	-5.436450000001059
27	45	-5.37644999999975
27	45	-5.066824999998062
27	45	-5.062949999999546
27	45	-4.496013500000117
27	45	-4.479451000002882
27	45	-4.460888500001602
27	45	-4.278482249999797
27	45	-4.11676350000198
27	45	-3.8924197500018636
27	45	-3.7986697500018636
27	45	-3.264263500001107
27	45	-3.023732249999739
27	45	-2.7861384999996517
27	45	-2.696326000001136
27	45	-2.604638500000874
27	45	-2.5678572500000882
27	45	-2.489919750001718
27	45	-2.4127635000004375
27	45	-2.382919750001747
27	45	-2.2574197499998263
27	45	-2.2499197500001173
27	45	-2.211044750001747
27	45	-2.2062322500023583
27	45	-1.9841395000003104
27	45	-1.9575457499995537
27	45	-1.8581395000001066
27	45	-1.7964519999986805
27	45	-1.5874832500012417
27	45	-0.9932332499993208
27	45	-0.5699832499994955
27	45	-0.3953269999983604
27	45	-0.10960825000074692
27	45	0.40764074999970035
27	45	0.45592199999737204
27	45	0.4735782499992638
27	45	0.6371094999994966
27	45	0.6420157499997003
27	45	0.8155157499968482
27	45	0.8227344999977504
27	45	0.8318594999982452
27	45	1.201703249997081
27	45	1.2038907499991183
27	45	1.2758907499992347
27	45	1.3357657499982452
27	45	1.337609499998507
27	45	1.8226407499969355
27	45	1.8433282499972847
27	45	1.890234499998769
27	46	-5.983731250002165
27	46	-5.835481250000157
27	46	-5.697824999999284
27	46	-5.54466875000071
27	46	-5.220388500001718
27	46	-4.974513500001194
27	46	-4.304888500002562
27	46	-4.1140447500038135
27	46	-2.8122645000003104
27	46	-2.7541082499992626
27	46	-2.6259207500006596
27	46	-2.5396707500003686
27	46	-2.3293269999994664
27	46	-2.15063949999967
27	46	-2.1019832500023767
27	46	-2.0350145000011253
27	46	-1.5528582500010089
27	46	-1.1941707500009215
27	46	-0.9111082500021439
27	46	-0.5313582500020857
27	46	-0.47063949999937904
27	46	-0.25357800000347197
27	46	-0.19398425000326824
27	46	-0.038703000001987675
27	46	0.04639074999795412
27	46	0.16042199999719742
27	46	0.1999844999954803
27	46	0.2299219999986235
27	46	0.26867199999833247
27	46	0.4015782499955094
27	46	0.8119844999964698
27	46	0.8872344999981578
27	46	0.9157969999978377
27	46	0.9817969999967318
27	46	1.1039219999984198
27	46	1.133234499997343
27	46	1.2574532499966153
27	46	1.259171999998216
27	46	1.3220469999978377
27	46	1.5581094999979541
27	46	1.6246407499966153
27	46	1.6490469999953348
27	46	1.6658907499986526
27	46	1.6688594999977795
27	46	1.7078907499962952
27	46	1.7247969999989436
27	46	1.7762657499988563
27	47	-5.94348225000067
27	47	-5.859575999998924
27	47	-5.72716975000003
27	47	-5.666700999998284
27	47	-5.272607250000874
27	47	-5.138482250000379
27	47	-5.02916974999971
27	47	-5.025607249997847
27	47	-5.0008572499973525
27	47	-4.938232249998691
27	47	-4.328013499998633
27	47	-3.2294207500017365
27	47	-3.1873895000026096
27	47	-3.127420750002784
27	47	-2.625045750002755
27	47	-2.1348270000016782
27	47	-1.9643895000008342
27	47	-1.9408582500000193
27	47	-1.8458270000010089
27	47	-1.6704207500006305
27	47	-1.6424832500015327
27	47	-1.6330770000022312
27	47	-1.3941707500016491
27	47	-1.294639499999903
27	47	-1.2139207500003977
27	47	-1.2041082499999902
27	47	-1.1169217499991646
27	47	-1.1098904999998922
27	47	-1.099484250000387
27	47	-0.8901404999996885
27	47	-0.6227342499987572
27	47	-0.6010467499982042
27	47	-0.580671749998146
27	47	-0.5613904999991064
27	47	-0.5176717499998631
27	47	-0.3770154999983788
27	47	-0.21195299999817507
27	47	-0.16123425000114366
27	47	-0.11804674999802955
27	47	0.24745325000185403
27	47	0.3603595000022324
27	47	0.3713282499993511
27	47	0.47495324999908917
27	47	1.0601095000019995
27	47	1.2435782499997003
27	47	1.2520157500002824
27	47	1.4674209999975574
27	47	1.4740459999993618
27	47	1.5772022499986633
27	47	1.7979209999975865
27	47	1.8055459999995946
27	48	-5.844419499997457
27	48	-5.34535699999833
27	48	-4.534888249996584
27	48	-4.209825749996526
27	48	-4.126731999996991
27	48	-4.0013892499991925
27	48	-3.4645767500005604
27	48	-3.3688892499994836
27	48	-3.2910454999982903
27	48	-3.1242329999986396
27	48	-2.9786392499991052
27	48	-2.927545499998814
27	48	-2.907482999999047
27	48	-2.6732642499991925
27	48	-2.6060455000006186
27	48	-2.176107999999658
27	48	-2.1729517499989015
27	48	-1.8832642499983194
27	48	-1.7060454999991634
27	48	-1.5877330000002985
27	48	-1.4119839999984833
27	48	-1.2402339999971446
27	48	-1.1572339999984251
27	48	-0.8736402499962423
27	48	-0.588858999999502
27	48	-0.5157652499983669
27	48	-0.1515777499989781
27	48	-0.026577749998978106
27	48	0.0922347500018077
27	48	0.28864100000282633
27	48	0.32226600000285544
27	48	0.3982972500016331
27	48	0.4194222500009346
27	48	0.5009535000026517
27	48	0.6198285000027681
27	48	0.698453500001051
27	48	0.7707347500036121
27	48	1.0078587499992864
27	48	1.1230775000003632
27	48	1.1512650000004214
27	48	1.172296249998908
27	48	1.2445462499999849
27	48	1.3268275000009453
27	48	1.5030149999984133
27	48	1.6725462499998685
27	48	1.7207337500003632
27	48	1.7488274999996065
27	48	1.7520462499996938
27	48	1.8041087499987043
27	49	-5.341293999998015
27	49	-4.938262749998103
27	49	-4.914981499998248
27	49	-4.7541377499983355
27	49	-4.726950249998481
27	49	-4.7047002500003146
27	49	-4.448668999997608
27	49	-4.227325249998103
27	49	-4.006795000001148
27	49	-3.976607500000682
27	49	-3.964857499999198
27	49	-3.9519512500010023
27	49	-3.403107500002079
27	49	-3.39638874999946
27	49	-3.3701700000019628
27	49	-3.3014824999991106
27	49	-3.2682637500001874
27	49	-3.1847012500002165
27	49	-3.1777012500024284
27	49	-3.145888750001177
27	49	-3.140545000002021
27	49	-3.1296074999991106
27	49	-2.9232637499990233
27	49	-2.8132949999999255
27	49	-2.688763750000362
27	49	-2.5888887500004785
27	49	-2.3776700000016717
27	49	-2.304701249999198
27	49	-2.2623887500012643
27	49	-2.159482499999285
27	49	-2.0816699999995762
27	49	-1.395639750000555
27	49	-1.1333584999993036
27	49	-0.7947334999989835
27	49	-0.7417022499976156
27	49	-0.2692647500007297
27	49	-0.016452249998110346
27	49	0.080829000002268
27	49	0.14898525000171503
27	49	0.2418290000023262
27	49	0.24439150000034715
27	49	0.24692275000052177
27	49	0.27420400000119116
27	49	0.5398915000005218
27	49	0.7918592500027444
27	49	0.873953000002075
27	49	0.9587342500017257
27	49	1.3577967500023078
27	49	1.3979530000033265
27	49	1.620046750002075
27	50	-5.795168999997259
27	50	-5.734419000000344
27	50	-5.709075249997113
27	50	-5.4345439999997325
27	50	-5.356231499998103
27	50	-5.340419000000111
27	50	-5.30720024999755
27	50	-5.068825250000373
27	50	-4.620418999998947
27	50	-4.365887749998365
27	50	-4.287763749998703
27	50	-4.269138749998092
27	50	-4.265107499995793
27	50	-4.183138749998761
27	50	-4.126044999997248
27	50	-4.079826249995676
27	50	-3.98995124999783
27	50	-3.929419999996753
27	50	-3.8674824999980046
27	50	-3.8432324999957928
27	50	-3.632732499998383
27	50	-3.472482499997568
27	50	-3.4544512499960547
27	50	-3.438857499997539
27	50	-3.4312012499976845
27	50	-3.4136074999987613
27	50	-3.4097324999966077
27	50	-3.4074512499973935
27	50	-3.3912324999982957
27	50	-3.378701249996084
27	50	-3.371013749998383
27	50	-3.3071387499985576
27	50	-3.294013749997248
27	50	-3.2863887499952398
27	50	-3.2738262499951816
27	50	-3.239232499996433
27	50	-3.162951249996695
27	50	-3.007607499996084
27	50	-2.9394199999951525
27	50	-2.7274512499971024
27	50	-2.7241699999976845
27	50	-2.5582324999959383
27	50	-2.4921699999977136
27	50	-2.4817012499952398
27	50	-2.3282012499985285
27	50	-1.9761387499966077
27	50	-1.9221699999980046
27	50	-1.6526085000004969
27	50	-1.5098272499999439
27	50	-1.4239835000007588
27	50	-1.193233499998314
27	50	-0.9253272499990999
27	50	-0.7302647500000603
27	50	-0.7143584999976156
27	50	-0.658170999999129
27	50	-0.35335850000046776
27	50	-0.23470224999982747
27	50	-0.1630147500000021
27	50	-0.05557724999744096
27	50	0.3189852499999688
27	50	0.39136024999970687
27	50	0.6709530000043742
27	50	0.9074217500019586
27	50	0.9402342500034138
27	50	0.9966092500035302
27	50	1.3669530000042869
27	50	1.4673592500039376
27	50	1.5009217500009981
27	50	1.7602967500024533
27	50	1.8135780000011437
28	1	-4.629263499995432
28	1	1.789952250001079
28	2	-2.434983249997458
28	2	-0.362952999999834
28	2	0.029859499998565298
28	2	0.6764844999997877
28	2	0.8205782500008354
28	2	1.2800459999998566
28	2	1.286264750000555
28	3	-4.610857499999838
28	3	-3.1709200000004785
28	3	-3.1671387499991397
28	3	-2.3083897500000603
28	3	0.5233905000022787
28	3	1.827702999999019
28	4	-5.698607499998616
28	4	-5.3643887500002165
28	4	-1.397077249999711
28	4	0.22457800000120187
28	4	0.6663904999986698
28	4	0.8322655000010855
28	4	1.5634217500009981
28	4	1.7824520000031043
28	5	0.4135469999964698
28	5	0.5040157499970519
28	5	0.5084219999989728
28	6	-4.682139250002365
28	6	-4.4609830000008515
28	6	-1.6154527500038967
28	6	-1.4309215000030235
28	6	-1.4116090000024997
28	6	-1.1957965000037802
28	6	-0.8651715000014519
28	6	-0.20648400000209222
28	6	-0.15592150000156835
28	6	0.3829837499979476
28	6	1.9480462499996065
28	7	-2.62054524999985
28	7	-2.2748587499991118
28	7	-2.2188900000001013
28	7	-1.6819212499976857
28	9	-3.2259200000007695
28	9	1.9721717499996885
28	10	-0.5439837499943678
28	10	-0.21695249999538646
28	10	-0.17301499999666703
28	10	0.9753590000036638
28	10	1.5382652500011318
28	10	1.7172340000033728
28	11	-5.909887750000053
28	11	-1.046014750001632
28	11	-0.8152022499998566
28	11	-0.5730772500028252
28	11	-0.4481407500024943
28	12	-5.430295000001934
28	12	-2.5765147499987506
28	13	-3.063014250001288
28	13	-3.059514249998756
28	13	-3.0575142499983485
28	13	-3.0550455000011425
28	13	-0.6850152499973774
28	13	1.8809524999996938
28	14	-5.732232250000379
28	14	-4.8438884999995935
28	14	-4.805232250000699
28	14	0.28039074999833247
28	15	-4.7220760000018345
28	15	-2.7723895000017365
28	15	0.04029699999591685
28	16	-2.7161392500020156
28	16	-2.4188580000009097
28	16	-1.8214205000003858
28	16	-1.2291079999995418
28	16	-0.9662955000021611
28	17	-3.5285140000050887
28	17	-3.4892327500019746
28	17	-3.4655765000024985
28	17	-2.166327500002808
28	17	-1.9370462500010035
28	17	-1.9155462500020803
28	17	-0.7219525000000431
28	17	1.6798902499976975
28	18	-3.674420250001276
28	18	-3.269263999998657
28	19	-3.1913574999998673
28	19	-1.113139749999391
28	19	-0.4749835000002349
28	19	1.6585779999986698
28	20	-3.857544999998936
28	20	0.4437030000044615
28	20	1.2125155000030645
28	20	1.3602342500016675
28	20	1.4422655000016675
28	21	-5.627887750000809
28	21	-5.437200249998568
28	21	-3.106607499998063
28	21	1.6626717500002997
28	22	-5.3169195000009495
28	22	-3.495358000000124
28	22	-1.3401714999999967
28	22	-1.3289215000004333
28	22	-1.3089214999999967
28	22	1.0272649999969872
28	22	1.7498274999998102
28	23	-3.3049205000024813
28	23	-3.1157955000016955
28	23	-3.1047017500022775
28	23	-3.062514250003005
28	23	-3.0464205000025686
28	23	-2.7967955000021902
28	23	-2.7171392500022193
28	23	-2.694795500003238
28	23	-2.6731705000020156
28	23	-2.385264250002365
28	23	-1.899264250001579
28	23	1.4295462500012945
28	24	-2.3794517499991343
28	24	-0.2502027500013355
28	24	-0.23382775000209222
28	24	0.03492224999718019
28	24	0.9643587499995192
28	24	0.9872962500012363
28	24	1.385483750000276
28	25	0.7800465000000258
28	25	0.7907965000013064
28	25	1.2010777499999676
28	26	-3.4665132499976608
28	27	-0.7253272499983723
28	27	-0.6677022500007297
28	27	-0.6458897499978775
28	27	-0.3998584999972081
28	28	-3.673669500003598
28	28	-3.661325750003016
28	28	-3.410200750000513
28	28	0.935297249998257
28	28	1.7845159999960742
28	28	1.8640784999988682
28	29	-5.868825750003452
28	29	-5.536794500003452
28	29	-3.9320767499993963
28	29	-1.0805777500027034
28	29	-1.0492652500033728
28	30	-1.6992024999999558
28	30	-1.6961087500021677
28	30	0.19485900000290712
28	30	0.2132652500004042
28	31	-4.630263999999443
28	31	-1.1276399999951536
28	31	1.5112965000007534
28	31	1.534890250000899
28	31	1.7382965000033437
28	31	1.983764250002423
28	32	-5.419825500001025
28	32	-4.637889000001451
28	32	-3.5681702500005485
28	32	-0.701077500001702
28	32	1.6350464999959513
28	33	-2.3594512499985285
28	33	-2.3213262499957636
28	33	-2.2786387499982084
28	33	-1.5606074999959674
28	34	-3.5660132499979227
28	34	-2.196451749998232
28	34	-2.0781704999972135
28	34	-1.639389249998203
28	35	-2.4856084999992163
28	35	-1.8115147499993327
28	35	-0.6793584999977611
28	35	-0.4216710000000603
28	35	-0.3226397500002349
28	35	0.06964049999805866
28	35	0.07735925000088173
28	35	1.5051092499998049
28	36	-4.424200749999727
28	36	-4.335263250002754
28	36	0.6649222500018368
28	37	-4.89038824999443
28	37	0.264859750004689
28	37	0.3858285000023898
28	37	0.40985975000512553
28	37	0.4367660000025353
28	37	1.1984525000007125
28	37	1.326702500002284
28	37	1.3338275000023714
28	38	-5.638481499998306
28	38	-4.121607500001119
28	38	-3.9108575000027486
28	38	-3.9008575000007113
28	38	-1.5460772500009625
28	38	0.014704000001074746
28	38	0.1503290000000561
28	38	0.26536024999950314
28	38	0.2689852500006964
28	38	1.7683279999982915
28	39	-1.3067647499992745
28	39	0.6948904999990191
28	40	-1.405984000000899
28	40	0.8955150000001595
28	40	0.9068900000020221
28	40	0.9143275000024005
28	41	-1.9922642500023358
28	42	-5.694325250005932
28	42	-5.393387750005786
28	42	-5.380482500004291
28	42	-5.3076387500041164
28	42	-5.305420000004233
28	42	-2.162077250002767
28	43	-2.509701999999379
28	43	-1.4325769999995828
28	43	0.6758282499977213
28	43	1.9408282499971392
28	47	-1.889733250001882
28	47	-1.8633895000020857
28	47	-1.6525145000014163
28	47	-1.6470457499999611
28	47	-1.1792957500001648
28	47	-1.0732967500007362
28	47	1.1165157499999623
28	48	-3.318045500000153
28	48	-2.1694517500000075
28	48	-1.965139249998174
28	48	-1.8255142499983776
28	48	0.1804535000010219
28	48	1.1047337499985588
28	49	-4.474981499999558
28	49	-3.2134824999993725
28	49	-3.1265137500013225
28	49	-0.9739835000000312
28	49	0.8688592500038794
28	50	-4.2905449999962
28	50	-4.282607499997539
28	50	-3.269263749996753
29	1	-5.918075999998109
29	1	-4.565138499998284
29	1	-4.543669749997207
29	1	-3.5647332499975164
29	1	-3.3671707499997865
29	1	-3.364358249997167
29	1	-2.0312332499997865
29	1	-1.4043904999962251
29	1	0.48889075000261073
29	2	-5.5163885000001756
29	2	-4.975857249999535
29	2	-4.163544750001165
29	2	-3.887576999997691
29	2	-2.8546394999975746
29	2	-2.5280457499975455
29	2	-2.4071707499970216
29	2	-2.30176449999999
29	2	-2.2235769999970216
29	2	-2.0996082499987097
29	2	-1.8037332499989134
29	2	-1.187077999999019
29	2	-0.3502967499989609
29	2	-0.3459530000000086
29	2	0.19654699999955483
29	3	-5.557200250001188
29	3	-5.062481500001013
29	3	-3.419451249999838
29	3	-2.3492022499995073
29	3	0.24326550000114366
29	3	1.2399217499987572
29	3	1.3368279999995138
29	3	1.9551092500005325
29	4	-4.5942324999996345
29	4	-3.343138749998616
29	4	-3.099670999999944
29	4	-2.10545225000169
29	4	-1.418452249999973
29	4	-1.004483500000788
29	4	0.49385925000024145
29	4	0.7009217500017257
29	4	1.0818905000014638
29	4	1.3611717499989027
29	4	1.6419217500006198
29	4	1.7872332500010089
29	4	1.9360145000027842
29	5	-5.930638500001805
29	5	-5.8772635000023
29	5	-4.34191975000067
29	5	-4.287138500003493
29	5	-4.022638500002358
29	5	-3.5192635000021255
29	5	-3.383045750000747
29	5	-2.8436394999989716
29	5	-2.716639500002202
29	5	-1.2552332500017656
29	5	-1.198327000001882
29	5	-0.8790155000024242
29	5	-0.7033592500010855
29	5	0.35442199999670265
29	5	0.5166407499964407
29	6	-5.649325750000571
29	6	-5.438200750002579
29	6	-5.335638250002376
29	6	-4.994950750002317
29	6	-3.92404549999992
29	6	-3.505858000000444
29	6	-2.730482999999367
29	6	-2.411701749999338
29	6	-0.4452965000018594
29	6	0.8525462500001595
29	7	-5.38885675000347
29	7	-5.204544250002073
29	7	-5.1266067500000645
29	7	-4.520857750001596
29	7	-4.080670250001276
29	7	-3.6454827499983367
29	7	-2.898201500000141
29	7	-2.19757749999917
29	7	-1.4067962499975692
29	7	-0.4437962499978312
29	7	-0.014889999998558778
29	7	1.1015777499997057
29	8	-4.840825750001386
29	8	-3.67532575000223
29	8	-3.315170499998203
29	8	-2.1880767500006186
29	8	-1.1710142499978247
29	8	-1.0739829999984067
29	8	-0.6048902500006079
29	8	-0.28151525000066613
29	8	-0.012484000002586981
29	8	0.6517034999997122
29	8	1.048172249997151
29	8	1.2330472499997995
29	9	-5.564512749999267
29	9	-5.395543999999063
29	9	-5.273356500001682
29	9	-4.799919000000955
29	9	-4.684325250000256
29	9	-3.9956700000002456
29	9	-3.631201249998412
29	9	-2.5241074999976263
29	9	-2.452513749998616
29	9	-2.386013749997801
29	9	-1.8145460000014282
29	9	-1.7915772500018647
29	9	-0.06238975000087521
29	9	0.4383602499983681
29	9	1.216265499999281
29	10	-5.938231749998522
29	10	-5.363106749999133
29	10	-4.505263999999443
29	10	-0.39660874999754014
29	10	1.74614025000119
29	11	-5.356357500004378
29	11	-4.589482500003214
29	11	-4.403263750002225
29	11	-3.208170000001701
29	11	-2.8577647500023886
29	11	-2.558483500000875
29	11	-2.462233500002185
29	11	-2.083358500000031
29	11	-1.3158897500034072
29	11	-0.4769220000052883
29	11	-0.3567032500031928
29	11	0.25407799999811687
29	11	0.47179674999642884
29	11	0.7805154999950901
29	11	1.5132967499957886
29	11	1.673702999996749
29	11	1.7257967499972438
29	12	-5.87563874999978
29	12	-5.7142637500001
29	12	-5.182170000000042
29	12	-5.058795000000828
29	12	-4.635170000001381
29	12	-4.052263749999838
29	12	-3.544326250001177
29	12	-3.0076397499979066
29	12	-2.9472959999984596
29	12	-2.767014749999362
29	12	-2.4205459999975574
29	12	-1.7310772499986342
29	12	-0.664703250000457
29	12	-0.2362657500016212
29	12	0.9029530000007071
29	12	1.4941404999990482
29	12	1.927451999999903
29	13	-5.975981999996293
29	13	-5.652763249996497
29	13	-5.326950749997195
29	13	-4.959325749998243
29	13	-4.723325749997457
29	13	-4.338639249999687
29	13	-4.12857675000123
29	13	-3.9365142499991634
29	13	-3.88126425000155
29	13	-1.1777964999964752
29	13	-0.755702749996999
29	13	-0.5979839999963588
29	13	-0.3126714999998512
29	13	0.13257850000081817
29	13	0.5256399999998393
29	13	0.6374212500013527
29	13	0.9179212499984715
29	13	1.132921249998617
29	13	1.2431087500008289
29	14	-5.523607250001078
29	14	-5.4070135000001756
29	14	-5.260169749999477
29	14	-5.179482250001456
29	14	-5.023982250000699
29	14	-4.232232250000379
29	14	-4.107513499999186
29	14	-3.628263499998866
29	14	-3.581794749999972
29	14	-3.474888500000816
29	14	-3.212108249997982
29	14	-2.592451999997138
29	14	-2.1557332499978656
29	14	-1.9069207499996992
29	14	-1.7546394999990298
29	14	-1.576608249997662
29	14	-0.8261405000012019
29	14	-0.4489529999991646
29	14	-0.020390500001667533
29	14	1.790577250001661
29	15	-5.4369812500044645
29	15	-4.494919750002737
29	15	-3.7204510000010487
29	15	-1.4852645000028133
29	15	-1.1625144999998156
29	15	-0.22907800000393763
29	15	0.30032824999580043
29	15	0.3609844999955385
29	15	1.4047657499977504
29	15	1.8545157499975176
29	16	-5.8139185
29	16	-5.548949750002066
29	16	-5.3486372500010475
29	16	-4.080825750002987
29	16	-4.032669500003976
29	16	-3.939607000003889
29	16	-3.0404820000039763
29	16	-2.302733000000444
29	16	-1.5340455000005022
29	16	-1.0410767499997746
29	16	0.1935784999986936
29	16	1.0882347499973548
29	16	1.4732034999979078
29	17	-4.315795250004157
29	17	-3.929951500002062
29	17	-2.8159827500021493
29	17	-2.25514000000112
29	17	-1.8109212500021385
29	17	-0.8304212500006543
29	17	-0.5443900000027497
29	17	0.2653902499951073
29	17	0.736577749998105
29	17	0.791265249998105
29	17	1.6601402499945834
29	17	1.7836714999975811
29	18	-5.918731750000006
29	18	-5.551950500001112
29	18	-5.183013999998366
29	18	-4.882763999998133
29	18	-4.824982750000345
29	18	-4.696014000001014
29	18	-4.6925452499999665
29	18	-4.439232749999064
29	18	-4.406170250000287
29	18	-4.068763999999646
29	18	-3.9675452500014217
29	18	-3.2814827500005777
29	18	-1.7152337500010617
29	18	-0.828546250002546
29	18	0.04576525000084075
29	18	0.6824840000008408
29	18	1.1138277499994729
29	18	1.6227340000004915
29	18	1.770296499998949
29	18	1.9449214999985998
29	19	-5.791887749997841
29	19	-5.781043999999383
29	19	-5.5648877499988885
29	19	-5.4913877500002855
29	19	-5.423043999999209
29	19	-5.177856499998597
29	19	-4.942543999997724
29	19	-4.443981500000518
29	19	-3.970732500001759
29	19	-3.108670000001439
29	19	-2.542294999999285
29	19	-1.3275460000004387
29	19	-0.1770147499992163
29	19	0.08354775000043446
29	19	0.44217275000119116
29	19	1.0471404999989318
29	19	1.0600779999986116
29	19	1.1908279999988736
29	20	-5.689512749999267
29	20	-4.378388749999431
29	20	-4.1893262500016135
29	20	-4.03432624999914
29	20	-3.4136074999987613
29	20	-2.2885459999997693
29	20	-2.273920999999973
29	20	-1.6572647499997402
29	20	-1.020327250000264
29	20	-0.8196709999974701
29	20	0.40748425000492716
29	20	1.1202655000015511
29	20	1.6065467500047816
29	20	1.6660780000020168
29	20	1.9238592500041705
29	21	-5.541950250000809
29	21	-4.907450250000693
29	21	-4.366669999999431
29	21	-3.7846387499994307
29	21	-3.3846387499979755
29	21	-3.0677324999960547
29	21	-2.938263749998441
29	21	-2.1353897500011954
29	21	-1.566795999999158
29	21	-0.49957725000058417
29	21	0.24873425000259886
29	21	0.35739050000120187
29	21	1.0996405000005325
29	21	1.257484250003472
29	21	1.550453000003472
29	21	1.8833592500013765
29	22	-5.681138249998185
29	22	-5.66976324999996
29	22	-5.505169500000193
29	22	-4.221044499998243
29	22	-3.307670500002132
29	22	-3.179389250002714
29	22	-2.744764250001026
29	22	-2.0975767500021902
29	22	-1.4355777499986289
29	22	-0.09129649999886169
29	22	0.08932850000201142
29	22	1.3480462499974237
29	22	1.9630774999968708
29	23	-5.861700749999727
29	23	-4.772044500001357
29	23	-4.092951750004431
29	23	-3.8358580000021902
29	23	-3.817858000002161
29	23	-3.176295500001288
29	23	-3.0946392500045476
29	23	-2.3581705000033253
29	23	-1.952608000003238
29	23	-1.3660777500008408
29	23	-0.411952750000637
29	23	0.2639847499995085
29	24	-5.330544500000542
29	24	-4.384889249999105
29	24	-3.8723580000005313
29	24	-1.6397965000032855
29	24	-0.5772027500024706
29	24	-0.5323902500022086
29	24	-0.5207652500030235
29	24	0.06260974999895552
29	24	0.10204724999857717
29	24	0.9619525000016438
29	25	-5.796387999998842
29	25	-5.332138000001578
29	25	-5.194950500001141
29	25	-4.505170249998628
29	25	-4.18817024999953
29	25	-3.554951499998424
29	25	-2.9806702499990934
29	25	-2.89667025000017
29	25	-2.2133587499993155
29	25	-2.132733750000625
29	25	-1.3530462500020803
29	25	-1.198296250000567
29	25	-0.3201087500019639
29	25	0.26148400000238325
29	25	1.3668902499994147
29	26	-5.452419499997632
29	26	-5.089450749997923
29	26	-3.2004507499950705
29	26	-1.8969204999993963
29	26	-1.7767017499973008
29	26	-1.3879204999975627
29	26	-1.1419829999977082
29	26	-0.5699214999985998
29	26	0.8522972500031756
29	26	1.2724222500037285
29	26	1.3525785000019823
29	26	1.7675785000028554
29	27	-5.691981500000111
29	27	-5.67610649999915
29	27	-4.722951249998005
29	27	-4.622638749995531
29	27	-4.293294999995851
29	27	-2.99116999999751
29	27	-2.4704209999981686
29	27	-1.37723349999942
29	27	-0.758295999999973
29	27	0.004609250001522014
29	27	0.32389050000347197
29	27	1.2291717500011146
29	27	1.5285155000019586
29	27	1.6314217500039376
29	28	-4.934669500002201
29	28	-4.078482000000804
29	28	-2.2639205000050424
29	28	-0.38754550000521704
29	28	0.24635974999910104
29	28	0.4522659999965981
29	28	0.6168909999978496
29	28	1.0153597499993339
29	28	1.2408284999983152
29	28	1.919672249998257
29	29	-5.1102007500012405
29	29	-4.73141950000354
29	29	-4.562544500004151
29	29	-4.448482000003423
29	29	-2.432670500002132
29	29	-2.364826749999338
29	29	-1.974608000000444
29	29	-1.563671500003693
29	29	-0.1987027500035765
29	29	0.08954724999784958
29	29	0.4232972499958123
29	29	0.7461399999992864
29	30	-5.393326499997784
29	30	-4.720170249998773
29	30	-4.648795249999239
29	30	-4.069201499998599
29	30	-4.031232749999617
29	30	-3.8342952499988314
29	30	-3.439607749998686
29	30	-3.40404524999758
29	30	-2.11329625000144
29	30	-0.8402962500003923
29	30	-0.6817650000011781
29	30	0.0297652500012191
29	30	0.5673902500020631
29	30	1.1187965000026452
29	30	1.856234000002587
29	31	-5.901700499998697
29	31	-4.251076499996998
29	31	-2.653889999997773
29	31	-1.8472337499952118
29	31	-1.82463999999527
29	31	-1.2935149999975692
29	31	-0.6286712499968417
29	31	-0.4765472499966563
29	31	-0.07614099999773316
29	31	0.05104650000066613
29	31	0.08620275000066613
29	31	0.6046402500032855
29	31	1.4120152499999676
29	31	1.5201090000009572
29	32	-5.82623175000117
29	32	-5.726888000001054
29	32	-5.010514000001422
29	32	-4.6222327500036045
29	32	-4.282045250001829
29	32	-4.136982750002062
29	32	-3.9824515000036627
29	32	-3.804857750001247
29	32	-3.4613890000036918
29	32	-1.8108275000013236
29	32	-1.5475150000020221
29	32	-0.3875149999985297
29	32	0.13435899999603862
29	32	0.2022339999966789
29	32	0.3617652499960968
29	32	0.5197964999970281
29	32	1.2723277499972028
29	33	-5.9469814999974915
29	33	-4.194762749997608
29	33	-3.9359199999962584
29	33	-3.8030137499954435
29	33	-3.4197012499971606
29	33	0.624203999999736
29	33	0.6850477500011039
29	33	1.0131717500007653
29	33	1.6989217500013183
29	33	1.9585155000022496
29	34	-5.315262249998341
29	34	-4.798169499998039
29	34	-4.567794499998854
29	34	-4.3303882500003965
29	34	-4.318325749998621
29	34	-3.3753882499986503
29	34	-2.8511694999979227
29	34	-2.6052329999984067
29	34	-2.3261079999974754
29	34	-2.2058267499996873
29	34	-1.8897642499978247
29	34	-1.1286392499969224
29	34	-0.9847642499989888
29	34	0.021891000000323402
29	34	0.2508285000003525
29	34	0.7441409999992175
29	34	1.4049847499991301
29	35	-5.7843564999966475
29	35	-4.306857499999751
29	35	-3.6469824999985576
29	35	-3.4213262500015844
29	35	-2.426764749998256
29	35	-1.620046000000002
29	35	-1.331702249997761
29	35	-0.8856710000000021
29	35	-0.31188974999895436
29	35	0.45232799999939743
29	35	1.1352342499994847
29	35	1.2514842499986116
29	35	1.8967967499993392
29	36	-5.953824749998603
29	36	-5.909293500000786
29	36	-5.722387249999883
29	36	-2.0746704999983194
29	36	-1.5663892500015208
29	36	-1.122420499999862
29	36	-0.5938902499983669
29	36	-0.22601524999845424
29	36	0.18976600000314647
29	36	0.45054725000227336
29	36	1.8109847500018077
29	37	-5.552919499994459
29	37	-5.157638249995216
29	37	-4.131013249996613
29	37	-4.020825749994401
29	37	-3.2973579999961657
29	37	-3.164857999996457
29	37	-2.7605142499960493
29	37	-2.040076749995933
29	37	-1.4248277499973483
29	37	-1.2628589999949327
29	37	-0.6615464999958931
29	37	-0.25804649999554385
29	37	1.318171250000887
29	37	1.9696087500014983
29	38	-5.9338252499983355
29	38	-5.103700249997928
29	38	-3.1922012499999255
29	38	-2.939482500001759
29	38	-0.3324209999991581
29	38	0.12070400000084192
29	38	1.3182967499997176
29	38	1.4867342500001541
29	38	1.506359249997331
29	39	-5.2007940000003146
29	39	-5.093918999999005
29	39	-4.359888750001119
29	39	-4.2067012500010605
29	39	-3.8408575000030396
29	39	-3.822295000001759
29	39	-3.498076250001759
29	39	-3.114638750001177
29	39	-2.916670000002341
29	39	-2.129357500001788
29	39	-1.7396085000000312
29	39	-1.7058272499998566
29	39	0.35136024999883375
29	39	0.9709217500021623
29	39	1.1972967500005325
29	39	1.874577999999019
29	39	1.9725155000014638
29	40	-5.501638249999814
29	40	-5.1670444999981555
29	40	-4.579826749999484
29	40	-3.726357999999891
29	40	-3.671451749996777
29	40	-3.2146079999984067
29	40	-1.4128902500015101
29	40	-1.3372965000016848
29	40	-0.833827750000637
29	40	-0.25729649999993853
29	40	0.10920350000014878
29	40	0.31879625000146916
29	40	1.4439525000016147
29	41	-5.065825749999931
29	41	-4.798356999999669
29	41	-4.547950749998563
29	41	-4.027013250000891
29	41	-3.4662944999981846
29	41	-3.0162632499996107
29	41	-2.9467320000003383
29	41	-1.5730455000011716
29	41	-0.8911079999998037
29	41	0.49579725000148755
29	42	-5.638387750004767
29	42	-4.861232500003098
29	42	-3.6031075000028068
29	42	-3.274482500004524
29	42	-3.1648575000035635
29	42	-3.0347012500023993
29	42	-2.909389750002447
29	42	-2.3315147499997693
29	42	-0.6983272500001476
29	42	-0.5488272500006133
29	42	1.2601404999950319
29	43	-5.895387500000652
29	43	-5.386449999998149
29	43	-5.152356250000594
29	43	-4.397919750001165
29	43	-3.959700999999768
29	43	-3.807669750000059
29	43	-3.3731697500006703
29	43	-3.2754197499998554
29	43	-2.5641697500032024
29	43	-2.282733249998273
29	43	-1.026764499998535
29	43	-0.651139499997953
29	43	-0.3515144999983022
29	43	-0.342858249998244
29	43	0.7453594999969937
29	43	1.1143594999994093
29	43	1.4538282499997877
29	43	1.7327032499997586
29	43	1.8779219999996712
29	44	-5.356607500001701
29	44	-5.174295000000711
29	44	-4.236107500000799
29	44	-3.7269200000009732
29	44	-3.472982500003127
29	44	-1.3326397500022722
29	44	-0.9835147500016319
29	44	0.20339049999893177
29	44	0.29942174999814597
29	44	0.7679842499965162
29	44	0.8413904999979422
29	44	1.492671749998408
29	44	1.773264499999641
29	45	-5.60038749999876
29	45	-5.444449999999051
29	45	-4.873793750000914
29	45	-4.044576000000234
29	45	-3.484076000000641
29	45	-2.7822322499996517
29	45	-2.476857249999739
29	45	-1.7811394999989716
29	45	-1.4066082499994081
29	45	-1.2443582499981858
29	45	-1.1855457499987097
29	45	-0.8171394999990298
29	45	-0.6249519999983022
29	45	-0.2568895000003977
29	45	0.8642344999971101
29	45	1.0381094999975176
29	45	1.2528282499988563
29	45	1.5072657499986235
29	46	-3.4974510000029113
29	46	-3.2336072500038426
29	46	-1.2121394999994664
29	46	-0.7507020000011835
29	46	-0.5157332500020857
29	46	-0.3904842500014638
29	46	0.0892969999986235
29	46	0.9132344999961788
29	46	1.2225469999975758
29	46	1.9211407499969937
29	47	-5.933200999999826
29	47	-5.403013499999361
29	47	-5.105419749997964
29	47	-5.015232249999826
29	47	-4.018200999998953
29	47	-3.943138499998895
29	47	-3.8102634999995644
29	47	-2.455014499999379
29	47	-2.2395145000009506
29	47	-2.0811707499997283
29	47	-1.8476082500019402
29	47	-0.48692174999814597
29	47	0.02082824999888544
29	47	0.20210950000182493
29	47	0.35154700000202865
29	47	0.9032032499999332
29	47	1.292984499999875
29	48	-4.6773257499989995
29	48	-4.344731999997748
29	48	-4.113356999998359
29	48	-3.26492049999797
29	48	-3.2597329999989597
29	48	-3.0846392499988724
29	48	-1.6317642499998328
29	48	-0.6436402499966789
29	48	-0.5006402499966498
29	48	-0.08464024999921094
29	48	0.7732660000037868
29	48	1.344577500000014
29	48	1.4903274999996938
29	49	-5.630137749998539
29	49	-5.0141064999988885
29	49	-4.505606499998976
29	49	-3.868545000001177
29	49	-3.314044999999169
29	49	-1.190233499997703
29	49	-1.0148584999988088
29	49	-0.4435459999986051
29	49	-0.11063975000070059
29	50	-5.423575249998976
29	50	-5.157075249997433
29	50	-4.861293999998452
29	50	-2.7541699999965203
29	50	-1.035545999999158
29	50	-0.6011084999990999
29	50	-0.0935460000000603
29	50	0.7677342500028317
30	1	-4.969763499997498
30	1	-3.5814832500000193
30	1	-3.33423324999967
30	1	1.3320147500016901
30	2	-3.9598894999980985
30	2	-3.4918894999973418
30	2	-3.0469519999969634
30	2	-2.717983249996905
30	2	-0.6015780000016093
30	2	0.24773450000066077
30	2	0.5449845000002824
30	2	0.5603907500008063
30	2	0.9441710000028252
30	2	0.9769210000013118
30	2	1.0733897500031162
30	2	1.1234834999995655
30	2	1.8493897500011371
30	3	-5.35591900000145
30	3	-4.71798249999847
30	3	-4.131044999998267
30	3	-4.087576249999984
30	3	-4.02920124999946
30	3	-3.9744824999979755
30	3	-2.1968584999995073
30	3	-1.2584210000022722
30	3	-1.086514750000788
30	3	-0.6817022499999439
30	3	-0.6596710000012536
30	3	-0.5002022500011662
30	3	-0.3810772500000894
30	3	-0.025609500000427943
30	4	-5.338294999997743
30	4	-5.324888749997626
30	4	-5.296169999997801
30	4	-3.216139750002185
30	4	-3.1993585000018356
30	4	-3.162170999999944
30	4	-1.9566709999999148
30	4	-1.3533585000004678
30	4	1.2733279999993101
30	4	1.3187030000008235
30	4	1.7099530000014056
30	5	-3.9114197500020964
30	5	-3.695513500002562
30	5	-3.6908572500033188
30	5	-3.6868260000010196
30	5	-3.679169750001165
30	5	-2.0444832499997574
30	5	-1.8418894999995246
30	5	-1.8227957500021148
30	5	-1.819733250002173
30	5	-1.8134832499999902
30	5	-1.5547020000012708
30	5	0.41320324999833247
30	5	0.4822032499978377
30	5	0.7329219999955967
30	5	0.7396719999960624
30	5	0.7422969999970519
30	5	1.372953249996499
30	6	-4.745358000000124
30	6	-4.7364830000005895
30	6	-4.727107999999134
30	6	-4.72360800000024
30	6	-3.0113579999997455
30	6	-2.1159527500021795
30	6	-2.1122652500016557
30	6	-1.1490465000024415
30	6	0.6318587499990826
30	6	1.6139524999998685
30	7	-4.462170250000781
30	7	-3.3061390000002575
30	7	-2.7087639999990643
30	7	-2.6891389999982493
30	7	-0.8794212499997229
30	7	-0.8725774999984424
30	7	-0.5826087499990535
30	7	0.0537662500028091
30	7	0.6539527499990072
30	7	1.8794527499994729
30	8	-4.482294500001444
30	8	-2.7516704999979993
30	8	-2.7223892500005604
30	8	-2.715576750000764
30	8	-2.6944204999999783
30	9	-5.06545025000014
30	9	-4.344076249999489
30	9	-4.300044999999955
30	9	-3.9018887499987613
30	9	-3.7333262499996636
30	9	-3.726576249999198
30	9	-2.9651387499980046
30	9	-2.931763749998936
30	9	-2.437013750000915
30	9	-1.9006397500015737
30	9	-1.1075460000029125
30	9	-0.5282960000004095
30	9	-0.4825147500014282
30	9	-0.4754835000021558
30	9	0.2736102499984554
30	9	1.868203000001813
30	10	-4.506045249996532
30	10	-4.496545249996416
30	10	-4.481388999996852
30	10	-4.477545249996183
30	10	-4.0892327499968815
30	10	-3.2714202499992098
30	10	-3.1883577499975218
30	10	-3.151670249997551
30	10	-3.145295249996707
30	10	-3.1420764999966195
30	10	-3.138138999998773
30	10	-2.3318587499961723
30	10	-1.9582962499953283
30	10	-1.9543274999959976
30	10	-1.9443274999975984
30	10	-0.5509837499957939
30	10	0.14051525000104448
30	10	0.14335900000151014
30	11	-4.657888750003622
30	11	-3.1184200000025157
30	11	-1.7210147500009043
30	11	-1.4566397500020685
30	11	-0.6720772500011662
30	12	-5.896731499997259
30	12	-5.857482499999605
30	12	-4.138794999998936
30	12	-3.975263749998703
30	12	-2.5775459999968007
30	12	-1.8752334999990126
30	12	-1.5150147499989544
30	12	-0.8354220000001078
30	12	-0.7884220000014466
30	13	-5.9209507499981555
30	13	-5.900419499997952
30	13	-5.88710699999865
30	13	-5.211638249998941
30	13	-5.117763249996642
30	13	-4.781856999998126
30	13	-3.5084517499999492
30	13	-1.5361402499984251
30	13	0.1890472500017495
30	13	0.19507850000081817
30	13	0.21542225000303006
30	14	-2.6664207499998156
30	14	-2.1478895000000193
30	14	-2.1046082499997283
30	14	-2.045795750000252
30	14	-2.006701999998768
30	14	-1.076826999997138
30	14	-0.6593280000015511
30	14	1.857796000000235
30	15	-3.774951000003057
30	15	-3.758232250002038
30	15	-2.6168582499994955
30	15	0.311796999998478
30	16	-3.9916695000028994
30	16	-3.2654195000031905
30	16	-3.2387945000009495
30	16	-3.0611382500028412
30	16	-2.9025445000006584
30	16	-2.372201750000386
30	16	0.13879724999787868
30	16	0.8841722499964817
30	17	-2.801670250002644
30	17	-2.7794202500044776
30	17	-2.430733750003128
30	17	-2.3712337500001013
30	17	-2.0781087499999558
30	17	-1.7047962500000722
30	17	-1.6835150000006252
30	17	-1.639515000002575
30	17	-1.6312962500014692
30	17	-0.8265774999999849
30	17	-0.8226712499999849
30	17	-0.27114000000074157
30	17	1.2949214999971446
30	17	1.2977652499976102
30	17	1.2998589999951946
30	17	1.3022027499973774
30	18	-3.839795249998133
30	18	-2.870702500000334
30	18	-1.7130462500026624
30	18	-1.2809212500033027
30	18	-1.2720462500001304
30	18	1.9918590000015683
30	19	-5.722043999998277
30	19	-5.296450249999907
30	19	-5.205856500000664
30	19	-4.202543999999762
30	19	-4.1997627499986265
30	19	-3.051545000002079
30	19	-3.0443887500005076
30	19	-3.034451250001439
30	19	-3.03085750000173
30	19	-1.8484825000014098
30	19	-0.1496709999992163
30	19	1.6350779999993392
30	19	1.637015500000416
30	19	1.6488904999969236
30	20	-3.755170000000362
30	20	-2.8199512499995762
30	20	-1.8312647499988088
30	20	-1.5300147499983723
30	20	1.4282030000031227
30	21	-5.965012749999005
30	21	-3.3749512499962293
30	21	-3.3650762499964912
30	21	-3.3628574999966077
30	21	-2.621232499997859
30	21	-2.3581397499983723
30	21	-2.238670999999158
30	21	-1.7026709999990999
30	21	-1.5499835000009625
30	21	-1.5407647499996528
30	21	-1.534296000001632
30	21	-1.5173585000011371
30	21	-1.5097959999984596
30	21	-0.047327249998488696
30	21	0.3047342500030936
30	21	1.585515500002657
30	21	1.5890780000008817
30	21	1.5910780000012892
30	22	0.2327660000009928
30	22	1.022108749999461
30	22	1.8291399999980058
30	23	-3.4672330000030342
30	23	-3.1458580000035
30	23	-3.1291392500024813
30	23	-3.083451750004315
30	23	-3.050670500004344
30	23	-1.6716715000002296
30	23	-1.1694215000024997
30	23	-0.487608999999793
30	24	-4.793576749998465
30	24	-3.7823267499989015
30	24	-3.587983000001259
30	24	-2.3380152500030817
30	24	1.2252962499987916
30	24	1.7341087499989953
30	24	1.7491712500013818
30	24	1.8157337500015274
30	25	-4.783607749999646
30	25	-4.779732749997493
30	25	-3.822545249997347
30	25	-2.7103577499983658
30	25	-2.6567952499972307
30	25	-2.335452499999519
30	25	-1.1456400000024587
30	25	-0.6147650000020803
30	25	-0.07314000000042142
30	25	0.27395275000162655
30	25	0.3109215000004042
30	26	-5.272606999995332
30	26	-4.169763249996322
30	26	-4.166419499997573
30	26	-3.110483000000386
30	26	-3.0956392499974754
30	26	-3.090576749997126
30	26	-2.5735454999994545
30	26	-1.4474205000005895
30	26	0.05698475000463077
30	26	0.15354725000361213
30	26	0.8954222500033211
30	27	-4.301763749997917
30	27	-4.250326249995851
30	27	-4.244794999998703
30	27	-4.241482499997801
30	27	-4.101951249995182
30	27	-3.7912949999954435
30	27	-3.7814512499971897
30	27	-3.4815762499965786
30	27	-3.402138749996084
30	27	-3.1635449999957928
30	27	-2.8674512499965203
30	27	-2.8637637499959965
30	27	-2.667482499997277
30	27	-2.018983499998285
30	27	-1.3920459999972081
30	27	-1.3890772499980812
30	27	-1.0793584999992163
30	27	0.8286405000035302
30	27	0.859765500001231
30	27	1.469859250002628
30	28	-5.380387250002968
30	28	-5.157824750003783
30	28	-5.1482935000021826
30	28	-5.138387250004598
30	28	-5.134762250003405
30	28	-5.123574750003172
30	28	-4.161513250001008
30	28	-2.6252007500006584
30	28	-1.9385455000046932
30	28	-1.7063892500045768
30	28	-0.7075767500027723
30	28	0.2758284999981697
30	28	0.2898284999973839
30	28	0.9476409999988391
30	28	0.9538284999980533
30	28	0.9732659999972384
30	28	1.4819222499972966
30	29	-4.380919500003074
30	29	-3.948108000000502
30	29	-3.236420500001259
30	29	-2.5819517500021902
30	29	-2.579764250000153
30	29	-2.286576750000677
30	29	-2.27188925000155
30	29	-2.209701750001841
30	29	-2.1378892499997164
30	29	-1.9942955000005895
30	29	-0.8186402500032273
30	29	-0.7431715000020631
30	29	-0.718390250003722
30	29	-0.7000152500040713
30	29	-0.57817150000119
30	29	-0.06535900000380934
30	29	0.23382849999688915
30	30	-5.609388000000763
30	30	-4.985982749996765
30	30	-4.044232749998628
30	30	-3.41863899999953
30	30	-2.167858749999141
30	30	-2.1510774999987916
30	30	-2.0686087499998393
30	30	-1.9189525000001595
30	30	-1.9054212500013818
30	30	-1.2247649999990244
30	30	-1.0544525000004796
30	30	-0.6016400000007707
30	30	-0.5079837500015856
30	30	-0.496514999998908
30	31	-5.143388999997114
30	31	-3.5972327499985113
30	31	-3.593513999996503
30	31	-3.199795249998715
30	31	-2.4636712499959685
30	32	-4.863889000000199
30	32	-1.591608750000887
30	32	-1.2121399999996356
30	32	-1.2091399999990244
30	32	-0.6435774999990826
30	32	1.6904839999988326
30	32	1.8918277499979013
30	33	-3.731826249997539
30	33	-2.17579499999556
30	33	-1.4193272499978775
30	33	-1.20926474999942
30	33	-0.7447647499975574
30	33	-0.4271085000000312
30	33	-0.1989209999992454
30	33	0.9403915000002598
30	33	0.9598915000024135
30	34	-5.584324749997904
30	34	-5.441293499996391
30	34	-5.358980999997584
30	34	-5.096981999999116
30	34	-4.95882574999996
30	34	-4.953731999998126
30	34	-3.49891949999801
30	34	-3.490794500001357
30	34	-3.244294500000251
30	34	-2.1702642499985814
30	34	-1.1513579999991634
30	34	-0.2556704999988142
30	34	-0.0025777500013646204
30	35	-2.078077250000206
30	35	-2.07357724999747
30	35	-0.03489075000106823
30	35	1.7731405000013183
30	35	1.9768279999989318
30	36	-1.6285454999997455
30	36	-1.6256705000014335
30	36	-1.619857999998203
30	36	1.3218597500017495
30	36	1.325516000000789
30	36	1.3860785000033502
30	36	1.3895160000029136
30	37	-4.757481999997253
30	37	-4.695231999994576
30	37	-4.605044499996438
30	37	-4.2828882499961765
30	37	-3.641857999999047
30	37	-3.25320174999797
30	37	-2.877982999998494
30	37	-2.6708892499991634
30	37	-2.5912017499977082
30	37	-1.6440767499989306
30	37	1.3197650000001886
30	38	-5.931075249998685
30	38	-4.938293999999587
30	38	-4.889075249997404
30	38	-4.886200249999092
30	38	-4.881762749999325
30	38	-4.672012749997521
30	38	-3.327107500001148
30	38	-3.311076250000042
30	38	-3.0257637499998964
30	38	-2.8558575000024575
30	38	-2.6037950000027195
30	38	-1.9158887500016135
30	38	-1.907107500002894
30	38	-1.884888750002574
30	38	-1.857045000000653
30	38	-0.9742960000003222
30	38	-0.36088974999802304
30	38	0.026266500000929227
30	38	0.03404774999944493
30	38	0.28967275000104564
30	38	0.7875165000004927
30	39	-2.7772950000035053
30	39	-2.7719512500043493
30	39	-2.7685762500041164
30	39	-2.3056700000015553
30	39	-1.0356710000014573
30	39	-0.8766085000024759
30	39	-0.6919522499993036
30	39	0.5100467500014929
30	39	0.5129217499998049
30	39	1.2972342499997467
30	39	1.6487967499997467
30	40	-2.8742017499971553
30	40	-2.1201714999988326
30	40	-1.9595152500005497
30	40	-1.1655152499988617
30	40	-0.3224527499987744
30	40	-0.32085899999947287
30	40	-0.3179215000018303
30	40	0.27973375000146916
30	40	1.0499212499998976
30	41	-5.105357000000367
30	41	-3.3561694999989413
30	41	-2.6568569999981264
30	41	-2.2133580000008806
30	41	-1.757701750000706
30	41	-1.7442955000005895
30	41	-1.036701750002976
30	41	0.8106722500015167
30	42	-5.7896065000059025
30	42	-5.125107500003651
30	42	-4.30742000000464
30	42	-3.5503575000038836
30	42	-3.5304825000021083
30	42	-2.7883897500032617
30	42	-2.487858500000584
30	42	-2.3815147500026796
30	42	-1.7681397500018647
30	42	-1.7574210000020685
30	42	-0.252078250003251
30	42	0.2720154999951774
30	42	0.3856092499954684
30	42	1.805484249995061
30	43	-3.4957322500013106
30	43	-3.0826072500021837
30	43	-2.4862020000000484
30	43	-1.6247957499981567
30	43	-1.6200145000002522
30	43	-0.7040457500006596
30	43	-0.6889207499989425
30	43	-0.6626707499999611
30	43	1.1351407499969355
30	43	1.320640749996528
30	43	1.7736407499978668
30	43	1.8802032499988854
30	43	1.8913282499997877
30	43	1.8982032499989145
30	43	1.9027032499980123
30	44	-0.9279522500000894
30	44	0.11801549999654526
30	44	1.2678279999963706
30	44	1.5484529999957886
30	45	-3.4522635000030277
30	45	-2.472326000002795
30	45	-1.749420749998535
30	45	-1.745295749999059
30	45	-1.328170749999117
30	45	-1.0206707500001357
30	45	-0.051889499998651445
30	45	0.1413292500001262
30	45	0.1523917500016978
30	46	-3.641638500001136
30	46	-3.638044750001427
30	46	-3.6280447500030277
30	46	-1.1083582499995828
30	46	-1.0967020000025514
30	46	0.5781719999977213
30	46	1.8204844999963825
30	47	-4.719075999997585
30	47	-4.7152634999984
30	47	-3.3893582500022603
30	47	-3.385733250001067
30	47	-3.381420749999961
30	47	-2.8466394999995828
30	47	-2.4159832500008633
30	47	-2.392108250001911
30	47	-1.9696395000028133
30	47	-1.9180770000020857
30	47	-1.9147957500026678
30	47	-1.9116707499997574
30	47	-1.7303895000004559
30	47	-1.3810145000024932
30	47	-0.45392174999869894
30	47	-0.4362342499989609
30	47	1.999139749997994
30	48	-5.738138249998883
30	48	-4.200075749999087
30	48	-3.186764250000124
30	48	-2.0183267499996873
30	48	-2.010608000000502
30	48	0.44810975000291364
30	48	0.4507035000024189
30	48	0.4603597500026808
30	48	1.2923274999993737
30	49	-5.707481499997812
30	49	-5.702887749997899
30	49	-5.696200250000402
30	49	-3.5213575000016135
30	49	-3.034169999998994
30	49	-1.3259834999989835
30	49	-0.6090459999977611
30	49	-0.16357724999761558
30	49	-0.11085850000017672
30	50	0.31623525000031805
31	2	-3.255983249997371
31	2	-3.044764499998564
31	2	1.0702022500008752
31	2	1.0874210000001767
31	2	1.0907960000004095
31	2	1.2375772500017774
31	3	-4.830732499998703
31	3	-4.052982499997597
31	3	-4.045388750000711
31	3	-4.0433574999988195
31	3	-4.033888750000187
31	3	-4.031419999999343
31	3	-3.8122949999997218
31	3	-3.8097012500002165
31	3	-3.807607499998994
31	3	-3.8054824999999255
31	3	-3.021513749998121
31	3	-2.465014749999682
31	3	-0.24613975000102073
31	3	1.9363904999991064
31	4	-2.8918897500007006
31	4	-2.623233500002243
31	4	-2.611702250000235
31	4	-2.6071085000003222
31	4	-2.605139750001399
31	4	-2.6011710000020685
31	4	-2.598952250002185
31	4	-2.5886397499998566
31	4	-2.5665147500003513
31	4	-2.564327250001952
31	4	-2.5432959999998275
31	4	-2.541171000000759
31	4	-2.5081710000013118
31	4	-2.4779210000015155
31	4	-2.4535460000006424
31	4	-2.2380147500007297
31	5	-3.687388500002271
31	5	-3.683576000003086
31	5	-3.680294750003668
31	5	-3.327045750000252
31	5	-2.647233250001591
31	5	-2.466514499999903
31	5	-1.8276082500015036
31	5	-1.8173270000006596
31	5	-1.5681082500013872
31	5	-1.5656395000005432
31	5	-1.5613582500009215
31	5	-1.5596707500008051
31	5	-1.5531394999998156
31	5	-1.5326395000010962
31	5	-1.528295750002144
31	5	1.3027657499987981
31	6	-5.298388250001153
31	6	-5.252888250000979
31	6	-5.248982000000979
31	6	-5.245044500003132
31	6	-4.746826750000764
31	6	-2.9811079999999492
31	6	-1.4448277500014228
31	6	-1.4376090000041586
31	6	-1.1231402500015975
31	6	-1.1096715000021504
31	6	0.8957962499989662
31	6	1.0535774999989371
31	8	-2.746826750000764
31	8	-2.7303267499992216
31	8	-2.526201749999018
31	8	-2.5195767500008515
31	8	-2.516358000000764
31	8	-2.5131079999991925
31	8	-2.501326749999862
31	9	-5.052887750000082
31	9	-5.050137750000431
31	9	-5.044481500000984
31	9	-2.2792950000002747
31	9	-2.276232500000333
31	9	-2.274576249998063
31	9	-2.2716699999982666
31	9	-2.265857499998674
31	9	-1.9072335000018938
31	9	-1.9033584999997402
31	9	-1.5712647500004095
31	9	-0.4866397500009043
31	10	-4.4950764999994135
31	10	-4.4865452499980165
31	10	-4.4826389999980165
31	10	-3.142826499999501
31	10	-2.6420764999966195
31	10	-0.5520774999968125
31	10	-0.5486399999972491
31	10	-0.1945149999955902
31	10	-0.1922649999942223
31	10	0.14757775000180118
31	10	1.7722652500015101
31	11	-5.139482500002487
31	11	-3.0803887500042038
31	11	-3.0754512500025157
31	11	-0.2396095000040077
31	11	1.2046092499949737
31	12	-5.811388750000333
31	12	-3.7323887499987904
31	12	-3.7203574999984994
31	12	-3.014264749999711
31	12	-2.2413897499973245
31	12	0.9800467499990191
31	12	0.9842342499978258
31	13	-5.468763249999029
31	13	-5.465138249997835
31	13	-4.871106999999029
31	13	-4.863981999998941
31	13	-4.855231999998068
31	13	-4.838169499998912
31	13	-4.830200749998767
31	13	-4.8283257499970205
31	13	-4.816138249996584
31	13	-4.814263249998476
31	13	-4.806825749998097
31	13	-4.80463824999606
31	13	-4.793606999999611
31	13	-4.791669499998534
31	13	-4.775856999996904
31	13	-4.773606999999174
31	13	-4.764888249996147
31	13	-4.762481999998272
31	13	-3.50851424999928
31	13	-3.5051080000012007
31	13	-2.6152017499989597
31	13	-2.4675454999996873
31	13	-1.3905152499974065
31	13	0.1788285000002361
31	13	0.1812035000002652
31	13	1.6762337500003923
31	13	1.6794212499989953
31	14	-2.6781394999998156
31	14	-2.6752644999978656
31	14	-2.026952000000165
31	14	-2.0225769999997283
31	14	-0.6762030000027153
31	15	-3.7516072500038717
31	15	0.14667199999530567
31	15	0.30829699999594595
31	15	0.3140469999962079
31	15	0.3173907499985944
31	16	-1.7200142500005313
31	16	0.5387347499963653
31	17	-1.6386087500031863
31	17	-1.6357337500012363
31	17	-1.6319524999998976
31	17	-1.6207650000033027
31	17	-0.2666712500031281
31	17	0.3563589999976102
31	18	-4.735139000000345
31	18	-3.1304515000010724
31	18	-1.1259212500008289
31	19	-4.204106499997579
31	19	-3.351076250000915
31	19	-3.0432637500016426
31	19	-3.0395449999996345
31	19	-3.0301075000024866
31	19	-2.201607499999227
31	19	-0.1498272499993618
31	19	-0.14570224999988568
31	19	0.6791727500021807
31	19	1.6387967499977094
31	19	1.6454842499988445
31	19	1.6502342499989027
31	19	1.6531717500001832
31	20	-4.260638750001817
31	20	-4.258982499999547
31	20	-3.8432324999994307
31	20	-3.112076249999518
31	20	-2.8371387500010314
31	20	-2.8298575000007986
31	20	-2.8269512500010023
31	20	-2.8225449999990815
31	20	-1.8365459999986342
31	20	-1.5797959999981686
31	20	-1.5299209999975574
31	21	-5.849418999998306
31	21	-2.5880762499982666
31	21	-2.3726074999976845
31	21	-2.370419999999285
31	21	-2.368638749998354
31	21	-2.365857499997219
31	21	-2.3599512499968114
31	21	-1.536264750000555
31	21	-1.529889749999711
31	21	-1.526795999998285
31	21	-1.51785849999942
31	21	0.300046750002366
31	21	0.3044217500028026
31	21	0.31676550000338466
31	22	-2.065701750001608
31	23	-4.612950750000891
31	23	-3.2884205000009388
31	23	-3.2835767500037036
31	23	-3.2811080000028596
31	23	-0.5491402500010736
31	23	-0.04435899999953108
31	23	0.8791712500024005
31	23	1.5807337500009453
31	23	1.7903274999989662
31	24	-3.726764250000997
31	24	-3.3782642500009388
31	24	-1.8717027500024415
31	25	-4.8039827499997045
31	25	-4.801607749999675
31	25	-4.7916389999991225
31	25	-3.838795249997929
31	25	-3.8345139999983076
31	25	-3.8277327499999956
31	25	-2.7467015000001993
31	25	-2.3286712500012072
31	25	0.28810900000098627
31	25	0.2938590000012482
31	25	0.2963277500020922
31	25	0.3061090000010154
31	26	-3.6240757499981555
31	26	-3.613638249997166
31	26	-3.1671704999971553
31	26	-3.1050142499989306
31	26	-3.100951749998785
31	26	-3.0951392499991925
31	26	-3.0919517500005895
31	26	-3.0822955000003276
31	26	-2.4147329999977956
31	27	-5.046419999998761
31	27	-4.104669999996986
31	27	-4.09688874999847
31	27	-4.093669999998383
31	27	-4.082763749996957
31	27	-2.92623249999815
31	27	-2.6596387499957928
31	27	-2.0277959999984887
31	27	-2.016202250000788
31	27	-1.5766397499974119
31	27	-1.0320147499987797
31	27	-0.5646397499986051
31	28	-5.138668500003405
31	28	-4.493044500002725
31	28	-2.643138250001357
31	28	-2.640763250001328
31	28	-2.638732000003074
31	28	-2.632669500002521
31	28	-2.625669500001095
31	28	-2.6227632500012987
31	28	-1.8559205000055954
31	28	-0.27045175000239396
31	28	0.9481097499992757
31	28	0.9620472499991592
31	28	1.3127034999961325
31	28	1.3175159999991592
31	29	-3.7957955000019865
31	29	-3.792670499999076
31	29	-2.57882674999928
31	29	-2.4387642500005313
31	29	-2.435451749999629
31	30	-2.159139999999752
31	30	-1.6163274999998976
31	30	-0.5156087499999558
31	30	-0.5112962499988498
31	30	1.8017027500027325
31	30	1.8414527500026452
31	31	-5.758325499999046
31	31	-5.753950499998609
31	31	-5.749606749999657
31	31	-3.9135452499976964
31	31	-3.202076499997929
31	31	-3.1973577499993553
31	31	-2.98210874999495
31	31	-2.465077499997278
31	32	-4.752701500001422
31	32	-3.8144827500036627
31	32	-3.8067327500029933
31	32	-3.804139000003488
31	32	-3.398514000000432
31	32	-3.3940140000013344
31	32	-3.1979827500035753
31	32	-3.1935765000016545
31	32	-3.1110452500033716
31	32	0.19948399999702815
31	32	1.895702749996417
31	33	-1.22098349999942
31	33	-0.22051474999898346
31	33	-0.2183584999984305
31	33	-0.21570224999959464
31	33	-0.21045224999761558
31	33	-0.2036397499978193
31	33	-0.19513974999790662
31	34	-4.960513250000076
31	34	-3.6877319999985048
31	34	-3.495544500001415
31	34	-3.2523882499990577
31	34	-0.006390250000549713
31	34	0.0014535000009345822
31	35	-2.0735459999996237
31	35	-1.1686709999994491
31	35	-0.5696084999981395
31	35	-0.1818585000000894
31	36	-5.369075750000775
31	36	-3.9908257500028412
31	36	-2.5631705000014335
31	36	-1.6304830000008224
31	36	-1.6163892500007933
31	36	1.3146722500023316
31	36	1.3186410000016622
31	36	1.3825160000014876
31	36	1.3918285000036121
31	36	1.3950785000015458
31	37	-4.92713824999737
31	38	-5.93245024999851
31	38	-5.928106499999558
31	38	-4.583200249999209
31	38	-4.579637750000984
31	38	-4.575231499999063
31	38	-4.571731500000169
31	38	-4.5687939999988885
31	38	-3.3209200000019337
31	38	-3.315076250000857
31	38	-1.9542325000002165
31	38	-1.8752012500008277
31	38	-1.8725762499998382
31	38	-1.8623262500004785
31	38	-1.6749522499994782
31	38	-1.6725459999979648
31	38	1.0314842499974475
31	38	1.804359249999834
31	39	-2.7800762500010023
31	39	-2.7764825000012934
31	39	-0.4528272500028834
31	40	-2.253546500000084
31	40	-1.164827749998949
31	40	-0.32073400000081165
31	40	-0.3122652499987453
31	40	-0.30910900000162655
31	41	-2.6520132500008913
31	41	-2.6467945000003965
31	41	-1.0149517500030925
31	41	0.4969847499996831
31	42	-2.4162647500015737
31	42	-1.9679835000024468
31	42	-1.961014750002505
31	42	-1.9594522500010498
31	42	-1.9532647500018356
31	42	-1.9515772500017192
31	42	-1.9442960000014864
31	42	-1.9424522500012245
31	42	-1.9363585000028252
31	42	-1.934389750000264
31	42	-1.9245460000020103
31	42	-1.9225460000016028
31	42	-1.9160772499999439
31	42	-1.9135772500012536
31	42	-1.7587335000025632
31	42	1.0973592499976803
31	42	1.8004217499947117
31	43	-5.228887499997654
31	43	-3.088826000002882
31	43	-2.508670750001329
31	43	-2.3608894999997574
31	43	-1.9867332499998156
31	43	-1.6250770000006014
31	43	-1.4627020000007178
31	43	-1.4601082500012126
31	43	0.060671999999613035
31	43	0.06389074999970035
31	43	0.7579845000000205
31	43	1.878109499997663
31	43	1.8821719999978086
31	43	1.8874844999991183
31	43	1.890859499999351
31	44	1.2592967499986116
31	45	-3.7230135000027076
31	45	-1.7486395000014454
31	46	-1.1170457500011253
31	46	-1.1136707500008924
31	46	-1.1043270000009215
31	46	-0.9858582500019111
31	47	-3.58320200000162
31	47	-3.523170750002464
31	47	-3.3939832500000193
31	47	-3.390358250002464
31	47	-2.3937020000012126
31	47	-1.9549520000000484
31	47	-1.937733250000747
31	47	-0.3137654999991355
31	47	-0.30157799999869894
31	47	-0.29626550000102725
31	47	-0.29295300000012503
31	47	0.18714075000025332
31	47	0.2676407500002824
31	47	1.4469834999981686
31	47	1.9989834999978484
31	48	-5.956950749998214
31	48	-4.641106999995827
31	48	-3.1922017500000948
31	48	0.6854847500035248
31	49	-5.947575250000227
31	49	-5.701825249998365
31	49	-4.7651377499969385
31	49	-4.616950249997899
31	49	-1.1015772499995364
31	49	-0.15017099999749917
31	49	-0.13367099999959464
31	49	-0.12932725000064238
31	49	-0.1270459999977902
31	49	-0.12404599999717902
31	49	-0.12098349999723723
31	50	0.08354775000043446
32	1	1.2149522500003513
32	1	1.3228897500011954
32	2	-4.685826000000816
32	2	1.0872647500000312
32	2	1.0992960000003222
32	2	1.844452250003087
32	3	-4.048295000000508
32	3	-4.0359512499999255
32	3	-4.03413874999751
32	3	-0.3725147500008461
32	4	-3.118921000001137
32	5	-3.6768572500041046
32	5	-1.8386082500001066
32	5	-1.8362020000022312
32	5	-1.8340769999995246
32	5	-1.8214207500022894
32	5	0.7378594999972847
32	5	0.7412969999968482
32	5	0.7441719999987981
32	6	-5.2593570000026375
32	6	-5.255419500001153
32	6	-4.749701749999076
32	6	-4.72848299999896
32	6	-3.6479517500010843
32	6	-2.98117049999928
32	6	-2.1097027500036347
32	6	-1.5252965000036056
32	6	-1.3178590000024997
32	6	-0.9664840000041295
32	7	-0.8810462499968708
32	7	-0.8759837499965215
32	7	-0.5807649999987916
32	8	-2.7467642499977956
32	8	-2.7442642499991052
32	8	-2.7395455000005313
32	9	-5.998981500000809
32	9	-5.056543999999121
32	9	-5.052981500000897
32	9	-5.0506065000008675
32	9	-1.9089522499998566
32	9	-1.9058272500005842
32	9	-1.9020772500007297
32	9	-0.49051474999942
32	9	-0.4859835000024759
32	9	1.1335467499993683
32	9	1.1482654999999795
32	9	1.1510467500011146
32	9	1.1550155000004452
32	9	1.158390500000678
32	10	-4.49907649999659
32	10	-4.493263999996998
32	10	-4.4784202499977255
32	10	-3.144576499998948
32	10	-2.647263999999268
32	10	-1.958983749995241
32	10	-1.9514524999976857
32	10	-0.5541712499943969
32	10	-0.5486712499950954
32	10	-0.5466087499953574
32	10	-0.5416087499943387
32	10	0.13492150000092806
32	10	0.1398277500011318
32	10	0.1423590000013064
32	10	0.1447027500034892
32	11	-3.126670000005106
32	12	-5.807607499998994
32	12	-4.039670000001934
32	12	-3.014764749997994
32	12	-2.2962959999968007
32	13	-3.510357999999542
32	13	-2.878201750001608
32	13	-1.3941402499985998
32	13	0.1750472500025353
32	13	0.1766722500033211
32	14	-2.6759519999977783
32	14	-2.541858249998768
32	14	-2.303483249997953
32	14	-2.0368894999992335
32	14	-2.0297019999998156
32	14	-0.6635467500018422
32	15	-3.7731697500021255
32	15	-3.768888500002504
32	15	-3.766451000003144
32	15	-3.764294750002591
32	15	-3.756857250002213
32	15	-1.9940457500015327
32	15	-1.1944519999997283
32	15	-1.1310770000018238
32	15	-0.9478582500014454
32	15	0.31126574999507284
32	15	0.3139844999968773
32	16	-4.696513250000862
32	16	-2.7745757500015316
32	17	-2.371515000002546
32	17	-2.1773900000007416
32	17	-2.0335775000021385
32	17	-1.6712962500023423
32	17	-1.631890000000567
32	17	-1.6207337500018184
32	17	-1.306452500000887
32	17	-1.0666087500030699
32	17	-0.829577500000596
32	17	-0.8266087500014692
32	17	-0.8232962500005669
32	17	0.8473589999957767
32	17	1.0414839999975811
32	17	1.2925152499956312
32	17	1.2963589999963006
32	17	1.7453589999968244
32	18	-4.881889000000228
32	18	-3.1262327500007814
32	18	-1.759265000000596
32	19	-3.0545762500005367
32	19	-3.0340137500024866
32	19	-0.7094209999995655
32	19	-0.14992100000017672
32	19	-0.14385849999962375
32	19	1.6348279999983788
32	19	1.6423904999974184
32	19	1.6474529999977676
32	20	-3.7661074999996345
32	20	-3.7622012499996345
32	20	-1.838670999997703
32	20	-1.2630460000000312
32	20	1.8143905000033556
32	21	-3.370107499998994
32	21	-3.3661074999981793
32	21	-2.588951249996171
32	21	-2.57607624999946
32	21	-1.5429210000002058
32	21	-1.536577250000846
32	21	-1.534202250000817
32	21	-1.5186084999986633
32	21	0.2999842500030354
32	21	0.30567175000032876
32	21	1.5842342500036466
32	23	-3.468358000001899
32	23	-3.4618892500038783
32	24	-1.680765250002878
32	24	-1.646952750001219
32	25	-4.804607750000287
32	25	-4.792889000000287
32	25	-3.8307327500006068
32	25	-2.3311712499998976
32	25	0.2821714999990945
32	25	0.287671500002034
32	25	0.2924215000020922
32	25	0.29889025000011316
32	25	0.3014527500017721
32	26	-4.176231999997981
32	26	-4.170200749995274
32	26	-3.6299194999955944
32	26	-3.619513249996089
32	26	-3.608075749998534
32	26	-3.1620454999974754
32	26	-3.091483000000153
32	27	-5.054263749996608
32	27	-4.245388749997801
32	27	-4.242169999997714
32	27	-4.103544999998121
32	27	-3.784169999995356
32	27	-3.7821699999985867
32	27	-3.7802949999968405
32	27	-2.742826249996142
32	27	-2.0273584999995364
32	27	-2.0206084999990708
32	28	-5.134606000003259
32	28	0.948859749998519
32	28	0.9510784999984025
32	29	-2.5903892499991343
32	29	-2.585233000001608
32	30	-4.8853889999991225
32	30	-3.0723577499993553
32	30	-0.6027649999996356
32	30	-0.521390000001702
32	30	-0.5185462500012363
32	30	-0.515733750002255
32	31	-5.95757550000053
32	31	-5.326920249997784
32	31	-4.284013999997114
32	31	-3.208420249997289
32	31	-3.2062014999974053
32	31	-3.2022327499980747
32	31	-2.9347024999951827
32	31	-2.467733749996114
32	32	-3.4124827500018
32	32	-3.4082015000021784
32	32	-3.4002952500013635
32	32	-1.213421249998646
32	32	1.8997964999980468
32	33	-2.169232499996724
32	33	-1.9189824999957636
32	33	-1.9121699999959674
32	34	-5.4004497499990975
32	34	-5.104325749998679
32	34	-5.098419499998272
32	34	-4.960607000000891
32	34	-0.0043902500001422595
32	34	0.00395349999962491
32	36	-4.491794500001561
32	36	-1.6302642500013462
32	36	-1.6267017499994836
32	36	-0.5609214999967662
32	36	1.3094222500003525
32	36	1.31142225000076
32	36	1.3838597500034666
32	37	-2.67238924999765
32	38	-5.930668999997579
32	38	-3.3127637500001583
32	38	-1.9183887500003038
32	38	-1.9105137500009732
32	38	-1.883138749999489
32	38	-1.881295000002865
32	38	-1.8674512500001583
32	38	-1.863826250002603
32	38	1.9239842499991937
32	39	-2.7760762500038254
32	39	-2.398263750001206
32	40	-2.240296500000113
32	40	-0.3242339999997057
32	40	-0.31914025000151014
32	40	-0.3126090000005206
32	41	-5.75263724999968
32	41	-4.421607000000222
32	41	-2.660638249999465
32	42	-5.935044000005291
32	42	-5.4309502500036615
32	42	-5.423575250006252
32	42	-5.42051275000631
32	42	-5.372451250004815
32	42	-2.5211710000003222
32	42	-2.353889750000235
32	42	-1.758921000000555
32	42	-1.7553585000023304
32	42	1.8150779999959923
32	43	-1.9992332500005432
32	43	-1.6311395000011544
32	43	-1.6272332500011544
32	43	0.05657824999798322
32	43	0.062484499998390675
32	43	0.06782824999754666
32	43	1.8679844999969646
32	43	1.8750469999977213
32	43	1.8807969999979832
32	43	1.8966407499974594
32	44	-4.973982500003331
32	44	-2.6117647499995655
32	44	-2.2463272499990126
32	44	-0.3222970000024361
32	44	-0.3153595000039786
32	45	-2.015358249998826
32	45	-1.7508894999991753
32	45	0.1249229999993986
32	46	-4.166732250003406
32	46	-3.6586697500024457
32	46	-3.6452635000023292
32	46	-3.6318260000007285
32	46	-3.6216385000043374
32	46	-1.1364207500009798
32	46	-1.1209520000011253
32	46	-1.1190145000000484
32	46	-1.1039520000013
32	47	-3.3867019999997865
32	47	-3.3833269999995537
32	47	-3.380264499999612
32	47	-2.3937957500020275
32	47	-2.1610770000006596
32	47	-0.3138904999977967
32	47	-0.30879674999960116
32	47	-0.30557799999951385
32	47	0.9343907500006026
32	48	-3.192951749999338
32	48	-2.4587017499979993
32	48	-2.0207017499997164
32	48	-2.017576750000444
32	48	-2.0149830000009388
32	48	-0.049577749996387865
32	49	-5.706606499999907
32	49	-5.6968877500003146
32	49	-5.6945127500002855
32	49	-4.765043999999762
32	49	-1.4400772499975574
32	49	-1.4366085000001476
32	49	-0.16482724999877973
32	49	-0.15638974999819766
32	49	-0.1448897499976738
32	49	-0.14282724999793572
33	2	0.9939835000004678
33	2	1.0862335000019812
33	3	-3.096013750000566
33	3	-0.2833585000007588
33	3	0.783796750001784
33	4	-2.89451475000169
33	4	-1.088483499999711
33	5	-1.8315145000015036
33	5	-1.5571707500021148
33	5	-1.5506707499989716
33	5	-1.5472332499994081
33	6	-5.248294500001066
33	6	-4.726639250002336
33	6	-2.1083277500038093
33	6	-2.1059840000016266
33	6	-1.110046500001772
33	7	-1.4932962499988207
33	7	-0.8758899999993446
33	7	-0.8702649999977439
33	8	-4.452888250001706
33	8	-3.5050132500000473
33	9	-5.416825250002148
33	9	-4.116107499998179
33	9	-3.732357500000944
33	9	-2.335857499998383
33	9	-1.8971085000011954
33	9	-0.49095225000201026
33	9	-0.4788272500009043
33	9	1.3720155000009981
33	9	1.3928904999993392
33	10	-3.1518577499991807
33	10	-3.1454514999968524
33	10	-2.6482327499979874
33	10	-2.6448264999962703
33	10	-2.6380452499979583
33	10	-0.5402962499974819
33	11	-1.482077250002476
33	11	-1.2310147500029416
33	11	-0.5046095000034256
33	11	0.04626549999738927
33	12	-0.7641094999999041
33	13	-1.5440777499970864
33	13	0.19114100000297185
33	13	1.8244837499987625
33	14	-2.2760144999992917
33	14	-2.02173324999967
33	14	-0.6597967500019877
33	14	-0.6553280000007362
33	14	-0.6529217499992228
33	15	-5.53991875000429
33	15	-3.772169750001922
33	15	-3.76929475000361
33	15	-1.7685770000025514
33	15	-1.7526395000022603
33	15	0.30826574999809964
33	16	-2.174858000002132
33	17	-2.7540462500001013
33	17	-2.3710774999999558
33	17	1.2960152499945252
33	18	-3.1314827499991225
33	18	-3.128232750001189
33	18	-2.752358750003623
33	19	-4.329637749997346
33	19	-3.040232499999547
33	19	-3.0381387500019628
33	19	-3.0288887500028068
33	19	-1.878919999999198
33	19	-0.7102334999981395
33	19	1.6429217499971855
33	20	-1.8437647499995364
33	20	1.040578000003734
33	21	-5.557575250000809
33	21	-5.533731499999703
33	21	-2.358202250001341
33	21	-2.2427334999993036
33	21	-1.5222334999998566
33	21	-1.520014749999973
33	21	1.570078000000649
33	23	-3.0480767500012007
33	24	-5.266075750001619
33	24	0.3152337499996065
33	24	0.4589837499988789
33	25	-5.4092005000020436
33	25	-4.7916389999991225
33	25	-2.221639999999752
33	26	-4.176231999997981
33	26	-4.098075749996497
33	26	-3.157889250000153
33	26	-0.6437964999968244
33	27	-5.709200249999412
33	27	-5.0487949999987904
33	27	-5.037576249997073
33	27	-3.772857499996462
33	27	-3.162044999997306
33	27	-2.866294999996171
33	27	-2.740482499997597
33	27	-2.0287959999986924
33	28	-5.1282622500039
33	28	-2.43760800000382
33	28	0.9624222499987809
33	29	-2.1643267500003276
33	29	-1.9884517499995127
33	30	-4.783607749999646
33	30	-2.85260874999949
33	30	-2.72101499999917
33	30	-0.6037025000005087
33	30	-0.47798374999911175
33	30	0.30767150000247057
33	31	-5.8141067500000645
33	31	-5.757731749999948
33	31	-5.335263999997551
33	31	-4.286138999999821
33	31	-3.7956389999962994
33	31	-3.208451499998773
33	31	-2.4812649999948917
33	31	-2.469483749995561
33	31	-2.463639999998122
33	32	-3.1049515000013344
33	32	-2.352077499999723
33	33	-2.4393262499979755
33	33	-0.20398349999959464
33	34	-3.498294500001066
33	34	-3.251981999997952
33	34	-0.0023589999982505105
33	34	0.16851600000154576
33	35	-5.68904399999883
33	35	-5.066138750000391
33	35	-2.0747647499993036
33	36	1.3099535000001197
33	38	-5.930137749997812
33	38	-5.120950249998714
33	38	-3.3262637500010896
33	38	-3.3232637500004785
33	38	-2.3687012500013225
33	38	-1.912545000002865
33	38	-1.8593887500028359
33	39	0.5066092500019295
33	39	1.860703000002104
33	40	-2.2482339999987744
33	40	-0.31523400000151014
33	41	-3.0914819999998144
33	41	-2.665044499997748
33	42	-3.497357500004
33	42	-3.072513750004873
33	42	-2.3043897500028834
33	42	0.31170299999575946
33	42	1.8011092499946244
33	43	-1.463858250001067
33	43	1.886015749998478
33	45	-2.004358250000223
33	45	-1.7435144999981276
33	46	-3.6541385000018636
33	46	-3.646044750003057
33	47	-3.3946082500006014
33	47	-3.3794207499995537
33	47	-1.9664520000005723
33	47	-1.9583270000002813
33	47	-1.9218895000012708
33	48	-3.204045499998756
33	48	-2.013482999998814
33	49	1.3607655000014347
33	49	1.3634842500032391
33	50	-2.9558574999973644
34	2	-4.1833259999984875
34	2	1.0907960000004095
34	2	1.0994210000026214
34	3	-4.05288875000042
34	3	-4.046982500000013
34	3	-4.044232500000362
34	3	-4.041669999998703
34	3	-4.039263750000828
34	3	-4.037482499999896
34	3	-4.0355449999988195
34	4	-3.138733499999944
34	4	-2.8908272500011662
34	4	0.9883592500009399
34	5	-3.6852947500010487
34	5	-1.8377332500022021
34	5	-1.8294832499996119
34	5	-1.822608250000485
34	5	-1.530045750001591
34	5	-0.12426550000236603
34	5	0.7421094999990601
34	6	-5.254169500003627
34	6	-4.734264250000706
34	6	-1.4448277500014228
34	7	-0.8834524999983842
34	7	-0.8742962500000431
34	8	-2.7480767499982903
34	8	-2.7386392499975045
34	8	-2.7335142499978247
34	8	-2.731201750000764
34	8	-2.7235142499994254
34	9	-3.7252012499993725
34	9	-1.9098897500007297
34	9	-1.9071084999995946
34	9	-1.9001710000011371
34	9	-1.8938584999996237
34	10	-4.493607749998773
34	10	-4.491013999999268
34	10	-4.487951499999326
34	10	-4.485013999998046
34	10	-4.482670249999501
34	10	-2.6413264999973762
34	10	-0.554389999997511
34	10	-0.5471399999951245
34	10	-0.5447337499972491
34	10	0.13817150000249967
34	10	0.14754650000031688
34	10	0.15039025000078254
34	11	-3.125857500002894
34	11	-3.0752012500015553
34	12	-5.808232499999576
34	12	-5.333669999999984
34	12	-3.014483499999187
34	12	-2.2441709999984596
34	13	-3.5024205000008806
34	13	0.16857850000087637
34	13	0.17785975000151666
34	13	0.18082850000064354
34	13	0.185297250001895
34	13	1.6715462499996647
34	13	1.796671249998326
34	14	-2.667983249997633
34	14	-2.041764499997953
34	14	-2.0296707499983313
34	14	-2.0242332499983604
34	14	-0.662609250000969
34	15	-5.326013500001864
34	15	-5.318451000002824
34	15	-3.902419750003901
34	15	-3.7667010000041046
34	15	-3.7615447500029404
34	15	-3.7586697500046284
34	15	0.31317199999830336
34	15	0.31692199999815784
34	15	0.31923449999521836
34	16	-3.0097945000015898
34	16	-2.1799204999988433
34	16	-2.007389250000415
34	17	-2.027452500002255
34	17	-1.6341400000019348
34	17	-1.6264212500027497
34	17	-1.623765000000276
34	17	-1.0621087500003341
34	17	-0.27557750000050873
34	17	1.2934839999979886
34	17	1.302171499995893
34	17	1.3047964999968826
34	19	-3.0497012500018172
34	19	-3.0426074999995762
34	19	-3.035169999999198
34	19	-0.14779600000110804
34	19	1.6352967499988154
34	20	-3.764826250000624
34	20	-3.117607500000304
34	20	-2.826294999998936
34	20	-1.8408897499975865
34	20	1.8112030000047525
34	21	-2.589669999997568
34	21	-2.3651074999979755
34	21	-2.350795999998809
34	21	-1.5308584999984305
34	21	-1.5239522500014573
34	21	-1.5179209999987506
34	21	0.3052342500013765
34	21	1.5843905000001541
34	22	-3.5559830000020156
34	23	-4.071420500004024
34	23	-3.461764250001579
34	23	-3.0527642500019283
34	23	-0.044390250001015374
34	23	-0.04120275000241236
34	25	-4.807451499997114
34	25	-4.804732749998948
34	25	-4.7997639999994135
34	25	-3.827795249999326
34	25	-2.3342650000013236
34	25	-2.3287025000026915
34	25	-2.3248899999998685
34	25	-2.321765000000596
34	25	0.28489025000089896
34	25	0.294452750000346
34	25	0.3016402499997639
34	26	-4.258294499995827
34	26	-4.172356999995827
34	26	-3.6195757499954198
34	26	-3.617231999996875
34	26	-3.61488824999833
34	26	-3.165170500000386
34	26	-3.1615454999991925
34	26	-3.111732999997912
34	26	-3.099295500000153
34	26	-3.094045499998174
34	26	-0.3195464999953401
34	27	-4.0991699999976845
34	27	-3.784232499998325
34	27	-3.1580762499979755
34	27	-1.4431397499974992
34	28	-5.1309185000027355
34	28	-5.124512250004045
34	28	-1.8559517500034417
34	28	0.2825472499971511
34	28	0.9451409999965108
34	28	0.9537659999987227
34	28	0.9585784999981115
34	29	-2.582139250000182
34	29	-1.9992330000022775
34	29	1.8063274999985879
34	29	1.8082337499981804
34	30	-4.90301399999953
34	30	-4.8242327499974635
34	30	-2.1622649999990244
34	30	-2.1544524999990244
34	30	-0.519640000002255
34	31	-5.761106750000181
34	31	-5.329232749998482
34	31	-4.279420249997202
34	31	-3.5702014999988023
34	31	-3.2054202499966777
34	31	-3.1981077499985986
34	31	-2.4756087499954447
34	32	-3.803514000002906
34	32	-3.408170250000694
34	32	-3.405920250002964
34	32	-3.1011702500036336
34	33	-1.9132012499976554
34	33	-0.7524522499988961
34	33	-0.3853897499975574
34	33	-0.21245224999802304
34	33	-0.21020225000029313
34	33	-0.2066397499984305
34	34	-4.963669500000833
34	34	-4.9611382500006584
34	34	-3.5007007499989413
34	35	-2.0776397499976156
34	35	-2.071295999998256
34	36	-1.6322330000002694
34	36	-1.6166080000002694
34	36	1.3864847500008182
34	37	-2.672482999998465
34	37	-2.670232999997097
34	38	-5.92732524999883
34	38	-4.900575249997928
34	38	-4.732731500000227
34	38	-3.31992000000173
34	38	-3.314170000001468
34	38	-1.883138749999489
34	38	-1.8767012500029523
34	38	-1.8745450000023993
34	38	-1.8681075000022247
34	38	-1.8651700000009441
34	38	-1.8616387500005658
34	39	-2.772232500003156
34	39	-2.7692950000018755
34	39	-1.7479835000012827
34	39	0.5128905000019586
34	39	1.7912342500021623
34	39	1.9257030000007944
34	40	-5.84304450000127
34	40	-5.821388249998563
34	40	-0.523890249998658
34	40	-0.32426525000119
34	40	-0.3122652499987453
34	41	-2.65291950000028
34	41	-1.933295500002714
34	42	-3.494045000003098
34	42	-1.767046000000846
34	42	-1.7591085000021849
34	43	-5.029888500001107
34	43	-3.083763500002533
34	43	-1.4604207500015036
34	43	0.06932824999967124
34	43	1.8878907499965862
34	43	1.8900782499986235
34	43	1.8925469999994675
34	43	1.895171999996819
34	44	0.15151549999791314
34	44	0.21354674999747658
34	45	-1.3234832499983895
34	46	-3.6192947500021546
34	46	-1.1239520000017365
34	46	-1.116295750001882
34	47	-4.721107249999477
34	47	-3.3892957499992917
34	47	-3.3874520000026678
34	47	-3.3846395000000484
34	47	-2.0708895000025223
34	47	-1.9187020000026678
34	47	-0.3136717499983206
34	47	-0.3083279999991646
34	47	-0.30329675000029965
34	47	-0.3013905000007071
34	48	-3.1921704999986105
34	48	-1.7113267499989888
34	48	-1.7087017499979993
34	49	-5.701418999997259
34	49	-0.8675772499991581
34	49	-0.1647022500001185
34	49	-0.16179600000032224
34	49	-0.14007724999828497
34	49	-0.1381084999993618
34	49	-0.1356397499985178
34	49	-0.13373349999892525
34	50	-3.194826249997277
35	1	-2.3895769999980985
35	1	-2.054639499998302
35	1	1.0330460000004678
35	1	1.529983500000526
35	1	1.540889750001952
35	2	-5.148826000000554
35	2	-3.117108249996818
35	3	-3.844919999999547
35	3	-3.828138749999198
35	3	-3.259076250000362
35	3	-2.97554499999751
35	3	-2.9665762500007986
35	3	-0.9203897500010498
35	4	-4.760576249998849
35	4	-4.168076250000013
35	4	-2.3477022500010207
35	4	-2.337046000000555
35	4	-2.284202250000817
35	4	-1.279671000000235
35	4	-0.7621085000027961
35	5	-5.093919750001078
35	5	-4.442794750000758
35	5	-2.6075144999995246
35	5	-1.7823582500022894
35	5	-0.12282800000321004
35	5	1.7691085000005842
35	6	-4.744826750000357
35	6	-1.8661402500038093
35	6	-0.3315777500029071
35	6	0.14526599999589962
35	6	0.9456087500002468
35	7	-4.627045249999355
35	7	-2.856451499999821
35	7	0.7221402499999385
35	8	-5.932449749998341
35	8	-5.897293499998341
35	8	-4.759294499999669
35	8	-1.700451749999047
35	8	-0.7557652499999676
35	9	-5.435356500001944
35	9	-1.2985147500003222
35	9	-0.11817100000189384
35	9	0.2728289999977278
35	9	0.592390500001784
35	9	0.7632030000022496
35	10	-0.5781712499956484
35	10	1.6681715000013355
35	11	-5.383763750003709
35	11	-2.218108500001108
35	11	-1.5924522500026796
35	12	-0.6953595000013593
35	12	-0.6199220000016794
35	12	0.3762967500006198
35	13	-4.711888249996264
35	13	-3.8707329999997455
35	13	-3.5832330000012007
35	13	-3.066107999999076
35	13	-3.0087017500009097
35	13	-2.494983000000502
35	13	-1.4157652499998221
35	14	-5.7082010000012815
35	14	-4.7923885000018345
35	14	-4.102857249999943
35	14	-3.7510760000004666
35	14	-3.615201000000525
35	14	-3.2658894999985932
35	14	-1.234514499999932
35	14	-0.8826717500014638
35	14	-0.34776550000242423
35	15	-3.799107250004454
35	15	-3.717419750002591
35	15	-3.7135447500040755
35	15	-3.581701000002795
35	15	-2.4497020000017073
35	15	-1.6430457500027842
35	15	-1.1495770000001357
35	15	-0.2888280000042869
35	16	-5.025888250002026
35	16	-4.997138250000717
35	16	-4.705919500003802
35	16	-2.2647642500014626
35	16	-1.0354517500018119
35	16	-1.031764250001288
35	16	-0.5132330000014917
35	16	1.468078499998228
35	17	-3.9352640000033716
35	17	-2.9647640000039246
35	17	-2.9417327500050305
35	17	-2.866545250002673
35	17	-2.804857750004885
35	17	-2.7713587500002177
35	17	-2.757296250001673
35	17	-2.294608750002226
35	17	-1.8416712500002177
35	17	-1.6585775000021385
35	17	-1.6488900000003923
35	17	0.35882774999481626
35	17	0.7472027499970864
35	17	1.8021089999965625
35	18	-5.2297639999997045
35	18	-4.674326500000461
35	18	-4.5689827499991225
35	19	-5.676793999999063
35	19	-3.6812012500013225
35	19	-2.77451375000237
35	19	0.5177040000016859
35	19	1.916515499997331
35	20	-5.332012749997375
35	20	-5.26588774999982
35	20	-4.99104399999851
35	20	-4.771076249999169
35	20	-4.695513750000828
35	20	-2.605794999999489
35	20	-1.6227647499981686
35	20	-0.9044522499971208
35	20	1.388953000001493
35	21	-3.8320137499977136
35	21	-0.5816709999999148
35	22	-5.420513249999203
35	22	-4.899575749997894
35	22	-3.580264250002074
35	22	-3.2455455000017537
35	22	-2.1656392500008224
35	23	-5.594013249999989
35	23	-4.742544500000804
35	23	-4.713481999999203
35	23	-3.883451750003587
35	23	-3.56138925000414
35	23	-2.4355142500025977
35	24	-3.463733000000502
35	24	-2.2297652500019467
35	24	-1.9143902499999967
35	24	-0.6258589999997639
35	24	0.528796250000596
35	25	-5.863950499999191
35	25	-5.43804425000053
35	25	-3.1021077499972307
35	25	0.48157775000072434
35	26	-1.8513267499984067
35	26	-1.2588892499989015
35	26	-0.23335899999801768
35	26	-0.20589024999571848
35	26	1.5729222500012838
35	27	-5.625981499997579
35	27	-4.0324512499973935
35	27	-0.22988975000043865
35	27	-0.22745224999744096
35	27	1.918265500004054
35	28	-5.5737622500018915
35	28	-4.983419500000309
35	28	-4.928232000002026
35	28	-4.619825750003656
35	28	-3.852107000002434
35	28	-3.8394195000037143
35	28	-2.9301070000037726
35	28	-0.2635767500032671
35	28	0.9110784999975294
35	29	-5.45510700000159
35	29	-4.8001695000020845
35	29	-4.5828570000012405
35	29	-2.5496080000011716
35	29	-1.4888590000045951
35	29	-0.9729215000043041
35	29	0.2512659999956668
35	29	0.7309524999982386
35	30	-5.894763000000239
35	30	-3.5024827499983076
35	31	-5.858981749999657
35	31	-5.645950499998435
35	31	-1.8098899999968125
35	31	-1.0282962499950372
35	31	1.544765250000637
35	31	1.6966402500002005
35	32	-5.707169249999424
35	32	-4.913014000001567
35	32	-3.7987327500013635
35	32	-3.683264000002964
35	32	-1.8274525000015274
35	32	-0.7783587500016438
35	32	-0.6926087499996356
35	32	-0.08248475000073086
35	33	-5.386762750000344
35	33	-5.376137749997724
35	33	-5.321700249998685
35	33	-5.250856499998918
35	33	-4.42610649999915
35	33	-3.2444199999954435
35	33	-2.839544999998907
35	33	-0.7303897499987215
35	33	1.05867175000094
35	34	-5.308480999996391
35	34	-4.718825749998359
35	34	-3.7306695000006584
35	34	-3.68660699999964
35	34	-1.4672954999987269
35	34	-1.4537954999977956
35	35	-2.0298272499967425
35	35	-1.2400459999989835
35	35	-0.801983499997732
35	35	-0.5608897499987506
35	35	-0.012421999999787658
35	35	0.3777967499991064
35	35	1.6747030000005907
35	36	-2.336451750001288
35	36	0.20573475000128383
35	36	0.6976097500009928
35	37	-5.511075749996962
35	37	-4.02588824999475
35	37	-2.9155454999963695
35	37	0.25998475000233157
35	37	1.4094212500021968
35	38	-5.239200249998248
35	38	-2.8427012499996636
35	38	-2.584607500000857
35	38	-0.18863974999840138
35	38	-0.06104599999889615
35	38	1.464515499999834
35	38	1.4944842499971855
35	38	1.8016717499995138
35	39	-3.557576250001148
35	39	-3.3149200000043493
35	39	-2.018138750001526
35	39	-0.5449522500020976
35	39	-0.4278897500007588
35	39	-0.3272959999994782
35	39	0.758515500001522
35	39	1.1876717500017548
35	39	1.9715780000005907
35	40	-5.9121070000001055
35	40	-5.8928882500003965
35	41	-4.473981999999523
35	41	-3.1178882499989413
35	41	-0.17685800000253948
35	42	-4.945513750004466
35	42	-2.6674835000012536
35	42	-1.7049210000004678
35	42	-0.3307970000023488
35	42	1.8538279999957012
35	43	-1.825483249998797
35	43	-0.9827020000011544
35	44	-4.097201250002399
35	44	-2.0199835000021267
35	44	-1.20145224999942
35	44	-1.1149834999996528
35	44	-0.2744220000022324
35	44	1.258202999997593
35	45	-3.2566385000027367
35	45	-1.0047019999983604
35	45	-0.8607957499989425
35	45	0.4431407499978377
35	45	0.9954844999992929
35	46	-0.4366717500015511
35	46	0.48879699999815784
35	46	1.1538594999983616
35	47	-5.709544749999623
35	47	-5.6915447499995935
35	47	-5.3289822499973525
35	47	-2.964983249999932
35	47	-2.9634832500014454
35	47	-2.5815770000008342
35	47	-2.345202000000427
35	47	-2.1799832500000775
35	47	-2.000764500000514
35	47	-1.9893582500008051
35	47	-0.898421750000125
35	47	1.9147647499994491
35	48	-5.245794499998738
35	48	-3.008014250000997
35	48	-1.3116402499981632
35	48	-1.1467027499966207
35	48	-1.106327749996126
35	48	-0.6837964999976975
35	48	-0.647046499998396
35	48	0.7354222500034666
35	48	0.7499847500039323
35	48	1.4620462499988207
35	49	-4.233325249999325
35	49	-3.9288262500012934
35	49	-3.4718887500021083
35	49	-3.0335762499998964
35	49	-2.781576249999489
35	49	-1.5041710000004969
35	49	0.6272664999996778
35	49	1.7359530000030645
35	50	-5.950231499999063
35	50	-5.5151377499969385
35	50	-5.059825249998539
35	50	-4.23482624999815
35	50	0.7038592500030063
35	50	0.8437030000022787
35	50	1.2313905000009981
35	50	1.9489217500013183
36	1	-5.431357249995926
36	1	-3.778108249996876
36	1	-3.4677019999980985
36	1	-2.1337332499970216
36	1	-1.8917332499986514
36	1	-1.2441404999954102
36	1	-0.2637342499983788
36	2	-3.56035824999708
36	2	-3.3503894999994372
36	2	-1.3641092500001832
36	2	-1.3431717499988736
36	2	-0.670421750000969
36	2	-0.490421750000678
36	2	-0.26039049999963026
36	3	-5.993293999999878
36	3	-5.7202314999995
36	3	-2.1307960000012827
36	3	-0.6512335000006715
36	4	-5.825387750002847
36	4	-5.297107499998674
36	4	0.27045300000099814
36	4	0.9395780000013474
36	5	-5.146513500003493
36	5	-1.909983249999641
36	6	-0.5435777500024415
36	6	-0.2594215000026452
36	6	0.2705774999994901
36	7	-4.100107750000461
36	7	-1.9241712499970163
36	8	-5.433732000001328
36	8	-5.414607000002434
36	8	-3.8942007500008913
36	8	-0.7524215000012191
36	8	0.961297249999916
36	9	-5.912731500000518
36	9	-5.121700250001595
36	9	-5.003075250002439
36	9	-0.8331085000027088
36	9	-0.6631710000001476
36	9	-0.4632022500009043
36	10	-5.46245049999925
36	10	-1.2670149999976275
36	10	-1.0858587499969872
36	10	-0.20354624999527005
36	11	-3.05185750000237
36	11	-2.8447022500004095
36	11	-1.5726710000017192
36	11	1.5448592499960796
36	11	1.6582029999954102
36	11	1.9111404999966908
36	12	-3.592763749998994
36	12	-0.09267199999885634
36	13	0.3235150000000431
36	13	1.5772962500013818
36	14	-4.5423885000018345
36	14	-2.612483249999059
36	14	-1.573951999998826
36	15	-5.408543750003446
36	15	0.1258907499977795
36	15	0.7423594999963825
36	15	1.915109499997925
36	16	-5.2747310000013385
36	16	-2.095201750002161
36	16	1.945047249995696
36	17	-2.9541702500027895
36	17	0.15195274999496178
36	17	0.30501524999635876
36	17	0.35589024999717367
36	17	1.8596089999955439
36	18	-4.892420249998395
36	18	-3.736295250000694
36	18	-3.5084202500001993
36	18	-0.4418587500003923
36	18	0.37767149999854155
36	18	0.4375777499990363
36	18	0.7777652500008116
36	18	1.928202750001219
36	19	-5.50641899999755
36	19	-4.215262749999965
36	19	-3.663263750000624
36	19	-3.145576250000886
36	19	-2.8389825000012934
36	19	-2.6943575000004785
36	19	-2.682607500002632
36	19	-1.0318584999986342
36	19	0.237079000002268
36	19	0.5548290000006091
36	20	-5.000387749998481
36	20	-3.1071074999999837
36	20	0.9275780000025406
36	21	-5.936731499998132
36	21	-5.785825250000926
36	21	-1.3721084999997402
36	21	-0.45473349999883794
36	21	0.11464150000028894
36	22	-2.6497955000013462
36	22	-2.268920500002423
36	22	-2.255858000000444
36	22	0.39170350000131293
36	23	-5.774763249999523
36	23	-5.338481999999203
36	23	-5.097794500001328
36	23	-4.757888250001997
36	23	-4.733200750000833
36	23	-4.293325750000804
36	23	0.24935974999971222
36	23	0.46767225000075996
36	23	0.5270160000000033
36	24	-5.544169500000862
36	24	-4.964919500001997
36	24	-3.0555767500009097
36	25	-0.709608749999461
36	25	1.0917965000007825
36	26	-5.225513249995856
36	26	0.8718597500046599
36	27	-3.78804499999751
36	27	-2.311639749997994
36	27	1.9024530000024242
36	28	-5.721918500003085
36	28	-5.08926225000323
36	28	-5.001513250001153
36	28	-3.8168257500037726
36	29	-2.441201749999891
36	29	-1.1230152500029362
36	29	-0.7634527500013064
36	29	0.042984749998140614
36	29	0.17395349999787868
36	29	0.8770462499996938
36	29	1.559514999997191
36	30	-5.473356750000676
36	30	-4.171201499997551
36	30	-3.946420249998482
36	30	-3.8034827499977837
36	30	-2.857327500001702
36	30	-2.119858750000276
36	30	-0.8312650000007125
36	30	0.8927652500024124
36	31	-5.254857749998337
36	31	-5.046732749997318
36	31	-2.750327499998093
36	31	-2.4475462499976857
36	31	-1.797702499996376
36	32	-3.0466702500016254
36	32	-1.5652025000017602
36	33	-5.982668999997259
36	33	-5.558262750000722
36	33	-1.4275772500004678
36	33	0.33329774999947404
36	33	1.0612967500019295
36	33	1.3112342500025989
36	34	-4.447513250001066
36	34	-1.8456392499974754
36	34	-1.3653579999991052
36	35	-1.143670999997994
36	35	-0.7971709999983432
36	35	-0.022609499999816762
36	35	0.3756092500007071
36	35	1.5835154999986116
36	36	-5.862168499999825
36	36	-5.458857000001444
36	36	-5.035888250000426
36	36	-4.045919500000309
36	36	-3.6036382500024047
36	36	-1.1559205000012298
36	36	1.3137660000029427
36	36	1.3440785000020696
36	37	-5.9341069999973115
36	37	-5.5222007499942265
36	37	-4.95166949999475
36	37	-3.9830444999970496
36	37	-1.4772954999971262
36	38	-5.6745752499991795
36	38	-2.2489512499996636
36	38	1.0519217499968363
36	39	-4.663950250000198
36	39	-0.2960772500009625
36	39	1.8689530000010564
36	40	-5.616325750001124
36	40	-3.7458267499969224
36	40	-0.9618277500012482
36	40	-0.7613902500015683
36	40	-0.7157652499990945
36	40	-0.40576525000142283
36	40	1.3032025000029535
36	40	1.6084837500020512
36	41	-5.57466850000128
36	41	-5.215387250002095
36	41	-2.4724205000020447
36	41	0.37442224999904283
36	41	1.157547250000789
36	42	-5.8226065000053495
36	42	-5.364013750004233
36	42	-4.9248262500041164
36	42	-4.232545000002574
36	42	-3.247857500002283
36	42	-2.2777647500006424
36	42	-1.1109210000031453
36	43	-5.654731250000623
36	43	-2.8490447500007576
36	43	-2.530451999999059
36	43	-1.8050770000008924
36	43	-0.0050155000026279595
36	43	1.0321407499977795
36	44	-5.906544000001304
36	44	-3.6930137500021374
36	44	0.7955467499959923
36	45	-2.5164822500009905
36	45	-2.0682332500000484
36	45	-0.9921082500004559
36	45	0.4626094999985071
36	45	0.9373282499982452
36	46	-3.266544750003959
36	46	0.35439074999885634
36	46	1.43967199999679
36	47	-5.990544749998662
36	47	-4.192357249998167
36	47	-0.8175467500004743
36	47	1.2628282500008936
36	47	1.6802334999993036
36	48	-3.7143267499996
36	48	-1.1163902499974938
36	48	0.009703500003524823
36	48	1.4349524999997811
36	48	1.5211087499992573
36	49	-4.295168999997259
36	49	-4.220388749999984
36	49	-4.138794999998936
36	49	-3.9165137500021956
36	49	-3.9003887500002747
36	49	-2.090295000001788
36	49	-1.1341709999978775
36	49	0.7826405000014347
36	50	-3.9548262499956763
36	50	-0.09073349999744096
36	50	0.6922342500038212
36	50	1.494015500004025
37	1	-5.263325999996596
37	1	-3.9119832500000484
37	1	-3.6155144999975164
37	1	-3.417983249997633
37	1	-3.3748582499974873
37	1	-3.277701999999408
37	1	-3.0684207499980403
37	1	-2.8083894999981567
37	1	-2.4335769999997865
37	1	-2.1504832499995246
37	1	-0.2612342499960505
37	1	-0.01945299999715644
37	1	0.077015750004648
37	1	1.0994522500004678
37	1	1.6349835000000894
37	2	-3.7506082499967306
37	2	-3.4194832499997574
37	2	-2.3285144999972545
37	2	-1.3692655000013474
37	2	0.47545325000101
37	2	1.182639750000817
37	3	-2.726888749999489
37	3	-2.1259210000025632
37	3	-1.7282335000018065
37	3	-1.17698350000137
37	3	0.9301717500020459
37	3	1.3587967499988736
37	3	1.4258904999987863
37	3	1.601953000001231
37	3	1.605046749999019
37	3	1.625703000001522
37	3	1.6766092500001832
37	4	-2.205952250002156
37	4	-1.8248585000001185
37	4	-1.0194835000002058
37	4	0.22435925000172574
37	4	1.5983280000000377
37	4	1.8241082500026096
37	5	-5.862669750003988
37	5	-4.432826000003843
37	5	-4.194263500001398
37	5	-1.7252332499992917
37	5	-0.8820155000030354
37	5	-0.6546717500023078
37	5	1.3991407499961497
37	6	-5.329857000000629
37	6	-5.083857000001444
37	6	-4.412232999999105
37	6	-3.7111079999995127
37	6	-1.6102652500012482
37	6	-0.9310465000016848
37	6	0.047797249997529434
37	6	0.115390999995725
37	6	0.336046249998617
37	7	-2.5379202500007523
37	7	-2.4623890000002575
37	7	-2.113296249997802
37	7	-1.5248274999976275
37	7	0.09429750000344939
37	7	0.16623400000025867
37	7	0.405577749999793
37	7	0.7628277500007243
37	7	0.8558277499978431
37	8	-3.513107000002492
37	8	-2.5133267499986687
37	8	-2.497420499999862
37	8	0.2319847500002652
37	8	0.894172249998519
37	8	1.2888284999971802
37	8	1.345765999998548
37	9	-5.726043999999092
37	9	-5.475231500000518
37	9	-0.7960459999994782
37	9	-0.6016710000003513
37	9	-0.5292335000012827
37	9	-0.4436710000009043
37	9	0.21157899999889196
37	9	0.30532899999889196
37	9	0.3281727499997942
37	9	1.662296750000678
37	9	1.7021092499999213
37	9	1.8429217500015511
37	10	-4.254670249996707
37	10	-2.8280139999988023
37	10	-1.3826399999961723
37	10	-0.8127337499972782
37	10	0.45607775000098627
37	10	0.7850152500031982
37	10	0.8280777500003751
37	10	0.9954527500012773
37	10	1.369390250001743
37	11	-5.626419000000169
37	11	-5.369576250002865
37	11	-4.553826250004931
37	11	-4.547076250004466
37	11	-3.994701250001526
37	11	-3.822513750004873
37	11	-2.4262022500006424
37	11	-2.2344210000010207
37	11	-2.119733500003349
37	11	-1.5816709999999148
37	11	0.453515499997593
37	12	-5.530951249998907
37	12	-4.805420000000595
37	12	-4.009607500000129
37	12	-3.9190762500002165
37	12	-2.5026709999983723
37	12	-1.5453584999995655
37	12	0.8470467500010272
37	12	1.4733904999993683
37	13	-5.7690132499992615
37	13	-5.765856999998505
37	13	-2.689545500001259
37	13	-1.4131402499988326
37	13	-1.403108999998949
37	13	-1.3891089999997348
37	13	-0.32073399999717367
37	13	0.9210462500013818
37	13	1.5869525000016438
37	14	-5.871263500001078
37	14	-3.1997644999974
37	15	-5.81976250000298
37	15	-2.4684207499994955
37	15	1.9326094999960333
37	16	-5.097794500001328
37	16	-1.3647330000021611
37	16	-1.246701750002103
37	16	-0.9351392499993381
37	16	-0.7818892499999492
37	16	0.14582849999715108
37	16	1.0801722499963944
37	17	-3.926170250004361
37	17	-2.0565775000031863
37	17	-1.0379837500004214
37	17	-0.25123475000509643
37	17	0.9854527499956021
37	17	1.8160152499949618
37	17	1.879265249997843
37	17	1.9073589999970864
37	17	1.9794527499980177
37	18	-5.870700500003295
37	18	-5.797919250002451
37	18	-5.657888000001549
37	18	-5.516450500002975
37	18	-5.161576499998773
37	18	-4.89026400000148
37	18	-2.8119212500023423
37	18	-2.7982962500027497
37	18	-2.3641400000014983
37	18	-2.1432650000024296
37	18	-1.827421250003681
37	18	-1.5151400000031572
37	18	-0.7988275000025169
37	18	-0.7461712500007707
37	18	0.3969527500012191
37	18	0.6433590000015101
37	18	0.6581402500014519
37	18	0.8147652500010736
37	18	1.420077750000928
37	18	1.7997652499980177
37	19	-5.760731499998656
37	19	-5.739668999998685
37	19	-4.109137749997899
37	19	-3.6536387500018463
37	19	-3.125013749999198
37	19	-3.1187950000021374
37	19	-2.7568575000004785
37	19	-2.67929500000173
37	19	-2.664826250002079
37	19	-0.4928897499994491
37	19	-0.2731397499992454
37	19	0.5223289999994449
37	19	0.5361415000006673
37	19	0.5613602500015986
37	20	-5.241075249996356
37	20	-5.011200249999092
37	20	-3.1141700000007404
37	20	-2.8082324999995762
37	20	-1.6796084999987215
37	20	0.8510155000039958
37	20	1.6287030000021332
37	21	-2.9012012499988487
37	21	-1.369108499999129
37	21	-0.933764749999682
37	21	-0.7044209999985469
37	22	-5.085825750000367
37	22	-4.709356999999727
37	22	-4.2930757499998435
37	22	-1.8635142500024813
37	22	-1.086608999998134
37	22	1.4933587499981513
37	23	-5.745044499999494
37	23	-5.162232000002405
37	23	-5.0622944999995525
37	23	-4.777232000000367
37	23	-2.1577330000036454
37	23	-1.5842965000010736
37	23	-0.20957774999988033
37	23	-0.185077750000346
37	23	1.1396712499990826
37	24	-3.549857999998494
37	24	-3.5396079999991343
37	24	-3.0716704999977082
37	24	-2.5939204999995127
37	24	-2.5624204999985523
37	24	-0.005390250000345986
37	24	0.4517650000016147
37	24	0.49120250000123633
37	24	1.3744525000001886
37	25	-5.398388000001432
37	25	-5.321388000000297
37	25	-3.8553890000002866
37	25	-3.4272327500002575
37	25	-2.8653577499972016
37	25	-1.4997650000004796
37	25	-0.07976500000222586
37	25	-0.04439000000274973
37	25	0.30501524999999674
37	26	-5.982137249997322
37	26	-4.929263249996438
37	26	-3.6031069999953615
37	26	-3.592044499997428
37	26	-3.588856999995187
37	26	-3.074545499999658
37	26	-3.071232999998756
37	26	-1.2187017500000366
37	26	-1.0090767500005313
37	27	-1.521139749998838
37	27	1.1034842500012019
37	27	1.3985467500024242
37	27	1.4679217500015511
37	28	-5.266043500003434
37	28	-5.114887250005268
37	28	-4.069732000003569
37	28	-2.3525142500038783
37	28	1.9544847499964817
37	29	-1.1887340000030235
37	29	-0.751077750002878
37	29	-0.7447965000028489
37	29	-0.48660900000322727
37	29	0.18101599999863538
37	29	0.6871399999981804
37	29	1.5257962499999849
37	30	-5.569481750000705
37	30	-5.363045250000141
37	30	-5.334014000000025
37	30	-5.271170249998249
37	30	-4.888482749996911
37	30	-4.173263999997289
37	30	-2.4330149999987043
37	30	-1.9363899999989371
37	30	-1.849421250000887
37	30	-1.480671249999432
37	30	-0.9725462499991409
37	30	-0.2404534999986936
37	30	1.2941090000022086
37	30	1.4438902500005497
37	31	-5.997544249999919
37	31	-5.9934817499997735
37	31	-5.264482749997114
37	31	-3.8642014999968524
37	31	-1.3307337499973073
37	31	-1.2547962499957066
37	31	-1.1127337499965506
37	31	1.0363590000015392
37	31	1.1676402500015683
37	31	1.6862652500021795
37	32	-4.669607750001887
37	32	-4.267014000000927
37	32	-3.6682952500013926
37	32	-3.6627640000006068
37	32	-0.785983750000014
37	32	-0.4970775000001595
37	32	-0.49364000000059605
37	33	-5.803762749997986
37	33	-5.174075249997259
37	33	-5.087856499998452
37	33	-4.042981499998859
37	33	-2.9628887499966368
37	33	-2.857857499995589
37	33	-2.3048887499971897
37	33	-1.2073584999998275
37	33	-0.6419834999978775
37	33	-0.5035459999999148
37	33	0.34136025000043446
37	33	0.8821415000020352
37	33	1.325328000002628
37	33	1.977171750000707
37	33	1.9796405000015511
37	34	-5.849574749998283
37	34	-5.722824749998836
37	34	-5.096482000000833
37	34	-4.744419499998912
37	34	-3.5788257499989413
37	34	-1.4347954999975627
37	34	-1.201076749999629
37	34	0.5836097499995958
37	35	-5.357543999998597
37	35	-4.968638750000537
37	35	-3.7137949999996636
37	35	-2.4171709999973245
37	35	-2.0274834999981977
37	35	-1.441077249997761
37	35	-1.1575147499970626
37	35	-0.9050772499977029
37	35	-0.4600147499986633
37	35	-0.13595224999880884
37	35	-0.12635849999787752
37	35	0.6154529999985243
37	35	1.3339842499990482
37	36	-5.63716850000128
37	36	-3.619075750000775
37	36	-2.863076749999891
37	36	-2.424732999999833
37	36	-1.6434517499983485
37	36	-0.3036402499965334
37	37	-5.313169499997457
37	37	-5.305763249994925
37	37	-1.2842027499973483
37	37	0.7937972500039905
37	37	1.8282962500015856
37	37	1.8881087500012654
37	38	-5.417387749999762
37	38	-2.4421075000027486
37	38	-2.2396700000026613
37	38	-1.5059522499977902
37	38	-0.15726474999974016
37	38	1.5106404999969527
37	39	-5.936669000002439
37	39	-4.684637750000547
37	39	-3.6292637500009732
37	39	-0.4177022500007297
37	39	0.32073524999941583
37	39	0.7030780000022787
37	39	0.7516405000023951
37	39	1.0773279999993974
37	40	-3.2293579999968642
37	40	-2.09257775000151
37	40	-0.6942652500001714
37	40	-0.29498400000011316
37	41	-5.523918500002765
37	41	-3.5119507499985048
37	41	-2.3330142500017246
37	41	0.08704724999915925
37	41	0.6963285000019823
37	41	1.8112972499984608
37	42	-5.406450250004127
37	42	-4.44145125000432
37	42	-4.252826250001817
37	42	-2.968576250004844
37	42	-2.5395772500014573
37	42	-0.015234500002407003
37	42	1.0905779999957304
37	42	1.2150779999974475
37	42	1.3776092499974766
37	42	1.7138592499977676
37	43	-4.632575999999972
37	43	-4.332232250002562
37	43	-4.001701000001049
37	43	-0.11973325000144541
37	44	-5.69620125000074
37	44	-5.681763750002574
37	44	-3.6279825000019628
37	44	-3.0941710000006424
37	44	-2.608233499999187
37	44	-2.559264750001603
37	44	-2.281733499999973
37	44	-1.8213272499997402
37	44	-1.8106397500014282
37	44	-1.449077249999391
37	44	-1.1718272500002058
37	44	-0.9860147500003222
37	44	-0.31182825000360026
37	44	-0.27101575000415323
37	44	0.3295154999977967
37	44	1.1263592499963124
37	44	1.136390499996196
37	45	-4.2699822499998845
37	45	-1.450077000001329
37	45	-0.1352332499991462
37	45	1.168609499996819
37	45	1.6752032499971392
37	46	-5.455637499999284
37	46	-3.9732947500015143
37	46	-3.5685135000021546
37	46	-3.2720135000017763
37	46	-2.8082957500009798
37	46	0.3384532499985653
37	46	1.4987032499957422
37	47	-5.750200999998924
37	47	-5.504107249998924
37	47	-2.7882332500012126
37	47	-2.7391082499998447
37	47	1.2743594999992638
37	48	-2.038045499997679
37	48	-1.9642642500002694
37	48	0.18148475000270992
37	48	0.8846097500027099
37	48	1.4721400000016729
37	48	1.5989212499989662
37	48	1.6248587500012945
37	48	1.8157649999993737
37	49	-5.974731499998597
37	49	-5.533325249998597
37	49	-5.13923149999755
37	49	-4.190326250001817
37	49	-2.107045000000653
37	49	-2.07504500000141
37	49	-1.1741397499972663
37	49	1.0560780000014347
37	50	-5.532262749999063
37	50	-4.886512749999383
37	50	-4.044232499996724
37	50	-1.5138584999986051
37	50	0.23351650000040536
37	50	1.224890500001493
38	1	-5.431388499997411
38	1	-3.467670750000252
38	1	-1.5042332499979238
38	1	-1.2441717499968945
38	1	-0.027077999995526625
38	1	1.4711710000010498
38	1	1.511483500002214
38	2	-5.1488572499984
38	2	-4.586888500001805
38	2	-4.389201000001776
38	2	-3.1171707499997865
38	2	-3.1049519999978656
38	2	-2.221233249998477
38	2	-2.1671394999975746
38	2	-1.3641092500001832
38	2	-1.343109249999543
38	2	-1.3346092499996303
38	2	-1.1232029999991937
38	2	-0.7310467499992228
38	2	-0.492578000001231
38	2	-0.4904842500000086
38	2	-0.26039049999963026
38	3	-5.302325250002468
38	3	-3.844888749998063
38	3	-3.828138749999198
38	3	-2.988419999997859
38	3	-2.9755137499996636
38	3	-2.96651374999783
38	3	-2.13132725000105
38	3	-1.6664835000010498
38	3	-1.1519210000005842
38	3	-0.9203897500010498
38	3	-0.49460850000104983
38	3	0.17417175000082352
38	4	-5.825356500001362
38	4	-5.8226065000017115
38	4	-5.297138750000158
38	4	-4.946232499998587
38	4	-4.295794999998179
38	4	-4.169013750000886
38	4	-3.9252637499994307
38	4	-3.586888750000071
38	4	-2.3477022500010207
38	4	-2.337046000000555
38	4	-2.2841397500014864
38	4	-1.9482335000029707
38	4	-1.882577250002214
38	4	-1.458452250000846
38	4	-1.4351710000009916
38	4	-1.2364210000014282
38	4	0.939640500000678
38	4	1.5609842500016384
38	5	-5.101982250002038
38	5	-5.093919750001078
38	5	-4.442763500002911
38	5	-4.432826000003843
38	5	-3.6022947500023292
38	5	-3.5918572500013397
38	5	-3.5547322500024165
38	5	-2.6075144999995246
38	5	-0.3274217500038503
38	5	-0.024140500001522014
38	6	-4.453639250001288
38	6	-4.432889250001608
38	6	-1.8661715000016557
38	6	-0.5098590000015975
38	6	0.11107849999825703
38	6	0.1452347499980533
38	6	0.22723374999986845
38	6	0.6590775000004214
38	6	1.3688899999979185
38	7	-2.856357749999006
38	7	-2.600514000001567
38	7	-1.9241712499970163
38	7	-1.7463899999966088
38	7	-1.7257024999998976
38	7	1.389640249999502
38	7	1.415640250001161
38	8	-5.433732000001328
38	8	-4.759325750001153
38	8	-2.873982999997679
38	8	-2.4959517499992216
38	8	-2.1900142499980575
38	8	-2.1552642499991634
38	8	0.19039100000009057
38	8	1.9406712500021968
38	9	-5.451044000001275
38	9	-5.435356500001944
38	9	-4.662919000002148
38	9	-3.64498249999815
38	9	-2.5738574999995762
38	9	-2.1641387499985285
38	9	-1.9828887500007113
38	9	-0.9602022500002931
38	9	0.2727664999983972
38	9	0.7632030000022496
38	9	0.7740780000021914
38	10	-5.5473567500011995
38	10	-4.161326499997813
38	10	-3.8811702499988314
38	10	-2.1851712499956193
38	10	-1.1735774999942805
38	10	-1.136514999994688
38	10	-1.0858587499969872
38	10	1.1788590000032855
38	11	-3.203982500002894
38	11	-3.051826250004524
38	11	-2.850796000002447
38	11	-1.18376475000332
38	11	-0.16007825000269804
38	11	1.641734249995352
38	12	-5.7933574999988195
38	12	-4.12954499999978
38	12	-3.6929200000013225
38	12	-3.5926700000018172
38	12	-0.6953595000013593
38	12	-0.6612344999994093
38	12	-0.6198907500001951
38	12	-0.4422657499999332
38	12	-0.09267199999885634
38	12	0.3762967500006198
38	12	0.9621092499983206
38	12	0.9684530000013183
38	13	-4.711888249996264
38	13	-3.5964830000011716
38	13	-3.5832330000012007
38	13	-3.2103580000002694
38	13	-3.0086704999994254
38	13	-2.6684204999983194
38	13	-1.6082027499978722
38	13	-0.6815464999963297
38	13	0.8835775000006834
38	14	-4.635763500002213
38	14	-3.7662010000021837
38	14	-3.7510447499989823
38	14	-3.0272019999974873
38	14	-2.8628269999971963
38	14	-2.655139499998768
38	14	-1.9957020000001648
38	14	-1.234514499999932
38	14	-0.8826717500014638
38	15	-4.7408885000040755
38	15	-4.58179475000361
38	15	-4.04645100000198
38	15	-3.7990760000029695
38	15	-3.581701000002795
38	15	-1.0944832500026678
38	15	-1.0315457500000775
38	15	-0.03642175000277348
38	15	0.1259219999956258
38	15	0.7423594999963825
38	16	-5.168294500002958
38	16	-5.025888250002026
38	16	-5.012607000000571
38	16	-4.946575750003831
38	16	-4.705825750002987
38	16	-3.2204820000006293
38	16	-3.094419500001095
38	16	-2.2868267500016373
38	16	-2.2734830000008515
38	16	-2.2647329999999783
38	16	-1.0354829999996582
38	16	-1.0317017500019574
38	16	-0.5349830000013753
38	16	-0.5132330000014917
38	16	-0.24823400000241236
38	16	0.8386097499969765
38	16	1.945047249995696
38	17	-5.466919250000501
38	17	-4.690920250002819
38	17	-4.684076500001538
38	17	-3.8385140000027604
38	17	-3.6072015000027022
38	17	-2.9647640000039246
38	17	-2.9541390000049432
38	17	-2.9417015000035462
38	17	-2.866639000003488
38	17	-2.8187640000032843
38	17	-2.8048890000027313
38	17	-2.7890765000047395
38	17	-2.7713275000023714
38	17	-2.757327500003157
38	17	-2.735202500000014
38	17	-2.702421250000043
38	17	-2.659671250003157
38	17	-2.3898587500007125
38	17	-1.9648900000029244
38	17	-1.2224212500004796
38	17	-0.044922250002855435
38	17	0.15195274999496178
38	17	0.30498399999487447
38	17	0.7351714999967953
38	17	0.747265249996417
38	18	-4.674326500000461
38	18	-3.268357749999268
38	18	-2.227702500000305
38	18	-1.0907337500029826
38	18	0.24095274999854155
38	18	0.33245275000081165
38	18	0.7476402499996766
38	18	1.052577750000637
38	18	1.9095152500012773
38	18	1.9282339999990654
38	19	-5.676887749999878
38	19	-5.159043999999994
38	19	-4.806794000000082
38	19	-4.50026274999982
38	19	-3.994076250000944
38	19	-3.988201250002021
38	19	-3.681169999999838
38	19	-3.3425762500010023
38	19	-3.0714200000002165
38	19	-2.694326250002632
38	19	-1.0318584999986342
38	19	-0.07257725000090431
38	20	-5.322637749999558
38	20	-4.9873877499994705
38	20	-4.646795000000566
38	20	-4.6396700000004785
38	20	-3.8698262500001874
38	20	-3.2599512500019046
38	20	-3.0158887500001583
38	20	0.9275780000025406
38	21	-4.897106500000518
38	21	-3.8247012499959965
38	21	-1.792420999998285
38	21	-0.546639749998576
38	21	-0.2920459999986633
38	21	0.008078999999270309
38	21	0.11461024999880465
38	21	1.2280155000007653
38	22	-5.411481999999523
38	22	-4.899700750000193
38	22	-4.820575749999989
38	22	-4.709388249997573
38	22	-4.260544500000833
38	22	-3.77848300000187
38	22	-3.5982017500027723
38	22	-3.544826749999629
38	22	-3.533826750001026
38	22	-3.4842017500013753
38	22	-3.2455142500002694
38	22	-3.1258892500009097
38	22	-2.1656705000023067
38	22	-0.0484214999996766
38	22	0.2873910000016622
38	23	-4.7579194999998435
38	23	-4.742575750002288
38	23	-4.733169499999349
38	23	-4.7135132500006875
38	23	-4.293388250000135
38	23	-3.885889250002947
38	23	-3.883451750003587
38	23	-3.5614205000019865
38	23	-2.7529517500042857
38	23	-2.4355142500025977
38	23	-0.5481715000023542
38	23	-0.03260900000168476
38	23	0.24935974999971222
38	23	0.46760974999779137
38	23	0.8429837500007125
38	24	-5.580981999999494
38	24	-3.8367954999994254
38	24	-3.463701749999018
38	24	-1.9143590000021504
38	24	-1.4789215000018885
38	24	-0.6258589999997639
38	25	-5.994606750002276
38	25	-5.977387999999337
38	25	-5.43804425000053
38	25	-4.812826499997755
38	25	-3.1020764999993844
38	25	-2.352171250000538
38	25	-0.7096400000009453
38	25	-0.6786087500004214
38	26	-5.953324749996682
38	26	-5.225544499997341
38	26	-4.951231999995798
38	26	-0.21298399999795947
38	26	-0.20585899999787216
38	26	1.1325160000014876
38	26	1.5729535000027681
38	26	1.6385785000020405
38	26	1.649328500003321
38	27	-5.387387749997288
38	27	-4.03248249999524
38	27	-0.7235772499989253
38	27	-0.710389749998285
38	27	-0.22985849999895436
38	27	-0.22745224999744096
38	27	1.8255155000042578
38	27	1.9024842500039085
38	27	1.9182967500019004
38	28	-5.721918500003085
38	28	-5.5737622500018915
38	28	-5.517543500001921
38	28	-5.067012250005064
38	28	-5.001482000003307
38	28	-4.9898257500026375
38	28	-4.958200750003016
38	28	-4.928232000002026
38	28	-4.810013250000338
38	28	-4.6198570000015025
38	28	-4.159044500003802
38	28	-3.8984195000011823
38	28	-3.85213825000028
38	28	-3.8394507500015607
38	28	-3.8168257500037726
38	28	-3.028607000000193
38	28	-2.9300757500022883
38	28	-2.764732000003278
38	28	-2.755075750003016
38	28	-2.406139250004344
38	28	-0.287108000004082
38	28	-0.2635767500032671
38	29	-5.4550757500037435
38	29	-5.411857000002783
38	29	-4.8001695000020845
38	29	-4.5828570000012405
38	29	-3.167764249999891
38	29	-2.5496080000011716
38	29	-1.8384205000002112
38	29	-1.4888902500024415
38	29	-1.4779840000010154
38	29	-1.4647027500031982
38	29	-1.1230465000044205
38	29	-0.9729215000043041
38	29	-0.5019840000022668
38	29	-0.041609000003518304
38	30	-5.67504425000152
38	30	-5.300638999997318
38	30	-4.1711702499997045
38	30	-3.9418264999985695
38	30	-3.8034514999999374
38	30	-2.857327500001702
38	30	-1.708983749998879
38	30	-1.369764999999461
38	30	-0.8056712500001595
38	30	-0.7840775000004214
38	30	0.4523902500004624
38	30	0.8927965000002587
38	31	-5.931950499998493
38	31	-5.859013000001141
38	31	-5.046701499999472
38	31	-4.813607749998482
38	31	-3.1873889999988023
38	31	-2.4475149999962014
38	31	-2.1065462499973364
38	31	-1.8098587499953283
38	31	-1.797796249997191
38	31	-1.7849212499968417
38	31	-0.4937347499981115
38	31	-0.1641097499996249
38	31	1.5165152500012482
38	31	1.5447965000021213
38	32	-4.913014000001567
38	32	-4.588357750002615
38	32	-4.2685140000030515
38	32	-2.930389000001014
38	32	-1.5652025000017602
38	32	-0.6926087499996356
38	32	-0.08248475000073086
38	32	-0.05464100000244798
38	32	0.9071714999990945
38	32	1.1937339999967662
38	32	1.9717027499973483
38	33	-5.558293999998568
38	33	-5.376137749997724
38	33	-5.321700249998685
38	33	-4.42610649999915
38	33	-4.422981499999878
38	33	-3.589888749997044
38	33	-2.8637637499959965
38	33	-2.8395137499974226
38	33	-1.4275459999989835
38	33	1.03689050000321
38	33	1.0586092500016093
38	33	1.0612655000040832
38	33	1.2900467500039667
38	33	1.8051405000041996
38	34	-5.308449749998545
38	34	-3.68660699999964
38	34	-2.81532574999801
38	34	-1.845701749996806
38	34	-1.4672954999987269
38	34	-1.4537954999977956
38	34	-1.4347954999975627
38	34	1.611390999998548
38	35	-5.801856499998394
38	35	-5.357606499997928
38	35	-2.4482959999986633
38	35	-0.8020147499992163
38	35	-0.7971709999983432
38	35	-0.5609834999995655
38	35	-0.022640750001301058
38	35	-0.01248449999911827
38	35	0.5715154999998049
38	35	0.5864842499977385
38	35	0.880734250000387
38	35	1.6747654999999213
38	36	-5.3417007500029285
38	36	-4.621763250001095
38	36	-3.6036070000009204
38	36	-3.5930445000012696
38	36	-1.9657017499994254
38	36	-0.8977642499994545
38	36	-0.8731392500012589
38	36	-0.6041079999995418
38	36	-0.1679214999967371
38	36	-0.1373902499981341
38	36	-0.04351524999947287
38	36	0.15420350000204053
38	36	0.20576600000276812
38	36	0.6976097500009928
38	36	1.3137660000029427
38	36	1.7376722500011965
38	37	-5.52216949999638
38	37	-5.511075749996962
38	37	-5.267825749997428
38	37	-5.2270757499973115
38	37	-4.878981999994721
38	37	-3.9932319999970787
38	37	-3.9830444999970496
38	37	-3.9794194999958563
38	37	-3.2387642499961657
38	37	-2.7100767499978247
38	37	-1.6936392499992508
38	37	-0.7504839999965043
38	37	-0.7308589999956894
38	37	-0.4523902499968244
38	37	0.25995350000448525
38	37	0.27692225000282633
38	38	-5.5801064999977825
38	38	-5.248543999998219
38	38	-5.239200249998248
38	38	-3.8439512500008277
38	38	-2.8558575000024575
38	38	-2.8236700000015844
38	38	-2.5846700000001874
38	38	-2.2789512500021374
38	38	-1.5462647499989544
38	38	-0.9516709999988961
38	38	-0.06101475000104983
38	38	1.4945154999986698
38	38	1.7945779999972729
38	38	1.8016404999980296
38	39	-3.5960762500035344
38	39	-3.5737637500023993
38	39	-3.557607500002632
38	39	-3.3148575000013807
38	39	-2.757107500001439
38	39	-1.9640147499994782
38	39	-1.938921000000846
38	39	-1.239889750002476
38	39	0.5738592500019877
38	39	1.8689530000010564
38	40	-5.958325750001677
38	40	-5.91213825000159
38	40	-5.892919499998243
38	40	-3.5414517499993963
38	40	-0.19554649999918183
38	40	-0.1931402500013064
38	40	1.1530462500013527
38	41	-4.473950749998039
38	41	-3.576638250000542
38	41	-3.1178882499989413
38	41	-2.81532574999801
38	41	-2.809981999998854
38	41	-2.8032632499998726
38	41	-2.4724205000020447
38	41	-2.333045500003209
38	41	-2.1368892500031507
38	41	0.35660975000064354
38	41	0.3677659999993921
38	42	-5.90226275000532
38	42	-5.822544000006019
38	42	-5.512419000006048
38	42	-4.945451250001497
38	42	-3.6003887500046403
38	42	-3.247857500002283
38	42	-2.6674522499997693
38	42	-1.8513585000000603
38	42	-1.2783272500018938
38	42	-0.894608500002505
38	42	-0.6104210000012245
38	42	-0.5001085000003513
38	42	0.03695299999526469
38	42	0.4065467499967781
38	42	1.3680467499980296
38	43	-4.733544750000874
38	43	-4.725638500000059
38	43	-3.5307947500004957
38	43	-2.557326000001922
38	43	-2.530451999999059
38	43	-1.825483249998797
38	43	-1.811701999999059
38	43	-1.7902644999994664
38	43	-0.9826394999981858
38	43	-0.9786707499988552
38	43	-0.39417074999801116
38	43	1.1866719999998168
38	44	-5.90651274999982
38	44	-5.504576250001264
38	44	-4.900638750001235
38	44	-4.097170000000915
38	44	-3.8507950000021083
38	44	-3.692982500004291
38	44	-2.5503272499991
38	44	-2.000608500002272
38	44	-1.1350147500015737
38	44	-1.1149522500018065
38	44	-0.8478897499990126
38	44	0.7955467499959923
38	44	1.2778904999977385
38	45	-4.269794750001893
38	45	-2.5164822500009905
38	45	-2.502951000002213
38	45	-2.0682332500000484
38	45	-1.3031082499983313
38	45	-1.0047019999983604
38	45	-0.00948324999990291
38	45	0.4432032499971683
38	45	0.4626094999985071
38	45	0.4867344999984198
38	46	-5.370763500002795
38	46	-4.773951000002853
38	46	-3.568544750003639
38	46	0.5055157499955385
38	47	-5.75701349999872
38	47	-5.709544749999623
38	47	-5.6915447499995935
38	47	-5.328950999999506
38	47	-4.7639197499993315
38	47	-4.192294749998837
38	47	-2.9649520000020857
38	47	-2.963451999999961
38	47	-2.58154574999935
38	47	-2.345202000000427
38	47	-2.215077000000747
38	47	-2.1954207500020857
38	47	-2.1799832500000775
38	47	-2.000764500000514
38	47	-1.9893895000022894
38	47	-1.7947020000028715
38	47	-0.8174842500011437
38	47	-0.11445299999832059
38	47	1.6802334999993036
38	47	1.9147334999979648
38	48	-3.7185142499984067
38	48	-3.6425454999989597
38	48	-3.0079829999995127
38	48	-2.733232999999018
38	48	-1.8901392500010843
38	48	-1.3116402499981632
38	48	-1.2734527499960677
38	48	-1.146733999998105
38	48	-1.1163902499974938
38	48	-1.106327749996126
38	49	-4.138670000000275
38	49	-3.471857500000624
38	49	-3.468763749999198
38	49	-3.0335762499998964
38	49	-3.01792000000205
38	49	-2.781576249999489
38	49	-2.5949512500010314
38	49	-1.5041710000004969
38	49	-1.1341397500000312
38	49	1.7748280000014347
38	49	1.8619530000032682
38	50	-5.524293999998918
38	50	-5.515106499999092
38	50	-5.495325249998132
38	50	-2.326076249995822
38	50	-2.295232499996928
38	50	0.8436405000029481
38	50	1.4816717500034429
38	50	1.4939842500025406
38	50	1.8715467500041996
39	1	-5.431450999996741
39	1	-3.467670750000252
39	1	-1.5042020000000775
39	2	-5.1488572499984
39	2	-4.586919749999652
39	2	-3.117139499998302
39	2	-2.2212019999969925
39	2	-2.167170749999059
39	2	-1.3641405000016675
39	2	-1.3346092499996303
39	3	-5.993419000002177
39	3	-3.8281074999977136
39	3	-2.988388750000013
39	3	-1.1518585000012536
39	3	-0.9203584999995655
39	4	-5.825419000000693
39	4	-5.297107499998674
39	4	-4.295826249999664
39	4	-3.9253262499987613
39	4	-3.5869199999979173
39	4	-2.3477022500010207
39	4	-2.3369835000012245
39	4	-1.882577250002214
39	4	-1.4584210000029998
39	4	-1.4351710000009916
39	4	0.939640500000678
39	5	-5.101951000004192
39	5	-5.093982250004046
39	5	-4.442857250003726
39	5	-4.432763500000874
39	5	-3.5673885000032897
39	5	-2.607452000000194
39	5	-1.9158270000007178
39	5	-0.3273280000030354
39	6	-4.453639250001288
39	6	-0.524515250002878
39	6	0.11098474999744212
39	6	0.6590775000004214
39	7	-2.8563890000004903
39	7	-1.7257337499977439
39	8	-4.759294499999669
39	8	-2.189983000000211
39	8	-2.1552642499991634
39	9	-5.435387749999791
39	9	-4.662919000002148
39	9	-3.644951250000304
39	9	-2.5737950000002456
39	9	-1.982857499999227
39	9	-0.9601397500009625
39	9	0.2727664999983972
39	9	0.7631717500007653
39	10	-5.875388000000385
39	10	-5.547294249998231
39	10	-3.8811702499988314
39	11	-3.203982500002894
39	11	-3.0518887500038545
39	11	-2.850796000002447
39	12	-0.695328249999875
39	12	-0.6612657500008936
39	12	0.3762967500006198
39	13	-4.7118569999984175
39	13	-3.596514249999018
39	13	-3.5832330000012007
39	13	-3.2103892499981157
39	13	-3.0086704999994254
39	13	-1.6082339999993565
39	14	-3.76623225000003
39	14	-3.7510447499989823
39	14	-3.0272019999974873
39	14	-2.6552019999980985
39	15	-5.298857250003493
39	15	-4.5817635000021255
39	15	-4.046482250003464
39	15	-3.7990447500014852
39	15	-1.0315145000022312
39	15	-0.036453000004257774
39	15	0.7423594999963825
39	16	-5.025888250002026
39	16	-5.012607000000571
39	16	-4.7057945000015025
39	16	-4.415669500001968
39	16	-3.337950750003074
39	16	-3.2204820000006293
39	16	-3.0943570000017644
39	16	-2.2647329999999783
39	16	-1.0317017500019574
39	16	-0.5132330000014917
39	16	-0.24820275000092806
39	16	0.8385784999991301
39	17	-4.690951500004303
39	17	-2.9417327500050305
39	17	-2.866639000003488
39	17	-2.8187640000032843
39	17	-2.8048265000034007
39	17	-2.7890765000047395
39	17	-2.7713275000023714
39	17	-2.7573587500010035
39	17	-2.7351712500021677
39	17	-2.6597025000010035
39	17	-1.9648900000029244
39	17	-1.222452500001964
39	17	0.15192149999711546
39	17	0.7351714999967953
39	17	0.747265249996417
39	18	-4.6743577499983076
39	18	-3.268357749999268
39	18	-2.2277337500017893
39	18	-1.0907025000014983
39	18	0.24095274999854155
39	18	1.0526089999984833
39	18	1.928202750001219
39	19	-5.676887749999878
39	19	-5.15901274999851
39	19	-4.002201250001235
39	19	-3.988201250002021
39	19	-3.3426075000024866
39	19	-3.071451250001701
39	19	-0.0669835000007879
39	19	0.9978592499974184
39	20	-4.6396700000004785
39	20	-3.8698575000016717
39	20	0.9276092500040249
39	21	-4.897137749998365
39	21	-2.689388749997306
39	21	-0.8570772499988379
39	21	-0.2920772500001476
39	21	0.008047750001423992
39	21	0.11461024999880465
39	22	-5.411481999999523
39	22	-5.085888249999698
39	22	-4.90438825000092
39	22	-4.677075749998039
39	22	-4.260544500000833
39	22	-3.5982330000006186
39	22	0.2873910000016622
39	23	-4.757888250001997
39	23	-4.742575750002288
39	23	-4.7331382500015025
39	23	-4.713481999999203
39	23	-4.293388250000135
39	23	-3.56138925000414
39	23	-2.435545500004082
39	23	-0.03264024999953108
39	23	0.24932849999822793
39	23	0.8429524999992282
39	24	-3.8367954999994254
39	24	-1.914421500001481
39	24	-0.6258589999997639
39	25	-4.812857749999239
39	25	-3.1020764999993844
39	25	-0.6786087500004214
39	26	-5.953293499998836
39	26	-4.951200749997952
39	26	-1.2588579999974172
39	26	-0.20585899999787216
39	26	1.5729847500042524
39	26	1.6386097500035248
39	26	1.6493910000026517
39	27	-4.03248249999524
39	27	-1.9149834999989253
39	27	-0.723545999997441
39	27	-0.22745224999744096
39	28	-5.573793500003376
39	28	-5.517543500001921
39	28	-4.6198570000015025
39	28	-3.85213825000028
39	28	-3.8394507500015607
39	28	-3.0285757500023465
39	28	-2.9300757500022883
39	28	-2.7647007500017935
39	28	-2.755107000000862
39	28	-2.7072320000006584
39	29	-4.8001695000020845
39	29	-4.582825750003394
39	29	-1.4779840000010154
39	29	-1.4647340000010445
39	29	-0.041609000003518304
39	30	-5.706231749998551
39	30	-3.5024514999968233
39	30	-2.857327500001702
39	30	-1.3593587499999558
39	30	-0.8057025000016438
39	30	-0.7840775000004214
39	30	0.4524215000019467
39	30	0.892827750001743
39	31	-5.931919250000647
39	31	-5.858981749999657
39	31	-4.813607749998482
39	31	-2.8489524999968125
39	31	-2.4475149999962014
39	31	-2.1065462499973364
39	31	-1.8098587499953283
39	31	-1.7977649999957066
39	31	-1.7849212499968417
39	31	-0.9559837499946298
39	31	-0.4937347499981115
39	31	-0.1641097499996249
39	31	1.544765250000637
39	32	-4.913014000001567
39	32	-3.5601390000010724
39	32	-1.5652962499989371
39	32	-0.6925775000017893
39	32	-0.08242225000140024
39	32	0.9071714999990945
39	32	1.9717027499973483
39	33	-5.558293999998568
39	33	-5.376137749997724
39	33	-5.321731500000169
39	33	-4.426137750000635
39	33	-3.2246074999966368
39	33	-1.4275459999989835
39	33	1.03689050000321
39	33	1.05867175000094
39	33	1.0612342500025989
39	33	1.2899842500009981
39	34	-1.8456704999989597
39	34	-1.4672954999987269
39	34	-1.4537954999977956
39	34	-1.4347329999982321
39	35	-5.520731499997055
39	35	-5.357637749999412
39	35	1.5911092499991355
39	36	-5.3417007500029285
39	36	-4.621763250001095
39	36	-3.6036382500024047
39	36	-3.5930445000012696
39	36	-2.3364829999991343
39	36	-1.965670500001579
39	36	-1.774264250001579
39	36	-0.8977642499994545
39	36	-0.6040767499980575
39	36	-0.1678902499988908
39	36	-0.1373902499981341
39	36	0.6976410000024771
39	36	1.313797250000789
39	36	1.7376722500011965
39	37	-5.511106999994809
39	37	-5.227106999995158
39	37	-4.878981999994721
39	37	-3.9830444999970496
39	37	-3.2387642499961657
39	37	-2.710107999999309
39	37	-1.693670499997097
39	37	-0.75045274999502
39	38	-5.579981499999121
39	38	-5.247543999998015
39	38	-5.2392314999997325
39	38	-2.855888750000304
39	38	-2.8237012499994307
39	38	-2.584607500000857
39	38	-2.4777637500010314
39	38	-1.5889209999986633
39	38	-1.5462022499996237
39	38	-0.9517022500003804
39	38	-0.06104599999889615
39	38	1.4944842499971855
39	38	1.7945779999972729
39	38	1.8016404999980296
39	39	-3.5576387500041164
39	39	-3.314888750002865
39	39	-2.757138750002923
39	39	-1.963983500001632
39	39	-1.9389522500023304
39	39	-1.0312647499995364
39	39	0.5738280000005034
39	40	-5.91213825000159
39	40	-5.892919499998243
39	40	-3.541420499997912
39	40	-0.19551525000133552
39	41	-4.473919500000193
39	41	-3.576638250000542
39	41	-2.8099507500010077
39	41	-2.4723892500005604
39	41	-2.3330142500017246
39	41	0.3677972500008764
39	42	-5.902294000003167
39	42	-1.851327250002214
39	42	-0.8945772500010207
39	42	0.0370154999945953
39	42	0.4065154999952938
39	43	-4.733513500003028
39	43	-2.557326000001922
39	43	-1.8255145000002813
39	43	-0.39413950000016484
39	43	1.1866719999998168
39	44	-5.504576250001264
39	44	-4.900607500003389
39	44	-3.850888750002923
39	44	-3.6929512500028068
39	44	-0.8478897499990126
39	44	0.7955779999974766
39	45	-2.516544750000321
39	45	0.443171999999322
39	45	0.4867032499969355
39	46	-4.773951000002853
39	46	-3.5685135000021546
39	47	-5.75695099999939
39	47	-5.709575999997469
39	47	-5.3289822499973525
39	47	-2.9634832500014454
39	47	-2.5815145000015036
39	47	-2.3451707500025805
39	47	-2.215077000000747
39	47	-2.195451999999932
39	47	-2.1799832500000775
39	47	-2.000764500000514
39	47	-1.7826707500025805
39	47	1.6802334999993036
39	47	1.9147647499994491
39	48	-3.0079829999995127
39	48	-1.3116402499981632
39	48	-1.1467652499959513
39	48	-1.1163902499974938
39	48	-1.1063589999976102
39	49	-4.138701250001759
39	49	-3.7410137500010023
39	49	-3.471857500000624
39	49	-3.468763749999198
39	49	-3.0335762499998964
39	49	-2.8948887500009732
39	49	-2.781576249999489
39	49	-2.5949512500010314
39	49	-1.5041710000004969
39	49	-1.1341397500000312
39	49	1.8619530000032682
39	50	-5.558137749998423
39	50	-5.524325250000402
39	50	-5.5151377499969385
39	50	-5.495325249998132
39	50	-4.034451249997801
39	50	0.8436405000029481
39	50	1.3177967500014347
39	50	1.4817342500027735
39	50	1.4939842500025406
39	50	1.8715467500041996
40	1	-1.2442029999983788
40	2	-1.3431717499988736
40	3	-3.844888749998063
40	3	-2.9754824999981793
40	3	-2.1307960000012827
40	4	-4.168982499999402
40	4	-3.0437335000024177
40	4	-2.2841710000029707
40	4	-1.9482335000029707
40	5	-3.5705760000018927
40	5	-0.02417175000300631
40	5	1.7001397499989253
40	6	-1.86620275000314
40	6	-0.5098277500037511
40	7	-1.9242337499999849
40	7	1.389640249999502
40	8	-5.433732000001328
40	8	-1.3075142499983485
40	9	-2.935763749999751
40	10	-1.1735774999942805
40	11	-2.406952250003087
40	11	-1.18376475000332
40	12	-0.6198907500001951
40	12	-0.4422970000014175
40	12	-0.09267199999885634
40	12	0.9622029999991355
40	14	-1.2345769999992626
40	15	-3.581732250004279
40	15	-1.0944520000011835
40	15	0.12601574999644072
40	16	-5.249919500001852
40	16	-2.273545500000182
40	17	-2.9647327500024403
40	17	-2.715483750002022
40	19	-3.681169999999838
40	19	-2.694295000001148
40	20	-4.987356499997986
40	20	-3.259982499999751
40	22	-4.82070074999865
40	22	-3.2455142500002694
40	22	-0.048452750001160894
40	23	-3.883514250002918
40	23	-3.5737642500025686
40	23	-0.5583902500002296
40	23	-0.5140152500025579
40	24	-0.7197652499999094
40	25	-2.3521400000026915
40	26	-0.2130152499958058
40	27	-0.22988975000043865
40	27	1.9025155000017548
40	27	1.9183280000033847
40	28	-5.0670747500043944
40	28	-5.001513250001153
40	28	-4.958200750003016
40	28	-4.928263250003511
40	28	-4.159044500003802
40	28	-0.2636080000047514
40	29	-5.455138250003074
40	29	-5.411919500002114
40	29	-2.549545500001841
40	29	-0.9729215000043041
40	29	-0.7383590000026743
40	29	-0.5020152500037511
40	30	-4.171201499997551
40	30	-3.803513999999268
40	30	-1.708983749998879
40	31	-5.912200499999017
40	31	-5.046670249997987
40	32	-4.588357750002615
40	32	0.23279649999676622
40	33	-2.8395137499974226
40	33	-2.1294199999974808
40	33	1.8051405000041996
40	34	-5.308480999996391
40	34	-4.718888250001328
40	34	-3.68660699999964
40	35	-4.400201249998645
40	35	-0.7971709999983432
40	35	-0.01248449999911827
40	35	0.5864217499984079
40	36	0.20576600000276812
40	37	-4.258419499994488
40	38	-3.843982500002312
40	38	-2.2789824999999837
40	38	-0.9701084999978775
40	39	-3.5737950000038836
40	39	1.868921749999572
40	40	-5.958325750001677
40	41	-3.1179195000004256
40	41	0.35654725000131293
40	42	-4.945451250001497
40	42	-3.6003887500046403
40	42	-0.6104210000012245
40	43	-4.725638500000059
40	43	-2.530451999999059
40	43	-0.9826394999981858
40	43	-0.9725145000011253
40	44	-5.90657524999915
40	44	-2.0005147500014573
40	44	-1.134952250002243
40	44	1.2778904999977385
40	45	-2.0682644999978947
40	45	-1.0047332499998447
40	45	0.4626094999985071
40	47	-5.691513499998109
40	47	-5.4117322499987495
40	47	-4.192294749998837
40	47	-1.9893895000022894
40	47	-1.7947020000028715
40	47	-0.8174842500011437
40	48	-3.718545499999891
40	49	-2.3984200000013516
40	50	-3.671701249997568
