unit_id	statistic	s00	s01	s02	s03	s04	s05	s06	s07	s08	s09	s10	s11	s12	s13	s14	s15	s16	s17	s18	s19	s20	s21	s22	s23	s24	s25	s26	s27	s28	s29	s30	s31	s32	s33	s34	s35	s36	s37	s38	s39	s40	s41	s42	s43	s44	s45	s46	s47	s48	s49	s50	s51	s52	s53	s54	s55	s56	s57	s58	s59	s60	s61	s62	s63
1	mean	0.1517096757888794	0.27024945616722107	0.37938082218170166	0.4702567756175995	0.5288212895393372	0.5660851001739502	0.6461431980133057	0.8699015378952026	1.3049025535583496	1.9089854955673218	2.5277488231658936	3.012019395828247	3.4057810306549072	4.061220169067383	5.535980224609375	8.256758689880371	12.125490188598633	16.34897804260254	19.674665451049805	20.95122718811035	19.691631317138672	16.293424606323242	11.792217254638672	7.325016498565674	3.64143967628479	0.9220075607299805	-1.071516752243042	-2.689981460571289	-4.154264450073242	-5.490335464477539	-6.611249923706055	-7.436269283294678	-7.957583904266357	-8.235122680664062	-8.353778839111328	-8.384859085083008	-8.370597839355469	-8.32615852355957	-8.246427536010742	-8.113473892211914	-7.906497955322266	-7.6128926277160645	-7.234450817108154	-6.785609722137451	-6.287341594696045	-5.762545108795166	-5.235367774963379	-4.730212211608887	-4.265769004821777	-3.847393751144409	-3.46574068069458	-3.10490345954895	-2.7538390159606934	-2.4116780757904053	-2.083111524581909	-1.7689790725708008	-1.4619749784469604	-1.1530113220214844	-0.8429620265960693	-0.5474792122840881	-0.28812068700790405	-0.07700566947460175	0.09057212620973587	0.22844870388507843
1	std	4.063350677490234	4.1637115478515625	4.21646785736084	4.269007682800293	4.321686744689941	4.3856096267700195	4.516917705535889	4.6823225021362305	4.774065017700195	4.797463417053223	4.865747928619385	4.998090744018555	5.077279090881348	4.965716361999512	4.529538154602051	3.7035717964172363	2.7987399101257324	2.684070348739624	3.3203885555267334	3.667445182800293	3.3626761436462402	2.8341174125671387	2.898428201675415	3.5530922412872314	4.148550510406494	4.415113925933838	4.441004753112793	4.418885707855225	4.442753791809082	4.466360569000244	4.411120414733887	4.278912544250488	4.162130355834961	4.1245903968811035	4.1209001541137695	4.095090866088867	4.060657024383545	4.039143085479736	4.025622844696045	4.048690319061279	4.166106224060059	4.366079330444336	4.549034595489502	4.628424167633057	4.611337184906006	4.5781683921813965	4.583967208862305	4.599786281585693	4.580615997314453	4.541123390197754	4.507867813110352	4.447121620178223	4.3170857429504395	4.167035102844238	4.120932579040527	4.2296977043151855	4.387247562408447	4.450467586517334	4.3939714431762695	4.319383144378662	4.311851978302002	4.336103439331055	4.334055423736572	4.332378387451172
2	mean	-1.3790003061294556	-1.3650577068328857	-1.2830333709716797	-1.1164964437484741	-0.8596887588500977	-0.4860128164291382	0.07215965539216995	0.8992059230804443	2.0277175903320312	3.3739795684814453	4.74596643447876	5.953280448913574	6.967226505279541	8.01438045501709	9.498313903808594	11.746356964111328	14.715476036071777	17.861812591552734	20.305227279663086	21.232643127441406	20.312583923339844	17.86655044555664	14.68975830078125	11.638092041015625	9.237675666809082	7.536807537078857	6.242417812347412	5.001904010772705	3.630709409713745	2.1676008701324463	0.7770946025848389	-0.3931970000267029	-1.2978297472000122	-1.9890130758285522	-2.558267116546631	-3.0799996852874756	-3.586796283721924	-4.0721330642700195	-4.503990173339844	-4.84019136428833	-5.045977592468262	-5.112517833709717	-5.067446231842041	-4.967498302459717	-4.873056888580322	-4.820255279541016	-4.809828758239746	-4.818182468414307	-4.816832542419434	-4.782975196838379	-4.699559688568115	-4.556131839752197	-4.35762357711792	-4.13312292098999	-3.9297752380371094	-3.788259744644165	-3.714939594268799	-3.6740291118621826	-3.6109297275543213	-3.4923667907714844	-3.332970142364502	-3.18711519241333	-3.1114003658294678	-3.1246726512908936
2	std	4.327584743499756	4.309570789337158	4.294020652770996	4.291367530822754	4.355738639831543	4.497822284698486	4.632412910461426	4.6796650886535645	4.670902252197266	4.693437576293945	4.763570308685303	4.839321136474609	4.884199619293213	4.793449401855469	4.371810436248779	3.54901385307312	2.671675682067871	2.490715265274048	2.949228525161743	3.2050368785858154	2.949226140975952	2.522071123123169	2.6595253944396973	3.405222177505493	4.150484561920166	4.584804058074951	4.7051520347595215	4.6343889236450195	4.514193058013916	4.438994884490967	4.410678386688232	4.387446403503418	4.361516952514648	4.334645748138428	4.288111209869385	4.235788822174072	4.228298664093018	4.273517608642578	4.320617198944092	4.323276519775391	4.2915449142456055	4.293270587921143	4.371481895446777	4.469615936279297	4.510986804962158	4.50383996963501	4.498100280761719	4.4940409660339355	4.464264392852783	4.4176177978515625	4.387444019317627	4.381404399871826	4.372844219207764	4.342752456665039	4.303726673126221	4.269507884979248	4.238914966583252	4.217500686645508	4.210832118988037	4.213474273681641	4.2390241622924805	4.314031600952148	4.416141033172607	4.475632667541504
3	mean	-1.2887672185897827	-1.1932321786880493	-1.1597964763641357	-1.2104007005691528	-1.3234485387802124	-1.4218825101852417	-1.3867781162261963	-1.103011965751648	-0.5222814083099365	0.2975071370601654	1.224165439605713	2.164074659347534	3.194223403930664	4.60235071182251	6.754948139190674	9.827737808227539	13.559321403503418	17.220354080200195	19.876548767089844	20.82637596130371	19.955190658569336	17.781795501708984	15.165547370910645	12.861063003540039	11.192952156066895	10.020720481872559	8.963005065917969	7.696852684020996	6.139028072357178	4.434514045715332	2.8139588832855225	1.4450931549072266	0.3674858510494232	-0.48030292987823486	-1.191179871559143	-1.833167314529419	-2.4299280643463135	-2.9696948528289795	-3.4246151447296143	-3.769895315170288	-3.9992072582244873	-4.132143497467041	-4.207516670227051	-4.263111114501953	-4.315099716186523	-4.353241443634033	-4.355452060699463	-4.3094658851623535	-4.224925518035889	-4.129335880279541	-4.0532121658325195	-4.015110969543457	-4.013988971710205	-4.032102108001709	-4.0454583168029785	-4.034646034240723	-3.9898955821990967	-3.9104108810424805	-3.801239252090454	-3.6693594455718994	-3.519660234451294	-3.354074716567993	-3.1763079166412354	-2.998732089996338
3	std	4.385497570037842	4.345791816711426	4.303077697753906	4.363321304321289	4.474234104156494	4.5342793464660645	4.523473262786865	4.501084804534912	4.541118144989014	4.6910719871521	4.983023166656494	5.4287590980529785	5.925836086273193	6.2029948234558105	5.961384296417236	5.130959510803223	4.076808929443359	3.5297722816467285	3.6985957622528076	3.890312910079956	3.6846377849578857	3.285039186477661	3.173156261444092	3.4795472621917725	3.9075052738189697	4.251338005065918	4.480654239654541	4.6055073738098145	4.641261100769043	4.62879753112793	4.621975421905518	4.651486873626709	4.693973541259766	4.692738056182861	4.63548469543457	4.5817484855651855	4.586925506591797	4.635773181915283	4.677682876586914	4.696447849273682	4.720659255981445	4.760315418243408	4.768243789672852	4.711946964263916	4.645092010498047	4.647598743438721	4.720322132110596	4.79445743560791	4.814239978790283	4.779427528381348	4.741483211517334	4.759400844573975	4.823945999145508	4.850086212158203	4.778496742248535	4.647918224334717	4.537113666534424	4.4718403816223145	4.440353870391846	4.451508045196533	4.508097171783447	4.570703506469727	4.597702503204346	4.582371711730957
4	mean	-0.8074575662612915	-0.7968529462814331	-0.7282927632331848	-0.599250316619873	-0.4655819535255432	-0.46314364671707153	-0.7879533767700195	-1.6241711378097534	-3.0362467765808105	-4.8633952140808105	-6.659617900848389	-7.715583801269531	-7.192500114440918	-4.381260871887207	0.9593330025672913	8.328560829162598	16.4655704498291	23.68977928161621	28.493297576904297	30.0999755859375	28.699243545532227	25.25149154663086	20.997499465942383	16.946094512939453	13.583361625671387	10.889647483825684	8.574524879455566	6.350980281829834	4.1031880378723145	1.9016928672790527	-0.08878521621227264	-1.7269304990768433	-2.968522310256958	-3.8685665130615234	-4.529051780700684	-5.0364227294921875	-5.4288530349731445	-5.705738544464111	-5.861211776733398	-5.911012172698975	-5.893969535827637	-5.852543354034424	-5.8116936683654785	-5.771664619445801	-5.715852737426758	-5.624483585357666	-5.485390663146973	-5.29840612411499	-5.073966979980469	-4.828453540802002	-4.5796403884887695	-4.344209671020508	-4.136723041534424	-3.9687438011169434	-3.8462066650390625	-3.764012336730957	-3.7010157108306885	-3.6230826377868652	-3.499181032180786	-3.321824789047241	-3.1146321296691895	-2.9175639152526855	-2.760213851928711	-2.644968271255493
4	std	4.373779773712158	4.418379306793213	4.423587799072266	4.367466926574707	4.282983303070068	4.230118274688721	4.253452777862549	4.37139368057251	4.555307865142822	4.729352951049805	4.883533954620361	5.168841361999512	5.681807994842529	6.149003505706787	6.099035263061523	5.322994709014893	4.207180976867676	3.6938390731811523	4.036098003387451	4.306519031524658	4.036293983459473	3.571777820587158	3.559213399887085	4.043616771697998	4.570699214935303	4.914389133453369	5.092304229736328	5.157439708709717	5.11993408203125	5.001222610473633	4.871561527252197	4.780833721160889	4.699985504150391	4.591892719268799	4.48210334777832	4.406833648681641	4.350602626800537	4.284063816070557	4.217625141143799	4.185427665710449	4.201052188873291	4.244429588317871	4.281740188598633	4.291815757751465	4.277710914611816	4.258476734161377	4.245818614959717	4.231651306152344	4.217947483062744	4.235597610473633	4.285416126251221	4.304565906524658	4.253317356109619	4.1762495040893555	4.13466739654541	4.148522853851318	4.218695163726807	4.312170028686523	4.3574299812316895	4.329143524169922	4.2757744789123535	4.237571716308594	4.212986469268799	4.20611047744751
5	mean	-1.75175940990448	-1.6043754816055298	-1.357176423072815	-1.0623769760131836	-0.7627281546592712	-0.4188103973865509	0.1240755245089531	1.0860036611557007	2.624185085296631	4.692795276641846	6.991772651672363	9.074836730957031	10.588951110839844	11.508036613464355	12.189544677734375	13.171327590942383	14.798470497131348	16.91109848022461	18.820091247558594	19.625717163085938	18.70389747619629	16.061283111572266	12.339613914489746	8.478669166564941	5.2611894607543945	3.011770248413086	1.5897117853164673	0.615547776222229	-0.2533930540084839	-1.163780689239502	-2.071962356567383	-2.8515779972076416	-3.4049630165100098	-3.7159366607666016	-3.838637351989746	-3.8539602756500244	-3.8295788764953613	-3.8022005558013916	-3.779393434524536	-3.7490739822387695	-3.6901533603668213	-3.585364580154419	-3.4348509311676025	-3.2622082233428955	-3.1061489582061768	-3.0013983249664307	-2.960017681121826	-2.9637742042541504	-2.972468614578247	-2.944545269012451	-2.8573782444000244	-2.7147674560546875	-2.5397627353668213	-2.3612051010131836	-2.2026679515838623	-2.076831340789795	-1.9849576950073242	-1.9216703176498413	-1.8835707902908325	-1.8746315240859985	-1.9008362293243408	-1.9573066234588623	-2.0211071968078613	-2.060314416885376
5	std	4.218628406524658	4.22789192199707	4.248554229736328	4.370607376098633	4.544240951538086	4.656944274902344	4.735055923461914	4.868309497833252	5.014634132385254	5.054502010345459	4.948525428771973	4.754671096801758	4.564664363861084	4.401793003082275	4.1412811279296875	3.6586153507232666	3.144221544265747	3.102508544921875	3.517601251602173	3.758247137069702	3.4966397285461426	3.0048208236694336	2.9474854469299316	3.441426992416382	3.925185441970825	4.087433338165283	4.009145736694336	3.9427318572998047	4.007511615753174	4.071798801422119	4.0251007080078125	3.9807705879211426	4.0838117599487305	4.265606880187988	4.380491256713867	4.404260158538818	4.385578632354736	4.337893486022949	4.264249801635742	4.221770763397217	4.273110866546631	4.3992486000061035	4.522678852081299	4.5914106369018555	4.610574245452881	4.610197067260742	4.598491191864014	4.565432071685791	4.522642612457275	4.490025997161865	4.452049732208252	4.382142066955566	4.291475772857666	4.2165703773498535	4.181070327758789	4.173838138580322	4.14400053024292	4.0554375648498535	3.965649127960205	3.974177122116089	4.069997310638428	4.145378589630127	4.13544225692749	4.057142734527588
6	mean	0.03796590119600296	0.13279302418231964	0.2112661451101303	0.24251337349414825	0.2152571976184845	0.1696045696735382	0.2012283056974411	0.40482795238494873	0.7690450549125671	1.1069308519363403	1.134539008140564	0.7314177751541138	0.2512751817703247	0.6222042441368103	3.025860548019409	8.20504093170166	15.769518852233887	23.997562408447266	30.39893913269043	32.812957763671875	30.41887092590332	24.062847137451172	15.748124122619629	7.654078006744385	1.2715673446655273	-2.9334335327148438	-5.30377197265625	-6.504149913787842	-7.100513935089111	-7.3880791664123535	-7.444423198699951	-7.270689964294434	-6.8954081535339355	-6.396198272705078	-5.865955352783203	-5.372032642364502	-4.939620018005371	-4.561816692352295	-4.220910549163818	-3.905681610107422	-3.6163597106933594	-3.35856556892395	-3.134782075881958	-2.9419240951538086	-2.7764174938201904	-2.639317274093628	-2.5347235202789307	-2.462850332260132	-2.4149696826934814	-2.3758389949798584	-2.3314690589904785	-2.275949478149414	-2.212388038635254	-2.1482322216033936	-2.0896201133728027	-2.0395348072052	-2.0003039836883545	-1.9755293130874634	-1.9667834043502808	-1.9677252769470215	-1.9635052680969238	-1.939465880393982	-1.892881989479065	-1.8362469673156738
6	std	4.326837062835693	4.361420631408691	4.411542892456055	4.454047203063965	4.477779388427734	4.484784126281738	4.490879058837891	4.507137775421143	4.523495197296143	4.528036117553711	4.517770767211914	4.492344379425049	4.472753047943115	4.455121994018555	4.293508529663086	3.8152787685394287	3.235503911972046	3.2763702869415283	3.9272494316101074	4.2881646156311035	3.9468066692352295	3.314807653427124	3.2726597785949707	3.852130651473999	4.351848125457764	4.518047332763672	4.478782653808594	4.398440361022949	4.347900390625	4.350039005279541	4.394395351409912	4.429206848144531	4.4212541580200195	4.3981451988220215	4.399011611938477	4.421175956726074	4.443342208862305	4.463047027587891	4.485688209533691	4.498842716217041	4.477346420288086	4.419355392456055	4.367903709411621	4.36892557144165	4.405936241149902	4.418837547302246	4.390681743621826	4.368995666503906	4.384073734283447	4.396707534790039	4.368702411651611	4.333182334899902	4.342906951904297	4.386349201202393	4.413084506988525	4.405995845794678	4.384697914123535	4.370046138763428	4.365139484405518	4.353326797485352	4.318981647491455	4.27588415145874	4.257802486419678	4.280979156494141
7	mean	0.9460470676422119	1.4666593074798584	1.9403952360153198	2.333066940307617	2.6362109184265137	2.8901121616363525	3.1848785877227783	3.619274377822876	4.229645252227783	4.941317558288574	5.602272033691406	6.111875534057617	6.575316429138184	7.3570780754089355	8.938749313354492	11.612337112426758	15.182517051696777	18.89573860168457	21.700912475585938	22.732736587524414	21.740894317626953	19.202089309692383	16.04710578918457	13.177988052368164	11.068876266479492	9.66299057006836	8.570107460021973	7.389291286468506	5.941725730895996	4.30142068862915	2.6648576259613037	1.1902469396591187	-0.08290724456310272	-1.2107126712799072	-2.2692158222198486	-3.292602062225342	-4.259372711181641	-5.118186950683594	-5.823502540588379	-6.357519149780273	-6.7321248054504395	-6.9760637283325195	-7.117286682128906	-7.171605110168457	-7.145308017730713	-7.048959732055664	-6.9082932472229	-6.7591986656188965	-6.62746524810791	-6.510829925537109	-6.3813605308532715	-6.2083001136779785	-5.9845147132873535	-5.736016750335693	-5.506676197052002	-5.32938814163208	-5.20416259765625	-5.098743438720703	-4.969440460205078	-4.786765098571777	-4.550077438354492	-4.284667491912842	-4.025972843170166	-3.801910400390625
7	std	4.796600818634033	4.7550368309021	4.72996711730957	4.7340312004089355	4.7660932540893555	4.827104568481445	4.876685619354248	4.86475133895874	4.822041034698486	4.838778018951416	4.952044486999512	5.120272636413574	5.260955810546875	5.228137969970703	4.8421525955200195	4.093241214752197	3.4095003604888916	3.4656474590301514	4.040414333343506	4.3420915603637695	4.078741073608398	3.550901412963867	3.3792381286621094	3.7835466861724854	4.360914707183838	4.779908657073975	4.972776889801025	5.006577014923096	4.9834394454956055	4.968062877655029	4.954892158508301	4.923366546630859	4.90600061416626	4.946743488311768	5.001918315887451	4.976387023925781	4.875668525695801	4.8121466636657715	4.821419715881348	4.82580041885376	4.803643226623535	4.811150074005127	4.859499931335449	4.906937599182129	4.9167938232421875	4.857899188995361	4.733950138092041	4.625372886657715	4.612448692321777	4.67116117477417	4.728061676025391	4.766346454620361	4.809276580810547	4.837631702423096	4.795013904571533	4.680354595184326	4.567756175994873	4.511843681335449	4.5017547607421875	4.5134100914001465	4.526031017303467	4.515970706939697	4.48792839050293	4.470239639282227
8	mean	-0.671256422996521	-0.6295413374900818	-0.5760127305984497	-0.5049750208854675	-0.41234686970710754	-0.26316824555397034	0.029546111822128296	0.5761198997497559	1.429839015007019	2.511077404022217	3.6173574924468994	4.552657604217529	5.309811115264893	6.166260242462158	7.579186916351318	9.89395809173584	13.030387878417969	16.366161346435547	18.94061279296875	19.901334762573242	18.943435668945312	16.47237777709961	13.3855562210083	10.608624458312988	8.668109893798828	7.53789758682251	6.803948402404785	5.997694969177246	4.87449312210083	3.4905200004577637	2.0845906734466553	0.8893018960952759	0.006218901369720697	-0.6009140014648438	-1.0344327688217163	-1.38895583152771	-1.7223851680755615	-2.064798593521118	-2.430910348892212	-2.8164844512939453	-3.189683437347412	-3.4994382858276367	-3.7061192989349365	-3.8141446113586426	-3.8772778511047363	-3.966433525085449	-4.121534824371338	-4.323544979095459	-4.507073879241943	-4.603631973266602	-4.58660888671875	-4.490710258483887	-4.395333766937256	-4.381992816925049	-4.490270614624023	-4.695999622344971	-4.922242164611816	-5.075767993927002	-5.090020179748535	-4.954103469848633	-4.715268135070801	-4.454239368438721	-4.2452263832092285	-4.121011257171631
8	std	4.732398509979248	4.68297815322876	4.66593599319458	4.716647624969482	4.818288803100586	4.929854869842529	5.044009685516357	5.192992687225342	5.411365032196045	5.679863929748535	5.930167198181152	6.110975742340088	6.169215679168701	5.961560249328613	5.307620525360107	4.208983421325684	3.07331919670105	2.6910178661346436	3.072309970855713	3.3207883834838867	3.095822334289551	2.76139497756958	3.000882863998413	3.795255661010742	4.600275993347168	5.147249698638916	5.439558506011963	5.572368144989014	5.622412204742432	5.618846893310547	5.547177791595459	5.381270408630371	5.152719974517822	4.962122440338135	4.857547283172607	4.772226333618164	4.669098377227783	4.616954326629639	4.644907474517822	4.6745829582214355	4.658230781555176	4.634426593780518	4.632246494293213	4.6396331787109375	4.666615009307861	4.740848541259766	4.845043659210205	4.927437782287598	4.972873687744141	5.022548198699951	5.09433650970459	5.117116451263428	5.02659797668457	4.892429828643799	4.840627193450928	4.873371601104736	4.905160903930664	4.912788391113281	4.922089099884033	4.922434329986572	4.878811359405518	4.7934041023254395	4.715132236480713	4.68314266204834
9	mean	-1.7059470415115356	-1.749029517173767	-1.7157150506973267	-1.6446279287338257	-1.5668754577636719	-1.468833327293396	-1.2978812456130981	-1.0180946588516235	-0.6763893961906433	-0.4094362258911133	-0.341493159532547	-0.4016515910625458	-0.183529794216156	0.999369204044342	3.8019230365753174	8.402804374694824	14.19956111907959	19.891386032104492	23.976877212524414	25.41497039794922	24.072839736938477	20.71280860900879	16.55733299255371	12.710530281066895	9.756217002868652	7.6959381103515625	6.173917770385742	4.79429292678833	3.343775749206543	1.8385130167007446	0.43152347207069397	-0.7233366966247559	-1.5645545721054077	-2.1377246379852295	-2.5488672256469727	-2.900404691696167	-3.2495486736297607	-3.604299545288086	-3.9457848072052	-4.253355979919434	-4.5154547691345215	-4.725173473358154	-4.872220516204834	-4.94387674331665	-4.9362030029296875	-4.865342617034912	-4.767229080200195	-4.682737350463867	-4.636115074157715	-4.6192169189453125	-4.592573642730713	-4.50676965713501	-4.335508823394775	-4.09920072555542	-3.8594789505004883	-3.6838855743408203	-3.6035420894622803	-3.5931663513183594	-3.587683916091919	-3.524134874343872	-3.3800151348114014	-3.182448387145996	-2.9844329357147217	-2.8280985355377197
9	std	6.589507579803467	6.788705348968506	6.28863000869751	5.543529510498047	5.048366069793701	4.836660861968994	4.755616188049316	4.83906888961792	5.076302528381348	5.3342976570129395	5.6672539710998535	6.318505764007568	7.237071990966797	7.875906944274902	7.600527286529541	6.194854736328125	4.263845443725586	3.4922070503234863	4.296178817749023	4.78755521774292	4.3379316329956055	3.530965566635132	3.460688352584839	4.266045093536377	5.168459892272949	5.7651872634887695	6.008409023284912	5.996408462524414	5.859976291656494	5.683049201965332	5.4881510734558105	5.292140960693359	5.149725437164307	5.102399826049805	5.093807220458984	5.022581577301025	4.8902387619018555	4.811367988586426	4.847092628479004	4.913638591766357	4.902037143707275	4.810616493225098	4.75117826461792	4.8303751945495605	5.008545398712158	5.141392230987549	5.150752544403076	5.076369285583496	4.987698078155518	4.92151403427124	4.904077529907227	4.948510646820068	5.013609886169434	5.0259857177734375	4.956141471862793	4.856328964233398	4.809152126312256	4.820889472961426	4.80572509765625	4.707408905029297	4.5791096687316895	4.508387565612793	4.51809024810791	4.587467193603516
10	mean	-3.1702914237976074	-3.064255475997925	-2.978088140487671	-2.948681354522705	-2.962085723876953	-2.93534517288208	-2.7624876499176025	-2.419172525405884	-2.04990816116333	-1.919834017753601	-2.170522928237915	-2.4794530868530273	-1.880245327949524	1.0002543926239014	7.260392665863037	16.91373062133789	28.475873947143555	39.33186340332031	46.801815032958984	49.33432388305664	47.12684631347656	41.831783294677734	35.59153366088867	30.031330108642578	25.7569522857666	22.499732971191406	19.644210815429688	16.73164176940918	13.670523643493652	10.645280838012695	7.8948655128479	5.546919345855713	3.5826492309570312	1.895076036453247	0.36424267292022705	-1.0963342189788818	-2.5257606506347656	-3.921602964401245	-5.256294250488281	-6.497745513916016	-7.626020431518555	-8.63845443725586	-9.543059349060059	-10.346700668334961	-11.046902656555176	-11.631488800048828	-12.083671569824219	-12.388147354125977	-12.535994529724121	-12.529558181762695	-12.387041091918945	-12.143314361572266	-11.842325210571289	-11.52173900604248	-11.198478698730469	-10.866665840148926	-10.509963035583496	-10.119585037231445	-9.703186988830566	-9.28015422821045	-8.869494438171387	-8.480748176574707	-8.112955093383789	-7.759115219116211
10	std	4.529980659484863	4.536398887634277	4.534890651702881	4.533926963806152	4.519290447235107	4.485246181488037	4.463751316070557	4.500128746032715	4.554660797119141	4.514448165893555	4.526736259460449	5.197556018829346	6.610286712646484	7.8028106689453125	7.79605770111084	6.398766040802002	4.7229814529418945	4.895270347595215	6.275182247161865	6.897870063781738	6.33575439453125	5.18573522567749	4.442571640014648	4.565358638763428	5.105820178985596	5.64329719543457	6.032700538635254	6.226442337036133	6.2540202140808105	6.185937404632568	6.0607194900512695	5.9015398025512695	5.751012802124023	5.6277899742126465	5.513034343719482	5.407417297363281	5.336300849914551	5.305244445800781	5.305334091186523	5.347269535064697	5.446398735046387	5.573256492614746	5.657529830932617	5.657079219818115	5.592704772949219	5.504246234893799	5.4103684425354	5.318004131317139	5.216431617736816	5.070292949676514	4.889766693115234	4.77101469039917	4.767366886138916	4.787201404571533	4.738473892211914	4.67179536819458	4.680409908294678	4.745555877685547	4.794631004333496	4.810189247131348	4.804091930389404	4.787460803985596	4.788191795349121	4.822914123535156
11	mean	-1.9423307180404663	-1.9513283967971802	-1.9731038808822632	-2.0049023628234863	-2.0119564533233643	-1.9136533737182617	-1.6085234880447388	-1.0429158210754395	-0.28568828105926514	0.4609559178352356	0.9666248559951782	1.16977858543396	1.3495854139328003	2.12030029296875	4.169739246368408	7.82822322845459	12.712388038635254	17.711305618286133	21.406692504882812	22.73452377319336	21.505355834960938	18.465660095214844	14.871037483215332	11.847179412841797	9.919241905212402	8.941136360168457	8.383228302001953	7.735646724700928	6.771669387817383	5.564434051513672	4.327569961547852	3.2352304458618164	2.336198329925537	1.5781314373016357	0.8831391930580139	0.20728249847888947	-0.44650399684906006	-1.0508809089660645	-1.583135962486267	-2.0398013591766357	-2.433572292327881	-2.7808282375335693	-3.090322494506836	-3.3599185943603516	-3.5827441215515137	-3.758082389831543	-3.8986220359802246	-4.027440547943115	-4.165307521820068	-4.3170037269592285	-4.467337131500244	-4.590452194213867	-4.665503025054932	-4.687496662139893	-4.666891098022461	-4.6193718910217285	-4.55349588394165	-4.465822219848633	-4.347166538238525	-4.194220542907715	-4.016622066497803	-3.833491802215576	-3.6624746322631836	-3.510329484939575
11	std	3.8771297931671143	3.8683409690856934	3.841356039047241	3.8146779537200928	3.8091533184051514	3.835894823074341	3.8854684829711914	3.9398536682128906	3.998356580734253	4.065268039703369	4.136653423309326	4.240739822387695	4.403999328613281	4.502547264099121	4.277957916259766	3.603965997695923	2.808990716934204	2.7067675590515137	3.269718885421753	3.5787882804870605	3.286736249923706	2.749237537384033	2.6602206230163574	3.0890300273895264	3.548001527786255	3.8441808223724365	4.006924152374268	4.070137977600098	4.071265697479248	4.080286026000977	4.119265079498291	4.127875804901123	4.066682815551758	3.982445478439331	3.939307928085327	3.9409091472625732	3.951101303100586	3.9482176303863525	3.9377076625823975	3.931129217147827	3.930493116378784	3.9393818378448486	3.9610066413879395	3.970130443572998	3.9335787296295166	3.871116876602173	3.8459880352020264	3.883366823196411	3.94144344329834	3.971590995788574	3.9662058353424072	3.9356448650360107	3.880571126937866	3.8234469890594482	3.8111495971679688	3.8377890586853027	3.848482370376587	3.843485116958618	3.8676254749298096	3.9035162925720215	3.895763874053955	3.853367328643799	3.831738233566284	3.847750663757324
12	mean	-0.7777650952339172	-0.7881115674972534	-0.8154922127723694	-0.8600097298622131	-0.9080485701560974	-0.925674319267273	-0.875850260257721	-0.760881245136261	-0.6592932939529419	-0.7038328051567078	-0.9682620763778687	-1.3023982048034668	-1.2342408895492554	-0.069303497672081	2.784203290939331	7.404834270477295	13.117353439331055	18.627607345581055	22.522197723388672	23.878843307495117	22.64278793334961	19.568029403686523	15.789915084838867	12.298077583312988	9.591822624206543	7.647560119628906	6.134294033050537	4.700263023376465	3.167001724243164	1.5647518634796143	0.045273855328559875	-1.241674542427063	-2.232874631881714	-2.9656097888946533	-3.5336642265319824	-4.023521900177002	-4.470500469207764	-4.8558030128479	-5.138296127319336	-5.294671535491943	-5.340415954589844	-5.321249008178711	-5.286684513092041	-5.266209125518799	-5.2615766525268555	-5.2551045417785645	-5.224960803985596	-5.157346248626709	-5.050327777862549	-4.91024923324585	-4.744875907897949	-4.5583086013793945	-4.35122013092041	-4.1262969970703125	-3.8943862915039062	-3.6745564937591553	-3.485779047012329	-3.3356165885925293	-3.214923143386841	-3.1022064685821533	-2.97445011138916	-2.819039821624756	-2.641765832901001	-2.465805768966675
12	std	4.063301086425781	4.035324573516846	3.9827880859375	3.982544183731079	4.020127773284912	4.039109706878662	4.056440830230713	4.116077899932861	4.213933944702148	4.35743522644043	4.5999040603637695	4.959942817687988	5.343072414398193	5.513283729553223	5.183699131011963	4.320737838745117	3.594097852706909	4.029500484466553	5.040040493011475	5.496530532836914	5.086268901824951	4.1800618171691895	3.5072498321533203	3.5291900634765625	3.9353232383728027	4.295971870422363	4.471055507659912	4.491720676422119	4.450888633728027	4.430465221405029	4.447056770324707	4.466124057769775	4.4633917808532715	4.4405975341796875	4.398975849151611	4.344112873077393	4.299266815185547	4.27544641494751	4.260687351226807	4.25888729095459	4.283547401428223	4.306064128875732	4.281799793243408	4.232992172241211	4.229106426239014	4.272272109985352	4.29707145690918	4.283243656158447	4.262906551361084	4.235940933227539	4.174779891967773	4.095231533050537	4.049304485321045	4.057717323303223	4.091551780700684	4.109485149383545	4.091362476348877	4.046389102935791	3.999331474304199	3.968424081802368	3.951263666152954	3.933598041534424	3.916632652282715	3.9207088947296143
13	mean	-1.1699401140213013	-1.1729400157928467	-1.1823006868362427	-1.212459921836853	-1.2480535507202148	-1.2318366765975952	-1.08106529712677	-0.7378779053688049	-0.23202554881572723	0.29728958010673523	0.6755551695823669	0.8604963421821594	1.1054872274398804	1.9681313037872314	4.074306964874268	7.712817668914795	12.497981071472168	17.360307693481445	20.948230743408203	22.246597290039062	21.048112869262695	17.998075485229492	14.210793495178223	10.7162446975708	8.062176704406738	6.248903751373291	4.946089744567871	3.7937581539154053	2.600935697555542	1.3739681243896484	0.22592128813266754	-0.7355855107307434	-1.4721529483795166	-2.0152230262756348	-2.429210662841797	-2.7728307247161865	-3.0805792808532715	-3.3657031059265137	-3.6320433616638184	-3.881413221359253	-4.112639904022217	-4.317816734313965	-4.482314109802246	-4.59082555770874	-4.637153148651123	-4.631771564483643	-4.599249839782715	-4.5635762214660645	-4.530766010284424	-4.4824724197387695	-4.387746810913086	-4.226076602935791	-4.0050153732299805	-3.7581727504730225	-3.525406837463379	-3.3309435844421387	-3.175654172897339	-3.04669451713562	-2.9335784912109375	-2.836252212524414	-2.7601447105407715	-2.7060649394989014	-2.6663262844085693	-2.629465103149414
13	std	4.16171407699585	4.133620738983154	4.10348653793335	4.121416091918945	4.203390121459961	4.353235721588135	4.533238410949707	4.67488431930542	4.801573753356934	5.025640964508057	5.370368480682373	5.73557186126709	6.00619649887085	6.016607284545898	5.511958122253418	4.3678178787231445	3.0004546642303467	2.680889844894409	3.47293758392334	3.893986225128174	3.4885051250457764	2.742973566055298	2.709890127182007	3.4948315620422363	4.29301118850708	4.802944183349609	5.085112571716309	5.251028060913086	5.335041522979736	5.320977210998535	5.209815502166748	5.053174018859863	4.9338274002075195	4.887539863586426	4.8677239418029785	4.82858419418335	4.778860569000244	4.724009990692139	4.640529632568359	4.52656888961792	4.409037113189697	4.321928024291992	4.3134565353393555	4.387909412384033	4.44071626663208	4.3751397132873535	4.247208118438721	4.190448760986328	4.224830150604248	4.26763391494751	4.276721000671387	4.255197525024414	4.197259426116943	4.128575325012207	4.1249542236328125	4.19033670425415	4.204783916473389	4.091553211212158	3.9517626762390137	3.949059009552002	4.0840535163879395	4.2226243019104	4.289418697357178	4.301453590393066
14	mean	-0.9388721585273743	-0.7537476420402527	-0.614526629447937	-0.5470054745674133	-0.5556606650352478	-0.648540198802948	-0.869550883769989	-1.2954914569854736	-1.9677728414535522	-2.7742908000946045	-3.3470566272735596	-3.0559442043304443	-1.146988868713379	2.9862804412841797	9.477920532226562	17.750892639160156	26.523242950439453	34.14128875732422	39.145050048828125	40.8010368347168	39.322025299072266	35.66802978515625	31.06260871887207	26.498369216918945	22.4693603515625	19.00400161743164	15.896175384521484	12.953723907470703	10.126376152038574	7.487893581390381	5.139720916748047	3.1222872734069824	1.3841315507888794	-0.1885993629693985	-1.7102315425872803	-3.239884614944458	-4.7619829177856445	-6.208641052246094	-7.504770278930664	-8.607379913330078	-9.519426345825195	-10.275623321533203	-10.91235065460205	-11.442299842834473	-11.85125732421875	-12.118515014648438	-12.241665840148926	-12.243734359741211	-12.159082412719727	-12.014480590820312	-11.820085525512695	-11.57027530670166	-11.249119758605957	-10.840300559997559	-10.342869758605957	-9.785783767700195	-9.22696304321289	-8.728938102722168	-8.322186470031738	-7.983158111572266	-7.647546768188477	-7.252780437469482	-6.780147552490234	-6.266914367675781
14	std	4.694815635681152	4.673770904541016	4.631607532501221	4.602482318878174	4.549006462097168	4.5442891120910645	4.882562637329102	5.800323486328125	7.119263648986816	8.370256423950195	9.108403205871582	9.175382614135742	8.790714263916016	8.230005264282227	7.381479263305664	6.038567066192627	4.767631530761719	4.842291831970215	5.827157020568848	6.298086643218994	5.861329555511475	4.966005802154541	4.342390060424805	4.3009843826293945	4.554316520690918	4.845974445343018	5.132314205169678	5.383578300476074	5.540118217468262	5.600933074951172	5.645078659057617	5.752327919006348	5.927276611328125	6.106163501739502	6.231973648071289	6.313918590545654	6.380697727203369	6.387890815734863	6.261023998260498	6.030117511749268	5.832688808441162	5.773801326751709	5.832652568817139	5.882211208343506	5.773713111877441	5.464966773986816	5.077142238616943	4.762244701385498	4.53342866897583	4.324328422546387	4.144755840301514	4.0789265632629395	4.169497013092041	4.352166652679443	4.52582311630249	4.643916130065918	4.69995641708374	4.673974990844727	4.554522514343262	4.395855903625488	4.299605369567871	4.323244094848633	4.443811416625977	4.617371082305908
15	mean	-0.9558913111686707	-0.9264382123947144	-0.9302221536636353	-0.9699868559837341	-1.02699613571167	-1.0660749673843384	-1.065283179283142	-1.0606753826141357	-1.164756178855896	-1.5087263584136963	-2.099668502807617	-2.662234306335449	-2.593135356903076	-1.1321992874145508	2.2690913677215576	7.554551124572754	13.889813423156738	19.86639404296875	24.02875518798828	25.464109420776367	24.140911102294922	20.827381134033203	16.66712760925293	12.668468475341797	9.37509536743164	6.837700843811035	4.819361209869385	3.0587778091430664	1.4340764284133911	-0.02589818462729454	-1.2323414087295532	-2.1371428966522217	-2.7766032218933105	-3.2474515438079834	-3.6490254402160645	-4.036246299743652	-4.408664703369141	-4.732123374938965	-4.971415042877197	-5.112322807312012	-5.16457462310791	-5.151240825653076	-5.096473693847656	-5.019148826599121	-4.9320573806762695	-4.841819763183594	-4.747834205627441	-4.641840934753418	-4.511138439178467	-4.346066951751709	-4.147305965423584	-3.9282655715942383	-3.710068941116333	-3.511752128601074	-3.341090440750122	-3.191199779510498	-3.0446555614471436	-2.883263349533081	-2.698918342590332	-2.5001375675201416	-2.3097426891326904	-2.154121160507202	-2.04901123046875	-1.9888802766799927
15	std	4.1067328453063965	4.118449687957764	4.1216583251953125	4.102139949798584	4.0754008293151855	4.091945648193359	4.175232410430908	4.315216541290283	4.533217430114746	4.867735385894775	5.293905258178711	5.722269535064697	6.02755880355835	6.027000427246094	5.530343532562256	4.56682825088501	3.7121565341949463	3.8470637798309326	4.598964691162109	4.963174819946289	4.645944118499756	4.064423561096191	3.959929943084717	4.509380340576172	5.204889297485352	5.679958820343018	5.870196342468262	5.846198081970215	5.7050652503967285	5.525451183319092	5.3368401527404785	5.1309099197387695	4.9191107749938965	4.742408275604248	4.613986492156982	4.498042583465576	4.362488746643066	4.230354309082031	4.1571478843688965	4.145496845245361	4.13197660446167	4.093386173248291	4.08758544921875	4.144534587860107	4.212552070617676	4.253721714019775	4.284731388092041	4.306990623474121	4.289741516113281	4.235095024108887	4.191849231719971	4.194730281829834	4.235326290130615	4.291252613067627	4.339385509490967	4.354656219482422	4.334018230438232	4.300363063812256	4.264834880828857	4.225895404815674	4.205240726470947	4.224236488342285	4.256687641143799	4.262465953826904
16	mean	-0.9648349285125732	-0.8783570528030396	-0.792012631893158	-0.7300354242324829	-0.6986528635025024	-0.6683551669120789	-0.577903687953949	-0.37087175250053406	-0.04711674526333809	0.31903189420700073	0.6408001780509949	0.9537444114685059	1.5350780487060547	2.882768154144287	5.492730140686035	9.514357566833496	14.48863410949707	19.37428092956543	22.91487693786621	24.17905044555664	22.973718643188477	19.89451789855957	15.997126579284668	12.294413566589355	9.362410545349121	7.2375335693359375	5.597347259521484	4.064425468444824	2.441718578338623	0.771415650844574	-0.7634723782539368	-1.9916366338729858	-2.8563599586486816	-3.4239754676818848	-3.8203485012054443	-4.152640342712402	-4.466549396514893	-4.754242897033691	-4.9922637939453125	-5.174388885498047	-5.317331314086914	-5.442414283752441	-5.5540289878845215	-5.633872985839844	-5.654581546783447	-5.599330902099609	-5.472080707550049	-5.29324197769165	-5.0876922607421875	-4.874760150909424	-4.665134906768799	-4.463952541351318	-4.275515556335449	-4.105556011199951	-3.958801507949829	-3.8334968090057373	-3.717499256134033	-3.5912282466888428	-3.4373233318328857	-3.2514328956604004	-3.046076536178589	-2.844635248184204	-2.6689534187316895	-2.5286366939544678
16	std	4.135805606842041	4.106469631195068	4.0487823486328125	4.035268306732178	4.101970195770264	4.183023929595947	4.205864429473877	4.188921928405762	4.2018303871154785	4.293182849884033	4.505002975463867	4.85368537902832	5.200889587402344	5.243999481201172	4.74326753616333	3.878018379211426	3.578010320663452	4.479407787322998	5.603971004486084	6.052666187286377	5.629057884216309	4.67505407333374	3.8500099182128906	3.679762601852417	4.015474796295166	4.429572582244873	4.734286785125732	4.938875198364258	5.119356632232666	5.312479019165039	5.470870018005371	5.526443004608154	5.469176769256592	5.341250419616699	5.183520793914795	5.014252185821533	4.839434623718262	4.66228723526001	4.492928981781006	4.3505659103393555	4.248952388763428	4.186186790466309	4.147948741912842	4.117470741271973	4.093932151794434	4.094758033752441	4.118697166442871	4.12915563583374	4.101388454437256	4.054665565490723	4.0194597244262695	4.014179229736328	4.05844259262085	4.144410133361816	4.203299045562744	4.174048900604248	4.092491149902344	4.052420139312744	4.080572605133057	4.123441696166992	4.14343786239624	4.138049125671387	4.10040283203125	4.044223785400391
17	mean	0.33131080865859985	0.4020560681819916	0.48865026235580444	0.5809240341186523	0.6593711972236633	0.7078446745872498	0.7369809746742249	0.7971829175949097	0.955582857131958	1.2427774667739868	1.6258800029754639	2.079000234603882	2.7548255920410156	4.137483596801758	6.980830669403076	11.91612434387207	18.854583740234375	26.56467628479004	32.834110260009766	35.31269073486328	32.641849517822266	25.190391540527344	14.918913841247559	4.45698356628418	-4.035290241241455	-9.582433700561523	-12.400321006774902	-13.373083114624023	-13.42613410949707	-13.146965980529785	-12.746255874633789	-12.226178169250488	-11.561858177185059	-10.784197807312012	-9.967622756958008	-9.18521499633789	-8.479884147644043	-7.862096786499023	-7.320260524749756	-6.832095623016357	-6.374302387237549	-5.930515766143799	-5.49639892578125	-5.079131603240967	-4.691699981689453	-4.3450469970703125	-4.041497707366943	-3.7722628116607666	-3.520419120788574	-3.268914222717285	-3.0099422931671143	-2.750486373901367	-2.5095646381378174	-2.306908130645752	-2.148599624633789	-2.019857168197632	-1.8921386003494263	-1.7409204244613647	-1.5610365867614746	-1.3680704832077026	-1.1859828233718872	-1.031551480293274	-0.9067630171775818	-0.8028188943862915
17	std	4.434559345245361	4.469717979431152	4.455284595489502	4.439108371734619	4.4655442237854	4.515560626983643	4.542303562164307	4.536979675292969	4.532353401184082	4.551570415496826	4.578549861907959	4.591276168823242	4.594799041748047	4.559179782867432	4.340491771697998	3.825206756591797	3.320167064666748	3.555281400680542	4.351972579956055	4.756744384765625	4.351967811584473	3.597590684890747	3.5718274116516113	4.330999851226807	4.9400811195373535	5.029973030090332	4.7826457023620605	4.527240753173828	4.427293300628662	4.430716514587402	4.441708087921143	4.437692165374756	4.444761276245117	4.469050884246826	4.482363700866699	4.4669647216796875	4.4426589012146	4.4369306564331055	4.451855182647705	4.476540565490723	4.504983901977539	4.5287909507751465	4.5362348556518555	4.52638578414917	4.5132646560668945	4.514643669128418	4.532005310058594	4.539587497711182	4.515200138092041	4.482394695281982	4.481236457824707	4.503692150115967	4.51345157623291	4.506359577178955	4.500200271606445	4.494555473327637	4.480334758758545	4.469211578369141	4.48322868347168	4.515545845031738	4.528302192687988	4.501313209533691	4.458635330200195	4.437735557556152
18	mean	-2.3151204586029053	-2.32820987701416	-2.326397180557251	-2.352041244506836	-2.4349679946899414	-2.571387529373169	-2.7308499813079834	-2.886842966079712	-3.037224769592285	-3.175320625305176	-3.2077200412750244	-2.870626449584961	-1.7278344631195068	0.6935844421386719	4.654053211212158	9.953289031982422	15.838204383850098	21.168302536010742	24.804811477661133	26.05245018005371	24.93378257751465	22.150876998901367	18.750167846679688	15.665915489196777	13.380891799926758	11.860459327697754	10.745285034179688	9.64659309387207	8.362510681152344	6.920952320098877	5.478306770324707	4.179853439331055	3.0794196128845215	2.1478312015533447	1.331156849861145	0.5989450812339783	-0.04851692542433739	-0.60273277759552	-1.0702705383300781	-1.4783966541290283	-1.8630101680755615	-2.2494051456451416	-2.6392834186553955	-3.0135669708251953	-3.3496005535125732	-3.6404078006744385	-3.9024739265441895	-4.166640758514404	-4.455783367156982	-4.759753227233887	-5.024672985076904	-5.172940731048584	-5.150183200836182	-4.969137191772461	-4.715240478515625	-4.503407955169678	-4.410654544830322	-4.429608345031738	-4.477244853973389	-4.455458164215088	-4.321139812469482	-4.115090370178223	-3.9296534061431885	-3.8419456481933594
18	std	4.787269115447998	4.832601070404053	4.978397846221924	5.149171352386475	5.245288848876953	5.270603656768799	5.387704372406006	5.756392002105713	6.351738929748535	7.114712715148926	8.089492797851562	9.172908782958984	9.926756858825684	9.831585884094238	8.678175926208496	6.825382232666016	5.318800449371338	5.257925510406494	6.016488075256348	6.385576248168945	6.070617198944092	5.473041534423828	5.209566593170166	5.487118721008301	5.943997383117676	6.211388111114502	6.227034091949463	6.123137474060059	6.004382610321045	5.906418323516846	5.882463455200195	5.9406561851501465	5.975412368774414	5.909963130950928	5.797517776489258	5.731989860534668	5.759347915649414	5.86482572555542	5.977909564971924	6.032970905303955	6.030679702758789	5.994131565093994	5.904021739959717	5.732534885406494	5.511206150054932	5.317445278167725	5.1962504386901855	5.138635158538818	5.1426262855529785	5.218969821929932	5.32025146484375	5.358415603637695	5.3302507400512695	5.36631965637207	5.571306228637695	5.830794334411621	5.92021369934082	5.774456024169922	5.551639080047607	5.43888521194458	5.480879783630371	5.6472697257995605	5.883493900299072	6.0400590896606445
19	mean	3.9080989360809326	4.484536647796631	5.124777317047119	5.830021381378174	6.599216461181641	7.445333480834961	8.39903736114502	9.493788719177246	10.749127388000488	12.175457000732422	13.80751895904541	15.74884033203125	18.195697784423828	21.408952713012695	25.61746597290039	30.864641189575195	36.84012985229492	42.76142501831055	47.38567352294922	49.22993087768555	47.021766662597656	40.25721740722656	29.588754653930664	16.75366973876953	3.9808969497680664	-6.844412326812744	-14.802924156188965	-20.03491973876953	-23.337614059448242	-25.5823917388916	-27.306581497192383	-28.64512062072754	-29.518665313720703	-29.86806869506836	-29.768421173095703	-29.39556312561035	-28.924379348754883	-28.452877044677734	-27.990339279174805	-27.49180793762207	-26.899925231933594	-26.168819427490234	-25.26763916015625	-24.173192977905273	-22.86494255065918	-21.329227447509766	-19.573570251464844	-17.6390438079834	-15.597786903381348	-13.531110763549805	-11.502132415771484	-9.541282653808594	-7.654339790344238	-5.845017433166504	-4.133903980255127	-2.5586676597595215	-1.1557841300964355	0.06058992072939873	1.1056920289993286	2.0133676528930664	2.816883087158203	3.5333364009857178	4.158947467803955	4.676609992980957
19	std	3.860788345336914	3.890141487121582	3.8933706283569336	3.9038007259368896	3.9552156925201416	4.015758514404297	4.030340194702148	3.9955668449401855	3.9490389823913574	3.9299967288970947	3.9751389026641846	4.097909927368164	4.251017093658447	4.317197799682617	4.16111421585083	3.817708969116211	3.7219085693359375	4.3205132484436035	5.210694313049316	5.619983673095703	5.171337127685547	4.31458044052124	4.46647310256958	5.907566547393799	7.282635688781738	7.836853981018066	7.588690757751465	6.9285969734191895	6.232058525085449	5.671064376831055	5.277224063873291	5.027985095977783	4.858637809753418	4.708372592926025	4.575920581817627	4.509690284729004	4.534141540527344	4.5800909996032715	4.548049449920654	4.447115898132324	4.375629901885986	4.352306842803955	4.307256698608398	4.2360429763793945	4.198780059814453	4.192252159118652	4.165886878967285	4.143972396850586	4.212686538696289	4.379493713378906	4.5509257316589355	4.655367374420166	4.689935207366943	4.666359901428223	4.603886604309082	4.5652875900268555	4.5895562171936035	4.589402198791504	4.443004131317139	4.188161373138428	4.01893949508667	4.025008678436279	4.076929092407227	4.061751842498779
20	mean	0.8916086554527283	1.1073496341705322	1.2881412506103516	1.4080778360366821	1.47322678565979	1.5446076393127441	1.7408950328826904	2.1947834491729736	2.9625701904296875	3.938704013824463	4.862155914306641	5.4676642417907715	5.727910995483398	6.022954940795898	7.058419704437256	9.485861778259277	13.397940635681152	18.023361206054688	21.88811492919922	23.436203002929688	21.787015914916992	17.179283142089844	10.832554817199707	4.328317642211914	-1.0966432094573975	-4.9482316970825195	-7.418262004852295	-9.019875526428223	-10.200346946716309	-11.150211334228516	-11.8471097946167	-12.219172477722168	-12.276009559631348	-12.126848220825195	-11.907907485961914	-11.697357177734375	-11.482697486877441	-11.191242218017578	-10.750532150268555	-10.135425567626953	-9.377045631408691	-8.537468910217285	-7.674264430999756	-6.819794654846191	-5.984565258026123	-5.174444675445557	-4.403369426727295	-3.691598892211914	-3.053593397140503	-2.4871585369110107	-1.9726558923721313	-1.4833358526229858	-1.0004444122314453	-0.5243745446205139	-0.07638565450906754	0.3095149099826813	0.6026597023010254	0.7947353720664978	0.9112089276313782	1.0045160055160522	1.1288862228393555	1.3101383447647095	1.5292731523513794	1.7317759990692139
20	std	4.034278869628906	3.997544765472412	3.985280990600586	3.971331834793091	3.9198532104492188	3.8822131156921387	3.9390511512756348	4.055801868438721	4.127790451049805	4.127607345581055	4.112516403198242	4.136991500854492	4.202974796295166	4.25824499130249	4.215729236602783	4.055741310119629	4.021897792816162	4.475806713104248	5.205651760101318	5.548280715942383	5.15358829498291	4.374114990234375	4.111048698425293	4.622415542602539	5.179747104644775	5.347505569458008	5.195720672607422	4.933509826660156	4.6713151931762695	4.452001094818115	4.343625068664551	4.397563457489014	4.589056015014648	4.8577165603637695	5.141474723815918	5.373254776000977	5.522754669189453	5.627681255340576	5.718260765075684	5.751572608947754	5.687855243682861	5.558558940887451	5.3976569175720215	5.1875810623168945	4.931232929229736	4.695246696472168	4.5260539054870605	4.396809101104736	4.285161018371582	4.209854602813721	4.156514644622803	4.081892013549805	4.005386829376221	3.9738376140594482	3.9596107006073	3.923185110092163	3.9096076488494873	3.969346523284912	4.057616710662842	4.093411445617676	4.062086582183838	4.031358242034912	4.0677056312561035	4.142797470092773
21	mean	-1.585402488708496	-1.3514958620071411	-1.146104335784912	-0.9497442245483398	-0.731007993221283	-0.4293423891067505	0.04778454452753067	0.7868229150772095	1.7950245141983032	2.9429750442504883	3.989877700805664	4.717941761016846	5.1180644035339355	5.498298645019531	6.394294738769531	8.270837783813477	11.161079406738281	14.481181144714355	17.19005012512207	18.254335403442383	17.166826248168945	14.20908260345459	10.300959587097168	6.535341739654541	3.6810834407806396	1.9283151626586914	0.9725208282470703	0.32364535331726074	-0.3776382803916931	-1.2100834846496582	-2.0278334617614746	-2.6356661319732666	-2.9491121768951416	-3.0440475940704346	-3.086604356765747	-3.211449384689331	-3.4389572143554688	-3.6812429428100586	-3.8194808959960938	-3.790243148803711	-3.6218161582946777	-3.404052972793579	-3.2237088680267334	-3.1150269508361816	-3.05533504486084	-2.9991841316223145	-2.9203131198883057	-2.831184148788452	-2.771076202392578	-2.776340961456299	-2.854126453399658	-2.9743006229400635	-3.082071304321289	-3.122257709503174	-3.061288595199585	-2.8972859382629395	-2.65606427192688	-2.3767812252044678	-2.095768928527832	-1.8381567001342773	-1.6184842586517334	-1.4418182373046875	-1.300007700920105	-1.1707693338394165
21	std	4.877523899078369	4.749882698059082	4.647714138031006	4.575738906860352	4.560850143432617	4.601198673248291	4.668219089508057	4.735276699066162	4.7897138595581055	4.842479705810547	4.913689613342285	4.973644733428955	4.9297590255737305	4.6955366134643555	4.222102165222168	3.509143829345703	2.7896387577056885	2.6853809356689453	3.2153172492980957	3.529198169708252	3.192322015762329	2.593341112136841	2.9076578617095947	4.236871719360352	5.6594557762146	6.7327446937561035	7.371789932250977	7.639462947845459	7.60579252243042	7.313594818115234	6.850338935852051	6.367295742034912	5.980172157287598	5.713199615478516	5.563181400299072	5.523452281951904	5.539754390716553	5.53704833984375	5.488812446594238	5.419001579284668	5.36099910736084	5.336104869842529	5.345248699188232	5.372966766357422	5.422375679016113	5.5216498374938965	5.658233642578125	5.764442443847656	5.810632705688477	5.816009998321533	5.736557483673096	5.4860758781433105	5.117310523986816	4.849443435668945	4.806440353393555	4.8534464836120605	4.8291215896606445	4.741192817687988	4.68595027923584	4.72143030166626	4.857786178588867	5.060365200042725	5.231665134429932	5.289402008056641
22	mean	-1.3624945878982544	-1.231855869293213	-1.0973511934280396	-0.9917635917663574	-0.9291340112686157	-0.8675100803375244	-0.7068332433700562	-0.34515661001205444	0.23132385313510895	0.8974477648735046	1.4517194032669067	1.7957425117492676	2.1252710819244385	2.966907262802124	4.955306529998779	8.419999122619629	13.02596378326416	17.741640090942383	21.230823516845703	22.481836318969727	21.304121017456055	18.39023780822754	14.91582202911377	11.937613487243652	9.948095321655273	8.808103561401367	8.018322944641113	7.099748611450195	5.842607021331787	4.324577331542969	2.7661941051483154	1.3656561374664307	0.2153332233428955	-0.6896309852600098	-1.4024803638458252	-1.9872061014175415	-2.5055527687072754	-3.0114004611968994	-3.5360324382781982	-4.070063591003418	-4.562924385070801	-4.9488749504089355	-5.185240745544434	-5.277362823486328	-5.275266170501709	-5.24572229385376	-5.237712383270264	-5.260284423828125	-5.2834696769714355	-5.260455131530762	-5.158316612243652	-4.980707168579102	-4.769309043884277	-4.583038330078125	-4.4660444259643555	-4.422571182250977	-4.413767337799072	-4.379367351531982	-4.271331787109375	-4.078031539916992	-3.8251428604125977	-3.5567281246185303	-3.312058448791504	-3.111945390701294
22	std	4.929644584655762	4.9857563972473145	4.9758219718933105	4.904506683349609	4.840147972106934	4.8650102615356445	4.984665393829346	5.136815071105957	5.314123153686523	5.586943626403809	5.975428104400635	6.393585205078125	6.696067810058594	6.67217493057251	6.077434062957764	4.842123031616211	3.3939576148986816	2.8547518253326416	3.419557571411133	3.7733821868896484	3.44590425491333	2.9027018547058105	3.0231261253356934	3.84409236907959	4.735049724578857	5.383354187011719	5.747704029083252	5.905153751373291	5.957530498504639	5.961555480957031	5.931852340698242	5.874250411987305	5.773353099822998	5.595165729522705	5.343771457672119	5.0784406661987305	4.856639385223389	4.69753885269165	4.6086602210998535	4.600395202636719	4.652297496795654	4.702133655548096	4.707662105560303	4.698622703552246	4.72409725189209	4.769033432006836	4.783698081970215	4.773049354553223	4.791585922241211	4.848512172698975	4.883388519287109	4.857517242431641	4.804545879364014	4.774445533752441	4.778899192810059	4.800015449523926	4.809540748596191	4.783871173858643	4.731448173522949	4.6977691650390625	4.7204976081848145	4.782466888427734	4.835230827331543	4.864937782287598
23	mean	-1.453266978263855	-1.3324867486953735	-1.2294255495071411	-1.1576073169708252	-1.1077479124069214	-1.0349400043487549	-0.8695980906486511	-0.5632166266441345	-0.1466244012117386	0.25636398792266846	0.5112379193305969	0.6369460821151733	0.947177529335022	2.0256340503692627	4.465946674346924	8.47166633605957	13.557490348815918	18.590953826904297	22.226171493530273	23.516048431396484	22.345176696777344	19.427690505981445	15.893948554992676	12.736164093017578	10.431889533996582	8.907809257507324	7.781459331512451	6.677798271179199	5.429109573364258	4.088162422180176	2.812812328338623	1.733520269393921	0.884933590888977	0.21596287190914154	-0.35763978958129883	-0.9041535258293152	-1.4555078744888306	-2.01385760307312	-2.568157196044922	-3.1053481101989746	-3.611912250518799	-4.072006702423096	-4.469460964202881	-4.794680595397949	-5.051005840301514	-5.25408935546875	-5.422060012817383	-5.562000274658203	-5.6626386642456055	-5.700341701507568	-5.656379699707031	-5.534517288208008	-5.366573810577393	-5.200875759124756	-5.078208923339844	-5.008674144744873	-4.964430332183838	-4.8947224617004395	-4.755190372467041	-4.53263521194458	-4.249305248260498	-3.946533441543579	-3.6615216732025146	-3.4131884574890137
23	std	4.432080268859863	4.390969276428223	4.3473405838012695	4.3170366287231445	4.299575328826904	4.300606727600098	4.347431182861328	4.448087692260742	4.580342769622803	4.749227523803711	4.998434066772461	5.33551025390625	5.6639838218688965	5.776183605194092	5.4379963874816895	4.614718437194824	3.7833690643310547	3.7865443229675293	4.427975654602051	4.760538101196289	4.46696662902832	3.9323832988739014	3.78409481048584	4.121083736419678	4.550262928009033	4.834588050842285	4.953310489654541	4.948488235473633	4.866860389709473	4.750123023986816	4.628358364105225	4.529364585876465	4.475768566131592	4.455593585968018	4.428030014038086	4.373114109039307	4.314768314361572	4.2949090003967285	4.331912040710449	4.3998942375183105	4.453249931335449	4.470903396606445	4.463191032409668	4.441514015197754	4.406727313995361	4.371184825897217	4.365148544311523	4.40031099319458	4.43935489654541	4.4299468994140625	4.367795467376709	4.30059814453125	4.2637152671813965	4.243649482727051	4.220218181610107	4.202552318572998	4.202642440795898	4.211268424987793	4.21989631652832	4.232194423675537	4.243115425109863	4.2465314865112305	4.267308235168457	4.334646701812744
24	mean	-2.7645151615142822	-2.5210254192352295	-2.339920997619629	-2.232954502105713	-2.161891460418701	-2.0349478721618652	-1.724286675453186	-1.1134393215179443	-0.1659540981054306	1.0252519845962524	2.26214599609375	3.3601903915405273	4.308050632476807	5.352292537689209	6.904303550720215	9.273831367492676	12.374361038208008	15.611120223999023	18.079002380371094	18.99626922607422	18.121143341064453	15.885161399841309	13.155055046081543	10.776442527770996	9.183595657348633	8.291301727294922	7.683568954467773	6.933526039123535	5.842030048370361	4.479049205780029	3.0605289936065674	1.7852277755737305	0.7411615252494812	-0.0891827866435051	-0.7689602375030518	-1.3556290864944458	-1.8889036178588867	-2.4030539989471436	-2.9318180084228516	-3.4930191040039062	-4.066900730133057	-4.591703414916992	-4.988065242767334	-5.201849460601807	-5.238602638244629	-5.165233612060547	-5.0739641189575195	-5.029050350189209	-5.029810905456543	-5.014809608459473	-4.905308246612549	-4.660521507263184	-4.30977725982666	-3.9412670135498047	-3.653818368911743	-3.5002832412719727	-3.4559853076934814	-3.431272029876709	-3.321828603744507	-3.067075729370117	-2.680650472640991	-2.236176013946533	-1.823064923286438	-1.504280686378479
24	std	6.284918785095215	6.216094970703125	6.093571662902832	5.852837562561035	5.541579723358154	5.277336120605469	5.145679473876953	5.1902594566345215	5.400856018066406	5.690540313720703	5.981693267822266	6.258574962615967	6.463303565979004	6.406091213226318	5.86597204208374	4.824412822723389	3.679337501525879	3.173395872116089	3.3943960666656494	3.5757107734680176	3.3878722190856934	3.1305930614471436	3.3143973350524902	3.974540948867798	4.708148956298828	5.207093238830566	5.389211177825928	5.3421549797058105	5.210972785949707	5.098592758178711	5.052242279052734	5.081961154937744	5.165003776550293	5.267554759979248	5.351347923278809	5.3799662590026855	5.376278400421143	5.421818256378174	5.536335468292236	5.639662742614746	5.6769514083862305	5.689554691314697	5.732549667358398	5.776504993438721	5.745419979095459	5.645470142364502	5.583278656005859	5.603031158447266	5.6024627685546875	5.494137287139893	5.324293613433838	5.169335842132568	5.029928207397461	4.911882400512695	4.900257110595703	5.0377326011657715	5.2246317863464355	5.354567050933838	5.4543890953063965	5.616139888763428	5.848206520080566	6.077328681945801	6.2629618644714355	6.426440715789795
25	mean	-1.5979013442993164	-1.2425568103790283	-0.9526433348655701	-0.7131150960922241	-0.4841475486755371	-0.2049339860677719	0.19365885853767395	0.7564972043037415	1.459119439125061	2.1901443004608154	2.8081157207489014	3.273249864578247	3.7761471271514893	4.742834091186523	6.648000240325928	9.701874732971191	13.59684944152832	17.50382423400879	20.374343872070312	21.40940284729004	20.43608856201172	17.974775314331055	14.96025562286377	12.2833890914917	10.414072036743164	9.297121047973633	8.532951354980469	7.689681053161621	6.547540664672852	5.156601428985596	3.7240607738494873	2.443803071975708	1.3865214586257935	0.4998224377632141	-0.31584739685058594	-1.1291006803512573	-1.950689673423767	-2.757807731628418	-3.530353546142578	-4.262492656707764	-4.945948123931885	-5.550523281097412	-6.028603553771973	-6.344876289367676	-6.5063018798828125	-6.563666820526123	-6.578945636749268	-6.5807013511657715	-6.542418479919434	-6.403457164764404	-6.119388103485107	-5.705923557281494	-5.244953155517578	-4.847837448120117	-4.5978803634643555	-4.5075907707214355	-4.51637601852417	-4.527371406555176	-4.457950592041016	-4.274222373962402	-3.9945671558380127	-3.667262554168701	-3.340202569961548	-3.040844202041626
25	std	6.261354923248291	6.191524982452393	6.106790065765381	6.076626300811768	6.0783610343933105	6.037534713745117	5.981379985809326	6.032182693481445	6.235426425933838	6.5010881423950195	6.742842197418213	6.953523635864258	7.071539402008057	6.863335132598877	6.085707187652588	4.813205242156982	3.6915171146392822	3.605708599090576	4.188332557678223	4.48527193069458	4.241537094116211	3.7961742877960205	3.7382051944732666	4.242218494415283	4.922033309936523	5.462390899658203	5.815954685211182	6.0521440505981445	6.204047203063965	6.2646307945251465	6.262099266052246	6.238471508026123	6.191099643707275	6.133448600769043	6.143596172332764	6.2373223304748535	6.290491580963135	6.2029547691345215	6.047792434692383	5.978470325469971	6.028275489807129	6.0974836349487305	6.1137213706970215	6.0999555587768555	6.097623825073242	6.105992794036865	6.113134860992432	6.115910053253174	6.103908538818359	6.084575176239014	6.0998616218566895	6.162881851196289	6.220362663269043	6.218348979949951	6.1591668128967285	6.075047492980957	5.989170551300049	5.916264533996582	5.8689188957214355	5.862774848937988	5.920231342315674	6.036555767059326	6.162661075592041	6.269582271575928
26	mean	-1.7373507022857666	-1.5456929206848145	-1.4154765605926514	-1.3492954969406128	-1.297946810722351	-1.1515655517578125	-0.775368332862854	-0.10359364002943039	0.7585310339927673	1.5353726148605347	1.9710866212844849	2.1575100421905518	2.775770902633667	4.980949401855469	9.840438842773438	17.57349967956543	27.08638572692871	36.208740234375	42.5994758605957	44.81219482421875	42.87643051147461	38.087562561035156	32.219261169433594	26.689855575561523	22.132244110107422	18.477794647216797	15.338837623596191	12.372455596923828	9.435405731201172	6.541040420532227	3.7454729080200195	1.0743640661239624	-1.4808735847473145	-3.9331583976745605	-6.277436256408691	-8.48677921295166	-10.515156745910645	-12.29828929901123	-13.758262634277344	-14.8219575881958	-15.45280647277832	-15.677288055419922	-15.584738731384277	-15.296098709106445	-14.918803215026855	-14.5126371383667	-14.085088729858398	-13.616456985473633	-13.093799591064453	-12.527201652526855	-11.94155216217041	-11.358490943908691	-10.787660598754883	-10.231213569641113	-9.690604209899902	-9.165145874023438	-8.645750999450684	-8.115386962890625	-7.561534404754639	-6.991889476776123	-6.4377312660217285	-5.9380106925964355	-5.513778209686279	-5.152310371398926
26	std	4.705458164215088	4.643413543701172	4.632842540740967	4.569156646728516	4.479336261749268	4.484206676483154	4.609047889709473	4.7697272300720215	4.924753665924072	5.109753608703613	5.3547844886779785	5.670840740203857	6.044084072113037	6.304779052734375	6.128813743591309	5.375259876251221	4.515401840209961	4.485831260681152	5.173628330230713	5.552670001983643	5.212667942047119	4.515169620513916	4.130582332611084	4.260044097900391	4.527833461761475	4.6766486167907715	4.730240821838379	4.7816925048828125	4.837198734283447	4.841468334197998	4.807210445404053	4.830471038818359	4.949301242828369	5.103781223297119	5.24560022354126	5.340196132659912	5.314261436462402	5.134301662445068	4.883697986602783	4.682419776916504	4.5774712562561035	4.555236339569092	4.584465026855469	4.625888347625732	4.654831886291504	4.659982681274414	4.62550687789917	4.5594401359558105	4.503596305847168	4.479410648345947	4.474717617034912	4.484394550323486	4.506551742553711	4.5202741622924805	4.508450984954834	4.484870910644531	4.483132839202881	4.515617370605469	4.543120861053467	4.514579772949219	4.4433159828186035	4.406580924987793	4.45980167388916	4.593118190765381
27	mean	-2.158346652984619	-2.171865463256836	-2.1977293491363525	-2.252269983291626	-2.3452022075653076	-2.452758550643921	-2.50720477104187	-2.424582004547119	-2.158534526824951	-1.732154369354248	-1.1995418071746826	-0.5398216247558594	0.4428199827671051	2.1083500385284424	4.80590295791626	8.598495483398438	13.057202339172363	17.29638671875	20.291667938232422	21.334991455078125	20.369815826416016	18.004911422729492	15.196990013122559	12.7898530960083	11.172913551330566	10.227167129516602	9.538710594177246	8.707601547241211	7.560293197631836	6.174291133880615	4.7573747634887695	3.4957921504974365	2.4681484699249268	1.649627447128296	0.9676821827888489	0.35532432794570923	-0.2253560572862625	-0.7847400307655334	-1.315696120262146	-1.8028408288955688	-2.2314250469207764	-2.5961265563964844	-2.9046549797058105	-3.172224998474121	-3.410997152328491	-3.6240739822387695	-3.808475971221924	-3.9618475437164307	-4.083743572235107	-4.170490741729736	-4.2122039794921875	-4.200435161590576	-4.142597198486328	-4.0686516761779785	-4.018637657165527	-4.015765190124512	-4.045032501220703	-4.056865215301514	-3.9976091384887695	-3.846900463104248	-3.634920835494995	-3.427190065383911	-3.287604570388794	-3.2434897422790527
27	std	4.296614170074463	4.2848591804504395	4.241846561431885	4.2481865882873535	4.344134330749512	4.479153633117676	4.614598751068115	4.775639533996582	4.998055458068848	5.316615104675293	5.799508571624756	6.438657760620117	6.977331161499023	6.99786376953125	6.219915866851807	4.754319667816162	3.248660087585449	2.786139965057373	3.2705767154693604	3.5590436458587646	3.333174228668213	2.975059747695923	3.160292387008667	3.937696695327759	4.76485013961792	5.315317153930664	5.555520534515381	5.582454681396484	5.515825271606445	5.449431419372559	5.4039459228515625	5.3277692794799805	5.176846027374268	4.970762252807617	4.7678375244140625	4.615471363067627	4.533658981323242	4.51974630355835	4.542977333068848	4.556463718414307	4.543484210968018	4.52518892288208	4.506685256958008	4.467888832092285	4.416403770446777	4.384660243988037	4.376440525054932	4.366178035736084	4.33540678024292	4.28877067565918	4.250932216644287	4.242166042327881	4.253964424133301	4.264749526977539	4.26292610168457	4.247043132781982	4.235058307647705	4.2609453201293945	4.326521396636963	4.38333797454834	4.3848876953125	4.333878993988037	4.277585506439209	4.2660369873046875
28	mean	-2.9180309772491455	-2.7576167583465576	-2.6740031242370605	-2.734405279159546	-2.905301094055176	-3.003598213195801	-2.7699599266052246	-2.089444637298584	-1.2362101078033447	-0.8901811838150024	-1.7289847135543823	-3.695880651473999	-5.416476249694824	-4.359348773956299	2.0204811096191406	14.625913619995117	31.58961296081543	48.60880661010742	60.798797607421875	65.02637481689453	61.26850891113281	52.21377944946289	41.54302215576172	32.104007720947266	25.018447875976562	19.950111389160156	16.00550079345703	12.529645919799805	9.37633228302002	6.711627006530762	4.68107271194458	3.2252707481384277	2.112600326538086	1.0829927921295166	-0.03230999410152435	-1.277034878730774	-2.6073668003082275	-3.955670118331909	-5.280198574066162	-6.5790863037109375	-7.870617389678955	-9.16176700592041	-10.431244850158691	-11.637212753295898	-12.736353874206543	-13.695096015930176	-14.489311218261719	-15.102316856384277	-15.52567195892334	-15.759441375732422	-15.809602737426758	-15.686156272888184	-15.405000686645508	-14.992029190063477	-14.48437213897705	-13.923454284667969	-13.34227180480957	-12.754993438720703	-12.157510757446289	-11.538825988769531	-10.895172119140625	-10.237820625305176	-9.590898513793945	-8.981640815734863
28	std	4.963114261627197	5.166298866271973	5.30092716217041	5.227092742919922	4.942224025726318	4.580506801605225	4.346173286437988	4.376068592071533	4.617063045501709	4.915332317352295	5.18152379989624	5.434055328369141	5.757498264312744	6.1392083168029785	6.2951765060424805	5.904865264892578	5.1959028244018555	5.095737934112549	5.794823169708252	6.243743419647217	5.855503082275391	5.028903961181641	4.635818004608154	4.894261360168457	5.241501808166504	5.340963840484619	5.232564449310303	5.059128761291504	4.920820236206055	4.871753215789795	4.951303005218506	5.154498100280762	5.361580848693848	5.392634868621826	5.188914775848389	4.89647912979126	4.722681522369385	4.727231025695801	4.840946674346924	5.011873722076416	5.209951877593994	5.366720676422119	5.413881778717041	5.360709190368652	5.275173187255859	5.211969375610352	5.201091766357422	5.23022985458374	5.197259426116943	5.011956691741943	4.766922950744629	4.652326583862305	4.665106773376465	4.63925838470459	4.534125804901123	4.444421291351318	4.404751777648926	4.383730411529541	4.40105676651001	4.47327995300293	4.54207181930542	4.575067043304443	4.615753650665283	4.681480407714844
29	mean	-1.66242253780365	-1.3416813611984253	-1.0308698415756226	-0.7859208583831787	-0.6113837957382202	-0.4082779586315155	0.04098960757255554	1.010182499885559	2.692556858062744	5.05717134475708	7.799823760986328	10.45560073852539	12.641942977905273	14.295258522033691	15.729599952697754	17.434921264648438	19.705307006835938	22.32997703552246	24.57471466064453	25.509342193603516	24.507678985595703	21.615341186523438	17.5528507232666	13.352404594421387	9.860748291015625	7.405864715576172	5.79213285446167	4.56415319442749	3.329350709915161	1.9437214136123657	0.49667781591415405	-0.8307766914367676	-1.9093663692474365	-2.722604990005493	-3.341283082962036	-3.86076021194458	-4.352234840393066	-4.846650123596191	-5.341442584991455	-5.814155578613281	-6.234734535217285	-6.57429313659668	-6.810922145843506	-6.934494495391846	-6.95140266418457	-6.887590408325195	-6.784390926361084	-6.683495044708252	-6.606328010559082	-6.541785717010498	-6.455003261566162	-6.31496000289917	-6.121051788330078	-5.906489849090576	-5.71439266204834	-5.565357208251953	-5.442418575286865	-5.304347515106201	-5.116122245788574	-4.872833251953125	-4.600656509399414	-4.3378071784973145	-4.112260818481445	-3.931739091873169
29	std	4.424904823303223	4.472951412200928	4.506241798400879	4.608524322509766	4.878175735473633	5.3032546043396	5.803215503692627	6.295828819274902	6.6770477294921875	6.833314895629883	6.708293437957764	6.333436489105225	5.806900978088379	5.247611999511719	4.732476234436035	4.294476509094238	4.033465385437012	4.094735145568848	4.372986793518066	4.5153913497924805	4.3301100730896	4.056767463684082	4.194293975830078	4.802085876464844	5.423019886016846	5.71437406539917	5.65130615234375	5.405386924743652	5.151644229888916	4.939486980438232	4.731192588806152	4.5255608558654785	4.394549369812012	4.397833347320557	4.493456840515137	4.570833206176758	4.56107234954834	4.496854782104492	4.463669300079346	4.492346286773682	4.5339155197143555	4.541414737701416	4.52159309387207	4.506711006164551	4.51149320602417	4.517636775970459	4.487575054168701	4.404576778411865	4.306637763977051	4.256129741668701	4.262852668762207	4.278613090515137	4.275086402893066	4.2698211669921875	4.271955490112305	4.267700672149658	4.266932010650635	4.29610013961792	4.348806381225586	4.403687000274658	4.4589338302612305	4.496814727783203	4.466784477233887	4.354620933532715
30	mean	-2.365280866622925	-2.2358527183532715	-2.161546230316162	-2.1740200519561768	-2.2556777000427246	-2.3155744075775146	-2.2111268043518066	-1.8246996402740479	-1.1497762203216553	-0.30300673842430115	0.5936428904533386	1.6150422096252441	3.1664204597473145	5.885815620422363	10.288765907287598	16.33390235900879	23.20285415649414	29.49687385559082	33.793235778808594	35.259765625	33.97956466674805	30.819259643554688	26.951900482177734	23.3257999420166	20.359535217285156	17.9669132232666	15.813169479370117	13.602230072021484	11.235889434814453	8.805496215820312	6.481475353240967	4.398701190948486	2.6005125045776367	1.0457680225372314	-0.35172897577285767	-1.6809278726577759	-3.0027852058410645	-4.335403919219971	-5.655857563018799	-6.915831089019775	-8.062822341918945	-9.056323051452637	-9.873099327087402	-10.504778861999512	-10.95496940612793	-11.239412307739258	-11.384727478027344	-11.421099662780762	-11.36933422088623	-11.23219108581543	-10.999529838562012	-10.668639183044434	-10.264387130737305	-9.84019947052002	-9.453150749206543	-9.127741813659668	-8.836572647094727	-8.516260147094727	-8.110404014587402	-7.60768461227417	-7.04702091217041	-6.4888224601745605	-5.97776985168457	-5.524946689605713
30	std	4.423603057861328	4.395471096038818	4.350899696350098	4.298446178436279	4.284094333648682	4.338747978210449	4.425105571746826	4.476274013519287	4.494696617126465	4.581744194030762	4.8143815994262695	5.139745712280273	5.457780361175537	5.658651351928711	5.5486674308776855	4.985632419586182	4.236268520355225	4.00477933883667	4.401709079742432	4.667055130004883	4.379995346069336	3.786790370941162	3.4742579460144043	3.6870110034942627	4.093722343444824	4.398654460906982	4.550919532775879	4.6006059646606445	4.591133117675781	4.540782928466797	4.465182304382324	4.402716636657715	4.407830238342285	4.487301826477051	4.571174144744873	4.605570316314697	4.62155294418335	4.648679256439209	4.643065929412842	4.581793785095215	4.533106327056885	4.5511908531188965	4.580629825592041	4.541437149047852	4.439007759094238	4.345257759094238	4.306663990020752	4.30896520614624	4.3253960609436035	4.354007720947266	4.3934221267700195	4.414151191711426	4.387391090393066	4.330219745635986	4.284084796905518	4.2536797523498535	4.218193531036377	4.1863298416137695	4.175077438354492	4.165268898010254	4.14681339263916	4.1666107177734375	4.265789985656738	4.408657073974609
31	mean	-1.5037814378738403	-1.374605655670166	-1.2471660375595093	-1.1278737783432007	-1.0114154815673828	-0.860342264175415	-0.5986964106559753	-0.14726804196834564	0.5070729851722717	1.263703465461731	1.9509199857711792	2.47491717338562	2.9938323497772217	3.9677765369415283	5.97499942779541	9.33715534210205	13.769330024719238	18.319772720336914	21.71472930908203	22.950918197631836	21.786540985107422	18.829694747924805	15.183422088623047	11.884629249572754	9.474420547485352	7.91149377822876	6.800935745239258	5.732962131500244	4.512486934661865	3.185068368911743	1.9140825271606445	0.8352856636047363	-0.015933863818645477	-0.6887911558151245	-1.258269190788269	-1.7779844999313354	-2.2692861557006836	-2.7356042861938477	-3.1774399280548096	-3.5942318439483643	-3.978257179260254	-4.313826084136963	-4.586130142211914	-4.791696071624756	-4.940458297729492	-5.048849105834961	-5.129824638366699	-5.185328483581543	-5.20396089553833	-5.1653008460998535	-5.051077365875244	-4.860204219818115	-4.620492935180664	-4.386020660400391	-4.215570449829102	-4.141292572021484	-4.146800518035889	-4.171491622924805	-4.141962051391602	-4.012667179107666	-3.790024995803833	-3.52500319480896	-3.280263662338257	-3.093870162963867
31	std	4.4299821853637695	4.406467914581299	4.444777965545654	4.51632022857666	4.594066143035889	4.660549640655518	4.687474727630615	4.677347183227539	4.709610939025879	4.88467264175415	5.230635643005371	5.683226108551025	6.079254150390625	6.141136646270752	5.586313724517822	4.438663959503174	3.532623529434204	4.107747554779053	5.305525779724121	5.815707683563232	5.326140880584717	4.2797088623046875	3.564180850982666	3.7141618728637695	4.255751132965088	4.71138334274292	5.002793312072754	5.156622886657715	5.162437438964844	5.045548439025879	4.925534725189209	4.9047393798828125	4.948047161102295	4.964540958404541	4.936333656311035	4.9020161628723145	4.879971027374268	4.869086265563965	4.882072925567627	4.919484615325928	4.941122531890869	4.905299663543701	4.816044807434082	4.715963363647461	4.6481709480285645	4.626623630523682	4.633064270019531	4.642966270446777	4.647678852081299	4.644711017608643	4.626481533050537	4.594052314758301	4.563687324523926	4.549978256225586	4.551999092102051	4.550817489624023	4.522651672363281	4.468902587890625	4.421663284301758	4.412102222442627	4.443480014801025	4.490081787109375	4.52215576171875	4.53643274307251
32	mean	-2.439047336578369	-2.1822590827941895	-1.9498125314712524	-1.775386929512024	-1.6476572751998901	-1.4694956541061401	-1.050971269607544	-0.1682741343975067	1.3197200298309326	3.360682249069214	5.691758155822754	7.961826801300049	9.941831588745117	11.686945915222168	13.516193389892578	15.782958030700684	18.562095642089844	21.464279174804688	23.73318862915039	24.60368537902832	23.71596336364746	21.326459884643555	18.18170928955078	15.135473251342773	12.74909496307373	11.104605674743652	9.90461254119873	8.748407363891602	7.389186859130859	5.829897403717041	4.247737884521484	2.8409550189971924	1.71123468875885	0.8375690579414368	0.1253608912229538	-0.5233927369117737	-1.1649205684661865	-1.8068993091583252	-2.426631212234497	-2.994751453399658	-3.4923291206359863	-3.9175496101379395	-4.283061504364014	-4.608464241027832	-4.911996841430664	-5.203756332397461	-5.482017993927002	-5.734067440032959	-5.941286563873291	-6.085921764373779	-6.156947612762451	-6.15537691116333	-6.098941326141357	-6.021926403045654	-5.963968276977539	-5.9487080574035645	-5.965211391448975	-5.9670023918151855	-5.894247531890869	-5.708225250244141	-5.417876720428467	-5.080173492431641	-4.772707939147949	-4.553773880004883
32	std	5.1202898025512695	5.062190055847168	5.011409282684326	5.004290580749512	5.043177604675293	5.103503704071045	5.192018985748291	5.338029384613037	5.524386882781982	5.677206993103027	5.731908321380615	5.676302909851074	5.511525630950928	5.1860198974609375	4.628645896911621	3.923746347427368	3.4804728031158447	3.6942012310028076	4.22066593170166	4.462226390838623	4.236374378204346	3.8508119583129883	3.827915906906128	4.2489333152771	4.721281051635742	4.984637260437012	5.0440545082092285	5.005253314971924	4.945457935333252	4.895009517669678	4.862194538116455	4.843775272369385	4.830559253692627	4.8191094398498535	4.82003116607666	4.839655876159668	4.853255271911621	4.835715293884277	4.815996170043945	4.849120140075684	4.937243461608887	5.02494478225708	5.062159538269043	5.044039726257324	5.004219055175781	4.981709003448486	4.990044593811035	5.014386177062988	5.030375003814697	5.01640510559082	4.957605838775635	4.8646240234375	4.784526824951172	4.7526421546936035	4.7425127029418945	4.716124057769775	4.692051887512207	4.707100868225098	4.758072853088379	4.833487033843994	4.940431118011475	5.062391757965088	5.1566996574401855	5.215368747711182
33	mean	-1.9059317111968994	-1.8455073833465576	-1.9003227949142456	-2.0570201873779297	-2.2621853351593018	-2.430521249771118	-2.478203773498535	-2.3823771476745605	-2.228719472885132	-2.1825973987579346	-2.3476645946502686	-2.5643773078918457	-2.2944490909576416	-0.7450364232063293	2.7405433654785156	8.203956604003906	14.813814163208008	21.062755584716797	25.38348388671875	26.857749938964844	25.602079391479492	22.612241744995117	19.190093994140625	16.31973648071289	14.337809562683105	13.012106895446777	11.881924629211426	10.60048770904541	9.091917991638184	7.498768329620361	6.024316310882568	4.7978835105896	3.830766201019287	3.0519397258758545	2.371066093444824	1.723423719406128	1.0818861722946167	0.44603589177131653	-0.17366968095302582	-0.765409529209137	-1.3189365863800049	-1.8270199298858643	-2.2883307933807373	-2.7107772827148438	-3.112295150756836	-3.517064332962036	-3.946729898452759	-4.4092302322387695	-4.8903632164001465	-5.353844165802002	-5.752025127410889	-6.044468402862549	-6.216639995574951	-6.288730144500732	-6.306765079498291	-6.31785774230957	-6.342492580413818	-6.36207389831543	-6.331555366516113	-6.210023403167725	-5.988781452178955	-5.699034690856934	-5.396693229675293	-5.134957313537598
33	std	4.5189290046691895	4.535228252410889	4.483822345733643	4.3820929527282715	4.298427104949951	4.257683753967285	4.251460075378418	4.284600734710693	4.323832035064697	4.253811359405518	4.006064414978027	3.7759242057800293	3.9290335178375244	4.36475133895874	4.499624252319336	4.012637615203857	3.3659112453460693	3.607743978500366	4.490922451019287	4.923241138458252	4.542574882507324	3.7470600605010986	3.3419618606567383	3.6476540565490723	4.186915397644043	4.623618125915527	4.914337158203125	5.0689778327941895	5.092259883880615	5.0282135009765625	4.947756767272949	4.8819684982299805	4.818979263305664	4.760699272155762	4.723659992218018	4.701942443847656	4.681815147399902	4.666275501251221	4.652385234832764	4.624307632446289	4.590487003326416	4.581758499145508	4.599315166473389	4.6158342361450195	4.626880168914795	4.647250652313232	4.668736934661865	4.6684370040893555	4.644883155822754	4.613917827606201	4.586730003356934	4.571658134460449	4.570451259613037	4.563936710357666	4.538512229919434	4.521042346954346	4.5446858406066895	4.596080303192139	4.640535831451416	4.669734001159668	4.681083679199219	4.6463165283203125	4.553445816040039	4.4643635749816895
34	mean	-3.181919574737549	-2.788184881210327	-2.4163777828216553	-2.080282211303711	-1.7733813524246216	-1.4536939859390259	-1.0526679754257202	-0.5237101912498474	0.09551609307527542	0.6824246644973755	1.1644867658615112	1.767255187034607	3.202645778656006	6.5590314865112305	12.792686462402344	22.018726348876953	33.045047760009766	43.55458450317383	50.9720344543457	53.579010009765625	51.22937774658203	45.26066207885742	37.718406677246094	30.41002082824707	24.312137603759766	19.537822723388672	15.703389167785645	12.36490535736084	9.271977424621582	6.38859224319458	3.7846994400024414	1.5274808406829834	-0.3678070902824402	-1.9387645721435547	-3.259986162185669	-4.423006057739258	-5.509626388549805	-6.563863277435303	-7.580678462982178	-8.52379322052002	-9.361344337463379	-10.092416763305664	-10.74560546875	-11.354172706604004	-11.929953575134277	-12.45600700378418	-12.900922775268555	-13.241459846496582	-13.476919174194336	-13.62549877166748	-13.704623222351074	-13.708690643310547	-13.601323127746582	-13.332486152648926	-12.873247146606445	-12.244941711425781	-11.519586563110352	-10.789297103881836	-10.125016212463379	-9.548721313476562	-9.031739234924316	-8.517464637756348	-7.955691814422607	-7.329680442810059
34	std	7.754681587219238	7.25527286529541	6.679744720458984	6.226656913757324	6.109947681427002	6.297399997711182	6.523367881774902	6.613891124725342	6.643944263458252	6.808562755584717	7.225257873535156	7.8658623695373535	8.511035919189453	8.672467231750488	7.802448749542236	6.023155212402344	5.4431538581848145	7.831485748291016	10.541003227233887	11.60092830657959	10.657000541687012	8.44910717010498	6.28183650970459	5.2713093757629395	5.348106861114502	5.715455055236816	5.997541427612305	6.1639862060546875	6.267232894897461	6.354188442230225	6.4314351081848145	6.453516483306885	6.369647979736328	6.201095104217529	6.039084434509277	5.9539594650268555	5.949004173278809	6.005296230316162	6.125608921051025	6.330940246582031	6.618561744689941	6.92096471786499	7.140377521514893	7.239700794219971	7.267082214355469	7.258700847625732	7.1492133140563965	6.855098724365234	6.428599834442139	6.042638301849365	5.818511962890625	5.745791912078857	5.742061138153076	5.716328144073486	5.651040077209473	5.631749629974365	5.71584415435791	5.851820468902588	5.999922275543213	6.197894096374512	6.481929302215576	6.860097885131836	7.338412284851074	7.894381046295166
35	mean	-6.196103096008301	-6.0383501052856445	-5.887775421142578	-5.866384506225586	-6.031101226806641	-6.225121974945068	-6.018402576446533	-4.853235721588135	-2.372436046600342	1.287268877029419	5.5262908935546875	9.745977401733398	13.991924285888672	19.257335662841797	27.038354873657227	38.23710250854492	52.079776763916016	65.88526916503906	76.0434341430664	79.7212142944336	76.24291229248047	67.29086303710938	55.88630294799805	44.8858757019043	35.90673828125	29.149795532226562	23.95146369934082	19.528583526611328	15.442020416259766	11.640254020690918	8.248291015625	5.353658676147461	2.927233934402466	0.8624420762062073	-0.9554580450057983	-2.611624002456665	-4.159980773925781	-5.634035110473633	-7.053038597106934	-8.422901153564453	-9.737913131713867	-10.98625659942627	-12.156081199645996	-13.236920356750488	-14.216178894042969	-15.077094078063965	-15.802535057067871	-16.381900787353516	-16.813756942749023	-17.102619171142578	-17.25446891784668	-17.275920867919922	-17.178157806396484	-16.98107147216797	-16.711145401000977	-16.392436981201172	-16.036638259887695	-15.639182090759277	-15.186949729919434	-14.671860694885254	-14.102017402648926	-13.500659942626953	-12.896246910095215	-12.312053680419922
35	std	4.488800048828125	4.456229209899902	4.421906471252441	4.439568042755127	4.51307487487793	4.567065715789795	4.570210933685303	4.63126802444458	4.8823089599609375	5.288384437561035	5.6963725090026855	6.008030414581299	6.2121992111206055	6.3011474609375	6.227655410766602	6.0444865226745605	6.14105224609375	6.935203552246094	8.046260833740234	8.587432861328125	8.049779891967773	6.6662516593933105	5.306798458099365	4.837418079376221	5.104043960571289	5.432127475738525	5.573574066162109	5.583374977111816	5.5524139404296875	5.527950763702393	5.53103494644165	5.559502124786377	5.577203273773193	5.555508613586426	5.517953395843506	5.502477169036865	5.512147903442383	5.547065258026123	5.629173278808594	5.750634670257568	5.862723350524902	5.943238258361816	6.008600234985352	6.054412364959717	6.050646781921387	5.990466117858887	5.889676570892334	5.751377582550049	5.570586204528809	5.365086555480957	5.173488616943359	5.01850700378418	4.898191452026367	4.824264049530029	4.81922721862793	4.85633659362793	4.873316287994385	4.86130428314209	4.871992111206055	4.932840824127197	5.0163469314575195	5.089964389801025	5.1419267654418945	5.16385555267334
36	mean	-2.190188407897949	-2.2482213973999023	-2.247378349304199	-2.179708242416382	-2.070558547973633	-1.9482769966125488	-1.8051766157150269	-1.5956320762634277	-1.286083459854126	-0.912207841873169	-0.5667757987976074	-0.2830793261528015	0.12148667126893997	1.0983318090438843	3.1998631954193115	6.719808578491211	11.34752082824707	16.10161018371582	19.664403915405273	20.969974517822266	19.708240509033203	16.446773529052734	12.312828063964844	8.44495964050293	5.535124778747559	3.681036949157715	2.5538077354431152	1.7117195129394531	0.8576809167861938	-0.07115475088357925	-0.9683194756507874	-1.6881691217422485	-2.148890256881714	-2.3628604412078857	-2.4041249752044678	-2.3544108867645264	-2.2676784992218018	-2.169391393661499	-2.0776584148406982	-2.018470287322998	-2.0178816318511963	-2.0797080993652344	-2.1731879711151123	-2.2473983764648438	-2.2654619216918945	-2.23187518119812	-2.1887083053588867	-2.1821014881134033	-2.2254374027252197	-2.2879676818847656	-2.3168578147888184	-2.275747299194336	-2.1712851524353027	-2.049001932144165	-1.9628002643585205	-1.9402753114700317	-1.9672205448150635	-2.0006566047668457	-2.000133991241455	-1.9548362493515015	-1.8885163068771362	-1.8415218591690063	-1.8443678617477417	-1.8998007774353027
36	std	4.236477375030518	4.327420711517334	4.371871471405029	4.361863136291504	4.362415313720703	4.42972993850708	4.530806064605713	4.628499507904053	4.7634148597717285	4.965608596801758	5.196099281311035	5.433100700378418	5.650526523590088	5.6535325050354	5.113536357879639	3.8819363117218018	2.4429824352264404	2.4309279918670654	3.552372694015503	4.069619178771973	3.575610637664795	2.524014472961426	2.230773687362671	3.189408779144287	4.239579200744629	4.93610954284668	5.271262168884277	5.320835113525391	5.179720401763916	4.961350440979004	4.757281303405762	4.610083103179932	4.522441864013672	4.462920188903809	4.407466888427734	4.372573375701904	4.339338302612305	4.220507621765137	4.0027055740356445	3.830662965774536	3.83124041557312	3.9301512241363525	3.9928359985351562	4.000661373138428	3.99605655670166	3.9835143089294434	3.9598138332366943	3.956761598587036	4.004006385803223	4.1072773933410645	4.250357627868652	4.368914604187012	4.385758876800537	4.31480598449707	4.258319854736328	4.256364822387695	4.223537445068359	4.081099510192871	3.8872809410095215	3.8059492111206055	3.8965084552764893	4.009218692779541	4.007033348083496	3.9451494216918945
37	mean	-0.45372042059898376	-0.3574156165122986	-0.26597872376441956	-0.1769840568304062	-0.08168912678956985	0.054047275334596634	0.29141539335250854	0.6850225329399109	1.2292577028274536	1.8348033428192139	2.385019302368164	2.868466854095459	3.504669189453125	4.7402729988098145	7.0477681159973145	10.59692096710205	14.99765396118164	19.31891632080078	22.434858322143555	23.53208351135254	22.488449096679688	19.900917053222656	16.75394058227539	13.93548583984375	11.879725456237793	10.509438514709473	9.450860023498535	8.340846061706543	7.0324015617370605	5.609520435333252	4.259408473968506	3.1221225261688232	2.216722011566162	1.4644490480422974	0.7620282769203186	0.042198386043310165	-0.7111756801605225	-1.4840093851089478	-2.258517265319824	-3.0232388973236084	-3.766124725341797	-4.4651312828063965	-5.089731216430664	-5.615218639373779	-6.039870738983154	-6.391073226928711	-6.711979389190674	-7.03346061706543	-7.349415302276611	-7.6157989501953125	-7.778048515319824	-7.809452533721924	-7.733050346374512	-7.610780239105225	-7.506381988525391	-7.445539951324463	-7.400062561035156	-7.308623790740967	-7.121529579162598	-6.837167739868164	-6.502947807312012	-6.180872440338135	-5.905479431152344	-5.665768146514893
37	std	5.074375152587891	5.049013614654541	5.00902795791626	4.96547794342041	4.942529201507568	4.949429035186768	4.966347694396973	4.967227458953857	4.9688591957092285	5.050589561462402	5.308710098266602	5.755733489990234	6.213974952697754	6.336866855621338	5.828452110290527	4.75795316696167	3.8280489444732666	3.9455044269561768	4.647341251373291	4.967240333557129	4.675264358520508	4.155977725982666	4.011966705322266	4.375444412231445	4.827363014221191	5.056084632873535	5.0453715324401855	4.911914825439453	4.757145404815674	4.634604454040527	4.574647903442383	4.591770648956299	4.662266731262207	4.721442222595215	4.724839687347412	4.691365718841553	4.659680366516113	4.653091907501221	4.692840099334717	4.768996715545654	4.8283162117004395	4.856599807739258	4.904370307922363	4.986902236938477	5.042272090911865	5.025465488433838	4.969999313354492	4.9278154373168945	4.903952121734619	4.88109827041626	4.854194164276123	4.826391220092773	4.811161518096924	4.824187278747559	4.858448505401611	4.89316987991333	4.914847373962402	4.9121317863464355	4.875624656677246	4.811822891235352	4.75154447555542	4.7477126121521	4.8391876220703125	5.001097202301025
38	mean	-1.1402934789657593	-1.014646053314209	-0.9187424778938293	-0.8516244888305664	-0.7956247329711914	-0.7066694498062134	-0.5230299234390259	-0.2025260329246521	0.23334574699401855	0.6974591612815857	1.1169201135635376	1.575150728225708	2.4194138050079346	4.209146499633789	7.4541144371032715	12.242888450622559	17.986907958984375	23.493608474731445	27.401782989501953	28.774673461914062	27.520061492919922	24.39402198791504	20.59341812133789	17.184864044189453	14.690085411071777	13.022268295288086	11.738540649414062	10.400192260742188	8.81568431854248	7.06509256362915	5.35884428024292	3.8674533367156982	2.6337709426879883	1.5917868614196777	0.6426094174385071	-0.28000715374946594	-1.190049409866333	-2.0677192211151123	-2.8864803314208984	-3.6271021366119385	-4.277846813201904	-4.8317718505859375	-5.2884931564331055	-5.657896041870117	-5.959502220153809	-6.2152934074401855	-6.439595699310303	-6.631514072418213	-6.775162220001221	-6.849009990692139	-6.840498924255371	-6.75865364074707	-6.637344837188721	-6.525081157684326	-6.4626078605651855	-6.45956563949585	-6.4852142333984375	-6.484104156494141	-6.407384395599365	-6.239428997039795	-6.0028510093688965	-5.742472171783447	-5.501476764678955	-5.304462909698486
38	std	5.436009883880615	5.419895172119141	5.367347717285156	5.325998783111572	5.335623264312744	5.397159576416016	5.503439903259277	5.666518211364746	5.885683059692383	6.134472846984863	6.422555923461914	6.80350399017334	7.21143102645874	7.334341049194336	6.802021026611328	5.562081336975098	4.2007880210876465	3.8268256187438965	4.394341945648193	4.731173038482666	4.415693283081055	3.851257085800171	3.792449474334717	4.371702671051025	5.040487289428711	5.467095375061035	5.645553112030029	5.6723222732543945	5.63041877746582	5.590644359588623	5.5999884605407715	5.6466569900512695	5.6897501945495605	5.712812900543213	5.714021682739258	5.6892805099487305	5.66414213180542	5.682251453399658	5.727589130401611	5.734749794006348	5.68903112411499	5.637999057769775	5.614067077636719	5.613835334777832	5.629408359527588	5.642122268676758	5.62257194519043	5.576491355895996	5.5460615158081055	5.542810916900635	5.534884929656982	5.513204097747803	5.505454063415527	5.517516136169434	5.526215076446533	5.531551361083984	5.551333904266357	5.567197799682617	5.542666912078857	5.4934563636779785	5.476432800292969	5.513150215148926	5.578243732452393	5.645589351654053
39	mean	-1.2054051160812378	-1.0354645252227783	-0.874626874923706	-0.6787189841270447	-0.3914334177970886	0.03894437476992607	0.6248173713684082	1.2977876663208008	1.9045928716659546	2.2916011810302734	2.479388952255249	2.838794231414795	4.117891788482666	7.209938049316406	12.701701164245605	20.415042877197266	29.225828170776367	37.33470153808594	42.91794204711914	44.84973907470703	43.121070861816406	38.74201202392578	33.206111907958984	27.833829879760742	23.33819580078125	19.779823303222656	16.832447052001953	14.131540298461914	11.498976707458496	8.969351768493652	6.680866241455078	4.74541711807251	3.1793928146362305	1.9085272550582886	0.8138242959976196	-0.22011485695838928	-1.2740920782089233	-2.3824658393859863	-3.536755084991455	-4.701223373413086	-5.834379196166992	-6.906489849090576	-7.905128002166748	-8.830178260803223	-9.685796737670898	-10.47549819946289	-11.199978828430176	-11.854063034057617	-12.422398567199707	-12.880446434020996	-13.206191062927246	-13.397041320800781	-13.477805137634277	-13.491111755371094	-13.475184440612793	-13.4426851272583	-13.374307632446289	-13.231648445129395	-12.981426239013672	-12.61596965789795	-12.157429695129395	-11.646174430847168	-11.12486743927002	-10.627691268920898
39	std	5.992392063140869	6.028074264526367	6.129915714263916	6.22178840637207	6.3402557373046875	6.561375141143799	6.865445613861084	7.162111282348633	7.385792255401611	7.53856086730957	7.682508945465088	7.8729987144470215	8.049656867980957	7.981289386749268	7.376837253570557	6.204460144042969	5.113625526428223	5.188619613647461	6.089460372924805	6.55079460144043	6.122738361358643	5.25730037689209	4.837152004241943	5.18776798248291	5.7929534912109375	6.23309326171875	6.440920352935791	6.498693466186523	6.510421276092529	6.529558181762695	6.525700092315674	6.454097747802734	6.339443683624268	6.248426914215088	6.210178375244141	6.199520587921143	6.173266887664795	6.108161926269531	6.024964332580566	5.9744110107421875	5.9922027587890625	6.071136951446533	6.1655497550964355	6.224017143249512	6.225868225097656	6.171968936920166	6.061035633087158	5.926907539367676	5.8575873374938965	5.880766868591309	5.895565509796143	5.8166422843933105	5.6922831535339355	5.6211256980896	5.63238000869751	5.695249080657959	5.770610332489014	5.824717044830322	5.852538585662842	5.888941287994385	5.959463119506836	6.038155555725098	6.089393138885498	6.124660968780518
40	mean	-2.7268002033233643	-2.6996049880981445	-2.6657142639160156	-2.6336307525634766	-2.577627420425415	-2.403658628463745	-1.9571231603622437	-1.0925521850585938	0.2242645025253296	1.8562148809432983	3.5469181537628174	5.085959434509277	6.492945671081543	8.077568054199219	10.286093711853027	13.385351181030273	17.17161750793457	20.91992950439453	23.658084869384766	24.638504028320312	23.72808265686035	21.471532821655273	18.787477493286133	16.49019432067871	14.929161071777344	13.938260078430176	13.072340965270996	11.938804626464844	10.411738395690918	8.634247779846191	6.866325378417969	5.312807083129883	4.037953853607178	2.986187696456909	2.0572993755340576	1.1703290939331055	0.28578606247901917	-0.6037795543670654	-1.489673376083374	-2.3555188179016113	-3.1796927452087402	-3.937908411026001	-4.608201503753662	-5.176313877105713	-5.639105319976807	-6.0052385330200195	-6.292130470275879	-6.517953872680664	-6.691282272338867	-6.805385589599609	-6.844723701477051	-6.802826881408691	-6.698795318603516	-6.5768842697143555	-6.484043121337891	-6.439684867858887	-6.420097827911377	-6.370404243469238	-6.237578392028809	-6.003403663635254	-5.695638179779053	-5.372241497039795	-5.089382648468018	-4.874094009399414
40	std	4.762964248657227	4.733764171600342	4.712644100189209	4.685635089874268	4.634832382202148	4.571262836456299	4.528107166290283	4.537657737731934	4.618607521057129	4.764832019805908	4.9442362785339355	5.113863945007324	5.210552215576172	5.117043495178223	4.693404674530029	3.925874948501587	3.1328842639923096	2.924238920211792	3.28509259223938	3.510876417160034	3.2978708744049072	2.9465346336364746	3.0099754333496094	3.5220861434936523	4.079254627227783	4.468852519989014	4.694705963134766	4.826016426086426	4.9182448387146	4.997066974639893	5.066178798675537	5.1229143142700195	5.169023513793945	5.203700542449951	5.212340831756592	5.185514450073242	5.152362823486328	5.157918453216553	5.196138858795166	5.21193790435791	5.177835464477539	5.128683090209961	5.111730098724365	5.126982688903809	5.140470504760742	5.139601707458496	5.140844821929932	5.149280071258545	5.14931058883667	5.136650085449219	5.1251702308654785	5.126232624053955	5.1385722160339355	5.143019676208496	5.11273193359375	5.057023048400879	5.027547359466553	5.0443525314331055	5.064578533172607	5.055177688598633	5.03014612197876	5.005196571350098	4.981494903564453	4.972121238708496
41	mean	-0.9671443104743958	-0.33065086603164673	0.3041583299636841	0.864650309085846	1.37709379196167	1.9994502067565918	2.976557731628418	4.522024631500244	6.684229850769043	9.279457092285156	11.950419425964355	14.341958999633789	16.308568954467773	18.024797439575195	19.900312423706055	22.310596466064453	25.286834716796875	28.368133544921875	30.744159698486328	31.63645362854004	30.704113006591797	28.230884552001953	24.98045539855957	21.810287475585938	19.277494430541992	17.460041046142578	16.06158447265625	14.68668270111084	13.088912963867188	11.252927780151367	9.312695503234863	7.414368629455566	5.633152961730957	3.9767961502075195	2.433350086212158	1.002333164215088	-0.315789133310318	-1.5480623245239258	-2.753519058227539	-3.987694025039673	-5.254268646240234	-6.488585948944092	-7.592400074005127	-8.49388313293457	-9.185746192932129	-9.715764999389648	-10.1444730758667	-10.506120681762695	-10.79771614074707	-10.994297981262207	-11.071486473083496	-11.021062850952148	-10.858960151672363	-10.627837181091309	-10.390030860900879	-10.205586433410645	-10.101336479187012	-10.05081844329834	-9.98297119140625	-9.818260192871094	-9.511198997497559	-9.07542896270752	-8.579544067382812	-8.11559772491455
41	std	5.300850868225098	5.5518622398376465	5.82387638092041	6.058247089385986	6.251524448394775	6.382768154144287	6.402358531951904	6.294556617736816	6.129218578338623	5.9948954582214355	5.877284526824951	5.7010884284973145	5.46745491027832	5.201170921325684	4.826704978942871	4.329538822174072	4.012703895568848	4.209345817565918	4.663153648376465	4.876067161560059	4.683666229248047	4.322616100311279	4.209906578063965	4.485496997833252	4.883033275604248	5.156112194061279	5.282097339630127	5.32604455947876	5.307393550872803	5.252435207366943	5.247601509094238	5.334964752197266	5.460173606872559	5.585340976715088	5.730098724365234	5.873149871826172	5.930630207061768	5.872837543487549	5.7811360359191895	5.738978385925293	5.7242560386657715	5.670870304107666	5.565009593963623	5.4336724281311035	5.306087017059326	5.215316295623779	5.173949718475342	5.13531494140625	5.047758102416992	4.942620277404785	4.899624824523926	4.922282695770264	4.9281744956970215	4.8745646476745605	4.804191589355469	4.750660419464111	4.681912899017334	4.564349174499512	4.414174556732178	4.288241386413574	4.274753570556641	4.438915729522705	4.725461006164551	4.991875171661377
42	mean	0.1014443039894104	0.8132969737052917	1.653692603111267	2.5690176486968994	3.514948606491089	4.499945163726807	5.608222484588623	6.971597671508789	8.683902740478516	10.695634841918945	12.764510154724121	14.531448364257812	15.719350814819336	16.34700584411621	16.795108795166016	17.62187957763672	19.19283676147461	21.348112106323242	23.354042053222656	24.225650787353516	23.257673263549805	20.440895080566406	16.49250030517578	12.476205825805664	9.257486343383789	7.134627342224121	5.839534282684326	4.842145919799805	3.715973377227783	2.3354039192199707	0.8356282114982605	-0.5664784908294678	-1.733428955078125	-2.6564743518829346	-3.406615972518921	-4.061725616455078	-4.668880462646484	-5.247289180755615	-5.803321838378906	-6.335185527801514	-6.828014850616455	-7.251777172088623	-7.570272445678711	-7.7585554122924805	-7.819369792938232	-7.787694931030273	-7.719159126281738	-7.666035175323486	-7.651609420776367	-7.656521320343018	-7.627529621124268	-7.508902549743652	-7.280194282531738	-6.975630760192871	-6.668896198272705	-6.431860446929932	-6.294077396392822	-6.228940010070801	-6.173285007476807	-6.064585208892822	-5.870905876159668	-5.5994791984558105	-5.285627365112305	-4.971926212310791
42	std	5.4885573387146	5.565979480743408	5.584024429321289	5.558019161224365	5.484134197235107	5.370804309844971	5.267529010772705	5.196552753448486	5.099194526672363	4.912160873413086	4.656558990478516	4.416503429412842	4.246937274932861	4.100980281829834	3.8474183082580566	3.4188308715820312	3.0143301486968994	3.0213708877563477	3.3736371994018555	3.561426877975464	3.3404018878936768	3.008970260620117	3.1771421432495117	3.842392683029175	4.455448627471924	4.733609676361084	4.743302345275879	4.668394088745117	4.599200248718262	4.5486249923706055	4.5699005126953125	4.698761463165283	4.852972984313965	4.928847312927246	4.931075572967529	4.937710762023926	4.982770919799805	5.041511058807373	5.101965427398682	5.161777973175049	5.180973052978516	5.131371974945068	5.0701446533203125	5.076016426086426	5.1309332847595215	5.154813289642334	5.124454021453857	5.078915596008301	5.043165683746338	5.02081298828125	5.0296125411987305	5.062633991241455	5.063443660736084	5.020656108856201	5.014045715332031	5.082008361816406	5.139096260070801	5.115759372711182	5.067819118499756	5.071710586547852	5.102950096130371	5.106792449951172	5.093543529510498	5.094019412994385
43	mean	-0.5319244861602783	-0.3279842734336853	-0.11451592296361923	0.10920432209968567	0.35656222701072693	0.6759092211723328	1.1579118967056274	1.9033608436584473	2.952322244644165	4.21951150894165	5.505543231964111	6.618552207946777	7.55051851272583	8.575521469116211	10.151392936706543	12.629392623901367	15.931203842163086	19.421716690063477	22.113407135009766	23.128583908081055	22.15627098083496	19.620094299316406	16.446754455566406	13.58104133605957	11.546032905578613	10.29581356048584	9.400989532470703	8.40011978149414	7.077967643737793	5.522376537322998	3.9815757274627686	2.666306495666504	1.6388318538665771	0.8317468762397766	0.13759520649909973	-0.5182932019233704	-1.1632047891616821	-1.8004227876663208	-2.4291937351226807	-3.044009208679199	-3.626901865005493	-4.151254177093506	-4.598019123077393	-4.969634056091309	-5.289139747619629	-5.585682392120361	-5.878926753997803	-6.171661376953125	-6.449772834777832	-6.685221195220947	-6.84331750869751	-6.898963451385498	-6.858498573303223	-6.770531177520752	-6.708726406097412	-6.729976654052734	-6.835398197174072	-6.962634563446045	-7.01602029800415	-6.917473316192627	-6.650411128997803	-6.272597789764404	-5.889944076538086	-5.603140830993652
43	std	5.7590012550354	5.789393901824951	5.922605037689209	6.103281021118164	6.253361701965332	6.357537269592285	6.452170372009277	6.546631336212158	6.619279861450195	6.6871337890625	6.794036865234375	6.908060550689697	6.88389778137207	6.540655612945557	5.7733964920043945	4.672592639923096	3.6631853580474854	3.3827269077301025	3.7377302646636963	3.967557191848755	3.7476260662078857	3.387125253677368	3.5142486095428467	4.1999993324279785	4.940877437591553	5.419614315032959	5.60536003112793	5.592625141143799	5.49888277053833	5.420170783996582	5.387565612792969	5.370758533477783	5.353883266448975	5.359316349029541	5.376402378082275	5.356807708740234	5.316824436187744	5.332732677459717	5.390089511871338	5.383362770080566	5.298040866851807	5.247061729431152	5.303497314453125	5.411567687988281	5.486814022064209	5.505622386932373	5.4869489669799805	5.440681457519531	5.3710618019104	5.316271781921387	5.3238396644592285	5.39046049118042	5.470129489898682	5.51536226272583	5.5022759437561035	5.446950435638428	5.395601272583008	5.398434162139893	5.482779502868652	5.61985445022583	5.741109371185303	5.815475940704346	5.8732733726501465	5.943299770355225
44	mean	-0.09415069222450256	0.09589794278144836	0.2631905674934387	0.4115079939365387	0.5667479634284973	0.780413806438446	1.1103641986846924	1.577675461769104	2.128007173538208	2.644226551055908	3.0394577980041504	3.403231620788574	4.1066460609436035	5.751993179321289	8.917771339416504	13.784832954406738	19.845550537109375	25.90064239501953	30.413570404052734	32.089229583740234	30.402097702026367	25.80378532409668	19.50401496887207	12.947617530822754	7.266361236572266	2.969978094100952	-0.021942591294646263	-2.104907274246216	-3.6767048835754395	-4.957871913909912	-5.990256309509277	-6.740540504455566	-7.200938701629639	-7.423454284667969	-7.4940338134765625	-7.489189147949219	-7.452230453491211	-7.39532995223999	-7.313714504241943	-7.197656154632568	-7.038516998291016	-6.833004951477051	-6.586748123168945	-6.316124439239502	-6.04551887512207	-5.7987895011901855	-5.588332653045654	-5.407973766326904	-5.2346625328063965	-5.039610385894775	-4.80437707901001	-4.534083843231201	-4.25903844833374	-4.02069091796875	-3.848048686981201	-3.739055871963501	-3.660417079925537	-3.566577911376953	-3.425686836242676	-3.235440254211426	-3.0212385654449463	-2.8201496601104736	-2.6605637073516846	-2.547835350036621
44	std	5.4262566566467285	5.4606709480285645	5.497676372528076	5.528187274932861	5.5443620681762695	5.569358825683594	5.632964611053467	5.733094692230225	5.858936309814453	6.019351959228516	6.216038227081299	6.419869422912598	6.548708915710449	6.412765979766846	5.769915580749512	4.607734680175781	3.588388204574585	3.871532678604126	4.913303375244141	5.401081562042236	4.90792989730835	3.882439374923706	3.560868978500366	4.474011421203613	5.584811210632324	6.249273777008057	6.4310526847839355	6.330957889556885	6.13836145401001	5.934213638305664	5.736485481262207	5.5604424476623535	5.419846057891846	5.318427562713623	5.252264499664307	5.207563400268555	5.171199798583984	5.1459269523620605	5.1378173828125	5.136913299560547	5.1308698654174805	5.13057279586792	5.158936023712158	5.210282325744629	5.252054691314697	5.278512477874756	5.314210891723633	5.35354471206665	5.36098051071167	5.336184501647949	5.315749168395996	5.31431245803833	5.3158135414123535	5.310654640197754	5.301156520843506	5.285270690917969	5.263010025024414	5.247984409332275	5.250381946563721	5.255564212799072	5.244133949279785	5.22544002532959	5.225057601928711	5.244685649871826
45	mean	-2.4420292377471924	-2.294754981994629	-2.1488776206970215	-2.030258893966675	-1.9383444786071777	-1.8186733722686768	-1.5619077682495117	-1.0462899208068848	-0.20724782347679138	0.9186947345733643	2.2303731441497803	3.6809680461883545	5.402461528778076	7.717651844024658	10.972042083740234	15.245348930358887	20.12070655822754	24.70092010498047	27.92752456665039	29.057388305664062	28.0226993560791	25.455631256103516	22.360811233520508	19.63111686706543	17.68294334411621	16.392261505126953	15.320356369018555	14.048626899719238	12.411231994628906	10.519392967224121	8.619291305541992	6.915145397186279	5.473687171936035	4.240262985229492	3.1161820888519287	2.026092290878296	0.9391066431999207	-0.14479032158851624	-1.2131062746047974	-2.247009515762329	-3.2197511196136475	-4.099297523498535	-4.859338760375977	-5.492275714874268	-6.013139724731445	-6.4501800537109375	-6.828123569488525	-7.155311584472656	-7.422779083251953	-7.614415645599365	-7.721076488494873	-7.751834392547607	-7.736766338348389	-7.718646049499512	-7.734567642211914	-7.795633792877197	-7.876737594604492	-7.925521373748779	-7.888017177581787	-7.737223148345947	-7.487109661102295	-7.185108184814453	-6.888031959533691	-6.6342597007751465
45	std	5.483460426330566	5.463474750518799	5.451772689819336	5.427413463592529	5.404932498931885	5.449491024017334	5.610249042510986	5.868994235992432	6.172342777252197	6.490535736083984	6.829184532165527	7.1751604080200195	7.409120559692383	7.303437232971191	6.698173522949219	5.770313739776611	5.1570024490356445	5.3896050453186035	6.031614780426025	6.343445301055908	6.062512397766113	5.416686058044434	4.872570991516113	4.721364974975586	4.845469951629639	5.00911808013916	5.110767364501953	5.153469562530518	5.184229373931885	5.253107070922852	5.36587381362915	5.486760139465332	5.583167552947998	5.644177436828613	5.682590484619141	5.73633337020874	5.836907863616943	5.9666876792907715	6.072074890136719	6.115026473999023	6.100363731384277	6.0711750984191895	6.077734470367432	6.130288600921631	6.193579196929932	6.237607955932617	6.262621879577637	6.263372421264648	6.2087507247924805	6.079902648925781	5.909088134765625	5.7628960609436035	5.678900241851807	5.6315598487854	5.58073616027832	5.526319980621338	5.486545562744141	5.459290981292725	5.435574054718018	5.417214393615723	5.411679744720459	5.428244590759277	5.465518951416016	5.509239196777344
46	mean	-2.5061700344085693	-2.4833807945251465	-2.515188694000244	-2.5700297355651855	-2.557115316390991	-2.4042305946350098	-2.187868118286133	-2.2257542610168457	-3.0064964294433594	-4.894078731536865	-7.705371856689453	-10.420989990234375	-11.314603805541992	-8.600942611694336	-1.371268630027771	9.691327095031738	22.31541633605957	33.48597717285156	40.71700668334961	43.043434143066406	41.2036247253418	37.004520416259766	32.32814407348633	28.358013153076172	25.360218048095703	22.974414825439453	20.70140838623047	18.262235641479492	15.680806159973145	13.151810646057129	10.856284141540527	8.855391502380371	7.0959296226501465	5.481012344360352	3.938102960586548	2.444300651550293	1.0104765892028809	-0.3471338450908661	-1.6233179569244385	-2.8233234882354736	-3.9555699825286865	-5.0265583992004395	-6.038253307342529	-6.984683036804199	-7.8488688468933105	-8.604512214660645	-9.225168228149414	-9.69679069519043	-10.025391578674316	-10.234160423278809	-10.352201461791992	-10.403286933898926	-10.401276588439941	-10.353026390075684	-10.263648986816406	-10.139264106750488	-9.985822677612305	-9.806570053100586	-9.600505828857422	-9.364502906799316	-9.097368240356445	-8.803132057189941	-8.490143775939941	-8.166509628295898
46	std	5.410006046295166	5.442408084869385	5.4188103675842285	5.3725762367248535	5.343658924102783	5.33140754699707	5.323018550872803	5.353459358215332	5.463838577270508	5.555644989013672	5.418398380279541	5.075185298919678	5.035485744476318	5.617679595947266	6.179399013519287	6.017522811889648	5.2975945472717285	5.0135297775268555	5.497060298919678	5.828923225402832	5.504805564880371	4.904088020324707	4.672826766967773	4.9038920402526855	5.245086193084717	5.494384765625	5.64162540435791	5.716899871826172	5.734543323516846	5.725359916687012	5.740644931793213	5.770927906036377	5.741633892059326	5.642759323120117	5.569005489349365	5.584567546844482	5.635643005371094	5.643757343292236	5.601972579956055	5.548694610595703	5.504589557647705	5.478475093841553	5.5028228759765625	5.59540319442749	5.694795608520508	5.707042694091797	5.620174884796143	5.5212273597717285	5.487727165222168	5.510348320007324	5.541391372680664	5.550266265869141	5.519779205322266	5.4503655433654785	5.376347541809082	5.342254638671875	5.354249477386475	5.372352123260498	5.364523887634277	5.346400260925293	5.335853099822998	5.312649726867676	5.277087211608887	5.279881000518799
47	mean	-1.6331541538238525	-1.3893641233444214	-1.1158431768417358	-0.864629864692688	-0.7022176384925842	-0.6543691754341125	-0.6410050392150879	-0.4503061771392822	0.20762544870376587	1.5783730745315552	3.74395751953125	6.596306800842285	9.936930656433105	13.633437156677246	17.693344116210938	22.15730857849121	26.86015510559082	31.249446868896484	34.455875396728516	35.642486572265625	34.44526672363281	31.21708869934082	26.89885711669922	22.58051109313965	19.019561767578125	16.39583969116211	14.409966468811035	12.604805946350098	10.67661190032959	8.600553512573242	6.551100254058838	4.728668689727783	3.228088855743408	2.014754056930542	0.9841235280036926	0.03592734411358833	-0.8876232504844666	-1.8053556680679321	-2.718003988265991	-3.621835470199585	-4.508181571960449	-5.357468128204346	-6.139008522033691	-6.821932792663574	-7.393308639526367	-7.871126174926758	-8.29946231842041	-8.72468376159668	-9.165443420410156	-9.597087860107422	-9.962873458862305	-10.207610130310059	-10.312091827392578	-10.305842399597168	-10.248758316040039	-10.193300247192383	-10.151934623718262	-10.092904090881348	-9.967277526855469	-9.74697494506836	-9.444801330566406	-9.10289478302002	-8.762969017028809	-8.443506240844727
47	std	5.918856620788574	5.954624176025391	5.997309684753418	6.038753509521484	6.098945140838623	6.231566905975342	6.472410678863525	6.8089985847473145	7.196904182434082	7.59425687789917	7.9629950523376465	8.214972496032715	8.19002628326416	7.745757102966309	6.917555809020996	6.066481590270996	5.803160190582275	6.311306476593018	7.0046162605285645	7.28739595413208	7.04080057144165	6.608100414276123	6.4808349609375	6.764642238616943	7.113450527191162	7.227163314819336	7.089836120605469	6.8406853675842285	6.588414192199707	6.369160175323486	6.2004075050354	6.0902018547058105	6.026588439941406	6.000814914703369	6.004181385040283	6.0025482177734375	5.97099494934082	5.933054447174072	5.911220073699951	5.883211612701416	5.8337788581848145	5.789955139160156	5.7683281898498535	5.742509841918945	5.6952128410339355	5.652944564819336	5.642031669616699	5.652569770812988	5.65976619720459	5.64491081237793	5.601802825927734	5.547991752624512	5.5148820877075195	5.513423442840576	5.523499011993408	5.518373012542725	5.494231700897217	5.477119445800781	5.485208034515381	5.49812126159668	5.500072002410889	5.519281387329102	5.580024719238281	5.657623767852783
48	mean	-2.2880148887634277	-2.329873561859131	-2.369128942489624	-2.4058918952941895	-2.4310672283172607	-2.404237985610962	-2.2511236667633057	-1.899444580078125	-1.336364984512329	-0.6359273195266724	0.09653028845787048	0.8617995381355286	1.8996870517730713	3.6860275268554688	6.718236923217773	11.157633781433105	16.538318634033203	21.774520874023438	25.545995712280273	26.888687133789062	25.653030395507812	22.551326751708984	18.769939422607422	15.388662338256836	12.946332931518555	11.364574432373047	10.197456359863281	8.99365234375	7.5443878173828125	5.916187763214111	4.319873809814453	2.946512222290039	1.8755605220794678	1.077501654624939	0.46728989481925964	-0.044369325041770935	-0.524601936340332	-1.009488821029663	-1.5004557371139526	-1.9669381380081177	-2.3636391162872314	-2.660261869430542	-2.8664989471435547	-3.0330123901367188	-3.2233426570892334	-3.473132848739624	-3.7653708457946777	-4.040859222412109	-4.235747814178467	-4.318255424499512	-4.301602840423584	-4.2318902015686035	-4.1654744148254395	-4.1501898765563965	-4.2132134437561035	-4.352171897888184	-4.532212257385254	-4.69736385345459	-4.7965192794799805	-4.810388565063477	-4.761267185211182	-4.697304725646973	-4.6595354080200195	-4.653975963592529
48	std	5.452457427978516	5.4376139640808105	5.458001136779785	5.4829912185668945	5.4807538986206055	5.498933792114258	5.613866329193115	5.831003665924072	6.086228370666504	6.316828727722168	6.515543460845947	6.72301721572876	6.9016032218933105	6.805316925048828	6.099748134613037	4.707030296325684	3.2314741611480713	3.1289165019989014	4.109156608581543	4.588134288787842	4.134663105010986	3.272852897644043	3.266849994659424	4.373373985290527	5.599910259246826	6.504480361938477	7.073566913604736	7.359031677246094	7.393228054046631	7.254953384399414	7.061264514923096	6.891073226928711	6.775267601013184	6.710234642028809	6.633328437805176	6.474947452545166	6.27352237701416	6.141091346740723	6.099400520324707	6.08174467086792	6.070860385894775	6.083805084228516	6.076423168182373	5.988901138305664	5.835079669952393	5.672567367553711	5.550539970397949	5.517013072967529	5.56274938583374	5.57373571395874	5.473512172698975	5.348357200622559	5.32615327835083	5.413313865661621	5.5409417152404785	5.653833389282227	5.71613883972168	5.7166829109191895	5.670521259307861	5.613698482513428	5.61053991317749	5.704296588897705	5.850185394287109	5.966135025024414
49	mean	-2.149810314178467	-2.032325029373169	-1.9878294467926025	-2.039011001586914	-2.163609266281128	-2.279721975326538	-2.2644405364990234	-2.0103108882904053	-1.4905349016189575	-0.7794362306594849	0.014071532525122166	0.8835009336471558	2.0414397716522217	3.897742509841919	6.847474575042725	10.954841613769531	15.734259605407715	20.216672897338867	23.327096939086914	24.386409759521484	23.442899703979492	21.225719451904297	18.747356414794922	16.797819137573242	15.624279975891113	14.952452659606934	14.282330513000488	13.239175796508789	11.76632022857666	10.082643508911133	8.486817359924316	7.164303302764893	6.116246223449707	5.222407341003418	4.359649658203125	3.4814107418060303	2.617339849472046	1.8192846775054932	1.109615445137024	0.4702257215976715	-0.13079671561717987	-0.7076788544654846	-1.2497050762176514	-1.7396929264068604	-2.1773414611816406	-2.586113452911377	-2.998728036880493	-3.4341413974761963	-3.884805202484131	-4.323480606079102	-4.7219157218933105	-5.065798282623291	-5.3568115234375	-5.605460166931152	-5.8223347663879395	-6.012387752532959	-6.173522472381592	-6.300151348114014	-6.38828706741333	-6.438084602355957	-6.453726291656494	-6.443046569824219	-6.417248249053955	-6.388284206390381
49	std	4.836620807647705	4.812427997589111	4.820537567138672	4.814354419708252	4.741006374359131	4.656271934509277	4.646749973297119	4.6856794357299805	4.680113792419434	4.616872310638428	4.599155426025391	4.739944934844971	4.991335391998291	5.111045837402344	4.838212490081787	4.136817455291748	3.4093732833862305	3.335406541824341	3.8013579845428467	4.061634063720703	3.844236135482788	3.456296443939209	3.408318519592285	3.7845473289489746	4.272249698638916	4.67418098449707	4.960282802581787	5.147850036621094	5.257834434509277	5.3160905838012695	5.352420330047607	5.388258457183838	5.425495147705078	5.444994926452637	5.41097354888916	5.3047566413879395	5.174677848815918	5.108437538146973	5.127133369445801	5.1611175537109375	5.142608165740967	5.069958686828613	4.991831302642822	4.956782341003418	4.971510887145996	5.00056266784668	5.004782676696777	4.980279922485352	4.961712837219238	4.98124361038208	5.031376361846924	5.08240270614624	5.117802619934082	5.133720397949219	5.127333164215088	5.107547283172607	5.0932111740112305	5.085390090942383	5.076216220855713	5.088369369506836	5.146705627441406	5.211050987243652	5.214559078216553	5.1665544509887695
50	mean	-0.3081636428833008	0.016425762325525284	0.4115317761898041	0.8482829332351685	1.2990893125534058	1.7915517091751099	2.4455790519714355	3.447789430618286	4.950685501098633	6.944899559020996	9.198859214782715	11.341909408569336	13.07575798034668	14.38796615600586	15.599749565124512	17.166170120239258	19.32242202758789	21.80971336364746	23.898361206054688	24.737998962402344	23.834671020507812	21.349504470825195	18.02403450012207	14.784126281738281	12.27945327758789	10.637396812438965	9.543778419494629	8.543664932250977	7.339598178863525	5.913364887237549	4.447257995605469	3.1499431133270264	2.12223744392395	1.333063006401062	0.6833057999610901	0.08499473333358765	-0.5017606019973755	-1.0813441276550293	-1.6529406309127808	-2.2249886989593506	-2.8063197135925293	-3.3906946182250977	-3.9541056156158447	-4.4692792892456055	-4.925264358520508	-5.3350138664245605	-5.724073886871338	-6.108829975128174	-6.480337619781494	-6.804603099822998	-7.039881229400635	-7.163714408874512	-7.194733619689941	-7.193151950836182	-7.234429836273193	-7.368542194366455	-7.588412761688232	-7.826370716094971	-7.984533309936523	-7.985873222351074	-7.817453861236572	-7.537449359893799	-7.240205764770508	-7.002734184265137
50	std	5.653140544891357	5.625499725341797	5.582223415374756	5.55153751373291	5.566045761108398	5.6467695236206055	5.754859447479248	5.8262152671813965	5.866430759429932	5.9121270179748535	5.91208553314209	5.776091575622559	5.509026527404785	5.166974067687988	4.734238624572754	4.2273430824279785	3.9110822677612305	4.077436447143555	4.497194290161133	4.689992904663086	4.482320308685303	4.12420654296875	4.057309627532959	4.385295867919922	4.789704322814941	5.027647972106934	5.108879566192627	5.13316535949707	5.135584831237793	5.109330177307129	5.074910640716553	5.058671951293945	5.067739486694336	5.116910934448242	5.216479778289795	5.334849834442139	5.438284873962402	5.544998645782471	5.678620338439941	5.792881488800049	5.807735919952393	5.71697998046875	5.614159107208252	5.583556652069092	5.605123519897461	5.625077724456787	5.649477958679199	5.698948860168457	5.737669467926025	5.710991382598877	5.619988918304443	5.522076606750488	5.455801486968994	5.388364791870117	5.274907112121582	5.149636745452881	5.097583770751953	5.1318440437316895	5.1681599617004395	5.1363139152526855	5.058603286743164	5.009961128234863	5.035665512084961	5.1273016929626465
51	mean	-1.2426562309265137	-0.920406699180603	-0.579434335231781	-0.2746924161911011	-0.05096840113401413	0.09281226247549057	0.22047685086727142	0.43775674700737	0.8463862538337708	1.5176219940185547	2.524670362472534	4.023458003997803	6.309938907623291	9.761984825134277	14.629794120788574	20.75688362121582	27.414012908935547	33.41362762451172	37.51516342163086	38.929012298583984	37.641422271728516	34.3773078918457	30.235057830810547	26.205135345458984	22.82709503173828	20.127777099609375	17.813419342041016	15.556991577148438	13.204597473144531	10.812183380126953	8.541707992553711	6.522924900054932	4.7779765129089355	3.2399449348449707	1.8254474401474	0.49395856261253357	-0.746234118938446	-1.8748445510864258	-2.8980631828308105	-3.8562252521514893	-4.800130844116211	-5.759707450866699	-6.728421211242676	-7.670926570892334	-8.54586410522461	-9.328574180603027	-10.02082347869873	-10.643253326416016	-11.216435432434082	-11.742100715637207	-12.197509765625	-12.547525405883789	-12.767877578735352	-12.863545417785645	-12.867013931274414	-12.816106796264648	-12.728657722473145	-12.593707084655762	-12.386531829833984	-12.094457626342773	-11.732789039611816	-11.338452339172363	-10.947330474853516	-10.573230743408203
51	std	5.13469123840332	5.107676982879639	5.134034156799316	5.224522113800049	5.334290504455566	5.416135311126709	5.451570987701416	5.434773921966553	5.379684925079346	5.3653669357299805	5.567580699920654	6.15512228012085	6.9867963790893555	7.524558067321777	7.202279567718506	5.915089130401611	4.440926551818848	4.30171537399292	5.248744964599609	5.727048873901367	5.26724910736084	4.341536521911621	3.892425775527954	4.323290824890137	5.038192272186279	5.54824686050415	5.771442890167236	5.811858654022217	5.7950286865234375	5.783257007598877	5.761855125427246	5.692862033843994	5.594172954559326	5.53688383102417	5.539366245269775	5.539870262145996	5.507829189300537	5.477118015289307	5.448183536529541	5.372419357299805	5.258803367614746	5.195971965789795	5.23381233215332	5.314742088317871	5.359683513641357	5.352962970733643	5.321583271026611	5.2945780754089355	5.294589519500732	5.309537887573242	5.276399612426758	5.149363040924072	4.9741363525390625	4.842740058898926	4.779372692108154	4.748569965362549	4.755348205566406	4.824833869934082	4.909929275512695	4.93201208114624	4.892471790313721	4.864027976989746	4.890466213226318	4.967436790466309
52	mean	-0.49621638655662537	-0.1772782951593399	0.11771539598703384	0.36060288548469543	0.5570096373558044	0.7637737393379211	1.086588978767395	1.637259840965271	2.4581990242004395	3.4656460285186768	4.47910213470459	5.358671188354492	6.180160045623779	7.308679580688477	9.257161140441895	12.35275936126709	16.397939682006836	20.576019287109375	23.729047775268555	24.89087677001953	23.769424438476562	20.88118553161621	17.261512756347656	13.937114715576172	11.477693557739258	9.864655494689941	8.693227767944336	7.523237705230713	6.142518043518066	4.613654613494873	3.141223192214966	1.897665023803711	0.9307326078414917	0.18213440477848053	-0.4374851584434509	-0.9898504018783569	-1.4990172386169434	-1.974435567855835	-2.4334702491760254	-2.9023213386535645	-3.398167133331299	-3.9117889404296875	-4.408042907714844	-4.8449907302856445	-5.197657585144043	-5.470868110656738	-5.693933486938477	-5.901617527008057	-6.112146377563477	-6.314979553222656	-6.476503849029541	-6.56286096572876	-6.566523551940918	-6.517541885375977	-6.4687652587890625	-6.461961269378662	-6.497028827667236	-6.527682304382324	-6.489832401275635	-6.343272686004639	-6.0962910652160645	-5.796466827392578	-5.49898624420166	-5.239019393920898
52	std	5.449452877044678	5.427011489868164	5.391016006469727	5.365915298461914	5.422367095947266	5.5950236320495605	5.814700126647949	5.983153343200684	6.085165023803711	6.169655799865723	6.252988338470459	6.306731700897217	6.287116527557373	6.082921028137207	5.506488800048828	4.490911483764648	3.407909631729126	3.107468605041504	3.598745346069336	3.8978142738342285	3.6118009090423584	3.120213508605957	3.2073400020599365	3.961118698120117	4.76864767074585	5.2866082191467285	5.5113019943237305	5.578248977661133	5.589624404907227	5.563253879547119	5.502075672149658	5.435715198516846	5.382843971252441	5.334347724914551	5.292927265167236	5.2937469482421875	5.358966827392578	5.437564849853516	5.438231468200684	5.345259666442871	5.25429105758667	5.249410629272461	5.300408840179443	5.347460746765137	5.3950419425964355	5.4510674476623535	5.466570854187012	5.410097599029541	5.333112716674805	5.3033013343811035	5.315589904785156	5.320898532867432	5.308196544647217	5.305056095123291	5.317444801330566	5.323112964630127	5.317712306976318	5.314923286437988	5.310826301574707	5.300349712371826	5.3070502281188965	5.345069408416748	5.383055210113525	5.389948844909668
53	mean	-1.978696346282959	-1.8499101400375366	-1.7572920322418213	-1.7196877002716064	-1.721311092376709	-1.704849362373352	-1.5895001888275146	-1.3177555799484253	-0.9064797759056091	-0.4499431252479553	-0.03217373788356781	0.4288811683654785	1.2974605560302734	3.160252809524536	6.540113925933838	11.500923156738281	17.393674850463867	22.966136932373047	26.850994110107422	28.18512725830078	26.995792388916016	24.123149871826172	20.741661071777344	17.787525177001953	15.619383811950684	14.051401138305664	12.654335021972656	11.088939666748047	9.279021263122559	7.377063751220703	5.6088337898254395	4.126959323883057	2.9541211128234863	2.0171988010406494	1.21775484085083	0.484120637178421	-0.21514791250228882	-0.8825790286064148	-1.50605046749115	-2.067067861557007	-2.547466993331909	-2.9395008087158203	-3.2561497688293457	-3.532942533493042	-3.8160641193389893	-4.141180515289307	-4.516327857971191	-4.920487403869629	-5.31792688369751	-5.676934242248535	-5.980551242828369	-6.226837635040283	-6.424275875091553	-6.58674955368042	-6.726789474487305	-6.846183776855469	-6.930086135864258	-6.953268051147461	-6.897995471954346	-6.770324230194092	-6.599645614624023	-6.420838832855225	-6.253302097320557	-6.093296527862549
53	std	5.60643196105957	5.572471618652344	5.457873344421387	5.303017616271973	5.205389022827148	5.1980462074279785	5.23807430267334	5.279599666595459	5.303580284118652	5.310007572174072	5.328394412994385	5.433901309967041	5.656368255615234	5.805000305175781	5.533246040344238	4.716362476348877	3.862612247467041	3.9203152656555176	4.65221643447876	5.025271415710449	4.697791576385498	4.056255340576172	3.7979135513305664	4.135758876800537	4.664245128631592	5.074629306793213	5.304917812347412	5.406392574310303	5.457921028137207	5.502441883087158	5.539011001586914	5.573318958282471	5.622069835662842	5.671290874481201	5.691320419311523	5.691590785980225	5.7173261642456055	5.787805557250977	5.86979341506958	5.924780368804932	5.950551509857178	5.959259510040283	5.952269077301025	5.939881324768066	5.951674938201904	6.007436752319336	6.092169284820557	6.154537200927734	6.133701801300049	6.022656440734863	5.8938751220703125	5.818952560424805	5.794416427612305	5.788565635681152	5.79932165145874	5.838016510009766	5.904542922973633	5.981874942779541	6.03691291809082	6.043274402618408	6.008845329284668	5.969466686248779	5.959173202514648	5.984738349914551
54	mean	3.476292848587036	4.893157005310059	6.417238235473633	7.949517250061035	9.421234130859375	10.843585014343262	12.311244010925293	13.932448387145996	15.709320068359375	17.450103759765625	18.81062126159668	19.49978256225586	19.558767318725586	19.516904830932617	20.242794036865234	22.482330322265625	26.315839767456055	30.892976760864258	34.689002990722656	36.20114517211914	34.69196701049805	30.530271530151367	24.941072463989258	19.353910446166992	14.761177062988281	11.42940616607666	9.038348197937012	7.066603183746338	5.147825717926025	3.210216522216797	1.388935923576355	-0.15762805938720703	-1.3779343366622925	-2.338721990585327	-3.154589891433716	-3.914577007293701	-4.656581878662109	-5.385992527008057	-6.103248119354248	-6.812500953674316	-7.511157512664795	-8.179838180541992	-8.789015769958496	-9.319384574890137	-9.776817321777344	-10.18649673461914	-10.569955825805664	-10.924966812133789	-11.224834442138672	-11.436684608459473	-11.544958114624023	-11.56653118133545	-11.548701286315918	-11.547384262084961	-11.593213081359863	-11.665366172790527	-11.694616317749023	-11.59970760345459	-11.337644577026367	-10.935230255126953	-10.479677200317383	-10.072212219238281	-9.771577835083008	-9.560361862182617
54	std	7.589223384857178	7.457592964172363	7.213470935821533	6.9212751388549805	6.628772258758545	6.363046646118164	6.172378063201904	6.116939544677734	6.204277992248535	6.388097286224365	6.61781644821167	6.830698013305664	6.931895732879639	6.84409236907959	6.593154430389404	6.416990756988525	6.772560119628906	7.821020126342773	8.989311218261719	9.497509956359863	8.986702919006348	7.73870849609375	6.561832904815674	6.231634140014648	6.657272815704346	7.218295097351074	7.6144890785217285	7.8847737312316895	8.105485916137695	8.247685432434082	8.2660551071167	8.196636199951172	8.103554725646973	7.996771335601807	7.878799915313721	7.804150104522705	7.807662487030029	7.842996120452881	7.855518341064453	7.850045204162598	7.8659162521362305	7.938181400299072	8.078694343566895	8.258759498596191	8.418339729309082	8.515788078308105	8.561748504638672	8.571945190429688	8.499190330505371	8.274133682250977	7.908084392547607	7.506540775299072	7.179656982421875	6.950802326202393	6.760909080505371	6.574530601501465	6.447482585906982	6.4455389976501465	6.541065692901611	6.642122268676758	6.67729377746582	6.652971267700195	6.671063423156738	6.840653896331787
55	mean	-0.8302820920944214	-0.659835934638977	-0.42922234535217285	-0.1555389165878296	0.1362684667110443	0.44414690136909485	0.8101930022239685	1.2980855703353882	1.927290916442871	2.625117301940918	3.282308340072632	3.9340336322784424	4.958812713623047	7.097196102142334	11.149166107177734	17.42674446105957	25.27974510192871	33.07374954223633	38.7640266418457	40.801231384277344	38.83816146850586	33.81254577636719	27.390893936157227	21.154644012451172	16.010744094848633	12.086328506469727	9.02924919128418	6.421689033508301	4.041042327880859	1.8833273649215698	0.03803711012005806	-1.4430110454559326	-2.597075939178467	-3.523324728012085	-4.326582431793213	-5.077620029449463	-5.806236743927002	-6.517712116241455	-7.213195323944092	-7.89942741394043	-8.584158897399902	-9.2650146484375	-9.922952651977539	-10.527745246887207	-11.051301956176758	-11.478469848632812	-11.807079315185547	-12.040547370910645	-12.181543350219727	-12.230582237243652	-12.188065528869629	-12.056573867797852	-11.841215133666992	-11.548463821411133	-11.185378074645996	-10.760316848754883	-10.285621643066406	-9.778921127319336	-9.260538101196289	-8.747353553771973	-8.246856689453125	-7.755680084228516	-7.264749050140381	-6.768535614013672
55	std	5.843890190124512	5.779178142547607	5.70086669921875	5.638901233673096	5.645385265350342	5.757936000823975	5.964075088500977	6.212883472442627	6.469236373901367	6.738184452056885	7.030379295349121	7.326340675354004	7.5509772300720215	7.519598960876465	6.981308460235596	5.946488380432129	5.184326171875	5.725916385650635	6.90730094909668	7.4423041343688965	6.9490766525268555	5.941298961639404	5.3279266357421875	5.4395856857299805	5.781611442565918	5.9634690284729	5.963510990142822	5.887056350708008	5.818171977996826	5.78042459487915	5.733954429626465	5.628054618835449	5.470922946929932	5.324183464050293	5.235435962677002	5.198956489562988	5.179575443267822	5.160342693328857	5.147749423980713	5.134263038635254	5.102768421173096	5.069281578063965	5.066674709320068	5.092164993286133	5.117181777954102	5.127913951873779	5.126340389251709	5.118903636932373	5.113276958465576	5.10353422164917	5.073843002319336	5.033363342285156	5.016729354858398	5.039793014526367	5.089441776275635	5.153203964233398	5.220162391662598	5.270178318023682	5.299652576446533	5.333550930023193	5.385307788848877	5.4380669593811035	5.480197429656982	5.524956703186035
56	mean	-2.353712320327759	-2.230614423751831	-1.983933687210083	-1.6113641262054443	-1.1410812139511108	-0.5808349847793579	0.1459607183933258	1.2122924327850342	2.8025527000427246	4.961397647857666	7.484771251678467	9.966140747070312	12.01510238647461	13.522590637207031	14.769887924194336	16.25370979309082	18.300662994384766	20.72819709777832	22.81810188293457	23.66818618774414	22.717391967773438	20.10344886779785	16.615089416503906	13.271814346313477	10.807787895202637	9.37765121459961	8.625436782836914	8.010032653808594	7.144932746887207	5.955966949462891	4.620273113250732	3.389810800552368	2.437617063522339	1.8010553121566772	1.4086872339248657	1.1366322040557861	0.8567287921905518	0.4709489643573761	-0.06463837623596191	-0.7316301465034485	-1.462798833847046	-2.1720588207244873	-2.786853551864624	-3.2697579860687256	-3.6228060722351074	-3.8760523796081543	-4.068388938903809	-4.231280326843262	-4.383031368255615	-4.5319037437438965	-4.679593086242676	-4.821041584014893	-4.945110321044922	-5.040543556213379	-5.103384971618652	-5.13810396194458	-5.151678085327148	-5.149104118347168	-5.136003017425537	-5.122710704803467	-5.121765613555908	-5.139094352722168	-5.16613245010376	-5.179622650146484
56	std	5.25390625	5.271653652191162	5.129651069641113	4.9004974365234375	4.767455101013184	4.785148620605469	4.879340648651123	5.007687568664551	5.136690616607666	5.1494622230529785	4.917332649230957	4.4698333740234375	4.0551981925964355	3.8854153156280518	3.7839906215667725	3.447632074356079	2.9711999893188477	2.8594367504119873	3.188026189804077	3.3990049362182617	3.1959917545318604	2.8369905948638916	2.9334049224853516	3.603870153427124	4.325643062591553	4.738552570343018	4.831822872161865	4.791270732879639	4.783397197723389	4.839773178100586	4.914684295654297	4.982823848724365	5.056809425354004	5.150409698486328	5.244241714477539	5.285306930541992	5.25157356262207	5.2070207595825195	5.212029457092285	5.20853853225708	5.123242378234863	5.024092674255371	5.01760196685791	5.042486667633057	4.965134143829346	4.813986778259277	4.742481708526611	4.788871765136719	4.854865550994873	4.886358261108398	4.88483190536499	4.825366973876953	4.703896522521973	4.604825019836426	4.651201248168945	4.894986629486084	5.238175868988037	5.478282928466797	5.479414939880371	5.29638671875	5.118253707885742	5.08571195602417	5.180620193481445	5.289706707000732
57	mean	-0.4378470182418823	-0.4064827561378479	-0.3419116735458374	-0.2258332073688507	-0.07589263468980789	0.034684937447309494	-0.012879537418484688	-0.3322133719921112	-0.9502356052398682	-1.7253795862197876	-2.3058409690856934	-2.1593496799468994	-0.6845893263816833	2.6062262058258057	7.865030765533447	14.713311195373535	22.18478012084961	28.905933380126953	33.50687026977539	35.10396194458008	33.614200592041016	29.737873077392578	24.622129440307617	19.39246368408203	14.78036880493164	11.000322341918945	7.874800682067871	5.084754467010498	2.3927831649780273	-0.25617364048957825	-2.7621731758117676	-4.966802597045898	-6.748250961303711	-8.069786071777344	-8.975056648254395	-9.550755500793457	-9.885137557983398	-10.043312072753906	-10.064224243164062	-9.971648216247559	-9.785345077514648	-9.526172637939453	-9.21521282196045	-8.872414588928223	-8.516018867492676	-8.162529945373535	-7.825218677520752	-7.511682510375977	-7.221129417419434	-6.944695472717285	-6.669316291809082	-6.384713172912598	-6.089660167694092	-5.793938636779785	-5.514566898345947	-5.267134189605713	-5.055962085723877	-4.869038105010986	-4.682492733001709	-4.474128246307373	-4.238109588623047	-3.9894444942474365	-3.753488540649414	-3.5469868183135986
57	std	4.370760440826416	4.392792701721191	4.4133124351501465	4.4110822677612305	4.391373157501221	4.373103141784668	4.378390312194824	4.438234329223633	4.541197299957275	4.597792148590088	4.585104942321777	4.6983747482299805	5.103383541107178	5.535585880279541	5.5238752365112305	4.905951976776123	4.123594760894775	4.000654220581055	4.504469394683838	4.7939581871032715	4.515574932098389	4.014892578125	3.9343621730804443	4.3772454261779785	4.874307632446289	5.123032569885254	5.11566686630249	4.9651265144348145	4.789130210876465	4.670779228210449	4.630623817443848	4.626164436340332	4.609082221984863	4.571131229400635	4.5302557945251465	4.498142242431641	4.470568656921387	4.442956924438477	4.424188137054443	4.418276786804199	4.409122467041016	4.392484188079834	4.394680500030518	4.427793025970459	4.463682174682617	4.475549697875977	4.470759391784668	4.4744038581848145	4.4943108558654785	4.509432792663574	4.504609107971191	4.496745586395264	4.497807025909424	4.487723350524902	4.454581260681152	4.416289329528809	4.388307094573975	4.3751020431518555	4.3859992027282715	4.417498588562012	4.442619800567627	4.448094844818115	4.455498218536377	4.490612506866455
58	mean	-1.7936489582061768	-1.8184443712234497	-1.8420647382736206	-1.922241449356079	-2.0867714881896973	-2.2732203006744385	-2.3093841075897217	-1.9718654155731201	-1.1096125841140747	0.2419513761997223	1.853225827217102	3.4435267448425293	4.904613494873047	6.439418315887451	8.47182559967041	11.335250854492188	14.928644180297852	18.593862533569336	21.346240997314453	22.351839065551758	21.362751007080078	18.838781356811523	15.686491966247559	12.7921142578125	10.635056495666504	9.18604564666748	8.091883659362793	6.9797468185424805	5.679954528808594	4.261124610900879	2.910008668899536	1.7747256755828857	0.8813780546188354	0.1553099900484085	-0.49945521354675293	-1.1327240467071533	-1.7334798574447632	-2.261972188949585	-2.692129135131836	-3.031158208847046	-3.310189962387085	-3.5620274543762207	-3.8039774894714355	-4.033061504364014	-4.230901718139648	-4.37250280380249	-4.436117649078369	-4.413766384124756	-4.318508625030518	-4.182515621185303	-4.045077800750732	-3.9377427101135254	-3.876009225845337	-3.8610968589782715	-3.8875374794006348	-3.9478394985198975	-4.029090881347656	-4.1067070960998535	-4.14663553237915	-4.119754791259766	-4.018339157104492	-3.861023187637329	-3.682400941848755	-3.5142784118652344
58	std	5.127066612243652	5.222787857055664	5.276676654815674	5.263612270355225	5.268359184265137	5.386274337768555	5.590290069580078	5.826657772064209	6.106744289398193	6.407348155975342	6.635733604431152	6.739773750305176	6.7076263427734375	6.432114124298096	5.730582237243652	4.611425876617432	3.5607621669769287	3.364931583404541	3.8359241485595703	4.097733497619629	3.8600428104400635	3.467769145965576	3.547064781188965	4.1655192375183105	4.821125030517578	5.228032112121582	5.432219982147217	5.5538330078125	5.594104766845703	5.509438514709473	5.358008861541748	5.260390281677246	5.247264862060547	5.2398152351379395	5.173641681671143	5.069236755371094	4.989614963531494	4.970086574554443	4.991880893707275	5.000969886779785	4.9496636390686035	4.851229667663574	4.797979354858398	4.854909896850586	4.933944225311279	4.899730205535889	4.764007568359375	4.646770477294922	4.591352462768555	4.563488960266113	4.5696234703063965	4.64038610458374	4.757564544677734	4.848453521728516	4.834832668304443	4.728152751922607	4.657134532928467	4.700708389282227	4.761460304260254	4.716548919677734	4.573999404907227	4.451075553894043	4.466188907623291	4.626054763793945
59	mean	-0.33346569538116455	-0.47751501202583313	-0.7108915448188782	-0.9494337439537048	-1.0496394634246826	-0.8792398571968079	-0.4621559977531433	-0.10976963490247726	-0.3897063434123993	-1.8404227495193481	-4.519972324371338	-7.666345119476318	-9.777118682861328	-9.205485343933105	-5.0192694664001465	2.3723111152648926	11.2416353225708	19.25296401977539	24.474349975585938	26.135021209716797	24.757410049438477	21.681901931762695	18.323556900024414	15.575878143310547	13.617000579833984	12.111984252929688	10.602645874023438	8.830670356750488	6.840342998504639	4.866573810577393	3.133363962173462	1.7093638181686401	0.4963430166244507	-0.6741093397140503	-1.9202991724014282	-3.2445669174194336	-4.547096252441406	-5.68943452835083	-6.558887958526611	-7.105428695678711	-7.348967552185059	-7.363499641418457	-7.24492073059082	-7.073888778686523	-6.890201568603516	-6.691704750061035	-6.456745147705078	-6.1720194816589355	-5.844054222106934	-5.489132881164551	-5.117170810699463	-4.728291034698486	-4.325582981109619	-3.9298648834228516	-3.5788333415985107	-3.3070180416107178	-3.1217784881591797	-2.9957664012908936	-2.8835763931274414	-2.7509536743164062	-2.5951924324035645	-2.4423632621765137	-2.324323892593384	-2.2523510456085205
59	std	4.7703857421875	4.727650165557861	4.63519287109375	4.519318103790283	4.396258354187012	4.307338237762451	4.287551403045654	4.382828712463379	4.671105861663818	5.070815563201904	5.266923427581787	5.068727493286133	4.761421203613281	4.793631553649902	4.926289081573486	4.547450065612793	3.6816558837890625	3.2622838020324707	3.732016086578369	4.091879844665527	3.803501844406128	3.253202438354492	3.177379846572876	3.589383125305176	3.9988629817962646	4.26418924331665	4.451372146606445	4.58582067489624	4.687438011169434	4.786922931671143	4.8425726890563965	4.7951836585998535	4.681866645812988	4.59862756729126	4.583337306976318	4.58467960357666	4.539571285247803	4.465609550476074	4.439322471618652	4.468976020812988	4.4852705001831055	4.470292568206787	4.471981525421143	4.489434719085693	4.466854095458984	4.411660194396973	4.394165515899658	4.4080915451049805	4.37846565246582	4.323897838592529	4.342782497406006	4.44282341003418	4.558920383453369	4.683685302734375	4.825808048248291	4.943326950073242	5.011022090911865	5.039722919464111	5.012868404388428	4.9281110763549805	4.869171142578125	4.89540958404541	4.914633274078369	4.809849262237549
60	mean	-3.272861957550049	-3.540433406829834	-3.9187705516815186	-4.447671890258789	-5.1530256271362305	-6.01003360748291	-6.90992546081543	-7.6596293449401855	-8.027005195617676	-7.808155536651611	-6.868979454040527	-5.131283283233643	-2.5273783206939697	1.0099488496780396	5.469404697418213	10.617521286010742	15.895130157470703	20.47596549987793	23.524368286132812	24.546688079833984	23.636642456054688	21.44940757751465	18.897953033447266	16.737022399902344	15.268664360046387	14.31758975982666	13.453254699707031	12.2972412109375	10.72976016998291	8.903118133544922	7.098635673522949	5.546276092529297	4.318132400512695	3.337437629699707	2.4660730361938477	1.5982015132904053	0.7051524519920349	-0.17743095755577087	-0.9922472238540649	-1.6977565288543701	-2.2826569080352783	-2.7597389221191406	-3.1508500576019287	-3.4738967418670654	-3.738694190979004	-3.950997829437256	-4.118191242218018	-4.2491984367370605	-4.347775936126709	-4.407095432281494	-4.41524600982666	-4.3703460693359375	-4.292705535888672	-4.220371246337891	-4.187731742858887	-4.201534271240234	-4.2325263023376465	-4.230554580688477	-4.153684616088867	-3.9915688037872314	-3.768784523010254	-3.529303550720215	-3.3151626586914062	-3.1519460678100586
60	std	5.504997253417969	5.621549129486084	5.7223711013793945	5.841148376464844	6.03709602355957	6.383437633514404	6.872976303100586	7.3600687980651855	7.696425914764404	7.932407855987549	8.291365623474121	8.824575424194336	9.188238143920898	8.90929889678955	7.791310787200928	6.139290809631348	4.777324199676514	4.504003047943115	4.9165239334106445	5.146826267242432	4.945296287536621	4.545857906341553	4.30267858505249	4.31148099899292	4.388708591461182	4.408270835876465	4.4096360206604	4.455065727233887	4.541769981384277	4.640961170196533	4.733026504516602	4.81038236618042	4.8828654289245605	4.962304592132568	5.03703498840332	5.088515758514404	5.121793746948242	5.154738903045654	5.193471431732178	5.230657577514648	5.256667613983154	5.269455432891846	5.269556522369385	5.251523017883301	5.2244672775268555	5.220594882965088	5.242843151092529	5.237392902374268	5.1628618240356445	5.053028583526611	4.974234580993652	4.942605972290039	4.9217376708984375	4.881474018096924	4.820474147796631	4.752216815948486	4.699477195739746	4.6801018714904785	4.676369667053223	4.6522016525268555	4.619068622589111	4.634023189544678	4.7052998542785645	4.76846981048584
61	mean	-5.160853385925293	-5.173088550567627	-5.027401924133301	-4.7055158615112305	-4.1642231941223145	-3.297565221786499	-1.934431791305542	0.0945117399096489	2.8301303386688232	6.067776679992676	9.34920883178711	12.12007999420166	14.001521110534668	15.020989418029785	15.633797645568848	16.475894927978516	17.96104621887207	19.96306610107422	21.80379295349121	22.59088897705078	21.72003936767578	19.234336853027344	15.81476879119873	12.413939476013184	9.771565437316895	8.109180450439453	7.156774520874023	6.436457633972168	5.583116054534912	4.504815578460693	3.3325424194335938	2.254520893096924	1.3757926225662231	0.6831942200660706	0.09972338378429413	-0.442435622215271	-0.9675735235214233	-1.4671581983566284	-1.9246799945831299	-2.3271145820617676	-2.663158893585205	-2.9246158599853516	-3.117471218109131	-3.2714715003967285	-3.4328577518463135	-3.6396210193634033	-3.8968515396118164	-4.173110485076904	-4.422436237335205	-4.614213943481445	-4.745760440826416	-4.828934669494629	-4.867185592651367	-4.847904682159424	-4.758030414581299	-4.607369422912598	-4.436130523681641	-4.296093940734863	-4.216926097869873	-4.182805061340332	-4.1387457847595215	-4.025973320007324	-3.8240137100219727	-3.5683434009552
61	std	6.447869777679443	6.569380760192871	6.672860145568848	6.863818645477295	7.163926124572754	7.485038757324219	7.649337291717529	7.492570400238037	6.994282245635986	6.3075337409973145	5.6607346534729	5.209321022033691	4.960361003875732	4.820595741271973	4.663963794708252	4.40423059463501	4.125947952270508	4.063551425933838	4.237284183502197	4.345834255218506	4.201878070831299	3.9956555366516113	4.0780348777771	4.456631183624268	4.817793369293213	4.982536315917969	5.018537998199463	5.03978967666626	5.039580821990967	4.9650654792785645	4.849674224853516	4.781230449676514	4.790351390838623	4.852410316467285	4.952712535858154	5.065857887268066	5.132383823394775	5.119076728820801	5.06540060043335	5.058341979980469	5.1558027267456055	5.310385704040527	5.411628723144531	5.412572383880615	5.34590482711792	5.23016357421875	5.06634521484375	4.917229652404785	4.856739044189453	4.849279403686523	4.808302879333496	4.732118606567383	4.676065921783447	4.63992166519165	4.583794593811035	4.5195536613464355	4.496840000152588	4.522571563720703	4.563548564910889	4.605104923248291	4.653994560241699	4.711589813232422	4.775824546813965	4.8429341316223145
62	mean	-1.8862930536270142	-1.5816700458526611	-1.243263602256775	-0.9198271036148071	-0.6145851612091064	-0.26674962043762207	0.23188170790672302	0.9840307831764221	2.0196564197540283	3.2608964443206787	4.5670552253723145	5.863337516784668	7.283243656158447	9.204583168029785	12.090688705444336	16.170801162719727	21.135847091674805	26.07210350036621	29.740835189819336	31.09381866455078	29.744775772094727	26.12567138671875	21.24761962890625	16.221406936645508	11.815720558166504	8.272738456726074	5.41942834854126	2.9402976036071777	0.6191310286521912	-1.5701966285705566	-3.518697738647461	-5.095263957977295	-6.230197429656982	-6.935642719268799	-7.282719135284424	-7.371611595153809	-7.312845706939697	-7.212614059448242	-7.1504411697387695	-7.1538214683532715	-7.1886305809021	-7.1777520179748535	-7.042404651641846	-6.744949817657471	-6.3094635009765625	-5.809036731719971	-5.328554630279541	-4.92567777633667	-4.610904216766357	-4.355008602142334	-4.117389678955078	-3.877382516860962	-3.6483819484710693	-3.465735912322998	-3.3586249351501465	-3.326751947402954	-3.336089849472046	-3.3331620693206787	-3.268775701522827	-3.1208574771881104	-2.9075400829315186	-2.683988332748413	-2.5212278366088867	-2.4738333225250244
62	std	8.32793140411377	8.165712356567383	8.084985733032227	8.134897232055664	8.293953895568848	8.490978240966797	8.658624649047852	8.74837875366211	8.719840049743652	8.549166679382324	8.26844596862793	7.976866722106934	7.71860408782959	7.312119483947754	6.4399213790893555	5.014608860015869	3.5952959060668945	3.4237608909606934	4.262337684631348	4.694758415222168	4.272375583648682	3.45355486869812	3.420797109603882	4.619852066040039	6.135787487030029	7.315423488616943	7.940396308898926	8.10141658782959	8.065682411193848	8.028319358825684	7.96801233291626	7.787787437438965	7.495663166046143	7.1838908195495605	6.910902500152588	6.6972222328186035	6.602481365203857	6.681896686553955	6.860989570617676	6.977623462677002	6.967311382293701	6.911089897155762	6.882479190826416	6.85662841796875	6.814788818359375	6.808756351470947	6.861898899078369	6.900679111480713	6.85548734664917	6.774473667144775	6.754729270935059	6.7836761474609375	6.773945331573486	6.72202730178833	6.687014102935791	6.672616958618164	6.678359508514404	6.773854732513428	6.963223934173584	7.094997882843018	7.0501275062561035	6.909094333648682	6.84075927734375	6.8941426277160645
63	mean	2.0813138484954834	2.968812942504883	4.115334987640381	5.3928046226501465	6.641146183013916	7.773191452026367	8.830489158630371	9.946534156799316	11.233688354492188	12.668216705322266	14.066056251525879	15.198216438293457	15.995927810668945	16.701168060302734	17.809968948364258	19.7784366607666	22.647968292236328	25.856136322021484	28.414148330688477	29.391761779785156	28.421796798706055	25.906269073486328	22.796085357666016	20.08831024169922	18.349225997924805	17.529556274414062	17.13544273376465	16.600019454956055	15.608583450317383	14.206893920898438	12.684420585632324	11.357230186462402	10.3984375	9.794083595275879	9.407349586486816	9.078697204589844	8.696735382080078	8.218785285949707	7.657710075378418	7.05820369720459	6.471648216247559	5.930505752563477	5.430208206176758	4.931675434112549	4.3861775398254395	3.7672605514526367	3.089296579360962	2.4016401767730713	1.7628734111785889	1.210738182067871	0.744635283946991	0.3276839256286621	-0.09651089459657669	-0.5812152028083801	-1.1546552181243896	-1.8062025308609009	-2.4902639389038086	-3.149590492248535	-3.744215726852417	-4.267762660980225	-4.744894981384277	-5.216211795806885	-5.718500137329102	-6.266551494598389
63	std	14.960810661315918	14.954446792602539	14.370100975036621	13.621557235717773	13.037508964538574	12.632001876831055	12.296637535095215	12.012267112731934	11.831560134887695	11.750532150268555	11.665313720703125	11.479422569274902	11.164841651916504	10.639348030090332	9.715714454650879	8.360278129577637	7.012528896331787	6.393121719360352	6.525012969970703	6.678369998931885	6.503475666046143	6.2853684425354	6.426888942718506	6.940241813659668	7.56279182434082	8.109986305236816	8.557924270629883	8.98975944519043	9.528080940246582	10.219748497009277	10.943816184997559	11.49378490447998	11.757650375366211	11.775164604187012	11.631492614746094	11.385793685913086	11.135591506958008	10.996015548706055	10.933146476745605	10.791597366333008	10.530771255493164	10.261207580566406	10.034311294555664	9.769159317016602	9.422837257385254	9.071444511413574	8.779349327087402	8.51151180267334	8.228142738342285	7.964224815368652	7.776797294616699	7.69374418258667	7.726261615753174	7.863487720489502	8.056896209716797	8.249412536621094	8.416224479675293	8.571829795837402	8.754776000976562	9.004120826721191	9.320810317993164	9.655837059020996	9.967927932739258	10.284455299377441
64	mean	12.31537914276123	9.787222862243652	7.456038475036621	5.3455963134765625	3.4357290267944336	1.6546108722686768	-0.1085461750626564	-1.9549962282180786	-3.902151346206665	-5.828358173370361	-7.4971113204956055	-8.686872482299805	-9.37328052520752	-9.839244842529297	-10.59601879119873	-12.107193946838379	-14.455650329589844	-17.175003051757812	-19.398752212524414	-20.284807205200195	-19.476402282714844	-17.31249237060547	-14.650071144104004	-12.409326553344727	-11.122560501098633	-10.74832820892334	-10.823448181152344	-10.811174392700195	-10.406664848327637	-9.631914138793945	-8.717249870300293	-7.899068832397461	-7.281463623046875	-6.827690124511719	-6.443943023681641	-6.06715202331543	-5.693182945251465	-5.346194744110107	-5.03408670425415	-4.7311530113220215	-4.396291732788086	-4.006263256072998	-3.576291799545288	-3.153425931930542	-2.7881104946136475	-2.5032174587249756	-2.280168294906616	-2.0702552795410156	-1.8240491151809692	-1.5215532779693604	-1.1847665309906006	-0.8626695275306702	-0.5969380736351013	-0.3937170207500458	-0.22369198501110077	-0.048735350370407104	0.14775419235229492	0.34943336248397827	0.5204545855522156	0.631930947303772	0.682403028011322	0.6992622017860413	0.721588134765625	0.7760629653930664
64	std	15.578319549560547	14.587689399719238	13.596556663513184	12.649328231811523	11.740361213684082	10.842085838317871	9.953097343444824	9.096647262573242	8.279187202453613	7.498227119445801	6.795837879180908	6.243996620178223	5.837383270263672	5.432026386260986	4.828804016113281	3.9432756900787354	2.9973580837249756	2.5741443634033203	2.8077642917633057	2.9829652309417725	2.7321653366088867	2.3767075538635254	2.5686113834381104	3.2651305198669434	3.9588685035705566	4.440345287322998	4.754847049713135	5.0036845207214355	5.207624435424805	5.341804027557373	5.444782733917236	5.5872273445129395	5.756455898284912	5.88560676574707	5.961051940917969	5.993900775909424	5.946503162384033	5.800048828125	5.635166645050049	5.540353298187256	5.493338584899902	5.422911167144775	5.320666790008545	5.234954357147217	5.205061912536621	5.226160526275635	5.257328033447266	5.256768226623535	5.2114434242248535	5.142808437347412	5.100628852844238	5.131727695465088	5.229345798492432	5.339481353759766	5.426258087158203	5.497369289398193	5.564605236053467	5.61811637878418	5.643962860107422	5.621176719665527	5.508038520812988	5.2970099449157715	5.0826921463012695	5.0055928230285645
65	mean	27.295114517211914	24.39158058166504	21.064395904541016	17.638540267944336	14.333054542541504	11.228594779968262	8.279812812805176	5.379997730255127	2.4639225006103516	-0.40263253450393677	-3.01816463470459	-5.161421775817871	-6.777142524719238	-8.099798202514648	-9.58735179901123	-11.653648376464844	-14.347500801086426	-17.20499038696289	-19.41781234741211	-20.254398345947266	-19.48311424255371	-17.524690628051758	-15.232086181640625	-13.43919563293457	-12.561124801635742	-12.473512649536133	-12.700020790100098	-12.746232032775879	-12.362207412719727	-11.60417366027832	-10.711075782775879	-9.91447639465332	-9.308263778686523	-8.836365699768066	-8.371662139892578	-7.814432144165039	-7.147396087646484	-6.427496910095215	-5.736849308013916	-5.132045745849609	-4.620442867279053	-4.170090675354004	-3.7394931316375732	-3.3039684295654297	-2.8639333248138428	-2.4371070861816406	-2.045762777328491	-1.7062668800354004	-1.4221429824829102	-1.1814059019088745	-0.9614280462265015	-0.742362916469574	-0.5212788581848145	-0.3144320547580719	-0.14338244497776031	-0.01430546771734953	0.09324558824300766	0.21676072478294373	0.38454681634902954	0.5926186442375183	0.8041827082633972	0.9731636047363281	1.0739706754684448	1.1162540912628174
65	std	14.634563446044922	14.454694747924805	13.812614440917969	12.783008575439453	11.616853713989258	10.557406425476074	9.728912353515625	9.139785766601562	8.722490310668945	8.378716468811035	8.037409782409668	7.672555446624756	7.2581963539123535	6.724157810211182	5.9889068603515625	5.0867462158203125	4.30253267288208	4.034722328186035	4.221612453460693	4.363597869873047	4.198380470275879	3.905571222305298	3.8430559635162354	4.072403430938721	4.3522047996521	4.5245771408081055	4.585331916809082	4.580404281616211	4.598876953125	4.760221004486084	5.064929962158203	5.3444905281066895	5.456357479095459	5.431400299072266	5.388588905334473	5.3812336921691895	5.397932529449463	5.436216354370117	5.509139060974121	5.635866641998291	5.819204330444336	6.003034591674805	6.112030029296875	6.142338752746582	6.1593918800354	6.210663795471191	6.285282135009766	6.362411022186279	6.448947429656982	6.54110050201416	6.594507217407227	6.580288410186768	6.5337910652160645	6.505842685699463	6.49929141998291	6.490292072296143	6.473447799682617	6.454797744750977	6.439383029937744	6.445547103881836	6.489412784576416	6.54860782623291	6.582521438598633	6.586732864379883
66	mean	0.1115054190158844	-1.8931400775909424	-3.6461098194122314	-5.1219072341918945	-6.339341163635254	-7.386899471282959	-8.410734176635742	-9.555933952331543	-10.877979278564453	-12.27492904663086	-13.504861831665039	-14.31696605682373	-14.64412784576416	-14.729242324829102	-15.062438011169434	-16.1148681640625	-18.00640869140625	-20.32924461364746	-22.281538009643555	-23.067895889282227	-22.33292007446289	-20.35747718811035	-17.89473533630371	-15.758050918579102	-14.421784400939941	-13.86319637298584	-13.700459480285645	-13.491387367248535	-12.987256050109863	-12.206205368041992	-11.332911491394043	-10.554823875427246	-9.951765060424805	-9.48703670501709	-9.070627212524414	-8.630916595458984	-8.14818286895752	-7.644318103790283	-7.152513027191162	-6.693983554840088	-6.273910999298096	-5.889763355255127	-5.537975788116455	-5.2117156982421875	-4.894529819488525	-4.5610785484313965	-4.189472198486328	-3.778729200363159	-3.3562159538269043	-2.966150999069214	-2.6450767517089844	-2.400622606277466	-2.2065954208374023	-2.0159268379211426	-1.7832292318344116	-1.4852497577667236	-1.1303901672363281	-0.7540751695632935	-0.4024691879749298	-0.11172632873058319	0.10730961710214615	0.2714522182941437	0.41463977098464966	0.5704555511474609
66	std	8.313702583312988	7.367443084716797	6.663785934448242	6.177516937255859	5.866299629211426	5.664037227630615	5.488946437835693	5.2934722900390625	5.0952630043029785	4.936402320861816	4.821942329406738	4.723731517791748	4.612616539001465	4.431994915008545	4.084327697753906	3.5586137771606445	3.1219775676727295	3.168092966079712	3.548211097717285	3.7395074367523193	3.5229718685150146	3.161053419113159	3.231491804122925	3.88649845123291	4.663173198699951	5.18682336807251	5.376317024230957	5.349655628204346	5.280418872833252	5.257437705993652	5.244126319885254	5.175666809082031	5.0606465339660645	4.962462902069092	4.914422035217285	4.897602558135986	4.878610134124756	4.8348212242126465	4.771398544311523	4.719057559967041	4.689540386199951	4.661942481994629	4.629241466522217	4.608948707580566	4.608657360076904	4.626745223999023	4.663408279418945	4.705763339996338	4.746184349060059	4.809459686279297	4.908763885498047	5.0072503089904785	5.072279930114746	5.122305393218994	5.186814308166504	5.264856815338135	5.348800182342529	5.441801071166992	5.5328369140625	5.6009111404418945	5.654482841491699	5.728714942932129	5.84492301940918	5.994646072387695
67	mean	9.766956329345703	10.077911376953125	10.017305374145508	9.504039764404297	8.530014038085938	7.106297492980957	5.205193519592285	2.775627613067627	-0.14401903748512268	-3.3000648021698	-6.228489875793457	-8.465320587158203	-9.868866920471191	-10.821431159973145	-12.099959373474121	-14.412500381469727	-17.864749908447266	-21.73816680908203	-24.793365478515625	-25.94818687438965	-24.895917892456055	-22.259302139282227	-19.196603775024414	-16.735876083374023	-15.264994621276855	-14.465917587280273	-13.674519538879395	-12.383225440979004	-10.551438331604004	-8.558978080749512	-6.896186351776123	-5.8396759033203125	-5.327832221984863	-5.074225902557373	-4.789329528808594	-4.338456153869629	-3.754182815551758	-3.144232988357544	-2.5916638374328613	-2.1153671741485596	-1.693086862564087	-1.304091453552246	-0.9507466554641724	-0.6487276554107666	-0.4019361734390259	-0.18531621992588043	0.04823968932032585	0.3373511731624603	0.6780986189842224	1.0153167247772217	1.2738749980926514	1.41276216506958	1.4614274501800537	1.5085593461990356	1.6498886346817017	1.9298083782196045	2.312776803970337	2.701038122177124	2.9879393577575684	3.1138648986816406	3.091038227081299	2.988363265991211	2.8941245079040527	2.877802848815918
67	std	14.477487564086914	14.519164085388184	14.572138786315918	14.746689796447754	14.987338066101074	15.14029598236084	15.048962593078613	14.600098609924316	13.767271995544434	12.653944969177246	11.498902320861816	10.596123695373535	10.055070877075195	9.561610221862793	8.575301170349121	6.935028553009033	5.478461265563965	5.619751453399658	6.691338539123535	7.145917892456055	6.7035675048828125	6.051295757293701	6.0930399894714355	7.043050765991211	8.275289535522461	9.056097984313965	9.138607025146484	9.02457332611084	9.489562034606934	10.517289161682129	11.370572090148926	11.509474754333496	10.918978691101074	9.991057395935059	9.2283296585083	8.856106758117676	8.729388236999512	8.662619590759277	8.627418518066406	8.653284072875977	8.750320434570312	8.930309295654297	9.181769371032715	9.437488555908203	9.625819206237793	9.715214729309082	9.68366813659668	9.510828018188477	9.249100685119629	9.039124488830566	8.976155281066895	9.009947776794434	9.036075592041016	9.013371467590332	8.970229148864746	8.953245162963867	8.960733413696289	8.926259994506836	8.810251235961914	8.670025825500488	8.591912269592285	8.596212387084961	8.633853912353516	8.629386901855469
68	mean	2.9456145763397217	1.5036617517471313	0.1377771645784378	-1.1515918970108032	-2.396333932876587	-3.656460762023926	-5.005918502807617	-6.503056526184082	-8.142690658569336	-9.811962127685547	-11.29997730255127	-12.399853706359863	-13.074382781982422	-13.574044227600098	-14.380555152893066	-15.94483757019043	-18.347936630249023	-21.116840362548828	-23.36952018737793	-24.250919342041016	-23.40428924560547	-21.175464630126953	-18.41890525817871	-16.033733367919922	-14.521794319152832	-13.820924758911133	-13.470884323120117	-12.962021827697754	-12.033767700195312	-10.760818481445312	-9.422222137451172	-8.280556678771973	-7.4264984130859375	-6.769767761230469	-6.148318290710449	-5.45855188369751	-4.717215538024902	-4.027925968170166	-3.493328332901001	-3.1419036388397217	-2.916236400604248	-2.719731092453003	-2.48018479347229	-2.185455322265625	-1.872496485710144	-1.5848549604415894	-1.3327950239181519	-1.0839287042617798	-0.7873560786247253	-0.4103044271469116	0.040244776755571365	0.5243451595306396	0.9956298470497131	1.4266966581344604	1.8165844678878784	2.178124189376831	2.5179479122161865	2.826930046081543	3.088844060897827	3.2978358268737793	3.467346668243408	3.62090802192688	3.7729134559631348	3.914910316467285
68	std	13.03798770904541	12.623373031616211	12.306803703308105	12.007124900817871	11.609025001525879	11.03853702545166	10.304553031921387	9.497191429138184	8.738152503967285	8.102203369140625	7.592799186706543	7.191015243530273	6.8567352294921875	6.4702959060668945	5.878629684448242	5.072505950927734	4.3445587158203125	4.145363807678223	4.424503326416016	4.618663311004639	4.435787677764893	4.153862953186035	4.315960884094238	4.96751070022583	5.689813137054443	6.245633125305176	6.658337593078613	7.005488872528076	7.319616317749023	7.624669075012207	7.94706916809082	8.269177436828613	8.535183906555176	8.726487159729004	8.885138511657715	9.036497116088867	9.138623237609863	9.144952774047852	9.070035934448242	8.963935852050781	8.85529899597168	8.73563289642334	8.582135200500488	8.39544677734375	8.213077545166016	8.073034286499023	7.979094505310059	7.910953521728516	7.846041202545166	7.776917457580566	7.724167823791504	7.714617729187012	7.74543571472168	7.789260387420654	7.818003177642822	7.805206775665283	7.736871719360352	7.64272403717041	7.590631008148193	7.633979320526123	7.784308433532715	8.01673698425293	8.265140533447266	8.456178665161133
69	mean	-1.0204553604125977	-1.5395288467407227	-2.2008767127990723	-2.994312286376953	-3.888381242752075	-4.879866600036621	-6.02365779876709	-7.405480861663818	-9.063444137573242	-10.914225578308105	-12.75764274597168	-14.39289379119873	-15.792216300964355	-17.202789306640625	-19.059518814086914	-21.707111358642578	-25.082698822021484	-28.582143783569336	-31.25226402282715	-32.243106842041016	-31.263093948364258	-28.748563766479492	-25.633769989013672	-22.864879608154297	-20.957059860229492	-19.845462799072266	-19.071624755859375	-18.138126373291016	-16.79620933532715	-15.121426582336426	-13.388265609741211	-11.866232872009277	-10.673348426818848	-9.754335403442383	-8.961339950561523	-8.162073135375977	-7.304926872253418	-6.416038990020752	-5.552971839904785	-4.756742477416992	-4.029735088348389	-3.3437657356262207	-2.666222095489502	-1.9841045141220093	-1.3098478317260742	-0.6681620478630066	-0.07647976279258728	0.46677538752555847	0.9800965785980225	1.4871277809143066	2.0036656856536865	2.529616355895996	3.0491886138916016	3.5412044525146484	3.9950129985809326	4.41838264465332	4.827700614929199	5.228733539581299	5.607173919677734	5.938320159912109	6.208271026611328	6.431613922119141	6.654757022857666	6.9392313957214355
69	std	11.883458137512207	12.038769721984863	12.115396499633789	12.08602237701416	12.010987281799316	11.988953590393066	12.02915096282959	12.030058860778809	11.904181480407715	11.65353012084961	11.321718215942383	10.925355911254883	10.42673110961914	9.754700660705566	8.887737274169922	7.960658550262451	7.276097774505615	7.076490879058838	7.229285717010498	7.354263782501221	7.2503252029418945	7.062228679656982	7.070384979248047	7.348316669464111	7.748239040374756	8.14395523071289	8.504616737365723	8.837021827697754	9.168971061706543	9.542011260986328	9.972297668457031	10.421000480651855	10.806443214416504	11.058674812316895	11.182841300964355	11.267422676086426	11.4049654006958	11.596299171447754	11.751947402954102	11.782236099243164	11.67578411102295	11.513153076171875	11.401982307434082	11.368026733398438	11.31485366821289	11.110794067382812	10.718236923217773	10.245111465454102	9.841797828674316	9.524397850036621	9.180388450622559	8.759073257446289	8.336243629455566	7.997387886047363	7.786293029785156	7.754947185516357	7.920343399047852	8.195857048034668	8.468351364135742	8.702990531921387	8.938743591308594	9.228743553161621	9.602008819580078	10.050196647644043
70	mean	-1.6736034154891968	-2.1517879962921143	-2.7003214359283447	-3.27167010307312	-3.841193914413452	-4.444579124450684	-5.180445194244385	-6.164825916290283	-7.449017524719238	-8.946123123168945	-10.434864044189453	-11.681204795837402	-12.631497383117676	-13.540719032287598	-14.897085189819336	-17.126195907592773	-20.232952117919922	-23.628498077392578	-26.308652877807617	-27.328943252563477	-26.30718231201172	-23.637115478515625	-20.272151947021484	-17.215675354003906	-15.038931846618652	-13.706888198852539	-12.766499519348145	-11.721993446350098	-10.337747573852539	-8.705945014953613	-7.0958170890808105	-5.7342705726623535	-4.6759209632873535	-3.821309804916382	-3.027445077896118	-2.21048903465271	-1.3769925832748413	-0.5877929925918579	0.0986725464463234	0.6604723930358887	1.1129635572433472	1.491855263710022	1.8362879753112793	2.177558422088623	2.5312530994415283	2.893678665161133	3.247234582901001	3.5742075443267822	3.8691976070404053	4.1395039558410645	4.39345645904541	4.629659175872803	4.8408989906311035	5.03106164932251	5.2254557609558105	5.456613540649414	5.7331366539001465	6.02164888381958	6.263373851776123	6.415160179138184	6.482923984527588	6.520440101623535	6.593625545501709	6.735373497009277
70	std	8.948799133300781	8.9187593460083	8.95263671875	9.044681549072266	9.151552200317383	9.222668647766113	9.22694206237793	9.157265663146973	9.028730392456055	8.890769958496094	8.804597854614258	8.757147789001465	8.610588073730469	8.184088706970215	7.407693386077881	6.435720443725586	5.659515857696533	5.4583587646484375	5.700623989105225	5.87359619140625	5.731439113616943	5.526970863342285	5.712548732757568	6.386479377746582	7.2524495124816895	7.995482921600342	8.448613166809082	8.630911827087402	8.722076416015625	8.904746055603027	9.198281288146973	9.486062049865723	9.651577949523926	9.652790069580078	9.541529655456543	9.435729026794434	9.420730590820312	9.476222038269043	9.526527404785156	9.520208358764648	9.433052062988281	9.244751930236816	8.967686653137207	8.679398536682129	8.459439277648926	8.289775848388672	8.085261344909668	7.823915958404541	7.584297180175781	7.430420398712158	7.30912971496582	7.136570930480957	6.9471435546875	6.853764533996582	6.8724775314331055	6.909031391143799	6.906924247741699	6.897457122802734	6.934948444366455	7.05045747756958	7.235762596130371	7.446140766143799	7.6579508781433105	7.908269882202148
71	mean	-12.134403228759766	-13.28538703918457	-14.35376262664795	-15.278491973876953	-16.025312423706055	-16.63751220703125	-17.252105712890625	-18.045133590698242	-19.117799758911133	-20.394956588745117	-21.6297607421875	-22.555095672607422	-23.109867095947266	-23.580982208251953	-24.51706886291504	-26.406469345092773	-29.290815353393555	-32.57738494873047	-35.222110748291016	-36.22256851196289	-35.14408874511719	-32.35869216918945	-28.845516204833984	-25.67639923095703	-23.49869155883789	-22.30997085571289	-21.616262435913086	-20.823158264160156	-19.58964729309082	-17.943843841552734	-16.15018653869629	-14.474518775939941	-13.016725540161133	-11.693459510803223	-10.34178638458252	-8.849567413330078	-7.2244133949279785	-5.569814682006836	-4.002878189086914	-2.5777089595794678	-1.2603219747543335	0.040534693747758865	1.4141737222671509	2.896883010864258	4.45419454574585	6.0002031326293945	7.438631057739258	8.703653335571289	9.782876968383789	10.714842796325684	11.564862251281738	12.39291763305664	13.230637550354004	14.07674503326416	14.90693473815918	15.687314987182617	16.385005950927734	16.97528076171875	17.445268630981445	17.79355239868164	18.02785873413086	18.16175651550293	18.209087371826172	18.176433563232422
71	std	11.22475528717041	10.745991706848145	10.54318904876709	10.665793418884277	10.911600112915039	11.078537940979004	11.122736930847168	11.066686630249023	10.926908493041992	10.742350578308105	10.557732582092285	10.383820533752441	10.222219467163086	10.065759658813477	9.863826751708984	9.611100196838379	9.462292671203613	9.568220138549805	9.80937385559082	9.91795825958252	9.800105094909668	9.631546020507812	9.691839218139648	10.078824996948242	10.619660377502441	11.10141372680664	11.450336456298828	11.683114051818848	11.847314834594727	12.02772045135498	12.26643180847168	12.48386001586914	12.59331226348877	12.62640380859375	12.657723426818848	12.688726425170898	12.672808647155762	12.580948829650879	12.409645080566406	12.185550689697266	11.9750394821167	11.842462539672852	11.773847579956055	11.660295486450195	11.402839660644531	11.055887222290039	10.803960800170898	10.708054542541504	10.5558500289917	10.093127250671387	9.339117050170898	8.616534233093262	8.233414649963379	8.152074813842773	8.118216514587402	7.983129024505615	7.792529106140137	7.716619968414307	7.880210876464844	8.201698303222656	8.514581680297852	8.782337188720703	9.055137634277344	9.360014915466309
