unit_id	trial	spike_time
1	1	-5.993543749966193
1	1	-5.940012499981094
1	1	-5.402481249941047
1	1	-4.690482249949127
1	1	-4.0677634999738075
1	1	-3.592263499973342
1	1	-3.574388499953784
1	1	-3.507794749981258
1	1	-3.339700999960769
1	1	-3.3149822499835864
1	1	-3.281200999976136
1	1	-3.2685134999337606
1	1	-3.2645447499817237
1	1	-3.232888499973342
1	1	-3.1960447499295697
1	1	-3.1459197499789298
1	1	-3.120138499944005
1	1	-3.085075999959372
1	1	-3.080888499971479
1	1	-3.0752634999807924
1	1	-3.051669749955181
1	1	-3.0316072499845177
1	1	-3.0015759999514557
1	1	-2.949919749982655
1	1	-2.938388499955181
1	1	-2.9169509999337606
1	1	-2.8962009999668226
1	1	-2.8477947499486618
1	1	-2.8221384999342263
1	1	-2.7926697499351576
1	1	-2.7857634999672882
1	1	-2.7372009999817237
1	1	-2.6311697499477305
1	1	-2.496388499974273
1	1	-2.362702000013087
1	1	-2.206764500006102
1	1	-2.122577000001911
1	1	-2.0812957499874756
1	1	-2.07063949998701
1	1	-2.0593895000056364
1	1	-1.9865144999930635
1	1	1.8204220000188798
1	1	1.8592969999881461
1	1	1.9854845000081696
1	2	-4.6793887500534765
1	2	-4.6463887500576675
1	2	-4.643107500043698
1	2	-4.6212012500618584
1	2	-4.615982500021346
1	2	-1.6531085000024177
1	2	-1.6454210000229068
1	2	-1.5618272499996237
1	2	-1.5546085000387393
1	2	-1.550546000013128
1	2	-1.4881085000233725
1	2	-1.4718897500424646
1	2	-1.4466710000415333
1	2	-1.4381397500401363
1	2	-1.431514750001952
1	2	-1.3620460000238381
1	2	-1.343827250006143
1	2	-1.3141085000243038
1	2	-1.29376475000754
1	2	-1.2790147500345483
1	2	1.8623269999516197
1	3	-5.762605750060175
1	3	-4.237200500036124
1	3	-4.136606750020292
1	3	-4.127044250024483
1	3	-4.1228255000314675
1	3	-4.06488800002262
1	3	-4.0148880000342615
1	3	-3.971263000043109
1	3	-3.966825500014238
1	3	-0.12785874999826774
1	3	0.5780474999919534
1	3	1.7298912499682046
1	4	-5.014232749992516
1	4	-4.980857749993447
1	4	-4.957732749986462
1	4	-4.901357750000898
1	4	-4.852076499955729
1	4	-4.8351077499683015
1	4	-4.7980139999999665
1	4	-4.763295250013471
1	4	-4.675295249966439
1	4	-3.299107750004623
1	4	-3.156014000007417
1	4	-3.0340452499804087
1	4	-2.63795249996474
1	4	-2.6245149999740534
1	4	-2.464608749956824
1	4	-1.897014999995008
1	4	-1.8877337499870919
1	4	-1.8802962499903515
1	4	-1.7305774999549612
1	4	-0.8074212499777786
1	4	-0.4177024999517016
1	5	-4.896263500035275
1	5	-4.8726072500576265
1	5	-4.869013500050642
1	5	-4.263263500062749
1	5	-4.152451000059955
1	5	-4.136169750068802
1	5	-3.952607250015717
1	5	-2.9346697500441223
1	5	-2.6978572500520386
1	5	-2.6927010000217706
1	5	-2.6195770000340417
1	5	-2.6043582500424236
1	5	-2.0453582500340417
1	5	-2.005608250037767
1	5	-1.5642645000480115
1	5	-1.4556395000545308
1	5	-0.3811707500135526
1	5	-0.37651450000703335
1	5	-0.26488950004568323
1	5	1.271703250007704
1	6	-5.2336689999792725
1	6	-4.035326250013895
1	6	-3.909357500029728
1	6	-3.905232499993872
1	6	-3.7219200000399724
1	6	-3.718170000007376
1	6	-3.7062012500246055
1	6	-2.9881387500208803
1	6	-2.631295000028331
1	6	-2.583295000018552
1	6	-2.5794512500287965
1	6	-2.554201250022743
1	6	-2.4393585000070743
1	6	-2.379389750014525
1	6	-2.366546000004746
1	6	-2.362108499975875
1	6	-2.3234209999791346
1	6	-2.307545999996364
1	6	-2.0881397500052117
1	6	-2.057420999975875
1	6	1.3379842499853112
1	8	-5.899793749966193
1	8	-5.507731249963399
1	8	-5.427887499972712
1	8	-5.15669999999227
1	8	-4.032950999971945
1	8	-3.9810759999672882
1	8	-3.7032322499435395
1	8	-0.20092074997955933
1	9	-4.578169250045903
1	9	-4.110388999979477
1	9	-4.055795249994844
1	9	-3.732295249996241
1	9	-3.712045249994844
1	9	-3.145732750010211
1	9	-3.128764000022784
1	9	-3.1242015000316314
1	9	-2.7487952500232495
1	9	-2.7426077499985695
1	9	-2.6993577500106767
1	9	-2.6821389999822713
1	9	-2.649232750001829
1	9	-2.6396077499957755
1	9	-2.5820452499901876
1	9	-2.567513999994844
1	9	-2.5624202500330284
1	9	-2.5495452500181273
1	9	-2.0770764999906532
1	9	-2.0500764999887906
1	9	-2.0297649999847636
1	9	-2.016046250006184
1	9	-1.9978587499936111
1	9	-1.9700462499749847
1	9	-1.9595775000052527
1	9	-0.304390000004787
1	9	1.9952652499778196
1	10	-3.1041387500590645
1	10	-2.841013750061393
1	11	-4.777231750020292
1	11	-4.634075500012841
1	11	-2.53748275001999
1	11	-1.4412649999721907
1	11	-0.40642125002341345
1	11	-0.16170250001596287
1	11	-0.09770250000292435
1	11	-0.09389000001829118
1	12	-5.9250752499792725
1	12	-5.877106499974616
1	12	-5.855231499997899
1	12	-5.828012750018388
1	12	-5.819106500013731
1	12	-5.807419000018854
1	12	-5.7780752499820665
1	12	-5.758387750014663
1	12	-5.714387750020251
1	12	-5.689356499991845
1	12	-5.667356499994639
1	12	-5.60057524999138
1	12	-5.548731499991845
1	12	-5.387106499983929
1	12	-5.309200250019785
1	12	-5.287856500013731
1	12	-5.173481500009075
1	12	-4.239857500011567
1	12	-4.234982499969192
1	12	-4.2156387499999255
1	12	-3.074670000001788
1	12	-3.070013749995269
1	12	-2.9892949999775738
1	12	-2.772326249978505
1	12	-2.016483499959577
1	12	-1.9608584999805316
1	12	-1.9561084999586456
1	12	-1.8882959999609739
1	12	-1.8826084999600425
1	12	-1.8618584999931045
1	12	-1.8277022499823943
1	12	-1.8233897499740124
1	12	-1.699077249970287
1	12	-1.6115147499949671
1	12	-0.12688974995398894
1	12	-0.04064074996858835
1	12	-0.011890749970916659
1	12	0.0479842500644736
1	12	0.08695300004910678
1	12	0.09167175006587058
1	12	0.11235925002256408
1	12	0.1168905000668019
1	12	0.1637655000668019
1	12	0.19401550001930445
1	12	0.24529675004305318
1	12	0.28285925003001466
1	12	1.643703000037931
1	13	-5.811512749933172
1	13	-4.804231499962043
1	13	-4.791387749952264
1	13	-4.516951249970589
1	13	-4.45495124993613
1	13	-4.087263749970589
1	13	-3.9410137499216944
1	13	-3.84295124997152
1	13	-3.8002324999542907
1	13	-3.766232499969192
1	13	-3.760576249973383
1	13	-3.4485137499286793
1	13	-3.435107499943115
1	13	-3.4308574999449775
1	13	-3.392294999968726
1	13	-3.3807949999463744
1	13	-3.3489199999603443
1	13	-3.3280762499198318
1	13	-3.268919999944046
1	13	-3.260482499958016
1	13	-3.2132324999547563
1	13	-3.175044999923557
1	13	-3.164482499938458
1	13	-3.134044999955222
1	13	-2.972044999944046
1	13	-2.9576074999640696
1	13	-2.95270124997478
1	13	-2.9062949999351986
1	13	-2.8901387499645352
1	13	-2.8536387499189004
1	13	-2.804169999959413
1	13	-2.757294999959413
1	13	-2.7304824999300763
1	13	-2.683576249924954
1	13	-2.579669999948237
1	13	-2.557669999951031
1	13	-2.5291387499310076
1	13	-2.4897637499379925
1	13	-2.4775449999724515
1	13	-2.451763749937527
1	13	-2.4175137499696575
1	13	-2.3848887499189004
1	13	-2.37582624994684
1	13	-2.349919999949634
1	13	-2.2559199999668635
1	13	-2.2436699999379925
1	13	-2.088889750011731
1	14	-4.791763499961235
1	14	-4.761700999981258
1	14	-4.758169749984518
1	14	-2.6443259999505244
1	14	-2.608325999986846
1	14	-2.590825999970548
1	14	-1.3013270000228658
1	14	-0.4220457500196062
1	14	-0.41429575002985075
1	14	-0.4100145000265911
1	15	-5.111513000039849
1	15	-4.007919250056148
1	15	-3.9029505000216886
1	15	-3.394888000038918
1	15	1.8751714999671094
1	15	1.9787652499508113
1	16	-5.459201249992475
1	16	-5.430388749984559
1	16	-4.640826250019018
1	16	-4.600451249978505
1	16	-4.594763749977574
1	16	-1.1255147499614395
1	16	-1.0625460000010207
1	16	1.7517967500025406
1	16	1.7610467500053346
1	16	1.8732655000058003
1	16	1.922920749988407
1	17	1.3916092500439845
1	17	1.4798592500155792
1	17	1.5141092500416562
1	17	1.5838280000025406
1	18	-2.716608500049915
1	18	-2.593014750047587
1	18	-2.4242022500257008
1	18	-2.240827250003349
1	18	-2.1987335000303574
1	19	-4.636387999984436
1	19	-4.50854424998397
1	19	-4.492513000033796
1	19	-1.2422952500055544
1	19	-1.119671249995008
1	19	-1.0806400000001304
1	19	-1.0594212499563582
1	19	-1.055483749951236
1	19	-1.0352337500080466
1	19	-1.0304524999810383
1	20	-5.962450249993708
1	20	-5.027293999970425
1	20	-5.022231500013731
1	20	-4.7668877500109375
1	20	-4.717668999976013
1	20	-4.69495024997741
1	20	-4.691262750013266
1	20	-4.567825249978341
1	20	-3.789326250029262
1	20	1.7079842499806546
1	20	1.8164530000067316
1	20	1.8213592499960214
1	20	1.8947342499741353
1	20	1.9441717499867082
1	25	-4.195514000020921
1	25	-3.0704202500055544
1	25	-2.5470140000106767
1	25	-1.5393274999805726
1	25	-0.4454525000182912
1	26	-5.734981250076089
1	26	-4.402482250065077
1	26	-3.987576000043191
1	26	-3.9181385000701994
1	26	-0.6059520000126213
1	27	-3.813857499975711
1	27	-2.4897334999986924
1	28	-4.1215447499998845
1	28	-3.6137957500177436
1	28	-2.925327000033576
1	28	-0.9606717500137165
1	29	-4.3227009999682195
1	29	-0.05567174998577684
1	29	0.029390749987214804
1	30	1.7861404999857768
1	31	-0.6552967499592341
1	32	-4.148481999989599
1	32	-4.093700749974232
1	33	-4.8795137500273995
1	34	-3.1589204999618232
2	1	-5.76416874997085
2	1	-5.38979374995688
2	1	-5.35554374998901
2	1	-4.837200999958441
2	1	-4.395732249948196
2	1	-3.7486384999356233
2	1	-2.8047634999384172
2	1	-2.298951999982819
2	1	-1.4457019999972545
2	1	-1.3679832500056364
2	1	-0.38763950002612546
2	1	-0.2097020000219345
2	1	0.306265750026796
2	2	-5.662638750043698
2	2	-3.3377950000576675
2	2	-3.100858500052709
2	2	-3.074108500033617
2	2	-2.8467647500219755
2	2	-0.4836720000603236
2	2	1.0912029999308288
2	2	1.1466092499322258
2	3	-5.388044250023086
2	3	-4.0672942500095814
2	3	-3.887231750006322
2	3	-3.315325500036124
2	3	-2.6618577500339597
2	3	-2.590607749996707
2	3	-2.5410140000167303
2	3	-1.0727015000302345
2	3	0.9481412500026636
2	3	1.5267037500161678
2	4	-5.867794250021689
2	4	-5.480325500015169
2	4	-4.015951499983203
2	4	-2.150889999989886
2	4	-1.5989524999749847
2	4	-1.2334837499656714
2	4	-1.0671712499461137
2	4	-0.35651499999221414
2	5	-5.753637500049081
2	5	-5.4421375000383705
2	5	-5.182106250082143
2	5	-4.084419750026427
2	5	-3.825982250040397
2	5	-3.6682010000222363
2	5	-3.467919750022702
2	5	-3.1356697500450537
2	5	-2.9656072500511073
2	5	-2.3598582500126213
2	5	-1.5543895000009798
2	5	-1.520202000043355
2	5	-0.6412645000382327
2	5	0.9153594999806955
2	5	0.9213907499797642
2	5	1.1504219999769703
2	6	-2.9695762500050478
2	6	-1.3730147500173189
2	6	-0.6217647499870509
2	6	-0.5387647500028834
2	6	1.0256717500160448
2	6	1.052734250028152
2	6	1.0799842500127852
2	6	1.3221092500025406
2	6	1.663859250023961
2	7	-5.975137999979779
2	7	-4.446045250049792
2	7	-0.21351500001037493
2	7	-0.20695250004064292
2	7	0.15454749995842576
2	7	0.27135999995516613
2	7	0.8795464999857359
2	7	1.4897340000024997
2	8	-5.998606249981094
2	8	-5.9112312499783
2	8	-5.793481249944307
2	8	-5.390074999944773
2	8	-5.3291999999783
2	8	-5.204606249986682
2	8	-5.129574999969918
2	8	-5.072262499947101
2	8	-5.065762499987613
2	8	-4.407231249962933
2	8	-3.9796697499696165
2	8	-3.740169749944471
2	8	-2.5052947499789298
2	8	-0.6442957500112243
2	8	0.15248549997340888
2	8	0.3008917499682866
2	9	-5.7938567500095814
2	9	-5.6283567500067875
2	9	-5.616794250032399
2	9	-5.6010130000067875
2	9	-5.525856750027742
2	9	-5.2240755000384524
2	9	-5.1618880000314675
2	9	-4.481670250010211
2	9	-4.306482749991119
2	9	-3.9590140000218526
2	9	-3.412795250013005
2	9	-2.7369515000027604
2	9	-2.1237952500232495
2	9	-1.2862650000024587
2	9	0.5057652499526739
2	9	1.1677652499638498
2	9	1.1727339999633841
2	9	1.2977964999736287
2	10	-5.757669000071473
2	10	-5.436919000057969
2	10	-5.269137750030495
2	10	-4.538450250052847
2	10	-3.518451250041835
2	10	-2.825513750023674
2	10	-2.5186700000194833
2	10	-2.18220125004882
2	10	-1.9947637500590645
2	10	-1.8563272500177845
2	10	-1.4667335000121966
2	10	-1.2570460000424646
2	10	0.3760477500036359
2	10	1.0175467499066144
2	10	1.1239529999438673
2	10	1.9546404999564402
2	11	-5.515263000037521
2	11	-4.550075500039384
2	11	-4.4187317500473
2	11	-4.2753567500039935
2	11	-4.268731750024017
2	11	-4.261981750023551
2	11	-4.244450500002131
2	11	-4.233544250018895
2	11	-4.218888000003062
2	11	-4.170669250015635
2	11	-4.095637999998871
2	11	-4.011356750037521
2	11	-3.901076500013005
2	11	-3.0622952500125393
2	11	-2.5862639999832027
2	11	-2.266545250022318
2	11	-2.1741390000097454
2	11	-0.4595149999950081
2	11	0.4684537500143051
2	11	0.49954749998869374
2	11	0.6932662500184961
2	11	0.8263287500012666
2	11	0.832328749995213
2	11	1.5248589999973774
2	11	1.6289214999997057
2	11	1.9521090000052936
2	12	-5.828950249997433
2	12	-4.427419999963604
2	12	-2.934763750003185
2	12	-2.558045999961905
2	12	-2.1977959999931045
2	12	-2.118358499952592
2	12	-0.6877959999837913
2	12	-0.20082724996609613
2	12	1.5530155000160448
2	12	1.9800155000411905
2	13	-5.95538774994202
2	13	-5.4255752499448135
2	13	-4.131201249954756
2	13	-3.9485137499286793
2	13	-3.7669199999654666
2	13	-2.0886397499707527
2	13	-1.0634522499749437
2	13	-0.8372959999833256
2	13	-0.6605772500042804
2	13	-0.6404522499651648
2	13	-0.6279210000066087
2	13	-0.6233585000154562
2	13	-0.5762959999847226
2	13	0.09720399999059737
2	13	0.10645399999339134
2	13	0.15607899997849017
2	13	0.7852030000067316
2	13	1.2213592500193045
2	13	1.2548592500388622
2	13	1.272203000029549
2	13	1.5191717499983497
2	13	1.6244217500207014
2	13	1.6584530000109226
2	13	1.7218904999899678
2	13	1.800265500030946
2	13	1.8088592500425875
2	13	1.9290780000155792
2	14	-5.890418750001118
2	14	-5.855762499966659
2	14	-5.6456374999834225
2	14	-5.595668750000186
2	14	-5.530793749960139
2	14	-5.315981249965262
2	14	-4.801075999974273
2	14	-4.541044749959838
2	14	-4.383232249936555
2	14	-2.9275759999873117
2	14	-2.898200999945402
2	14	-2.881825999938883
2	14	-2.870763499988243
2	14	-2.864263499970548
2	14	-2.8564197499654256
2	14	-2.8033572499407455
2	14	-2.0475769999902695
2	14	-1.9700145000242628
2	14	-1.9508270000224002
2	14	1.173453250026796
2	14	1.2939532499876805
2	14	1.3110157499904744
2	14	1.3160782500053756
2	14	1.6272032500128262
2	15	-5.551700500014704
2	15	-5.268263000063598
2	15	-5.123075500014238
2	15	-4.9936067500384524
2	15	-4.864325500035193
2	15	-3.838419250037987
2	15	-3.804294250032399
2	15	-3.617138000030536
2	15	-2.7331702500232495
2	15	-2.635013999999501
2	15	0.9160787499276921
2	15	1.7971724999370053
2	15	1.9909839999163523
2	16	-5.803481500013731
2	16	-5.792044000001624
2	16	-5.640606500033755
2	16	-5.4983262500027195
2	16	-4.820232500031125
2	16	-4.421638750005513
2	16	-3.7984825000166893
2	16	1.1185779999941587
2	16	1.9810144999646582
2	17	-4.475045000028331
2	17	-3.13076374999946
2	17	-2.3799522499903105
2	17	-2.3524834999698214
2	17	-2.345358499966096
2	17	-2.336421000014525
2	17	-1.8503272499656305
2	17	-0.7478272499865852
2	17	-0.12667199998395517
2	17	1.081703000003472
2	18	-5.9075762500287965
2	18	-5.238732500059996
2	18	-5.02495125005953
2	18	-4.717232500028331
2	18	-4.656295000051614
2	18	-4.538170000014361
2	18	-3.999951250036247
2	18	-3.634795000019949
2	18	-2.3616397500154562
2	18	-1.7234210000024177
2	18	-1.2847022500354797
2	18	-1.0678897500038147
2	18	1.0361092499806546
2	18	1.15323424997041
2	18	1.6263269999762997
2	19	-3.739638000028208
2	19	-2.5416702500078827
2	19	-2.5019515000167303
2	19	0.17820374999428168
2	19	1.1569850000087172
2	19	1.2987037500133738
2	19	1.7079840000369586
2	20	-5.30660650000209
2	20	-4.828700250014663
2	20	-3.4268262500409037
2	20	-3.0477950000204146
2	20	-2.7520762500353158
2	20	-2.0067012500367127
2	20	-1.6337960000382736
2	20	-1.1822022500564344
3	1	-5.996293749951292
3	1	-5.1131374999531545
3	1	-2.7418884999351576
3	1	-2.677700999949593
3	1	-1.3710769999888726
3	1	0.9411407500156201
3	1	1.0556407499825582
3	1	1.138703250035178
3	1	1.2520157499820925
3	2	-5.737387750064954
3	2	-5.338107500050683
3	2	-2.7107960000284947
3	2	-2.5643897500121966
3	2	-0.20179700007429346
3	2	0.2884842499042861
3	2	0.37729674990987405
3	2	0.5736717499094084
3	2	0.6944842499215156
3	2	1.0161092499038205
3	2	1.4334529999177903
3	3	-5.837887000059709
3	3	-4.008544250042178
3	3	-2.844232750008814
3	3	-2.3892015000456013
3	3	-2.2421390000381507
3	3	-2.046232749999035
3	3	-0.2679525000276044
3	3	0.5318287499831058
3	4	-5.81751299998723
3	4	-5.744794250000268
3	4	-3.6536702499724925
3	4	-3.469857749994844
3	4	-1.4706087499507703
3	4	1.1090152500546537
3	4	1.240609000029508
3	4	1.8293590000248514
3	4	1.8999840000178665
3	4	1.9050152500276454
3	4	1.9118277500383556
3	5	-3.6234197500161827
3	5	-2.3310145000577904
3	5	0.4335157499881461
3	5	1.293171999976039
3	6	-2.8044512500055134
3	7	-4.003201500046998
3	7	-3.433326500002295
3	7	0.5709839999908581
3	8	-5.892606249952223
3	8	-2.2409509999561124
3	8	-2.1317009999766015
3	8	-0.789701999980025
3	8	-0.773170750006102
3	9	-5.386325500032399
3	9	-5.310731750039849
3	9	-4.155170249985531
3	9	-2.172482750029303
3	9	-2.159482749993913
3	9	-1.549890000023879
3	9	-0.795140000001993
3	9	0.534671499975957
3	9	0.5434214999550022
3	9	0.6992652499466203
3	9	0.7236402499838732
3	9	0.7383589999517426
3	9	0.751265249971766
3	9	0.8071714999387041
3	10	-4.21698250004556
3	10	1.3972654999233782
3	11	-3.1617327500134706
3	11	-1.4158900000038557
3	11	-1.398140000004787
3	11	0.5560162499896251
3	11	0.6108600000152364
3	11	0.6544850000063889
3	11	0.8081412499886937
3	11	1.3978590000187978
3	11	1.4799840000341646
3	11	1.6066715000197291
3	11	1.830952749995049
3	11	1.910421500040684
3	12	-5.479294000018854
3	12	-5.404044000024442
3	12	-4.816545000008773
3	12	-4.545669999963138
3	12	-3.614419999998063
3	12	-3.044545000011567
3	12	-2.748982499993872
3	12	-0.19860849995166063
3	12	0.6066405000165105
3	12	0.8953905000234954
3	12	1.1984217500430532
3	12	1.3124217500444502
3	12	1.3471092500258237
3	12	1.4121405000332743
3	12	1.456515500030946
3	12	1.4751092500519007
3	12	1.5180467500467785
3	12	1.5437655000132509
3	12	1.7091717500588857
3	12	1.8539842500467785
3	12	1.922390500025358
3	13	-5.975450249970891
3	13	-5.425325249962043
3	13	-4.409794999926817
3	13	-3.60338874993613
3	13	-2.8397949999198318
3	13	-2.824294999940321
3	13	-2.537732499942649
3	13	-2.5152637499268167
3	13	-2.363357499940321
3	13	-2.3581074999528937
3	13	-2.081389750004746
3	13	-1.0964209999656305
3	13	-0.7117022500024177
3	13	-0.7099522500066087
3	13	0.23111024999525398
3	13	0.703328000032343
3	13	1.2226717500016093
3	14	-1.0133270000224002
3	14	-0.45885825000004843
3	14	-0.2928582500317134
3	14	0.08011049998458475
3	14	0.09214174997759983
3	14	0.10254799999529496
3	14	0.47476574999745935
3	14	0.48914075002539903
3	14	0.6881719999946654
3	14	0.704703250026796
3	14	0.719609500025399
3	14	1.0077969999983907
3	14	1.038359500002116
3	14	1.059640749997925
3	14	1.078265750024002
3	14	1.2812032499932684
3	15	-5.871699500072282
3	15	-5.288356750039384
3	15	-4.890513000020292
3	15	-4.663981750025414
3	15	-4.012044250033796
3	15	-3.8812630000174977
3	15	-3.6605442500440404
3	15	-2.0298265000456013
3	15	-1.9877640000195242
3	15	-1.3876702500274405
3	15	-0.6596712500904687
3	15	-0.43498375004855916
3	15	-0.17767125007230788
3	15	-0.1554525000974536
3	15	0.9870474999188446
3	15	1.0967349999118596
3	15	1.7487349999137223
3	16	-5.4649199999985285
3	16	-5.21079500002088
3	16	-4.080013750004582
3	16	-3.9546074999962
3	16	-3.914326250029262
3	16	-3.8982012500055134
3	16	-3.8898574999766424
3	16	-3.1942637499887496
3	16	-2.684264749987051
3	16	-2.6596709999721497
3	16	-0.8010772499837913
3	16	-0.36998449999373406
3	16	-0.3466719999560155
3	16	-0.3403907499741763
3	16	-0.3341720000025816
3	16	-0.3236094999592751
3	16	-0.3083282499574125
3	16	0.3182342500076629
3	16	0.5342967500328086
3	16	0.6944217500276864
3	16	0.8258592500351369
3	16	0.854421750002075
3	16	1.0505467500188388
3	16	1.0715155000216328
3	16	1.1547655000467785
3	16	1.5341405000071973
3	16	1.5406092500197701
3	16	1.5469530000118539
3	16	1.558390500023961
3	16	1.8589530000463128
3	16	1.8765155000146478
3	16	1.9262332499492913
3	16	1.9312957499641925
3	17	-5.639575250039343
3	17	-5.259701250004582
3	17	-5.129357500001788
3	17	-3.7924200000124983
3	17	-2.1180460000177845
3	17	-1.3368584999698214
3	17	-0.46123449999140576
3	17	-0.15039074997184798
3	17	0.24020300002302974
3	17	0.2431717500439845
3	17	0.24495300004491583
3	17	0.588609250029549
3	17	1.7714217500179075
3	17	1.788953000039328
3	18	-5.33745125005953
3	18	-3.708607500011567
3	18	-2.4837960000149906
3	18	-2.360296000028029
3	18	-2.3352647499996237
3	18	-2.165108500048518
3	18	0.24442175001604483
3	18	0.6667967499815859
3	18	0.7966717499657534
3	18	1.0359217500081286
3	18	1.1699529999750666
3	18	1.2410779999918304
3	18	1.4090154999867082
3	18	1.466671750007663
3	19	-3.8754817500011995
3	19	-3.603670249984134
3	19	-3.530389000021387
3	19	-3.5213890000013635
3	19	-3.369826500013005
3	19	-2.1465140000218526
3	19	-2.1132014999748208
3	19	-0.03398374997777864
3	19	0.4626100000459701
3	19	0.6315787500352599
3	19	0.7045162499998696
3	19	0.7768287500366569
3	19	0.80570374999661
3	19	0.8854225000250153
3	19	0.9408600000315346
3	19	0.9510162500082515
3	19	1.012141250015702
3	19	1.5135465000057593
3	20	-0.07954600005177781
3	20	0.20989149995148182
3	20	0.386828999966383
3	20	0.4126102499430999
3	20	0.5778914999682456
3	20	0.6667352499789558
3	20	0.6999852499575354
3	20	0.9704529999871738
3	20	0.9936405000044033
3	20	1.2758279999834485
3	20	1.4785467499750666
3	20	1.5729842499713413
3	20	1.6519217499881051
3	20	1.692827999999281
3	20	1.755827999964822
3	20	1.8150155000039376
3	25	-3.0665452500106767
3	25	-3.00004524999531
3	25	-2.250076500000432
3	25	-1.3050462499959394
3	25	0.8931089999969117
3	25	1.487609000003431
3	25	1.8824214999913238
3	25	1.91351525002392
3	26	-5.867762500070967
3	26	0.12420324998674914
3	27	1.6431405000039376
3	28	-5.796232249995228
3	28	-5.734607249964029
3	28	-2.6402020000386983
3	28	-2.5171707500121556
3	32	-0.031577750050928444
4	1	-4.381794749933761
4	1	-4.329638499941211
4	1	-4.0226384999696165
4	1	0.3049219999811612
4	1	0.4037032499909401
4	1	0.45282825001049787
4	1	0.5002344999811612
4	1	0.5728595000109635
4	1	0.5932345000328496
4	1	0.636328249995131
4	1	0.7377970000379719
4	1	0.7861719999928027
4	1	0.8454219999839552
4	1	1.3244532499811612
4	1	1.7828595000319183
4	1	1.9171407499816269
4	2	-4.38657625002088
4	2	-4.331232500029728
4	2	-4.072982500016224
4	2	-4.039138750056736
4	2	-3.99860750004882
4	2	-0.47445325006265193
4	2	-0.35473450005520135
4	2	-0.2806720000808127
4	2	-0.25929700006963685
4	2	-0.24285950005287305
4	2	-0.20170325005892664
4	2	-0.18592200009152293
4	2	0.1242654999368824
4	2	0.14429674990242347
4	2	0.4025154999108054
4	2	0.4477967499406077
4	2	0.5609217499149963
4	2	0.7416092499042861
4	2	0.8640154999447986
4	2	0.8976092499215156
4	3	-4.258356750011444
4	3	-4.197481750044972
4	3	-1.8495140000013635
4	3	-1.7125140000134706
4	3	-1.1367952500004321
4	3	-1.1235765000456013
4	3	0.4782349999877624
4	3	0.5348912500194274
4	3	0.7954850000096485
4	4	-4.140232749981806
4	4	-4.09213899995666
4	4	-4.061295249965042
4	4	-3.350295250013005
4	4	-1.9798587499535643
4	4	-0.706202499975916
4	4	-0.6831087499740534
4	4	0.40754650003509596
4	4	0.477140250033699
4	4	0.5826402500388213
4	4	0.6647965000593103
4	4	0.6816090000211261
4	4	0.7185465000220574
4	4	0.7383902500150725
4	5	-5.752075000025798
4	5	-4.922388500068337
4	5	-4.743513500026893
4	5	-4.502732250024565
4	5	-4.336263500037603
4	5	-2.4414832500042394
4	5	-2.409608250018209
4	5	-2.3399520000093617
4	5	0.1319532499765046
4	5	0.14545324997743592
4	5	0.17382824997184798
4	5	0.4328594999969937
4	5	0.4591720000025816
4	5	0.47085949999745935
4	5	0.5237970000016503
4	5	0.5746407500118949
4	5	0.6667657499783672
4	5	0.7952657499699853
4	6	-5.826793999993242
4	6	-5.064106499950867
4	6	-4.613607500039507
4	6	-4.154607500007842
4	6	-3.3158575000124983
4	6	-2.1996710000094026
4	6	-1.2085147500038147
4	6	-1.1805460000177845
4	6	-0.875077250006143
4	6	-0.20898350002244115
4	6	-0.11226475000148639
4	6	0.5017029999871738
4	6	0.671359250030946
4	6	0.7156405000132509
4	6	0.7610467500053346
4	6	0.883203000004869
4	6	0.899140499997884
4	6	1.057546750002075
4	7	-4.460576500045136
4	7	-4.3967327500577085
4	7	-4.340451500029303
4	7	-4.270420250017196
4	7	-4.17445150000276
4	7	-4.090889000042807
4	7	-4.079264000058174
4	7	-4.062764000031166
4	7	-3.884639000054449
4	7	-3.477451500017196
4	7	-3.1386702500167303
4	7	-3.0249827500083484
4	7	-2.917326500057243
4	7	-2.7259515000041574
4	7	-2.606607750058174
4	7	-2.390514000027906
4	7	-2.375295250036288
4	7	-2.363857750024181
4	7	-2.3053265000344254
4	7	-2.0995452500064857
4	7	-1.9877650000271387
4	7	-1.438452500035055
4	7	-0.584015000029467
4	7	-0.19313999998848885
4	7	-0.1413274999940768
4	7	0.29779749998124316
4	7	0.6303902500076219
4	7	0.9047027499764226
4	8	-4.4351999999489635
4	8	-4.417231249972247
4	8	-4.40151249995688
4	8	-4.14263849996496
4	8	-3.6121697499766015
4	8	-3.5502947499626316
4	8	-3.4512009999598376
4	8	-3.184388499939814
4	8	-3.07132599997567
4	8	-1.8975447499542497
4	8	-1.7195770000107586
4	8	-1.6131707500317134
4	8	-0.9867332500289194
4	8	0.031829249986913055
4	8	0.4155792499659583
4	8	0.4316417499794625
4	8	0.45523550000507385
4	8	0.6907657500123605
4	8	0.707172000024002
4	8	0.7172032499802299
4	8	1.1573595000081696
4	8	1.2902657500235364
4	8	1.4879220000002533
4	8	1.8682032499928027
4	9	-4.649075500026811
4	9	-4.506045249989256
4	9	-3.4731077500036918
4	9	-3.4415140000055544
4	9	-3.1737327500013635
4	9	-2.9736390000325628
4	9	-2.941295250027906
4	9	-2.9201389999943785
4	9	-2.717889000021387
4	9	-1.87951499997871
4	9	-1.8508274999912828
4	9	-1.7257649999810383
4	9	-1.7083899999852292
4	9	-1.5112337499740534
4	9	0.5146402499522083
4	9	0.6687339999480173
4	9	0.8668277499382384
4	9	1.0327652499545366
4	9	1.1810152499820106
4	9	1.2612027499708347
4	9	1.435452749952674
4	10	-5.483325250039343
4	10	-5.431981500063557
4	10	-4.473137750057504
4	10	-4.46513775002677
4	10	-4.327545000007376
4	10	-4.21923250000691
4	10	-4.13923250004882
4	10	-4.11376375000691
4	10	-4.0622012500534765
4	10	-4.054701250046492
4	10	-3.776763750007376
4	10	-3.5238575000548735
4	10	-2.232701250060927
4	10	-1.7873272500000894
4	10	-1.667733500013128
4	10	-1.2580772500368766
4	10	-1.217608500039205
4	10	-1.2021397500066087
4	10	-1.0852647499996237
4	10	-0.9301710000145249
4	10	-0.5825460000196472
4	10	0.5992029999033548
4	10	0.7242029999033548
4	10	0.738827999914065
4	10	0.756609249918256
4	10	0.811609249911271
4	11	-4.332575500011444
4	11	-3.915576500003226
4	11	-3.476732750015799
4	11	-2.994295249984134
4	11	-2.891107750008814
4	11	-2.7799515000078827
4	11	-1.145858749980107
4	11	0.6464225000236183
4	11	0.7260162500315346
4	11	0.9801725000143051
4	11	1.005390250007622
4	11	1.6876090000150725
4	12	-5.432356500008609
4	12	-4.16982624999946
4	12	-4.005232499970589
4	12	-3.9804512499831617
4	12	-3.951607499970123
4	12	-3.53082624997478
4	12	-1.8916709999903105
4	12	-0.2769834999926388
4	12	0.4329217500635423
4	12	0.5368905000505038
4	12	0.5726092500262894
4	12	0.5956092500127852
4	12	1.1424530000658706
4	13	-5.70929399994202
4	13	-4.965637749934103
4	13	-4.527044999937061
4	13	-4.3884199999738485
4	13	-4.346107499965001
4	13	-4.308201249921694
4	13	-4.223701249924488
4	13	-4.156763749953825
4	13	-4.130669999925885
4	13	-4.122388749965467
4	13	-4.069826249964535
4	13	-3.826794999942649
4	13	-3.4910762499202974
4	13	-3.4566387499216944
4	13	-3.334576249937527
4	13	-3.083263749955222
4	13	-3.0640762499533594
4	13	-2.8349512499407865
4	13	-1.1901397500187159
4	13	-0.966545999981463
4	13	-0.7592960000038147
4	13	0.012985249981284142
4	13	0.03042274998733774
4	13	0.5679217500146478
4	13	0.6071092500351369
4	13	0.6217030000407249
4	13	0.634046750026755
4	13	0.6501092500402592
4	13	0.8264842500211671
4	13	0.9856405000318773
4	13	1.0617967500002123
4	13	1.074109250039328
4	13	1.1357030000071973
4	14	-5.244293749972712
4	14	-4.204200999985915
4	14	-4.100482249981724
4	14	-4.098763499991037
4	14	-4.079700999951456
4	14	-2.8259822499821894
4	14	-2.710482249967754
4	14	-1.7896707500331104
4	14	0.13532925001345575
4	14	1.0171407500165515
4	14	1.6756407499779016
4	15	-5.730418250022922
4	15	-5.01148175005801
4	15	-4.996950500062667
4	15	-4.449544250033796
4	15	-4.444325500051491
4	15	-4.161200500035193
4	15	-3.7390442500473
4	15	-3.2158255000249483
4	15	-2.562170250050258
4	15	-2.4064515000209212
4	15	-2.2369827500078827
4	15	-1.8328265000018291
4	15	-0.37751500005833805
4	15	-0.2739212500746362
4	15	0.2909849999123253
4	15	0.7913912499207072
4	15	1.487828749930486
4	15	1.4980474999174476
4	15	1.5641412499244325
4	15	1.5698912499356084
4	15	1.7649224999477156
4	15	1.797141249931883
4	15	1.8278287499560975
4	15	1.8317974999081343
4	16	-4.641201250022277
4	16	-4.10113874997478
4	16	-4.032013749994803
4	16	-3.9907949999906123
4	16	-1.328702249971684
4	16	-0.936327249975875
4	16	-0.9212022499996237
4	16	-0.6736709999968298
4	16	-0.4138907499727793
4	16	-0.3720469999825582
4	16	-0.3512657499522902
4	16	-0.348890749970451
4	16	-0.34251574997324497
4	16	-0.1735157499788329
4	16	-0.16704699996626005
4	16	0.6718905000016093
4	16	0.8325780000304803
4	16	0.9234217500197701
4	16	0.9588905000127852
4	16	1.2369842500193045
4	16	1.2476717500248924
4	16	1.4723592500085942
4	16	1.5364217500318773
4	16	1.818546750000678
4	16	1.8852030000416562
4	16	1.9088582499534823
4	17	-5.392888750007842
4	17	-4.2044512500287965
4	17	-4.141263750032522
4	17	-3.9336699999985285
4	17	-3.8529824999859557
4	17	-2.4460459999972954
4	17	-1.6257022499921732
4	17	-1.4867022499674931
4	17	-0.2232032499741763
4	17	-0.14160949998768046
4	17	0.24804675002815202
4	17	0.2687030000379309
4	17	0.7061405000276864
4	17	0.7486405000090599
4	17	0.7791092499974184
4	17	1.1349842500058003
4	17	1.2965780000085942
4	17	1.3669530000188388
4	17	1.4253280000411905
4	17	1.4385467499960214
4	18	-5.662107500014827
4	18	-4.61251375003485
4	18	-4.443826250033453
4	18	-4.234201250015758
4	18	-4.228388750052545
4	18	-4.073545000050217
4	18	-3.9482950000092387
4	18	-2.4260147500317544
4	18	-1.7932022500317544
4	18	-1.7069835000438616
4	18	-1.4115772499935701
4	18	0.4296092499862425
4	18	0.5231405000085942
4	18	0.6282655000104569
4	18	0.9901405000127852
4	18	1.5205467499908991
4	19	-5.076575500017498
4	19	-4.957575500011444
4	19	-4.842450500000268
4	19	-4.042950499977451
4	19	-2.806388999975752
4	19	-2.6715452499920502
4	19	-1.2062327499734238
4	19	-0.3073274999624118
4	19	-0.19401499995728955
4	19	-0.11520249996101484
4	19	0.4446412500110455
4	19	0.5809537500026636
4	19	0.6113287500338629
4	19	0.8228287500096485
4	19	1.0319850000087172
4	19	1.0426412500091828
4	19	1.1931099999928847
4	19	1.254735000024084
4	19	1.4724840000271797
4	19	1.500171500025317
4	19	1.6119840000174008
4	19	1.7688277500565164
4	19	1.8405152500490658
4	19	1.9031715000164695
4	19	1.9679527500411496
4	20	-5.857356499996968
4	20	-4.980231499997899
4	20	-4.9114190000109375
4	20	-4.327700249967165
4	20	-4.08417000004556
4	20	-3.744576250028331
4	20	-3.62423250003485
4	20	-0.9874210000270978
4	20	-0.9263272500247695
4	20	-0.22179600002709776
4	20	-0.15192100004060194
4	20	0.011703999945893884
4	20	0.12854774994775653
4	20	0.6434852499514818
4	20	0.8800155000062659
4	20	1.2879529999918304
4	20	1.306702999980189
4	20	1.3844529999769293
4	34	1.2783285000477917
5	1	-4.172357249946799
5	1	0.35407825000584126
5	1	0.5462970000226051
5	1	0.763297000026796
5	1	1.3060157499858178
5	2	-4.625357500044629
5	2	-4.296888750046492
5	2	-4.25679500005208
5	2	-0.2952032500761561
5	2	1.0248904999461956
5	3	-4.499356750049628
5	3	0.2853287499747239
5	4	0.5123902500490658
5	4	0.5273277500527911
5	4	0.5523277500178665
5	4	0.7007027500658296
5	5	0.017047000001184642
5	5	0.20304699998814613
5	5	0.4123595000128262
5	5	0.4953282499918714
5	5	0.7644532499834895
5	6	-3.2947325000423007
5	6	0.5811092500225641
5	6	0.5900155000272207
5	6	0.6353280000039376
5	6	0.6533279999857768
5	6	0.7953280000365339
5	7	-4.049982750031631
5	7	-4.024326500017196
5	7	-4.014389000018127
5	7	-3.294576500018593
5	7	-2.4266077500069514
5	7	-0.3990775000420399
5	7	-0.36885875003645197
5	7	-0.33329625002807006
5	7	0.6443902499740943
5	7	0.8726402500178665
5	7	1.3923277499852702
5	8	-1.6037332499981858
5	8	-0.37620200001401827
5	8	0.4896104999934323
5	8	0.6419532499858178
5	8	0.6689219999825582
5	8	0.8054845000151545
5	9	-3.224889000004623
5	9	0.49704649997875094
5	9	0.9307027499307878
5	9	1.4714839999796823
5	10	-5.5916377500398085
5	10	-3.372045000025537
5	10	-0.8864835000131279
5	10	0.2150477499817498
5	10	0.4283914999687113
5	10	0.8975154999061488
5	10	1.2404217499424703
5	11	-2.839170249993913
5	11	0.6680162500124425
5	11	1.398609000025317
5	12	-5.66045025002677
5	12	-1.2301710000028834
5	12	-0.30798349995166063
5	12	0.6085155000328086
5	12	0.6513592500123195
5	12	0.6708905000123195
5	12	0.7401405000127852
5	12	1.1265467500197701
5	13	-4.864918999955989
5	13	-4.60176374996081
5	13	-4.289451249933336
5	13	-1.0007334999972954
5	13	-0.42676474998006597
5	13	0.7174217500141822
5	14	-3.7312009999877773
5	14	0.8364844999741763
5	14	0.9757032499765046
5	14	1.0000470000086352
5	14	1.7271719999844208
5	15	-5.436700500024017
5	15	-0.2523900000960566
5	15	0.8477349999011494
5	15	1.0714224999537691
5	15	1.359203749918379
5	16	-0.7103897499619052
5	16	1.02989050000906
5	16	1.2000467500183731
5	16	1.3268592500244267
5	16	1.8485155000234954
5	17	-4.442544999998063
5	17	-3.0138897500000894
5	17	-0.0006407499895431101
5	17	0.2946717500453815
5	17	0.3079217500053346
5	17	1.4953905000002123
5	17	1.5128592500113882
5	18	-5.818232500052545
5	18	-5.80454500002088
5	18	0.5444217500044033
5	18	0.9762029999983497
5	18	1.4917654999881051
5	18	1.5498592499643564
5	19	-0.5252650000038557
5	19	-0.17210874997545034
5	19	-0.09451500000432134
5	19	0.6262350000324659
5	19	1.2193912499933504
5	19	1.5475465000490658
5	19	1.5682965000160038
5	20	0.832202999969013
5	20	1.1416404999908991
6	1	-5.629543749964796
6	1	-5.618168749962933
6	1	-5.59457499999553
6	1	-5.560418749984819
6	1	-5.537262499972712
6	1	-5.524793749966193
6	1	-5.235699999961071
6	1	-5.203606249997392
6	1	-5.196481249993667
6	1	-5.1759499999461696
6	1	-5.14332499995362
6	1	-5.109356249973644
6	1	-5.099168749991804
6	1	-4.814700999937486
6	1	-4.781013499945402
6	1	-4.764700999949127
6	1	-4.756013499980327
6	1	-2.878044749959372
6	1	-2.8180447499617003
6	1	-2.688669749943074
6	1	-2.6720134999486618
6	1	-2.664107249933295
6	1	-2.2183269999804907
6	1	-0.47292074997676536
6	1	0.12492199998814613
6	1	0.2587032500305213
6	2	-3.352763750066515
6	2	-3.170014750037808
6	2	-2.970983500010334
6	2	-2.6815460000070743
6	2	-2.074296000006143
6	2	-1.8043585000559688
6	2	-1.6368585000163876
6	2	-1.6099210000247695
6	2	-1.6022647500503808
6	2	-1.3912960000452586
6	2	-1.3542022500187159
6	2	-1.318046000029426
6	2	-1.132389750040602
6	2	-1.097546000033617
6	3	-5.15763800003333
6	3	-3.7113567500491627
6	3	-1.9252015000092797
6	3	-0.24376500002108514
6	3	-0.18629625003086403
6	3	0.2825162499793805
6	3	0.3309537500026636
6	3	1.2093287499737926
6	3	1.3866724999970756
6	3	1.7173912500147708
6	3	1.7412037500180304
6	3	1.749453749973327
6	4	-5.9769192499807104
6	4	-5.950825500010978
6	4	-5.045170249999501
6	4	-4.669451499998104
6	4	-2.5631399999838322
6	4	-2.552608749945648
6	4	-2.5325149999698624
6	4	-2.5130149999749847
6	4	-2.2592962499475107
6	4	-2.0694212499656714
6	4	-2.056514999945648
6	4	-2.035483749990817
6	4	-2.0195774999447167
6	4	-1.8723899999749847
6	4	-1.8561712499940768
6	4	-1.8387649999931455
6	4	-1.789139999949839
6	4	-1.7059212499880232
6	4	-1.576577499974519
6	4	-1.3358899999875575
6	5	-5.629793750063982
6	5	-4.9431072500301525
6	5	-4.822513500053901
6	5	-4.799732250045054
6	5	-4.790263500064611
6	5	-3.495076000050176
6	5	-3.352607250039
6	5	-2.6763895000331104
6	5	-2.6573895000037737
6	5	-1.3343895000289194
6	5	-0.6084207500098273
6	5	-0.5984520000056364
6	5	-0.43442075001075864
6	5	-0.3230145000270568
6	5	-0.18842075002612546
6	5	-0.05214049998903647
6	5	-0.04339050000999123
6	5	-0.03545299998950213
6	5	0.0035157499951310456
6	5	0.03385949996300042
6	5	0.0895157500053756
6	5	1.7845469999592751
6	6	-2.6593262500246055
6	6	-2.635638750041835
6	7	-5.968169250001665
6	7	-5.85066925000865
6	7	-3.735482750053052
6	7	-2.575670250051189
6	7	-2.5674827500479296
6	7	-2.3626702500041574
6	7	-1.9033899999922141
6	7	-1.0097337500192225
6	7	-0.8848275000345893
6	7	-0.6884212500299327
6	7	-0.6222650000127032
6	7	1.4166715000174008
6	7	1.5881715000141412
6	7	1.606421499978751
6	7	1.6170777499792166
6	7	1.6236715000122786
6	7	1.9255777500220574
6	7	1.9398277499713004
6	7	1.9485152499983087
6	8	-5.812637499999255
6	8	-5.346481249958742
6	8	-5.299887499946635
6	8	-5.117137499968521
6	8	-5.060168749943841
6	8	0.09507924999343231
6	9	-5.512981750012841
6	9	-5.34223175002262
6	9	-5.263075500028208
6	9	-5.2180130000342615
6	9	-5.21041925001191
6	9	-5.114200500014704
6	9	-5.05479424999794
6	9	-4.969294250011444
6	9	-4.946231750014704
6	9	-4.918106750003062
6	9	-4.8886380000039935
6	9	-3.682232749997638
6	9	-3.5205140000325628
6	9	0.6356714999419637
6	10	-5.954356500064023
6	10	-5.865294000075664
6	10	-5.537544000020716
6	10	-2.491732500027865
6	10	-2.078170000051614
6	10	-0.8372335000312887
6	10	0.11261024995474145
6	10	0.30304774997057393
6	10	1.5423904999042861
6	10	1.5547967499587685
6	10	1.5900154999108054
6	10	1.9797342499368824
6	11	-5.7799817500053905
6	11	-5.452200500003528
6	11	-3.042107750021387
6	11	-1.293390000006184
6	11	-0.35870250000152737
6	11	0.05489124997984618
6	11	0.07654749997891486
6	12	-5.451919000013731
6	12	-5.434668999980204
6	12	-4.802670000004582
6	12	-4.777638749976177
6	12	-3.488420000008773
6	12	-2.549327249987982
6	12	-1.7702960000024177
6	12	-1.7622022499563172
6	12	-0.5447647499968298
6	12	-0.39551474998006597
6	12	-0.3110459999879822
6	12	-0.2890459999907762
6	12	0.10335925006074831
6	12	0.33351550000952557
6	12	1.674546750029549
6	13	-5.5703252499806695
6	13	-5.421231499931309
6	13	-2.958701249968726
6	13	-2.9163574999547563
6	13	-2.838513749942649
6	13	-2.509357499948237
6	13	-2.504326249938458
6	13	-2.4245762499631383
6	13	-2.2849199999473058
6	13	-2.1491699999314733
6	13	-2.00532724999357
6	13	-1.9540147500229068
6	13	-1.930983499973081
6	13	-1.461920999980066
6	13	1.671359250030946
6	13	1.9062029999913648
6	14	-5.4911374999792315
6	14	-5.462293749966193
6	14	-5.455387499998324
6	14	-5.100824999972247
6	14	-2.5848572499817237
6	14	1.890047000022605
6	15	-3.167888000025414
6	15	0.7072349999216385
6	16	-5.025795000023209
6	16	-4.727919999975711
6	16	-2.3065772500121966
6	16	-2.296827249985654
6	16	-2.2875459999777377
6	16	1.29389050003374
6	16	1.6047030000481755
6	17	-5.634481500019319
6	17	-5.158982500026468
6	17	-4.807201249990612
6	17	-4.792513750027865
6	17	-4.643419999978505
6	17	-4.635138750018086
6	17	-4.412451250012964
6	17	-1.1947335000149906
6	17	-0.37182825000490993
6	17	-0.36179699999047443
6	17	-0.3552032499574125
6	17	0.26851550000719726
6	17	0.271671750000678
6	17	0.2779217500356026
6	18	-5.781701250059996
6	18	-5.458420000039041
6	18	-4.680045000044629
6	18	-2.1412022500298917
6	18	-2.120671000040602
6	18	-1.9025147500215098
6	18	-1.7037960000452586
6	18	-1.5122335000196472
6	18	-0.008515749999787658
6	18	0.1664842499885708
6	18	0.22642174997599795
6	18	0.32101549999788404
6	18	0.33032800001092255
6	18	0.37401550001231954
6	18	0.39832799998112023
6	18	0.8040155000053346
6	19	-5.666419250017498
6	19	-5.309575500024948
6	19	-4.81198175001191
6	19	-3.404357749968767
6	19	-3.11885774997063
6	19	-3.099763999984134
6	19	-2.9230139999999665
6	19	-2.150263999996241
6	19	-1.0376712500001304
6	19	-0.8369212499819696
6	19	-0.6182024999870919
6	19	-0.5182649999624118
6	19	-0.499171249975916
6	20	-5.246543999994174
6	20	-5.032575250021182
6	20	-4.717231500020716
6	20	-3.1878887500497513
6	20	-3.029982500069309
6	20	-2.782513750018552
6	20	-2.756201250012964
6	20	-2.4956700000329874
6	20	-2.433420000015758
7	1	-5.997449999966193
7	1	-5.727731249993667
7	1	-5.702824999985751
7	1	-5.449981249985285
7	1	-1.4534832499921322
7	1	-0.6708269999944605
7	1	-0.6291395000298508
7	1	-0.5147645000251941
7	2	-5.912137750070542
7	2	-3.571888750011567
7	2	-3.4171387500246055
7	2	-3.2887637500534765
7	2	-3.2202012500492856
7	2	-1.380546000029426
7	2	-1.0819522500387393
7	3	-5.742168250028044
7	3	-5.378106750024017
7	3	-3.5117005000356585
7	3	-3.2253880000207573
7	3	-2.916826500033494
7	3	-2.488264000043273
7	3	-2.263326500018593
7	3	-1.9653577500139363
7	3	-0.06298375001642853
7	3	0.17851624998729676
7	4	-4.535295250010677
7	4	-4.260920249973424
7	4	-3.5541389999561943
7	4	-2.7372024999931455
7	4	-1.2258274999912828
7	4	-0.6829212499433197
7	4	0.007327750034164637
7	4	1.52064025006257
7	4	1.8947340000304393
7	4	1.9090152500430122
7	5	-5.88910625007702
7	5	-5.869325000036042
7	5	-5.753637500049081
7	5	-5.492950000043493
7	5	-3.880357250047382
7	5	-1.075920750037767
7	5	-0.7941082500037737
7	5	-0.779045750037767
7	5	-0.5628270000452176
7	5	1.1695782499737106
7	5	1.3227344999904744
7	6	-4.7342637500260025
7	6	-4.162232500035316
7	6	-4.080607500043698
7	6	-3.1098575000069104
7	6	-2.9221700000343844
7	6	-0.5544210000080056
7	7	-5.824262999987695
7	7	-5.182731749955565
7	7	-5.073762999963947
7	7	-5.020450499956496
7	7	-2.551045250031166
7	7	0.8980152499862015
7	7	1.149702749971766
7	7	1.4770152500132099
7	8	-5.875231249956414
7	8	-5.73744999995688
7	8	-5.725856249977369
7	8	-5.1317624999792315
7	8	-5.015012499992736
7	8	1.698640750022605
7	9	-5.282575500023086
7	9	-5.226606750045903
7	9	-5.21370050002588
7	9	-4.814075500005856
7	9	-4.806481750041712
7	9	-0.1659837500192225
7	9	1.0419839999522083
7	9	1.7518902499577962
7	9	1.887671499978751
7	10	-2.0674200000357814
7	11	-5.6066692500025965
7	11	-5.428200500027742
7	11	-1.5769202500232495
7	11	-0.4623587499954738
7	11	-0.17973375000292435
7	12	-3.3675762499915436
7	12	-3.0692324999836273
7	12	-2.6677325000055134
7	12	-2.5262022499809973
7	12	-2.24070224998286
7	12	-2.0813897499465384
7	12	-2.022670999984257
7	12	-1.3557647499837913
7	12	-0.8545147499535233
7	12	-0.6886397499474697
7	12	1.5816717500565574
7	13	-2.722357499937061
7	13	0.20732899999711663
7	14	-5.359418749983888
7	14	-1.7795144999981858
7	14	-0.6097332499921322
7	14	1.5250469999737106
7	15	-5.90744950005319
7	15	-2.140795250015799
7	15	-0.9700452500255778
7	15	-0.9670452499995008
7	15	0.472609999938868
7	15	1.4721724999253638
7	16	-2.911858499981463
7	16	-2.6942022499861196
7	16	-2.2820147500024177
7	16	-1.965952250000555
7	16	-0.37114074995042756
7	16	-0.36085949995322153
7	17	-4.840013750013895
7	17	-1.9643584999721497
7	17	-0.9217647499754094
7	17	-0.3141094999737106
7	17	0.23526550002861768
7	18	-4.942326250020415
7	18	-4.808357500063721
7	18	-2.094639750022907
7	18	-1.9570772500010207
7	18	-0.28017199999885634
7	18	-0.18792200001189485
7	18	0.1353592500090599
7	18	0.2496404999983497
7	18	0.3209217499825172
7	19	-5.89463799999794
7	19	-5.698887999984436
7	19	-3.3242014999850653
7	19	-3.1294202500139363
7	19	-3.024920249998104
7	19	-2.130420250003226
7	19	-1.8705140000092797
7	19	-1.0387024999945424
7	19	-0.8734837499796413
7	19	-0.6095774999703281
7	20	-5.843106499989517
7	20	-2.965826250030659
7	20	-2.856451250030659
7	20	-2.5824512500548735
7	20	-2.447857500053942
7	20	-2.311826250050217
7	20	-2.277826250065118
7	20	-2.1877012500190176
7	20	-1.0415147500461899
7	20	1.1628592499764636
7	21	-0.16870324994670227
7	21	0.2614842500188388
7	21	1.836514500027988
7	23	-0.6293590000132099
7	23	-0.4979527500108816
7	24	-2.0522957500070333
7	24	-1.0960145000135526
7	24	-0.9741082500549965
7	24	0.20729699998628348
7	25	-5.992044250015169
7	25	-5.956106750003528
7	25	-5.772356750036124
7	25	-5.45223175000865
7	25	-4.137639000022318
7	25	-3.9673264999873936
7	25	-3.0001077500055544
7	25	0.012578750029206276
7	25	0.10907875001430511
7	25	1.257359000039287
7	25	1.8822965000290424
7	25	1.9027340000029653
7	25	1.91351525002392
7	26	-1.2105145000386983
7	26	-0.5007020000484772
7	26	0.4498907499946654
7	27	-5.047576249984559
7	27	-3.1293887500069104
7	27	1.1125780000002123
7	27	1.6513592500123195
7	28	-5.798544749966823
7	28	-5.789482249994762
7	28	-5.668826000008266
7	28	-4.835982249991503
7	28	-4.0707634999998845
7	28	-3.890826000017114
7	28	-3.855044749972876
7	28	-3.851107249967754
7	28	-2.9184832500177436
7	28	-2.8707020000438206
7	28	-2.7115457500331104
7	28	-2.6723895000177436
7	28	-2.6481395000591874
7	28	-1.6209520000265911
7	28	-0.3672030000016093
7	28	1.4597959999809973
7	28	1.9727647500112653
7	29	-2.6141082500107586
7	29	0.009797000035177916
7	29	0.1394844999886118
7	30	-2.0105449999682605
7	30	-1.932357499958016
7	30	-0.5450147499796003
7	30	1.0949530000216328
7	30	1.2356405000318773
7	31	-4.954232249932829
7	31	-2.2917019999586046
7	31	0.6588282500742935
7	32	-1.489295499981381
7	32	0.8410472499672323
7	33	-0.4795772500219755
7	33	1.7819842500030063
7	34	-2.433795499964617
7	34	-1.6271392499329522
7	34	0.49442225007805973
7	34	0.9858285000664182
7	35	-2.8351397499791346
7	37	0.43879699998069555
7	37	0.973890749970451
7	37	1.0390782499453053
7	38	0.044859500019811094
7	40	-2.3267339999438263
7	43	-2.8119825000176206
7	46	-3.8587952500092797
7	47	-5.44298200000776
8	1	-4.731357249955181
8	1	-4.290169749932829
8	1	-4.159107249928638
8	1	-4.0022634999477305
8	1	-3.09085724997567
8	1	-1.3759207500261255
8	1	-1.122983250010293
8	1	-0.9363270000321791
8	1	0.33092199999373406
8	1	0.36832825001329184
8	1	0.4527970000053756
8	1	0.5207345000235364
8	1	0.6015157499932684
8	1	0.7269845000118949
8	1	1.165953250019811
8	2	-5.397763750050217
8	2	-4.916701250069309
8	2	-4.883326250012033
8	2	-4.457013750041369
8	2	-3.047171000041999
8	2	-0.5742657500668429
8	2	-0.4663595000747591
8	2	-0.28495325008407235
8	2	0.3851717499201186
8	2	0.4317654999322258
8	3	-4.399513000040315
8	3	-2.3831390000414103
8	3	-1.7580140000209212
8	3	-1.1442640000022948
8	3	-0.6765452499967068
8	3	-0.3299525000038557
8	3	0.33229749999009073
8	3	0.49576625000918284
8	3	1.3577974999789149
8	4	-4.12442025000928
8	4	-3.3641702499589883
8	4	-1.5559212499647401
8	4	-1.3127962499856949
8	4	-0.12567224993836135
8	4	0.18732775002717972
8	4	0.32973400002811104
8	4	0.42304650001460686
8	4	0.5219215000397526
8	4	0.5891402500565164
8	4	0.611202750063967
8	4	0.6497652500402182
8	4	0.8844527500332333
8	4	1.1552340000635013
8	5	-4.482232250040397
8	5	-1.6467645000084303
8	5	0.16214074997697026
8	5	0.3379844999872148
8	5	0.52642199996626
8	5	0.7285782499820925
8	5	1.3949532500118949
8	6	-1.2412022500066087
8	6	0.1202655000379309
8	6	0.32304675003979355
8	6	0.34257800003979355
8	6	0.5284217500011437
8	6	0.7394217500113882
8	6	1.0313592500169761
8	7	-4.526920250034891
8	7	-4.340045250020921
8	7	-4.152357750048395
8	7	-3.734357750043273
8	7	-3.425764000043273
8	7	-2.753045250021387
8	7	-2.0752015000325628
8	7	-1.8792962500010617
8	7	-1.7192650000215508
8	7	-1.470921250001993
8	7	-0.49582750000990927
8	7	-0.3735774999950081
8	7	-0.3286712500266731
8	7	-0.1856400000397116
8	7	-0.04482750000897795
8	7	0.1958912499831058
8	7	0.3046725000021979
8	7	0.8859527499880642
8	7	1.796077749982942
8	8	-1.567702000029385
8	8	-1.4201082499930635
8	8	-1.3302957499981858
8	8	-0.5469520000042394
8	8	-0.10813950002193451
8	8	0.45764174999203533
8	8	0.9015157499816269
8	8	1.0933907500002533
8	8	1.2957344999886118
8	8	1.400015750026796
8	8	1.412234499992337
8	8	1.5189220000174828
8	8	1.5695157499867491
8	9	-4.347389000002295
8	9	-1.5613274999777786
8	9	0.07636000000638887
8	9	0.32735999999567866
8	9	0.44304649997502565
8	9	0.5494214999489486
8	9	0.6187339999596588
8	9	1.015140249975957
8	9	1.1321714999503456
8	9	1.1475152499624528
8	10	-4.50876275007613
8	10	-4.287607500038575
8	10	-4.128045000019483
8	10	-3.6399200000450946
8	10	-2.993263750046026
8	10	-2.585295000055339
8	10	-1.4947647500084713
8	10	-0.5745460000471212
8	10	-0.23898350005038083
8	10	0.13920400000642985
8	10	0.3655789999756962
8	10	0.45548524998594075
8	10	0.5801717499271035
8	10	0.7893904999364167
8	10	0.8995779999531806
8	10	0.9833592499489896
8	10	1.070140499912668
8	10	1.0851092499215156
8	11	-3.9970755000249483
8	11	-3.457826500001829
8	11	0.39470375003293157
8	11	0.558703750022687
8	11	0.7902350000222214
8	11	1.5285465000197291
8	11	1.8105465000262484
8	11	1.9595152499969117
8	12	-5.895762750005815
8	12	-4.112045000016224
8	12	-3.8925450000097044
8	12	-2.1898584999726154
8	12	-0.12176474998705089
8	12	0.16904675005935133
8	12	0.45114050002302974
8	12	0.5133592500351369
8	12	0.7467967500560917
8	12	0.8337342500453815
8	12	0.9745780000230297
8	12	1.0706092500477098
8	12	1.369671750057023
8	13	-4.403701249975711
8	13	-4.126013749919366
8	13	-3.7630137499654666
8	13	-3.2560137499240227
8	13	-2.7862324999296106
8	13	-2.4845449999556877
8	13	-0.9706397500121966
8	13	-0.05767100001685321
8	13	0.15514149999944493
8	13	0.36589050001930445
8	13	0.470171749999281
8	13	0.5916405000025406
8	13	0.9808905000099912
8	13	1.0819530000444502
8	13	1.1558592499932274
8	13	1.1804217500030063
8	14	-5.35326249996433
8	14	-3.992763499962166
8	14	-1.0109207500354387
8	14	0.31907824997324497
8	14	0.46095325000351295
8	14	0.5842970000230707
8	14	1.0691407499834895
8	14	1.093047000002116
8	14	1.2799220000160858
8	14	1.4272657500114292
8	15	-4.4600130000617355
8	15	-0.3978900000802241
8	15	-0.2646712500718422
8	15	-0.06214000005275011
8	15	-0.004577500047162175
8	15	0.5852974999579601
8	15	0.7583912499248981
8	15	0.9238287499174476
8	15	1.0654537499067374
8	15	1.1824849999393336
8	16	-4.370107499998994
8	16	-4.196388749987818
8	16	-3.7913262500078417
8	16	-3.480388750031125
8	16	-1.5400147499749437
8	16	-1.0735459999996237
8	16	-0.779889750003349
8	16	-0.6350147500052117
8	16	-0.4352032499737106
8	16	-0.13298449997091666
8	16	0.3397342500393279
8	16	0.4848280000151135
8	16	0.595703000028152
8	16	0.7049842500127852
8	16	0.7351717500132509
8	16	0.9978905000025406
8	16	1.1247342500137165
8	17	-4.45335750002414
8	17	-4.1902637500315905
8	17	-4.049982500029728
8	17	-3.664388749981299
8	17	-3.2608887500246055
8	17	-2.4871709999861196
8	17	-1.7727647499996237
8	17	-1.4276397500070743
8	17	-0.31129699997836724
8	17	-0.009171999990940094
8	17	0.19010925001930445
8	17	0.4340467500151135
8	17	0.5642654999974184
8	17	0.60248425003374
8	17	1.0709530000458471
8	17	1.3644530000165105
8	17	1.9720769999548793
8	18	-4.473420000053011
8	18	-1.2663272500503808
8	18	0.47726549999788404
8	18	0.5738279999932274
8	18	1.0146092500071973
8	18	1.2222967499983497
8	18	1.3427967500174418
8	18	1.5376404999988154
8	19	-4.27745049999794
8	19	-0.39657749998150393
8	19	-0.17801499995402992
8	19	-0.0930462499964051
8	19	0.39742250001290813
8	19	0.4599537500180304
8	19	0.5328600000357255
8	19	0.5722037500236183
8	19	0.8483912500087172
8	19	0.9757037500385195
8	19	1.0708600000361912
8	20	-5.0280752499820665
8	20	-4.9048252499778755
8	20	-1.2541397500317544
8	20	-0.4855772500159219
8	20	-0.14188975002616644
8	20	0.12164149997988716
8	20	0.3441102499491535
8	20	0.47907899995334446
8	20	0.582141499966383
8	20	0.8386717499815859
8	20	1.0705467499792576
8	20	1.2511405000113882
8	21	-4.382076249981765
8	21	-4.359826250001788
8	21	-3.811888750002254
8	21	-3.5481075000134297
8	21	-2.6467647499521263
8	21	-2.490889749955386
8	21	0.5227967500104569
8	21	0.6430467500467785
8	21	0.7742967500234954
8	21	0.8662342500174418
8	21	1.1358280000276864
8	21	1.3042030000360683
8	21	1.91342075006105
8	22	-5.056388250028249
8	22	-4.739700749982148
8	22	-4.528044499980751
8	22	-4.208169499994256
8	22	-2.2944830000633374
8	22	0.19682849996024743
8	22	0.35107849998166785
8	22	0.4031722499639727
8	22	0.4668284999788739
8	22	0.6607347499812022
8	22	0.7977659999742173
8	22	1.1457347499672323
8	22	1.515202499984298
8	23	-4.323608000006061
8	23	-4.107639249996282
8	23	-1.2289839999866672
8	23	0.4935462499852292
8	23	0.603733750001993
8	23	0.8040775000117719
8	23	0.8872962500317954
8	23	1.0973274999996647
8	23	1.4083899999968708
8	24	-5.693918749981094
8	24	-5.55551249999553
8	24	-5.463887499994598
8	24	-2.5803260000539012
8	24	0.3907657499657944
8	24	0.40682824997929856
8	24	0.6104532500030473
8	24	0.7506407499895431
8	24	0.8057657500030473
8	24	1.831828249967657
8	24	1.9637970000039786
8	25	-2.2281390000134706
8	25	-1.5945775000145659
8	25	-1.4467337499954738
8	25	-1.1533899999922141
8	25	0.44498400000156835
8	25	0.5988902500248514
8	25	0.9145465000183322
8	25	1.7013589999987744
8	26	-0.8795457500382327
8	26	-0.6646707500331104
8	27	-4.621670000022277
8	27	-1.470045999973081
8	27	-1.320796000014525
8	27	-1.18210849998286
8	27	-0.7052022499847226
8	27	0.001640500035136938
8	27	0.8415155000402592
8	27	0.9093905000481755
8	28	-2.858920750033576
8	28	-1.384514500037767
8	28	-1.3324520000605844
8	28	-0.7281092500197701
8	28	0.49067199998535216
8	28	0.63579699996626
8	28	1.3857959999586456
8	29	-4.381075999932364
8	29	-2.892920750018675
8	29	0.3887969999923371
8	29	0.8451397500466555
8	29	1.0598897500312887
8	29	1.2157960000331514
8	30	-5.7148564999806695
8	30	-4.472200249962043
8	30	-2.1728887499775738
8	30	-1.4377334999735467
8	30	0.34539149998454377
8	30	0.5260165000217967
8	30	0.7090164999826811
8	30	1.0347967499983497
8	31	-3.132201999949757
8	31	-1.2900779999326915
8	31	0.5567032500403002
8	31	0.5681095000472851
8	31	1.1431397499982268
8	32	0.5221097499597818
8	32	0.6487347499351017
8	32	1.1830784999765456
8	32	1.2578597499523312
8	33	-5.737075250071939
8	33	-1.21010850003222
8	33	-0.0032970000174827874
8	33	0.42567174998112023
8	33	0.6124529999797232
8	33	1.343921749969013
8	33	1.430890499963425
8	33	1.4495779999997467
8	33	1.9085154999629594
8	34	-4.120825749938376
8	34	-2.5046079999301583
8	34	-1.9524517499376088
8	34	-1.7778892499627545
8	34	-1.6701704999431968
8	34	-1.483951749978587
8	34	-0.6371089999447577
8	34	0.39479725004639477
8	34	0.726859750051517
8	35	-4.090263749996666
8	35	-3.9739512499654666
8	36	-4.534513250051532
8	38	-1.7057645000168122
8	41	-0.5058894999674521
8	41	0.4391719999839552
8	41	1.8102032499737106
8	45	-0.4223902500234544
8	45	0.4171712499810383
8	49	-0.911108499916736
8	49	1.0732030000071973
9	1	-5.831543749955017
9	1	-4.5274509999435395
9	1	-3.15888849995099
9	1	-2.579107249970548
9	1	-2.0883894999860786
9	1	-1.9322332500014454
9	1	-1.5805457499809563
9	1	-1.5107019999995828
9	1	-1.4825769999879412
9	1	-1.3521082500228658
9	1	-0.6585770000237972
9	1	-0.4507645000121556
9	1	0.6106095000286587
9	1	0.6608907500049099
9	1	1.1507657500333153
9	1	1.5462345000123605
9	2	-4.141482500068378
9	2	-3.2290450000436977
9	2	-3.0934522500028834
9	2	-2.563827250036411
9	2	-1.2948272500070743
9	2	-1.2091085000429302
9	2	-0.7742647500126623
9	2	0.5688279999303631
9	2	0.6127342499094084
9	2	0.7740779999294318
9	2	1.0247654999257065
9	2	1.482577999937348
9	2	1.8163269999204203
9	2	1.8759519999148324
9	2	1.939358249946963
9	3	-4.189106750010978
9	3	-2.865014000039082
9	3	-2.7615140000125393
9	3	-2.436826499993913
9	3	-1.6664202500251122
9	3	-0.021264999988488853
9	3	0.04323499999009073
9	3	0.5729224999668077
9	4	-4.229388999985531
9	4	-3.7072014999575913
9	4	-3.0823577499832027
9	4	-3.003763999964576
9	4	-2.571233749971725
9	4	-1.5535149999777786
9	4	-0.7421712499926798
9	4	-0.21898474998306483
9	4	-0.08029724995139986
9	4	1.7906402500229888
9	5	-4.159357250027824
9	5	-3.6024510000133887
9	5	-3.290107250039
9	5	-2.0377332500065677
9	5	-1.4725145000265911
9	5	0.28823449998162687
9	5	0.40151574998162687
9	5	0.7283595000044443
9	5	1.5841407499974594
9	5	1.6271407500025816
9	6	-4.1107012500287965
9	6	-4.038482500007376
9	6	-3.810170000011567
9	6	-3.1137637500069104
9	6	-2.532920000026934
9	6	-2.458920000004582
9	6	-2.37870225001825
9	6	-2.11470224999357
9	6	-1.9924834999837913
9	6	-0.5780459999805316
9	6	-0.3731397499796003
9	6	1.2150155000272207
9	6	1.6764217499876395
9	7	-5.792731749999803
9	7	-1.8783275000168942
9	7	0.5308589999913238
9	7	0.6413277499959804
9	7	0.6968277500127442
9	7	1.4571402500150725
9	7	1.5723277499782853
9	7	1.6427652499987744
9	7	1.6913902499945834
9	7	1.7476715000229888
9	7	1.8501089999917895
9	8	-5.840324999997392
9	8	-5.780731249949895
9	8	-5.625543749949429
9	8	-5.25660624995362
9	8	-4.276388499944005
9	8	-3.3712322499486618
9	8	-3.2702009999775328
9	8	-3.127950999944005
9	8	-3.066857249941677
9	8	-2.8761384999379516
9	8	-2.669169749948196
9	8	-2.1106384999584407
9	8	-1.5032019999925978
9	8	0.5665479999734089
9	8	1.8995782500132918
9	9	-5.172825500019826
9	9	-3.888639000011608
9	9	-2.9775140000274405
9	9	-2.723420249996707
9	9	-2.6342327499878593
9	9	-2.5864827500190586
9	9	-2.476295250002295
9	9	-2.113170250027906
9	9	-1.8007649999926798
9	9	-1.6512337499880232
9	9	0.41682874999241903
9	9	1.8319839999312535
9	9	1.986765249981545
9	10	-4.588544000056572
9	10	-3.947013750032056
9	10	-3.912576250033453
9	10	-2.9776700000511482
9	10	-1.2462647500215098
9	10	-1.1784210000187159
9	10	-0.4278897500480525
9	10	1.5723592499271035
9	11	-5.546044250018895
9	11	-5.356513000035193
9	11	-2.966482750023715
9	11	-2.935826500004623
9	11	-2.4057640000246465
9	11	-2.357107750023715
9	11	-2.3007952499901876
9	11	-2.1064515000325628
9	11	-1.9350452499929816
9	11	-1.8255140000255778
9	11	-1.3561399999889545
9	11	-0.814358750008978
9	11	-0.48051500000292435
9	11	-0.3259212499833666
9	11	-0.24417124997125939
9	11	0.02226624998729676
9	11	0.20898499997565523
9	12	-5.818794000020716
9	12	-5.713543999998365
9	12	-5.6887627500109375
9	12	-5.685669000027701
9	12	-5.683981499983929
9	12	-5.459356500010472
9	12	-5.167481500015128
9	12	-5.160950249992311
9	12	-4.976013750012498
9	12	-4.96541999996407
9	12	-4.959826249978505
9	12	-4.95435750001343
9	12	-4.933982499991544
9	12	-4.928451250016224
9	12	-3.7185450000106357
9	12	-3.325888749968726
9	12	-3.2200137499603443
9	12	-3.1920762499794364
9	12	-3.1702012500027195
9	12	-3.0761700000148267
9	12	-3.040232500003185
9	12	-2.987701250007376
9	12	-2.962826250004582
9	12	-2.9336387499934062
9	12	-2.875419999996666
9	12	-2.8140450000064448
9	12	-2.770138749969192
9	12	-2.7089512500097044
9	12	-2.667576249979902
9	12	-1.5574834999861196
9	12	-1.394483499985654
9	12	-1.330327249947004
9	12	-1.2433897499577142
9	12	-1.1296084999921732
9	12	-1.0757647499558516
9	12	-0.8607334999833256
9	12	-0.7516709999763407
9	12	-0.7182647499721497
9	12	-0.6333584999665618
9	12	-0.5946709999698214
9	12	-0.49907724995864555
9	12	-0.43617099995026365
9	12	-0.40923349995864555
9	12	-0.29623349994653836
9	12	-0.207295999978669
9	12	-0.0015782499685883522
9	12	0.1061717500560917
9	12	0.2897655000560917
9	12	1.452828000066802
9	12	1.5723592500435188
9	12	1.6298592500388622
9	12	1.7190467500477098
9	12	1.762046750052832
9	12	1.8927655000588857
9	12	1.9657030000234954
9	13	-3.725732499966398
9	13	-3.5299512499477714
9	13	-3.177107499970589
9	13	-2.38238874997478
9	13	-1.1539834999712184
9	13	-1.089514749997761
9	13	-0.39554599998518825
9	13	0.47720300004584715
9	13	0.6939530000090599
9	13	0.8291092500439845
9	13	0.8758905000286177
9	13	0.9227342500234954
9	13	0.9719530000002123
9	13	1.0505155000137165
9	14	-5.5106687499792315
9	14	-5.184918749961071
9	14	-4.922387500002515
9	14	-4.88098124996759
9	14	-4.227825999958441
9	14	-3.412763499945868
9	14	-3.364575999963563
9	14	-3.317732249968685
9	14	-3.2016072499682195
9	14	-3.1024197499500588
9	14	-2.951419749937486
9	14	-2.626732249977067
9	14	-2.493669749936089
9	14	-1.6386707500205375
9	14	-1.4494207500247285
9	14	0.5405470000114292
9	14	0.8247345000272617
9	14	1.603640749992337
9	14	1.638609500019811
9	14	1.6842657499946654
9	14	1.729359499993734
9	15	-5.637200500059407
9	15	-5.560888000065461
9	15	-5.466356750053819
9	15	-5.285950500052422
9	15	-1.8470452500041574
9	15	-1.786889000039082
9	15	-1.7291390000027604
9	15	-1.681732750032097
9	15	-1.5881077500525862
9	15	-1.1414515000069514
9	15	-0.4470150000997819
9	15	0.2278912499314174
9	15	0.6480474999407306
9	15	0.6908912499202415
9	15	0.7207037499174476
9	15	1.4345162499230355
9	15	1.6501724999397993
9	16	-5.826418999989983
9	16	-5.751762750034686
9	16	-5.711762749997433
9	16	-4.387263750017155
9	16	-3.8827012500260025
9	16	-3.433294999995269
9	16	-3.301326250017155
9	16	-2.7251397499931045
9	16	-2.6185147499782033
9	16	-2.487733499961905
9	16	-1.8981397500028834
9	16	-1.7932022499735467
9	16	-0.08889074996113777
9	16	0.5807030000141822
9	16	1.969576999952551
9	16	1.9847957500023767
9	17	-5.880575250019319
9	17	-5.772075250046328
9	17	-5.710012750001624
9	17	-5.6763252500095405
9	17	-5.62820025003748
9	17	-5.590293999994174
9	17	-5.4878575000329874
9	17	-5.319857500027865
9	17	-5.2678575000027195
9	17	-5.196951250021812
9	17	-4.458732500032056
9	17	-3.19326374999946
9	17	-1.2827335000038147
9	17	-1.190233499975875
9	17	-1.156639749999158
9	17	-0.08076574996812269
9	17	0.5659842500463128
9	17	1.1138905000407249
9	17	1.1884842500439845
9	17	1.2486092500039376
9	17	1.5304530000430532
9	18	-5.074232500046492
9	18	-5.037482500018086
9	18	-4.96407625003485
9	18	-4.933951250044629
9	18	-4.871763750037644
9	18	-4.843795000051614
9	18	-4.763545000052545
9	18	-4.146263750037178
9	18	-0.3891719999955967
9	18	0.0512342500151135
9	18	0.186453000002075
9	18	0.353171749971807
9	18	0.7467654999927618
9	18	1.9985457499860786
9	19	-5.285950499994215
9	19	-5.211888000019826
9	19	-5.1610442500095814
9	19	-5.1267317500314675
9	19	-4.93560675001936
9	19	-4.722481750010047
9	19	-4.665638000005856
9	19	-3.4130452499957755
9	19	-2.9189827499794774
9	19	-2.823857749986928
9	19	-2.683326500002295
9	19	-2.1160764999804087
9	19	-2.000763999996707
9	19	-1.0311712499824353
9	19	-0.9622024999698624
9	19	-0.4196712499833666
9	19	-0.2587024999666028
9	19	0.18364125001244247
9	19	1.5272652500425465
9	19	1.575702750007622
9	19	1.6269527500262484
9	19	1.6624215000192635
9	19	1.7137027500430122
9	19	1.760984000051394
9	20	-4.836043999996036
9	20	-3.940763750055339
9	20	-1.8641075000632554
9	20	-1.627764750039205
9	20	-1.4455772500368766
9	20	-1.3069522500154562
9	20	0.9341404999722727
9	20	1.9095779999624938
9	20	1.983202999981586
10	1	-5.910106249968521
10	1	-5.810262499959208
10	1	-5.408074999984819
10	1	-5.2423562499461696
10	1	-4.747544749930967
10	1	-4.337013499927707
10	1	-4.078794749977533
10	1	-3.3068572499323636
10	1	-3.1826697499491274
10	1	-2.6664197499630973
10	1	-1.1101707500056364
10	1	-1.086514500027988
10	1	-0.8108270000084303
10	1	0.1980157500365749
10	1	0.3159532499848865
10	1	0.4841407500207424
10	1	0.6104845000081696
10	1	0.6512657499988563
10	1	1.2292032500263304
10	1	1.343765750003513
10	1	1.9366407500347123
10	2	-4.937701250019018
10	2	-4.752795000036713
10	2	-4.549732500046957
10	2	-4.2965762500534765
10	2	-4.097326250048354
10	2	-3.6844200000632554
10	2	-3.299576250021346
10	2	-3.2776387500343844
10	2	-3.1234210000257008
10	2	-2.851858500041999
10	2	-2.502764750039205
10	2	-2.1712022499996237
10	2	-1.6769522500107996
10	2	-1.4583897500415333
10	2	-1.215233499999158
10	2	-0.7774835000163876
10	2	0.028109249949920923
10	2	0.22898424993036315
10	2	0.31823424994945526
10	2	0.4024217499536462
10	2	0.4162654999527149
10	2	0.49379674991359934
10	2	0.553609249938745
10	2	0.5961404999252409
10	2	1.0247342499205843
10	2	1.0481092499103397
10	2	1.8156394999241456
10	3	-5.9810432500671595
10	3	-4.938450500019826
10	3	-4.882450500037521
10	3	-4.667138000018895
10	3	-4.641044250049163
10	3	-4.422700500057545
10	3	-4.317856750043575
10	3	-4.177669250057079
10	3	-4.061481750046369
10	3	-4.037950500031002
10	3	-3.7884505000547506
10	3	-3.2429505000473
10	3	-3.181356750021223
10	3	-2.8807952500064857
10	3	-2.6968577500083484
10	3	-2.6307640000013635
10	3	-1.6339202499948442
10	3	-0.491890000004787
10	3	-0.3750775000080466
10	3	-0.14857750001829118
10	3	0.42614125000545755
10	3	0.45935999997891486
10	3	0.49301624996587634
10	3	0.6945474999956787
10	3	0.8934537500026636
10	3	1.1229849999654107
10	3	1.6470475000096485
10	3	1.8024224999826401
10	4	-5.910544249985833
10	4	-5.753262999991421
10	4	-5.642137999995612
10	4	-5.272076499997638
10	4	-5.226482749974821
10	4	-5.1888264999724925
10	4	-5.149857749987859
10	4	-4.46260774997063
10	4	-4.097670249990188
10	4	-3.611076499975752
10	4	-2.7135149999521673
10	4	-2.5991399999475107
10	4	-2.444358749955427
10	4	-2.3725149999954738
10	4	-2.287514999974519
10	4	-2.269608749949839
10	4	-1.2108587499824353
10	4	-0.829233749944251
10	4	-0.43367124994983897
10	4	-0.2529222499579191
10	4	0.2907340000383556
10	4	0.5007652500644326
10	4	0.6779840000672266
10	4	1.3057027500472032
10	4	1.326765250065364
10	4	1.6080777500174008
10	5	-5.949200000031851
10	5	-5.155701000068802
10	5	-4.754357250058092
10	5	-4.4843260000343435
10	5	-4.3095760000287555
10	5	-3.8117635000380687
10	5	-3.7260135000688024
10	5	-3.652451000059955
10	5	-3.6186697500525042
10	5	-3.381294750026427
10	5	-3.200544750026893
10	5	-2.8874197500408627
10	5	-2.8611697500455193
10	5	-1.663077000004705
10	5	-1.6275770000065677
10	5	-1.3952645000535995
10	5	-0.7685770000098273
10	5	-0.6758270000573248
10	5	-0.48782700003357604
10	5	-0.4260770000400953
10	5	-0.30082700005732477
10	5	0.02545324998209253
10	5	0.24164074996951967
10	5	0.3897657499765046
10	5	0.46895324997603893
10	5	0.539078250003513
10	5	0.5913907499634661
10	5	0.6190157500095665
10	5	1.1857345000025816
10	5	1.8311407499713823
10	6	-5.529731499962509
10	6	-5.422106499958318
10	6	-5.008762749959715
10	6	-4.835263749992009
10	6	-4.683138750027865
10	6	-4.537982500041835
10	6	-4.350232500000857
10	6	-4.1199512500315905
10	6	-3.5171074999962
10	6	-3.2382637500413693
10	6	-3.137263750017155
10	6	-3.068826250033453
10	6	-2.633795000030659
10	6	-2.2436397499986924
10	6	-2.19773349998286
10	6	-2.04476474999683
10	6	-1.5484210000140592
10	6	-1.0283584999851882
10	6	-0.33357725001405925
10	6	-0.05345225002383813
10	6	0.010578999994322658
10	6	0.18829675001325086
10	6	0.4106092500151135
10	6	0.5137030000332743
10	6	1.1624530000262894
10	6	1.6564217500272207
10	6	1.9188592500286177
10	7	-5.898825499985833
10	7	-4.832169250003062
10	7	-4.678075500007253
10	7	-4.469764000037685
10	7	-4.4409202500246465
10	7	-4.100639000011142
10	7	-3.9195140000083484
10	7	-3.2580452500260435
10	7	-2.7910452500218526
10	7	-2.7412640000111423
10	7	-2.7233265000395477
10	7	-2.221514000033494
10	7	-1.635827500023879
10	7	-1.5367025000159629
10	7	-1.273140000004787
10	7	-1.1061712499940768
10	7	-0.9918587499996647
10	7	-0.3771087499917485
10	7	-0.31713999999919906
10	7	-0.16392125003039837
10	7	-0.09726499998942018
10	7	0.2956724999821745
10	7	0.5053902500076219
10	7	1.0967340000206605
10	7	1.3366402499959804
10	7	1.9038902500178665
10	8	-5.8646999999764375
10	8	-5.360043749969918
10	8	-4.959262499993201
10	8	-4.899637499998789
10	8	-4.680106249987148
10	8	-4.304575999965891
10	8	-4.288544749957509
10	8	-3.804732249933295
10	8	-3.1793259999831207
10	8	-2.079825999971945
10	8	-1.6090770000009798
10	8	-1.5905769999953918
10	8	-1.453889500000514
10	8	-1.2400457499898039
10	8	-1.0605770000256598
10	8	-0.13185825000982732
10	8	-0.03117074997862801
10	8	-0.011577000026591122
10	8	0.07286050001857802
10	8	0.2802355000167154
10	8	0.3283292499836534
10	8	0.6641095000086352
10	8	0.7515470000216737
10	8	0.9631407500128262
10	8	1.2306720000342466
10	8	1.2702032499946654
10	8	1.4498282499844208
10	8	1.4980470000300556
10	8	1.8636407500016503
10	9	-5.836450500006322
10	9	-5.619981750031002
10	9	-5.39201300003333
10	9	-4.5766692500328645
10	9	-4.1572952499846
10	9	-3.206170250021387
10	9	-3.154857749992516
10	9	-3.1294515000190586
10	9	-2.8958577500307
10	9	-2.8485140000120737
10	9	-2.623326500004623
10	9	-1.9552024999866262
10	9	-1.0459525000187568
10	9	-0.6282962500117719
10	9	-0.36751499999081716
10	9	-0.3451712499954738
10	9	-0.3142962499987334
10	9	0.010641250002663583
10	9	0.2801725000026636
10	9	0.3550787499989383
10	9	0.44714024994755164
10	9	0.48579649993916973
10	9	0.8494839999475516
10	9	1.3392652499605902
10	9	1.3708902499638498
10	9	1.4029214999754913
10	9	1.6012964999536052
10	10	-5.269512750033755
10	10	-5.111262750055175
10	10	-4.31663875002414
10	10	-4.299357500043698
10	10	-4.283513750007842
10	10	-4.221482500026468
10	10	-4.180763750046026
10	10	-4.07735750003485
10	10	-3.6238887500367127
10	10	-3.2902012500562705
10	10	-3.111045000026934
10	10	-3.027295000036247
10	10	-2.490263750019949
10	10	-2.443076250026934
10	10	-2.0914825000218116
10	10	-2.0041075000190176
10	10	-1.9903262500301935
10	10	-1.567421000043396
10	10	-1.4224522500298917
10	10	-1.2630772500415333
10	10	-1.0852334999945015
10	10	-0.8727960000396706
10	10	-0.8260147499968298
10	10	0.4685164999682456
10	10	0.5522654999513179
10	10	0.6141092499019578
10	10	0.9252342499094084
10	10	1.078171749948524
10	10	1.2261404999298975
10	10	1.908359249937348
10	11	-5.940231750020757
10	11	-5.841638000041712
10	11	-5.789606750011444
10	11	-5.709700500010513
10	11	-5.4799192500067875
10	11	-4.66607550001936
10	11	-4.4946380000328645
10	11	-4.237356750003528
10	11	-4.165575499995612
10	11	-3.667107750021387
10	11	-3.3997640000307
10	11	-3.271013999998104
10	11	-3.2247327500372194
10	11	-2.1748890000162646
10	11	-1.9216702500125393
10	11	-1.6776702500064857
10	11	-1.6128265000297688
10	11	-1.4791712500154972
10	11	-0.7395774999749847
10	11	-0.6787337500136346
10	11	-0.6164212499861605
10	11	-0.104639999975916
10	11	0.033016250003129244
10	11	0.37007875001290813
10	11	0.7417974999989383
10	11	1.271015250007622
10	11	1.3294527500402182
10	11	1.707296500040684
10	11	1.8088277500355616
10	12	-5.800356500025373
10	12	-5.577325250022113
10	12	-5.498762750008609
10	12	-4.743326249998063
10	12	-4.32316999998875
10	12	-4.044888750009704
10	12	-3.6894824999617413
10	12	-3.4053887499612756
10	12	-3.343451249995269
10	12	-3.0853887500124983
10	12	-3.0342012500041164
10	12	-2.8610762499738485
10	12	-2.848107500001788
10	12	-1.957295999978669
10	12	-1.8546709999791346
10	12	-1.5995147499488667
10	12	-1.3672022499958985
10	12	-1.1286085000028834
10	12	-1.085358499956783
10	12	-0.9848584999563172
10	12	-0.8484522499493323
10	12	-0.8247959999716841
10	12	-0.5868272499646991
10	12	0.05160925001837313
10	12	0.20526550005888566
10	12	0.7726092500379309
10	12	1.1342030000523664
10	12	1.6112030000658706
10	12	1.932484250050038
10	12	1.9647655000444502
10	13	-5.798731499933638
10	13	-4.9323564999504015
10	13	-4.792325249931309
10	13	-4.746575249941088
10	13	-4.7104189999517985
10	13	-4.374669999931939
10	13	-4.327419999928679
10	13	-4.172732499951962
10	13	-3.647107499942649
10	13	-3.003294999944046
10	13	-2.968638749967795
10	13	-2.10007724998286
10	13	-1.8736710000084713
10	13	-1.733202249975875
10	13	-0.6304835000191815
10	13	-0.26692099997308105
10	13	0.24564149999059737
10	13	0.31176650000270456
10	13	0.7034842499997467
10	13	0.8155780000379309
10	14	-5.758012499951292
10	14	-5.608762499992736
10	14	-5.220543749979697
10	14	-4.658294749970082
10	14	-4.1014822499710135
10	14	-3.654763499973342
10	14	-3.59966974996496
10	14	-3.573638499947265
10	14	-3.5359197499928996
10	14	-3.471669749938883
10	14	-3.2148884999915026
10	14	-2.726419749960769
10	14	-1.981764500029385
10	14	-1.7333269999944605
10	14	-1.7106395000009798
10	14	-1.5421082500251941
10	14	-1.223827000008896
10	14	-0.7602957499912009
10	14	-0.3728269999846816
10	14	-0.3118269999977201
10	14	-0.28638950001914054
10	14	0.342140750028193
10	14	0.6496095000184141
10	14	0.7887970000156201
10	14	1.3050782500067726
10	14	1.6157970000058413
10	14	1.7060157500091009
10	14	1.8912344999844208
10	15	-5.584513000037987
10	15	-5.46295050001936
10	15	-4.58832550002262
10	15	-4.502294250065461
10	15	-3.5674192500300705
10	15	-2.6767327500274405
10	15	-2.5897952500381507
10	15	-2.202264000021387
10	15	-2.0853265000041574
10	15	-1.5371390000218526
10	15	-1.2651702500297688
10	15	-0.35417125007370487
10	15	0.008109999937005341
10	15	0.31364124990068376
10	15	0.39692249993095174
10	15	0.5417974999290891
10	15	0.6545162499533035
10	15	0.6963599999435246
10	15	0.7021099999547005
10	15	1.1463912499020807
10	15	1.263109999941662
10	15	1.4916412499151193
10	15	1.939358999952674
10	16	-5.63638775004074
10	16	-5.305419999989681
10	16	-4.784607500012498
10	16	-4.647732499986887
10	16	-4.542638749990147
10	16	-4.387607500015292
10	16	-4.253013750014361
10	16	-4.217545000021346
10	16	-4.11513874999946
10	16	-3.2649824999971315
10	16	-3.122857499984093
10	16	-2.80382724996889
10	16	-2.6826085000066087
10	16	-1.7704834999749437
10	16	-1.4364835000014864
10	16	-1.1760772499837913
10	16	-1.11017100000754
10	16	-0.7052334999898449
10	16	-0.5368282499839552
10	16	-0.17967199999839067
10	16	0.09807800000999123
10	16	0.38123425003141165
10	16	0.6048905000207014
10	16	0.6848592500318773
10	16	1.2236092500388622
10	16	1.7816717500099912
10	16	1.9476394999655895
10	17	-5.758637749997433
10	17	-5.686543999996502
10	17	-5.603387750044931
10	17	-5.290169999992941
10	17	-4.1632325000246055
10	17	-4.112951249990147
10	17	-3.7569512500194833
10	17	-3.705826250021346
10	17	-2.9894522500107996
10	17	-2.826327249989845
10	17	-2.8104835000121966
10	17	-2.777295999985654
10	17	-2.6221084999851882
10	17	-2.345014749967959
10	17	-1.464077249984257
10	17	-0.3378594999667257
10	17	0.3362030000425875
10	17	1.056421749992296
10	17	1.4302342500304803
10	17	1.9970769999781623
10	18	-5.828701250022277
10	18	-5.744732500053942
10	18	-5.718701250036247
10	18	-5.592513750016224
10	18	-5.446701250039041
10	18	-5.410951250058133
10	18	-5.04382625001017
10	18	-5.008920000051148
10	18	-4.203107500041369
10	18	-3.7065137500176206
10	18	-3.33220225002151
10	18	-3.264983500004746
10	18	-3.21338975004619
10	18	-3.1861710000084713
10	18	-3.129827250028029
10	18	-2.8835772500024177
10	18	-2.859139750013128
10	18	-2.3274209999945015
10	18	-2.2181710000149906
10	18	-1.9645772500080056
10	18	-1.0554209999972954
10	18	-0.21345325000584126
10	18	-0.03607825003564358
10	18	0.8977967500104569
10	18	1.0019842499750666
10	18	1.4751717500039376
10	18	1.553109249973204
10	18	1.633451999980025
10	18	1.8625457499874756
10	18	1.9643582500284538
10	19	-4.083075499976985
10	19	-3.4275139999808744
10	19	-3.36067024996737
10	19	-3.173482750018593
10	19	-3.122482749982737
10	19	-2.8961077500134706
10	19	-2.5433889999985695
10	19	-1.8361390000209212
10	19	-1.3157014999887906
10	19	-0.7783587499870919
10	19	-0.5534212499624118
10	19	-0.44704624998848885
10	19	-0.30632749997312203
10	19	0.1851100000203587
10	19	0.4908912500250153
10	19	0.506359999999404
10	19	0.5944850000087172
10	19	0.6260475000017323
10	19	1.1899850000045262
10	19	1.2707350000273436
10	19	1.6418277500197291
10	19	1.8501402500551194
10	20	-5.700918999966234
10	20	-5.406481500016525
10	20	-5.066262750013266
10	20	-4.209013750019949
10	20	-3.147076250053942
10	20	-3.043513750017155
10	20	-2.6608887500478886
10	20	-2.163263750029728
10	20	-1.4673585000564344
10	20	-1.035358500026632
10	20	-0.6034210000070743
10	20	0.08957899996312335
10	20	0.424453999963589
10	20	1.4209529999643564
10	20	1.4655154999927618
10	20	1.583859250007663
10	20	1.670421749993693
10	20	1.7872342499904335
10	20	1.881952999974601
10	20	1.974671749980189
10	29	-3.1773895000224
10	33	-5.503794000076596
11	1	-5.993356249993667
11	1	-5.506012499972712
11	1	-5.445262499968521
11	1	-4.946356249973178
11	1	-4.665513499930967
11	1	-4.445794749946799
11	1	-4.304575999965891
11	1	-4.188388499955181
11	1	-3.7215447499766015
11	1	-3.6282947499421425
11	1	-3.603075999941211
11	1	-3.551763499970548
11	1	-3.1904822499491274
11	1	-3.126607249956578
11	1	-3.0430447499384172
11	1	-2.860669749963563
11	1	-2.4573572499793954
11	1	-2.3648895000224
11	1	-2.247264500008896
11	1	-1.720233250001911
11	1	-1.637577000015881
11	1	-1.5832957500242628
11	1	-1.3837957499781623
11	1	-1.2543270000023767
11	1	-1.2481394999776967
11	1	-1.1625145000289194
11	1	-1.024795749981422
11	1	-0.9863270000205375
11	1	-0.952326999977231
11	1	-0.9408582500182092
11	1	-0.4482645000098273
11	1	-0.24723325000377372
11	1	-0.060233250027522445
11	1	-0.045764499984215945
11	1	0.28167200001189485
11	1	0.3977970000123605
11	1	0.5696407500072382
11	1	0.6687345000100322
11	1	1.1770157500286587
11	1	1.3718595000100322
11	1	1.498797000036575
11	1	1.6637345000053756
11	1	1.7491719999816269
11	1	1.8315782499848865
11	2	-5.876481500046793
11	2	-5.770262750040274
11	2	-5.70917000004556
11	2	-5.602638750046026
11	2	-5.407232500030659
11	2	-5.211138750019018
11	2	-4.900607500050683
11	2	-4.7733262500260025
11	2	-4.676326250017155
11	2	-4.414076250046492
11	2	-4.302763750019949
11	2	-4.031795000017155
11	2	-3.7626075000152923
11	2	-3.727357500058133
11	2	-3.4994200000655837
11	2	-3.4659512500511482
11	2	-3.100202250003349
11	2	-2.9781085000140592
11	2	-2.9281710000359453
11	2	-2.7794210000429302
11	2	-2.7017335000564344
11	2	-2.657452250015922
11	2	-2.6547647500410676
11	2	-2.422577250050381
11	2	-2.1302022500312887
11	2	-2.0026085000135936
11	2	-1.9084522500052117
11	2	-1.90542100003222
11	2	-1.2869522500550374
11	2	-1.283608500030823
11	2	-0.7946397500345483
11	2	-0.5876407500472851
11	2	-0.5234532500617206
11	2	-0.46604700008174405
11	2	0.46276549994945526
11	2	0.5492342499201186
11	2	0.8321092499536462
11	2	1.4822342499392107
11	2	1.6372029999038205
11	2	1.7281717499135993
11	2	1.8082332499325275
11	3	-5.892855750047602
11	3	-5.824824500072282
11	3	-5.792355750047136
11	3	-5.549763000046369
11	3	-5.130200500017963
11	3	-5.022075500048231
11	3	-5.017856750055216
11	3	-4.986888000043109
11	3	-4.8105130000039935
11	3	-4.775388000009116
11	3	-4.36076300003333
11	3	-4.351075500017032
11	3	-4.0822005000081845
11	3	-3.6170442500151694
11	3	-3.1898567500174977
11	3	-2.91476400004467
11	3	-2.9124515000148676
11	3	-2.480951500008814
11	3	-2.301264000008814
11	3	-2.239388999994844
11	3	-2.196732750046067
11	3	-2.1323265000246465
11	3	-2.0706390000414103
11	3	-2.0033265000092797
11	3	-1.9455140000209212
11	3	-1.6904827500111423
11	3	-1.624451500014402
11	3	-1.5205765000428073
11	3	-1.3846389999962412
11	3	-1.1092015000176616
11	3	-0.9949827500386164
11	3	-0.947045250039082
11	3	-0.8295452500460669
11	3	-0.7232952500344254
11	3	-0.666701500013005
11	3	-0.6366399999824353
11	3	-0.5316087499959394
11	3	-0.20082750002620742
11	3	-0.03157749999081716
11	3	0.07457875000545755
11	3	0.27760999999009073
11	3	0.43692249996820465
11	3	0.4833912500180304
11	3	0.6219224999658763
11	3	0.7838912499719299
11	3	1.3204224999644794
11	3	1.534203749964945
11	3	1.5716099999845028
11	3	1.6681724999798462
11	3	1.76664124999661
11	4	-5.974544249998871
11	4	-5.778606750012841
11	4	-5.671419250022154
11	4	-5.657387999992352
11	4	-5.549762999988161
11	4	-5.110607749957126
11	4	-5.02182649995666
11	4	-4.829670250008348
11	4	-4.726138999976683
11	4	-4.552513999980874
11	4	-4.3456077500013635
11	4	-3.8362327499780804
11	4	-3.673888999968767
11	4	-3.3179827500134706
11	4	-3.2381702499696985
11	4	-3.1708577499957755
11	4	-2.8992952500120737
11	4	-2.5544212499517016
11	4	-1.97717124997871
11	4	-1.1976399999693967
11	4	-0.962390000000596
11	4	-0.6579212499782443
11	4	-0.2893597499351017
11	4	-0.261328499938827
11	4	0.13254650007002056
11	4	0.20945275004487485
11	4	0.3633590000681579
11	4	0.4144215000560507
11	4	0.5416090000653639
11	4	0.6155777500243858
11	4	0.8150777500122786
11	4	1.058859000040684
11	4	1.2352965000318363
11	4	1.3452027500607073
11	4	1.362015250022523
11	4	1.7923590000136755
11	5	-5.6795125000644475
11	5	-5.628075000073295
11	5	-5.534293750068173
11	5	-5.527731250040233
11	5	-5.504418750060722
11	5	-5.378106250078417
11	5	-5.298262500029523
11	5	-5.1414197500562295
11	5	-4.782607250032015
11	5	-4.428388500062283
11	5	-4.017419750045519
11	5	-3.423201000026893
11	5	-3.4117635000147857
11	5	-3.2101697500329465
11	5	-3.0202010000357404
11	5	-2.6359207500354387
11	5	-2.322452000051271
11	5	-2.1706395000219345
11	5	-2.1487332500400953
11	5	-2.0994207500480115
11	5	-2.037670750054531
11	5	-1.9940145000000484
11	5	-1.8601082500535995
11	5	-1.8180145000224002
11	5	-1.4636082500219345
11	5	-1.3973582500475459
11	5	-1.09473325003637
11	5	-0.9325770000577904
11	5	-0.8599207500228658
11	5	-0.8294207500293851
11	5	-0.6500770000275224
11	5	-0.4457020000554621
11	5	-0.09820300003048033
11	5	0.14807825000025332
11	5	0.4635782499681227
11	5	0.5830157499876805
11	5	0.6500782499788329
11	5	0.6747345000039786
11	5	0.9276719999616034
11	5	0.9441094999783672
11	5	1.0307969999848865
11	5	1.4668907499872148
11	5	1.5747969999792986
11	5	1.5959844999597408
11	5	1.644140749995131
11	6	-5.865012749971356
11	6	-5.771856499952264
11	6	-5.540606499940623
11	6	-5.288668999972288
11	6	-5.176762749964837
11	6	-4.49632625002414
11	6	-4.465420000022277
11	6	-4.147357500041835
11	6	-3.4116700000013225
11	6	-2.9996699999901466
11	6	-2.672826250025537
11	6	-2.58126375003485
11	6	-2.5244512500357814
11	6	-2.4119209999917075
11	6	-2.361827249987982
11	6	-2.3337647499865852
11	6	-2.2283272499917075
11	6	-1.9293272499926388
11	6	-1.8916397499851882
11	6	-1.7070147499907762
11	6	-1.516920999973081
11	6	-0.6726397500024177
11	6	-0.6527960000094026
11	6	-0.5549209999735467
11	6	-0.41738975001499057
11	6	-0.3163897499907762
11	6	0.38170299999183044
11	6	0.514578000002075
11	6	0.6096404999843799
11	6	1.3712655000272207
11	6	1.4546092500095256
11	6	1.8331717500113882
11	6	1.8711405000067316
11	6	1.976046750030946
11	7	-5.77454424998723
11	7	-4.944262999983039
11	7	-4.679887999955099
11	7	-4.646044249995612
11	7	-4.505982750037219
11	7	-4.099545250006486
11	7	-3.94929525005864
11	7	-3.8348265000386164
11	7	-3.623451500025112
11	7	-3.4848890000139363
11	7	-3.4496702500036918
11	7	-3.300514000002295
11	7	-2.8182640000013635
11	7	-2.6271077500423416
11	7	-2.261576500022784
11	7	-1.8950462500215508
11	7	-1.7630775000434369
11	7	-1.7320775000262074
11	7	-1.539483750006184
11	7	-1.4968587500043213
11	7	-1.3272650000290014
11	7	-1.2444525000173599
11	7	-1.0682962500141002
11	7	-0.9053587500238791
11	7	-0.3757024999940768
11	7	-0.3199837499996647
11	7	-0.2622650000266731
11	7	-0.1753275000373833
11	7	0.17170374997658655
11	7	0.26235999999335036
11	7	0.32682874996680766
11	7	0.4364214999950491
11	7	0.9432652500108816
11	7	0.9902339999680407
11	7	1.1893590000108816
11	7	1.444827749975957
11	7	1.5909840000094846
11	7	1.716108999971766
11	7	1.7787339999922551
11	8	-5.755387499986682
11	8	-5.453262499999255
11	8	-5.2977624999475665
11	8	-4.966574999969453
11	8	-4.843199999944773
11	8	-4.731949999986682
11	8	-4.608918749960139
11	8	-4.446512499998789
11	8	-4.227857249963563
11	8	-4.090388499957044
11	8	-4.058575999981258
11	8	-3.8366697499877773
11	8	-3.8104197499342263
11	8	-3.4498884999775328
11	8	-3.2338572499575093
11	8	-2.804263499972876
11	8	-2.7994197499356233
11	8	-2.5512947499519214
11	8	-2.4510759999393485
11	8	-2.2319197499309666
11	8	-1.9645447499351576
11	8	-1.7024519999977201
11	8	-1.337233250029385
11	8	-1.2735457500093617
11	8	-1.2010770000051707
11	8	-1.0928270000149496
11	8	-1.0243270000210032
11	8	-0.8387957499944605
11	8	-0.7573270000284538
11	8	-0.6610457500210032
11	8	-0.42201450001448393
11	8	-0.25613950000843033
11	8	-0.20098324998980388
11	8	-0.19904575002146885
11	8	-0.015420750016346574
11	8	0.25479799997992814
11	8	0.37486049998551607
11	8	0.3933917499962263
11	8	0.6391407499904744
11	8	0.9322970000212081
11	8	1.3716719999792986
11	8	1.4648907500086352
11	8	1.477203249989543
11	8	1.6977657499955967
11	8	1.9461095000151545
11	9	-5.500981750024948
11	9	-4.910981749999337
11	9	-4.753044250013772
11	9	-4.552856750029605
11	9	-4.354857750004157
11	9	-4.314920250035357
11	9	-4.256576500018127
11	9	-4.153951500018593
11	9	-4.110014000034425
11	9	-3.9413265000330284
11	9	-3.6633264999836683
11	9	-3.6522640000330284
11	9	-3.5480452500050887
11	9	-3.430264000024181
11	9	-3.135170250025112
11	9	-3.123451500025112
11	9	-2.290670250018593
11	9	-2.203295250015799
11	9	-2.093388999986928
11	9	-1.902233749977313
11	9	-1.8160462499945424
11	9	-1.7887024999945424
11	9	-1.4354837500141002
11	9	-1.0626712500234134
11	9	-0.8282337500131689
11	9	-0.6326399999670684
11	9	-0.4669524999917485
11	9	0.1419224999845028
11	9	0.27307875000406057
11	9	0.4830152499489486
11	9	0.4915464999503456
11	9	0.9074839999666438
11	9	0.9515464999713004
11	9	0.9672652499866672
11	9	1.2815152499824762
11	9	1.291640249954071
11	9	1.4577027499326505
11	9	1.5126402499736287
11	9	1.7469839999685064
11	10	-5.821012750035152
11	10	-5.770012750057504
11	10	-5.753981500049122
11	10	-5.3055752500658855
11	10	-5.192012750019785
11	10	-5.146012750046793
11	10	-5.067387750023045
11	10	-4.698544000042602
11	10	-4.647012750036083
11	10	-4.13367000001017
11	10	-3.9440137500641868
11	10	-3.679513750015758
11	10	-3.5376075000385754
11	10	-3.5120450000395067
11	10	-3.383763750025537
11	10	-3.3236700000124983
11	10	-2.907232500030659
11	10	-2.8589825000381097
11	10	-2.8142637500423007
11	10	-2.3646387500339188
11	10	-1.8947647500317544
11	10	-1.8172647500177845
11	10	-1.5776397500303574
11	10	-1.3559835000196472
11	10	-1.272296000039205
11	10	-1.1308272500173189
11	10	-0.921764750033617
11	10	-0.9171710000373423
11	10	-0.6606710000196472
11	10	-0.6340147500159219
11	10	-0.5265460000373423
11	10	-0.28057724999962375
11	10	-0.24673350004013628
11	10	-0.11545225000008941
11	10	-0.10226475005038083
11	10	0.06657899997662753
11	10	0.2392039999831468
11	10	0.3794227499747649
11	10	0.4997039999580011
11	10	0.6540154999238439
11	10	0.6872342499555089
11	10	0.7726404999266379
11	10	1.2042967499583028
11	10	1.6822654999559745
11	11	-5.820606750028674
11	11	-5.731544250040315
11	11	-5.616544250049628
11	11	-5.548731749993749
11	11	-5.2510130000300705
11	11	-5.241075500031002
11	11	-5.226356750004925
11	11	-4.55832549999468
11	11	-4.425075500039384
11	11	-4.321450499992352
11	11	-4.141981750028208
11	11	-3.7756077499943785
11	11	-3.496889000001829
11	11	-3.3250452500069514
11	11	-3.2143577500246465
11	11	-3.101451500027906
11	11	-2.9063577500055544
11	11	-2.7072640000260435
11	11	-2.365826499997638
11	11	-1.6088577500195242
11	11	-1.2277650000178255
11	11	-1.218140000011772
11	11	-1.0859212499926798
11	11	-0.9731400000164285
11	11	-0.8797650000196882
11	11	-0.7065774999791756
11	11	-0.5935462500201538
11	11	-0.5153587500099093
11	11	-0.4606087499996647
11	11	-0.3670462499721907
11	11	-0.10904624999966472
11	11	-0.05457749997731298
11	11	0.025828749989159405
11	11	0.26611000002594665
11	11	0.37076625000918284
11	11	0.6463912500184961
11	11	0.6765162500087172
11	11	0.7439850000082515
11	11	0.7497975000296719
11	11	1.0726090000243858
11	11	1.1546090000192635
11	11	1.2794214999885298
11	11	1.4652340000029653
11	11	1.5385465000290424
11	11	1.5800777500262484
11	11	1.7781402500113472
11	11	1.8291714999941178
11	12	-5.836043999996036
11	12	-5.58232525002677
11	12	-5.466450250009075
11	12	-5.393262750003487
11	12	-5.338168999995105
11	12	-5.31932524999138
11	12	-4.948107499978505
11	12	-4.8743574999971315
11	12	-4.6772637499962
11	12	-4.511388749990147
11	12	-4.4324199999682605
11	12	-4.265451250015758
11	12	-3.93316999997478
11	12	-3.734201250015758
11	12	-3.61966999998549
11	12	-3.139638749998994
11	12	-2.9617637500050478
11	12	-2.7274512500152923
11	12	-2.7084199999808334
11	12	-2.4353272499865852
11	12	-2.2234210000024177
11	12	-1.9350772500038147
11	12	-1.8740772499586456
11	12	-1.8457959999796003
11	12	-1.7390460000024177
11	12	-1.5507647499907762
11	12	-1.1557022499619052
11	12	-1.0812022499740124
11	12	-0.790358499973081
11	12	-0.7139209999586456
11	12	-0.6394209999707527
11	12	-0.6210459999856539
11	12	-0.04217199998674914
11	12	0.09329675004119053
11	12	0.1798592500272207
11	12	0.38964050001231954
11	12	0.6943280000123195
11	12	0.9476405000314116
11	12	1.0827342500560917
11	12	1.1257655000663362
11	12	1.1793592500616796
11	12	1.1842967500560917
11	12	1.2042342500644736
11	12	1.396484250028152
11	13	-5.971481499960646
11	13	-5.919387749978341
11	13	-5.750700249976944
11	13	-5.716231499973219
11	13	-5.5081377499736845
11	13	-5.490575249947142
11	13	-5.450200249964837
11	13	-5.42176274996018
11	13	-5.36254399997415
11	13	-5.257981499948073
11	13	-5.09010649996344
11	13	-5.033856499940157
11	13	-5.000856499944348
11	13	-4.937668999948073
11	13	-4.793825249944348
11	13	-4.659731499967165
11	13	-4.611013749963604
11	13	-4.449826249969192
11	13	-4.39145124994684
11	13	-3.9379824999487028
11	13	-3.873857499973383
11	13	-3.8355449999216944
11	13	-3.6101074999314733
11	13	-3.4850449999212287
11	13	-3.3472012499696575
11	13	-3.2852949999505654
11	13	-3.1427949999342673
11	13	-3.1157949999324046
11	13	-2.922982499934733
11	13	-2.7227949999505654
11	13	-2.492294999945443
11	13	-2.4024824999505654
11	13	-2.355576249945443
11	13	-2.35176374996081
11	13	-2.2214824999682605
11	13	-2.18151374993613
11	13	-1.882483499997761
11	13	-1.7487335000187159
11	13	-1.3531397500191815
11	13	-1.2549834999954328
11	13	-1.028546000015922
11	13	-0.7980147500056773
11	13	-0.6697647499968298
11	13	-0.5877960000070743
11	13	-0.45745225000428036
11	13	-0.28848350001499057
11	13	-0.20804599998518825
11	13	-0.11760850000428036
11	13	-0.08329599996795878
11	13	0.04132900002878159
11	13	0.07879775000037625
11	13	0.2161727499915287
11	13	0.41276550001930445
11	13	0.535140499996487
11	13	0.5872967500472441
11	13	0.8547655000002123
11	13	0.91889050003374
11	13	1.48529675003374
11	13	1.8597342499997467
11	13	1.9173905000207014
11	14	-5.971168749965727
11	14	-5.7738249999820255
11	14	-5.678918749967124
11	14	-5.416168749972712
11	14	-5.2855437499820255
11	14	-5.225637499999721
11	14	-5.0147624999517575
11	14	-4.864574999955948
11	14	-4.83404474996496
11	14	-4.705732249945868
11	14	-4.5423572499421425
11	14	-4.372325999953318
11	14	-4.133888499985915
11	14	-3.9737947499379516
11	14	-3.7979509999859147
11	14	-3.726138499972876
11	14	-3.4906384999630973
11	14	-3.131044749985449
11	14	-3.0939822499640286
11	14	-3.0459509999491274
11	14	-2.9300134999793954
11	14	-2.770107249962166
11	14	-2.552263499936089
11	14	-2.359014499990735
11	14	-2.236389500030782
11	14	-2.0670457500382327
11	14	-2.030139499984216
11	14	-1.9918582499958575
11	14	-1.9001707499846816
11	14	-1.8850457500084303
11	14	-1.8397957499837503
11	14	-1.6952957499888726
11	14	-1.5326707499916665
11	14	-1.4638895000098273
11	14	-1.3138270000345074
11	14	-1.130983249982819
11	14	-0.6838894999818876
11	14	-0.4680769999977201
11	14	-0.23726449999958277
11	14	0.06879799999296665
11	14	0.11320424999576062
11	14	0.23179699998581782
11	14	0.28407824999885634
11	14	1.0057345000095665
11	14	1.064265749999322
11	14	1.5388282500207424
11	14	1.7638282499974594
11	14	1.9465157500235364
11	14	1.9623282499960624
11	15	-5.832730750029441
11	15	-5.782605750078801
11	15	-5.708449500030838
11	15	-5.604356750031002
11	15	-5.531169250025414
11	15	-5.281294250045903
11	15	-4.844294250011444
11	15	-4.313106750021689
11	15	-4.285106750030536
11	15	-4.06841925001936
11	15	-3.8291067500249483
11	15	-3.8037317500566132
11	15	-3.783544250065461
11	15	-3.6018567500286736
11	15	-3.5897317500202917
11	15	-3.388388000021223
11	15	-3.157451500010211
11	15	-2.9420765000395477
11	15	-2.6978265000507236
11	15	-2.6952327500330284
11	15	-2.312795250036288
11	15	-2.1472015000181273
11	15	-1.9461702500120737
11	15	-1.800045250041876
11	15	-1.6955452500260435
11	15	-1.6048890000092797
11	15	-1.4482014999957755
11	15	-1.3742952500469983
11	15	-1.2205764999962412
11	15	-1.153357750037685
11	15	-1.1264515000511892
11	15	-0.9872327500488609
11	15	-0.9214515000348911
11	15	-0.7877014999976382
11	15	-0.6597337500425056
11	15	-0.3830150000867434
11	15	-0.2338587500853464
11	15	-0.11576500005321577
11	15	-0.0580775000853464
11	15	0.24695374991279095
11	15	0.2671099999570288
11	15	0.27120374992955476
11	15	0.6946412499528378
11	15	0.7619224999216385
11	15	1.1956099999370053
11	15	1.368359999905806
11	15	1.57848499994725
11	15	1.8872339999652468
11	16	-5.917856500018388
11	16	-4.912857500021346
11	16	-4.795482499990612
11	16	-4.738701249996666
11	16	-4.62157625000691
11	16	-4.612795000022743
11	16	-4.45688875002088
11	16	-4.196451249998063
11	16	-4.129013750003651
11	16	-4.098669999977574
11	16	-4.0709200000273995
11	16	-4.024982500006445
11	16	-3.9827012500027195
11	16	-3.87295124999946
11	16	-3.7473262500134297
11	16	-3.6816387500148267
11	16	-3.4305137500050478
11	16	-3.2921387500246055
11	16	-2.4839834999875166
11	16	-1.265483499970287
11	16	-1.0994522499968298
11	16	-1.0190147499670275
11	16	-0.9410459999926388
11	16	-0.855014749977272
11	16	-0.6157022499828599
11	16	-0.19692199997371063
11	16	0.008921750006265938
11	16	0.41960925003513694
11	16	0.9404217500123195
11	16	1.0034217500360683
11	16	1.5431092500220984
11	16	1.8848592500435188
11	16	1.92220199998701
11	16	1.9691707500023767
11	17	-5.934825250005815
11	17	-5.90035650000209
11	17	-5.897044000041205
11	17	-5.6379815000109375
11	17	-5.6272940000053495
11	17	-5.344951250008307
11	17	-5.280045000021346
11	17	-4.898419999983162
11	17	-4.636326249979902
11	17	-4.47642000002088
11	17	-4.447888750000857
11	17	-4.297388750012033
11	17	-4.256513750005979
11	17	-4.2483262500027195
11	17	-4.121607500012033
11	17	-3.866576250002254
11	17	-3.641763749998063
11	17	-3.555419999989681
11	17	-3.497795000032056
11	17	-3.1217012500273995
11	17	-3.0825137500069104
11	17	-2.778014749987051
11	17	-2.5488584999693558
11	17	-2.2690147499670275
11	17	-2.118702250008937
11	17	-2.061577250016853
11	17	-1.9018584999721497
11	17	-1.6930459999712184
11	17	-1.5389522499754094
11	17	-1.3991397499921732
11	17	-1.2819522499921732
11	17	-1.1816085000173189
11	17	-1.0693272500066087
11	17	-0.8286709999665618
11	17	-0.37029699998674914
11	17	-0.20945324999047443
11	17	-0.2059845000039786
11	17	-0.1241407499765046
11	17	0.38914050004677847
11	17	0.4279530000058003
11	17	0.4417030000477098
11	17	0.4728280000272207
11	17	0.7062655000481755
11	17	0.7808280000463128
11	17	0.9481404999969527
11	17	1.0433279999997467
11	17	1.123953000002075
11	17	1.3614530000486411
11	17	1.4430780000402592
11	17	1.7683905000449158
11	17	1.9104530000477098
11	18	-5.985669000074267
11	18	-5.920325250073802
11	18	-5.905201250046957
11	18	-5.702076250046957
11	18	-5.627482500043698
11	18	-5.448107500036713
11	18	-5.3575137500301935
11	18	-5.269482500036247
11	18	-4.913107500062324
11	18	-4.642638750025071
11	18	-4.499201250029728
11	18	-4.312545000051614
11	18	-4.1909825000329874
11	18	-3.7713887500576675
11	18	-3.7312950000632554
11	18	-3.6722950000548735
11	18	-3.562326250015758
11	18	-3.383170999994036
11	18	-3.372421000036411
11	18	-3.359358500048984
11	18	-3.24298350000754
11	18	-3.2265772499958985
11	18	-3.12907725002151
11	18	-2.694577250047587
11	18	-2.68995225004619
11	18	-2.5744522500317544
11	18	-2.422171000041999
11	18	-2.419608500029426
11	18	-2.323889749997761
11	18	-2.2333897500066087
11	18	-1.8892334999982268
11	18	-1.863764750014525
11	18	-1.1342960000038147
11	18	-0.9975772500038147
11	18	-0.9029844999895431
11	18	-0.8065782500198111
11	18	-0.6572032499825582
11	18	-0.515234499995131
11	18	-0.3503595000365749
11	18	-0.2493595000123605
11	18	0.012140500009991229
11	18	0.3432967499829829
11	18	1.1171092499862425
11	18	1.430390499997884
11	18	1.474077999999281
11	19	-5.985075499978848
11	19	-5.977919250028208
11	19	-5.768825499981176
11	19	-5.737325499998406
11	19	-5.676106750033796
11	19	-5.669638000021223
11	19	-5.569637999986298
11	19	-5.534512999991421
11	19	-5.177481750026345
11	19	-4.940544250013772
11	19	-4.73020049999468
11	19	-4.671200499986298
11	19	-4.547856750024948
11	19	-4.406856750021689
11	19	-4.250513000006322
11	19	-4.167200500029139
11	19	-4.1239192499779165
11	19	-4.096044250007253
11	19	-4.080012999998871
11	19	-3.9297317499876954
11	19	-3.880263000028208
11	19	-3.795450499979779
11	19	-3.690200500015635
11	19	-3.4108577499864623
11	19	-3.3852639999822713
11	19	-3.33988899999531
11	19	-3.252513999992516
11	19	-3.0420765000162646
11	19	-3.033889000013005
11	19	-2.892326499975752
11	19	-2.7942015000153333
11	19	-2.6918577500036918
11	19	-2.5459827500162646
11	19	-2.489388999994844
11	19	-2.4455140000209212
11	19	-2.2553577499929816
11	19	-2.177482749975752
11	19	-2.018857749993913
11	19	-1.85779525001999
11	19	-1.700420250010211
11	19	-1.3235764999990351
11	19	-1.0728899999521673
11	19	-1.0589212499908172
11	19	-0.5177024999866262
11	19	-0.43692124995868653
11	19	-0.391046250006184
11	19	-0.3459525000071153
11	19	0.20148500002687797
11	19	0.4620787500170991
11	19	0.8403287500259466
11	19	0.9708600000012666
11	19	1.3495152500108816
11	19	1.5331715000211261
11	19	1.6087965000187978
11	19	1.760015250009019
11	19	1.870046500058379
11	19	1.8730465000262484
11	20	-5.970825249969494
11	20	-5.842231500020716
11	20	-5.202356499969028
11	20	-5.10676275001606
11	20	-5.0165440000128
11	20	-4.829825249966234
11	20	-4.8245439999736845
11	20	-4.6123877500067465
11	20	-4.5788564999820665
11	20	-4.472231499967165
11	20	-4.336512750014663
11	20	-4.206076250062324
11	20	-4.173076250066515
11	20	-4.062482500041369
11	20	-3.8094825000152923
11	20	-3.698326250014361
11	20	-3.4320137500180863
11	20	-3.411545000039041
11	20	-3.3328887500683777
11	20	-3.0189825000124983
11	20	-2.8671700000413693
11	20	-2.668951250030659
11	20	-2.335982500051614
11	20	-2.165013750025537
11	20	-2.0266387500450946
11	20	-2.0087325000204146
11	20	-1.8134200000204146
11	20	-1.761045000050217
11	20	-1.719952250015922
11	20	-1.1867960000527091
11	20	-0.9886710000573657
11	20	-0.9243272500461899
11	20	-0.9227960000280291
11	20	-0.7769210000406019
11	20	-0.4713272500084713
11	20	-0.08998350001638755
11	20	0.22539149998920038
11	20	0.2673914999468252
11	20	0.28489149996312335
11	20	0.991859250003472
11	20	1.1590779999969527
11	20	1.196734249999281
11	20	1.2484842499834485
11	20	1.5050467500113882
11	20	1.8710154999862425
12	1	-5.983481249946635
12	1	-5.251762499974575
12	1	-5.22019999998156
12	1	-5.214731249958277
12	1	-4.920481249981094
12	1	-4.318513499980327
12	1	-4.310950999963097
12	1	-4.008294749946799
12	1	-3.8776697499561124
12	1	-3.8449822499533184
12	1	-3.672950999927707
12	1	-3.6602322499384172
12	1	-3.420919749944005
12	1	-3.2091072499752045
12	1	-3.1008572499849834
12	1	-2.9256072499556467
12	1	-2.7765134999644943
12	1	-2.6434822499286383
12	1	-2.311295750027057
12	1	-1.7427957499749027
12	1	-1.6935769999981858
12	1	-1.4620144999935292
12	1	-1.4185145000228658
12	1	-1.3052020000177436
12	1	-1.0394519999972545
12	1	-0.9703582500224002
12	1	-0.9465770000242628
12	1	-0.750452000007499
12	1	-0.5093582500121556
12	1	-0.22738950001075864
12	1	-0.12710824998794124
12	1	0.15695324999978766
12	1	0.1758595000137575
12	1	0.1825470000039786
12	1	0.287453250028193
12	1	0.298453250026796
12	1	0.6615157499909401
12	1	0.793109500024002
12	1	0.8246407500118949
12	1	1.1370782500016503
12	1	1.2904532499960624
12	1	1.6350157500128262
12	1	1.6583907500025816
12	1	1.983265749993734
12	1	1.9921094999881461
12	2	-5.8636377500370145
12	2	-5.221451250021346
12	2	-5.012701250030659
12	2	-4.7611075000604615
12	2	-4.280701250012498
12	2	-4.164201250066981
12	2	-3.9869512500590645
12	2	-3.767545000067912
12	2	-3.3246075000497513
12	2	-3.216452250024304
12	2	-2.777733499999158
12	2	-2.7684522500494495
12	2	-2.3778897500014864
12	2	-2.1898272500257008
12	2	-1.9533585000317544
12	2	-1.7319522500038147
12	2	-1.6194522500154562
12	2	-1.3455460000550374
12	2	-0.9342335000401363
12	2	-0.9182647500419989
12	2	-0.7746710000210442
12	2	-0.6755470000789501
12	2	-0.6582657500985079
12	2	-0.6193282500607893
12	2	-0.20639075007056817
12	2	-0.03954700008034706
12	2	0.235640499915462
12	2	0.39114049990894273
12	2	0.5221404999028891
12	2	0.7377029999042861
12	2	0.8434529999503866
12	2	1.0794529999257065
12	2	1.3026404999545775
12	3	-5.977043250051793
12	3	-5.966262000030838
12	3	-5.07851300004404
12	3	-4.989888000010978
12	3	-4.782075500057545
12	3	-4.675794250040781
12	3	-4.537888000020757
12	3	-4.443106750026345
12	3	-4.291481750027742
12	3	-4.010044250055216
12	3	-3.9226067500421777
12	3	-3.4218567500356585
12	3	-3.2764817500137724
12	3	-3.0284202500479296
12	3	-3.018545250000898
12	3	-2.758826500037685
12	3	-2.328201500000432
12	3	-2.2284202500013635
12	3	-2.0520452500204556
12	3	-1.6958577500190586
12	3	-1.5878890000167303
12	3	-1.5567015000269748
12	3	-1.3303890000097454
12	3	-1.2609202500316314
12	3	-1.0512014999985695
12	3	-0.8372640000307001
12	3	-0.7639827500097454
12	3	-0.6009837500168942
12	3	-0.5036400000099093
12	3	-0.1608587499940768
12	3	-0.14457750000292435
12	3	-0.090077500033658
12	3	-0.08270249998895451
12	3	-0.05251499998848885
12	3	0.08604749996447936
12	3	0.4940787499654107
12	3	0.5863912500208244
12	3	0.6991724999970756
12	3	0.8224225000012666
12	3	0.9809849999728613
12	3	1.0069537499803118
12	3	1.1006724999751896
12	3	1.1735162499826401
12	3	1.234797500015702
12	3	1.3789225000073202
12	3	1.7772037499817088
12	3	1.9406402499298565
12	4	-5.959981749998406
12	4	-5.949794250016566
12	4	-5.772263000020757
12	4	-5.640513000020292
12	4	-5.486731750017498
12	4	-5.2352952499641106
12	4	-5.025920249987394
12	4	-5.005701499991119
12	4	-4.757576500007417
12	4	-4.443857749982271
12	4	-4.25748274999205
12	4	-4.127732749970164
12	4	-4.072451499989256
12	4	-3.837857750011608
12	4	-3.6943890000111423
12	4	-3.6383264999603853
12	4	-3.6042327499599196
12	4	-3.1893890000064857
12	4	-3.1054514999850653
12	4	-2.933826499967836
12	4	-2.7003587499493733
12	4	-1.9872962499503046
12	4	-1.6922962499666028
12	4	-1.4289212499861605
12	4	-1.2006399999954738
12	4	-0.9883899999549612
12	4	-0.9172649999964051
12	4	-0.6935462499968708
12	4	-0.5937962499447167
12	4	-0.3588274999638088
12	4	-0.3438899999600835
12	4	-0.11926599993603304
12	4	0.29470275004860014
12	4	0.3012965000234544
12	4	0.3579527500551194
12	4	0.6996715000132099
12	4	1.0756090000504628
12	4	1.091859000036493
12	4	1.1229840000160038
12	4	1.1383590000332333
12	4	1.4467965000658296
12	4	1.6232652500621043
12	4	1.6294527500285767
12	4	1.6517652500187978
12	4	1.6616715000127442
12	4	1.8834840000490658
12	5	-5.913637500081677
12	5	-5.907918750075623
12	5	-5.871356250077952
12	5	-5.862637500045821
12	5	-5.645043750060722
12	5	-5.4991062500630505
12	5	-5.321981250075623
12	5	-5.091638500045519
12	5	-4.720701000012923
12	5	-4.608232250029687
12	5	-4.494326000043657
12	5	-4.483482250070665
12	5	-3.981826000032015
12	5	-3.905419750022702
12	5	-3.852419750066474
12	5	-3.839326000015717
12	5	-3.4499197500408627
12	5	-3.4395135000231676
12	5	-3.0167322500492446
12	5	-2.587733250053134
12	5	-2.5757645000121556
12	5	-2.4276395000051707
12	5	-2.3356395000009798
12	5	-2.152014500054065
12	5	-1.761983250034973
12	5	-1.5076082500163466
12	5	-1.2053582500084303
12	5	-1.1691707500140183
12	5	-1.030264500004705
12	5	-0.6652020000037737
12	5	-0.47870200005127117
12	5	-0.10829674999695271
12	5	0.13398449996020645
12	5	0.1626094999955967
12	5	0.5056094999890774
12	5	0.6036719999974594
12	5	0.7055782499955967
12	5	0.740953249973245
12	5	0.7593594999634661
12	5	1.0719219999737106
12	5	1.1178907499997877
12	5	1.2047344999737106
12	5	1.415296999970451
12	5	1.6268907499616034
12	5	1.653390749997925
12	6	-5.824075249955058
12	6	-5.610075249976944
12	6	-5.602918999968097
12	6	-5.5987002499750815
12	6	-5.592575249960646
12	6	-5.380106499942485
12	6	-5.292825249955058
12	6	-5.107168999966234
12	6	-5.068481499969494
12	6	-4.947731499967631
12	6	-4.633388750022277
12	6	-4.531669999996666
12	6	-4.189201250032056
12	6	-4.1705137499957345
12	6	-4.164326250029262
12	6	-4.098607500025537
12	6	-4.060701250040438
12	6	-3.913451250002254
12	6	-3.8417637500097044
12	6	-3.798451250011567
12	6	-3.692795000039041
12	6	-3.603951250028331
12	6	-3.5166387500357814
12	6	-3.3173262500204146
12	6	-3.304107500007376
12	6	-2.977326249994803
12	6	-2.7901387499878183
12	6	-2.568420000025071
12	6	-2.3442022500094026
12	6	-2.14532725000754
12	6	-1.5532959999982268
12	6	-1.3769522500224411
12	6	-1.335702250013128
12	6	-1.1231709999847226
12	6	-0.9808897500042804
12	6	-0.7192335000145249
12	6	-0.70782725000754
12	6	-0.44745224999496713
12	6	-0.41351475002011284
12	6	-0.28717099997447804
12	6	-0.10692099999869242
12	6	-0.028795999998692423
12	6	-0.0074834999977611005
12	6	0.18067174998577684
12	6	0.4171717499848455
12	6	0.44379674998344854
12	6	0.4803904999862425
12	6	0.6877654999843799
12	6	0.8821405000053346
12	6	1.471109250036534
12	6	1.4910155000397936
12	6	1.5150467500207014
12	6	1.5745779999997467
12	6	1.587578000035137
12	6	1.8421717500314116
12	6	1.9682967499829829
12	6	1.9827967500314116
12	7	-5.896106750005856
12	7	-5.791481749969535
12	7	-5.15698174998397
12	7	-4.867606749990955
12	7	-4.85657549998723
12	7	-4.686825499986298
12	7	-4.676106749975588
12	7	-4.456482750014402
12	7	-4.230889000056777
12	7	-4.226482750033028
12	7	-4.190107750007883
12	7	-4.023264000017662
12	7	-3.8552640000125393
12	7	-3.792639000050258
12	7	-3.6574202500050887
12	7	-3.3504515000386164
12	7	-3.3367015000549145
12	7	-2.8688577500288375
12	7	-2.7232952500344254
12	7	-2.650170250039082
12	7	-2.515170250029769
12	7	-2.3720765000325628
12	7	-2.3625140000367537
12	7	-2.2284202500013635
12	7	-2.0054212500108406
12	7	-1.906077500025276
12	7	-1.8917337500024587
12	7	-1.4873275000136346
12	7	-1.4750150000327267
12	7	-1.3300462500192225
12	7	-1.1570462500094436
12	7	-1.141171250026673
12	7	-1.0828900000196882
12	7	-0.8506712500238791
12	7	-0.7033275000285357
12	7	-0.4673587500001304
12	7	-0.26667124999221414
12	7	-0.12526500003878027
12	7	0.04089124995516613
12	7	0.051485000003594905
12	7	0.12520374997984618
12	7	0.25917249999474734
12	7	0.5537964999675751
12	7	0.5712964999838732
12	7	0.901671500003431
12	7	1.550608999968972
12	7	1.5576402500155382
12	8	-5.713106249982957
12	8	-5.623699999996461
12	8	-5.487043749948498
12	8	-5.430668749962933
12	8	-5.418231249961536
12	8	-4.936981249949895
12	8	-4.851918749976903
12	8	-4.780824999965262
12	8	-4.559012499987148
12	8	-4.419262499955948
12	8	-4.325825999956578
12	8	-4.231888499984052
12	8	-4.0796697499463335
12	8	-4.070169749960769
12	8	-3.7437634999514557
12	8	-3.525857249973342
12	8	-3.1293259999365546
12	8	-3.1185759999789298
12	8	-2.6212947499589063
12	8	-2.507388499972876
12	8	-2.3728572499821894
12	8	-2.298794749949593
12	8	-2.2879509999766015
12	8	-2.024732249963563
12	8	-1.8004832500009798
12	8	-1.6760457499767654
12	8	-1.4276395000051707
12	8	-1.1923582500312477
12	8	-1.061327000032179
12	8	-1.0487332500051707
12	8	-0.7356395000242628
12	8	-0.6687645000056364
12	8	-0.40273324999725446
12	8	-0.284889500006102
12	8	-0.21248325001215562
12	8	-0.203764499980025
12	8	0.10136049997527152
12	8	0.1693292499985546
12	8	0.4410480000078678
12	8	0.4497354999766685
12	8	0.6998594999895431
12	8	0.742515749996528
12	8	0.8142344999941997
12	8	1.138297000026796
12	8	1.1501719999941997
12	8	1.4808907500118949
12	8	1.4957345000002533
12	8	1.715390750032384
12	8	1.927672000019811
12	9	-5.534450500039384
12	9	-5.411013000004459
12	9	-5.2245755000039935
12	9	-5.1952942500356585
12	9	-4.814763000002131
12	9	-4.537263999984134
12	9	-4.523763999983203
12	9	-4.1928577499929816
12	9	-4.182732750021387
12	9	-3.9855452500050887
12	9	-3.8768577500013635
12	9	-3.826420249999501
12	9	-3.7698577499832027
12	9	-3.632763999979943
12	9	-3.5111390000092797
12	9	-3.3807952500064857
12	9	-3.2690452500246465
12	9	-3.256139000004623
12	9	-3.0199514999985695
12	9	-2.994951500033494
12	9	-2.6756077500176616
12	9	-2.5472014999832027
12	9	-2.249889000027906
12	9	-2.138107749982737
12	9	-2.102764000010211
12	9	-1.9525775000220165
12	9	-1.649577500007581
12	9	-1.3491400000057183
12	9	-1.2258274999912828
12	9	-1.0986087499768473
12	9	-0.8745462499791756
12	9	-0.7247962499968708
12	9	-0.7059212499880232
12	9	-0.528796250000596
12	9	-0.2167650000192225
12	9	0.269828749995213
12	9	0.28076624998357147
12	9	0.4187037500087172
12	9	0.6982964999624528
12	9	0.7619839999824762
12	9	0.8917339999461547
12	9	1.1899527499335818
12	9	1.3857964999624528
12	9	1.4131089999573305
12	9	1.7069214999792166
12	9	1.9032027499633841
12	10	-5.917137750075199
12	10	-5.907887750072405
12	10	-5.250637750024907
12	10	-5.086200250021648
12	10	-4.915606500057038
12	10	-4.9073252500384115
12	10	-4.690481500059832
12	10	-4.505012750043534
12	10	-4.248701250064187
12	10	-3.961732500058133
12	10	-3.8351075000246055
12	10	-3.7842950000194833
12	10	-3.696795000054408
12	10	-3.6883887500152923
12	10	-3.4947637500590645
12	10	-3.0860450000618584
12	10	-3.08288875001017
12	10	-3.0211387500166893
12	10	-2.728138750011567
12	10	-2.4329825000604615
12	10	-2.421513750043232
12	10	-1.9897950000595301
12	10	-1.9309522500261664
12	10	-1.670202250010334
12	10	-1.402421000006143
12	10	-1.394608500006143
12	10	-1.1788897500373423
12	10	-0.9050460000289604
12	10	-0.5662647500284947
12	10	-0.32104599999729544
12	10	-0.27717100002337247
12	10	0.0349539999733679
12	10	0.43486024998128414
12	10	0.7282654999289662
12	10	0.7531404999317601
12	10	1.1670467499061488
12	10	1.2763904999592341
12	10	1.3630467499024235
12	10	1.3951092499191873
12	10	1.4234842499135993
12	10	1.455234249937348
12	10	1.6358904999215156
12	10	1.6533279999275692
12	10	1.6876092499587685
12	10	1.8859217499266379
12	10	1.927359249908477
12	11	-5.99420050001936
12	11	-5.885231750027742
12	11	-5.73638800001936
12	11	-5.525106750021223
12	11	-5.3562317500473
12	11	-5.268356750020757
12	11	-5.081981750030536
12	11	-4.718700500030536
12	11	-4.706419249996543
12	11	-4.453950499999337
12	11	-4.316731750033796
12	11	-4.2064817500067875
12	11	-4.058794250013307
12	11	-3.7652952499920502
12	11	-3.7549202499794774
12	11	-3.5825452500139363
12	11	-3.392982750025112
12	11	-3.2370765000232495
12	11	-3.0958265000372194
12	11	-2.9320765000302345
12	11	-2.665576500003226
12	11	-2.5993889999808744
12	11	-2.48832649999531
12	11	-2.416263999999501
12	11	-2.387076499988325
12	11	-2.168357749993447
12	11	-2.151076500013005
12	11	-2.104295250028372
12	11	-2.010451500013005
12	11	-1.7032327500055544
12	11	-1.6255765000241809
12	11	-1.611295250011608
12	11	-1.350327499967534
12	11	-1.3153274999931455
12	11	-1.2642337500001304
12	11	-1.1553275000187568
12	11	-0.8115462500136346
12	11	-0.8010774999856949
12	11	-0.38232749997405335
12	11	-0.20623374998103827
12	11	0.09954750002361834
12	11	0.11239125003339723
12	11	0.4236725000082515
12	11	0.4503287500119768
12	11	0.7785162500222214
12	11	0.8707662500091828
12	11	1.076421500009019
12	11	1.316577750025317
12	11	1.4136402500444092
12	11	1.451734000002034
12	11	1.8955777499941178
12	12	-5.973137749999296
12	12	-5.825575250026304
12	12	-5.455231499974616
12	12	-5.1523564999806695
12	12	-4.4860762499738485
12	12	-4.4167949999682605
12	12	-4.087294999975711
12	12	-3.8062012500013225
12	12	-3.6539512500166893
12	12	-3.4099512500106357
12	12	-3.363701249996666
12	12	-3.20232624997152
12	12	-2.9885449999710545
12	12	-2.9783887499943376
12	12	-2.729763749986887
12	12	-2.514045999967493
12	12	-2.4379209999460727
12	12	-2.2280460000038147
12	12	-2.1181084999698214
12	12	-2.0517334999749437
12	12	-1.977545999980066
12	12	-1.8923584999865852
12	12	-1.8793897499563172
12	12	-1.6751397499465384
12	12	-1.6493584999698214
12	12	-1.1992022499907762
12	12	-1.001170999952592
12	12	-0.9596397499553859
12	12	-0.4250459999893792
12	12	-0.15910849999636412
12	12	-0.023515749955549836
12	12	0.12460925005143508
12	12	0.3246092500630766
12	12	0.4932030000491068
12	12	1.103203000035137
12	12	1.1222030000644736
12	12	1.2067030000616796
12	13	-5.873418999952264
12	13	-5.651856499956921
12	13	-5.5982939999667
12	13	-5.378418999956921
12	13	-5.197387749969494
12	13	-5.052887749974616
12	13	-4.710918999975547
12	13	-4.425732499919832
12	13	-4.11676374997478
12	13	-4.047576249926351
12	13	-4.007326249964535
12	13	-3.8125137499300763
12	13	-3.657669999927748
12	13	-3.643576249945909
12	13	-3.6292324999230914
12	13	-3.618857499968726
12	13	-3.2461387499351986
12	13	-3.1972012499463744
12	13	-3.078826249926351
12	13	-3.063919999927748
12	13	-2.7581074999761768
12	13	-2.6280449999612756
12	13	-2.5122949999640696
12	13	-2.3018574999296106
12	13	-2.0933272499823943
12	13	-1.9572334999684244
12	13	-1.945983499987051
12	13	-1.640295999997761
12	13	-1.418233499978669
12	13	-1.4104522499837913
12	13	-1.071827250008937
12	13	-1.0480147500056773
12	13	-0.9342647499870509
12	13	-0.7780147499870509
12	13	-0.6505147499847226
12	13	-0.22757724998518825
12	13	0.06623524997849017
12	13	0.21951650001574308
12	13	0.5120467499946244
12	13	0.5475467499927618
12	13	0.8253905000165105
12	13	1.0044530000304803
12	13	1.1843280000030063
12	13	1.349296750035137
12	13	1.3621405000449158
12	14	-5.795574999996461
12	14	-5.383731249952689
12	14	-5.373606249981094
12	14	-5.371731249964796
12	14	-4.9620437499834225
12	14	-4.894762499956414
12	14	-4.572482249990571
12	14	-4.366357249964494
12	14	-4.1233572499477305
12	14	-4.107575999980327
12	14	-3.8724509999738075
12	14	-3.856575999991037
12	14	-3.5833884999738075
12	14	-3.56123224995099
12	14	-3.275857249973342
12	14	-3.2197009999654256
12	14	-3.18232599995099
12	14	-3.027638499974273
12	14	-3.007044749974739
12	14	-2.9736072499654256
12	14	-2.8123884999658912
12	14	-2.6846384999807924
12	14	-2.625794749939814
12	14	-2.454232249991037
12	14	-2.009108250029385
12	14	-1.9998270000214688
12	14	-1.6117020000237972
12	14	-1.518952000013087
12	14	-1.179733249999117
12	14	-1.0651395000168122
12	14	-1.0569207500084303
12	14	-0.8682332499884069
12	14	-0.4582957500242628
12	14	-0.41863949998514727
12	14	0.06357925001066178
12	14	0.18648450000910088
12	14	0.20826575002865866
12	14	0.23395324999000877
12	14	0.5167345000081696
12	14	0.5255782500025816
12	14	0.592515749973245
12	14	0.6085469999816269
12	14	0.877671999973245
12	14	0.9271719999960624
12	14	0.9391407499788329
12	14	1.029234500019811
12	14	1.036734500026796
12	14	1.05214074999094
12	14	1.17651575000491
12	14	1.215046999976039
12	14	1.279421999992337
12	14	1.434765750018414
12	14	1.6288282499881461
12	14	1.8992032500100322
12	14	1.959515750000719
12	14	1.9654219999792986
12	15	-5.808699500048533
12	15	-5.671262000047136
12	15	-5.507388000027277
12	15	-5.493669250048697
12	15	-5.402763000049163
12	15	-5.166950500046369
12	15	-4.946888000064064
12	15	-4.8757630000473
12	15	-4.846075500012375
12	15	-4.681544250051957
12	15	-4.470856750034727
12	15	-4.364731750043575
12	15	-4.3538255000603385
12	15	-4.304075500054751
12	15	-4.028638000017963
12	15	-3.82270050002262
12	15	-3.6678567500202917
12	15	-3.5352317500510253
12	15	-3.404856750043109
12	15	-2.985264000017196
12	15	-2.7832327500218526
12	15	-2.3305140000302345
12	15	-2.320076500007417
12	15	-2.0267640000092797
12	15	-1.8885765000013635
12	15	-1.6661390000372194
12	15	-1.6488890000036918
12	15	-1.4304202500497922
12	15	-1.391514000017196
12	15	-0.9793577500386164
12	15	-0.8142952500493266
12	15	-0.6755462500732392
12	15	-0.5003275000490248
12	15	-0.48685875005321577
12	15	-0.27414000005228445
12	15	-0.10264000005554408
12	15	0.07242249994305894
12	15	0.26029749994631857
12	15	0.2790787499397993
12	15	0.48132874991279095
12	15	0.49023499991744757
12	15	0.9411724999081343
12	15	1.1192349999328144
12	15	1.3403912499197759
12	15	1.50035999994725
12	15	1.5195162499439903
12	16	-5.686200249998365
12	16	-5.522107500000857
12	16	-5.324951249989681
12	16	-5.109669999976177
12	16	-4.916763750021346
12	16	-4.5959825000027195
12	16	-4.443763750023209
12	16	-4.216919999977108
12	16	-4.203638750012033
12	16	-3.855076249979902
12	16	-3.788576250022743
12	16	-3.5417325000162236
12	16	-3.491794999979902
12	16	-3.4530762499780394
12	16	-3.442544999998063
12	16	-2.9055772499996237
12	16	-2.898077249992639
12	16	-2.71235849999357
12	16	-2.6999835000024177
12	16	-2.4640459999791346
12	16	-2.238545999978669
12	16	-2.221045999962371
12	16	-2.0138897500000894
12	16	-1.96954600000754
12	16	-1.8928272500052117
12	16	-1.6952334999805316
12	16	-1.6434522499912418
12	16	-1.6218585000024177
12	16	-1.6080460000084713
12	16	-1.0051709999679588
12	16	-0.8959522499935701
12	16	-0.7030459999805316
12	16	-0.3033907499630004
12	16	-0.18142199999419972
12	16	0.013671750028152019
12	16	0.10723424999741837
12	16	0.20064049999928102
12	16	0.3193905000225641
12	16	0.5418280000449158
12	16	0.7875467500416562
12	16	1.4688905000220984
12	16	1.5963592500193045
12	16	1.8232342500123195
12	16	1.9811707499902695
12	17	-5.4148574999999255
12	17	-4.975638750009239
12	17	-4.863638749986421
12	17	-4.759076250018552
12	17	-4.726826250029262
12	17	-4.26685750001343
12	17	-3.831138750014361
12	17	-3.8274512499920093
12	17	-3.813638749998063
12	17	-3.8094200000050478
12	17	-3.6304200000013225
12	17	-3.3393262500176206
12	17	-3.310763749992475
12	17	-2.927702250017319
12	17	-2.9067022500094026
12	17	-2.750483500014525
12	17	-2.623202249989845
12	17	-2.4249522499740124
12	17	-2.201358499994967
12	17	-1.8556397500215098
12	17	-1.8143897500121966
12	17	-1.7117022500024177
12	17	-1.4866397500154562
12	17	-1.4444210000219755
12	17	-1.3346397500135936
12	17	-0.8368897499749437
12	17	-0.7930147500010207
12	17	-0.7355147500056773
12	17	-0.6801397500094026
12	17	-0.639452249975875
12	17	-0.5149844999541529
12	17	-0.27667200000723824
12	17	-0.15445324999745935
12	17	-0.005484499968588352
12	17	0.1552967500174418
12	17	0.43610925000393763
12	17	0.6756092500290833
12	17	0.8268280000193045
12	17	0.9362030000193045
12	17	1.0287342499941587
12	17	1.1581405000179075
12	17	1.3245779999997467
12	17	1.5311092500342056
12	17	1.544921750028152
12	17	1.7442030000383966
12	18	-5.974700250022579
12	18	-5.965325250057504
12	18	-5.712670000037178
12	18	-5.532607500033919
12	18	-5.334701250016224
12	18	-4.991513750050217
12	18	-4.69720125006279
12	18	-4.540732500026934
12	18	-4.527982500032522
12	18	-4.360826250049286
12	18	-4.209451250033453
12	18	-3.9757325000246055
12	18	-3.947420000040438
12	18	-3.653607500018552
12	18	-3.5149200000450946
12	18	-3.423888750025071
12	18	-3.313421000028029
12	18	-3.2885772500303574
12	18	-2.7397334999986924
12	18	-2.65023349999683
12	18	-2.3055147500126623
12	18	-2.1788272500270978
12	18	-1.8927022500429302
12	18	-1.8464835000340827
12	18	-1.649358500028029
12	18	-1.1940147500135936
12	18	-1.1092335000284947
12	18	-0.7568595000193454
12	18	-0.7135782500263304
12	18	-0.5294219999923371
12	18	-0.41698450001422316
12	18	-0.392922000028193
12	18	0.0793279999634251
12	18	0.33039049996295944
12	18	0.3389529999694787
12	18	0.7872654999955557
12	18	1.1465154999750666
12	18	1.4260154999792576
12	18	1.9446394999977201
12	18	1.9755144999944605
12	18	1.9859832500224002
12	19	-5.916575499984901
12	19	-5.786325499997474
12	19	-5.7309505000011995
12	19	-5.636794249992818
12	19	-5.457825499994215
12	19	-5.442450499976985
12	19	-5.189138000016101
12	19	-5.160388000018429
12	19	-5.063075500016566
12	19	-4.890669249987695
12	19	-4.687638000003062
12	19	-4.595794250024483
12	19	-4.561013000027742
12	19	-4.26473175000865
12	19	-4.063356750004459
12	19	-3.9361067499849014
12	19	-3.4427639999776147
12	19	-3.4351390000083484
12	19	-2.8347015000181273
12	19	-2.823982750007417
12	19	-2.5862639999832027
12	19	-2.3069515000097454
12	19	-2.248201499984134
12	19	-2.038920249964576
12	19	-2.0218889999669045
12	19	-2.0121389999985695
12	19	-1.5752327499794774
12	19	-1.2592639999929816
12	19	-1.1692952499724925
12	19	-0.9577337499940768
12	19	-0.9437337499693967
12	19	-0.9016399999964051
12	19	-0.5217962499591522
12	19	-0.3776399999624118
12	19	0.27835999999661
12	19	0.28504750004503876
12	19	0.2999225000385195
12	19	0.4391725000459701
12	19	0.5327037500101142
12	19	0.8438287500175647
12	19	1.0447350000031292
12	19	1.1153912500012666
12	19	1.2519537500338629
12	19	1.8508590000565164
12	20	-5.533825249993242
12	20	-5.2430440000025555
12	20	-5.011575250013266
12	20	-4.821793999988586
12	20	-4.710543999972288
12	20	-4.558325249992777
12	20	-4.383106499968562
12	20	-4.242168999975547
12	20	-4.015420000068843
12	20	-3.8210137500427663
12	20	-3.682513750041835
12	20	-3.6696075000218116
12	20	-3.402888750017155
12	20	-3.1613887500134297
12	20	-2.915888750052545
12	20	-2.6225137500441633
12	20	-2.2942950000287965
12	20	-2.279638750012964
12	20	-2.2347012500395067
12	20	-2.2267325000138953
12	20	-1.9719512500450946
12	20	-1.7810450000688434
12	20	-1.7410762500367127
12	20	-1.6929522500140592
12	20	-1.5633897500229068
12	20	-1.4705147500499152
12	20	-1.2520147500326857
12	20	-1.2427022500196472
12	20	-1.0785460000042804
12	20	-0.9764835000387393
12	20	-0.7040772500331514
12	20	-0.6942647500545718
12	20	-0.5734835000475869
12	20	-0.12360850005643442
12	20	0.2152352499542758
12	20	0.38726649997988716
12	20	0.41151649999665096
12	20	0.6185164999915287
12	20	0.877859250002075
12	20	1.053640500002075
12	20	1.0697029999573715
12	20	1.0942967499722727
12	20	1.2550779999583028
12	20	1.4488592499983497
12	20	1.8583905000123195
12	20	1.9497654999722727
12	20	1.9568592499708757
12	21	-5.477169999969192
12	21	-4.4649199999985285
12	23	-3.908201750018634
12	23	0.40085874998476356
12	24	0.9851719999569468
12	24	1.7842032499611378
12	25	-4.510795250011142
12	25	-3.9259202500106767
12	25	-3.259420250018593
12	25	-2.1613265000050887
12	25	-1.4456087499856949
12	25	-1.305108750006184
12	25	-1.2473587499698624
12	25	-0.8636087499908172
12	25	-0.7347650000010617
12	25	-0.4505774999852292
12	25	-0.3993899999768473
12	25	0.03492250002454966
12	25	0.3433599999989383
12	25	0.5815777500392869
12	25	0.8122652500169352
12	25	0.8930464999866672
12	25	1.1918902500183322
12	25	1.7220465000136755
12	26	-3.3647947500576265
12	26	-3.0213260000455193
12	26	-2.723202000022866
12	26	-2.5356395000126213
12	26	-1.0511707500554621
12	26	0.41298449999885634
12	26	0.44089074997464195
12	26	1.1058282500016503
12	26	1.6985470000072382
12	27	-5.744293999974616
12	27	-4.962732499989215
12	27	-3.508982500003185
12	27	-3.106763750023674
12	27	-1.9435459999949671
12	27	-1.4896709999884479
12	27	-0.4002334999968298
12	28	-4.411388500011526
12	28	-4.153794749989174
12	28	-3.329420750029385
12	28	-3.2436395000549965
12	28	-1.9419207500177436
12	28	-0.8133905000286177
12	28	0.1707032499834895
12	29	-5.696888499951456
12	29	-5.021044749941211
12	29	-4.192700999963563
12	29	-3.3258270000224
12	29	-3.1196394999860786
12	29	-2.958483249996789
12	29	-2.5759207499795593
12	29	-1.7210457500186749
12	29	-1.3968904999783263
12	29	0.7792032500146888
12	29	0.990327250037808
12	29	1.2207022500224411
12	30	-3.9987324999528937
12	30	-3.014263749937527
12	30	-2.772919999959413
12	30	0.49748525000177324
12	31	-5.563919749984052
12	31	-5.5249822499463335
12	31	-3.810264499974437
12	31	-3.2127332499367185
12	31	-2.8775144999381155
12	31	0.55607825005427
12	32	-5.617106000019703
12	32	-3.6016382499947213
12	32	-3.2342945000273176
12	32	-2.820420500007458
12	32	-1.5283267499762587
12	32	-1.4214829999837093
12	32	-0.9897017499897629
12	32	-0.8986704999697395
12	32	0.002984749968163669
12	32	0.015265999943949282
12	33	-5.808356500056107
12	33	-4.015451250015758
12	33	-3.894576250051614
12	33	-3.574888750037644
12	33	-3.547420000017155
12	33	-2.4218897499958985
12	33	-0.8947647500317544
12	33	-0.15664075000677258
12	34	-5.866544499993324
12	34	-5.238138249958865
12	34	-3.9602944999933243
12	34	-3.6478882499504834
12	34	-3.2766392499324866
12	34	-2.889982999942731
12	34	-2.7843892499804497
12	34	-2.1255454999627545
12	34	-1.7455767499632202
12	34	-1.526795499958098
12	34	-1.1678579999716021
12	34	-0.4487339999177493
12	34	-0.2687964999349788
12	34	0.02420350007014349
12	34	0.30007850006222725
12	34	0.6255785000394098
12	35	-5.574263749993406
12	35	-4.434638749982696
12	35	-2.426670999964699
13	1	-4.664919749950059
13	1	-4.5357947499724105
13	1	-4.072607249952853
13	1	-3.8567322499584407
13	1	-3.6312634999630973
13	1	-2.3446707500261255
13	1	-2.000639499980025
13	1	-1.5234207499888726
13	1	-0.7558582500205375
13	1	-0.5747957500279881
13	1	-0.43529574997955933
13	1	0.08985950000351295
13	1	0.17310950002865866
13	1	0.19832825002958998
13	1	0.33648450003238395
13	1	0.687828249996528
13	1	0.7045157499960624
13	1	0.9636407500365749
13	1	1.0087345000356436
13	1	1.041234500007704
13	1	1.1371720000170171
13	2	-5.91701275005471
13	2	-5.857544000027701
13	2	-5.8055752500658855
13	2	-5.493263750046026
13	2	-5.463607500016224
13	2	-4.991107500041835
13	2	-4.970045000023674
13	2	-4.702170000062324
13	2	-3.8033575000590645
13	2	-3.657013750053011
13	2	-3.581232500029728
13	2	-1.7940147500485182
13	2	-1.763046000036411
13	2	-1.730952250014525
13	2	-1.5013897500466555
13	2	-1.4622335000312887
13	2	-0.9508585000294261
13	2	-0.9253897500457242
13	2	-0.39910950005287305
13	2	-0.3662345000775531
13	2	0.2914217499201186
13	2	0.312327999912668
13	2	1.8712957499665208
13	2	1.8819519999669865
13	3	-5.809824500058312
13	3	-4.9822005000314675
13	3	-4.845919250044972
13	3	-4.755231750023086
13	3	-4.460950500040781
13	3	-4.143669250013772
13	3	-3.8805130000109784
13	3	-3.815106750058476
13	3	-3.4054192500188947
13	3	-3.3502317500533536
13	3	-3.3315130000119098
13	3	-3.1567640000139363
13	3	-2.4112015000428073
13	3	-2.3422640000353567
13	3	-1.6671702500316314
13	3	-1.571326500037685
13	3	-1.3443265000241809
13	3	-0.7104827500297688
13	3	-0.5454524999950081
13	3	-0.2468900000094436
13	3	0.06186000001616776
13	3	0.5864537499728613
13	3	0.699516249995213
13	3	0.7311412499984726
13	3	1.4352662499877624
13	3	1.6232037500012666
13	3	1.8238589999382384
13	4	-5.68698175001191
13	4	-5.601106750022154
13	4	-5.5862942499807104
13	4	-5.5834192499751225
13	4	-5.574731750006322
13	4	-5.059701499994844
13	4	-4.811607749958057
13	4	-4.506545250013005
13	4	-4.437076499976683
13	4	-3.8916702499845996
13	4	-3.8687640000134706
13	4	-3.7069202499696985
13	4	-3.6779514999943785
13	4	-3.139232749992516
13	4	-3.082982749969233
13	4	-2.957514000008814
13	4	-2.2746087499544956
13	4	-2.1928899999475107
13	4	-1.4020462499465793
13	4	-1.3540775000001304
13	4	-0.5294837499968708
13	4	0.09795275004580617
13	4	0.1477027500513941
13	4	1.0617965000565164
13	4	1.090734000026714
13	4	1.515702750068158
13	4	1.6075777500518598
13	4	1.7979527500574477
13	4	1.8642652500420809
13	4	1.9070152500644326
13	5	-5.985512500046752
13	5	-5.266950000077486
13	5	-5.168668750033248
13	5	-4.798357250052504
13	5	-4.773451000044588
13	5	-4.44473225006368
13	5	-4.331513500015717
13	5	-4.263607250060886
13	5	-4.036044750013389
13	5	-3.5723260000231676
13	5	-3.5352010000497103
13	5	-3.1904822500655428
13	5	-3.011201000015717
13	5	-1.8458895000512712
13	5	-1.1817645000410266
13	5	-1.0080145000247285
13	5	-0.8167645000503398
13	5	-0.27126450004288927
13	5	-0.24770200002240017
13	5	0.09489074995508417
13	5	1.4493907499709167
13	5	1.4943907500128262
13	5	1.5326720000011846
13	6	-5.948293999943417
13	6	-5.754606499976944
13	6	-5.6093877499806695
13	6	-5.085450249956921
13	6	-4.6414199999999255
13	6	-4.533138750004582
13	6	-4.249420000007376
13	6	-4.207701250037644
13	6	-4.183013750007376
13	6	-3.1877012500190176
13	6	-2.928076250012964
13	6	-2.84170124999946
13	6	-2.8099200000287965
13	6	-2.486482500040438
13	6	-2.308264749997761
13	6	-2.256139750010334
13	6	-2.2341085000080056
13	6	-2.026608499989379
13	6	-1.9801084999926388
13	6	-1.9493585000163876
13	6	-1.7657647500163876
13	6	-1.4927022500196472
13	6	-1.4371084999875166
13	6	-1.3862335000303574
13	6	-1.2067647500080056
13	6	-1.1556397500098683
13	6	-0.8378585000173189
13	6	-0.7927335000131279
13	6	0.21560925000812858
13	6	0.5807030000141822
13	6	0.5986717499908991
13	6	0.914265500032343
13	6	1.1637967500137165
13	6	1.2085155000095256
13	7	-5.218106749991421
13	7	-5.10457550000865
13	7	-4.876231750007719
13	7	-4.608231749967672
13	7	-4.548481750010978
13	7	-3.673076500010211
13	7	-3.6531077500549145
13	7	-3.4784515000064857
13	7	-3.188107750029303
13	7	-2.826045250054449
13	7	-2.793357750051655
13	7	-2.754482750024181
13	7	-2.287076500011608
13	7	-1.9215462499996647
13	7	-1.9002650000038557
13	7	-1.855890000006184
13	7	-1.8233587500290014
13	7	-1.2000150000094436
13	7	-0.1443587500252761
13	7	0.22117249999428168
13	7	0.25704749999567866
13	7	0.3305474999942817
13	7	0.48373400000855327
13	7	0.9003277500160038
13	7	1.0535464999848045
13	8	-4.7638562499778345
13	8	-4.665106249973178
13	8	-4.636043749982491
13	8	-4.362637499987613
13	8	-4.300044749979861
13	8	-3.6880134999519214
13	8	-3.4870447499561124
13	8	-3.1078572499682195
13	8	-3.0471072499640286
13	8	-2.682450999971479
13	8	-2.6637009999831207
13	8	-2.6503884999547154
13	8	-2.3416384999873117
13	8	-2.247263499943074
13	8	-1.8962322499719448
13	8	-1.8687020000070333
13	8	-1.8417957500205375
13	8	-1.8375770000275224
13	8	-1.508983250008896
13	8	-1.362483249977231
13	8	-1.2498582500265911
13	8	-1.204295750008896
13	8	-0.7044207500293851
13	8	-0.6280457500251941
13	8	-0.2912332499981858
13	8	0.7451407500193454
13	8	1.0014220000011846
13	8	1.3902657500002533
13	8	1.8274845000123605
13	9	-5.984794250049163
13	9	-5.821356750035193
13	9	-5.522481749998406
13	9	-5.49029425001936
13	9	-5.401575500029139
13	9	-5.183356749999803
13	9	-4.6299192500300705
13	9	-4.4887014999985695
13	9	-4.365732749982271
13	9	-4.325076500012074
13	9	-4.078701500024181
13	9	-3.764545249985531
13	9	-2.632545250002295
13	9	-2.5634827500325628
13	9	-2.0339837499777786
13	9	-1.4545462499954738
13	9	-1.1512962499982677
13	9	-0.8744837499689311
13	9	-0.4376400000182912
13	9	0.2225474999868311
13	9	0.5567339999834076
13	9	0.8024214999750257
13	9	1.1376402499736287
13	9	1.1700777499354444
13	9	1.7669527499820106
13	10	-5.7769815000356175
13	10	-5.412762750056572
13	10	-5.3797940000658855
13	10	-5.363325250043999
13	10	-4.60185650002677
13	10	-4.308545000036247
13	10	-3.8802637500339188
13	10	-3.7272637500427663
13	10	-3.7005450000287965
13	10	-3.0380137500469573
13	10	-2.983170000021346
13	10	-2.4238262500148267
13	10	-2.1903575000469573
13	10	-2.1328262500464916
13	10	-2.106545000046026
13	10	-1.268577250011731
13	10	-1.0882647500257008
13	10	-1.042639749997761
13	10	-1.0014835000038147
13	10	-0.7560147500480525
13	10	-0.19535850000102073
13	10	-0.16160849999869242
13	10	0.5262967499438673
13	10	0.572109249944333
13	10	0.7585779999499209
13	10	0.7751404999289662
13	10	1.8729842499596998
13	11	-5.909106750041246
13	11	-5.558263000042643
13	11	-5.232356749998871
13	11	-4.570325500040781
13	11	-4.513669250009116
13	11	-4.286731750005856
13	11	-3.952482749999035
13	11	-3.9129514999804087
13	11	-3.323545249993913
13	11	-3.2917640000232495
13	11	-3.2625452500069514
13	11	-2.928857750026509
13	11	-2.6263265000307
13	11	-2.5124202499864623
13	11	-2.2071390000055544
13	11	-1.8513890000176616
13	11	-1.6605764999985695
13	11	-1.5020140000269748
13	11	-1.3613587499712594
13	11	-1.3376712499884889
13	11	-1.3052337499684654
13	11	-1.1844837499666028
13	11	-1.107108749973122
13	11	-0.9031712500145659
13	11	-0.6851087500108406
13	11	0.5649224999942817
13	11	0.9763600000296719
13	11	1.0785152500029653
13	11	1.71429650002392
13	11	1.8556715000304393
13	12	-5.7711065000039525
13	12	-5.724325250019319
13	12	-5.671356500010006
13	12	-5.461700249987189
13	12	-5.291762750013731
13	12	-5.0439512499724515
13	12	-5.027138750010636
13	12	-4.823107499978505
13	12	-4.7131700000027195
13	12	-4.654232500004582
13	12	-3.843482500000391
13	12	-2.6830450000124983
13	12	-2.46335849998286
13	12	-1.818952250003349
13	12	-1.120827249949798
13	12	-1.0380147499963641
13	12	-1.0070147499791346
13	12	-0.13035849999869242
13	12	-0.0641407499788329
13	12	0.1502967500127852
13	12	0.48120300006121397
13	12	0.6702655000262894
13	12	0.9462967500439845
13	12	1.800265500030946
13	13	-5.930168999941088
13	13	-5.885106499947142
13	13	-5.636856499942951
13	13	-5.5509814999531955
13	13	-4.859512749942951
13	13	-4.217201249965001
13	13	-4.202638749964535
13	13	-4.032669999927748
13	13	-3.554482499952428
13	13	-3.4462949999724515
13	13	-3.176294999953825
13	13	-3.00020124996081
13	13	-2.940482499951031
13	13	-2.9377949999761768
13	13	-2.4108262499212287
13	13	-2.378388749959413
13	13	-2.316076249931939
13	13	-2.295357499970123
13	13	-2.2597949999617413
13	13	-1.6860459999879822
13	13	-1.6622022499796003
13	13	-1.3801709999679588
13	13	-1.3146084999898449
13	13	-0.7387960000196472
13	13	-0.6986710000201128
13	13	-0.5400147499749437
13	13	-0.5071084999945015
13	13	0.1742977499961853
13	13	0.20423525001388043
13	13	0.3233289999770932
13	13	0.6263904999941587
13	13	0.91498425003374
13	13	1.0782655000220984
13	13	1.263859250000678
13	13	1.487359250022564
13	13	1.6354530000244267
13	13	1.981578000006266
13	14	-5.834668750001583
13	14	-5.706574999960139
13	14	-5.283793749986216
13	14	-4.823450999974739
13	14	-4.61466974997893
13	14	-4.536857249971945
13	14	-4.5016384999617
13	14	-4.499513499962632
13	14	-4.046450999972876
13	14	-3.958919749944471
13	14	-3.86691974994028
13	14	-3.7736384999589063
13	14	-3.542732249945402
13	14	-2.9664822499617003
13	14	-2.65045099996496
13	14	-2.3867322499863803
13	14	-2.3775759999407455
13	14	-1.9028582500177436
13	14	-1.88932700001169
13	14	-1.8761395000037737
13	14	-1.7134519999963231
13	14	-1.4678895000251941
13	14	-1.0247957500396296
13	14	-0.7736395000247285
13	14	-0.39032700000097975
13	14	0.08379800000693649
13	14	0.10976675001438707
13	14	0.3107657500077039
13	14	0.7177345000091009
13	14	0.7996407499886118
13	14	0.8057032499928027
13	14	0.8308907499886118
13	14	1.018828250002116
13	14	1.2640782499802299
13	14	1.3073907499783672
13	14	1.6833907500258647
13	14	1.7171719999751076
13	14	1.986859500000719
13	15	-5.696012000029441
13	15	-5.453606750059407
13	15	-4.890200500027277
13	15	-4.49420050001936
13	15	-4.470606750051957
13	15	-4.103138000064064
13	15	-3.5398255000473
13	15	-3.3641067500575446
13	15	-2.8700764999957755
13	15	-2.8172327500069514
13	15	-2.535139000043273
13	15	-2.120357750041876
13	15	-2.1045765000162646
13	15	-1.6260452500428073
13	15	-1.2157640000223182
13	15	-1.1843577499967068
13	15	-0.6479212500853464
13	15	-0.6452337500522844
13	15	-0.5767025000532158
13	15	-0.45685875008348376
13	15	-0.35251500009326264
13	15	0.045516249956563115
13	15	0.17985999991651624
13	15	0.27220374991884455
13	15	0.36817249993328005
13	15	0.891797499905806
13	15	1.0028599999495782
13	15	1.0197349999216385
13	15	1.3858599999221042
13	15	1.5769849999342114
13	16	-5.927137750026304
13	16	-5.474388749978971
13	16	-3.822701250028331
13	16	-3.8057012499775738
13	16	-3.4494200000190176
13	16	-3.4329199999920093
13	16	-3.0093897500191815
13	16	-2.902733499999158
13	16	-2.503452249977272
13	16	-2.4768897499889135
13	16	-1.93048350000754
13	16	-1.6821709999931045
13	16	-1.6635147499619052
13	16	-1.4785459999693558
13	16	-1.2049209999968298
13	16	-0.9005772499949671
13	16	-0.5484532499685884
13	16	0.10148425004445016
13	16	0.4214842500514351
13	16	0.5787030000356026
13	16	0.6884530000388622
13	16	0.8169530000304803
13	16	1.1363592499983497
13	16	1.1588592500193045
13	16	1.5833905000472441
13	16	1.978233249974437
13	17	-5.918075249996036
13	17	-5.597169000015128
13	17	-5.573044000018854
13	17	-4.748544999980368
13	17	-4.2044512500287965
13	17	-3.7480137500097044
13	17	-3.7226387499831617
13	17	-3.6982637500041164
13	17	-3.117326250008773
13	17	-2.939327250001952
13	17	-2.3922959999763407
13	17	-2.3439522499684244
13	17	-2.23288974998286
13	17	-1.0644210000173189
13	17	-0.7103585000149906
13	17	-0.7077022499870509
13	17	-0.4540469999774359
13	17	-0.44729699997697026
13	17	-0.04807824996532872
13	17	0.10945300001185387
13	17	0.2007967500248924
13	17	0.4582967500318773
13	17	0.6011092500411905
13	17	0.619328000000678
13	17	1.0881717500160448
13	17	1.4717655000276864
13	17	1.5132655000197701
13	17	1.5840155000332743
13	17	1.652140500023961
13	17	1.7398280000197701
13	17	1.9614207499544136
13	18	-5.272888750012498
13	18	-5.214857500046492
13	18	-5.189451250014827
13	18	-4.426732500025537
13	18	-4.345107500033919
13	18	-4.122576250054408
13	18	-4.087638750032056
13	18	-3.6532637500204146
13	18	-3.075827250024304
13	18	-2.655514750047587
13	18	-2.6015772499958985
13	18	-2.5248272500466555
13	18	-2.4753585000289604
13	18	-1.9522335000219755
13	18	-0.5052657499909401
13	18	-0.06560949998674914
13	18	0.2512029999634251
13	18	0.6462342499871738
13	18	0.7863592499634251
13	18	0.8030155000160448
13	18	0.8495467500179075
13	18	1.4194530000095256
13	18	1.5262029999867082
13	18	1.723827000008896
13	19	-5.767888000002131
13	19	-5.691325500025414
13	19	-5.522138000000268
13	19	-4.387856749992352
13	19	-4.081169250013772
13	19	-3.2837014999822713
13	19	-3.0587327500106767
13	19	-2.6014827499748208
13	19	-2.576732749992516
13	19	-1.3997327499673702
13	19	-1.1996077499934472
13	19	-1.1299837499973364
13	19	-0.9640462499810383
13	19	-0.8065150000038557
13	19	-0.39276499999687076
13	19	0.22289125004317611
13	19	0.25620375003200024
13	19	0.7510475000017323
13	19	0.8621100000455044
13	19	0.9980475000338629
13	19	1.0252662500133738
13	19	1.1403287500143051
13	19	1.3861402500187978
13	19	1.6865777500206605
13	20	-5.535981499997433
13	20	-5.2627627499750815
13	20	-5.0472002499736845
13	20	-4.992168999975547
13	20	-4.749731499992777
13	20	-4.566481499990914
13	20	-4.453950249997433
13	20	-4.31632525002351
13	20	-4.251637750014197
13	20	-4.164013750036247
13	20	-3.8344825000385754
13	20	-3.7890762500464916
13	20	-3.4368887500604615
13	20	-3.1537950000492856
13	20	-2.3995450000511482
13	20	-1.9169512500520796
13	20	-1.87360750004882
13	20	-1.8479512500343844
13	20	-1.819107500021346
13	20	-1.620983500033617
13	20	-1.317421000043396
13	20	-1.296764750033617
13	20	-0.40879600000334904
13	20	-0.3180147500243038
13	20	-0.1586710000410676
13	20	-0.0158272500266321
13	20	0.06114149995846674
13	20	0.07626649999292567
13	20	0.7937030000030063
13	20	0.9601717499899678
13	20	1.0316717500099912
13	20	1.2815154999843799
13	20	1.9636404999764636
13	20	1.9907654999988154
13	26	1.1126719999592751
14	1	-5.763106249971315
14	1	-5.695356249983888
14	1	-4.0727009999682195
14	1	-4.061919749947265
14	1	-3.8869197499589063
14	1	-3.8419509999803267
14	1	-3.6124822499696165
14	1	-3.2092947499477305
14	1	-2.3447020000312477
14	1	-2.000733249995392
14	1	-1.872577000001911
14	1	-1.4385769999935292
14	1	-1.1373894999851473
14	1	-0.164514500007499
14	1	-0.08663949999026954
14	1	-0.06504575000144541
14	1	0.17310950002865866
14	1	0.3363282500067726
14	1	0.34904699999606237
14	1	0.5151719999848865
14	1	0.7044844999909401
14	1	0.8258907499839552
14	1	0.9635470000212081
14	1	1.0087969999876805
14	1	1.448640750022605
14	2	-5.80563775007613
14	2	-5.4933262500562705
14	2	-5.463670000026468
14	2	-4.991138750046957
14	2	-4.605545000056736
14	2	-4.590795000025537
14	2	-4.381451250053942
14	2	-3.657045000058133
14	2	-3.476201250043232
14	2	-3.2090147500275634
14	2	-2.904577250010334
14	2	-2.067733500036411
14	2	-1.6661710000480525
14	2	-1.543889750028029
14	2	-0.9509210000396706
14	2	-0.9131397500168532
14	2	-0.5160470000701025
14	2	-0.3991720000631176
14	2	-0.3662345000775531
14	2	-0.01004700007615611
14	2	0.2914217499201186
14	2	0.31239049992291257
14	2	0.5389842499280348
14	2	1.0645779999322258
14	2	1.8818269999464974
14	3	-5.256794250046369
14	3	-4.818231750046834
14	3	-4.755263000028208
14	3	-4.46107550006127
14	3	-4.369263000029605
14	3	-3.9513880000449717
14	3	-3.8805130000109784
14	3	-3.64238800003659
14	3	-3.6175755000440404
14	3	-3.5960130000603385
14	3	-3.405450500024017
14	3	-3.3951067500165664
14	3	-3.3503255000105128
14	3	-3.3175442500505596
14	3	-3.103045249998104
14	3	-2.3423265000456013
14	3	-2.0701390000176616
14	3	-1.8757327499915846
14	3	-1.4698265000479296
14	3	-1.131951500021387
14	3	-0.7257952500367537
14	3	-0.24695250001968816
14	3	-0.20454624999547377
14	3	0.06164124998031184
14	3	0.5864537499728613
14	3	0.7310787499882281
14	3	1.0110162500059232
14	3	1.360078750003595
14	3	1.6231724999961443
14	4	-4.437107749981806
14	4	-3.868888999975752
14	4	-3.8617327499669045
14	4	-3.7069202499696985
14	4	-3.677982749999501
14	4	-3.139357750013005
14	4	-2.9576389999710955
14	4	-2.859577499970328
14	4	-2.260889999975916
14	4	-2.2198899999493733
14	4	-2.1936087499489076
14	4	-1.354108749947045
14	4	-1.3393899999791756
14	4	-1.1994837499805726
14	4	-0.6111399999936111
14	4	-0.5294837499968708
14	4	-0.04167224996490404
14	4	0.12576525006443262
14	4	0.17189025005791336
14	4	0.40785900002811104
14	4	0.7432652500574477
14	4	0.7793277500313707
14	4	1.0617340000462718
14	4	1.515609000052791
14	4	1.864077750069555
14	5	-5.985575000056997
14	5	-5.903293750074226
14	5	-5.2670750000397675
14	5	-5.168762500048615
14	5	-5.081951000029221
14	5	-4.847888500022236
14	5	-4.516232250025496
14	5	-4.444826000020839
14	5	-4.342951000027824
14	5	-4.295294750016183
14	5	-4.10916975006694
14	5	-4.036169750033878
14	5	-3.600013500021305
14	5	-3.174263500026427
14	5	-2.593577000021469
14	5	-2.5560457500396296
14	5	-1.8461082500289194
14	5	-1.5835457500070333
14	5	-1.204295750008896
14	5	-1.1818270000512712
14	5	-0.6128895000438206
14	5	-0.5186082500149496
14	5	-0.27129575004801154
14	5	-0.02273425000021234
14	5	0.07289074995787814
14	5	0.37570324999978766
14	5	0.4369532499695197
14	5	1.449328249960672
14	5	1.4942969999974594
14	5	1.5326407499960624
14	6	-5.870637749962043
14	6	-5.677168999973219
14	6	-5.662606499972753
14	6	-5.643043999967631
14	6	-5.622606499993708
14	6	-5.085606499982532
14	6	-4.544076249992941
14	6	-4.207701250037644
14	6	-4.183076250017621
14	6	-3.8531700000166893
14	6	-3.453138749988284
14	6	-3.325170000025537
14	6	-2.8100762499962
14	6	-2.7967325000208803
14	6	-2.619576250028331
14	6	-2.2562335000257008
14	6	-1.8013585000298917
14	6	-1.7657960000215098
14	6	-1.4928272499819286
14	6	-1.3624210000270978
14	6	-1.2067647500080056
14	6	-1.1724834999768063
14	6	-0.8563272500177845
14	6	-0.20004600001266226
14	6	0.21560925000812858
14	6	0.4068904999876395
14	6	0.5533280000090599
14	6	1.163734250003472
14	7	-4.854888000001665
14	7	-4.805294249963481
14	7	-3.866732750029769
14	7	-3.450857750023715
14	7	-3.2020140000386164
14	7	-3.18820150004467
14	7	-2.8261077500064857
14	7	-2.793451500008814
14	7	-2.770545250037685
14	7	-2.75460775004467
14	7	-2.287170250026975
14	7	-1.9214837499894202
14	7	-1.856015000026673
14	7	-1.8390775000443682
14	7	-1.410171249997802
14	7	-1.3960150000057183
14	7	-1.0385462500271387
14	7	-0.9961712500080466
14	7	-0.13510875002248213
14	7	0.40929749998031184
14	7	0.46339024999178946
14	7	0.574765249970369
14	7	0.9002652500057593
14	8	-5.52513749996433
14	8	-4.763949999993201
14	8	-4.6651374999783
14	8	-4.381419749930501
14	8	-4.362731249944773
14	8	-3.6880447499570437
14	8	-3.487138499971479
14	8	-3.1558884999831207
14	8	-3.11820099997567
14	8	-3.0641697499668226
14	8	-3.0472009999793954
14	8	-2.682544749986846
14	8	-2.6637634999351576
14	8	-1.8963572499342263
14	8	-1.5982020000228658
14	8	-1.2499519999837503
14	8	-1.2043582500191405
14	8	-0.7045144999865443
14	8	-0.6502645000000484
14	8	-0.3146394999930635
14	8	-0.29138950002379715
14	8	-0.021795750013552606
14	8	0.7451407500193454
14	8	1.4533282500342466
14	8	1.8106094999820925
14	8	1.827422000002116
14	9	-4.870263000018895
14	9	-4.629950500035193
14	9	-4.500920250022318
14	9	-4.1650140000274405
14	9	-3.861014000023715
14	9	-3.7409515000181273
14	9	-3.557607750000898
14	9	-3.2044827500358224
14	9	-2.632670250022784
14	9	-2.1525765000260435
14	9	-1.736233750008978
14	9	-1.1697337499936111
14	9	-0.8527337500127032
14	9	-0.8276087499689311
14	9	-0.4376400000182912
14	9	-0.4166712500154972
14	9	0.15901624999241903
14	9	0.2717350000166334
14	9	0.5391089999466203
14	9	0.5567027499782853
14	9	1.1374839999480173
14	9	1.1699839999782853
14	10	-5.813512750028167
14	10	-5.77701275004074
14	10	-5.412825250066817
14	10	-5.363294000038877
14	10	-4.601887750031892
14	10	-4.489450250053778
14	10	-4.096013750007842
14	10	-3.7274512500152923
14	10	-3.5549825000343844
14	10	-3.24470125004882
14	10	-2.9832325000315905
14	10	-2.9392637500423007
14	10	-2.60017000004882
14	10	-2.1903887500520796
14	10	-2.0873887500492856
14	10	-1.2686085000168532
14	10	-0.7561085000052117
14	10	-0.3343585000257008
14	10	-0.2313585000229068
14	10	-0.16160849999869242
14	10	-0.01820225000847131
14	10	0.3809539999929257
14	10	0.4262977499747649
14	10	1.9572029999108054
14	11	-5.558231750037521
14	11	-4.440919250017032
14	11	-3.9653577500139363
14	11	-3.9529515000176616
14	11	-3.3236077500041574
14	11	-3.2455140000092797
14	11	-3.2222639999818057
14	11	-2.7012015000218526
14	11	-1.1071399999782443
14	11	-0.6662024999968708
14	11	0.12398500001290813
14	11	0.474203750025481
14	11	0.5469225000124425
14	11	0.5941412500105798
14	11	0.8127037499798462
14	11	1.1085465000360273
14	11	1.5205464999889955
14	11	1.5590465000132099
14	11	1.714171500003431
14	11	1.7351090000011027
14	11	1.8392340000136755
14	11	1.8556715000304393
14	12	-5.771137750009075
14	12	-5.724356500024442
14	12	-5.304668999975547
14	12	-4.487732500012498
14	12	-4.3791699999710545
14	12	-3.8435450000106357
14	12	-2.0698272499721497
14	12	-2.0288897499558516
14	12	-1.7203897499712184
14	12	-1.0381397499586456
14	12	-1.0069834999740124
14	12	-0.8355147499823943
14	12	0.15026550006587058
14	12	0.4811405000509694
14	12	0.5054217500146478
14	12	0.6096405000425875
14	12	0.6701717500109226
14	12	1.1033905000658706
14	12	1.3887030000332743
14	12	1.6235467500519007
14	12	1.6740780000109226
14	13	-5.592668999976013
14	13	-4.859606499958318
14	13	-4.347294999926817
14	13	-4.202732499921694
14	13	-3.295357499970123
14	13	-3.260794999951031
14	13	-3.2037949999212287
14	13	-3.1763262499589473
14	13	-2.7192012499435805
14	13	-2.685326249920763
14	13	-2.2597324999514967
14	13	-2.2428574999212287
14	13	-1.598952249973081
14	13	-1.4546085000038147
14	13	-1.380202249973081
14	13	-0.5558585000107996
14	13	-0.014233499998226762
14	13	0.2635477500152774
14	13	0.28082899999571964
14	13	0.3118602500180714
14	13	0.3232665000250563
14	13	0.39757800003280863
14	13	0.5840780000435188
14	13	0.6107654999941587
14	13	1.0782655000220984
14	13	1.0986717499908991
14	13	1.263859250000678
14	13	1.3521717500407249
14	14	-5.670762499968987
14	14	-5.644887499976903
14	14	-5.0350124999531545
14	14	-4.823513499984983
14	14	-4.499669749988243
14	14	-4.37310724996496
14	14	-3.8670134999556467
14	14	-3.6709822499542497
14	14	-2.966544749971945
14	14	-2.650482249970082
14	14	-2.514482249971479
14	14	-2.4938572499668226
14	14	-2.476857249974273
14	14	-2.3776697499561124
14	14	-2.3626707500079647
14	14	-2.2413895000354387
14	14	-1.9574520000023767
14	14	-1.9029520000331104
14	14	-1.8721082499832846
14	14	-1.2888895000214688
14	14	-1.2668270000140183
14	14	-1.1741082500084303
14	14	-1.024920750001911
14	14	-0.7736707500298508
14	14	0.08379800000693649
14	14	0.1097355000092648
14	14	0.6062657500151545
14	14	0.7936094999895431
14	14	0.8056719999876805
14	14	0.9811094999895431
14	14	1.018828250002116
14	14	1.2639220000128262
14	14	1.307359499973245
14	14	1.6833282500156201
14	14	1.717140750028193
14	14	1.7974532499792986
14	14	1.986859500000719
14	15	-5.696012000029441
14	15	-5.453731750021689
14	15	-5.35560675006127
14	15	-4.709106750029605
14	15	-4.530263000051491
14	15	-4.494356750044972
14	15	-4.149763000023086
14	15	-4.142981750017498
14	15	-4.103231750021223
14	15	-4.04045050003333
14	15	-3.5398880000575446
14	15	-3.3641067500575446
14	15	-3.0916390000493266
14	15	-2.5351077500381507
14	15	-2.511451500002295
14	15	-2.1203890000469983
14	15	-1.5499827500316314
14	15	-1.2157952500274405
14	15	-1.0500140000367537
14	15	-0.6453275000676513
14	15	-0.5054837500792928
14	15	-0.3710462500457652
14	15	-0.35248375008814037
14	15	0.171297499909997
14	15	0.4019849999458529
14	15	0.5421099999221042
14	15	0.5794224999262951
14	15	0.9046724999207072
14	15	1.0197037499165162
14	15	1.3858599999221042
14	15	1.5557974999537691
14	15	1.5769224999239668
14	15	1.6110162499244325
14	15	1.9863902499200776
14	16	-5.398263750015758
14	16	-4.854670000029728
14	16	-4.834420000028331
14	16	-3.8638575000222772
14	16	-3.6478887500124983
14	16	-3.4493887500138953
14	16	-3.433013750007376
14	16	-3.221951249986887
14	16	-2.899420999980066
14	16	-2.5034834999823943
14	16	-2.0134522499865852
14	16	-1.9450147500028834
14	16	-1.8880772499833256
14	16	-1.682233500003349
14	16	-1.5811085000168532
14	16	-1.2562647499726154
14	16	-0.6409522499889135
14	16	-0.5680782499839552
14	16	-0.26289074996020645
14	16	0.4965467500151135
14	16	0.5127342500491068
14	16	0.6159842500346713
14	16	0.8169842500356026
14	16	1.15879675000906
14	17	-5.981169000035152
14	17	-5.940450249996502
14	17	-5.918137750006281
14	17	-5.9044502500328235
14	17	-5.597262750030495
14	17	-5.573169000039343
14	17	-5.284763749979902
14	17	-5.063795000023674
14	17	-4.964045000029728
14	17	-4.7486387499957345
14	17	-4.544013749982696
14	17	-4.411263749992941
14	17	-3.7480137500097044
14	17	-3.7226074999780394
14	17	-3.1173575000138953
14	17	-3.10404499998549
14	17	-2.9391397499712184
14	17	-2.7818897499819286
14	17	-1.973233499971684
14	17	-1.6807334999903105
14	17	-1.553327250003349
14	17	-1.4064834999735467
14	17	-1.105014749977272
14	17	-1.0644210000173189
14	17	-0.7363272499642335
14	17	-0.7077960000024177
14	17	-0.5719209999660961
14	17	-0.24810949998209253
14	17	-0.06626574997790158
14	17	0.2006717500044033
14	17	0.40835924999555573
14	17	0.6010780000360683
14	17	0.6843280000030063
14	17	0.9023905000067316
14	17	1.652140500023961
14	17	1.739702999999281
14	17	1.8483279999927618
14	18	-5.823357500019483
14	18	-5.272888750012498
14	18	-5.189513750025071
14	18	-5.174607500026468
14	18	-4.940045000053942
14	18	-4.492357500013895
14	18	-4.345170000044163
14	18	-2.5248272500466555
14	18	-2.4754522500443272
14	18	-2.4561397500219755
14	18	-1.9367335000424646
14	18	-1.4996085000457242
14	18	-1.1904835000168532
14	18	-1.132702250033617
14	18	-0.5052969999960624
14	18	-0.40098450001096353
14	18	-0.17401575000258163
14	18	-0.06570325000211596
14	18	-0.019609500013757497
14	18	0.5995779999648221
14	18	0.6199529999867082
14	18	0.6462029999820516
14	18	0.9501717499806546
14	18	1.443327999964822
14	18	1.526171749981586
14	18	1.5587967499741353
14	18	1.723827000008896
14	19	-5.935387999983504
14	19	-5.76801300002262
14	19	-5.708356750023086
14	19	-5.616981750004925
14	19	-4.230388000025414
14	19	-4.21104424999794
14	19	-3.283763999992516
14	19	-3.240795249992516
14	19	-3.058826499967836
14	19	-2.6014827499748208
14	19	-2.561732749978546
14	19	-2.1215452500036918
14	19	-1.78029525000602
14	19	-1.451857750013005
14	19	-1.1998264999710955
14	19	-0.9641087499912828
14	19	-0.406671250006184
14	19	-0.3993899999768473
14	19	-0.24313999997684732
14	19	0.22286000003805384
14	19	0.2910162500338629
14	19	0.9767350000329316
14	19	0.9980162500287406
14	19	1.0252037500031292
14	19	1.1841725000413135
14	19	1.3861090000136755
14	20	-5.416075250017457
14	20	-5.370481499994639
14	20	-5.262825249985326
14	20	-4.992231499985792
14	20	-4.749794000003021
14	20	-4.592793999996502
14	20	-4.566512749996036
14	20	-4.320919000019785
14	20	-3.8344825000385754
14	20	-3.809357500053011
14	20	-3.551326250017155
14	20	-3.4369512500124983
14	20	-3.153826250054408
14	20	-2.5561387500492856
14	20	-2.1450450000702403
14	20	-1.917076250014361
14	20	-1.8994512500357814
14	20	-1.8479512500343844
14	20	-1.2844834999996237
14	20	-0.40888975001871586
14	20	-0.31804600002942607
14	20	0.07620399998268113
14	20	0.296266499964986
14	20	0.31123524997383356
14	20	0.45736024994403124
14	20	0.7393602499505505
14	20	0.793671749997884
14	20	1.7432029999908991
14	20	1.8093592500081286
14	20	1.9636092499713413
14	20	1.9999529999913648
14	21	0.8541092500090599
14	21	1.4647030000342056
14	22	0.6105784999672323
14	22	0.7767034999560565
14	24	-5.786012500000652
14	25	-1.9111087499768473
14	25	-0.35664000001270324
14	26	-0.2241092500044033
14	26	0.4773282500100322
14	26	0.5736407499643974
14	26	1.069796999974642
14	27	-3.2671074999962
14	27	-3.234794999996666
14	27	-2.0718897500191815
14	27	0.7364530000486411
14	27	1.049015500000678
14	27	1.1151717500179075
14	28	-5.944575999979861
14	28	-4.894888499984518
14	28	-4.375232249964029
14	28	-2.5904520000331104
14	28	-1.360764500044752
14	28	1.1593907499918714
14	28	1.73351474996889
14	29	1.1825460000545718
14	29	1.3533584999968298
14	30	-5.713387749972753
14	30	-3.112232499930542
14	30	-2.372763749968726
14	30	-1.4207647499861196
14	30	0.13673525000922382
14	31	-3.611108249926474
14	31	-1.7753279999596998
14	31	-1.356546749942936
14	31	-1.27595299994573
14	31	-0.5910154999583028
14	32	-5.926449750026222
14	32	-4.4107945000287145
14	32	-2.015733000007458
14	32	0.32804724999004975
14	32	1.9448587499791756
14	33	-4.379107500019018
14	33	-2.6568897500401363
14	33	-2.59292100003222
14	33	-2.378171000047587
14	33	-2.0001397500163876
14	33	0.6173279999638908
14	34	-5.413044499990065
14	34	-5.384981999988668
14	34	-5.287888249964453
14	34	-4.741294499952346
14	34	-3.3227017499739304
14	34	-3.3076079999445938
14	34	-3.0214204999501817
14	34	-2.920482999936212
14	34	-1.0299204999464564
14	34	-0.9029527499224059
14	34	-0.23376524995546788
14	34	1.7936712499940768
14	34	1.9964524999959394
14	36	-4.608575750025921
14	36	-1.3665142499958165
14	36	1.4930784999742173
14	37	-3.6362322500208393
14	37	-2.5815457500284538
14	37	0.5471094999811612
14	37	0.5751407499774359
14	38	-3.3611697500455193
14	38	-0.35070200002519414
14	40	-3.0214205000083894
14	41	0.6345157499890774
14	42	-3.203201500000432
14	43	-4.352013750001788
14	43	-2.1058897500042804
14	43	-1.1138272499665618
14	44	0.46001575008267537
14	46	-5.99845049995929
14	46	-2.647795249999035
14	46	1.0542965000495315
14	47	-1.3845465000486001
14	48	0.746296750032343
14	49	-5.074887749971822
14	50	-1.0642027499270625
14	50	0.7401712500141002
15	1	-5.999231249967124
15	1	-5.894793749961536
15	1	-5.451262499962468
15	1	-4.982356249995064
15	1	-4.780263499938883
15	1	-3.8944509999710135
15	1	-3.51373224996496
15	1	-3.2832322499598376
15	1	-2.984669749974273
15	1	-1.983202000032179
15	1	-0.9800769999856129
15	1	-0.6190145000000484
15	1	-0.2112644999870099
15	1	0.029360499989707023
15	1	0.11489075003191829
15	1	0.24701575003564358
15	1	0.3616407500230707
15	1	0.4299219999811612
15	1	0.6542345000198111
15	1	1.6398594999918714
15	1	1.9482970000244677
15	1	1.9672032500384375
15	2	-5.9713877500616945
15	2	-5.0201387500273995
15	2	-4.267732500040438
15	2	-3.6231700000353158
15	2	-3.5357637500273995
15	2	-3.3310137500520796
15	2	-3.2852637500618584
15	2	-2.651639750052709
15	2	-2.403546000015922
15	2	-1.8620460000238381
15	2	-1.6376710000331514
15	2	-0.15382825006963685
15	2	0.6652967499103397
15	2	1.247577999951318
15	2	1.7171717499149963
15	3	-5.895262000034563
15	3	-4.914606750011444
15	3	-4.2986067500314675
15	3	-3.3210130000370555
15	3	-2.447045250039082
15	3	-2.3121702499920502
15	3	-2.0607639999943785
15	3	-1.6947327500092797
15	3	-1.6351077500148676
15	3	-0.5488900000345893
15	3	-0.39607750001596287
15	3	-0.35623375000432134
15	3	0.37048500002129003
15	3	0.5541099999682046
15	3	0.7119224999914877
15	3	1.3591100000194274
15	3	1.6799537499900907
15	4	-5.076045249996241
15	4	-5.018763999978546
15	4	-3.954326500010211
15	4	-3.410732749965973
15	4	-3.135201499972027
15	4	-2.672358749958221
15	4	-2.2871712499763817
15	4	-2.02467124996474
15	4	-1.745983749977313
15	4	-1.5618274999433197
15	4	-0.3179222499602474
15	4	0.015577750047668815
15	4	0.1714215000392869
15	4	0.437890250061173
15	4	0.9111402500420809
15	4	0.9304215000593103
15	4	1.3654840000672266
15	4	1.3862340000341646
15	4	1.998734000022523
15	5	-5.567293750063982
15	5	-5.351543750031851
15	5	-5.296012500068173
15	5	-4.756669750029687
15	5	-3.637763500039
15	5	-3.35198225005297
15	5	-3.305857250059489
15	5	-3.2250760000315495
15	5	-3.205732250062283
15	5	-2.9932947500492446
15	5	-1.8485770000261255
15	5	-0.7380770000163466
15	5	0.08204700000351295
15	5	0.11860950000118464
15	5	1.4040157499839552
15	6	-4.879326249996666
15	6	-4.744607500033453
15	6	-4.555263750022277
15	6	-4.385201250028331
15	6	-4.360045000037644
15	6	-2.9282949999906123
15	6	-2.6811074999859557
15	6	-1.7139210000168532
15	6	-1.5450147499796003
15	6	1.3468592499848455
15	7	-5.765169249963947
15	7	-4.787481750012375
15	7	-4.032482750015333
15	7	-2.8723577500204556
15	7	-2.630545250023715
15	7	-2.432232750055846
15	7	-1.2235775000299327
15	7	-1.0562962500262074
15	7	0.5654215000104159
15	7	0.6800152499927208
15	7	1.2734527499997057
15	7	1.8615465000038967
15	8	-5.962668749969453
15	8	-5.669981249957345
15	8	-5.653012499969918
15	8	-5.054199999955017
15	8	-4.997043749957811
15	8	-4.8311687499517575
15	8	-3.1221697499859147
15	8	-2.718794749933295
15	8	-2.225888499931898
15	8	0.685172000026796
15	8	1.7773282499983907
15	8	1.9754844999988563
15	9	-3.972514000022784
15	9	-3.725170249992516
15	9	-3.2145139999920502
15	9	-3.117764000024181
15	9	-2.6847327499999665
15	9	1.3237027499708347
15	9	1.6103589999838732
15	9	1.9188589999685064
15	10	-5.566294000076596
15	10	-5.500981500023045
15	10	-5.472887750074733
15	10	-4.9268565000384115
15	10	-3.2086387500166893
15	10	-2.348732500046026
15	10	-1.2783272500382736
15	10	-0.6107335000415333
15	10	0.0857352499733679
15	10	0.6331404999364167
15	10	1.270202999934554
15	11	-4.783731750037987
15	11	-4.157919250021223
15	11	-4.1063567500095814
15	11	-3.4289202500367537
15	11	-3.2994515000027604
15	11	-2.2448577500181273
15	11	-2.1398265000316314
15	11	-1.413765000004787
15	11	-0.9604524999740534
15	11	-0.6783275000052527
15	11	-0.20988999999826774
15	11	0.39529750001383945
15	11	0.4356724999961443
15	11	0.5502974999835715
15	11	0.8140787500306033
15	11	1.3831402499927208
15	11	1.6080465000122786
15	11	1.6098902500234544
15	11	1.74164025002392
15	11	1.9340465000132099
15	12	-5.663137750001624
15	12	-5.559544000017922
15	12	-4.7607637500041164
15	12	-4.451482500007842
15	12	-4.244013749994338
15	12	-3.4747949999873526
15	12	-3.2081387499929406
15	12	-3.0537325000041164
15	12	-2.4003897499642335
15	13	-5.7233877499820665
15	13	-4.6064512499724515
15	13	-4.3058887499501
15	13	-2.2152012499282137
15	13	-1.600389749975875
15	13	-1.4024522500112653
15	13	-1.2244522499968298
15	13	-0.715108499978669
15	13	-0.13895225001033396
15	13	0.35448425001231954
15	13	0.43910925003001466
15	13	0.9170467500225641
15	13	1.4069842500030063
15	13	1.858140500029549
15	13	1.8867967500118539
15	14	-5.735293749952689
15	14	-3.9547947499668226
15	14	-3.4343572499928996
15	14	-3.293419749941677
15	14	-1.9997957500163466
15	14	-1.4342957499902695
15	14	-0.8329832500312477
15	14	0.11689175001811236
15	14	0.14079700002912432
15	14	0.33929700002772734
15	14	0.34335949999513105
15	14	0.4672969999955967
15	14	0.908015749999322
15	15	-5.48613800003659
15	15	-5.4101380000356585
15	15	-5.237294250051491
15	15	-4.164481750049163
15	15	-3.498388000065461
15	15	-3.4788255000603385
15	15	-3.1240765000111423
15	15	-2.004514000029303
15	15	-1.7620452500414103
15	15	-1.6892952500493266
15	15	-1.430576500017196
15	15	-1.2584202500293031
15	15	-1.2107640000176616
15	15	-0.4972337500657886
15	15	0.331453749909997
15	15	0.9047037499258295
15	15	0.9660787499160506
15	16	-4.987826250027865
15	16	-4.226295000000391
15	16	-3.9820137500064448
15	16	-3.821982500026934
15	16	-2.6745459999656305
15	16	-2.0673584999749437
15	16	-1.6868272499996237
15	16	1.3236717500258237
15	16	1.675984250032343
15	16	1.7088280000025406
15	17	-5.533575250010472
15	17	-5.27001375000691
15	17	-5.1753575000329874
15	17	-4.095388750021812
15	17	-3.9765449999831617
15	17	-3.5543262499850243
15	17	-3.0840762500301935
15	17	-2.1712960000149906
15	17	-0.8254834999679588
15	17	-0.45651574997464195
15	17	-0.017859499959740788
15	17	0.4002967500127852
15	17	0.8266405000467785
15	17	0.9085155000211671
15	17	1.4077967500197701
15	17	1.426296750025358
15	17	1.9914519999874756
15	18	-4.948638750007376
15	18	-4.692170000053011
15	18	-4.013107500039041
15	18	-3.6385762500576675
15	18	-3.360264750022907
15	18	-3.3227335000410676
15	18	-3.142139750008937
15	18	-3.0929522500373423
15	18	-3.066733500047121
15	18	-2.853296000044793
15	18	-2.192452250048518
15	18	-0.3845469999941997
15	18	-0.3720469999825582
15	18	0.43007800000486895
15	18	0.6806717499857768
15	18	0.975515500002075
15	18	1.354609249974601
15	18	1.3591717499657534
15	19	-5.679044249991421
15	19	-5.195606750028674
15	19	-5.10948174999794
15	19	-4.989856750005856
15	19	-3.403951500018593
15	19	-3.201326499984134
15	19	-2.5395765000139363
15	19	-2.5232640000176616
15	19	-1.8110452499822713
15	19	-1.8076702500111423
15	19	-1.0588899999856949
15	19	-0.8815462499624118
15	19	0.05157875001896173
15	19	0.0671100000035949
15	19	0.4611725000431761
15	19	1.1679850000073202
15	19	1.450640250055585
15	20	-3.1344200000166893
15	20	-1.1420460000517778
15	20	-0.7487022500135936
15	20	-0.642671000037808
15	20	-0.5282022500177845
15	20	-0.4114522500312887
15	20	-0.37726475001545623
15	20	0.8382967499783263
15	20	1.8231404999969527
16	1	-5.9893874999834225
16	1	-5.94448124995688
16	1	-5.907574999961071
16	1	-5.871512499987148
16	1	-5.847543749958277
16	1	-5.835981249983888
16	1	-5.806699999957345
16	1	-5.789012499968521
16	1	-5.7633249999489635
16	1	-5.718074999982491
16	1	-5.682356249948498
16	1	-5.657168749952689
16	1	-5.60363749996759
16	1	-5.559824999945704
16	1	-5.476981249987148
16	1	-5.147074999986216
16	1	-5.1006999999517575
16	1	-5.044106249988545
16	1	-4.996512499987148
16	1	-4.9151374999783
16	1	-4.752513499930501
16	1	-4.720919749932364
16	1	-4.6554509999696165
16	1	-4.461513499962166
16	1	-4.414138499938417
16	1	-4.319232249981724
16	1	-4.271638499980327
16	1	-4.182575999933761
16	1	-3.724700999970082
16	1	-3.689419749949593
16	1	-3.528044749982655
16	1	-3.4581697499379516
16	1	-3.4069822499295697
16	1	-3.372982249944471
16	1	-3.3264822499477305
16	1	-3.2922634999849834
16	1	-3.197044749977067
16	1	-3.102450999955181
16	1	-2.876482249936089
16	1	-2.7383884999435395
16	1	-2.6878884999314323
16	1	-2.5151384999626316
16	1	-2.4792634999612346
16	1	-2.402483250014484
16	1	-2.3307020000065677
16	1	-2.095327000017278
16	1	-2.0581394999753684
16	1	-2.0168582500191405
16	1	-1.8358894999837503
16	1	-1.8127332500298508
16	1	-1.793733250000514
16	1	-1.5227957500028424
16	1	-1.374920749978628
16	1	-1.343670749978628
16	1	-1.2871395000256598
16	1	-1.2517644999898039
16	1	-0.7578269999939948
16	1	-0.7194832499953918
16	1	-0.6705457500065677
16	1	-0.6242957499925978
16	1	-0.4096395000233315
16	1	-0.32151450001401827
16	1	-0.11098325002240017
16	1	-0.010701999999582767
16	1	0.1068282499909401
16	1	0.14504700002726167
16	1	0.5011720000184141
16	1	1.5746720000170171
16	1	1.6415782499825582
16	1	1.6853282499941997
16	1	1.7195782500202768
16	1	1.7692657500156201
16	1	1.8042657499900088
16	1	1.905140749993734
16	2	-5.996794000035152
16	2	-5.947825250041205
16	2	-5.920950250059832
16	2	-5.873856500082184
16	2	-5.141670000040904
16	2	-5.116670000017621
16	2	-5.0794512500287965
16	2	-4.8519825000548735
16	2	-4.6282950000604615
16	2	-4.600357500021346
16	2	-4.479826250055339
16	2	-4.434045000059996
16	2	-4.3937012500246055
16	2	-4.223826250061393
16	2	-4.193388750019949
16	2	-4.1055762500618584
16	2	-3.799170000012964
16	2	-3.466826250019949
16	2	-3.4288262500194833
16	2	-2.826889750023838
16	2	-2.7866397500038147
16	2	-2.5479522500536405
16	2	-2.3571397500345483
16	2	-2.3130772500298917
16	2	-2.2652960000559688
16	2	-2.2141709999996237
16	2	-2.097546000033617
16	2	-1.9562960000475869
16	2	-1.8705460000201128
16	2	-1.847733500006143
16	2	-1.7697647500317544
16	2	-1.616764750040602
16	2	-1.3052335000247695
16	2	-1.2016710000461899
16	2	-1.1155772500205785
16	2	-1.0474522500298917
16	2	-0.9169210000545718
16	2	-0.8421085000154562
16	2	-0.8216085000312887
16	2	-0.7131407500710338
16	2	-0.6660157500882633
16	2	-0.6377657500561327
16	2	-0.5559532500919886
16	2	-0.44998450006823987
16	2	-0.3959532500593923
16	2	-0.32123450009385124
16	2	-0.27242200006730855
16	2	-0.19067200005520135
16	2	-0.09264075005194172
16	2	-0.029015750100370497
16	2	0.01598424994153902
16	2	0.04279674991266802
16	2	0.09107799991033971
16	2	0.12729674990987405
16	2	0.15029674995457754
16	2	0.18057799991220236
16	2	0.3819842499215156
16	2	0.4169529999489896
16	2	0.4702342499513179
16	2	0.4997029999503866
16	2	0.6267654999392107
16	2	0.737390499911271
16	2	0.8570467499084771
16	2	0.9101092499331571
16	2	0.9458279999089427
16	2	0.987921749940142
16	2	1.0265154999215156
16	2	1.6606404999038205
16	2	1.7517654999392107
16	2	1.7858894999371842
16	3	-5.9680745000368915
16	3	-5.881449500040617
16	3	-5.702418250031769
16	3	-5.462263000023086
16	3	-5.402200500015169
16	3	-5.373638000048231
16	3	-5.347013000049628
16	3	-5.3366380000370555
16	3	-5.306919250055216
16	3	-5.217544250015635
16	3	-5.188325500057545
16	3	-5.08895050000865
16	3	-5.015325500047766
16	3	-5.002231750055216
16	3	-4.777044250047766
16	3	-4.6726380000473
16	3	-4.359950500016566
16	3	-4.327294250018895
16	3	-4.2978880000300705
16	3	-4.188731750007719
16	3	-4.131513000058476
16	3	-4.05191925005056
16	3	-3.999731750052888
16	3	-3.9303880000370555
16	3	-3.859825500054285
16	3	-3.669638000021223
16	3	-3.5837317500263453
16	3	-3.468388000037521
16	3	-2.962982750032097
16	3	-2.8976702500367537
16	3	-2.8457327500218526
16	3	-2.786357750010211
16	3	-2.755701499991119
16	3	-2.7135140000027604
16	3	-2.673514000023715
16	3	-2.6327327500330284
16	3	-2.598763999994844
16	3	-2.567920250003226
16	3	-2.5312015000381507
16	3	-2.4842015000176616
16	3	-2.4541702500428073
16	3	-2.3579515000456013
16	3	-2.3187015000148676
16	3	-2.084045250026975
16	3	-1.8793264999985695
16	3	-1.8272015000111423
16	3	-1.770014000008814
16	3	-1.5520140000153333
16	3	-1.542732750007417
16	3	-1.5195764999953099
16	3	-1.4790452500456013
16	3	-1.4113265000050887
16	3	-1.349451499991119
16	3	-1.165576500003226
16	3	-1.0793890000204556
16	3	-0.8346390000078827
16	3	-0.7977952500223182
16	3	-0.7456077500246465
16	3	-0.6366712499875575
16	3	-0.5051400000229478
16	3	-0.2852650000131689
16	3	-0.23620250000385568
16	3	-0.19048375001875684
16	3	-0.08092124998802319
16	3	0.006609999982174486
16	3	0.04370375000871718
16	3	0.06364125001709908
16	3	0.09973499999614432
16	3	0.13414124998962507
16	3	0.1780162500217557
16	3	0.2582662500208244
16	3	0.613047499966342
16	3	0.6994849999900907
16	3	0.747297499969136
16	3	0.7901412500068545
16	3	1.039485000015702
16	3	1.1657037499826401
16	3	1.2408287500147708
16	3	1.42842249997193
16	3	1.4622974999947473
16	3	1.5119537499849685
16	3	1.5584537499817088
16	3	1.607203749998007
16	3	1.6261725000222214
16	3	1.7725474999751896
16	4	-5.992044250015169
16	4	-5.8126692500081845
16	4	-5.719263000006322
16	4	-5.622169249982107
16	4	-5.600263000000268
16	4	-5.566200500004925
16	4	-5.469794249976985
16	4	-5.248076499963645
16	4	-5.195263999979943
16	4	-5.0947952499846
16	4	-5.040545249998104
16	4	-4.995013999985531
16	4	-4.922045249957591
16	4	-4.870013999985531
16	4	-4.820482749957591
16	4	-4.686420249985531
16	4	-4.630170249962248
16	4	-4.546357749961317
16	4	-4.49942025000928
16	4	-4.452482749999035
16	4	-4.445795250008814
16	4	-4.414326499972958
16	4	-4.398295249964576
16	4	-4.3693577499943785
16	4	-4.252513999992516
16	4	-4.199857749976218
16	4	-4.127513999992516
16	4	-4.056420249980874
16	4	-3.822545250004623
16	4	-3.643045249977149
16	4	-3.4322952500078827
16	4	-3.36004524998134
16	4	-3.305889000010211
16	4	-3.264138999977149
16	4	-3.188607749994844
16	4	-3.1491702499915846
16	4	-3.0372327499790117
16	4	-2.985451499989722
16	4	-2.9523889999836683
16	4	-2.9032015000120737
16	4	-2.8615149999968708
16	4	-2.8349524999503046
16	4	-2.8041087499586865
16	4	-2.7777962499530986
16	4	-2.755233749980107
16	4	-2.7311087499838322
16	4	-2.706514999968931
16	4	-2.6717962499824353
16	4	-2.6488899999530986
16	4	-2.6404524999670684
16	4	-2.6064524999819696
16	4	-2.5688274999847636
16	4	-2.3695774999796413
16	4	-2.2074837499530986
16	4	-2.162702499947045
16	4	-2.1337962499819696
16	4	-2.0940149999805726
16	4	-2.026702499948442
16	4	-1.8046087499824353
16	4	-1.7163899999577552
16	4	-1.6602649999549612
16	4	-1.603077499952633
16	4	-1.5871712499647401
16	4	-1.5411712499917485
16	4	-1.5014212499954738
16	4	-1.4544837499852292
16	4	-1.2653587499517016
16	4	-1.2440462499507703
16	4	-1.207764999999199
16	4	-1.189983749995008
16	4	-1.1759212499600835
16	4	-1.1455462499870919
16	4	-1.09598374995403
16	4	-0.8727649999782443
16	4	-0.7995462499675341
16	4	-0.7267649999703281
16	4	-0.5201087499735877
16	4	-0.46701499994378537
16	4	-0.4406087499810383
16	4	-0.41217124997638166
16	4	-0.3587024999433197
16	4	-0.3014847499434836
16	4	-0.13682849996257573
16	4	-0.09479724994162098
16	4	-0.04610974993556738
16	4	0.026609000051394105
16	4	0.09357775002717972
16	4	0.2795152500621043
16	4	0.308452750032302
16	4	0.3602340000215918
16	4	0.4140152500476688
16	4	0.436452750058379
16	4	0.4587965000537224
16	4	0.48401525005465373
16	4	0.5209840000607073
16	4	0.5642027500434779
16	4	0.627327750029508
16	4	0.7631090000504628
16	4	0.8826090000220574
16	4	0.9287340000155382
16	4	0.9695777500164695
16	4	1.0434215000132099
16	4	1.0768277500174008
16	4	1.1118590000551194
16	4	1.229734000051394
16	4	1.3079840000136755
16	4	1.347827750025317
16	4	1.4177027500700206
16	4	1.4741402500658296
16	4	1.521859000029508
16	4	1.6401402500341646
16	4	1.6865152500686236
16	4	1.730859000061173
16	4	1.775452750036493
16	4	1.9061402500374243
16	4	1.9517027500551194
16	4	1.9690777500509284
16	5	-5.923106250062119
16	5	-5.894418750074692
16	5	-5.861731250071898
16	5	-5.835825000074692
16	5	-5.8103562500327826
16	5	-5.797043750062585
16	5	-5.786293750046752
16	5	-5.747887500037905
16	5	-5.699918750033248
16	5	-5.672106250072829
16	5	-5.622075000079349
16	5	-5.580387500056531
16	5	-5.543981250026263
16	5	-5.524012500070967
16	5	-5.494918750075158
16	5	-5.466043750056997
16	5	-5.431262500060257
16	5	-5.087669750035275
16	5	-5.051951000059489
16	5	-4.860232250066474
16	5	-4.728826000064146
16	5	-4.609982250025496
16	5	-4.50204475002829
16	5	-4.456857250013854
16	5	-4.446169750066474
16	5	-4.179982250032481
16	5	-4.1327635000343435
16	5	-4.103107250062749
16	5	-3.9318260000436567
16	5	-3.86370100005297
16	5	-3.8413260000525042
16	5	-3.808888500032481
16	5	-3.7696072500548325
16	5	-3.7356697500217706
16	5	-3.7066697500413284
16	5	-3.668826000066474
16	5	-3.5762322500231676
16	5	-3.4057947500259615
16	5	-3.3629197500413284
16	5	-3.3496697500231676
16	5	-3.317982250067871
16	5	-3.297076000017114
16	5	-3.2704822500236332
16	5	-3.2546697500511073
16	5	-3.2251697500469163
16	5	-3.1974197500385344
16	5	-3.1512635000399314
16	5	-3.129013500059955
16	5	-3.117513500037603
16	5	-3.0923572500469163
16	5	-3.0753260000492446
16	5	-3.043576000025496
16	5	-3.021169750019908
16	5	-2.9743572500301525
16	5	-2.9325135000399314
16	5	-2.8635447500273585
16	5	-2.8366072500357404
16	5	-2.8025135000352748
16	5	-2.523889500007499
16	5	-2.47917075001169
16	5	-2.3135145000414923
16	5	-2.1432020000065677
16	5	-2.061420750047546
16	5	-2.023170750006102
16	5	-1.652295750041958
16	5	-1.6218270000535995
16	5	-1.523577000014484
16	5	-1.42285825003637
16	5	-1.3663895000354387
16	5	-1.2006707500549965
16	5	-1.0717645000549965
16	5	-0.7952020000084303
16	5	-0.4788582500186749
16	5	-0.1582342500332743
16	5	-0.13279674999648705
16	5	-0.03832799999509007
16	5	0.10442200000397861
16	5	0.13673450000351295
16	5	0.17135949997464195
16	5	0.20817199995508417
16	5	0.24948449997464195
16	5	0.31532824999885634
16	5	0.536921999999322
16	5	0.7575157500104979
16	5	0.8329844999825582
16	5	0.9103907499811612
16	5	0.9884532499709167
16	5	1.0216720000025816
16	5	1.224921999964863
16	5	1.2924844999797642
16	5	1.3333282499806955
16	5	1.376640749978833
16	5	1.414171999960672
16	5	1.44829699996626
16	5	1.480578249960672
16	5	1.509265750006307
16	5	1.5290782499941997
16	5	1.5549532499862835
16	5	1.580796999973245
16	5	1.7439845000044443
16	6	-5.981762749957852
16	6	-5.866543999989517
16	6	-5.422106499958318
16	6	-5.386793999990914
16	6	-5.328575249994174
16	6	-5.260262749972753
16	6	-5.238262749975547
16	6	-5.152481499942951
16	6	-5.0158252499531955
16	6	-4.813638749998063
16	6	-4.772701250039972
16	6	-4.739701249985956
16	6	-4.641920000023674
16	6	-4.602232500037644
16	6	-4.55592000001343
16	6	-4.400326250004582
16	6	-4.340763750020415
16	6	-4.323482500039972
16	6	-4.290795000037178
16	6	-4.276232500036713
16	6	-4.25048250000691
16	6	-4.216294999991078
16	6	-4.168420000001788
16	6	-4.1199512500315905
16	6	-3.9829512500436977
16	6	-3.9346699999878183
16	6	-3.8999512500013225
16	6	-3.836920000030659
16	6	-3.704795000026934
16	6	-3.5803575000027195
16	6	-3.5303262500092387
16	6	-3.4725450000260025
16	6	-3.162888750026468
16	6	-3.109295000031125
16	6	-3.0812012500246055
16	6	-3.061794999986887
16	6	-3.0143575000111014
16	6	-2.9659199999878183
16	6	-2.9177325000055134
16	6	-2.535076250031125
16	6	-2.508982500003185
16	6	-2.4621700000134297
16	6	-2.4178272500284947
16	6	-2.353796000010334
16	6	-2.2805459999945015
16	6	-2.243077250022907
16	6	-2.218514750013128
16	6	-2.1260459999903105
16	6	-2.080358500010334
16	6	-1.998827249975875
16	6	-1.8584835000219755
16	6	-1.7165147499763407
16	6	-1.6538897500140592
16	6	-1.5423585000098683
16	6	-1.505202249973081
16	6	-1.3375460000243038
16	6	-1.1441397499875166
16	6	-0.7658584999735467
16	6	-0.5935460000182502
16	6	-0.5388585000182502
16	6	-0.5047335000126623
16	6	-0.483202249975875
16	6	-0.4582022500107996
16	6	-0.4234835000243038
16	6	-0.3884834999917075
16	6	-0.276889749977272
16	6	-0.12132724997354671
16	6	-0.0326084999833256
16	6	0.02770299999974668
16	6	0.06304675003048033
16	6	0.11829675000626594
16	6	0.18826550000812858
16	6	0.44810924999183044
16	6	0.47557800001231954
16	6	0.5830779999960214
16	6	0.6707967499969527
16	6	0.8532967499922961
16	6	0.9447342500207014
16	6	0.9526405000360683
16	6	0.9952030000276864
16	6	1.029484250000678
16	6	1.0598592500318773
16	6	1.2392654999857768
16	6	1.3245154999895021
16	6	1.361203000007663
16	6	1.4037342499941587
16	6	1.4965467500151135
16	6	1.5984842500183731
16	6	1.652234250039328
16	6	1.6921405000030063
16	6	1.7277342500165105
16	6	1.7760155000141822
16	6	1.8200155000085942
16	6	1.8997342500369996
16	6	1.9615779999876395
16	7	-5.931700499961153
16	7	-5.806387999968138
16	7	-5.770231749978848
16	7	-5.745981749962084
16	7	-5.715419249958359
16	7	-5.678075500007253
16	7	-5.65823174995603
16	7	-5.635262999974657
16	7	-5.610825499985367
16	7	-5.581856750010047
16	7	-5.530325500003528
16	7	-5.480137999984436
16	7	-5.443013000010978
16	7	-5.415606750000734
16	7	-5.301419249968603
16	7	-5.2435754999751225
16	7	-5.187294250004925
16	7	-5.1372005000011995
16	7	-5.076794249995146
16	7	-5.02516924997326
16	7	-4.68470049998723
16	7	-4.677106749964878
16	7	-4.626012999971863
16	7	-4.5071390000521205
16	7	-4.227482750022318
16	7	-4.044014000042807
16	7	-4.003107750031631
16	7	-3.9101702500483952
16	7	-3.6576390000409447
16	7	-3.616326500021387
16	7	-3.5930765000521205
16	7	-3.517670250032097
16	7	-3.460107750026509
16	7	-3.4222327500465326
16	7	-3.405201500048861
16	7	-3.3769515000167303
16	7	-3.346201500040479
16	7	-3.311951500014402
16	7	-3.2640140000148676
16	7	-3.183482750027906
16	7	-3.0926390000386164
16	7	-2.9990140000591055
16	7	-2.9184202500036918
16	7	-2.868826500023715
16	7	-2.7068577500176616
16	7	-2.5894515000400133
16	7	-2.4705452500493266
16	7	-2.347545250027906
16	7	-2.288326500041876
16	7	-2.2382327500381507
16	7	-2.197482750052586
16	7	-2.1605140000465326
16	7	-2.1397015000111423
16	7	-2.1148577500134706
16	7	-2.0813265000469983
16	7	-2.048108750022948
16	7	-1.9497025000164285
16	7	-1.9002337499987334
16	7	-1.864233750035055
16	7	-1.8325462500215508
16	7	-1.8025462499936111
16	7	-1.7810462500201538
16	7	-1.7276712500024587
16	7	-1.3965775000397116
16	7	-1.322890000010375
16	7	-1.245608750032261
16	7	-0.9284212500206195
16	7	-0.9015462500392459
16	7	-0.8718274999991991
16	7	-0.6835150000406429
16	7	-0.5889212500187568
16	7	-0.5071087499964051
16	7	-0.3325462500215508
16	7	-0.30495250003878027
16	7	-0.2538587500457652
16	7	-0.1631712500238791
16	7	-0.12201500002993271
16	7	-0.07382749998942018
16	7	-0.022515000018756837
16	7	0.019109999993816018
16	7	0.05229749996215105
16	7	0.09098499995889142
16	7	0.12317249999614432
16	7	0.15051624999614432
16	7	0.17167249997146428
16	7	0.4061099999817088
16	7	0.6638902499689721
16	7	0.7476402500178665
16	7	1.0595777499838732
16	7	1.1155465000192635
16	7	1.1500152500229888
16	7	1.2560464999987744
16	7	1.2821090000215918
16	7	1.3055777499685064
16	7	1.356421499978751
16	7	1.3809527499834076
16	7	1.423140249971766
16	7	1.6172652500099503
16	7	1.711483999970369
16	7	1.7563277499866672
16	7	1.8962652499903925
16	8	-5.806699999957345
16	8	-5.40441874996759
16	8	-5.221137499960605
16	8	-5.17269999999553
16	8	-5.151418749999721
16	8	-5.143449999974109
16	8	-5.130168749950826
16	8	-5.046793749963399
16	8	-5.024387499957811
16	8	-4.98482499999227
16	8	-4.941918749944307
16	8	-4.915293749945704
16	8	-4.87379374995362
16	8	-4.490449999982957
16	8	-4.128982249938417
16	8	-4.09866974997567
16	8	-4.067325999960303
16	8	-3.733232249971479
16	8	-3.6522634999710135
16	8	-3.6089822499779984
16	8	-3.415388499968685
16	8	-3.3670134999556467
16	8	-3.322544749942608
16	8	-3.2940447499859147
16	8	-3.1495759999379516
16	8	-3.0847009999561124
16	8	-2.9756384999491274
16	8	-2.931294749956578
16	8	-2.84576349996496
16	8	-2.693325999949593
16	8	-2.659419749979861
16	8	-2.6417322499328293
16	8	-2.5886072499561124
16	8	-2.535107249976136
16	8	-2.5067947499337606
16	8	-2.4822634999873117
16	8	-2.352138499962166
16	8	-2.3133572499500588
16	8	-2.2938259999500588
16	8	-2.261482249945402
16	8	-2.218794749933295
16	8	-2.1291072499589063
16	8	-2.0726072499528527
16	8	-2.0094509999617003
16	8	-1.9749509999528527
16	8	-1.9060759999556467
16	8	-1.8654207499930635
16	8	-1.792389500013087
16	8	-1.7473582500242628
16	8	-1.7127019999898039
16	8	-1.6124207500251941
16	8	-1.5618895000079647
16	8	-1.4887957500177436
16	8	-1.434889500029385
16	8	-1.4140457499888726
16	8	-1.3357020000112243
16	8	-1.1941082500270568
16	8	-1.0689207499963231
16	8	-0.7057020000065677
16	8	-0.6755770000163466
16	8	-0.6204207499977201
16	8	-0.5417957500321791
16	8	-0.5316707500023767
16	8	-0.39913949999026954
16	8	-0.3638582500279881
16	8	-0.2682957500219345
16	8	-0.21901449997676536
16	8	-0.1800144999870099
16	8	-0.125452000007499
16	8	-0.02504575002240017
16	8	0.18748550000600517
16	8	0.22642299998551607
16	8	0.2687980000046082
16	8	0.3251729999901727
16	8	0.39036050002323464
16	8	0.4863292499794625
16	8	0.5867042500176467
16	8	0.6606720000272617
16	8	0.8468907499918714
16	8	0.9424219999928027
16	8	1.0509845000342466
16	8	1.2042032500030473
16	8	1.2902657500235364
16	8	1.361359500035178
16	8	1.4018282500328496
16	8	1.5636407500132918
16	8	1.6177657499792986
16	8	1.7083282499806955
16	8	1.743359500018414
16	8	1.7715469999820925
16	8	1.8012970000272617
16	8	1.8397969999932684
16	8	1.8926407499820925
16	8	1.967015750007704
16	9	-5.92754425003659
16	9	-5.912325500044972
16	9	-5.887356750026811
16	9	-5.863294250040781
16	9	-5.811325500020757
16	9	-5.785356750013307
16	9	-5.693669250002131
16	9	-5.647981750022154
16	9	-5.44895049999468
16	9	-5.4108567500370555
16	9	-5.38191925000865
16	9	-5.345731750014238
16	9	-5.300544249999803
16	9	-5.2485442500328645
16	9	-5.19416925002588
16	9	-5.120794250047766
16	9	-5.039856749994215
16	9	-4.978419249993749
16	9	-4.930325500026811
16	9	-4.916106750024483
16	9	-4.8742630000342615
16	9	-4.851700500003062
16	9	-4.8073255000053905
16	9	-4.747950499993749
16	9	-4.691856749996077
16	9	-4.648450500040781
16	9	-4.602231750031933
16	9	-4.539013999979943
16	9	-4.483545250026509
16	9	-4.47913900000276
16	9	-3.859639000031166
16	9	-3.8224514999892563
16	9	-3.7251077499822713
16	9	-3.682326500013005
16	9	-3.6299202499794774
16	9	-3.4867952500353567
16	9	-3.4087327499873936
16	9	-3.3320452499901876
16	9	-3.2611077500041574
16	9	-3.2212014999822713
16	9	-3.1679514999850653
16	9	-3.060607750026975
16	9	-2.9702952500083484
16	9	-2.90857650001999
16	9	-2.8734827500302345
16	9	-2.8137327500153333
16	9	-2.7972014999832027
16	9	-2.773920250008814
16	9	-2.7119514999794774
16	9	-2.5158265000209212
16	9	-2.2329202499822713
16	9	-2.038140000018757
16	9	-1.8509837500168942
16	9	-1.7983587500057183
16	9	-1.7712024999782443
16	9	-1.6891087499679998
16	9	-1.6347337500192225
16	9	-1.500921249971725
16	9	-1.4281712499796413
16	9	-1.3990774999838322
16	9	-1.0885462500154972
16	9	-0.9344837499666028
16	9	-0.8932337500154972
16	9	-0.7012962499866262
16	9	-0.6672024999861605
16	9	-0.5542962499894202
16	9	-0.33810875000199303
16	9	-0.29632750002201647
16	9	-0.22079624998150393
16	9	-0.1668587499880232
16	9	0.109672499995213
16	9	0.1871099999989383
16	9	0.2567037499975413
16	9	0.3246725000208244
16	9	0.39367249998031184
16	9	0.43632874998729676
16	9	0.4658277499838732
16	9	0.49789024994242936
16	9	0.6220464999787509
16	9	0.6668277499848045
16	9	0.6844839999685064
16	9	0.726265249948483
16	9	0.7730777499382384
16	9	0.8046714999363758
16	9	0.8992027499480173
16	9	0.9302027499652468
16	9	0.9718902499298565
16	9	0.9917339999810793
16	9	1.0290777499321848
16	9	1.224515249952674
16	9	1.2739527499652468
16	9	1.3336402499699034
16	9	1.385108999966178
16	9	1.502296499966178
16	9	1.594890249951277
16	9	1.6653902499820106
16	9	1.8051402499550022
16	9	1.8547339999349788
16	9	1.8881089999340475
16	9	1.9404214999522083
16	10	-5.88376275007613
16	10	-5.859106500050984
16	10	-5.786262750043534
16	10	-5.753919000038877
16	10	-5.7242627500672825
16	10	-5.650169000029564
16	10	-5.6081065000616945
16	10	-5.5621377500356175
16	10	-5.129606500035152
16	10	-5.023325250076596
16	10	-4.932450250023976
16	10	-4.787950250029098
16	10	-4.5831065000384115
16	10	-4.525794000073802
16	10	-4.419951250019949
16	10	-4.257545000058599
16	10	-4.204701250011567
16	10	-4.122451250033919
16	10	-3.822013750032056
16	10	-3.444826250022743
16	10	-3.349451250047423
16	10	-3.2956387500162236
16	10	-3.2507325000478886
16	10	-3.2125450000166893
16	10	-3.1829825000604615
16	10	-3.136451250058599
16	10	-3.0833575000287965
16	10	-2.9940762500627898
16	10	-2.8275137500604615
16	10	-2.7767325000604615
16	10	-2.7052012500353158
16	10	-2.6393887500162236
16	10	-2.5011387500562705
16	10	-2.2081387500511482
16	10	-2.179420000058599
16	10	-2.0524200000218116
16	10	-1.9507022500038147
16	10	-1.7799835000187159
16	10	-1.714514749997761
16	10	-1.652421000006143
16	10	-1.6035147500224411
16	10	-1.5816397500457242
16	10	-1.5119835000368766
16	10	-1.4432647500070743
16	10	-1.404077250044793
16	10	-1.3683585000107996
16	10	-1.3408897500485182
16	10	-1.320921000035014
16	10	-1.09682725003222
16	10	-0.9679835000424646
16	10	-0.9377022500266321
16	10	-0.884327250008937
16	10	-0.8339210000121966
16	10	-0.7825460000312887
16	10	-0.7365772500052117
16	10	-0.7068897500284947
16	10	-0.4652022499940358
16	10	-0.40345225000055507
16	10	-0.1709835000219755
16	10	-0.10613975004525855
16	10	-0.060983500035945326
16	10	0.002078999998047948
16	10	0.0934227499528788
16	10	0.2527039999840781
16	10	0.5643904999596998
16	10	0.8141092499135993
16	10	0.8574842499219812
16	10	0.90876549994573
16	10	0.9922029999434017
16	10	1.0224842499592341
16	10	1.0609529999201186
16	10	1.2687654999317601
16	10	1.3180154999135993
16	10	1.3450779999257065
16	10	1.3768279999494553
16	10	1.4022029999177903
16	10	1.4722654999350198
16	10	1.5552029999089427
16	10	1.5830779999378137
16	10	1.6413279999396764
16	11	-5.6205442500067875
16	11	-5.579356750007719
16	11	-5.460169250029139
16	11	-5.425481750047766
16	11	-5.376263000012841
16	11	-5.352669250045437
16	11	-5.304356750042643
16	11	-5.198794250027277
16	11	-5.153700500028208
16	11	-5.086575500026811
16	11	-4.896606750029605
16	11	-4.4025130000081845
16	11	-4.373638000048231
16	11	-4.3410442500025965
16	11	-4.292138000018895
16	11	-4.243856750021223
16	11	-4.190169250010513
16	11	-4.1418255000025965
16	11	-3.9378264999832027
16	11	-3.8760139999794774
16	11	-3.580638999992516
16	11	-3.3968265000148676
16	11	-3.2062640000367537
16	11	-3.1737640000064857
16	11	-3.156638999993447
16	11	-3.120982750027906
16	11	-3.066982750024181
16	11	-2.9903577500372194
16	11	-2.8932327500078827
16	11	-2.7843890000367537
16	11	-2.7223264999920502
16	11	-2.640982749988325
16	11	-2.5542952499818057
16	11	-2.5063265000353567
16	11	-2.478045249998104
16	11	-2.4379202499985695
16	11	-2.4042015000013635
16	11	-2.3607015000307
16	11	-2.1177327500190586
16	11	-2.064607749984134
16	11	-1.9845765000209212
16	11	-1.9540452500223182
16	11	-1.9339202499832027
16	11	-1.8868265000055544
16	11	-1.865920250013005
16	11	-1.6511077500181273
16	11	-1.6191702500218526
16	11	-1.6032327500288375
16	11	-1.565982750034891
16	11	-1.5146077499957755
16	11	-1.474296249973122
16	11	-1.446952499973122
16	11	-1.4201087499968708
16	11	-1.3573587500141002
16	11	-1.2725774999707937
16	11	-1.226671250013169
16	11	-1.1919212500215508
16	11	-1.1521087500150315
16	11	-1.1102337500196882
16	11	-1.0622337500099093
16	11	-0.9730462500010617
16	11	-0.8357025000150315
16	11	-0.6116400000173599
16	11	-0.531671250006184
16	11	-0.422296250006184
16	11	-0.3722025000024587
16	11	-0.31663999997545034
16	11	-0.27976499998476356
16	11	-0.23742124997079372
16	11	-0.21392125001875684
16	11	-0.19007750001037493
16	11	-0.17401499999687076
16	11	-0.14445249998243526
16	11	-0.09529625001596287
16	11	-0.017983749974519014
16	11	0.06326625001383945
16	11	0.09929749998264015
16	11	0.1613912500324659
16	11	0.2868287499877624
16	11	0.3162974999868311
16	11	0.3573912500287406
16	11	0.49967250000918284
16	11	0.6093287499970756
16	11	0.8710474999970756
16	11	1.2285465000313707
16	11	1.2641090000397526
16	11	1.3325152500183322
16	11	1.3584840000257827
16	11	1.421734000032302
16	11	1.457796500006225
16	11	1.5354527500458062
16	11	1.5996090000262484
16	11	1.6512339999899268
16	11	1.7327652500243858
16	11	1.816765249997843
16	11	1.8529527499922551
16	11	1.8763277500402182
16	11	1.9012965000001714
16	11	1.9619839999941178
16	12	-5.99082524998812
16	12	-5.955231499974616
16	12	-5.86620024999138
16	12	-5.8032627499778755
16	12	-5.673668999981601
16	12	-5.610887749993708
16	12	-5.595856499974616
16	12	-5.562762750021648
16	12	-5.530762750015128
16	12	-5.4892002500128
16	12	-5.465918999980204
16	12	-5.448200249986257
16	12	-5.361168999981601
16	12	-5.347325249982532
16	12	-5.2679190000053495
16	12	-5.241762750025373
16	12	-5.205981499981135
16	12	-4.853107500006445
16	12	-4.71179500001017
16	12	-4.238420000008773
16	12	-4.188576249987818
16	12	-4.10566999996081
16	12	-4.007638750015758
16	12	-3.9305762500152923
16	12	-3.893513749993872
16	12	-3.852732500003185
16	12	-3.5905449999845587
16	12	-3.569201249978505
16	12	-3.5577324999612756
16	12	-3.534138749993872
16	12	-3.4950449999887496
16	12	-3.4152637500083074
16	12	-3.338138749997597
16	12	-3.312326250015758
16	12	-3.238013750000391
16	12	-3.1804824999999255
16	12	-3.132513749995269
16	12	-3.086982499982696
16	12	-3.065888749959413
16	12	-2.9932637499878183
16	12	-2.9667950000148267
16	12	-2.94488874997478
16	12	-2.931857499992475
16	12	-2.8746387499850243
16	12	-2.844357499969192
16	12	-2.7902950000134297
16	12	-2.7153887499589473
16	12	-2.6029824999859557
16	12	-2.5549834999837913
16	12	-2.5143897499656305
16	12	-2.375389749999158
16	12	-2.354920999961905
16	12	-2.3088272499735467
16	12	-2.1878272499889135
16	12	-1.8492959999712184
16	12	-1.7597647499642335
16	12	-1.6850147499935701
16	12	-1.316670999978669
16	12	-1.2833272499847226
16	12	-1.1314834999502636
16	12	-0.7584834999870509
16	12	-0.6902022499707527
16	12	-0.6407647499581799
16	12	-0.5937960000010207
16	12	-0.5578584999893792
16	12	-0.43195224995724857
16	12	-0.3454209999763407
16	12	-0.22942099999636412
16	12	-0.1735147499712184
16	12	-0.13120224996237084
16	12	-0.06773449998581782
16	12	0.040828000055626035
16	12	0.045359250041656196
16	12	0.3939842500258237
16	12	0.44542175001697615
16	12	0.4964842500630766
16	12	0.5728905000141822
16	12	0.6410155000630766
16	12	0.7292030000244267
16	12	0.7877342500141822
16	12	0.8698280000244267
16	12	1.0815780000411905
16	12	1.1461405000300147
16	12	1.202109250065405
16	12	1.246609250025358
16	12	1.2825467500369996
16	12	1.2982655000523664
16	12	1.311578000022564
16	12	1.3333592500421219
16	12	1.3566405000165105
16	12	1.4081717500230297
16	12	1.444203000050038
16	12	1.4709842500160448
16	12	1.560765500064008
16	12	1.5884530000621453
16	12	1.6655467500095256
16	12	1.704359250026755
16	12	1.802421750035137
16	12	1.831921750039328
16	12	1.8738280000397936
16	12	1.9430155000300147
16	13	-5.966543999966234
16	13	-4.7492939999792725
16	13	-4.695981499971822
16	13	-4.571169999951962
16	13	-4.4910137499682605
16	13	-4.429701249930076
16	13	-4.372013749962207
16	13	-4.307201249932405
16	13	-4.255201249965467
16	13	-4.222263749921694
16	13	-4.1730449999449775
16	13	-4.132794999924954
16	13	-4.105138749931939
16	13	-4.0222637499682605
16	13	-3.9455762499710545
16	13	-3.8994824999244884
16	13	-3.7760762499528937
16	13	-3.7363574999617413
16	13	-3.5583574999473058
16	13	-3.3817324999254197
16	13	-3.280732499959413
16	13	-3.222763749945443
16	13	-3.1279199999407865
16	13	-3.067013749969192
16	13	-3.0362324999296106
16	13	-2.968107499938924
16	13	-2.9242012499598786
16	13	-2.8968574999598786
16	13	-2.8368262499570847
16	13	-2.7363887499668635
16	13	-2.7048262499738485
16	13	-2.643169999937527
16	13	-2.592701249930542
16	13	-2.5536074999254197
16	13	-2.5163574999314733
16	13	-2.48004499997478
16	13	-2.469763749919366
16	13	-2.4441074999631383
16	13	-2.409326249966398
16	13	-2.364826249948237
16	13	-2.3334824999328703
16	13	-2.311763749923557
16	13	-2.2620137499761768
16	13	-2.1073272500070743
16	13	-2.055358499987051
16	13	-1.9057022500201128
16	13	-1.7889834999805316
16	13	-1.527108500013128
16	13	-1.4672334999777377
16	13	-1.4288897499791346
16	13	-1.236608500010334
16	13	-1.1642647499684244
16	13	-1.116420999984257
16	13	-1.0916397499968298
16	13	-0.8872959999716841
16	13	-0.845764749974478
16	13	-0.757889750006143
16	13	-0.7144522499875166
16	13	-0.6472334999707527
16	13	-0.6164834999945015
16	13	-0.5598272500210442
16	13	-0.4823585000121966
16	13	-0.43438975000754
16	13	-0.3932335000135936
16	13	-0.2707335000159219
16	13	-0.17407725000521168
16	13	-0.07382724998751655
16	13	0.04414150002412498
16	13	0.30898525001248345
16	13	0.4822029999922961
16	13	0.536577999999281
16	13	0.6055467500118539
16	13	0.6963905000011437
16	13	0.7654842500342056
16	13	0.8266405000467785
16	13	0.8467030000174418
16	13	1.0023905000416562
16	13	1.0516717500286177
16	13	1.1035467500332743
16	13	1.2415155000053346
16	13	1.3872655000304803
16	13	1.429578000039328
16	13	1.4699217500165105
16	13	1.4982655000058003
16	13	1.523828000004869
16	13	1.5657342500053346
16	13	1.6339530000113882
16	13	1.9606405000085942
16	14	-5.710324999992736
16	14	-5.494856249948498
16	14	-5.448574999987613
16	14	-5.224699999962468
16	14	-5.191293749958277
16	14	-5.148699999961536
16	14	-5.066699999966659
16	14	-4.959606249991339
16	14	-4.830982249986846
16	14	-4.506107249937486
16	14	-4.1978884999407455
16	14	-4.120013499981724
16	14	-4.0767947499407455
16	14	-3.762888499943074
16	14	-3.5603572499821894
16	14	-3.4659822499379516
16	14	-3.421732249960769
16	14	-3.3626697499421425
16	14	-3.309794749948196
16	14	-3.265888499969151
16	14	-3.2201384999789298
16	14	-3.0374509999528527
16	14	-2.940357249986846
16	14	-2.890482249960769
16	14	-2.403232249955181
16	14	-1.8131707499851473
16	14	-1.7253270000219345
16	14	-1.6789519999874756
16	14	-1.5284207499935292
16	14	-1.4660457500140183
16	14	-1.4243582499912009
16	14	-1.1713270000182092
16	14	-1.1032020000275224
16	14	-1.0512020000023767
16	14	-0.7695457499939948
16	14	-0.6525457500247285
16	14	-0.637170750007499
16	14	-0.6067645000293851
16	14	-0.5649519999860786
16	14	-0.4640457500354387
16	14	-0.43423325003823265
16	14	-0.298045750008896
16	14	-0.29001450003124774
16	14	-0.28404574998421595
16	14	-0.2775145000196062
16	14	-0.26770199998281896
16	14	0.2451720000244677
16	14	0.5068595000193454
16	14	0.6281407499918714
16	14	0.6664844999904744
16	14	0.7180157499969937
16	14	0.7441407500300556
16	14	0.7820782500202768
16	14	0.8154220000142232
16	14	0.8372657499858178
16	14	0.9222657500067726
16	14	0.9669219999923371
16	14	0.9903594999923371
16	14	1.022140750021208
16	14	1.0922032499802299
16	14	1.2280782500165515
16	14	1.3713907499914058
16	14	1.3812344999751076
16	14	1.8989532500272617
16	15	-5.798793250054587
16	15	-5.737762000062503
16	15	-5.660512000031304
16	15	-5.632200500054751
16	15	-5.601606750045903
16	15	-5.494263000029605
16	15	-5.256950500013772
16	15	-5.14591925003333
16	15	-5.08379425003659
16	15	-5.0326692500384524
16	15	-4.9680130000342615
16	15	-4.741700500017032
16	15	-4.70098175003659
16	15	-4.532200500019826
16	15	-4.109981750021689
16	15	-3.910200500045903
16	15	-3.876888000057079
16	15	-3.687231750052888
16	15	-3.6187317500589415
16	15	-3.297513000026811
16	15	-3.284794250037521
16	15	-3.219231750059407
16	15	-3.157857750018593
16	15	-3.056732750032097
16	15	-2.9101077500381507
16	15	-2.873451500025112
16	15	-2.7654515000176616
16	15	-2.4989202500437386
16	15	-2.412701499997638
16	15	-1.9959202500176616
16	15	-1.9596077500027604
16	15	-1.9041390000493266
16	15	-1.8695452500251122
16	15	-1.7768890000297688
16	15	-1.6771702500409447
16	15	-1.0092640000511892
16	15	-0.9617640000069514
16	15	-0.8087952500209212
16	15	-0.7415140000521205
16	15	-0.7030765000381507
16	15	-0.5736087500699796
16	15	-0.5442962500965223
16	15	-0.4926400000695139
16	15	-0.4689212500816211
16	15	-0.4107962500420399
16	15	-0.273483750061132
16	15	-0.05682750005507842
16	15	0.007547499903012067
16	15	0.07464124995749444
16	15	0.16126624995376915
16	15	0.19429749995470047
16	15	0.21964124991791323
16	15	0.2429537499556318
16	15	0.25939124991418794
16	15	0.5184224999393336
16	15	0.7004849999211729
16	15	0.9699849999160506
16	15	1.0738287499407306
16	15	1.1417349999537691
16	15	1.5749224999453872
16	15	1.6419537499314174
16	15	1.7454849999048747
16	15	1.7888287499081343
16	15	1.8137974999262951
16	15	1.8337974999449216
16	15	1.8862652499228716
16	15	1.913358999940101
16	16	-5.908262750017457
16	16	-5.868231500033289
16	16	-5.559701249992941
16	16	-5.5110762499971315
16	16	-5.423263749980833
16	16	-5.321232500020415
16	16	-5.249669999990147
16	16	-5.201857500011101
16	16	-5.105482499988284
16	16	-5.06045124999946
16	16	-4.996857499994803
16	16	-4.926232500001788
16	16	-4.878013750014361
16	16	-4.834326250012964
16	16	-4.587076249998063
16	16	-4.545982500014361
16	16	-4.476263749995269
16	16	-4.409232500009239
16	16	-4.345576249994338
16	16	-4.305044999986421
16	16	-4.211451250012033
16	16	-4.102326249994803
16	16	-4.010107500012964
16	16	-3.8134200000204146
16	16	-3.737701250007376
16	16	-3.6801700000069104
16	16	-3.3001074999920093
16	16	-3.2613574999850243
16	16	-3.0876709999865852
16	16	-3.021545999974478
16	16	-2.2214209999656305
16	16	-1.8627647499670275
16	16	-1.802296000008937
16	16	-1.7514209999935701
16	16	-1.6869210000149906
16	16	-1.6519522499875166
16	16	-1.624764750013128
16	16	-1.5945772500126623
16	16	-1.5580772499670275
16	16	-1.5132647500140592
16	16	-1.4662334999884479
16	16	-1.4517334999982268
16	16	-1.409702249977272
16	16	-1.329233500000555
16	16	-1.2197959999903105
16	16	-1.0855772499926388
16	16	-0.8258584999712184
16	16	-0.7899834999698214
16	16	-0.7379835000028834
16	16	-0.3943907499779016
16	16	-0.06964074994903058
16	16	0.07798425003420562
16	16	0.15757800004212186
16	16	0.20348424999974668
16	16	0.22539050003979355
16	16	0.24010925000766292
16	16	0.26489049999509007
16	16	0.30814050004119053
16	16	0.33326550002675503
16	16	0.40604675002396107
16	16	0.4964529999997467
16	16	0.5365467499941587
16	16	0.5874217500095256
16	16	0.6218592500081286
16	16	0.7244530000025406
16	16	0.7468592500081286
16	16	0.8408592500491068
16	16	0.8683592500165105
16	16	0.9867342500365339
16	16	1.0813280000002123
16	16	1.1357655000174418
16	16	1.1537967500044033
16	16	1.1775155000505038
16	16	1.3201717500342056
16	16	1.3501404999988154
16	16	1.383015500032343
16	16	1.4321717499988154
16	16	1.4649217500118539
16	16	1.4795780000276864
16	16	1.6003905000397936
16	16	1.7618280000169761
16	16	1.8360467500169761
16	16	1.864515500026755
16	16	1.89876449998701
16	16	1.9412332499632612
16	16	1.9972957499558106
16	17	-5.966919000027701
16	17	-5.733731500047725
16	17	-5.672075250011403
16	17	-5.5637627500109375
16	17	-5.306263750011567
16	17	-5.233170000021346
16	17	-5.0920762500027195
16	17	-4.715045000019018
16	17	-4.666201249987353
16	17	-4.649826249980833
16	17	-4.424607500026468
16	17	-4.331576250027865
16	17	-4.207451249996666
16	17	-4.12157625000691
16	17	-3.9266700000152923
16	17	-3.87295124999946
16	17	-3.7959512500092387
16	17	-3.724357500032056
16	17	-3.609482500003651
16	17	-3.315826250007376
16	17	-3.2451700000092387
16	17	-3.1955137500190176
16	17	-2.9444834999740124
16	17	-2.9114834999782033
16	17	-2.8337647499865852
16	17	-2.6607959999819286
16	17	-2.611483499989845
16	17	-2.413295999984257
16	17	-2.305358499987051
16	17	-1.9467647499986924
16	17	-1.900264750001952
16	17	-1.855014749977272
16	17	-1.6055772500112653
16	17	-1.525983500003349
16	17	-1.4708584999898449
16	17	-1.4045460000052117
16	17	-1.2974209999665618
16	17	-1.2878584999707527
16	17	-1.2816710000042804
16	17	-1.2763272500014864
16	17	-1.269296000013128
16	17	-1.2546710000024177
16	17	-1.2480772499693558
16	17	-1.233421000011731
16	17	-1.1792647499823943
16	17	-1.164733499987051
16	17	-1.0521397499833256
16	17	-0.8008272500010207
16	17	-0.7882022499688901
16	17	-0.5887959999963641
16	17	-0.5408595000044443
16	17	-0.41314074996626005
16	17	-0.3552969999727793
16	17	-0.291547000000719
16	17	-0.22664074995554984
16	17	-0.1944532499765046
16	17	-0.040359499980695546
16	17	0.004828000033739954
16	17	0.16695300000719726
16	17	0.3565154999960214
16	17	0.4168280000449158
16	17	0.5227655000053346
16	17	0.6623905000160448
16	17	0.7688280000002123
16	17	0.8601092500030063
16	17	0.9417654999997467
16	17	0.988671750004869
16	17	1.0971092500258237
16	17	1.1491717500030063
16	17	1.1710780000430532
16	17	1.1914217500016093
16	17	1.2158904999960214
16	17	1.228703000000678
16	17	1.2423592500272207
16	17	1.381890500022564
16	17	1.4148280000081286
16	17	1.4526405000360683
16	17	1.490953000029549
16	17	1.528453000006266
16	17	1.6706092500244267
16	17	1.6986092500155792
16	17	1.7164530000300147
16	17	1.7499217500444502
16	17	1.7955780000193045
16	17	1.836140500032343
16	17	1.8580780000193045
16	18	-5.9730127500370145
16	18	-5.9378565000370145
16	18	-5.92282525007613
16	18	-5.740451250050683
16	18	-5.654826250043698
16	18	-5.5574512500315905
16	18	-5.490888750064187
16	18	-5.400701250007842
16	18	-5.3582325000315905
16	18	-5.328795000037644
16	18	-5.240576250012964
16	18	-5.182388750021346
16	18	-5.093170000007376
16	18	-5.052076250023674
16	18	-4.987482500029728
16	18	-4.82445125002414
16	18	-4.782170000020415
16	18	-4.705545000033453
16	18	-4.664857500058133
16	18	-4.4610450000618584
16	18	-4.410326250013895
16	18	-4.371170000056736
16	18	-4.230513750051614
16	18	-4.072263750014827
16	18	-3.9856075000134297
16	18	-3.909576250007376
16	18	-3.2913897500257008
16	18	-3.2528272500494495
16	18	-3.2137335000443272
16	18	-3.1806710000382736
16	18	-3.138671000022441
16	18	-3.11307725001825
16	18	-3.0698585000354797
16	18	-3.030858500045724
16	18	-2.9742022500140592
16	18	-2.940452250011731
16	18	-2.899046000035014
16	18	-2.81229600001825
16	18	-2.753577249997761
16	18	-2.7083272500312887
16	18	-2.653389750048518
16	18	-2.574733500019647
16	18	-2.4484210000373423
16	18	-2.1676710000028834
16	18	-1.9564522500149906
16	18	-1.9175147500354797
16	18	-1.8492647500243038
16	18	-1.8039522500475869
16	18	-1.7438897500396706
16	18	-1.5360460000229068
16	18	-1.4784835000173189
16	18	-1.42267100000754
16	18	-1.289983500028029
16	18	-1.255108500015922
16	18	-1.2082960000261664
16	18	-0.8837032500305213
16	18	-0.790828249999322
16	18	-0.7553907500114292
16	18	-0.6233282500179484
16	18	-0.3768595000146888
16	18	-0.10967199999140576
16	18	-0.04229700000723824
16	18	0.05632799997692928
16	18	0.21960924996528774
16	18	0.2672654999769293
16	18	0.34542174998205155
16	18	0.377327999973204
16	18	0.4170779999694787
16	18	0.49467174999881536
16	18	0.5265154999797232
16	18	0.6208592500188388
16	18	0.659296749974601
16	18	0.726015499967616
16	18	0.8015467500081286
16	18	0.8905779999913648
16	18	0.9232654999941587
16	18	0.958452999999281
16	18	1.0977342500118539
16	18	1.1259529999806546
16	18	1.1869842499727383
16	18	1.3484530000132509
16	18	1.4080154999974184
16	18	1.5999832500237972
16	18	1.9748895000084303
16	19	-5.897263000020757
16	19	-5.8605755000025965
16	19	-5.670919249998406
16	19	-5.580325499991886
16	19	-5.340481750026811
16	19	-5.2986067500314675
16	19	-5.165731750021223
16	19	-4.822887999995146
16	19	-4.787575500027742
16	19	-4.749575500027277
16	19	-4.609075499989558
16	19	-4.567700500017963
16	19	-4.443950499990024
16	19	-4.149419250024948
16	19	-4.068919249984901
16	19	-3.850981750001665
16	19	-3.4449202499818057
16	19	-3.2974827499710955
16	19	-3.249014000000898
16	19	-3.159795249986928
16	19	-3.1317014999804087
16	19	-3.07198274997063
16	19	-2.9628890000167303
16	19	-2.808826499967836
16	19	-2.685107750003226
16	19	-2.657638999982737
16	19	-2.6203577499836683
16	19	-2.5959202499943785
16	19	-2.4412952499696985
16	19	-2.172826499969233
16	19	-1.974045249982737
16	19	-1.8263889999943785
16	19	-1.4602639999939129
16	19	-1.3398577499901876
16	19	-1.2851702499901876
16	19	-1.1343899999628775
16	19	-0.9438274999847636
16	19	-0.8378274999558926
16	19	-0.8079525000066496
16	19	-0.7956712499726564
16	19	-0.5960774999693967
16	19	-0.5501400000066496
16	19	-0.5159212499856949
16	19	-0.3967649999540299
16	19	-0.28635874995961785
16	19	-0.24126499996054918
16	19	-0.1942024999880232
16	19	-0.14389000000664964
16	19	0.14686000003712252
16	19	0.24189125001430511
16	19	0.3512975000194274
16	19	0.3961725000408478
16	19	0.4479537500301376
16	19	0.48554750002222136
16	19	0.5250162500306033
16	19	0.5590475000208244
16	19	0.8885162500082515
16	19	0.8996412500273436
16	19	0.924141250026878
16	19	0.9556100000045262
16	19	1.0119537500431761
16	19	1.0357974999933504
16	19	1.0502350000315346
16	19	1.0841725000063889
16	19	1.1367975000175647
16	19	1.182078750047367
16	19	1.2582975000259466
16	19	1.3000162499956787
16	19	1.371077750052791
16	19	1.4778277500299737
16	19	1.5696715000085533
16	19	1.6189215000486001
16	19	1.656234000052791
16	19	1.6962340000318363
16	19	1.726109000039287
16	19	1.7693277500220574
16	19	1.8424215000122786
16	19	1.9287340000155382
16	19	1.999140250030905
16	20	-5.933543999970425
16	20	-5.849606500007212
16	20	-5.7623564999667
16	20	-5.726044000010006
16	20	-5.385668999981135
16	20	-5.286825250019319
16	20	-5.020419000007678
16	20	-4.975543999986257
16	20	-4.89607524999883
16	20	-4.857887749967631
16	20	-4.812356500013266
16	20	-4.778793999983463
16	20	-4.75354399997741
16	20	-4.718481499992777
16	20	-4.648637750011403
16	20	-4.604387749976013
16	20	-4.590543999976944
16	20	-4.571793999988586
16	20	-4.511700249975547
16	20	-4.461762749997433
16	20	-4.397137749998365
16	20	-4.276043999998365
16	20	-4.218576250015758
16	20	-4.189951250038575
16	20	-4.127420000033453
16	20	-4.091763750067912
16	20	-4.072388750035316
16	20	-4.033920000016224
16	20	-4.011888750013895
16	20	-3.982701250060927
16	20	-3.954826250032056
16	20	-3.355951250065118
16	20	-3.3218887500697747
16	20	-3.221295000053942
16	20	-3.119201250025071
16	20	-3.0618887500604615
16	20	-2.9773887500632554
16	20	-2.924263750028331
16	20	-2.782201250025537
16	20	-2.7054825000232086
16	20	-2.574295000056736
16	20	-2.286638750054408
16	20	-2.2216075000469573
16	20	-1.9788262500660494
16	20	-1.9086387500283308
16	20	-1.8664825000450946
16	20	-1.834732500021346
16	20	-1.6948585000354797
16	20	-1.6164522500475869
16	20	-1.5756397500517778
16	20	-1.304764750006143
16	20	-1.277952250035014
16	20	-1.2645147500443272
16	20	-1.212452250008937
16	20	-1.165577250008937
16	20	-1.0628272500471212
16	20	-0.8364210000145249
16	20	-0.78595225000754
16	20	-0.7141709999996237
16	20	-0.5948897500056773
16	20	-0.5387960000080056
16	20	-0.49035850004293025
16	20	-0.45117100002244115
16	20	-0.41182725003454834
16	20	-0.37948350002989173
16	20	-0.351639750006143
16	20	-0.3127022500266321
16	20	-0.2741397500503808
16	20	-0.2395772500312887
16	20	-0.20113975001731887
16	20	-0.15623350004898384
16	20	-0.11992100003408268
16	20	-0.03357725002570078
16	20	0.039360249997116625
16	20	0.08401649998268113
16	20	0.11604774999432266
16	20	0.1963289999985136
16	20	0.24386024998966604
16	20	0.2703289999626577
16	20	0.4004539999878034
16	20	0.47770399996079504
16	20	0.5639539999538101
16	20	0.603110249969177
16	20	0.6249539999989793
16	20	0.6685477499850094
16	20	0.6817977499449626
16	20	0.7686102499719709
16	20	0.8685779999941587
16	20	0.8925779999699444
16	20	0.9121717499801889
16	20	0.999859249975998
16	20	1.0564842500025406
16	20	1.099390499992296
16	20	1.142453000007663
16	20	1.170296749973204
16	20	1.199077999975998
16	20	1.2221404999727383
16	20	1.2471092499908991
16	20	1.3726092499564402
16	20	1.4187030000030063
16	20	1.531827999977395
16	20	1.591140499978792
16	20	1.6704842500039376
16	20	1.7164217499666847
16	20	1.7668904999736696
16	20	1.8127342499792576
16	20	1.8531092499615625
16	20	1.9497654999722727
16	20	1.988265499996487
17	1	-4.874950999976136
17	1	-4.230700999964029
17	1	-3.5327009999309666
17	1	-3.1632634999696165
17	1	-2.7636697499547154
17	1	-2.714107249979861
17	1	-2.309858250024263
17	1	-2.080858250032179
17	1	-1.8698270000168122
17	1	-1.4922957500093617
17	1	-1.2603269999963231
17	1	-0.6186394999967888
17	1	0.9877345000277273
17	1	1.107953250000719
17	2	-5.714762750081718
17	2	-4.922951250046026
17	2	-4.455420000012964
17	2	-3.529576250060927
17	2	-2.4695772500126623
17	2	-2.3055460000177845
17	2	-1.97573350003222
17	2	-0.8775147500564344
17	2	-0.6809845000971109
17	2	0.2497342498973012
17	2	0.39835924992803484
17	2	0.7893279999261722
17	2	0.9401717499131337
17	2	1.2644842499285005
17	3	-5.627950500056613
17	3	-5.33241925004404
17	3	-4.310794250050094
17	3	-3.6546067500603385
17	3	-3.216075500007719
17	3	-2.6076389999943785
17	3	-2.426795250037685
17	3	-2.2416702500195242
17	3	-2.115732750040479
17	3	-1.6371077499934472
17	3	-1.300764000043273
17	3	-1.127764000033494
17	3	-0.7793890000320971
17	3	-0.7395140000153333
17	3	-0.3085774999926798
17	3	0.29373500001383945
17	3	0.6492350000189617
17	3	0.9618287499761209
17	3	1.1375474999658763
17	3	1.3052662499831058
17	3	1.9948589999694377
17	4	-5.820075499999803
17	4	-4.488420250010677
17	4	-4.4508577499655075
17	4	-4.154545249999501
17	4	-3.7580139999627136
17	4	-3.3261702499585226
17	4	-2.8446399999666028
17	4	-1.7943899999954738
17	4	-1.082233749970328
17	4	-0.7623587499838322
17	4	-0.6356399999931455
17	4	-0.5084524999838322
17	4	-0.14745349995791912
17	4	-0.01517224998679012
17	4	0.38857775006908923
17	4	0.8269840000430122
17	4	0.9994215000187978
17	4	1.2469527500215918
17	4	1.2533277500187978
17	4	1.4882965000579134
17	4	1.6162340000155382
17	4	1.963484000065364
17	5	-5.903950000065379
17	5	-5.821731250034645
17	5	-4.862013500067405
17	5	-4.56707600003574
17	5	-4.358857250015717
17	5	-3.9847322500427254
17	5	-3.617326000065077
17	5	-2.7068572500138544
17	5	-2.2773895000573248
17	5	-2.0699207500438206
17	5	-1.2399520000326447
17	5	-0.7921395000303164
17	5	-0.30045200005406514
17	5	0.15629700000863522
17	5	1.221546999993734
17	5	1.4842657499830239
17	5	1.7031094999983907
17	6	-5.890168999962043
17	6	-5.879512749961577
17	6	-4.103857500012964
17	6	-3.500107500003651
17	6	-3.3599825000273995
17	6	-2.2857335000298917
17	6	-2.0072022500098683
17	6	-0.6975147500052117
17	6	-0.45435850002104416
17	6	0.7737654999946244
17	6	1.0897030000342056
17	6	1.3388592500123195
17	6	1.563921749999281
17	7	-3.6398265000316314
17	7	-3.5067327500437386
17	7	-3.2812640000483952
17	7	-2.9400140000507236
17	7	-2.60617025004467
17	7	-2.284295250021387
17	7	-2.0839827500167303
17	7	-1.9188587500248104
17	7	-1.2572650000220165
17	7	-0.6282024999964051
17	7	1.2460152499843389
17	8	-5.7725749999517575
17	8	-5.635356249986216
17	8	-5.154918749991339
17	8	-4.061013499973342
17	8	-3.7913572499528527
17	8	-3.655700999952387
17	8	-3.2825134999584407
17	8	-2.7408259999356233
17	8	-2.447044749977067
17	8	-2.272294749971479
17	8	-1.0493269999860786
17	8	-0.4106395000126213
17	8	0.45942299999296665
17	8	0.4729855000041425
17	8	0.8730782500351779
17	8	1.2341095000156201
17	8	1.4150469999876805
17	8	1.8283907499862835
17	9	-5.85585675004404
17	9	-4.653481749992352
17	9	-4.444201499980409
17	9	-4.052545249985997
17	9	-3.2788890000083484
17	9	-3.1094827500055544
17	9	-2.8597952499985695
17	9	-2.07817024999531
17	9	-1.904389999981504
17	9	-1.519640000013169
17	9	-1.13960875000339
17	9	-0.6217962499940768
17	9	-0.5948274999973364
17	9	0.3083287500194274
17	9	0.7329839999438263
17	9	0.9947964999591932
17	9	1.1672027499298565
17	9	1.4510152499424294
17	9	1.6376089999685064
17	9	1.7668589999666438
17	10	-5.747325250064023
17	10	-5.086356500047259
17	10	-4.887950250064023
17	10	-4.707950250071008
17	10	-3.992982500058133
17	10	-3.7470137500204146
17	10	-2.0754200000083074
17	10	-2.013420000032056
17	10	-1.7109835000010207
17	10	-1.396358500001952
17	10	-1.083233500015922
17	10	-0.5176397500326857
17	10	-0.3056085000280291
17	10	0.37976649997290224
17	10	0.9150779999326915
17	10	1.1150154999340884
17	10	1.441765499941539
17	10	1.7837029999354854
17	11	-5.756013000034727
17	11	-5.3913255000370555
17	11	-5.359044250042643
17	11	-5.337825499998871
17	11	-5.237044250010513
17	11	-4.655856750032399
17	11	-4.494013000046834
17	11	-3.8402952500036918
17	11	-3.255388999998104
17	11	-3.2263890000176616
17	11	-2.4002014999859966
17	11	-2.3103577499859966
17	11	-1.9289202500367537
17	11	-1.659795249986928
17	11	0.22970374999567866
17	11	0.8969537499942817
17	11	1.4399839999969117
17	11	1.6777340000262484
17	12	-5.9500752500025555
17	12	-3.771420000004582
17	12	-3.5212637499789707
17	12	-3.067763749975711
17	12	-2.9026387499761768
17	12	-2.6300137499929406
17	12	-1.3513584999600425
17	12	-0.6665772499982268
17	12	-0.31642099999589846
17	12	-0.1840147499460727
17	12	0.8152342500397936
17	12	1.0782967500272207
17	12	1.1620467500179075
17	12	1.2947655000607483
17	12	1.3316092500463128
17	12	1.5018905000179075
17	12	1.5047342500183731
17	12	1.6557967500411905
17	13	-4.850106499972753
17	13	-4.424763749935664
17	13	-4.163701249926817
17	13	-3.796951249940321
17	13	-3.442107499926351
17	13	-3.1730449999449775
17	13	-2.936857499938924
17	13	-2.303763749951031
17	13	-0.7213272500084713
17	13	-0.32663974998285994
17	13	-0.11551475001033396
17	13	0.06970400002319366
17	13	0.3195477499975823
17	13	0.5061405000160448
17	13	0.7637342500383966
17	13	0.8800155000062659
17	13	1.1902342500397936
17	13	1.4578905000234954
17	13	1.6617342500248924
17	13	1.7318280000472441
17	13	1.8986717500374652
17	14	-5.332887500000652
17	14	-4.6500759999617
17	14	-4.063075999962166
17	14	-2.0205457499832846
17	14	-1.5575769999995828
17	14	-1.308733250014484
17	14	-0.8479519999818876
17	14	0.4427657499909401
17	14	0.675078250002116
17	14	1.0593595000100322
17	14	1.7499219999881461
17	15	-5.553669250046369
17	15	-4.826575500017498
17	15	-4.597200500022154
17	15	-4.4951692500617355
17	15	-4.127044250024483
17	15	-3.980794250033796
17	15	-2.3638265000190586
17	15	-1.2851077500381507
17	15	-1.1577952500083484
17	15	-0.4209525000769645
17	15	0.1545474999002181
17	15	0.24145374994259328
17	15	0.5030474999221042
17	15	0.9988287499290891
17	15	1.2680162499309517
17	15	1.5066724999342114
17	15	1.7702349999453872
17	16	-5.284482499992009
17	16	-4.979295000026468
17	16	-3.985670000023674
17	16	-3.5375137500232086
17	16	-2.1617022500140592
17	16	-1.6721084999735467
17	16	-1.4851397500024177
17	16	-1.325327250000555
17	16	-0.9823897500173189
17	16	-0.49642199999652803
17	16	-0.33832824998535216
17	16	0.00045300001511350274
17	16	0.3909529999946244
17	16	0.6596717500360683
17	16	1.203015500039328
17	16	1.3225467500160448
17	16	1.6157967500039376
17	17	-5.00867000001017
17	17	-4.313045000017155
17	17	-4.0332950000301935
17	17	-3.9649199999985285
17	17	-3.6991699999780394
17	17	-3.583076249982696
17	17	-3.3706700000329874
17	17	-3.0145147499861196
17	17	-2.7038897500024177
17	17	-2.191233499965165
17	17	-2.0635459999903105
17	17	-1.8032959999982268
17	17	-1.567389749980066
17	17	-0.627546000003349
17	17	-0.2349219999741763
17	17	-0.134046999970451
17	17	-0.06045324995648116
17	17	0.18145299999741837
17	18	-5.842013750050683
17	18	-5.256451250053942
17	18	-4.647732500045095
17	18	-4.268545000057202
17	18	-3.5033575000124983
17	18	-3.258108500041999
17	18	-1.5406397500191815
17	18	0.5707655000151135
17	18	0.7701404999825172
17	18	0.8810154999955557
17	18	1.0224217500071973
17	18	1.2929217499913648
17	18	1.4444842499797232
17	18	1.4637342499918304
17	18	1.5699832499958575
17	18	1.9307644999935292
17	19	-5.740263000014238
17	19	-5.269356750010047
17	19	-5.207950500014704
17	19	-4.989356749982107
17	19	-4.719575499999337
17	19	-3.964263000001665
17	19	-1.6206077499664389
17	19	-0.7862024999922141
17	19	-0.6162025000085123
17	19	-0.07382749998942018
17	19	0.015422500029671937
17	19	0.34520375001011416
17	19	0.7908912500133738
17	19	0.9851100000087172
17	19	1.4343277500593103
17	19	1.9598590000532568
17	20	-4.798762749996968
17	20	-3.768170000053942
17	20	-3.1766075000632554
17	20	-2.829076250025537
17	20	-2.4595137500436977
17	20	-1.8265762500232086
17	20	-1.5919522500480525
17	20	-1.052608500001952
17	20	-0.7716085000429302
17	20	-0.7344835000112653
17	20	-0.6954835000215098
17	20	-0.6768272500485182
17	20	-0.23057725001126528
17	20	0.25276649999432266
17	20	0.6428914999705739
17	20	0.8726717499666847
17	20	1.0054842499666847
17	20	1.0847029999713413
17	20	1.9660154999583028
17	21	-3.117733499966562
17	21	-2.9883272500010207
17	21	-1.9907647499931045
17	21	0.9530467500444502
17	21	1.0357967500458471
17	21	1.1034530000179075
17	21	1.8363270000554621
17	22	-2.1779205000493675
17	22	-1.6173892500228249
17	22	-1.0347965000546537
17	22	0.550390999938827
17	23	-5.843044500041287
17	23	-4.718388250039425
17	24	-3.2358572500525042
17	24	0.7687344999867491
17	24	1.0385782499797642
17	24	1.3296407499583438
17	25	-0.24713999999221414
17	25	0.23964124999474734
17	26	-4.3168885000632145
17	26	-1.6448582500452176
17	26	-0.737702000013087
17	26	0.061797000002115965
17	26	1.160359499976039
17	27	-4.521138750016689
17	27	-4.106013750017155
17	27	-2.914607500017155
17	27	-0.016171999974176288
17	27	0.06460924999555573
17	27	0.20632800000021234
17	28	-5.138138499984052
17	28	-2.672452000027988
17	28	0.7930782499606721
17	28	0.9751719999476336
17	29	-3.2977020000107586
17	29	0.25098449998768046
17	29	0.8457335000275634
17	29	0.9716397500014864
17	29	1.4630460000480525
17	30	-5.280168999976013
17	30	-2.5498887499561533
17	30	0.5232664999784902
17	31	-3.654514499939978
17	31	-2.5809207499260083
17	31	-1.6390467499149963
17	31	-0.19448424992151558
17	31	1.0265460000373423
17	32	-1.198482999985572
17	32	-0.7383267499972135
17	33	-3.464576250058599
17	33	-2.3472022500354797
17	33	-1.360296000028029
17	33	1.4065154999843799
17	34	-4.716856999963056
17	34	-2.378264249942731
17	34	0.937609750078991
17	34	1.3917660000734031
17	35	-5.508138749981299
17	35	-4.287732500000857
17	35	-2.7297959999996237
17	35	-2.273827249999158
18	1	-5.988231249968521
18	1	-5.949949999980163
18	1	-5.935231249954086
18	1	-5.907606249966193
18	1	-5.895731249940582
18	1	-5.879762499942444
18	1	-5.863293749978766
18	1	-5.847293749975506
18	1	-5.765574999968521
18	1	-5.391418749990407
18	1	-5.36988749995362
18	1	-5.352574999968056
18	1	-5.315981249965262
18	1	-5.2042312499834225
18	1	-5.141981249966193
18	1	-5.115949999948498
18	1	-4.530013499956112
18	1	-4.239982249971945
18	1	-3.4609509999281727
18	1	-3.3565134999807924
18	1	-3.313200999982655
18	1	-3.0472322499845177
18	1	-2.7247322499752045
18	1	-2.625888499955181
18	1	-2.595263499941211
18	1	-2.5745759999845177
18	1	-2.497700999956578
18	1	-2.474888499942608
18	1	-2.456575999967754
18	1	-2.112201999989338
18	1	-1.6794520000112243
18	1	-1.6274207499809563
18	1	-1.5862957499921322
18	1	-1.5703895000042394
18	1	-1.536514499981422
18	1	-1.4640145000303164
18	1	-1.3831082499818876
18	1	-1.1947020000079647
18	1	-0.6561082500265911
18	1	-0.6452019999851473
18	1	-0.5917020000051707
18	1	-0.5340769999893382
18	1	-0.5142019999912009
18	1	-0.5051082500140183
18	1	-0.471858249977231
18	1	-0.3993270000210032
18	1	-0.36688950000097975
18	1	-0.35182699997676536
18	1	-0.33632699999725446
18	1	-0.11895199998980388
18	1	0.24585950002074242
18	1	0.27154699998209253
18	1	0.29757824999978766
18	1	0.45410949998768046
18	1	0.49567199999000877
18	1	0.5440470000030473
18	1	0.5727657499955967
18	1	0.6145470000337809
18	1	0.6327969999983907
18	1	0.9483907499816269
18	1	1.0139845000230707
18	1	1.252172000007704
18	1	1.3063282500370406
18	1	1.3422657499904744
18	1	1.4207032499834895
18	1	1.4318282500025816
18	1	1.4536095000221394
18	1	1.464672000030987
18	1	1.544015749997925
18	1	1.5770469999988563
18	1	1.6117969999904744
18	1	1.6328907500137575
18	1	1.6614844999858178
18	1	1.6760469999862835
18	1	1.85848450002959
18	1	1.911734500026796
18	2	-5.984231500071473
18	2	-5.719356500077993
18	2	-5.569013750064187
18	2	-5.469513750053011
18	2	-5.324951250047889
18	2	-5.207607500022277
18	2	-4.649826250039041
18	2	-4.606670000066515
18	2	-4.581388750055339
18	2	-4.554826250066981
18	2	-4.530607500055339
18	2	-4.43873250001343
18	2	-4.4224825000273995
18	2	-4.387076250044629
18	2	-4.21307625004556
18	2	-4.1918262500548735
18	2	-4.1028887500287965
18	2	-4.063357500068378
18	2	-3.9726387500413693
18	2	-3.5882637500180863
18	2	-3.5743262500618584
18	2	-3.5484825000166893
18	2	-3.472920000029262
18	2	-3.4220137500669807
18	2	-3.3847637500148267
18	2	-3.372763750026934
18	2	-3.3294512500287965
18	2	-3.3058262500562705
18	2	-3.2617012500413693
18	2	-3.237920000043232
18	2	-3.2264200000208803
18	2	-3.1834210000233725
18	2	-3.0378585000289604
18	2	-3.004108500026632
18	2	-2.966889750037808
18	2	-2.826358500053175
18	2	-2.71563975000754
18	2	-2.5387960000080056
18	2	-2.5191710000508465
18	2	-2.480671000026632
18	2	-2.4499835000024177
18	2	-2.4343585000024177
18	2	-2.396577250037808
18	2	-2.3785772500559688
18	2	-2.368796000024304
18	2	-2.3377335000550374
18	2	-2.268264750018716
18	2	-2.2341085000080056
18	2	-2.2150772500317544
18	2	-2.1534835000056773
18	2	-2.074952250055503
18	2	-1.9566397500457242
18	2	-1.923514750029426
18	2	-1.8812022500205785
18	2	-1.4028585000196472
18	2	-1.3569209999986924
18	2	-1.3382647500257008
18	2	-1.3058272500056773
18	2	-1.2754522500326857
18	2	-1.0479210000485182
18	2	-0.6812345000798814
18	2	-0.4352970000472851
18	2	-0.41804700007196516
18	2	-0.4118595000472851
18	2	-0.39323450007941574
18	2	-0.3829532500822097
18	2	-0.34342200006358325
18	2	-0.28704700007801875
18	2	-0.26529700006358325
18	2	-0.24670325010083616
18	2	-0.22542200004681945
18	2	-0.17270325007848442
18	2	-0.1254220000701025
18	2	-0.03170325007522479
18	2	0.0427029998973012
18	2	0.05810924991965294
18	2	0.1383904999238439
18	2	0.25370299990754575
18	2	0.7017967498977669
18	2	0.7460154999280348
18	2	0.7658904999261722
18	2	0.7768279999145307
18	2	0.8336404999135993
18	2	0.8449217499000952
18	2	0.8688904999289662
18	2	0.8834842499345541
18	2	0.8946404999005608
18	2	0.9216092498973012
18	2	0.9392654999392107
18	2	0.9522967499215156
18	2	1.0174842499545775
18	2	1.0387967498973012
18	2	1.0480779999052174
18	2	1.0676404999103397
18	2	1.1268279999494553
18	2	1.14085924992105
18	2	1.1521404999075457
18	2	1.175609249912668
18	2	1.2227342499536462
18	2	1.2679842499201186
18	2	1.4413592499331571
18	2	1.4793592499336228
18	2	1.4949529999285005
18	2	1.7361092499340884
18	2	1.773951999959536
18	2	1.7819207499269396
18	2	1.7982644999283366
18	2	1.8522332499269396
18	2	1.8758582499576733
18	2	1.892358249926474
18	2	1.9176394999376498
18	2	1.960514499922283
18	2	1.9737644999404438
18	2	1.9952019999618642
18	3	-5.954762000066694
18	3	-5.859137000050396
18	3	-5.83323075005319
18	3	-5.7966057500452735
18	3	-5.617481750028674
18	3	-5.141075500054285
18	3	-5.132481750042643
18	3	-5.0971067500067875
18	3	-5.071794250048697
18	3	-5.064075500005856
18	3	-5.028325500024948
18	3	-4.989950500021223
18	3	-4.893294250010513
18	3	-4.830638000043109
18	3	-4.545544250053354
18	3	-4.047794250014704
18	3	-4.013575500051957
18	3	-3.9812630000524223
18	3	-3.9522942500188947
18	3	-3.939450500009116
18	3	-3.9183567500440404
18	3	-3.9071692500147037
18	3	-3.856138000031933
18	3	-3.812731750018429
18	3	-3.7832630000193603
18	3	-3.764013000007253
18	3	-3.7391067500575446
18	3	-3.7200755000230856
18	3	-3.6813880000263453
18	3	-3.650325500057079
18	3	-3.6239505000412464
18	3	-3.591325500048697
18	3	-3.5292005000519566
18	3	-3.512263000011444
18	3	-3.4847942500491627
18	3	-3.3865755000151694
18	3	-3.109951500024181
18	3	-3.0177952499943785
18	3	-2.976951499993447
18	3	-2.9285765000386164
18	3	-2.9037327500409447
18	3	-2.8733577500097454
18	3	-2.8007327500381507
18	3	-2.775482750032097
18	3	-2.7552952500409447
18	3	-2.716764000011608
18	3	-2.6903265000437386
18	3	-1.904982750013005
18	3	-1.8890140000148676
18	3	-1.8345764999976382
18	3	-1.75623275001999
18	3	-1.7076702500344254
18	3	-1.6708264999906532
18	3	-1.6525452500209212
18	3	-1.6367639999953099
18	3	-1.625295250036288
18	3	-1.5909202500479296
18	3	-0.3807024999987334
18	3	-0.3177649999852292
18	3	-0.2668587500229478
18	3	0.1672662500059232
18	3	0.18945374997565523
18	3	0.20726624998496845
18	3	0.2230787500157021
18	3	0.24495374999241903
18	3	0.2547037500189617
18	3	0.30551624996587634
18	3	0.38207875000080094
18	3	0.4166100000147708
18	3	0.43364125001244247
18	3	0.46495374996447936
18	3	0.4905162500217557
18	3	0.5213287500082515
18	3	0.6081724999821745
18	3	0.7655787499970756
18	3	1.227172499988228
18	3	1.410047499986831
18	3	1.4202974999789149
18	3	1.429266249993816
18	3	1.4423912499914877
18	3	1.461360000015702
18	3	1.4984537499840371
18	3	1.5097662499756552
18	3	1.5272662499919534
18	3	1.5468912500073202
18	3	1.5973287500091828
18	3	1.7749849999672733
18	3	1.8269527499214746
18	3	1.8462027499335818
18	3	1.9326714999624528
18	4	-5.965981749992352
18	4	-5.626981750014238
18	4	-5.601169249974191
18	4	-5.24476400000276
18	4	-5.202139000000898
18	4	-5.186576500011142
18	4	-5.133013999962714
18	4	-5.11270150000928
18	4	-5.082514000008814
18	4	-5.023295249964576
18	4	-4.887451499991585
18	4	-4.7919514999957755
18	4	-4.439389000006486
18	4	-4.397326499980409
18	4	-4.357076499960385
18	4	-4.320545249967836
18	4	-4.301170249993447
18	4	-4.282826500013471
18	4	-4.0895452499971725
18	4	-4.033670249977149
18	4	-3.8747952500125393
18	4	-3.384732750011608
18	4	-3.3451077499776147
18	4	-3.3045764999696985
18	4	-3.2495764999766834
18	4	-3.1477014999836683
18	4	-3.05307649995666
18	4	-3.036545249982737
18	4	-3.0170764999929816
18	4	-3.0052327499724925
18	4	-2.9557015000027604
18	4	-2.568889999995008
18	4	-2.386889999965206
18	4	-2.206327499996405
18	4	-2.126514999952633
18	4	-2.09107749996474
18	4	-2.0712649999768473
18	4	-1.987858749984298
18	4	-1.8149212499847636
18	4	-1.7996712499880232
18	4	-1.7881712499656714
18	4	-1.2836399999796413
18	4	-1.2528587499982677
18	4	-1.226639999949839
18	4	-1.2123274999903515
18	4	-1.190452499955427
18	4	-1.1768587499973364
18	4	-1.1615462499903515
18	4	-1.1440774999791756
18	4	-1.1314837499521673
18	4	-1.1161712499451824
18	4	-1.0862649999908172
18	4	-1.0809212499880232
18	4	-1.0506087499670684
18	4	-1.030827499984298
18	4	-0.9648587499978021
18	4	-0.8494212499936111
18	4	-0.1618284999858588
18	4	-0.10395349998725578
18	4	-0.07510974997421727
18	4	-0.05873474996769801
18	4	0.16104650002671406
18	4	0.17339025001274422
18	4	0.1844215000164695
18	4	0.5136090000160038
18	4	0.5962652500602417
18	4	0.8989527500234544
18	4	0.9160777500364929
18	4	0.9408902500290424
18	4	0.9553590000141412
18	4	0.9797027500462718
18	4	1.0054527500178665
18	4	1.0711402500164695
18	4	1.1523590000579134
18	4	1.1872652500169352
18	4	1.263140250055585
18	4	1.3151090000174008
18	4	1.3657027500448748
18	4	1.4080152500537224
18	4	1.430390250054188
18	4	1.4548590000486001
18	4	1.4980777500313707
18	4	1.5145152500481345
18	4	1.5387027500546537
18	4	1.9286715000635013
18	5	-5.896575000078883
18	5	-5.868200000026263
18	5	-5.800325000076555
18	5	-5.774856250034645
18	5	-5.756106250046287
18	5	-5.668543750070967
18	5	-5.646887500071898
18	5	-5.6274812500341795
18	5	-5.564700000046287
18	5	-5.5554187500383705
18	5	-5.5218250000616536
18	5	-5.507512500043958
18	5	-5.471418750064913
18	5	-5.412575000082143
18	5	-5.339262500056066
18	5	-5.30845000006957
18	5	-5.296231250045821
18	5	-5.278668750077486
18	5	-5.265231250028592
18	5	-5.24166875006631
18	5	-5.228981250082143
18	5	-5.028044750040863
18	5	-5.001169750059489
18	5	-4.978107250062749
18	5	-4.941294750024099
18	5	-4.914201000065077
18	5	-4.636451000056695
18	5	-4.601763500017114
18	5	-4.537951000034809
18	5	-4.51213850005297
18	5	-3.9810447500203736
18	5	-3.909451000043191
18	5	-3.8945760000497103
18	5	-3.8805760000250302
18	5	-3.8477010000497103
18	5	-3.7968260000343435
18	5	-3.781388500065077
18	5	-3.7516697500250302
18	5	-3.7244510000455193
18	5	-3.70354475005297
18	5	-3.682607250055298
18	5	-3.66282600001432
18	5	-3.6489197500632145
18	5	-3.6300135000492446
18	5	-3.6003885000245646
18	5	-3.5710135000408627
18	5	-3.551794750033878
18	5	-3.529638500069268
18	5	-3.5124197500408627
18	5	-3.4822010000352748
18	5	-3.2832322500180453
18	5	-3.2728885000688024
18	5	-3.164669750025496
18	5	-3.0785135000478476
18	5	-2.8682635000441223
18	5	-2.852419750066474
18	5	-2.6636395000386983
18	5	-2.6231707500410266
18	5	-2.5670145000331104
18	5	-1.6421707500121556
18	5	-1.621764500043355
18	5	-1.606577000056859
18	5	-1.5944520000484772
18	5	-1.5653270000475459
18	5	-1.5379832500475459
18	5	-1.5237332500400953
18	5	-1.5065457500168122
18	5	-1.4614207500126213
18	5	-1.4519832500373013
18	5	-1.369202000030782
18	5	-1.351827000034973
18	5	-1.325077000015881
18	5	-1.2847957500489429
18	5	-1.211077000014484
18	5	-1.1868582500028424
18	5	-0.8985770000144839
18	5	-0.7340770000009798
18	5	-0.4827332500135526
18	5	-0.4702332500019111
18	5	-0.4472645000205375
18	5	-0.39979575003962964
18	5	-0.3450457500293851
18	5	-0.32163950003450736
18	5	-0.27660825004568323
18	5	-0.1632967499899678
18	5	-0.1000467500416562
18	5	0.5780157499830239
18	5	0.7477969999890774
18	5	0.7594844999839552
18	5	0.7716407499974594
18	5	0.8213907500030473
18	5	0.8517032499657944
18	5	0.8637344999588095
18	5	0.8747657499625348
18	5	0.8970470000058413
18	5	0.9300782500067726
18	5	0.9357345000025816
18	5	0.9442970000091009
18	5	1.0472657500067726
18	5	1.0588594999862835
18	5	1.0663282499881461
18	5	1.19829699996626
18	5	1.5462032500072382
18	5	1.556234499963466
18	5	1.5657657500123605
18	5	1.5791407499928027
18	5	1.599296999978833
18	5	1.651640750002116
18	5	1.6616719999583438
18	5	1.6756719999830239
18	5	1.6907657500123605
18	5	1.7032032499555498
18	5	1.728015750006307
18	5	1.7331094999681227
18	5	1.7556094999890774
18	5	1.7695157499983907
18	5	1.7818282499792986
18	6	-5.9992939999792725
18	6	-5.955043999943882
18	6	-5.9323564999504015
18	6	-5.895887749968097
18	6	-5.854137749993242
18	6	-5.838387749972753
18	6	-5.817543999990448
18	6	-5.6542939999490045
18	6	-5.101793999958318
18	6	-5.04551274998812
18	6	-4.908545000012964
18	6	-4.87548250000691
18	6	-4.818544999987353
18	6	-4.755701249989215
18	6	-4.743170000030659
18	6	-4.689701249997597
18	6	-4.608920000027865
18	6	-4.567607500008307
18	6	-4.50867000001017
18	6	-4.309295000042766
18	6	-3.9763575000106357
18	6	-3.8563887500204146
18	6	-3.7256387500092387
18	6	-3.609295000031125
18	6	-3.598201250017155
18	6	-3.5885762500111014
18	6	-3.565920000022743
18	6	-3.5548575000138953
18	6	-3.5202325000427663
18	6	-3.494388749997597
18	6	-2.8863262500381097
18	6	-2.875419999996666
18	6	-2.860545000003185
18	6	-2.852326249994803
18	6	-2.832295000029262
18	6	-2.815920000022743
18	6	-2.5067637499887496
18	6	-2.319233499991242
18	6	-1.9258897500112653
18	6	-1.887389749987051
18	6	-1.8494522499968298
18	6	-1.781014750013128
18	6	-1.75860850000754
18	6	-1.716483500029426
18	6	-1.7063272499945015
18	6	-1.662389750010334
18	6	-1.6388897500000894
18	6	-1.590108499978669
18	6	-1.5707647500094026
18	6	-1.543233499978669
18	6	-1.5233272499754094
18	6	-1.4901710000121966
18	6	-1.480139749997761
18	6	-1.4655772499972954
18	6	-1.443233500001952
18	6	-1.3978272500098683
18	6	-1.320264749985654
18	6	-1.252952250011731
18	6	-1.2359210000140592
18	6	-0.830139749974478
18	6	-0.8109834999777377
18	6	-0.6071085000294261
18	6	-0.5498897500219755
18	6	-0.5119522499735467
18	6	-0.48770225001499057
18	6	-0.37873350002337247
18	6	-0.1960772500024177
18	6	0.3220779999974184
18	6	0.4357655000058003
18	6	0.45545300003141165
18	6	0.48926549998577684
18	6	0.5185155000071973
18	6	0.5658592500258237
18	6	0.6120780000346713
18	6	0.6247342500137165
18	6	0.8309529999969527
18	6	1.111734250036534
18	6	1.1267654999974184
18	6	1.1447967499843799
18	6	1.188015500025358
18	6	1.2097342500346713
18	6	1.2425154999946244
18	6	1.2579842500272207
18	6	1.3136717500165105
18	6	1.3447030000388622
18	6	1.3744530000258237
18	6	1.396484250028152
18	6	1.4077342500095256
18	6	1.4325780000071973
18	6	1.444078000029549
18	6	1.4564217500155792
18	6	1.467921750037931
18	6	1.5153592500137165
18	6	1.5226404999848455
18	6	1.5335780000314116
18	6	1.5873905000044033
18	6	1.6145780000369996
18	7	-5.971013000002131
18	7	-5.591544249968138
18	7	-5.565481750003528
18	7	-5.54307549999794
18	7	-5.530669250001665
18	7	-5.521419249998871
18	7	-5.502544249990024
18	7	-5.485075499978848
18	7	-5.457294249965344
18	7	-5.44504424999468
18	7	-5.436856749991421
18	7	-5.322012999968138
18	7	-5.199731750006322
18	7	-4.573919249989558
18	7	-4.548544249963015
18	7	-4.323295250011142
18	7	-4.316701500036288
18	7	-4.2985452500288375
18	7	-3.468607750022784
18	7	-3.453545250056777
18	7	-3.4297327500535175
18	7	-3.3196077500469983
18	7	-3.2886702500400133
18	7	-3.2696702500106767
18	7	-3.2365765000577085
18	7	-3.177232750051189
18	7	-3.071920250018593
18	7	-2.8752327500260435
18	7	-2.672170250036288
18	7	-2.5978577500209212
18	7	-2.574607750051655
18	7	-2.559389000001829
18	7	-2.5507952500483952
18	7	-2.531826500024181
18	7	-2.4942952500423416
18	7	-2.4784515000064857
18	7	-2.4662015000358224
18	7	-2.451045250054449
18	7	-2.4381390000344254
18	7	-2.428326500055846
18	7	-2.4072327500325628
18	7	-2.3994202500325628
18	7	-2.386389000050258
18	7	-2.3724827500409447
18	7	-2.3617640000302345
18	7	-2.348232750024181
18	7	-2.3183890000218526
18	7	-2.3047015000483952
18	7	-2.293232750031166
18	7	-2.262326500029303
18	7	-2.2490140000591055
18	7	-2.232107750023715
18	7	-2.1237640000181273
18	7	-2.0951390000409447
18	7	-1.9786400000448339
18	7	-1.9590462500345893
18	7	-1.605702500033658
18	7	-1.5693587500136346
18	7	-1.5633587500196882
18	7	-1.5409525000141002
18	7	-1.5129212500178255
18	7	-1.5068900000187568
18	7	-1.4827650000224821
18	7	-1.4683899999945424
18	7	-1.39579625002807
18	7	-1.382733750040643
18	7	-1.3543275000411086
18	7	-1.2058587500359863
18	7	-0.8466712500085123
18	7	-0.7836087500327267
18	7	-0.6952337500406429
18	7	-0.5171087500057183
18	7	-0.4770775000215508
18	7	-0.43164000002434477
18	7	-0.24223375000292435
18	7	-0.23023375001503155
18	7	0.031484999984968454
18	7	0.0665787499747239
18	7	0.08257874997798353
18	7	0.13604750001104549
18	7	0.3718287500087172
18	7	0.4600464999675751
18	7	0.4797652499983087
18	7	0.49967150000156835
18	7	0.5807652500225231
18	7	0.6334527499857359
18	7	0.6458902499871328
18	7	0.6592652499675751
18	7	0.6971715000108816
18	7	0.9198590000160038
18	7	1.210671500011813
18	7	1.2957027499796823
18	7	1.3693277499987744
18	7	1.4095777500187978
18	7	1.4246402499848045
18	7	1.4667340000160038
18	7	1.491702749975957
18	7	1.5340464999899268
18	7	1.5535777499899268
18	7	1.6547027499764226
18	7	1.69867150002392
18	8	-5.8439187499461696
18	8	-5.8011687499820255
18	8	-5.772293749963865
18	8	-5.737668749992736
18	8	-5.703887499985285
18	8	-5.634199999971315
18	8	-5.61410624999553
18	8	-5.567731249961071
18	8	-5.553137499955483
18	8	-5.536793749954086
18	8	-5.522074999986216
18	8	-5.496199999994133
18	8	-5.467981249967124
18	8	-5.4611062499461696
18	8	-5.433168749965262
18	8	-5.403512499993667
18	8	-5.3968562499503605
18	8	-5.330699999991339
18	8	-5.22573124995688
18	8	-5.1773874999489635
18	8	-5.081793749995995
18	8	-5.058012499997858
18	8	-5.04379374999553
18	8	-4.869918749958742
18	8	-4.812387499958277
18	8	-4.785168749978766
18	8	-4.776387499994598
18	8	-4.672356249997392
18	8	-4.6141687499475665
18	8	-3.811732249974739
18	8	-2.7411072499817237
18	8	-2.5463884999626316
18	8	-2.3156072499696165
18	8	-2.0074197499779984
18	8	-1.9448259999626316
18	8	-1.9116072499309666
18	8	-1.8353895000182092
18	8	-1.7640457500237972
18	8	-1.6376707500312477
18	8	-1.4881082500214688
18	8	-1.0422644999925978
18	8	-1.0293270000256598
18	8	-0.7404207499930635
18	8	-0.7294207499944605
18	8	-0.7130769999930635
18	8	-0.7017332499963231
18	8	-0.6901395000168122
18	8	-0.6424832500051707
18	8	-0.5863582500023767
18	8	-0.32182700000703335
18	8	-0.15817075001541525
18	8	-0.11429574998328462
18	8	-0.05292074999306351
18	8	-0.02382699999725446
18	8	-0.014358250016812235
18	8	0.0026417499757371843
18	8	0.02336049999576062
18	8	0.049048000015318394
18	8	0.22682924999389797
18	8	0.8149219999904744
18	8	0.8613907499820925
18	8	0.8854532500263304
18	8	0.8973282499937341
18	8	0.9430157500319183
18	8	0.9981407499872148
18	8	1.023765749996528
18	8	1.0389220000361092
18	8	1.1105157500132918
18	8	1.1783595000160858
18	8	1.3512345000053756
18	8	1.3610469999839552
18	8	1.7475157500011846
18	8	1.778984499978833
18	8	1.7926095000002533
18	8	1.8229532500263304
18	8	1.8542032500263304
18	8	1.8691095000249334
18	8	1.888796999992337
18	8	1.9057032500277273
18	8	1.9491407499881461
18	8	1.9914219999918714
18	9	-5.996638000011444
18	9	-5.9424192500300705
18	9	-5.622638000000734
18	9	-5.607356749998871
18	9	-5.592200500017498
18	9	-5.576419249991886
18	9	-5.56388800003333
18	9	-5.548856750014238
18	9	-5.541106750024483
18	9	-5.525763000012375
18	9	-5.505075499997474
18	9	-5.490981750015635
18	9	-5.413200500013772
18	9	-5.346794250013772
18	9	-5.327013000031002
18	9	-5.297731750004459
18	9	-5.273388000030536
18	9	-5.258669250004459
18	9	-5.23248175001936
18	9	-5.15901300002588
18	9	-4.979450500046369
18	9	-4.722356750047766
18	9	-4.697450500039849
18	9	-4.679919250018429
18	9	-4.6576692500384524
18	9	-4.645138000021689
18	9	-4.636763000045903
18	9	-4.607669249991886
18	9	-4.5715130000025965
18	9	-4.5597942500025965
18	9	-4.543326499988325
18	9	-4.530513999983668
18	9	-3.793732749996707
18	9	-3.7849827500176616
18	9	-3.773920250008814
18	9	-3.7310140000190586
18	9	-3.650357750011608
18	9	-3.6304515000083484
18	9	-3.5830140000325628
18	9	-3.541701500013005
18	9	-3.512482749996707
18	9	-3.499732750002295
18	9	-2.5610452499822713
18	9	-2.5507015000330284
18	9	-2.5392640000209212
18	9	-2.2470765000325628
18	9	-2.053701500000898
18	9	-1.6825462499982677
18	9	-1.5795149999903515
18	9	-1.5113587499945424
18	9	-1.50289000000339
18	9	-1.4929837500094436
18	9	-1.4783587499987334
18	9	-1.3615149999968708
18	9	-0.9348899999749847
18	9	-0.8977962500066496
18	9	-0.8519212499959394
18	9	-0.7167650000192225
18	9	-0.7057025000103749
18	9	-0.676921250007581
18	9	-0.6569524999940768
18	9	-0.6135774999856949
18	9	-0.34367124998243526
18	9	-0.29273375001503155
18	9	-0.2673899999936111
18	9	0.13304749998496845
18	9	0.15939124999567866
18	9	0.18770374997984618
18	9	0.4822027499321848
18	9	0.6187652499647811
18	9	0.6860152499866672
18	9	0.7114214999601245
18	9	0.7439214999321848
18	9	0.792483999975957
18	9	0.9034527499461547
18	9	0.9960777499363758
18	9	1.0143902499694377
18	9	1.064077749964781
18	9	1.078858999942895
18	9	1.5920777499559335
18	9	1.6730777499615215
18	9	1.756202749966178
18	9	1.789077749941498
18	9	1.8093589999480173
18	9	1.8232339999522083
18	9	1.8502964999643154
18	9	1.882015249982942
18	10	-5.9896690000314265
18	10	-5.956106500059832
18	10	-5.37757525005145
18	10	-5.291044000070542
18	10	-5.252919000049587
18	10	-5.239481500058901
18	10	-4.744325250037946
18	10	-3.486670000012964
18	10	-2.7513262500287965
18	10	-2.732451250019949
18	10	-2.551326250017155
18	10	-2.4365762500092387
18	10	-2.0047325000632554
18	10	-1.8517960000317544
18	10	-1.808264749997761
18	10	-1.7488272500340827
18	10	-1.7094210000359453
18	10	-1.6932960000121966
18	10	-1.6372960000298917
18	10	-1.522296000039205
18	10	-1.4810460000298917
18	10	-1.4592022500000894
18	10	-1.345389750029426
18	10	-1.0972960000508465
18	10	-1.045327250030823
18	10	-1.0219522500410676
18	10	-1.008921000000555
18	10	-0.9863897500326857
18	10	-0.9084522500052117
18	10	-0.8795460000401363
18	10	-0.8161085000028834
18	10	-0.7860147500177845
18	10	-0.7613897499977611
18	10	-0.734264750033617
18	10	-0.7231397500145249
18	10	-0.14801475004060194
18	10	-0.12220225000055507
18	10	-0.11007725005038083
18	10	-0.08385850000195205
18	10	0.009485249989666045
18	10	0.029235249967314303
18	10	0.05695399997057393
18	10	0.06876649998594075
18	10	0.09848524996777996
18	10	0.1581414999673143
18	10	0.1949852499528788
18	10	0.2760477499687113
18	10	0.6991717499331571
18	10	0.8157029999420047
18	10	0.8551717499503866
18	10	0.8797654999070801
18	10	0.9388904999359511
18	10	0.9587029999238439
18	10	0.975890499947127
18	10	1.20398424990708
18	10	1.4237654999596998
18	10	1.670171749952715
18	10	1.7636717499117367
18	11	-5.992013000010047
18	11	-5.982513000024483
18	11	-5.966012999997474
18	11	-5.9462005000095814
18	11	-5.820169250015169
18	11	-5.807106750027742
18	11	-5.784481750044506
18	11	-5.770888000028208
18	11	-5.75401299999794
18	11	-5.739075499994215
18	11	-5.636575500015169
18	11	-5.458294250012841
18	11	-5.442919249995612
18	11	-5.3776380000053905
18	11	-5.2282942500314675
18	11	-5.202200500003528
18	11	-5.188481750024948
18	11	-5.1687317500473
18	11	-5.136731750040781
18	11	-5.128294249996543
18	11	-5.10395050002262
18	11	-5.077106750046369
18	11	-5.0502317500067875
18	11	-5.009513000026345
18	11	-4.997575500048697
18	11	-4.952106750046369
18	11	-4.927763000014238
18	11	-4.914356750028674
18	11	-4.898887999996077
18	11	-4.861950499995146
18	11	-4.846263000043109
18	11	-4.835888000030536
18	11	-4.798575500026345
18	11	-4.788138000003528
18	11	-4.148075500037521
18	11	-3.6591077499906532
18	11	-3.584576499997638
18	11	-3.45317024999531
18	11	-3.4275139999808744
18	11	-3.345389000023715
18	11	-3.3274202499887906
18	11	-3.2541390000260435
18	11	-3.236576499999501
18	11	-3.1884515000274405
18	11	-3.1371389999985695
18	11	-2.894795250031166
18	11	-2.6702640000148676
18	11	-2.6595452500041574
18	11	-2.6336390000069514
18	11	-2.617357750015799
18	11	-2.5666390000260435
18	11	-2.5481390000204556
18	11	-2.526982749986928
18	11	-2.4800764999818057
18	11	-2.4580140000325628
18	11	-2.4383265000069514
18	11	-2.4243264999822713
18	11	-2.151514000026509
18	11	-2.0158577500260435
18	11	-1.9500765000120737
18	11	-1.5732952500111423
18	11	-1.2355462500127032
18	11	-0.7629212500178255
18	11	-0.7445149999693967
18	11	-0.7212962500052527
18	11	-0.7046087500057183
18	11	-0.6352649999898858
18	11	-0.5319212499889545
18	11	-0.0174212499987334
18	11	0.022828750021290034
18	11	0.12454749998869374
18	11	0.13539125001989305
18	11	0.30017250002129003
18	11	0.8347037499770522
18	11	0.9406099999905564
18	11	1.0130465000402182
18	11	1.0277965000132099
18	11	1.0531715000397526
18	11	1.0945465000113472
18	11	1.150452750036493
18	11	1.220359000028111
18	11	1.236171500000637
18	11	1.3117652499931864
18	11	1.5227965000085533
18	11	1.7970152500201948
18	11	1.8237340000341646
18	11	1.8356402500066906
18	11	1.8484527500113472
18	11	1.875765250006225
18	11	1.9811090000439435
18	12	-5.876137749990448
18	12	-5.818794000020716
18	12	-5.804231500020251
18	12	-5.770606499980204
18	12	-5.7515752500039525
18	12	-5.550512749992777
18	12	-5.541700250003487
18	12	-5.503075250016991
18	12	-5.458700250019319
18	12	-5.4085440000053495
18	12	-5.351262749987654
18	12	-5.3421377500053495
18	12	-5.326450249995105
18	12	-5.267450249986723
18	12	-5.078169999993406
18	12	-4.949888749979436
18	12	-4.9382949999999255
18	12	-4.9092012500041164
18	12	-4.850419999973383
18	12	-4.645826249965467
18	12	-4.601232499990147
18	12	-4.573982500005513
18	12	-4.545857499993872
18	12	-4.524201249994803
18	12	-4.439388750004582
18	12	-4.201388749992475
18	12	-4.189388750004582
18	12	-4.166107499971986
18	12	-4.1460137499962
18	12	-4.128013750014361
18	12	-4.079169999982696
18	12	-4.038826250005513
18	12	-3.9128262500162236
18	12	-3.867013750015758
18	12	-3.853451250004582
18	12	-3.827513750002254
18	12	-3.6995762499864213
18	12	-3.641982499975711
18	12	-3.6304200000013225
18	12	-3.5845762499957345
18	12	-3.5594200000050478
18	12	-3.523357499972917
18	12	-3.3959512499859557
18	12	-3.3542325000162236
18	12	-3.3379199999617413
18	12	-3.3124824999831617
18	12	-3.2502949999761768
18	12	-3.2298262499971315
18	12	-3.2140762499766424
18	12	-3.196951249963604
18	12	-3.177544999984093
18	12	-3.13201374997152
18	12	-3.1074512499617413
18	12	-3.0519825000083074
18	12	-3.039170000003651
18	12	-3.0182950000162236
18	12	-2.9887637500069104
18	12	-2.9747637499822304
18	12	-2.9503262499929406
18	12	-2.9326700000092387
18	12	-2.5717647499986924
18	12	-2.53920224995818
18	12	-2.503889749990776
18	12	-2.483389749948401
18	12	-2.4690459999837913
18	12	-2.460795999970287
18	12	-2.445670999994036
18	12	-2.413702249992639
18	12	-2.3818584999535233
18	12	-2.3662334999535233
18	12	-2.269358499965165
18	12	-2.2390772499493323
18	12	-1.6622647499898449
18	12	-1.6349522499949671
18	12	-1.6019834999460727
18	12	-1.38685849995818
18	12	-1.3741084999637678
18	12	-1.352858499973081
18	12	-1.2818897499819286
18	12	-0.9343585000024177
18	12	-0.8988272499991581
18	12	-0.7125772499712184
18	12	-0.688795999973081
18	12	-0.6772959999507293
18	12	-0.6625147499726154
18	12	-0.6331397499889135
18	12	-0.6182960000005551
18	12	-0.6082647499861196
18	12	-0.5697959999670275
18	12	-0.1375459999544546
18	12	-0.12270224996609613
18	12	0.007578000018838793
18	12	0.03757800004677847
18	12	0.08326550002675503
18	12	0.27348425006493926
18	12	0.4255155000137165
18	12	0.7379217500565574
18	12	0.8040155000635423
18	12	0.8702342500328086
18	12	0.881390500057023
18	12	0.9352967500453815
18	12	0.9591717500588857
18	12	0.9716092500602826
18	12	1.0718905000248924
18	12	1.083671750035137
18	12	1.109703000052832
18	12	1.169203000026755
18	12	1.2311717500560917
18	12	1.3169530000304803
18	12	1.5944530000560917
18	12	1.744453000021167
18	12	1.7643280000193045
18	12	1.8123592500342056
18	12	1.8421405000262894
18	12	1.8547342500532977
18	12	1.895046750025358
18	12	1.9207342500449158
18	12	1.9810780000407249
18	13	-5.966137749957852
18	13	-5.945762749935966
18	13	-5.932825249969028
18	13	-5.809012749989051
18	13	-5.788606499962043
18	13	-5.662575249967631
18	13	-5.578700249956455
18	13	-5.202950249949936
18	13	-5.147637749963906
18	13	-5.110981499950867
18	13	-5.077512749936432
18	13	-4.937231499934569
18	13	-4.836387749935966
18	13	-4.376294999965467
18	13	-4.324169999919832
18	13	-4.262982499960344
18	13	-4.246419999923091
18	13	-4.20004499994684
18	13	-3.946013749926351
18	13	-3.478201249963604
18	13	-3.343107499938924
18	13	-3.082982499967329
18	13	-2.831201249966398
18	13	-2.01970225002151
18	13	-1.509108499973081
18	13	-1.477858499973081
18	13	-1.4459522499819286
18	13	-1.3915459999698214
18	13	-1.352858499973081
18	13	-1.3266709999879822
18	13	-1.2507647500024177
18	13	-1.069983499997761
18	13	-1.0323272499954328
18	13	-0.9834522500168532
18	13	-0.6317334999912418
18	13	-0.5686085000052117
18	13	-0.5423897500149906
18	13	-0.5294522499898449
18	13	-0.440764750004746
18	13	-0.4053585000219755
18	13	-0.3902647499926388
18	13	-0.36763975000940263
18	13	-0.31210849998751655
18	13	-0.10676474997308105
18	13	-0.07329600001685321
18	13	-0.06654600001638755
18	13	-0.0225772499688901
18	13	0.07067275000736117
18	13	0.4418905000202358
18	13	0.45632800000021234
18	13	0.6047655000002123
18	13	0.6242342499899678
18	13	0.6750467499950901
18	13	0.703515500004869
18	13	0.7200155000318773
18	13	0.7302967500290833
18	13	0.8119530000258237
18	13	0.8203592500067316
18	13	0.8284842499997467
18	13	0.8415467500453815
18	13	0.8520467500202358
18	13	0.9624217500095256
18	13	1.444796750030946
18	13	1.4580779999960214
18	13	1.4702655000146478
18	13	1.4892655000439845
18	13	1.518703000037931
18	13	1.5361405000439845
18	13	1.5460780000430532
18	13	1.564453000028152
18	13	1.578015500039328
18	13	1.603828000021167
18	13	1.6268592500127852
18	13	1.645765500026755
18	13	1.7258592500002123
18	13	1.7839530000346713
18	13	1.812484249996487
18	13	1.8196405000053346
18	13	1.8417030000127852
18	13	1.871077999996487
18	13	1.9332342499983497
18	13	1.9479217500193045
18	13	1.9611717500374652
18	13	1.9732655000407249
18	13	1.9875154999899678
18	14	-5.937074999965262
18	14	-5.897137499996461
18	14	-5.866668749949895
18	14	-5.847199999960139
18	14	-5.825387499993667
18	14	-5.810168750002049
18	14	-5.800106249982491
18	14	-5.790543749986682
18	14	-5.762762499973178
18	14	-5.72601250000298
18	14	-5.71138749999227
18	14	-5.471762500004843
18	14	-5.458512499986682
18	14	-5.453293750004377
18	14	-5.444168749963865
18	14	-5.435074999986682
18	14	-5.380825000000186
18	14	-5.360512499988545
18	14	-5.296512499975506
18	14	-5.074699999997392
18	14	-4.998387500003446
18	14	-4.784169749938883
18	14	-4.581825999950524
18	14	-4.498075999959838
18	14	-4.418919749965426
18	14	-3.9519197499612346
18	14	-3.7681697499356233
18	14	-3.59348224994028
18	14	-3.56679474998964
18	14	-3.4089197499561124
18	14	-2.7056072499835864
18	14	-2.6522322499658912
18	14	-2.5752947499859147
18	14	-2.1580770000000484
18	14	-1.7400144999846816
18	14	-1.6626707499963231
18	14	-1.6286082500009798
18	14	-1.6010770000284538
18	14	-1.57910825003637
18	14	-1.568108250037767
18	14	-1.5506395000265911
18	14	-1.4714207500219345
18	14	-1.4334520000265911
18	14	-1.4186082500382327
18	14	-1.4040145000326447
18	14	-1.377795749984216
18	14	-1.3563582500210032
18	14	-0.8101082500070333
18	14	-0.44523325003683567
18	14	0.601890749996528
18	14	0.6144532500184141
18	14	0.7475470000063069
18	14	1.2875157499802299
18	14	1.5416095000109635
18	14	1.5524844999890774
18	14	1.5751719999825582
18	14	1.5930782500072382
18	14	1.65760949999094
18	14	1.6682657499914058
18	14	1.6787032500142232
18	14	1.6920157499844208
18	14	1.7298595000174828
18	14	1.752671999973245
18	14	1.7737970000016503
18	14	1.8639844999997877
18	14	1.9437344999751076
18	15	-5.986668250057846
18	15	-5.946293250075541
18	15	-5.916605750040617
18	15	-5.890262000029907
18	15	-5.868605750030838
18	15	-5.709512000030372
18	15	-5.447638000012375
18	15	-5.366763000027277
18	15	-5.235731750028208
18	15	-5.22013800003333
18	15	-5.208138000045437
18	15	-5.190700500039384
18	15	-5.163731750042643
18	15	-5.13848175003659
18	15	-5.040575500053819
18	15	-5.016231750021689
18	15	-4.943481750029605
18	15	-4.85660675005056
18	15	-4.8171692500473
18	15	-4.773919250059407
18	15	-4.7297317500342615
18	15	-4.288013000041246
18	15	-4.260856750013772
18	15	-4.144044250017032
18	15	-4.1240755000617355
18	15	-4.069669250049628
18	15	-3.9979192500468343
18	15	-3.903513000055682
18	15	-3.289544250059407
18	15	-3.2604817500105128
18	15	-3.235450500040315
18	15	-3.2229192500235513
18	15	-3.2068255000631325
18	15	-3.195044250052888
18	15	-3.1625755000277422
18	15	-3.084951500000898
18	15	-2.995045250048861
18	15	-2.9569515000330284
18	15	-2.940670250041876
18	15	-2.9007327500148676
18	15	-2.8746077500400133
18	15	-2.8429827500367537
18	15	-2.2998890000162646
18	15	-2.1938890000456013
18	15	-2.144201500050258
18	15	-2.1157640000456013
18	15	-2.073889000050258
18	15	-2.048514000023715
18	15	-2.021982750040479
18	15	-1.9992952500469983
18	15	-1.9875140000367537
18	15	-1.971201500040479
18	15	-1.9526077500195242
18	15	-1.9138577500125393
18	15	-1.8829515000106767
18	15	-1.861607750004623
18	15	-1.834482750040479
18	15	-1.7704515000223182
18	15	-1.7235140000120737
18	15	-1.183045250014402
18	15	-1.141826500010211
18	15	-1.0908265000325628
18	15	-1.0699515000451356
18	15	-1.0349515000125393
18	15	-1.0302327499957755
18	15	-1.0193265000125393
18	15	-1.0072952500195242
18	15	-0.9723265000502579
18	15	-0.9534827500465326
18	15	-0.927701500011608
18	15	-0.9217952500330284
18	15	-0.733639000041876
18	15	-0.09092125005554408
18	15	-0.017952500085812062
18	15	0.013547499955166131
18	15	0.029453749943058938
18	15	0.06867249991046265
18	15	0.09751624992350116
18	15	0.11985999991884455
18	15	0.941547499911394
18	15	0.9532037499011494
18	15	0.9727037499542348
18	15	1.1999224999453872
18	15	1.2114537499146536
18	15	1.2229849999421276
18	15	1.7551099999109283
18	15	1.7705787499435246
18	15	1.816547499911394
18	15	1.8260474999551661
18	15	1.8394224999356084
18	15	1.856796499923803
18	15	1.8706714999279939
18	15	1.8835152499377728
18	15	1.9443589999573305
18	15	1.9896402499289252
18	16	-5.9692940000095405
18	16	-5.95466899999883
18	16	-5.933293999987654
18	16	-5.925856499990914
18	16	-5.882856500043999
18	16	-5.851106500020251
18	16	-5.838700250023976
18	16	-5.747700250009075
18	16	-5.655044000013731
18	16	-5.52629499998875
18	16	-5.001076249987818
18	16	-4.916201249987353
18	16	-4.901138750021346
18	16	-4.854951250017621
18	16	-4.468732499983162
18	16	-2.744421000010334
18	16	-2.727671000000555
18	16	-2.6474522500066087
18	16	-2.5651085000135936
18	16	-2.4880147500080056
18	16	-2.37870225001825
18	16	-2.3685459999833256
18	16	-1.667733500013128
18	16	-1.6306397499865852
18	16	-1.613545999978669
18	16	-1.5872647499782033
18	16	-1.5793584999628365
18	16	-1.5430147500010207
18	16	-1.5331085000070743
18	16	-1.52423350000754
18	16	-1.4660772499628365
18	16	-1.4003585000173189
18	16	-1.019795999978669
18	16	-0.6912334999651648
18	16	-0.6802022499614395
18	16	-0.6202959999791346
18	16	-0.605984499969054
18	16	-0.5582969999522902
18	16	-0.5287657500011846
18	16	-0.5128907499602064
18	16	-0.477609499997925
18	16	-0.44270324998069555
18	16	-0.41326574998674914
18	16	-0.2153907499741763
18	16	0.24623425002209842
18	16	0.2568905000225641
18	16	0.2960467500379309
18	16	0.315890500030946
18	16	0.3430780000053346
18	16	0.3747342500137165
18	16	0.3955467500491068
18	16	0.497515499999281
18	16	0.5353280000272207
18	16	0.5637967500369996
18	16	0.6022030000458471
18	16	0.6352654999936931
18	16	0.6523905000067316
18	16	0.6764217500458471
18	16	0.8415155000402592
18	16	1.0626092500169761
18	16	1.4166405000141822
18	16	1.435734250000678
18	16	1.5129842500318773
18	16	1.5293592500383966
18	16	1.56732800003374
18	16	1.7508905000286177
18	16	1.7750467500300147
18	16	1.7895467500202358
18	16	1.8017967500491068
18	16	1.8302030000486411
18	16	1.8447655000491068
18	17	-5.999981500033755
18	17	-5.818669000000227
18	17	-5.733544000016991
18	17	-5.66988775000209
18	17	-5.641137750004418
18	17	-5.6141377500025555
18	17	-5.598606500017922
18	17	-5.584419000020716
18	17	-5.552137750026304
18	17	-5.533012750034686
18	17	-5.223419999994803
18	17	-5.183513750031125
18	17	-4.822826249990612
18	17	-4.806826249987353
18	17	-4.793232500029262
18	17	-4.775357500009704
18	17	-4.755201250023674
18	17	-4.745295000029728
18	17	-4.727763750008307
18	17	-4.705107500019949
18	17	-4.6902637500315905
18	17	-4.671201249992009
18	17	-4.551732500025537
18	17	-3.3769200000097044
18	17	-3.152357499988284
18	17	-2.8866397499805316
18	17	-2.8166084999684244
18	17	-2.7932022499735467
18	17	-2.774108499987051
18	17	-2.7443585000000894
18	17	-2.1765460000024177
18	17	-1.5942647500196472
18	17	-1.3551084999926388
18	17	-0.2797032499802299
18	17	-0.1405782499932684
18	17	-0.05839074996765703
18	17	0.07598424999741837
18	17	0.4258280000067316
18	17	0.44679675000952557
18	17	0.6482342500239611
18	17	0.6600467500393279
18	17	0.6751405000104569
18	17	0.691390499996487
18	17	0.7089217500179075
18	17	0.7249530000262894
18	17	0.7475467500044033
18	17	0.7756717500160448
18	17	0.7958905000123195
18	17	0.8433904999983497
18	17	0.8570467500248924
18	17	0.8913592500030063
18	17	0.966796750028152
18	17	1.1117030000314116
18	17	1.2672030000248924
18	17	1.5236092500272207
18	17	1.6177967500407249
18	17	1.6487967499997467
18	17	1.6759217500220984
18	17	1.68451550003374
18	17	1.7179842500481755
18	17	1.7475467500044033
18	17	1.7653280000085942
18	17	1.7786405000369996
18	17	1.8001092500053346
18	17	1.8127655000425875
18	17	1.9214842499932274
18	17	1.9430457499693148
18	18	-5.8012012500548735
18	18	-5.6749512500246055
18	18	-5.651263750041835
18	18	-5.528451250051148
18	18	-5.47945125005208
18	18	-5.443420000025071
18	18	-5.401763750007376
18	18	-5.3897950000246055
18	18	-5.321795000054408
18	18	-5.176982500008307
18	18	-4.828451250039507
18	18	-4.790076250035781
18	18	-4.754107500019018
18	18	-4.72479500004556
18	18	-4.614107500063255
18	18	-4.479513750062324
18	18	-4.358826250012498
18	18	-4.154263750009704
18	18	-3.9379200000548735
18	18	-3.925732500036247
18	18	-3.900857500033453
18	18	-3.8633887500618584
18	18	-3.8430137500399724
18	18	-3.8280137500260025
18	18	-3.8127950000343844
18	18	-3.7966700000106357
18	18	-3.6207637500483543
18	18	-3.464045000029728
18	18	-3.3648272500140592
18	18	-3.3005147500080056
18	18	-3.275171000044793
18	18	-3.2625460000126623
18	18	-2.841452250024304
18	18	-2.8222022500121966
18	18	-2.799014749994967
18	18	-2.783733500051312
18	18	-2.7708272500312887
18	18	-2.7421397500438616
18	18	-2.71173350000754
18	18	-2.6604210000368766
18	18	-2.56782724999357
18	18	-2.4326085000066087
18	18	-1.8749210000387393
18	18	-1.8378585000173189
18	18	-1.8056710000382736
18	18	-1.7937960000126623
18	18	-1.7471397500485182
18	18	-1.7322335000499152
18	18	-1.7190147500368766
18	18	-1.640702250006143
18	18	-1.5929835000424646
18	18	-1.5710147500503808
18	18	-1.5497022500494495
18	18	-0.861140749999322
18	18	-0.8286407500272617
18	18	-0.8063282500370406
18	18	-0.7845157500123605
18	18	-0.7421094999881461
18	18	-0.7263282500207424
18	18	-0.6726720000151545
18	18	-0.5710157499997877
18	18	-0.28960950003238395
18	18	-0.27545324998209253
18	18	0.055546749965287745
18	18	0.11867175000952557
18	18	0.1939530000090599
18	18	0.20729674998437986
18	18	0.2972029999946244
18	18	0.4213592499727383
18	18	0.43207799998344854
18	18	0.446734249999281
18	18	0.47114049998344854
18	18	0.4802030000137165
18	18	0.4925467499997467
18	18	0.5503904999932274
18	18	1.1777654999750666
18	18	1.4142967499792576
18	19	-5.998200500034727
18	19	-5.96432550001191
18	19	-5.82785674999468
18	19	-5.795013000024483
18	19	-5.2269192499807104
18	19	-5.038575500017032
18	19	-4.750544250011444
18	19	-4.7375442500342615
18	19	-4.112044250010513
18	19	-4.024512999982107
18	19	-4.011419249989558
18	19	-3.9441692500258796
18	19	-3.8793880000011995
18	19	-3.622701500018593
18	19	-3.5838890000013635
18	19	-3.1345764999859966
18	19	-3.117420249967836
18	19	-3.0814515000092797
18	19	-3.0668577500036918
18	19	-2.924420249997638
18	19	-2.760857750021387
18	19	-2.6973577499738894
18	19	-2.2130139999790117
18	19	-2.0574827499804087
18	19	-1.9197952499962412
18	19	-1.8887639999738894
18	19	-1.825420250010211
18	19	-1.725295250013005
18	19	-1.6871702499920502
18	19	-1.5254202500218526
18	19	-1.5074202499818057
18	19	-1.2685139999957755
18	19	-1.2459514999645762
18	19	-1.233107750013005
18	19	-1.13179625000339
18	19	-0.9043899999815039
18	19	-0.8808274999610148
18	19	-0.3221087499987334
18	19	-0.27145249996101484
18	19	-0.17351499997312203
18	19	-0.0657024999964051
18	19	-0.04726500000106171
18	19	0.4900787500082515
18	19	0.5444850000203587
18	19	0.5630475000361912
18	19	0.634547499998007
18	19	0.647641250048764
18	19	0.6708912500180304
18	19	0.7544850000413135
18	19	0.8023600000306033
18	19	0.817235000024084
18	19	0.9108287499984726
18	19	1.008328750031069
18	19	1.0245162500068545
18	19	1.6129840000066906
18	19	1.6235777500551194
18	19	1.6467965000192635
18	19	1.7100152500206605
18	19	1.7358277500607073
18	19	1.760859000030905
18	19	1.774140250054188
18	19	1.8251402500318363
18	19	1.8865152500220574
18	20	-5.910981499997433
18	20	-5.873950249981135
18	20	-5.789262750011403
18	20	-5.084044000017457
18	20	-5.039012749970425
18	20	-4.952856499992777
18	20	-4.898637750011403
18	20	-4.869012749986723
18	20	-4.3440752499736845
18	20	-4.316637750016525
18	20	-4.263981500000227
18	20	-4.19192000007024
18	20	-4.171076250029728
18	20	-4.083107500046026
18	20	-4.029107500042301
18	20	-3.978763750055805
18	20	-3.9078887500218116
18	20	-3.6115137500455603
18	20	-3.3379825000301935
18	20	-3.2744512500357814
18	20	-3.216763750067912
18	20	-3.1912637500208803
18	20	-3.163076250057202
18	20	-3.1387637500301935
18	20	-3.1102012500632554
18	20	-3.045513750053942
18	20	-3.030076250026468
18	20	-2.858107500069309
18	20	-2.3545450000674464
18	20	-2.32345125003485
18	20	-2.2959512500674464
18	20	-2.2876075000385754
18	20	-2.261263750027865
18	20	-2.245295000029728
18	20	-2.1151700000627898
18	20	-2.057388750021346
18	20	-1.846045000012964
18	20	-1.4758585000527091
18	20	-1.4632022500154562
18	20	-1.4495460000471212
18	20	-1.4157647500396706
18	20	-0.7126397500396706
18	20	-0.3536710000480525
18	20	-0.09610850003082305
18	20	-0.017608500027563423
18	20	0.3407352499780245
18	20	0.37904774997150525
18	20	0.5301727499463595
18	20	0.6322977499803528
18	20	0.6559539999580011
18	20	0.6845477499882691
18	20	1.3239529999555089
18	20	1.3352342500002123
18	20	1.3518279999843799
18	20	1.359952999977395
18	20	1.3932967499713413
18	20	1.3999217500095256
18	20	1.5010467499960214
18	20	1.525359249964822
18	20	1.5417342499713413
18	20	1.5830467499908991
18	20	1.5972967499983497
18	20	1.6223592499736696
18	20	1.6723592499620281
18	20	1.760140499973204
18	21	-0.2253907499834895
18	23	1.3168587500113063
18	25	-1.0072337500168942
18	25	1.3041715000290424
18	28	0.4494532499811612
18	28	0.6086094999918714
18	29	-5.680982249963563
18	29	-3.65720199997304
18	29	-1.4968280000030063
18	29	-1.29776549997041
18	29	0.3935157500091009
18	30	-5.197606499947142
18	30	-3.001669999968726
18	30	-1.760482499958016
18	30	-0.2093272500205785
18	30	1.8329842500388622
18	31	-2.1221394999301992
18	31	-0.29860924993408844
18	31	1.826764750003349
18	32	-5.6394497500150464
18	32	-2.5230767499888316
18	33	-4.844326250022277
18	33	-2.121171000006143
18	34	-0.4087027499335818
18	34	-0.15173399995546788
18	34	0.5089222500682808
