unit_id	statistic	s00	s01	s02	s03	s04	s05	s06	s07	s08	s09	s10	s11	s12	s13	s14	s15	s16	s17	s18	s19	s20	s21	s22	s23	s24	s25	s26	s27	s28	s29	s30	s31	s32	s33	s34	s35	s36	s37	s38	s39	s40	s41	s42	s43	s44	s45	s46	s47	s48	s49	s50	s51	s52	s53	s54	s55	s56	s57	s58	s59	s60	s61	s62	s63
1	mean	-1.301203966140747	-1.1468210220336914	-0.8799005150794983	-0.5898210406303406	-0.36354801058769226	-0.2108451873064041	-0.03346242383122444	0.3233374059200287	0.9550670385360718	1.8000092506408691	2.6568944454193115	3.348179578781128	3.937643051147461	4.8280487060546875	6.603060722351074	9.644065856933594	13.746569633483887	18.025833129882812	21.246381759643555	22.421051025390625	21.316781997680664	18.551069259643555	15.226601600646973	12.350850105285645	10.39700698852539	9.237154006958008	8.413331031799316	7.511350154876709	6.384661674499512	5.127708911895752	3.890418529510498	2.715514659881592	1.5225378274917603	0.22243010997772217	-1.1565488576889038	-2.4450645446777344	-3.4288277626037598	-3.984487771987915	-4.151932239532471	-4.0986762046813965	-4.014501094818115	-4.015006065368652	-4.109567642211914	-4.2361907958984375	-4.324193954467773	-4.3404364585876465	-4.297664165496826	-4.233694076538086	-4.185319900512695	-4.175073146820068	-4.212594509124756	-4.2997894287109375	-4.430881023406982	-4.588050842285156	-4.739285469055176	-4.843729496002197	-4.864866733551025	-4.785992622375488	-4.619600296020508	-4.4041876792907715	-4.18847131729126	-4.009193420410156	-3.87412166595459	-3.761336326599121
1	std	4.682075500488281	4.61549711227417	4.604554653167725	4.644744873046875	4.7037482261657715	4.768224239349365	4.817136287689209	4.834444999694824	4.879693984985352	5.0552897453308105	5.392746448516846	5.843693256378174	6.278995037078857	6.412189483642578	5.89747428894043	4.655645370483398	3.24125599861145	2.9308691024780273	3.6471853256225586	4.022933006286621	3.694199562072754	3.144404411315918	3.2118401527404785	3.949819326400757	4.745247840881348	5.2937164306640625	5.586205959320068	5.713797569274902	5.778680324554443	5.8573198318481445	5.9424052238464355	5.911807537078857	5.651413440704346	5.282528877258301	5.198805809020996	5.599592685699463	6.147523403167725	6.438340663909912	6.379330158233643	6.120904922485352	5.855156898498535	5.68203592300415	5.577892780303955	5.450601577758789	5.253637790679932	5.056062698364258	4.968441963195801	5.000149726867676	5.0548415184021	5.041092872619629	4.92767333984375	4.76231050491333	4.6779890060424805	4.783511638641357	5.014612674713135	5.20040225982666	5.244263648986816	5.172388076782227	5.05433464050293	4.928924560546875	4.809878349304199	4.718935012817383	4.681307792663574	4.7030534744262695
2	mean	-1.079543113708496	-1.0184874534606934	-0.8468600511550903	-0.6272739171981812	-0.4398779273033142	-0.31636977195739746	-0.20392724871635437	0.002368032466620207	0.36970236897468567	0.8484823703765869	1.2892780303955078	1.5856144428253174	1.8660337924957275	2.578047752380371	4.333099365234375	7.531132698059082	11.968621253967285	16.70969009399414	20.37741470336914	21.757823944091797	20.382755279541016	16.744991302490234	12.020889282226562	7.48214054107666	3.94844126701355	1.5681803226470947	-0.0183457862585783	-1.3073686361312866	-2.607434034347534	-3.928114414215088	-5.079341888427734	-5.858303070068359	-6.187936782836914	-6.141452789306641	-5.874855995178223	-5.536048889160156	-5.209897994995117	-4.91745138168335	-4.649069786071777	-4.396434307098389	-4.161133766174316	-3.943345308303833	-3.731226682662964	-3.506441116333008	-3.262056827545166	-3.014681577682495	-2.7973313331604004	-2.6369752883911133	-2.534745454788208	-2.4638702869415283	-2.385880470275879	-2.2729809284210205	-2.122154712677002	-1.9535253047943115	-1.795756220817566	-1.668799638748169	-1.5743350982666016	-1.4981648921966553	-1.422089695930481	-1.3378736972808838	-1.2539507150650024	-1.1900277137756348	-1.1631014347076416	-1.1740294694900513
2	std	3.9752020835876465	3.9375650882720947	3.838992118835449	3.78779935836792	3.849195718765259	3.9258832931518555	3.9247567653656006	3.8988230228424072	3.937154531478882	4.020190238952637	4.0776519775390625	4.113860130310059	4.1831536293029785	4.221980094909668	3.986253023147583	3.2647604942321777	2.2475550174713135	1.9439963102340698	2.6468141078948975	3.048595428466797	2.6546590328216553	1.9599227905273438	2.312192678451538	3.399217128753662	4.182217597961426	4.4592108726501465	4.4266533851623535	4.286688804626465	4.10014533996582	3.9245824813842773	3.8518106937408447	3.869842767715454	3.9027950763702393	3.941556692123413	3.993234157562256	4.015398979187012	3.9805004596710205	3.915262460708618	3.8548970222473145	3.8230278491973877	3.8364219665527344	3.8753724098205566	3.8969788551330566	3.9029879570007324	3.9318978786468506	3.982398509979248	4.010790824890137	4.000730991363525	3.97788143157959	3.950009346008301	3.894132137298584	3.8318874835968018	3.833521604537964	3.9008517265319824	3.9507999420166016	3.9360408782958984	3.885333776473999	3.846839666366577	3.8503172397613525	3.891329050064087	3.9267001152038574	3.9190783500671387	3.88063383102417	3.856440782546997
3	mean	-2.626329183578491	-2.671658754348755	-2.646699905395508	-2.593200445175171	-2.5500223636627197	-2.4990594387054443	-2.3537964820861816	-2.011448621749878	-1.4363011121749878	-0.7020618319511414	0.06741045415401459	0.8481513857841492	1.8553190231323242	3.5334722995758057	6.333864688873291	10.371661186218262	15.181949615478516	19.775245666503906	23.018169403076172	24.148347854614258	23.127885818481445	20.628040313720703	17.661603927612305	15.087485313415527	13.271441459655762	12.062145233154297	11.038334846496582	9.829791069030762	8.313603401184082	6.605453968048096	4.910976409912109	3.3717052936553955	2.0070407390594482	0.7613322734832764	-0.4096287488937378	-1.4886785745620728	-2.414039373397827	-3.1353421211242676	-3.6573095321655273	-4.039353847503662	-4.358943462371826	-4.671065807342529	-4.990151882171631	-5.298791885375977	-5.56867790222168	-5.777286529541016	-5.9141764640808105	-5.980734348297119	-5.988865852355957	-5.9587273597717285	-5.912099361419678	-5.862803936004639	-5.809870719909668	-5.7389068603515625	-5.630957126617432	-5.4723334312438965	-5.25874662399292	-4.992012023925781	-4.675886154174805	-4.3170247077941895	-3.9297306537628174	-3.5375375747680664	-3.1670053005218506	-2.8362436294555664
3	std	4.98138952255249	5.037024021148682	5.108609676361084	5.15517520904541	5.1642327308654785	5.170316219329834	5.195580959320068	5.212306976318359	5.200075149536133	5.237076282501221	5.503293037414551	6.0883002281188965	6.76570463180542	7.088260173797607	6.718268394470215	5.735654354095459	4.802986145019531	4.734512805938721	5.271411418914795	5.557961463928223	5.2952880859375	4.747649192810059	4.362292289733887	4.3269829750061035	4.491333961486816	4.693203449249268	4.882717132568359	5.049862384796143	5.205872058868408	5.378430366516113	5.551662921905518	5.658891677856445	5.673317909240723	5.6566877365112305	5.686500072479248	5.77004337310791	5.86117696762085	5.920099258422852	5.931748867034912	5.907892227172852	5.882885932922363	5.878021240234375	5.881499767303467	5.876643657684326	5.856276512145996	5.8110857009887695	5.7365946769714355	5.641259670257568	5.530889511108398	5.400816917419434	5.254220962524414	5.122905254364014	5.057886600494385	5.075608253479004	5.118800640106201	5.1122002601623535	5.052749156951904	5.010075569152832	5.034505367279053	5.0934319496154785	5.120257377624512	5.105385780334473	5.107188701629639	5.165104866027832
4	mean	-3.6367440223693848	-4.414997577667236	-5.242277145385742	-6.163575649261475	-7.237987041473389	-8.461618423461914	-9.73286247253418	-10.889451026916504	-11.776175498962402	-12.265518188476562	-12.195920944213867	-11.284865379333496	-9.1298189163208	-5.367217540740967	0.061409492045640945	6.694542407989502	13.551119804382324	19.39929962158203	23.187265396118164	24.427034378051758	23.342737197875977	20.7204647064209	17.54792594909668	14.625545501708984	12.326386451721191	10.590993881225586	9.116113662719727	7.603645324707031	5.928357124328613	4.15856409072876	2.4629807472229004	0.9930523633956909	-0.18418054282665253	-1.0845645666122437	-1.7663393020629883	-2.2892677783966064	-2.692669630050659	-2.9911704063415527	-3.179450273513794	-3.2411844730377197	-3.164008378982544	-2.960211753845215	-2.6824169158935547	-2.417633533477783	-2.2543914318084717	-2.2395553588867188	-2.352766752243042	-2.5149283409118652	-2.6241188049316406	-2.598018169403076	-2.4038240909576416	-2.0674753189086914	-1.663086175918579	-1.2879490852355957	-1.0297988653182983	-0.9340830445289612	-0.9825818538665771	-1.097955346107483	-1.1806912422180176	-1.1624902486801147	-1.042027235031128	-0.8773916363716125	-0.7412716150283813	-0.6727350354194641
4	std	4.717820167541504	4.882883071899414	5.052597999572754	5.1310343742370605	5.115354061126709	5.091183662414551	5.15613317489624	5.319560527801514	5.461911201477051	5.447973251342773	5.3693928718566895	5.589858055114746	6.198732376098633	6.6588544845581055	6.402302265167236	5.4436116218566895	4.568109035491943	4.675402641296387	5.342025279998779	5.6644158363342285	5.3845367431640625	4.776710510253906	4.310979843139648	4.213082313537598	4.307046890258789	4.40228271484375	4.475144386291504	4.534415245056152	4.580002784729004	4.637775421142578	4.706850528717041	4.742980003356934	4.738285064697266	4.72632360458374	4.7243475914001465	4.739339351654053	4.760977745056152	4.733203887939453	4.631251335144043	4.5314040184021	4.512584209442139	4.548195838928223	4.5784912109375	4.604604721069336	4.654879570007324	4.713153839111328	4.7215728759765625	4.664489269256592	4.626646041870117	4.691680431365967	4.789729595184326	4.777986526489258	4.626269340515137	4.431379318237305	4.312119007110596	4.307384967803955	4.331608295440674	4.290493488311768	4.2442522048950195	4.318514823913574	4.470119953155518	4.558241844177246	4.565154552459717	4.5699238777160645
5	mean	-2.6064138412475586	-2.4130375385284424	-2.1186327934265137	-1.7368525266647339	-1.2514009475708008	-0.5663633942604065	0.491764098405838	2.0936172008514404	4.2759270668029785	6.838560104370117	9.358378410339355	11.35714340209961	12.561721801757812	13.106382369995117	13.517580032348633	14.434187889099121	16.19212532043457	18.529054641723633	20.62571907043457	21.50377082824707	20.561519622802734	17.920888900756836	14.366747856140137	10.921907424926758	8.328516960144043	6.748124599456787	5.826284885406494	5.024694919586182	3.97542667388916	2.64469051361084	1.2550337314605713	0.07532422244548798	-0.7590987682342529	-1.2956722974777222	-1.6905357837677002	-2.0910141468048096	-2.5572941303253174	-3.057600498199463	-3.5179507732391357	-3.882150411605835	-4.14469051361084	-4.344801425933838	-4.534774303436279	-4.745530128479004	-4.9685750007629395	-5.163190841674805	-5.2832465171813965	-5.305068016052246	-5.237817287445068	-5.112153053283691	-4.958621978759766	-4.791141510009766	-4.6046295166015625	-4.386479377746582	-4.132400035858154	-3.854912757873535	-3.578242778778076	-3.323474168777466	-3.0941665172576904	-2.8726789951324463	-2.630479574203491	-2.34680438041687	-2.02472186088562	-1.6945301294326782
5	std	5.129831314086914	5.236523628234863	5.320529937744141	5.417408466339111	5.517163276672363	5.607865810394287	5.6907877922058105	5.712636947631836	5.5796732902526855	5.263318061828613	4.840501308441162	4.451452255249023	4.2217817306518555	4.116547107696533	3.902498483657837	3.410839319229126	2.84944486618042	2.7529666423797607	3.119894027709961	3.324664354324341	3.0657224655151367	2.6751718521118164	2.91636061668396	3.8074731826782227	4.722137928009033	5.35676908493042	5.707606315612793	5.853592872619629	5.870564937591553	5.854974746704102	5.905064582824707	6.05226469039917	6.257851600646973	6.461932182312012	6.621186256408691	6.731503963470459	6.810762882232666	6.853166580200195	6.832047939300537	6.744818210601807	6.619405269622803	6.4770188331604	6.311680316925049	6.113736152648926	5.900965213775635	5.70513916015625	5.528652191162109	5.349044322967529	5.170928001403809	5.028353691101074	4.938943862915039	4.905590057373047	4.93467903137207	5.004451274871826	5.061285972595215	5.07232666015625	5.048418998718262	5.022119998931885	5.024829864501953	5.073909282684326	5.169081211090088	5.300832748413086	5.457466125488281	5.626599311828613
6	mean	-0.05401509627699852	-0.2595690190792084	-0.5452186465263367	-0.901069700717926	-1.3434419631958008	-2.0020711421966553	-3.219649314880371	-5.535924911499023	-9.440226554870605	-14.926793098449707	-21.092185974121094	-26.104490280151367	-27.734338760375977	-24.304698944091797	-15.59191608428955	-3.1465859413146973	10.203624725341797	21.4368953704834	28.45000648498535	30.667451858520508	28.93366241455078	24.86554527282715	20.071165084838867	15.612635612487793	11.878893852233887	8.790335655212402	6.1185688972473145	3.719244956970215	1.5927093029022217	-0.18762846291065216	-1.5797168016433716	-2.6280453205108643	-3.444524049758911	-4.141857147216797	-4.77064847946167	-5.3026652336120605	-5.668416500091553	-5.81911563873291	-5.768125534057617	-5.5843400955200195	-5.345526695251465	-5.087613582611084	-4.786820888519287	-4.386504650115967	-3.8495771884918213	-3.1997876167297363	-2.5221900939941406	-1.9229943752288818	-1.4771925210952759	-1.195163369178772	-1.0229949951171875	-0.874814510345459	-0.6818403005599976	-0.43043163418769836	-0.16328763961791992	0.05681496858596802	0.1917630285024643	0.248126819729805	0.26345476508140564	0.27672505378723145	0.3074822425842285	0.35576504468917847	0.4176184833049774	0.49855923652648926
6	std	4.439332008361816	4.6396613121032715	4.813694000244141	4.913511276245117	5.043503284454346	5.254161834716797	5.4316887855529785	5.560372352600098	5.762826442718506	5.9277729988098145	5.735016822814941	5.305197238922119	5.46992301940918	6.4078288078308105	7.01472806930542	6.487614631652832	5.118325233459473	4.208644866943359	4.479550838470459	4.802278995513916	4.480297088623047	3.8638575077056885	3.6679251194000244	4.00246524810791	4.3742146492004395	4.511050224304199	4.46781063079834	4.383859634399414	4.335803031921387	4.369862079620361	4.492656707763672	4.589505672454834	4.533504009246826	4.3729705810546875	4.289172172546387	4.354032516479492	4.445810317993164	4.429993629455566	4.315627574920654	4.241343975067139	4.3191399574279785	4.508531093597412	4.6749162673950195	4.734278202056885	4.755159854888916	4.868724822998047	5.011266708374023	4.972114562988281	4.745388984680176	4.607387542724609	4.75446081161499	5.063460350036621	5.336024761199951	5.472657203674316	5.439919948577881	5.270443439483643	5.074543476104736	4.940340042114258	4.832477569580078	4.681482791900635	4.522634029388428	4.466646671295166	4.576936721801758	4.838019371032715
7	mean	-10.360660552978516	-7.8954973220825195	-5.651012420654297	-3.652573585510254	-1.9147204160690308	-0.38640934228897095	1.0584135055541992	2.5641860961914062	4.197964191436768	5.881598472595215	7.417966842651367	8.622413635253906	9.487504959106445	10.259276390075684	11.339077949523926	13.038503646850586	15.32952880859375	17.761978149414062	19.632246017456055	20.330289840698242	19.666820526123047	17.98138999938965	15.96322250366211	14.296309471130371	13.342854499816895	13.039742469787598	13.035052299499512	12.945500373840332	12.565948486328125	11.924623489379883	11.192938804626465	10.540570259094238	10.0337553024292	9.624202728271484	9.210850715637207	8.720195770263672	8.153854370117188	7.580491065979004	7.084082126617432	6.705341815948486	6.415184497833252	6.1357293128967285	5.791754245758057	5.355669975280762	4.856322288513184	4.350167751312256	3.8802402019500732	3.452849864959717	3.044879198074341	2.6314427852630615	2.2118937969207764	1.8157336711883545	1.4847573041915894	1.2440608739852905	1.0834661722183228	0.9640050530433655	0.8443573117256165	0.7059921026229858	0.5575931072235107	0.41698184609413147	0.2872430384159088	0.14777635037899017	-0.03213372826576233	-0.2690127193927765
7	std	12.751270294189453	11.821036338806152	11.03764820098877	10.245102882385254	9.423981666564941	8.617094039916992	7.900577545166016	7.3507609367370605	6.974595546722412	6.714276313781738	6.508393287658691	6.293867588043213	5.993586540222168	5.548361301422119	4.951009273529053	4.281334400177002	3.752660036087036	3.6034603118896484	3.758061647415161	3.87058687210083	3.7461326122283936	3.4922332763671875	3.3723859786987305	3.5017876625061035	3.737541675567627	3.9174537658691406	4.028653144836426	4.133151054382324	4.2237772941589355	4.248497486114502	4.2283735275268555	4.232601165771484	4.279874324798584	4.340827941894531	4.369389533996582	4.315874099731445	4.19917106628418	4.139643669128418	4.220494747161865	4.38209342956543	4.541755199432373	4.66782808303833	4.705625534057617	4.604919910430908	4.444156169891357	4.3797712326049805	4.436026573181152	4.498861789703369	4.503454208374023	4.478794574737549	4.462034225463867	4.47762393951416	4.560715198516846	4.699059009552002	4.8026885986328125	4.820706367492676	4.824829578399658	4.89237642288208	4.958890914916992	4.912964344024658	4.815093040466309	4.917829513549805	5.3482208251953125	5.873790740966797
8	mean	-5.150435447692871	-3.1706948280334473	-1.4558141231536865	0.013169038109481335	1.2678700685501099	2.3870906829833984	3.492499828338623	4.699245929718018	6.045183181762695	7.44441556930542	8.712514877319336	9.676332473754883	10.318414688110352	10.856928825378418	11.675111770629883	13.101651191711426	15.157014846801758	17.436866760253906	19.24551773071289	19.935768127441406	19.26175880432129	17.52094268798828	15.390369415283203	13.562079429626465	12.409003257751465	11.874640464782715	11.61741828918457	11.277101516723633	10.680033683776855	9.876653671264648	9.03585433959961	8.303720474243164	7.7247185707092285	7.251880645751953	6.808013439178467	6.342643737792969	5.852461338043213	5.366987705230713	4.920553207397461	4.530909538269043	4.193475246429443	3.8889503479003906	3.5950684547424316	3.2938315868377686	2.9728381633758545	2.6260929107666016	2.257505178451538	1.8835049867630005	1.5287268161773682	1.2143945693969727	0.9473881125450134	0.7194758057594299	0.5176690816879272	0.3354853689670563	0.1736280471086502	0.02992398478090763	-0.10915713012218475	-0.2632983922958374	-0.44148895144462585	-0.6295788884162903	-0.7964059710502625	-0.9153923988342285	-0.9839080572128296	-1.024566411972046
8	std	9.668999671936035	8.543842315673828	7.805337905883789	7.3990349769592285	7.155524730682373	6.8976521492004395	6.582972049713135	6.285434722900391	6.081894874572754	5.994075775146484	5.985418796539307	5.956377983093262	5.782323837280273	5.390039920806885	4.792057037353516	4.088315963745117	3.4918532371520996	3.2560956478118896	3.3514091968536377	3.4500038623809814	3.361896276473999	3.2170755863189697	3.2865898609161377	3.6227564811706543	4.028317928314209	4.346285820007324	4.562411308288574	4.73016881942749	4.89580774307251	5.078148365020752	5.265948295593262	5.4223151206970215	5.511166572570801	5.521283149719238	5.467567443847656	5.38624906539917	5.324666500091553	5.309341907501221	5.324700355529785	5.343748569488525	5.366110324859619	5.403733730316162	5.450643062591553	5.490070343017578	5.506773471832275	5.479971408843994	5.398599147796631	5.296431541442871	5.2380828857421875	5.247611999511719	5.28131103515625	5.291009902954102	5.275858402252197	5.256692886352539	5.236501216888428	5.204373359680176	5.155145168304443	5.099966526031494	5.074430465698242	5.119940757751465	5.232104301452637	5.354412078857422	5.44044303894043	5.4942779541015625
9	mean	-8.452949523925781	-6.240095138549805	-4.13375186920166	-2.201026439666748	-0.5088286995887756	0.9416894912719727	2.2428767681121826	3.5405170917510986	4.942386627197266	6.433802127838135	7.866827487945557	9.05251693725586	9.91433334350586	10.599257469177246	11.444136619567871	12.778570175170898	14.668547630310059	16.77660369873047	18.464696884155273	19.1112060546875	18.459972381591797	16.780099868774414	14.729089736938477	13.001381874084473	11.982133865356445	11.612078666687012	11.519576072692871	11.301051139831543	10.756579399108887	9.949002265930176	9.091413497924805	8.373895645141602	7.85292387008667	7.457587718963623	7.076755523681641	6.646390438079834	6.177413463592529	5.723154067993164	5.328840255737305	5.004204273223877	4.729763984680176	4.478895664215088	4.2335686683654785	3.9849748611450195	3.726111650466919	3.4488182067871094	3.1503915786743164	2.8420095443725586	2.546583652496338	2.28476881980896	2.0613715648651123	1.864129900932312	1.6744626760482788	1.4798299074172974	1.2784667015075684	1.075932264328003	0.8801659941673279	0.6999156475067139	0.5436197519302368	0.41360118985176086	0.29761818051338196	0.16761840879917145	-0.007355083245784044	-0.23887471854686737
9	std	12.855181694030762	11.84947681427002	10.773589134216309	9.686710357666016	8.706815719604492	7.919976234436035	7.33475399017334	6.890491962432861	6.530882835388184	6.240312576293945	5.9962663650512695	5.741059303283691	5.412693500518799	4.967211723327637	4.390590667724609	3.7564697265625	3.2944042682647705	3.2405803203582764	3.4551146030426025	3.5640885829925537	3.424922227859497	3.2522857189178467	3.37168288230896	3.7800817489624023	4.22714376449585	4.577045440673828	4.82758903503418	4.98793363571167	5.053852558135986	5.045211315155029	5.005014419555664	4.970748424530029	4.952025413513184	4.922924995422363	4.8497819900512695	4.734833240509033	4.625131130218506	4.576954364776611	4.590443134307861	4.584952354431152	4.4899210929870605	4.343084812164307	4.245444297790527	4.238193035125732	4.280133247375488	4.3147292137146	4.316946029663086	4.300596237182617	4.282431125640869	4.248764991760254	4.196728706359863	4.174252033233643	4.212028503417969	4.250354290008545	4.203198432922363	4.062932014465332	3.911104440689087	3.8506267070770264	3.9290237426757812	4.099847316741943	4.256059646606445	4.324342250823975	4.333982467651367	4.374294757843018
10	mean	-2.949444532394409	-2.1868584156036377	-1.4591639041900635	-0.7558580040931702	-0.07149035483598709	0.6174865365028381	1.3654613494873047	2.2403476238250732	3.278536796569824	4.445077419281006	5.644262313842773	6.797082901000977	7.94502067565918	9.295149803161621	11.13636589050293	13.639097213745117	16.650493621826172	19.636232376098633	21.84843635559082	22.656728744506836	21.858272552490234	19.780803680419922	17.114831924438477	14.577306747436523	12.6041841506958	11.234798431396484	10.21823787689209	9.238269805908203	8.106405258178711	6.826273441314697	5.532060146331787	4.373990058898926	3.4304544925689697	2.685716152191162	2.0638649463653564	1.4840649366378784	0.9023471474647522	0.32233449816703796	-0.22228321433067322	-0.6966395378112793	-1.0863983631134033	-1.4022566080093384	-1.6690586805343628	-1.9097256660461426	-2.134997606277466	-2.3438100814819336	-2.5306568145751953	-2.6925973892211914	-2.8315069675445557	-2.952500343322754	-3.061973810195923	-3.1660237312316895	-3.2677273750305176	-3.3630735874176025	-3.4391489028930664	-3.4783289432525635	-3.4677772521972656	-3.4085657596588135	-3.317655324935913	-3.220801830291748	-3.1404898166656494	-3.0863492488861084	-3.053473472595215	-3.0290660858154297
10	std	8.200809478759766	7.515186309814453	7.074089050292969	6.8040947914123535	6.666701316833496	6.6296892166137695	6.6533918380737305	6.71125602722168	6.796421051025391	6.913937091827393	7.060521125793457	7.173724174499512	7.103775501251221	6.675938606262207	5.815375328063965	4.6719136238098145	3.697038412094116	3.417634963989258	3.677764892578125	3.8529105186462402	3.6744742393493652	3.3221964836120605	3.2577171325683594	3.748100996017456	4.533074855804443	5.268125057220459	5.801151752471924	6.124339580535889	6.285049915313721	6.341834545135498	6.354398250579834	6.369861602783203	6.405782222747803	6.453970909118652	6.500267505645752	6.538004398345947	6.568872451782227	6.5966291427612305	6.621832847595215	6.641426086425781	6.647772312164307	6.627805233001709	6.574735641479492	6.503349781036377	6.437239170074463	6.379510879516602	6.320062160491943	6.269726276397705	6.256369590759277	6.28374719619751	6.3163299560546875	6.302987098693848	6.204538822174072	6.017601013183594	5.791377544403076	5.60272741317749	5.49058723449707	5.430163860321045	5.381620407104492	5.336932182312012	5.31735897064209	5.343620777130127	5.408334732055664	5.480778694152832
11	mean	-2.8326563835144043	-2.753420829772949	-2.6908204555511475	-2.6287777423858643	-2.5368051528930664	-2.3568835258483887	-2.0183207988739014	-1.4884618520736694	-0.8169514536857605	-0.10319023579359055	0.6415829062461853	1.6660516262054443	3.532099485397339	6.92488431930542	12.249671936035156	19.234107971191406	26.8219051361084	33.49581527709961	37.8903923034668	39.349525451660156	38.1205940246582	35.11229705810547	31.40349006652832	27.79526710510254	24.616416931152344	21.808658599853516	19.16278076171875	16.533262252807617	13.923839569091797	11.443721771240234	9.20943546295166	7.269984722137451	5.59102201461792	4.0870771408081055	2.669919729232788	1.283786416053772	-0.08532176911830902	-1.421420693397522	-2.696544885635376	-3.8840091228485107	-4.966557025909424	-5.942757606506348	-6.828520774841309	-7.647522926330566	-8.412506103515625	-9.111161231994629	-9.710030555725098	-10.176703453063965	-10.504542350769043	-10.72111701965332	-10.873469352722168	-11.000545501708984	-11.111505508422852	-11.181558609008789	-11.16547966003418	-11.020946502685547	-10.731246948242188	-10.318328857421875	-9.839690208435059	-9.368204116821289	-8.960973739624023	-8.632195472717285	-8.347514152526855	-8.047017097473145
11	std	5.279869079589844	5.355747222900391	5.379118919372559	5.3764967918396	5.382813453674316	5.4003376960754395	5.4115118980407715	5.420986652374268	5.508922576904297	5.881416320800781	6.8054890632629395	8.292999267578125	9.861187934875488	10.737021446228027	10.326606750488281	8.706704139709473	6.947193622589111	6.559296607971191	7.283225059509277	7.692108154296875	7.335707187652588	6.592719078063965	5.996262073516846	5.775046348571777	5.81269645690918	5.893387317657471	5.885693073272705	5.780580997467041	5.6363701820373535	5.507984638214111	5.418147087097168	5.359883785247803	5.318322658538818	5.2899346351623535	5.266049861907959	5.223849296569824	5.16070556640625	5.111902713775635	5.125058174133301	5.226189136505127	5.38862943649292	5.539348125457764	5.624659538269043	5.657434940338135	5.691562175750732	5.766612529754639	5.8704376220703125	5.938554763793945	5.9039788246154785	5.761070251464844	5.569650173187256	5.394078731536865	5.258817672729492	5.165233612060547	5.115293979644775	5.101017951965332	5.09342622756958	5.067348957061768	5.036143779754639	5.040505886077881	5.097429275512695	5.185030937194824	5.279774188995361	5.372448444366455
12	mean	-1.7388768196105957	-1.7292633056640625	-1.7168408632278442	-1.7351508140563965	-1.7688164710998535	-1.746002435684204	-1.57395339012146	-1.2079998254776	-0.708267867565155	-0.22340331971645355	0.1258103847503662	0.41318342089653015	1.0042122602462769	2.4669792652130127	5.284316539764404	9.504794120788574	14.55319595336914	19.355104446411133	22.743818283081055	23.939483642578125	22.844486236572266	20.013578414916992	16.345970153808594	12.688240051269531	9.552379608154297	7.056164741516113	5.055225849151611	3.343661308288574	1.796933650970459	0.40142765641212463	-0.7988829612731934	-1.7675570249557495	-2.504451274871826	-3.0403268337249756	-3.424053192138672	-3.7155747413635254	-3.9778642654418945	-4.260347843170166	-4.57852840423584	-4.904284954071045	-5.179029941558838	-5.347536563873291	-5.392678260803223	-5.347383975982666	-5.274574279785156	-5.229207992553711	-5.229490756988525	-5.255038261413574	-5.266933917999268	-5.2319488525390625	-5.137380599975586	-4.992202281951904	-4.816474914550781	-4.627287864685059	-4.432570457458496	-4.237003326416016	-4.051156044006348	-3.8909695148468018	-3.764838695526123	-3.6598691940307617	-3.5417232513427734	-3.3714444637298584	-3.1283092498779297	-2.8232908248901367
12	std	5.193398475646973	5.138813495635986	5.049888610839844	4.983360290527344	4.934211254119873	4.907169342041016	4.930447578430176	4.9906721115112305	5.0482869148254395	5.108653545379639	5.213573455810547	5.368236064910889	5.4967217445373535	5.437479496002197	5.0003662109375	4.165830135345459	3.3863255977630615	3.4289700984954834	4.0458455085754395	4.3583269119262695	4.074633598327637	3.499920606613159	3.1986677646636963	3.3834011554718018	3.752164602279663	4.0453009605407715	4.188808917999268	4.186715126037598	4.102331161499023	4.046387672424316	4.092834949493408	4.213179111480713	4.309436798095703	4.309360504150391	4.251124382019043	4.252945423126221	4.3516526222229	4.449619770050049	4.470584392547607	4.447576999664307	4.4281086921691895	4.397398471832275	4.340735912322998	4.301789283752441	4.342587947845459	4.464901447296143	4.581805229187012	4.59982442855835	4.531170845031738	4.472565650939941	4.463925361633301	4.452098846435547	4.407008171081543	4.375789165496826	4.400805950164795	4.444304943084717	4.441760540008545	4.393623352050781	4.344668865203857	4.295755386352539	4.22715425491333	4.188242435455322	4.238307952880859	4.323472499847412
13	mean	-8.151069641113281	-5.659043312072754	-3.4332077503204346	-1.47348153591156	0.21886059641838074	1.6809769868850708	3.011699914932251	4.347029209136963	5.788158416748047	7.3243184089660645	8.815540313720703	10.075865745544434	11.02532958984375	11.806783676147461	12.757360458374023	14.210195541381836	16.230146408081055	18.465496063232422	20.25055694580078	20.934860229492188	20.249502182006836	18.475513458251953	16.30005645751953	14.449286460876465	13.330179214477539	12.892794609069824	12.76484203338623	12.534969329833984	11.98960018157959	11.173657417297363	10.281571388244629	9.491069793701172	8.861223220825195	8.3419771194458	7.853799819946289	7.359477519989014	6.878872871398926	6.452981472015381	6.098637580871582	5.7910661697387695	5.482522487640381	5.137330532073975	4.754141807556152	4.360673427581787	3.9898972511291504	3.6585869789123535	3.3613743782043457	3.0791378021240234	2.792238712310791	2.4896140098571777	2.1703104972839355	1.8403394222259521	1.5100398063659668	1.1942191123962402	0.9114686846733093	0.6776644587516785	0.494966059923172	0.34519654512405396	0.19530270993709564	0.01319687720388174	-0.21566222608089447	-0.48059535026550293	-0.7507900595664978	-0.9902729988098145
13	std	12.414494514465332	11.172247886657715	10.24587345123291	9.435145378112793	8.635409355163574	7.863921642303467	7.190574645996094	6.695539951324463	6.431665897369385	6.335879802703857	6.239922523498535	6.029007911682129	5.709327697753906	5.290613174438477	4.71420955657959	3.999380111694336	3.4077835083007812	3.2682785987854004	3.4734432697296143	3.604215383529663	3.460416316986084	3.2107973098754883	3.226412296295166	3.6014413833618164	4.068159580230713	4.436607360839844	4.699784755706787	4.877110958099365	4.950583457946777	4.938475131988525	4.912107467651367	4.899446487426758	4.857259273529053	4.772182464599609	4.695948123931885	4.655274391174316	4.629543304443359	4.6246514320373535	4.649946212768555	4.657570838928223	4.609167575836182	4.528629302978516	4.432735443115234	4.3072309494018555	4.177761554718018	4.110423564910889	4.1351318359375	4.234745025634766	4.37612771987915	4.497465133666992	4.533077239990234	4.498806953430176	4.48977518081665	4.557743072509766	4.664496421813965	4.766673564910889	4.851332664489746	4.9139885902404785	4.97984504699707	5.098315715789795	5.260401725769043	5.391396999359131	5.4707841873168945	5.598137378692627
14	mean	-6.929913520812988	-5.047049522399902	-3.355191707611084	-1.8529791831970215	-0.5286946892738342	0.6716210842132568	1.8537026643753052	3.137871026992798	4.584893703460693	6.134785175323486	7.618993282318115	8.864607810974121	9.836908340454102	10.718985557556152	11.847187042236328	13.507676124572754	15.7025785446167	18.042570114135742	19.868486404418945	20.56403923034668	19.88677215576172	18.11233901977539	15.89635944366455	13.936356544494629	12.639665603637695	11.98843002319336	11.653401374816895	11.250791549682617	10.566285133361816	9.625457763671875	8.609676361083984	7.708865165710449	7.015305995941162	6.508330345153809	6.1095709800720215	5.749967575073242	5.401813983917236	5.069304466247559	4.7620649337768555	4.479043960571289	4.212016582489014	3.9586422443389893	3.7288501262664795	3.53838849067688	3.397080898284912	3.3014986515045166	3.2334465980529785	3.161025047302246	3.0429978370666504	2.841094732284546	2.538975954055786	2.1570985317230225	1.7504234313964844	1.3853976726531982	1.1069505214691162	0.9154878258705139	0.7699230909347534	0.6154887676239014	0.41715171933174133	0.1765056848526001	-0.07611172646284103	-0.30520278215408325	-0.49203822016716003	-0.641755223274231
14	std	10.740972518920898	9.62370491027832	8.917263984680176	8.465502738952637	8.117831230163574	7.806565284729004	7.509169578552246	7.206752777099609	6.91023063659668	6.674208164215088	6.517035007476807	6.350096702575684	6.044498443603516	5.542691707611084	4.8955559730529785	4.2556562423706055	3.8479812145233154	3.811295986175537	3.9959962368011475	4.101953029632568	3.9927632808685303	3.8420944213867188	3.9701895713806152	4.409487247467041	4.90280294418335	5.294685363769531	5.600478649139404	5.847455024719238	6.027674198150635	6.160499095916748	6.278131484985352	6.38096809387207	6.471543788909912	6.562225818634033	6.621643543243408	6.602413654327393	6.5228271484375	6.439480781555176	6.351624011993408	6.2170186042785645	6.046177387237549	5.891026973724365	5.755856513977051	5.614349842071533	5.490051746368408	5.414484977722168	5.343814849853516	5.2262282371521	5.098270416259766	5.018706321716309	4.961683750152588	4.867397308349609	4.748646259307861	4.6722588539123535	4.65999698638916	4.679458141326904	4.730766296386719	4.858024597167969	5.055715560913086	5.2430267333984375	5.355921268463135	5.408228874206543	5.461838245391846	5.570653915405273
15	mean	-1.7445286512374878	-1.722567081451416	-1.7625523805618286	-1.8575526475906372	-1.9647126197814941	-2.00935435295105	-1.923584222793579	-1.7144311666488647	-1.5122973918914795	-1.5255858898162842	-1.8674912452697754	-2.327652931213379	-2.262481451034546	-0.7686877250671387	2.8573098182678223	8.601835250854492	15.505820274353027	21.947961807250977	26.335988998413086	27.813444137573242	26.567630767822266	23.594383239746094	20.119104385375977	17.04178810119629	14.688178062438965	12.911309242248535	11.382285118103027	9.852701187133789	8.25981330871582	6.680553436279297	5.2229695320129395	3.943676471710205	2.827939510345459	1.8191879987716675	0.8630577921867371	-0.06376148015260696	-0.951976478099823	-1.7793384790420532	-2.533597707748413	-3.221261501312256	-3.857471466064453	-4.44868278503418	-4.984452724456787	-5.444582939147949	-5.813824653625488	-6.091454029083252	-6.289336681365967	-6.422633171081543	-6.501900672912598	-6.532327175140381	-6.518668174743652	-6.4697041511535645	-6.397281169891357	-6.310518264770508	-6.210853576660156	-6.092831134796143	-5.949830055236816	-5.779541969299316	-5.585555076599121	-5.375089645385742	-5.155200481414795	-4.930466651916504	-4.70311975479126	-4.47467565536499
15	std	4.211999893188477	4.171218395233154	4.201097011566162	4.275719165802002	4.348830699920654	4.413564205169678	4.5051422119140625	4.642906665802002	4.791493892669678	4.888721466064453	4.927513599395752	5.035690784454346	5.352075099945068	5.691637992858887	5.610363006591797	4.992122650146484	4.584343433380127	5.280918598175049	6.391185760498047	6.863183975219727	6.459479808807373	5.615501880645752	4.965805530548096	4.7823805809021	4.862688064575195	4.959198951721191	4.978976726531982	4.922031879425049	4.825953960418701	4.735843658447266	4.6749725341796875	4.635412693023682	4.59933614730835	4.559971809387207	4.518286228179932	4.477101802825928	4.447216033935547	4.441279411315918	4.452678680419922	4.459225654602051	4.4562764167785645	4.469674587249756	4.524996280670166	4.61110258102417	4.68581485748291	4.716025352478027	4.702367305755615	4.669291019439697	4.644217014312744	4.639899730682373	4.642839431762695	4.631486892700195	4.610866546630859	4.602898597717285	4.605982303619385	4.602150917053223	4.594099521636963	4.5959625244140625	4.60158634185791	4.597464561462402	4.595127582550049	4.621840000152588	4.6853346824646	4.766778469085693
16	mean	-3.0417306423187256	-0.9964881539344788	0.7755063772201538	2.236213207244873	3.394709825515747	4.354696273803711	5.297555446624756	6.3976240158081055	7.716188430786133	9.14668083190918	10.462311744689941	11.456694602966309	12.102182388305664	12.622142791748047	13.405191421508789	14.778651237487793	16.760900497436523	18.957077026367188	20.696617126464844	21.360153198242188	20.709579467773438	19.01987648010254	16.930818557739258	15.111627578735352	13.944016456604004	13.402421951293945	13.171128273010254	12.88841724395752	12.351940155029297	11.577341079711914	10.715377807617188	9.916753768920898	9.242563247680664	8.66112995147705	8.104353904724121	7.526933670043945	6.929714202880859	6.346325874328613	5.814950942993164	5.3557209968566895	4.962881565093994	4.611330509185791	4.2711029052734375	3.919881582260132	3.5465095043182373	3.147979974746704	2.728276014328003	2.3020095825195312	1.8959382772445679	1.5409016609191895	1.2569090127944946	1.0423847436904907	0.8745660781860352	0.7181877493858337	0.5362792611122131	0.3008444607257843	0.0031841944437474012	-0.3392485976219177	-0.68528813123703	-0.9850587844848633	-1.203084111213684	-1.3375521898269653	-1.4238944053649902	-1.5176401138305664
16	std	8.778106689453125	7.769634246826172	7.054103374481201	6.591061115264893	6.310619831085205	6.1248884201049805	5.989132881164551	5.913332462310791	5.897826194763184	5.889438629150391	5.8370795249938965	5.740647792816162	5.584290504455566	5.273746013641357	4.7339582443237305	4.0883402824401855	3.7058334350585938	3.841052770614624	4.207596302032471	4.3650946617126465	4.173945426940918	3.8481216430664062	3.7534518241882324	3.994025707244873	4.332169055938721	4.563009738922119	4.669125556945801	4.7064948081970215	4.6880011558532715	4.613382339477539	4.546046257019043	4.56571102142334	4.662725448608398	4.761664867401123	4.819540500640869	4.8403730392456055	4.8353681564331055	4.8268537521362305	4.863908290863037	4.969568729400635	5.09193229675293	5.164131164550781	5.192314147949219	5.243050575256348	5.346906661987305	5.454788684844971	5.5061726570129395	5.499329566955566	5.464574337005615	5.406073570251465	5.335048675537109	5.3266282081604	5.4445905685424805	5.6330742835998535	5.7801337242126465	5.84605598449707	5.872600078582764	5.914030075073242	5.995831489562988	6.112434387207031	6.241683483123779	6.364232063293457	6.456028938293457	6.4719157218933105
17	mean	-1.7504299879074097	-1.5830641984939575	-1.3987029790878296	-1.2820266485214233	-1.2693911790847778	-1.2767835855484009	-1.1229196786880493	-0.6912686228752136	-0.13915051519870758	0.059168022125959396	-0.5919402837753296	-2.0494210720062256	-3.285317897796631	-2.4220287799835205	2.3830649852752686	11.699165344238281	24.042604446411133	36.23057174682617	44.816959381103516	47.75727081298828	45.24717712402344	39.28451919555664	32.38991928100586	26.37651252746582	21.834163665771484	18.399757385253906	15.406560897827148	12.415946960449219	9.377944946289062	6.483625411987305	3.9329147338867188	1.7976951599121094	0.021837567910552025	-1.504421353340149	-2.8744821548461914	-4.138672351837158	-5.315922737121582	-6.418149948120117	-7.46340799331665	-8.468924522399902	-9.43384838104248	-10.330893516540527	-11.116943359375	-11.754603385925293	-12.22738265991211	-12.538578033447266	-12.699848175048828	-12.722333908081055	-12.61665153503418	-12.39794635772705	-12.086915969848633	-11.705142974853516	-11.2694673538208	-10.79117202758789	-10.27812385559082	-9.73613452911377	-9.169710159301758	-8.585736274719238	-8.000349998474121	-7.442172527313232	-6.9440836906433105	-6.524752140045166	-6.173825263977051	-5.8545942306518555
17	std	4.258162021636963	4.227029323577881	4.228931903839111	4.21016788482666	4.156062126159668	4.105245113372803	4.091671943664551	4.104414463043213	4.130236625671387	4.182473659515381	4.241307735443115	4.276554107666016	4.409027099609375	4.784907341003418	5.144830226898193	5.015800476074219	4.423838138580322	4.180228233337402	4.671687602996826	5.033571243286133	4.742387771606445	4.200102806091309	4.068909168243408	4.304469108581543	4.489778518676758	4.520090579986572	4.467521667480469	4.379085063934326	4.294394493103027	4.245472431182861	4.21608304977417	4.193894386291504	4.217834949493408	4.310397624969482	4.414780616760254	4.45059871673584	4.399203777313232	4.314618110656738	4.2674970626831055	4.2836809158325195	4.329714298248291	4.348642349243164	4.314670562744141	4.264834880828857	4.262470722198486	4.3159332275390625	4.367930889129639	4.377176761627197	4.367761135101318	4.374568939208984	4.370669841766357	4.303884983062744	4.193301200866699	4.129607677459717	4.160518646240234	4.2288618087768555	4.2586259841918945	4.239803791046143	4.198720932006836	4.136645317077637	4.044404983520508	3.9500892162323	3.91027569770813	3.954585313796997
18	mean	-0.893912136554718	-0.7722391486167908	-0.5934152603149414	-0.3026646077632904	0.09923554956912994	0.5923560857772827	1.2080165147781372	2.0615286827087402	3.2973239421844482	4.966270446777344	6.925128936767578	8.859644889831543	10.45587158203125	11.620108604431152	12.577194213867188	13.735960960388184	15.375940322875977	17.362178802490234	19.107872009277344	19.846513748168945	19.05645179748535	16.766063690185547	13.547308921813965	10.21533203125	7.433145046234131	5.455840110778809	4.131669998168945	3.10667085647583	2.072950601577759	0.9131008386611938	-0.30885782837867737	-1.457274079322815	-2.4393343925476074	-3.2533316612243652	-3.9596879482269287	-4.615040302276611	-5.225513935089111	-5.750405788421631	-6.143065452575684	-6.389438629150391	-6.515924453735352	-6.567711353302002	-6.578062057495117	-6.550271511077881	-6.463550090789795	-6.296990871429443	-6.051974296569824	-5.756186485290527	-5.450429439544678	-5.171818733215332	-4.941102981567383	-4.75294303894043	-4.571651935577393	-4.342709541320801	-4.023408889770508	-3.615720272064209	-3.1739039421081543	-2.7750039100646973	-2.4705617427825928	-2.2556705474853516	-2.0805563926696777	-1.8967167139053345	-1.7006036043167114	-1.5355970859527588
18	std	5.7242631912231445	5.57034969329834	5.438547134399414	5.414066314697266	5.541468620300293	5.769718647003174	5.993235111236572	6.108183860778809	6.04163932800293	5.783799171447754	5.435705184936523	5.176159381866455	5.057652950286865	4.888204097747803	4.459137916564941	3.8166511058807373	3.309325933456421	3.2906253337860107	3.595644474029541	3.7607662677764893	3.571274518966675	3.228339672088623	3.193103075027466	3.575490951538086	4.01969575881958	4.305665969848633	4.4685540199279785	4.586679458618164	4.6829423904418945	4.7924580574035645	4.970067024230957	5.187439441680908	5.333546161651611	5.362209796905518	5.3630242347717285	5.445265769958496	5.601180076599121	5.735694885253906	5.771806716918945	5.695456027984619	5.546313762664795	5.379756450653076	5.230792045593262	5.12311315536499	5.083464622497559	5.103271961212158	5.124504089355469	5.106834411621094	5.060105323791504	4.991913795471191	4.900211811065674	4.831315040588379	4.858175277709961	5.001249313354492	5.225152015686035	5.450094223022461	5.552970886230469	5.466541767120361	5.289889335632324	5.20913028717041	5.294812202453613	5.487665176391602	5.723217964172363	5.935530185699463
19	mean	-1.4136351346969604	-1.2917007207870483	-1.1169718503952026	-0.939565122127533	-0.8114284873008728	-0.7448012232780457	-0.6923812627792358	-0.5699891448020935	-0.309743732213974	0.10030510276556015	0.6360152363777161	1.3215056657791138	2.320876121520996	3.945711612701416	6.519557952880859	10.135703086853027	14.445724487304688	18.64206886291504	21.7060604095459	22.824386596679688	21.75275993347168	18.915416717529297	15.18251895904541	11.457428932189941	8.310747146606445	5.849958896636963	3.854667901992798	2.0454611778259277	0.2992017865180969	-1.3053464889526367	-2.5952816009521484	-3.4541943073272705	-3.9042558670043945	-4.080855369567871	-4.141536712646484	-4.18385124206543	-4.222682952880859	-4.225917339324951	-4.168197154998779	-4.060276985168457	-3.939093589782715	-3.837036371231079	-3.759307384490967	-3.684955358505249	-3.5864360332489014	-3.451491355895996	-3.292597532272339	-3.1390631198883057	-3.0181267261505127	-2.9382970333099365	-2.88590407371521	-2.836271286010742	-2.77128529548645	-2.691235065460205	-2.612826347351074	-2.5543127059936523	-2.5170094966888428	-2.477276563644409	-2.398092746734619	-2.254995822906494	-2.0572640895843506	-1.8473259210586548	-1.6776069402694702	-1.5812828540802002
19	std	4.499677658081055	4.514594554901123	4.520215034484863	4.520834922790527	4.528149604797363	4.543870449066162	4.564877033233643	4.5967631340026855	4.645076274871826	4.721163272857666	4.873929977416992	5.155740737915039	5.487859725952148	5.607861042022705	5.2366623878479	4.342465877532959	3.3620598316192627	3.1017348766326904	3.5404999256134033	3.8095157146453857	3.549701452255249	3.0978400707244873	3.2099153995513916	4.002196311950684	4.837961673736572	5.308365821838379	5.374228477478027	5.1985063552856445	4.965310573577881	4.771912097930908	4.636993408203125	4.550346374511719	4.502933502197266	4.495840072631836	4.519077777862549	4.537491798400879	4.525648593902588	4.496427059173584	4.480438709259033	4.499800205230713	4.5558953285217285	4.617604732513428	4.639382839202881	4.605551242828369	4.537899494171143	4.466419219970703	4.418932914733887	4.415039539337158	4.437722206115723	4.443978309631348	4.423821926116943	4.40963077545166	4.419558048248291	4.437519073486328	4.449233055114746	4.448113918304443	4.416821002960205	4.3500075340271	4.282773017883301	4.266170024871826	4.322744369506836	4.434671878814697	4.560304641723633	4.656912803649902
20	mean	-1.207655668258667	-1.182715892791748	-1.0408308506011963	-0.8144493103027344	-0.562625527381897	-0.30430614948272705	0.019872481003403664	0.513200044631958	1.2298275232315063	2.096757173538208	2.9355688095092773	3.6068503856658936	4.195704936981201	5.086155891418457	6.809731483459473	9.70206069946289	13.566483497619629	17.591733932495117	20.637022018432617	21.75681495666504	20.6619815826416	17.83870506286621	14.264707565307617	10.910357475280762	8.327181816101074	6.534411430358887	5.204482555389404	3.973116159439087	2.6638004779815674	1.3212889432907104	0.0952107310295105	-0.9024105668067932	-1.6638340950012207	-2.2577381134033203	-2.758030652999878	-3.1940553188323975	-3.552370309829712	-3.8139777183532715	-3.9876327514648438	-4.111340522766113	-4.2256293296813965	-4.3446197509765625	-4.448938846588135	-4.503884792327881	-4.486279487609863	-4.398836135864258	-4.2640485763549805	-4.106389045715332	-3.9395060539245605	-3.7672109603881836	-3.5929949283599854	-3.4265763759613037	-3.281012535095215	-3.163485527038574	-3.06795597076416	-2.976346492767334	-2.8691041469573975	-2.7385270595550537	-2.5950512886047363	-2.461432456970215	-2.3590128421783447	-2.2962729930877686	-2.267662763595581	-2.2610692977905273
20	std	4.864022254943848	4.907064914703369	4.902488708496094	4.823758125305176	4.738074779510498	4.742820739746094	4.846123695373535	4.997257709503174	5.196988582611084	5.472141265869141	5.796363353729248	6.116206169128418	6.3548994064331055	6.309671401977539	5.6849141120910645	4.389001369476318	2.972848653793335	2.855102777481079	3.7756507396698	4.206119060516357	3.7942395210266113	3.074991464614868	3.036982297897339	3.796020746231079	4.645646572113037	5.241379737854004	5.535991668701172	5.599944591522217	5.538580894470215	5.413727283477783	5.247593879699707	5.08396053314209	4.980122089385986	4.976197719573975	5.088557720184326	5.264618873596191	5.397074222564697	5.441660404205322	5.4451823234558105	5.444570541381836	5.4230852127075195	5.364505767822266	5.279836177825928	5.195230484008789	5.137303352355957	5.105541229248047	5.078286647796631	5.058028697967529	5.060866832733154	5.0703959465026855	5.050474643707275	4.9805169105529785	4.867604732513428	4.757079124450684	4.705887794494629	4.712920665740967	4.718348979949951	4.678865909576416	4.604453086853027	4.541803359985352	4.5422797203063965	4.611913204193115	4.69605827331543	4.749973773956299
21	mean	-5.0759358406066895	-4.838591575622559	-4.633161544799805	-4.507306098937988	-4.509800910949707	-4.670963287353516	-4.944124698638916	-5.142428398132324	-4.930373191833496	-3.8894588947296143	-1.60552179813385	2.3006958961486816	8.213370323181152	16.527790069580078	27.466121673583984	40.67047882080078	54.80767822265625	67.59178161621094	76.45252227783203	79.59074401855469	76.78434753417969	69.42176055908203	59.76389694213867	49.92333221435547	41.151519775390625	33.73362350463867	27.371068954467773	21.683277130126953	16.507007598876953	11.903345108032227	7.995907783508301	4.8195672035217285	2.277430772781372	0.19315488636493683	-1.6082184314727783	-3.2485623359680176	-4.7933030128479	-6.280759811401367	-7.753196716308594	-9.2633638381958	-10.848715782165527	-12.491741180419922	-14.102747917175293	-15.547764778137207	-16.706981658935547	-17.52408218383789	-18.017105102539062	-18.252059936523438	-18.304906845092773	-18.234169006347656	-18.069862365722656	-17.81564712524414	-17.461254119873047	-17.00065803527832	-16.44953155517578	-15.85462760925293	-15.28417682647705	-14.795602798461914	-14.398150444030762	-14.039690017700195	-13.632336616516113	-13.10413932800293	-12.445538520812988	-11.71999454498291
21	std	4.384462356567383	4.286397933959961	4.362969398498535	4.495176315307617	4.54362678527832	4.446171283721924	4.271227836608887	4.230305194854736	4.43712854385376	4.767509937286377	5.157143592834473	5.663462162017822	6.147703647613525	6.283156871795654	5.914623260498047	5.330041885375977	5.282049655914307	6.183764934539795	7.342172145843506	7.870144844055176	7.439889430999756	6.387328624725342	5.472539901733398	5.250213146209717	5.509366989135742	5.739053249359131	5.671266078948975	5.3111891746521	4.87182092666626	4.6308112144470215	4.653796195983887	4.733739852905273	4.695823669433594	4.585932731628418	4.5252485275268555	4.499808311462402	4.439368724822998	4.378329277038574	4.370606422424316	4.401054382324219	4.487398147583008	4.670082092285156	4.879053592681885	4.993379592895508	4.9911322593688965	4.951146125793457	4.936831951141357	4.92706298828125	4.88952112197876	4.85294771194458	4.8394269943237305	4.798409938812256	4.674009323120117	4.480656623840332	4.298639297485352	4.220643043518066	4.256293773651123	4.315929889678955	4.343450546264648	4.36973762512207	4.417004585266113	4.469849586486816	4.5282182693481445	4.579635143280029
22	mean	-0.4183957576751709	-0.24675436317920685	-0.13242202997207642	-0.13883548974990845	-0.23478637635707855	-0.24548296630382538	0.05727424472570419	0.7210151553153992	1.3924585580825806	1.3631945848464966	0.017908891662955284	-2.4918105602264404	-4.824615478515625	-4.751508712768555	-0.23957273364067078	9.227742195129395	21.958711624145508	34.562774658203125	43.46432113647461	46.53362274169922	43.87810516357422	37.43598175048828	29.77870750427246	22.912696838378906	17.687036514282227	13.922174453735352	10.952764511108398	8.165088653564453	5.270360469818115	2.299976348876953	-0.5436208248138428	-3.042346954345703	-5.056378364562988	-6.55247163772583	-7.58673095703125	-8.262980461120605	-8.68762493133545	-8.939013481140137	-9.061332702636719	-9.07754135131836	-9.006868362426758	-8.873424530029297	-8.702982902526855	-8.515120506286621	-8.318756103515625	-8.115201950073242	-7.905405521392822	-7.694872856140137	-7.491817474365234	-7.300158977508545	-7.113473415374756	-6.915887832641602	-6.691043853759766	-6.433980464935303	-6.157348155975342	-5.88604736328125	-5.643848419189453	-5.439905643463135	-5.264699459075928	-5.098083019256592	-4.923065662384033	-4.735384941101074	-4.542717933654785	-4.3561224937438965
22	std	4.475732803344727	4.481988906860352	4.4762983322143555	4.471408843994141	4.4805145263671875	4.493408203125	4.48996114730835	4.468554973602295	4.460419654846191	4.495460510253906	4.5269694328308105	4.473957538604736	4.407371520996094	4.511606693267822	4.683455467224121	4.564748287200928	4.165219306945801	4.084804534912109	4.533261775970459	4.820852279663086	4.516763687133789	3.9533114433288574	3.801880359649658	4.12859582901001	4.47626256942749	4.645798206329346	4.688992023468018	4.663257598876953	4.591597080230713	4.521728515625	4.494636058807373	4.492616176605225	4.490488529205322	4.502639293670654	4.5315752029418945	4.541514873504639	4.52174711227417	4.5100483894348145	4.52583122253418	4.539318084716797	4.530685901641846	4.52664852142334	4.5506720542907715	4.574429035186768	4.55823278427124	4.512709140777588	4.476777076721191	4.455289363861084	4.428630828857422	4.401082992553711	4.388510227203369	4.385677814483643	4.384902477264404	4.396222114562988	4.426331996917725	4.460901737213135	4.475518703460693	4.458795547485352	4.4263434410095215	4.401986598968506	4.387855052947998	4.37276554107666	4.355875015258789	4.344587326049805
23	mean	-0.9078314900398254	-0.8527283668518066	-0.8099547028541565	-0.8107914924621582	-0.8411017656326294	-0.8187262415885925	-0.6210606694221497	-0.1764960139989853	0.424055814743042	0.896625280380249	0.9059958457946777	0.3594064712524414	-0.32551419734954834	-0.22632308304309845	1.6788994073867798	5.861355304718018	11.75300121307373	17.815351486206055	22.2203426361084	23.755939483642578	22.38897705078125	19.156951904296875	15.517538070678711	12.602652549743652	10.808785438537598	9.874509811401367	9.274727821350098	8.61242961883545	7.771472454071045	6.811317443847656	5.766886234283447	4.545800685882568	2.9984376430511475	1.08100163936615	-1.038339376449585	-3.0263214111328125	-4.555501937866211	-5.474748134613037	-5.861636638641357	-5.936071395874023	-5.915331840515137	-5.915458679199219	-5.94725227355957	-5.976130962371826	-5.97800350189209	-5.9509358406066895	-5.895864963531494	-5.803937911987305	-5.668201923370361	-5.504059314727783	-5.351125717163086	-5.248422145843506	-5.203371047973633	-5.18223762512207	-5.130646228790283	-5.007896423339844	-4.8099164962768555	-4.5673322677612305	-4.324618816375732	-4.116343021392822	-3.9525201320648193	-3.8174309730529785	-3.68111515045166	-3.5177502632141113
23	std	4.441748142242432	4.4278244972229	4.3476481437683105	4.291850566864014	4.382315158843994	4.588047504425049	4.737314224243164	4.74108362197876	4.708919525146484	4.803605556488037	5.054043292999268	5.4914069175720215	6.209545135498047	6.9286956787109375	6.929579257965088	5.711097240447998	3.755589723587036	3.266890048980713	4.615147590637207	5.323757171630859	4.809294700622559	3.7362828254699707	3.2736611366271973	3.745154857635498	4.3899712562561035	4.825835704803467	5.087602138519287	5.309638977050781	5.570087432861328	5.86339807510376	6.114777088165283	6.185817718505859	5.982839107513428	5.655109405517578	5.5780768394470215	5.901144504547119	6.315313339233398	6.482449054718018	6.334555149078369	6.021712779998779	5.76184606552124	5.680505275726318	5.717616081237793	5.728485107421875	5.660891056060791	5.590087413787842	5.588474273681641	5.605964183807373	5.534875392913818	5.346610069274902	5.109614372253418	4.915624618530273	4.833914756774902	4.8944878578186035	5.057831287384033	5.2243242263793945	5.299844741821289	5.262753009796143	5.177587032318115	5.114851951599121	5.069498538970947	5.014642715454102	4.979811191558838	5.006223201751709
24	mean	-2.6799004077911377	-2.6357524394989014	-2.567718744277954	-2.5262041091918945	-2.5387442111968994	-2.574887275695801	-2.5514819622039795	-2.38858962059021	-2.081075668334961	-1.7185001373291016	-1.4031786918640137	-1.0904942750930786	-0.46237319707870483	1.0284417867660522	3.8906171321868896	8.216304779052734	13.435663223266602	18.41482162475586	21.904958724975586	23.10853385925293	22.031831741333008	19.421039581298828	16.338483810424805	13.64680004119873	11.691423416137695	10.316365242004395	9.13182544708252	7.823104381561279	6.312047004699707	4.716945171356201	3.1954588890075684	1.809308648109436	0.5005864500999451	-0.828998327255249	-2.216700792312622	-3.596884250640869	-4.842550277709961	-5.84891939163208	-6.593982219696045	-7.137640476226807	-7.569762706756592	-7.950521945953369	-8.283219337463379	-8.530550956726074	-8.654181480407715	-8.646103858947754	-8.531484603881836	-8.34622573852539	-8.110406875610352	-7.819164276123047	-7.45700740814209	-7.023107528686523	-6.545776844024658	-6.073253631591797	-5.646878719329834	-5.277237892150879	-4.941089630126953	-4.59985876083374	-4.224606990814209	-3.810452461242676	-3.3734357357025146	-2.936058759689331	-2.513875961303711	-2.110769748687744
24	std	4.660235404968262	4.65546178817749	4.636131286621094	4.649768352508545	4.703608512878418	4.769459247589111	4.846501350402832	4.961057186126709	5.135996341705322	5.4101481437683105	5.848264694213867	6.451333522796631	7.030877113342285	7.21985387802124	6.679666042327881	5.40093994140625	3.9754395484924316	3.5071935653686523	3.9873504638671875	4.274280548095703	4.00252628326416	3.5518953800201416	3.506621837615967	3.971590042114258	4.570871353149414	5.005951404571533	5.202939033508301	5.2461934089660645	5.262908458709717	5.318212985992432	5.390450477600098	5.398806571960449	5.267190933227539	5.035723686218262	4.882545471191406	4.917504787445068	5.021032810211182	5.027070045471191	4.913666248321533	4.759828090667725	4.637513637542725	4.5744194984436035	4.557456970214844	4.566949844360352	4.620754241943359	4.738044261932373	4.871788501739502	4.945271968841553	4.939785480499268	4.905666828155518	4.890865325927734	4.882007122039795	4.837364196777344	4.757056713104248	4.683444499969482	4.6416215896606445	4.617143154144287	4.590046405792236	4.5595245361328125	4.540377616882324	4.551215171813965	4.592916011810303	4.636397838592529	4.648728370666504
25	mean	-3.48091459274292	-3.397274971008301	-3.3591349124908447	-3.391192674636841	-3.4882848262786865	-3.5847673416137695	-3.550128221511841	-3.226612091064453	-2.4813551902770996	-1.221601963043213	0.6551026105880737	3.3465001583099365	7.182381629943848	12.521665573120117	19.496822357177734	27.72638702392578	36.20512771606445	43.522850036621094	48.357479095458984	49.98592758178711	48.5245475769043	44.78313064575195	39.848506927490234	34.64755630493164	29.70536231994629	25.162961959838867	20.962488174438477	17.042360305786133	13.427796363830566	10.202658653259277	7.427492618560791	5.083374977111816	3.0778920650482178	1.296400547027588	-0.3449519872665405	-1.8791004419326782	-3.3061816692352295	-4.628867149353027	-5.875614166259766	-7.093206405639648	-8.312228202819824	-9.511672973632812	-10.612814903259277	-11.512130737304688	-12.134343147277832	-12.473390579223633	-12.596139907836914	-12.60480785369873	-12.579652786254883	-12.538496971130371	-12.440427780151367	-12.229351043701172	-11.885788917541504	-11.45376205444336	-11.028350830078125	-10.70899772644043	-10.541022300720215	-10.479413986206055	-10.402442932128906	-10.173765182495117	-9.719910621643066	-9.0764741897583	-8.372109413146973	-7.759104251861572
25	std	4.521492004394531	4.623621940612793	4.71523904800415	4.6718854904174805	4.506268501281738	4.4076995849609375	4.534764766693115	4.769573211669922	4.894214630126953	4.938154697418213	5.168303966522217	5.6824951171875	6.206948757171631	6.371577739715576	5.99738883972168	5.340687274932861	5.228198528289795	6.111749172210693	7.185808181762695	7.5970048904418945	7.157959461212158	6.2370219230651855	5.438998222351074	5.181595802307129	5.36212158203125	5.600439548492432	5.67448616027832	5.597796440124512	5.467962265014648	5.319005012512207	5.133695125579834	4.95874547958374	4.900501728057861	4.9439873695373535	4.920369625091553	4.759331226348877	4.612795352935791	4.619626045227051	4.693681716918945	4.691352844238281	4.603603363037109	4.5300188064575195	4.556350231170654	4.663483619689941	4.764796733856201	4.811511993408203	4.814702033996582	4.797118186950684	4.77857780456543	4.781044006347656	4.793619632720947	4.767764568328857	4.687521457672119	4.596208572387695	4.541356086730957	4.550793170928955	4.635687828063965	4.747534275054932	4.779882907867432	4.669329643249512	4.47639799118042	4.335753440856934	4.320013523101807	4.403872489929199
26	mean	-1.9384961128234863	-1.5966837406158447	-1.2240169048309326	-0.8971734046936035	-0.6496508121490479	-0.4303405284881592	-0.10836198180913925	0.46102264523506165	1.3349132537841797	2.4131417274475098	3.4733755588531494	4.3276872634887695	5.020873069763184	5.920093536376953	7.572369575500488	10.350924491882324	14.093417167663574	18.00330924987793	20.946779251098633	22.006816864013672	20.95920753479004	18.371829986572266	15.275187492370605	12.627325057983398	10.901867866516113	10.011053085327148	9.538559913635254	9.07420539855957	8.426332473754883	7.624189853668213	6.784065246582031	5.9801411628723145	5.213159084320068	4.46707820892334	3.770362615585327	3.1912169456481934	2.7754783630371094	2.496779203414917	2.2717201709747314	2.0251917839050293	1.744799017906189	1.478341817855835	1.2823381423950195	1.1703428030014038	1.1042312383651733	1.028889775276184	0.9104888439178467	0.7391286492347717	0.4978352189064026	0.1383032649755478	-0.39990106225013733	-1.1317816972732544	-1.979115605354309	-2.78303861618042	-3.379814386367798	-3.6873817443847656	-3.7415034770965576	-3.66148042678833	-3.575913190841675	-3.560647964477539	-3.6231465339660645	-3.727721929550171	-3.8315727710723877	-3.906960964202881
26	std	5.764852046966553	5.6384968757629395	5.604402542114258	5.710306167602539	5.8376240730285645	5.837179183959961	5.77729606628418	5.855953216552734	6.073784351348877	6.284995079040527	6.4882731437683105	6.772985458374023	7.028696060180664	6.897016525268555	6.0509033203125	4.535680770874023	3.0818326473236084	3.0222244262695312	3.8578903675079346	4.236398220062256	3.900724411010742	3.3432345390319824	3.391632080078125	4.119838237762451	4.896025657653809	5.392085075378418	5.6097869873046875	5.659294605255127	5.667853355407715	5.727753162384033	5.819321632385254	5.858099937438965	5.812020301818848	5.6936750411987305	5.518039226531982	5.362794399261475	5.352211952209473	5.453904628753662	5.467684268951416	5.307405471801758	5.114206790924072	5.036557674407959	5.029836654663086	4.989117622375488	4.935643672943115	4.969997406005859	5.110812187194824	5.278376579284668	5.427504539489746	5.56502103805542	5.637059211730957	5.594552040100098	5.60469913482666	5.923620700836182	6.45435905456543	6.818589687347412	6.823946952819824	6.600371360778809	6.362254619598389	6.16859245300293	5.990056037902832	5.849794387817383	5.76260232925415	5.684584140777588
27	mean	-2.2642881870269775	-2.1722075939178467	-1.9830046892166138	-1.7577855587005615	-1.5611021518707275	-1.397068738937378	-1.1826838254928589	-0.7911063432693481	-0.14541955292224884	0.7091175317764282	1.6313247680664062	2.521387815475464	3.483711004257202	4.873955726623535	7.137143611907959	10.487407684326172	14.62464714050293	18.70964813232422	21.676307678222656	22.734790802001953	21.771631240844727	19.397472381591797	16.61174964904785	14.293390274047852	12.822427749633789	12.029473304748535	11.44609260559082	10.65009593963623	9.482497215270996	8.04184341430664	6.525143146514893	5.0644001960754395	3.6710634231567383	2.294114351272583	0.9140310883522034	-0.4121014177799225	-1.581508994102478	-2.515075922012329	-3.205857992172241	-3.715210437774658	-4.1288743019104	-4.510005474090576	-4.878320693969727	-5.219487190246582	-5.508565902709961	-5.7293548583984375	-5.881819725036621	-5.978335380554199	-6.033953666687012	-6.057497024536133	-6.049440383911133	-6.007510185241699	-5.935457229614258	-5.846786022186279	-5.758723735809326	-5.679438591003418	-5.599058628082275	-5.492363929748535	-5.333041191101074	-5.1111979484558105	-4.841789245605469	-4.5572919845581055	-4.289104461669922	-4.050998210906982
27	std	4.418546199798584	4.383853912353516	4.377424716949463	4.402717590332031	4.471076488494873	4.614989757537842	4.840385437011719	5.1190619468688965	5.44700813293457	5.860093116760254	6.361944675445557	6.853984355926514	7.134909152984619	6.957955360412598	6.156857967376709	4.851085186004639	3.6830992698669434	3.575362205505371	4.17992639541626	4.486437797546387	4.231115341186523	3.7810733318328857	3.701955556869507	4.0908989906311035	4.5688066482543945	4.871561527252197	4.977184295654297	4.9858717918396	5.003361701965332	5.059605121612549	5.108780384063721	5.098943710327148	5.02923583984375	4.973941326141357	5.051295280456543	5.295644760131836	5.5803141593933105	5.740531921386719	5.72985315322876	5.6380934715271	5.581937789916992	5.5851030349731445	5.585407733917236	5.537970066070557	5.452919960021973	5.344611644744873	5.2099223136901855	5.060435771942139	4.920126438140869	4.789909362792969	4.6556596755981445	4.525187015533447	4.432236671447754	4.407410621643066	4.446876525878906	4.508467674255371	4.549577713012695	4.564606189727783	4.574193477630615	4.587893962860107	4.597436428070068	4.606832027435303	4.640163421630859	4.701663970947266
28	mean	-2.5987184047698975	-2.4409360885620117	-2.221386671066284	-2.022932767868042	-1.8850200176239014	-1.7551161050796509	-1.5097808837890625	-1.041062593460083	-0.3459330201148987	0.4600168764591217	1.2384623289108276	1.9885207414627075	2.963639974594116	4.635404109954834	7.468378067016602	11.593362808227539	16.566593170166016	21.397705078125	24.89010238647461	26.142026901245117	24.93617820739746	21.799654006958008	17.710758209228516	13.635383605957031	10.157711029052734	7.380229473114014	5.08394718170166	2.9916205406188965	0.9552234411239624	-1.015642523765564	-2.841639757156372	-4.471519470214844	-5.911864757537842	-7.188368320465088	-8.295969009399414	-9.191558837890625	-9.834515571594238	-10.233882904052734	-10.456666946411133	-10.587325096130371	-10.67148208618164	-10.687703132629395	-10.565993309020996	-10.237650871276855	-9.682345390319824	-8.94383430480957	-8.10806655883789	-7.261937141418457	-6.460784435272217	-5.72099494934082	-5.03309965133667	-4.379933834075928	-3.7482926845550537	-3.131540298461914	-2.5270817279815674	-1.9339399337768555	-1.3533378839492798	-0.7931193113327026	-0.2729610502719879	0.17733708024024963	0.5308122038841248	0.7800666689872742	0.944413959980011	1.061762809753418
28	std	4.453617095947266	4.480398178100586	4.535604476928711	4.629119396209717	4.747499942779541	4.902763366699219	5.1318230628967285	5.422258377075195	5.706787586212158	5.97763204574585	6.315871238708496	6.736068248748779	7.053472995758057	6.96112585067749	6.247101783752441	5.049377918243408	4.081231594085693	4.18194580078125	4.859327793121338	5.163802146911621	4.883896827697754	4.445074558258057	4.457332134246826	4.982563495635986	5.569602966308594	5.909664154052734	5.9684295654296875	5.819493293762207	5.545327186584473	5.257925510406494	5.062135219573975	4.943665027618408	4.81306266784668	4.660377502441406	4.551713466644287	4.503750324249268	4.469357013702393	4.4225006103515625	4.382044315338135	4.385300636291504	4.472883224487305	4.649299621582031	4.829972267150879	4.889978885650635	4.798871994018555	4.6695475578308105	4.6198272705078125	4.61100435256958	4.532271862030029	4.388787269592285	4.288045883178711	4.262056827545166	4.231878280639648	4.17311429977417	4.167700290679932	4.243224620819092	4.3061203956604	4.305363655090332	4.3226823806762695	4.431385040283203	4.578860282897949	4.696699142456055	4.795022964477539	4.891152858734131
29	mean	-1.2722294330596924	-1.0657837390899658	-0.7865403890609741	-0.5494096279144287	-0.43275392055511475	-0.41723689436912537	-0.38542163372039795	-0.19659626483917236	0.20237983763217926	0.7131438255310059	1.1442997455596924	1.3935062885284424	1.6464470624923706	2.4228169918060303	4.357233047485352	7.780795097351074	12.354076385498047	17.036630630493164	20.49273681640625	21.7326717376709	20.603408813476562	17.82400894165039	14.557624816894531	11.805356979370117	9.989391326904297	8.929788589477539	8.145649909973145	7.2279157638549805	6.042664527893066	4.689511299133301	3.318840980529785	1.9827467203140259	0.6265419721603394	-0.8032201528549194	-2.248868465423584	-3.5325510501861572	-4.456667423248291	-4.930574417114258	-5.025599479675293	-4.925108909606934	-4.815301895141602	-4.794836044311523	-4.854518890380859	-4.923617362976074	-4.938548564910889	-4.885213375091553	-4.794926643371582	-4.709603309631348	-4.649140357971191	-4.603370666503906	-4.546506881713867	-4.45745849609375	-4.331955432891846	-4.183078289031982	-4.033436298370361	-3.903224229812622	-3.7973852157592773	-3.6983864307403564	-3.5727322101593018	-3.392011880874634	-3.1561946868896484	-2.900993585586548	-2.680189847946167	-2.5325679779052734
29	std	4.462423801422119	4.471009731292725	4.4466233253479	4.40480375289917	4.379020690917969	4.414550304412842	4.49948787689209	4.550585746765137	4.539318561553955	4.56247615814209	4.720572471618652	5.010756492614746	5.3545451164245605	5.551485061645508	5.270577430725098	4.3258867263793945	3.1317687034606934	2.943108320236206	3.773280382156372	4.220383167266846	3.8313276767730713	3.062920570373535	2.8573110103607178	3.41188907623291	4.08087682723999	4.576641082763672	4.907998561859131	5.157083988189697	5.4193806648254395	5.720582962036133	5.969186305999756	6.021074295043945	5.7848029136657715	5.353821277618408	5.069126605987549	5.209679126739502	5.58366060256958	5.824535846710205	5.813623905181885	5.650993347167969	5.455981254577637	5.2708964347839355	5.093385696411133	4.937685966491699	4.84611701965332	4.834934234619141	4.859746932983398	4.867305278778076	4.847427845001221	4.809854984283447	4.747354507446289	4.665780544281006	4.62812614440918	4.690392971038818	4.800323963165283	4.856809616088867	4.839723110198975	4.806633472442627	4.801511764526367	4.825992107391357	4.868518352508545	4.911102294921875	4.927999496459961	4.900722503662109
30	mean	-1.2541160583496094	-1.0999685525894165	-0.7423145174980164	-0.3067367374897003	0.0381174199283123	0.21267688274383545	0.32449397444725037	0.6502617597579956	1.4870516061782837	2.9515159130096436	4.861837387084961	6.8086347579956055	8.405622482299805	9.569737434387207	10.621030807495117	12.085689544677734	14.287554740905762	16.990171432495117	19.363208770751953	20.353479385375977	19.25848388671875	16.140066146850586	11.811695098876953	7.414278030395508	3.8589813709259033	1.4716455936431885	0.009303133003413677	-1.0309996604919434	-2.0497872829437256	-3.1513543128967285	-4.188940048217773	-4.955437660217285	-5.359382629394531	-5.475643157958984	-5.467950344085693	-5.466043949127197	-5.492579460144043	-5.477771282196045	-5.331648826599121	-5.013799667358398	-4.5565714836120605	-4.039032459259033	-3.543661117553711	-3.128418207168579	-2.8218774795532227	-2.6299736499786377	-2.5419061183929443	-2.53069806098938	-2.5536110401153564	-2.5597031116485596	-2.5042405128479004	-2.363215208053589	-2.1428263187408447	-1.882144808769226	-1.6462559700012207	-1.5055981874465942	-1.5036561489105225	-1.629343032836914	-1.8159289360046387	-1.9728965759277344	-2.0331315994262695	-1.9859787225723267	-1.8753578662872314	-1.764436960220337
30	std	4.458084583282471	4.381744861602783	4.274240493774414	4.301767826080322	4.394906997680664	4.426528453826904	4.425722122192383	4.4574384689331055	4.51129150390625	4.5736541748046875	4.634861469268799	4.64705753326416	4.576762676239014	4.39530086517334	3.9769270420074463	3.198981523513794	2.3468105792999268	2.3906567096710205	3.199759006500244	3.620359420776367	3.259063959121704	2.5780680179595947	2.6584084033966064	3.4524850845336914	4.0870041847229	4.323807239532471	4.299144744873047	4.177415370941162	4.0545477867126465	3.991410970687866	4.015757083892822	4.088563919067383	4.126945972442627	4.104141712188721	4.08977746963501	4.146355628967285	4.235881805419922	4.2836713790893555	4.289502143859863	4.321412563323975	4.378704071044922	4.360736846923828	4.255064010620117	4.195258617401123	4.22152853012085	4.207930088043213	4.108883380889893	4.020994186401367	4.008998394012451	4.050389289855957	4.102525234222412	4.11807918548584	4.074278354644775	4.005991458892822	3.958099603652954	3.9351179599761963	3.919665813446045	3.9135189056396484	3.939523935317993	3.9850006103515625	4.006527423858643	4.044283866882324	4.186068058013916	4.352713584899902
31	mean	-3.0636258125305176	-3.0317580699920654	-2.9463415145874023	-2.8398051261901855	-2.745750665664673	-2.6702029705047607	-2.584761619567871	-2.4500956535339355	-2.2493112087249756	-1.9879274368286133	-1.6285104751586914	-0.9846107959747314	0.3355747163295746	2.8352224826812744	6.8658833503723145	12.311999320983887	18.4295597076416	24.001882553100586	27.793731689453125	29.08170509338379	27.959150314331055	25.23775863647461	22.011991500854492	19.14883804321289	16.98493003845215	15.352409362792969	13.852060317993164	12.166522979736328	10.230401039123535	8.199308395385742	6.293747901916504	4.6489644050598145	3.2624833583831787	2.0446114540100098	0.9091958403587341	-0.16782842576503754	-1.1528316736221313	-2.001521348953247	-2.7031373977661133	-3.289189338684082	-3.8077147006988525	-4.2893266677856445	-4.7325849533081055	-5.116391181945801	-5.425474166870117	-5.667015075683594	-5.86631965637207	-6.048194408416748	-6.219802379608154	-6.36761999130249	-6.468847274780273	-6.508042812347412	-6.4858527183532715	-6.415538311004639	-6.3119707107543945	-6.181949615478516	-6.021755695343018	-5.822920799255371	-5.582095623016357	-5.308017253875732	-5.020317077636719	-4.740597724914551	-4.481829643249512	-4.2439775466918945
31	std	5.371785640716553	5.326035022735596	5.330432415008545	5.391694068908691	5.487752437591553	5.582971572875977	5.652951240539551	5.725003719329834	5.875534534454346	6.167819499969482	6.617824554443359	7.169036865234375	7.601125717163086	7.5429229736328125	6.749876499176025	5.546108245849609	5.107920169830322	6.093418598175049	7.334667682647705	7.820987701416016	7.419563293457031	6.589526176452637	5.954268932342529	5.781773090362549	5.852170467376709	5.891387939453125	5.829998970031738	5.72934627532959	5.664017200469971	5.667660713195801	5.725311756134033	5.7917585372924805	5.822657585144043	5.803936958312988	5.762851715087891	5.742304801940918	5.757483005523682	5.78684139251709	5.8040289878845215	5.803736209869385	5.799370765686035	5.806462287902832	5.826996803283691	5.846515655517578	5.849544525146484	5.842039108276367	5.853085041046143	5.897873878479004	5.946045398712158	5.956291198730469	5.933511257171631	5.919734001159668	5.93409538269043	5.954212665557861	5.9593119621276855	5.959717273712158	5.970640659332275	5.980343341827393	5.9697113037109375	5.949275016784668	5.946547031402588	5.964102745056152	5.982285022735596	6.000776290893555
32	mean	-2.9592440128326416	-2.796353816986084	-2.5633106231689453	-2.327681541442871	-2.132155418395996	-1.9008684158325195	-1.3971246480941772	-0.2900297939777374	1.6784625053405762	4.515503406524658	7.914796352386475	11.384832382202148	14.518839836120605	17.238914489746094	19.83196258544922	22.71430015563965	26.051721572875977	29.48887062072754	32.197113037109375	33.25075149536133	32.114315032958984	28.941429138183594	24.50460433959961	19.81168556213379	15.653834342956543	12.342941284179688	9.749601364135742	7.552780628204346	5.506105899810791	3.559434175491333	1.8067210912704468	0.34945032000541687	-0.8050559759140015	-1.7483251094818115	-2.6010966300964355	-3.4385695457458496	-4.265053749084473	-5.042442321777344	-5.737817287445068	-6.351507663726807	-6.910800933837891	-7.443104267120361	-7.953810214996338	-8.424057006835938	-8.824392318725586	-9.13121223449707	-9.334781646728516	-9.43811321258545	-9.451478958129883	-9.387575149536133	-9.257568359375	-9.068307876586914	-8.823479652404785	-8.52860164642334	-8.196198463439941	-7.845727443695068	-7.497097969055176	-7.161169528961182	-6.834742546081543	-6.503843784332275	-6.153372287750244	-5.777322292327881	-5.382848739624023	-4.98667573928833
32	std	5.905449867248535	5.982298374176025	6.0620880126953125	6.138836860656738	6.227483749389648	6.361950874328613	6.555546283721924	6.764510154724121	6.934469699859619	7.066364288330078	7.19030237197876	7.292904376983643	7.302384853363037	7.1363420486450195	6.805217742919922	6.550270080566406	6.759368896484375	7.463690757751465	8.184301376342773	8.457462310791016	8.216658592224121	7.7842912673950195	7.559141159057617	7.605694770812988	7.652944564819336	7.473578453063965	7.080962657928467	6.637637138366699	6.281030178070068	6.043767929077148	5.897686958312988	5.814548492431641	5.773573398590088	5.749207973480225	5.721502780914307	5.691844940185547	5.671654224395752	5.661689758300781	5.651583671569824	5.635096549987793	5.624797344207764	5.646887302398682	5.710470676422119	5.789805889129639	5.851644039154053	5.888594150543213	5.913181304931641	5.937763214111328	5.974422454833984	6.031337738037109	6.090539455413818	6.115804672241211	6.104343891143799	6.101098537445068	6.135354042053223	6.1736249923706055	6.163688659667969	6.100050449371338	6.029973030090332	6.0023603439331055	6.015280723571777	6.030201435089111	6.041740417480469	6.108152389526367
33	mean	-6.85389518737793	-6.83455753326416	-6.898077011108398	-7.0297980308532715	-7.137601852416992	-7.069030284881592	-6.7136759757995605	-6.158825397491455	-5.764502048492432	-5.9825029373168945	-6.864625453948975	-7.4767632484436035	-5.677672386169434	1.3159996271133423	15.581436157226562	36.96296691894531	62.31122970581055	86.17323303222656	102.81970977783203	108.62501525878906	103.48857116699219	90.52854919433594	74.33940124511719	58.91122817993164	46.33558654785156	36.757266998291016	29.23023796081543	22.73615264892578	16.772380828857422	11.36594009399414	6.752665042877197	3.062344789505005	0.2039538323879242	-2.0626792907714844	-3.992238998413086	-5.761735439300537	-7.451756000518799	-9.078097343444824	-10.638317108154297	-12.146206855773926	-13.6386079788208	-15.151141166687012	-16.678054809570312	-18.147409439086914	-19.438146591186523	-20.434534072875977	-21.08274269104004	-21.413692474365234	-21.520687103271484	-21.506534576416016	-21.428613662719727	-21.274375915527344	-20.981542587280273	-20.48931121826172	-19.783288955688477	-18.904361724853516	-17.921537399291992	-16.896333694458008	-15.865564346313477	-14.847864151000977	-13.859495162963867	-12.922234535217285	-12.057526588439941	-11.274734497070312
33	std	7.585640907287598	7.481886386871338	7.395712852478027	7.280311584472656	7.120982646942139	7.028871059417725	7.087803363800049	7.223450183868408	7.3553571701049805	7.4902119636535645	7.636453628540039	7.962116718292236	8.840129852294922	10.069245338439941	10.708307266235352	10.291537284851074	9.870881080627441	10.980375289916992	12.860936164855957	13.699150085449219	12.85253620147705	10.95505428314209	9.197786331176758	8.320246696472168	8.085090637207031	7.986340045928955	7.85693359375	7.728723526000977	7.610623359680176	7.463657379150391	7.27244758605957	7.072847366333008	6.919929027557373	6.853405475616455	6.872974872589111	6.924367427825928	6.928986072540283	6.851868629455566	6.744715213775635	6.70106840133667	6.754965305328369	6.862963676452637	6.988830089569092	7.140241622924805	7.327236175537109	7.543274402618408	7.763826370239258	7.914527893066406	7.891765594482422	7.67686653137207	7.404637813568115	7.252213954925537	7.244542598724365	7.253900527954102	7.1953911781311035	7.1337080001831055	7.194235324859619	7.4030866622924805	7.639371395111084	7.7370429039001465	7.61047887802124	7.316871166229248	7.037120342254639	6.9450788497924805
34	mean	-1.46950101852417	-1.2917002439498901	-1.127056360244751	-1.0029228925704956	-0.9110739827156067	-0.7992559671401978	-0.6039342284202576	-0.3203897476196289	-0.058787982910871506	-0.0005620213341899216	-0.20368419587612152	-0.32484108209609985	0.5396153926849365	3.670219898223877	10.140137672424316	20.059724807739258	32.09895324707031	43.6884651184082	51.9415397644043	54.85962677001953	52.14918518066406	45.192012786865234	36.2490119934082	27.410804748535156	19.877405166625977	13.848628044128418	8.912309646606445	4.574944972991943	0.6070094108581543	-2.9172377586364746	-5.79176139831543	-7.879981994628906	-9.212790489196777	-9.962055206298828	-10.348148345947266	-10.55290699005127	-10.67934799194336	-10.759077072143555	-10.786772727966309	-10.754871368408203	-10.672170639038086	-10.56240177154541	-10.450380325317383	-10.347171783447266	-10.245203971862793	-10.125358581542969	-9.970437049865723	-9.775243759155273	-9.547073364257812	-9.296759605407715	-9.029541969299316	-8.74204158782959	-8.427595138549805	-8.08381462097168	-7.716979503631592	-7.339794158935547	-6.9655680656433105	-6.602578639984131	-6.2522172927856445	-5.912099361419678	-5.580932140350342	-5.260710716247559	-4.955289363861084	-4.667608261108398
34	std	6.059410572052002	6.041495323181152	6.064081192016602	6.1149091720581055	6.1656317710876465	6.178612232208252	6.138439655303955	6.077886581420898	6.051610946655273	6.0772318840026855	6.135019302368164	6.24406099319458	6.445469856262207	6.609126567840576	6.414163112640381	5.771020412445068	5.3468427658081055	6.023708820343018	7.216618537902832	7.7532172203063965	7.217719554901123	6.073272705078125	5.33503532409668	5.586452960968018	6.313825607299805	6.947662353515625	7.354545593261719	7.598074913024902	7.7560954093933105	7.863186836242676	7.911002159118652	7.874719619750977	7.737823486328125	7.503256320953369	7.1981048583984375	6.8668975830078125	6.550936222076416	6.272671699523926	6.044378280639648	5.88797664642334	5.827630996704102	5.852508544921875	5.90847110748291	5.942152500152588	5.941686153411865	5.9331889152526855	5.949491024017334	6.000397205352783	6.065279960632324	6.115870952606201	6.145391941070557	6.168099880218506	6.191209316253662	6.203423023223877	6.19681978225708	6.178311347961426	6.150228977203369	6.101405143737793	6.028668403625488	5.951591491699219	5.894323825836182	5.860893249511719	5.840788841247559	5.83114767074585
35	mean	-1.8079320192337036	-1.6868733167648315	-1.5050170421600342	-1.3365274667739868	-1.2452199459075928	-1.2337768077850342	-1.2293678522109985	-1.121780514717102	-0.8312171101570129	-0.34869185090065	0.3056422770023346	1.2042672634124756	2.6275901794433594	5.042641639709473	8.87437629699707	14.150856018066406	20.2475528717041	25.958972930908203	29.941938400268555	31.314834594726562	30.061983108520508	26.996681213378906	23.31522560119629	20.02153205871582	17.552114486694336	15.768975257873535	14.245623588562012	12.615758895874023	10.77119255065918	8.837525367736816	7.008573055267334	5.386229991912842	3.9302217960357666	2.5231802463531494	1.0783119201660156	-0.39313673973083496	-1.7920165061950684	-2.9988977909088135	-3.947711706161499	-4.659926891326904	-5.22506046295166	-5.746834754943848	-6.291360378265381	-6.864659309387207	-7.424121379852295	-7.910159587860107	-8.278801918029785	-8.520246505737305	-8.656322479248047	-8.722457885742188	-8.748055458068848	-8.746726036071777	-8.717727661132812	-8.653700828552246	-8.54787826538086	-8.397974014282227	-8.206613540649414	-7.980288505554199	-7.7271728515625	-7.454696178436279	-7.168264389038086	-6.871371746063232	-6.565927505493164	-6.253228664398193
35	std	5.014708042144775	4.936742782592773	4.879635334014893	4.843661308288574	4.839308738708496	4.883562088012695	4.9549241065979	5.004640102386475	5.021303176879883	5.0771565437316895	5.34079122543335	5.987180709838867	6.965582370758057	7.931387424468994	8.499002456665039	8.562265396118164	8.430459976196289	8.538875579833984	8.888694763183594	9.07759952545166	8.861108779907227	8.357789993286133	7.803359031677246	7.281880855560303	6.758349895477295	6.244150161743164	5.796143054962158	5.432370662689209	5.167552471160889	5.055224418640137	5.070337295532227	5.06948709487915	4.9789228439331055	4.904651165008545	4.9933929443359375	5.246460437774658	5.531050682067871	5.706718921661377	5.710771560668945	5.585981845855713	5.439121246337891	5.349466323852539	5.327913284301758	5.356099605560303	5.418240547180176	5.508730888366699	5.632307052612305	5.765492916107178	5.834895610809326	5.7872538566589355	5.660356044769287	5.5458149909973145	5.495235443115234	5.4875664710998535	5.471772193908691	5.420409679412842	5.344588756561279	5.270973205566406	5.2228102684021	5.201501846313477	5.175122261047363	5.12816858291626	5.100083827972412	5.119266510009766
36	mean	-3.4651260375976562	-3.037364959716797	-2.657701253890991	-2.3986172676086426	-2.260395050048828	-2.159996509552002	-1.9415500164031982	-1.4253654479980469	-0.49795445799827576	0.8236972689628601	2.475576877593994	4.62831974029541	8.009288787841797	13.927621841430664	23.733299255371094	37.81789016723633	54.732200622558594	71.15277099609375	83.00498962402344	87.24359893798828	83.23473358154297	72.89659118652344	59.590152740478516	46.5279655456543	35.62958526611328	27.298295974731445	20.955041885375977	15.794930458068848	11.286423683166504	7.261354446411133	3.742760419845581	0.7424037456512451	-1.8349723815917969	-4.172768592834473	-6.469298362731934	-8.866843223571777	-11.407519340515137	-14.025137901306152	-16.578716278076172	-18.915048599243164	-20.924915313720703	-22.55907440185547	-23.79712677001953	-24.602922439575195	-24.92026710510254	-24.728601455688477	-24.11055564880371	-23.25905990600586	-22.398853302001953	-21.671112060546875	-21.06715202331543	-20.463890075683594	-19.73178482055664	-18.829051971435547	-17.8170166015625	-16.80450439453125	-15.87952709197998	-15.075418472290039	-14.373046875	-13.717392921447754	-13.038625717163086	-12.282623291015625	-11.444976806640625	-10.583535194396973
36	std	5.074764728546143	5.230312824249268	5.6618475914001465	6.059066295623779	6.275888919830322	6.392974853515625	6.601686954498291	7.114806652069092	7.934138298034668	8.794220924377441	9.551301956176758	10.393247604370117	11.302611351013184	11.473163604736328	9.900678634643555	7.234811305999756	8.523401260375977	14.145803451538086	19.002765655517578	20.763656616210938	19.15894889831543	15.306710243225098	10.924908638000488	7.611907482147217	6.198803424835205	6.03282356262207	5.999915599822998	5.802035331726074	5.655949592590332	5.63143253326416	5.525824069976807	5.29446268081665	5.159865856170654	5.229880332946777	5.35452938079834	5.440074443817139	5.5873703956604	5.9057698249816895	6.3605475425720215	6.8517608642578125	7.319421768188477	7.732361316680908	8.043354034423828	8.203336715698242	8.229461669921875	8.215593338012695	8.213428497314453	8.135461807250977	7.846166610717773	7.314944267272949	6.647291660308838	6.013456344604492	5.581057071685791	5.440323352813721	5.47772741317749	5.436636447906494	5.242791652679443	5.130177974700928	5.2512526512146	5.391037464141846	5.380047798156738	5.364337921142578	5.453189373016357	5.470669746398926
37	mean	0.4988776743412018	0.7103967666625977	0.9377288818359375	1.1329079866409302	1.2823829650878906	1.4355354309082031	1.6935604810714722	2.1400036811828613	2.7403101921081543	3.2953085899353027	3.539790153503418	3.3879785537719727	3.1846022605895996	3.740006446838379	6.009189128875732	10.507719993591309	16.797861099243164	23.425676345825195	28.449174880981445	30.30197525024414	28.489883422851562	23.718345642089844	17.425405502319336	11.05303955078125	5.494107246398926	0.9683870077133179	-2.7256758213043213	-5.846423625946045	-8.484971046447754	-10.566182136535645	-11.98656177520752	-12.741358757019043	-12.95001220703125	-12.790216445922852	-12.412630081176758	-11.900242805480957	-11.28560733795166	-10.594510078430176	-9.873475074768066	-9.181445121765137	-8.559152603149414	-8.0059232711792	-7.485264778137207	-6.956985950469971	-6.411127090454102	-5.876363754272461	-5.396783351898193	-4.997678279876709	-4.66591215133667	-4.357631683349609	-4.0272369384765625	-3.657984495162964	-3.2724032402038574	-2.915144443511963	-2.622028112411499	-2.3988988399505615	-2.223606586456299	-2.063882350921631	-1.894890308380127	-1.7081819772720337	-1.5125322341918945	-1.3284167051315308	-1.177782654762268	-1.0725845098495483
37	std	4.684262752532959	4.654667377471924	4.660027503967285	4.724515438079834	4.778255939483643	4.7851972579956055	4.790345191955566	4.813775539398193	4.810065746307373	4.756903171539307	4.705935001373291	4.743823051452637	4.914569854736328	5.113365650177002	5.0656890869140625	4.549577713012695	3.7865514755249023	3.572420120239258	4.08351993560791	4.404603004455566	4.075395584106445	3.526871681213379	3.583641529083252	4.23870325088501	4.866597652435303	5.179530620574951	5.193057060241699	5.030391693115234	4.835155010223389	4.712160110473633	4.683248043060303	4.714191913604736	4.765662670135498	4.802456378936768	4.80427360534668	4.786908149719238	4.771030902862549	4.734358787536621	4.652315616607666	4.570835590362549	4.566680431365967	4.63391637802124	4.689482688903809	4.692809581756592	4.678606033325195	4.663243293762207	4.606918811798096	4.514509677886963	4.476606845855713	4.53063440322876	4.587975025177002	4.589319229125977	4.597438335418701	4.670228481292725	4.759682655334473	4.793809413909912	4.764408588409424	4.708444118499756	4.65687370300293	4.622743606567383	4.615981101989746	4.644684314727783	4.703980922698975	4.775467395782471
38	mean	-2.375439405441284	-2.2564942836761475	-1.9379546642303467	-1.5709874629974365	-1.326158881187439	-1.245365858078003	-1.1399476528167725	-0.6242783069610596	0.6966906785964966	2.973848581314087	5.956313133239746	9.065733909606934	11.701154708862305	13.6018648147583	15.016125679016113	16.520797729492188	18.57199478149414	21.079044342041016	23.313133239746094	24.254663467407227	23.181703567504883	20.124155044555664	15.88715648651123	11.633116722106934	8.297676086425781	6.19935417175293	5.040968418121338	4.231867790222168	3.2798149585723877	2.014036178588867	0.5601847767829895	-0.8413117527961731	-2.012824296951294	-2.906151294708252	-3.561103582382202	-4.0327582359313965	-4.358242034912109	-4.574242115020752	-4.744434833526611	-4.954636096954346	-5.272427082061768	-5.701881408691406	-6.168640613555908	-6.550222396850586	-6.73690938949585	-6.687771797180176	-6.448941707611084	-6.1248955726623535	-5.821447849273682	-5.595448017120361	-5.440454959869385	-5.312278747558594	-5.172050476074219	-5.016322135925293	-4.875053405761719	-4.781124591827393	-4.737416744232178	-4.70872688293457	-4.641541004180908	-4.49298095703125	-4.251893043518066	-3.945850372314453	-3.6317853927612305	-3.3728294372558594
38	std	4.702478408813477	4.8404645919799805	4.803554534912109	4.631519317626953	4.639934062957764	4.9369587898254395	5.271512031555176	5.533967018127441	5.877780914306641	6.325402736663818	6.6571736335754395	6.728835105895996	6.609208106994629	6.396862506866455	6.0443034172058105	5.48067045211792	4.899473190307617	4.72824239730835	4.986964702606201	5.15118932723999	4.890544891357422	4.379720687866211	4.0456013679504395	4.060983657836914	4.214468479156494	4.313896179199219	4.3754143714904785	4.487855434417725	4.60841178894043	4.580634593963623	4.356767177581787	4.060267925262451	3.8412270545959473	3.809577465057373	4.021852970123291	4.370768070220947	4.6564154624938965	4.778096675872803	4.758427619934082	4.6596574783325195	4.54443883895874	4.477869987487793	4.50031042098999	4.597157955169678	4.710012435913086	4.771466255187988	4.759244441986084	4.729861736297607	4.742385387420654	4.748152732849121	4.658168315887451	4.519162178039551	4.49574089050293	4.625553607940674	4.757907867431641	4.772885799407959	4.700928211212158	4.650147438049316	4.660504341125488	4.653863906860352	4.573347568511963	4.486694812774658	4.462017059326172	4.466954708099365
39	mean	-2.168658971786499	-2.120051622390747	-2.0871613025665283	-2.1120688915252686	-2.190694808959961	-2.2610135078430176	-2.247488498687744	-2.1410105228424072	-2.046175956726074	-2.122612476348877	-2.410318613052368	-2.634807825088501	-2.1552865505218506	-0.17170336842536926	3.852735996246338	9.77236557006836	16.618389129638672	22.881576538085938	27.11298179626465	28.532711029052734	27.320682525634766	24.44389533996582	21.138866424560547	18.347980499267578	16.40424919128418	15.081640243530273	13.909453392028809	12.520378112792969	10.833366394042969	9.011822700500488	7.285194396972656	5.780919075012207	4.47205114364624	3.244783878326416	2.0093634128570557	0.7660683989524841	-0.41005975008010864	-1.4364007711410522	-2.282578229904175	-2.982124090194702	-3.5987648963928223	-4.181222915649414	-4.73967170715332	-5.253309726715088	-5.695034980773926	-6.052055358886719	-6.329960823059082	-6.543108940124512	-6.702248573303223	-6.808225631713867	-6.854997634887695	-6.838416576385498	-6.764990329742432	-6.654449462890625	-6.533390998840332	-6.422694683074951	-6.324822902679443	-6.220486640930176	-6.080484867095947	-5.887246131896973	-5.649936676025391	-5.400563716888428	-5.1736578941345215	-4.986388206481934
39	std	5.0532002449035645	4.936765193939209	4.793691158294678	4.687061786651611	4.619917869567871	4.5901031494140625	4.626548767089844	4.738273620605469	4.884200572967529	5.056305885314941	5.426248550415039	6.238603591918945	7.31941556930542	8.003263473510742	7.662245750427246	6.198703765869141	4.3072028160095215	3.45511794090271	3.9619710445404053	4.3247809410095215	4.020222187042236	3.470327138900757	3.3539621829986572	3.770721197128296	4.2717719078063965	4.597513675689697	4.767360687255859	4.878420829772949	4.968921184539795	5.0376296043396	5.097965717315674	5.156418323516846	5.194632053375244	5.208888053894043	5.225230693817139	5.25725793838501	5.284852504730225	5.289912700653076	5.288819789886475	5.311794281005859	5.356613636016846	5.3879828453063965	5.38746976852417	5.378457069396973	5.3892693519592285	5.406411170959473	5.386847019195557	5.31551456451416	5.229648590087891	5.17987060546875	5.184667110443115	5.232586860656738	5.300825595855713	5.35353946685791	5.352540016174316	5.290985107421875	5.201566696166992	5.12635612487793	5.091770648956299	5.106037139892578	5.155120372772217	5.200639247894287	5.205482482910156	5.172693729400635
40	mean	-2.049922227859497	-1.9495593309402466	-1.5265244245529175	-0.9158461689949036	-0.3438170254230499	0.01179004181176424	0.1377164125442505	0.19175659120082855	0.39581260085105896	0.9009904861450195	1.7347912788391113	2.877495527267456	4.406008720397949	6.568345069885254	9.679351806640625	13.857157707214355	18.761363983154297	23.53498077392578	27.04508399963379	28.326648712158203	26.99474334716797	23.401630401611328	18.46554183959961	13.276418685913086	8.69006633758545	5.1005635261535645	2.4604947566986084	0.4789370596408844	-1.144028663635254	-2.569182872772217	-3.80208158493042	-4.771799087524414	-5.425507068634033	-5.777219772338867	-5.899042129516602	-5.882321834564209	-5.802637577056885	-5.704986095428467	-5.6064629554748535	-5.507940769195557	-5.406390190124512	-5.300250053405762	-5.1855316162109375	-5.050755023956299	-4.8802690505981445	-4.664669036865234	-4.4080071449279785	-4.125462532043457	-3.8364381790161133	-3.5604822635650635	-3.3158257007598877	-3.1168503761291504	-2.971414566040039	-2.879763126373291	-2.832869052886963	-2.810481309890747	-2.7848002910614014	-2.7316904067993164	-2.6421775817871094	-2.5262959003448486	-2.4073173999786377	-2.310150384902954	-2.2512478828430176	-2.2344536781311035
40	std	5.418763637542725	5.335328578948975	5.177225112915039	4.945130825042725	4.81500768661499	4.941535949707031	5.224806308746338	5.453945159912109	5.547438621520996	5.538738250732422	5.465436935424805	5.404314041137695	5.477906703948975	5.590328216552734	5.356980800628662	4.521578788757324	3.3887441158294678	2.9045095443725586	3.323002576828003	3.601343870162964	3.270357608795166	2.8253180980682373	3.225480079650879	4.234188556671143	5.028393745422363	5.319981098175049	5.221869468688965	4.970281600952148	4.733023166656494	4.565694808959961	4.45993185043335	4.401564121246338	4.388761043548584	4.424088954925537	4.531235218048096	4.70996618270874	4.853351593017578	4.848759174346924	4.766964435577393	4.824318885803223	5.103808403015137	5.450527191162109	5.670139789581299	5.686304092407227	5.558416366577148	5.421321392059326	5.374932765960693	5.398989200592041	5.4036407470703125	5.3542962074279785	5.28841495513916	5.23068904876709	5.182690143585205	5.1781415939331055	5.248632907867432	5.362478733062744	5.452141761779785	5.463932037353516	5.389621257781982	5.278754711151123	5.194376468658447	5.161985397338867	5.182093143463135	5.240795135498047
41	mean	-1.2731168270111084	-1.1422985792160034	-1.0360838174819946	-0.9472134113311768	-0.8100162148475647	-0.5277129411697388	-0.08686130493879318	0.3047622740268707	0.20422689616680145	-0.8346723914146423	-2.830059051513672	-5.003782749176025	-5.817088603973389	-3.562653064727783	2.7140254974365234	12.495951652526855	23.777095794677734	33.839473724365234	40.4109001159668	42.553955078125	40.836891174316406	36.799896240234375	32.11311721801758	27.906240463256836	24.543962478637695	21.818649291992188	19.328426361083984	16.79166603088379	14.163223266601562	11.569580078125	9.166522026062012	7.028398513793945	5.12263298034668	3.3563544750213623	1.646754264831543	-0.03243221342563629	-1.6496622562408447	-3.1503183841705322	-4.498404502868652	-5.6976470947265625	-6.7831711769104	-7.795253276824951	-8.754061698913574	-9.648797035217285	-10.444225311279297	-11.099828720092773	-11.589957237243652	-11.914141654968262	-12.092388153076172	-12.152434349060059	-12.117597579956055	-12.002874374389648	-11.818378448486328	-11.575966835021973	-11.29187297821045	-10.982880592346191	-10.66005802154541	-10.326077461242676	-9.978080749511719	-9.613499641418457	-9.233041763305664	-8.839949607849121	-8.43647575378418	-8.02178955078125
41	std	5.637148857116699	5.683994293212891	5.771292209625244	5.9023027420043945	6.013424396514893	6.064159393310547	6.081626892089844	6.122344493865967	6.220921516418457	6.354424953460693	6.505825996398926	6.815361976623535	7.4266180992126465	8.028726577758789	7.99827241897583	7.147236347198486	6.274934768676758	6.524567604064941	7.454470157623291	7.888422012329102	7.525026798248291	6.82583475112915	6.37135124206543	6.310001373291016	6.4038190841674805	6.41819953918457	6.282691478729248	6.054647922515869	5.820852756500244	5.626043319702148	5.486794471740723	5.420617580413818	5.423128128051758	5.454285144805908	5.476366996765137	5.482276916503906	5.476613998413086	5.454988479614258	5.418668270111084	5.3954925537109375	5.4189581871032715	5.476159572601318	5.506223201751709	5.469988822937012	5.393787860870361	5.330167293548584	5.3037614822387695	5.306325435638428	5.311759948730469	5.298127174377441	5.2841315269470215	5.323064804077148	5.433342933654785	5.558544635772705	5.612678050994873	5.550059795379639	5.401919841766357	5.261080265045166	5.209790229797363	5.249671936035156	5.321943283081055	5.384547233581543	5.443036079406738	5.513622283935547
42	mean	-1.7469069957733154	-1.6710081100463867	-1.5343432426452637	-1.4053606986999512	-1.355016827583313	-1.4036093950271606	-1.494704008102417	-1.5237444639205933	-1.4098511934280396	-1.1522877216339111	-0.8005511164665222	-0.32295554876327515	0.5386962294578552	2.2761309146881104	5.388514995574951	10.000144958496094	15.565052032470703	20.912752151489258	24.693927764892578	26.00510597229004	24.817392349243164	21.944744110107422	18.58149528503418	15.707133293151855	13.70991039276123	12.402257919311523	11.33725643157959	10.170434951782227	8.838187217712402	7.490370273590088	6.2896881103515625	5.25455379486084	4.253057956695557	3.1264543533325195	1.829506754875183	0.4781807065010071	-0.7234364748001099	-1.6147394180297852	-2.1729252338409424	-2.5122296810150146	-2.801581382751465	-3.165308713912964	-3.631643056869507	-4.149282932281494	-4.643253803253174	-5.063686847686768	-5.400216102600098	-5.666073799133301	-5.874494552612305	-6.027512073516846	-6.120608806610107	-6.1541666984558105	-6.1414055824279785	-6.107489585876465	-6.078567028045654	-6.066191673278809	-6.057399272918701	-6.019711017608643	-5.920785427093506	-5.750363349914551	-5.528035640716553	-5.2903900146484375	-5.0669121742248535	-4.863567352294922
42	std	5.00509786605835	4.907714366912842	4.79442024230957	4.712086200714111	4.660132884979248	4.6639933586120605	4.739415645599365	4.844959735870361	4.94223165512085	5.0285749435424805	5.131874084472656	5.344324111938477	5.71390438079834	6.008608341217041	5.809928894042969	4.933633327484131	3.8279905319213867	3.552070140838623	4.150592803955078	4.502435207366943	4.186157703399658	3.621169090270996	3.5333926677703857	3.968210458755493	4.404896259307861	4.618715763092041	4.690065860748291	4.7361273765563965	4.7957916259765625	4.869421482086182	4.946664333343506	4.997480392456055	5.011122703552246	5.061835765838623	5.2851715087890625	5.706401824951172	6.13319206237793	6.32094144821167	6.19473934173584	5.882314682006836	5.565764904022217	5.337197780609131	5.208070755004883	5.1695733070373535	5.185566425323486	5.202957630157471	5.209679126739502	5.235132217407227	5.279156684875488	5.282397270202637	5.191711902618408	5.046034336090088	4.974199295043945	5.062960147857666	5.2442731857299805	5.37246036529541	5.363430976867676	5.23354959487915	5.0670294761657715	4.96476936340332	4.965114593505859	4.997255325317383	4.970164775848389	4.898087024688721
43	mean	-1.1863194704055786	-1.1354106664657593	-1.0646934509277344	-0.9966169595718384	-0.9478543400764465	-0.9031767845153809	-0.8165884017944336	-0.6545649170875549	-0.4539165198802948	-0.3290582001209259	-0.3769121468067169	-0.5068456530570984	-0.3165465295314789	0.842758297920227	3.564882278442383	7.9765119552612305	13.469056129455566	18.799474716186523	22.577648162841797	23.895938873291016	22.73573875427246	19.912769317626953	16.611055374145508	13.800527572631836	11.870159149169922	10.63772964477539	9.650477409362793	8.539496421813965	7.209234714508057	5.795084476470947	4.4837164878845215	3.355772018432617	2.3526666164398193	1.3595961332321167	0.31780701875686646	-0.7244407534599304	-1.6529268026351929	-2.3767924308776855	-2.8914356231689453	-3.2721567153930664	-3.614973306655884	-3.9760751724243164	-4.351189136505127	-4.698967456817627	-4.982152462005615	-5.194519996643066	-5.358954429626465	-5.5045905113220215	-5.644669055938721	-5.770988464355469	-5.8640031814575195	-5.908024787902832	-5.901369094848633	-5.856802463531494	-5.79228401184082	-5.7183637619018555	-5.631780624389648	-5.520114421844482	-5.373568534851074	-5.193115711212158	-4.989444255828857	-4.775881767272949	-4.561828136444092	-4.350588798522949
43	std	4.217512130737305	4.149806499481201	4.0883893966674805	4.079499244689941	4.120683670043945	4.180891990661621	4.238363742828369	4.283153533935547	4.313207626342773	4.3265156745910645	4.321216106414795	4.360099792480469	4.56892728805542	4.888014793395996	4.969110488891602	4.542888164520264	3.8537633419036865	3.6441218852996826	4.052094459533691	4.324171543121338	4.081488132476807	3.6160078048706055	3.4727847576141357	3.7368743419647217	4.053314685821533	4.2280592918396	4.293120384216309	4.321669101715088	4.345595836639404	4.3786492347717285	4.420938491821289	4.435328006744385	4.383762359619141	4.314022064208984	4.363831996917725	4.60085916519165	4.896882057189941	5.053781986236572	4.996287822723389	4.819313049316406	4.670334815979004	4.589925765991211	4.524583339691162	4.467841625213623	4.463991641998291	4.493768215179443	4.49169397354126	4.4575276374816895	4.438455104827881	4.429336071014404	4.379614353179932	4.284032344818115	4.214135646820068	4.243150234222412	4.345510482788086	4.4244465827941895	4.4272565841674805	4.372025012969971	4.295962333679199	4.238541126251221	4.242176055908203	4.304506778717041	4.3530354499816895	4.325472354888916
44	mean	-2.02868390083313	-1.8680051565170288	-1.4759670495986938	-0.9483442306518555	-0.42221537232398987	0.023320568725466728	0.44184431433677673	1.0139561891555786	1.948431372642517	3.335813522338867	5.049975395202637	6.791806221008301	8.286102294921875	9.51551628112793	10.804101943969727	12.629852294921875	15.23645305633545	18.2984561920166	20.911645889282227	21.984413146972656	20.82219886779785	17.538307189941406	13.023625373840332	8.498271942138672	4.936578750610352	2.7069342136383057	1.5862338542938232	1.0546038150787354	0.6352657675743103	0.0852346271276474	-0.6093776822090149	-1.3508081436157227	-2.044477939605713	-2.647892475128174	-3.1611223220825195	-3.599634885787964	-3.9783806800842285	-4.308898448944092	-4.598276138305664	-4.845231056213379	-5.0393900871276855	-5.170198440551758	-5.241461277008057	-5.277214527130127	-5.309256553649902	-5.353343486785889	-5.392663955688477	-5.38208532333374	-5.272757530212402	-5.0425543785095215	-4.712475299835205	-4.33764123916626	-3.980541944503784	-3.6865007877349854	-3.4752068519592285	-3.3457682132720947	-3.28351092338562	-3.2631635665893555	-3.252546548843384	-3.220968723297119	-3.1482841968536377	-3.0281245708465576	-2.865354537963867	-2.6741888523101807
44	std	4.753286838531494	4.713727951049805	4.638210296630859	4.623673915863037	4.674190521240234	4.736640453338623	4.825820446014404	5.0194830894470215	5.3148369789123535	5.5736212730407715	5.651503086090088	5.547473430633545	5.398634433746338	5.269417762756348	4.984740734100342	4.335380554199219	3.4851419925689697	3.111712694168091	3.4368884563446045	3.6855618953704834	3.450087070465088	3.1326727867126465	3.405061960220337	4.099276065826416	4.630720615386963	4.808180809020996	4.772163391113281	4.718686103820801	4.729185581207275	4.779980659484863	4.799286842346191	4.73139762878418	4.612023830413818	4.534153938293457	4.517601013183594	4.49907922744751	4.448538303375244	4.39860725402832	4.368268966674805	4.3359270095825195	4.297911643981934	4.29599666595459	4.367832660675049	4.48436975479126	4.560135841369629	4.5469489097595215	4.501323699951172	4.515803337097168	4.587736129760742	4.627695083618164	4.576662540435791	4.460266590118408	4.358723163604736	4.312349319458008	4.256170272827148	4.137638568878174	4.049557209014893	4.100623607635498	4.228482723236084	4.32550048828125	4.399988174438477	4.487589359283447	4.559543609619141	4.590554714202881
45	mean	-1.7217650413513184	-1.586524248123169	-1.339023232460022	-1.0254443883895874	-0.7311083674430847	-0.5024877190589905	-0.2765384018421173	0.1195981353521347	0.8789070248603821	2.0869596004486084	3.6540374755859375	5.379110813140869	7.125472545623779	8.984649658203125	11.273956298828125	14.304891586303711	18.041040420532227	21.89491081237793	24.865415573120117	25.992145538330078	24.8669376373291	21.874736785888672	18.004127502441406	14.34563159942627	11.588505744934082	9.803356170654297	8.592303276062012	7.452297687530518	6.094697952270508	4.542464256286621	3.0042407512664795	1.665553092956543	0.5568202137947083	-0.4307722747325897	-1.4274801015853882	-2.472033739089966	-3.485168218612671	-4.334746360778809	-4.932589530944824	-5.291309356689453	-5.508914947509766	-5.701696395874023	-5.935404300689697	-6.198101043701172	-6.425375938415527	-6.554006576538086	-6.564437389373779	-6.487026691436768	-6.374940395355225	-6.26775598526001	-6.17074728012085	-6.06062126159668	-5.911136627197266	-5.718942642211914	-5.510909557342529	-5.326679229736328	-5.190372467041016	-5.092647075653076	-4.995511054992676	-4.8554205894470215	-4.648849010467529	-4.384117603302002	-4.092808246612549	-3.8084611892700195
45	std	5.200420379638672	5.238308429718018	5.248745918273926	5.248818874359131	5.3074822425842285	5.481821537017822	5.771835803985596	6.160028457641602	6.617277145385742	7.060694217681885	7.396712303161621	7.594258785247803	7.624897003173828	7.346199989318848	6.572142124176025	5.344557285308838	4.205397605895996	3.9935102462768555	4.51292085647583	4.803462028503418	4.5185322761535645	3.9976937770843506	3.87499737739563	4.325089931488037	4.926854610443115	5.335897445678711	5.475430011749268	5.432120323181152	5.359078407287598	5.378830432891846	5.482890605926514	5.54249382019043	5.470255374908447	5.353326320648193	5.3730082511901855	5.576480388641357	5.825455188751221	5.961925983428955	5.920786380767822	5.7368340492248535	5.513222694396973	5.360824108123779	5.3240180015563965	5.354480743408203	5.357601642608643	5.27608585357666	5.1506781578063965	5.081322193145752	5.109672546386719	5.185181617736816	5.245375156402588	5.262970924377441	5.234592914581299	5.17470121383667	5.108457088470459	5.057897090911865	5.037094593048096	5.041199684143066	5.045770645141602	5.040934085845947	5.0436859130859375	5.059967517852783	5.078614234924316	5.153458118438721
46	mean	-2.6532223224639893	-2.5705854892730713	-2.4818856716156006	-2.4005489349365234	-2.3106839656829834	-2.1971843242645264	-2.114140272140503	-2.2383296489715576	-2.8354783058166504	-4.0986328125	-5.904253005981445	-7.63153076171875	-8.221966743469238	-6.555724620819092	-2.02048397064209	5.025749683380127	13.204133033752441	20.58175277709961	25.456340789794922	27.05019187927246	25.743881225585938	22.749032974243164	19.444110870361328	16.761547088623047	14.932881355285645	13.645916938781738	12.428497314453125	10.988242149353027	9.331336975097656	7.659379959106445	6.177641868591309	4.963597774505615	3.96048903465271	3.0586090087890625	2.1814284324645996	1.3184891939163208	0.503989577293396	-0.2230377495288849	-0.8446754217147827	-1.368335247039795	-1.817639946937561	-2.2189834117889404	-2.5890073776245117	-2.92866849899292	-3.2286062240600586	-3.4819726943969727	-3.692352771759033	-3.8693273067474365	-4.018242835998535	-4.136749744415283	-4.221926689147949	-4.279646396636963	-4.324939727783203	-4.370076656341553	-4.409397125244141	-4.415943145751953	-4.357537269592285	-4.222900390625	-4.037601947784424	-3.855238199234009	-3.7290565967559814	-3.6838996410369873	-3.705449342727661	-3.7492551803588867
46	std	4.910281658172607	4.813902378082275	4.720516681671143	4.727554798126221	4.837217807769775	4.939363479614258	4.970962047576904	4.982366561889648	5.049933433532715	5.217202663421631	5.511552810668945	5.9248504638671875	6.341666221618652	6.494936943054199	6.062653064727783	4.959405899047852	3.739959239959717	3.5939927101135254	4.361107349395752	4.764035701751709	4.415385723114014	3.7413721084594727	3.45155930519104	3.693251132965088	4.051375865936279	4.317474365234375	4.51357889175415	4.6845316886901855	4.853726863861084	5.00924015045166	5.104091167449951	5.134109973907471	5.170443534851074	5.274864196777344	5.427306175231934	5.552492618560791	5.5887603759765625	5.539466381072998	5.460901737213135	5.3886847496032715	5.31627893447876	5.259001731872559	5.248340606689453	5.243996620178223	5.182241916656494	5.115635395050049	5.147617340087891	5.24606990814209	5.289849281311035	5.228514671325684	5.10416841506958	5.023935317993164	5.093886852264404	5.2576680183410645	5.308267593383789	5.1422624588012695	4.89509391784668	4.776004314422607	4.8120198249816895	4.875296592712402	4.883810520172119	4.848268508911133	4.809831142425537	4.792673110961914
47	mean	-3.3325226306915283	-3.074291944503784	-2.8186779022216797	-2.6567790508270264	-2.615753173828125	-2.5988194942474365	-2.4338929653167725	-2.049816370010376	-1.6608085632324219	-1.741008996963501	-2.6436846256256104	-3.9872806072235107	-4.237028121948242	-0.9857781529426575	7.9116950035095215	22.843467712402344	41.54853439331055	59.616268157958984	72.31714630126953	76.75169372558594	73.023193359375	63.8019905090332	52.714900970458984	42.63487243652344	34.792457580566406	28.95240020751953	24.235538482666016	19.92679214477539	15.828784942626953	12.13420581817627	9.083955764770508	6.7116217613220215	4.811367034912109	3.0766093730926514	1.2713559865951538	-0.6786597967147827	-2.709477424621582	-4.712810516357422	-6.62451696395874	-8.460204124450684	-10.295991897583008	-12.21652889251709	-14.256672859191895	-16.360748291015625	-18.380359649658203	-20.12333106994629	-21.435314178466797	-22.26296615600586	-22.657733917236328	-22.72791862487793	-22.578258514404297	-22.271595001220703	-21.826082229614258	-21.240459442138672	-20.5241756439209	-19.71120834350586	-18.85154151916504	-17.989452362060547	-17.144577026367188	-16.309717178344727	-15.46567153930664	-14.597164154052734	-13.692166328430176	-12.72779655456543
47	std	5.123069763183594	5.1407012939453125	4.931424140930176	4.716699600219727	4.782632827758789	5.117211818695068	5.446483135223389	5.587708950042725	5.577305793762207	5.511346340179443	5.461563587188721	5.803372859954834	7.03926420211792	8.657953262329102	9.419600486755371	8.565447807312012	6.601418972015381	5.555257320404053	6.3915019035339355	7.052767276763916	6.513845443725586	5.46180534362793	5.154421806335449	5.654490947723389	6.097052097320557	6.13523006439209	5.893244743347168	5.6191325187683105	5.478991985321045	5.454848766326904	5.452647686004639	5.426251411437988	5.351484298706055	5.239072799682617	5.170569896697998	5.200016975402832	5.277656555175781	5.350119113922119	5.437793254852295	5.557345867156982	5.6657233238220215	5.7398905754089355	5.8194379806518555	5.925143241882324	6.024014472961426	6.083606719970703	6.081985950469971	5.98392915725708	5.759423732757568	5.4466400146484375	5.196921348571777	5.178969860076904	5.372889995574951	5.5828399658203125	5.66992712020874	5.647467613220215	5.614620208740234	5.701577663421631	5.990818977355957	6.364387512207031	6.54749870300293	6.374415874481201	5.962916851043701	5.6428022384643555
48	mean	-2.836834669113159	-2.8345749378204346	-2.903712034225464	-3.030161142349243	-3.103022813796997	-2.972611904144287	-2.608945369720459	-2.2726874351501465	-2.528834581375122	-3.967944860458374	-6.687870979309082	-9.833455085754395	-11.59278392791748	-9.858814239501953	-3.33475661277771	7.533980369567871	20.447240829467773	32.1446647644043	39.83543395996094	42.33750915527344	40.31972885131836	35.64033126831055	30.29225730895996	25.58241081237793	21.8953800201416	18.975465774536133	16.398921966552734	13.910367012023926	11.496131896972656	9.269274711608887	7.323064804077148	5.660417079925537	4.21170711517334	2.89285945892334	1.6518892049789429	0.4797893166542053	-0.6085056662559509	-1.6018062829971313	-2.5082688331604004	-3.35036563873291	-4.146798133850098	-4.898075103759766	-5.587275981903076	-6.193399429321289	-6.7051167488098145	-7.124273300170898	-7.45943546295166	-7.717441558837891	-7.900878429412842	-8.013273239135742	-8.06578540802002	-8.076261520385742	-8.059650421142578	-8.019318580627441	-7.947350025177002	-7.831880569458008	-7.665370464324951	-7.449970245361328	-7.197950839996338	-6.9267401695251465	-6.651792049407959	-6.381855487823486	-6.11955451965332	-5.864871501922607
48	std	4.982723712921143	5.028345584869385	5.021904468536377	4.972582817077637	4.91539192199707	4.8499674797058105	4.7412872314453125	4.637924671173096	4.688432216644287	4.897164344787598	5.034024715423584	5.028949737548828	5.258122444152832	5.923469543457031	6.412013053894043	6.049222469329834	4.975192070007324	4.290214538574219	4.610164165496826	4.922581195831299	4.602605819702148	4.0472917556762695	3.951242208480835	4.347319602966309	4.793346405029297	5.045949935913086	5.077725887298584	4.974198818206787	4.878139972686768	4.871545791625977	4.895138263702393	4.876978397369385	4.870082855224609	4.93473482131958	4.987951755523682	4.940401554107666	4.845067501068115	4.785411357879639	4.761999130249023	4.7673234939575195	4.804220199584961	4.8228373527526855	4.7839531898498535	4.726476669311523	4.6974616050720215	4.695193767547607	4.700673580169678	4.70050048828125	4.698188304901123	4.7204132080078125	4.7837300300598145	4.874617576599121	4.961083889007568	4.999451637268066	4.962379455566406	4.865926265716553	4.742985725402832	4.628627300262451	4.590868949890137	4.685545444488525	4.858516216278076	4.984323501586914	4.9903106689453125	4.911444187164307
49	mean	-2.011279821395874	-1.7710133790969849	-1.490448236465454	-1.2363345623016357	-1.0249629020690918	-0.7973363995552063	-0.44250330328941345	0.14810116589069366	1.0411814451217651	2.272754669189453	3.907719612121582	6.111664772033691	9.177988052368164	13.452163696289062	19.135272979736328	26.031879425048828	33.39044952392578	39.9921989440918	44.52578353881836	46.09247970581055	44.57426834106445	40.65565490722656	35.484649658203125	30.16468048095703	25.36211585998535	21.220726013183594	17.56121063232422	14.171911239624023	10.986898422241211	8.075743675231934	5.519517421722412	3.308288812637329	1.338672161102295	-0.509746253490448	-2.297750234603882	-4.013558864593506	-5.6229047775268555	-7.124321937561035	-8.55589485168457	-9.953697204589844	-11.305082321166992	-12.538890838623047	-13.560754776000977	-14.305624008178711	-14.769523620605469	-15.00246524810791	-15.071722984313965	-15.023436546325684	-14.870443344116211	-14.609429359436035	-14.243157386779785	-13.788098335266113	-13.271357536315918	-12.728379249572754	-12.200661659240723	-11.724899291992188	-11.314115524291992	-10.94432258605957	-10.560562133789062	-10.100975036621094	-9.526527404785156	-8.841495513916016	-8.092813491821289	-7.347779273986816
49	std	5.573445796966553	5.576976299285889	5.416576385498047	5.208071231842041	5.169276237487793	5.410592079162598	5.902173042297363	6.486968040466309	6.928751468658447	7.130127906799316	7.274853229522705	7.583837985992432	7.913902759552002	7.84074592590332	7.128303050994873	6.09581184387207	5.63839054107666	6.230323791503906	7.1054887771606445	7.477327823638916	7.242565155029297	6.858518600463867	6.9202656745910645	7.510293483734131	8.151206970214844	8.414801597595215	8.22136402130127	7.7448248863220215	7.1993727684021	6.703368663787842	6.289196014404297	5.9735941886901855	5.79878568649292	5.800913333892822	5.924962997436523	6.041844367980957	6.087192058563232	6.1153483390808105	6.184833526611328	6.2499189376831055	6.221923828125	6.067244529724121	5.812971115112305	5.575547218322754	5.569764137268066	5.847103595733643	6.13396692276001	6.164584159851074	5.946174144744873	5.6694207191467285	5.5242462158203125	5.60137414932251	5.828335285186768	6.01206636428833	6.028232097625732	5.914186000823975	5.765592575073242	5.643742561340332	5.593890190124512	5.615166187286377	5.655854225158691	5.7424702644348145	5.940439701080322	6.140995025634766
50	mean	0.4230494797229767	0.6961353421211243	0.9939464926719666	1.1925609111785889	1.1686500310897827	0.9913296103477478	1.0529634952545166	1.8858479261398315	3.610203981399536	5.395384311676025	5.606766700744629	3.01928973197937	-1.4071764945983887	-3.5567407608032227	2.665783643722534	21.926939010620117	53.586238861083984	90.10466003417969	119.4782943725586	130.75001525878906	119.32839965820312	88.87275695800781	48.89702606201172	9.975618362426758	-20.473514556884766	-39.85616683959961	-49.478519439697266	-52.39326858520508	-51.53005599975586	-48.85444641113281	-45.4136848449707	-41.72233200073242	-38.06180953979492	-34.59922409057617	-31.41632080078125	-28.533885955810547	-25.942554473876953	-23.62139892578125	-21.544187545776367	-19.684371948242188	-18.02133560180664	-16.5407772064209	-15.226311683654785	-14.050482749938965	-12.975849151611328	-11.968753814697266	-11.014780044555664	-10.122506141662598	-9.310489654541016	-8.585456848144531	-7.929080486297607	-7.304291725158691	-6.677325248718262	-6.038675785064697	-5.408011436462402	-4.819286823272705	-4.29858922958374	-3.851994276046753	-3.4690277576446533	-3.132281541824341	-2.8232266902923584	-2.5235865116119385	-2.217970848083496	-1.8998901844024658
50	std	6.151432514190674	6.0618391036987305	5.961501121520996	5.881307125091553	5.80281925201416	5.728312015533447	5.701453685760498	5.719778060913086	5.71212911605835	5.630258560180664	5.503701686859131	5.402808666229248	5.370591163635254	5.391715049743652	5.439364910125732	5.551977157592773	5.8096923828125	6.191679954528809	6.519251346588135	6.595589637756348	6.4015302658081055	6.166378974914551	6.146979808807373	6.293051242828369	6.356563568115234	6.250781536102295	6.101076602935791	6.031672477722168	6.021106719970703	5.982419490814209	5.896191120147705	5.813756942749023	5.7637128829956055	5.7158989906311035	5.636406898498535	5.527138710021973	5.423836708068848	5.379777908325195	5.411931991577148	5.460946083068848	5.45501184463501	5.3884172439575195	5.298348426818848	5.204495906829834	5.11308479309082	5.0428314208984375	5.007679462432861	5.001586437225342	5.012777328491211	5.02636194229126	5.03322172164917	5.052491664886475	5.092373371124268	5.105061054229736	5.059449195861816	5.01163911819458	5.023347854614258	5.067955493927002	5.087560176849365	5.075364112854004	5.0600056648254395	5.060085773468018	5.074923515319824	5.095548152923584
51	mean	0.6253565549850464	0.8274312615394592	1.0755177736282349	1.3196511268615723	1.5094066858291626	1.6534820795059204	1.853946328163147	2.258193016052246	2.9227519035339355	3.6802804470062256	4.163969993591309	4.078441619873047	3.608825206756592	3.662590980529785	5.629634857177734	10.615967750549316	18.525047302246094	27.616029739379883	34.987586975097656	37.850547790527344	34.87431335449219	26.80230140686035	16.002784729003906	5.302698135375977	-3.181304454803467	-8.62510871887207	-11.35685920715332	-12.279131889343262	-12.281522750854492	-11.928295135498047	-11.450044631958008	-10.894107818603516	-10.269939422607422	-9.612552642822266	-8.97471809387207	-8.3951997756958	-7.87915563583374	-7.4032416343688965	-6.938732624053955	-6.474772930145264	-6.025623321533203	-5.61801290512085	-5.270590782165527	-4.981752872467041	-4.733468532562256	-4.5055108070373535	-4.288343906402588	-4.086015701293945	-3.9072766304016113	-3.752196788787842	-3.605952024459839	-3.4469809532165527	-3.2643179893493652	-3.0694313049316406	-2.890300989151001	-2.7505083084106445	-2.649904251098633	-2.56280779838562	-2.455331325531006	-2.3088676929473877	-2.1325130462646484	-1.9559119939804077	-1.808880090713501	-1.7032582759857178
51	std	5.374136924743652	5.38621711730957	5.382472515106201	5.387453079223633	5.401905059814453	5.421618938446045	5.453240871429443	5.491946697235107	5.516817092895508	5.515430450439453	5.495350360870361	5.4720540046691895	5.447109222412109	5.355642795562744	5.025796890258789	4.3383402824401855	3.6457645893096924	3.8107454776763916	4.651281833648682	5.077547073364258	4.659456729888916	3.912109613418579	3.8676528930664062	4.543457984924316	5.115917205810547	5.29617166519165	5.259125709533691	5.215027332305908	5.198679447174072	5.154341220855713	5.0781354904174805	5.02280855178833	5.013805389404297	5.027853965759277	5.051047325134277	5.089905738830566	5.129019260406494	5.135675430297852	5.1091742515563965	5.089907169342041	5.109375	5.150679111480713	5.172895908355713	5.158485412597656	5.131102561950684	5.138039588928223	5.1954827308654785	5.2500457763671875	5.2428483963012695	5.19750452041626	5.183693885803223	5.211496353149414	5.232532501220703	5.227896690368652	5.232585906982422	5.272444725036621	5.311184406280518	5.293600559234619	5.233908176422119	5.210501670837402	5.252523899078369	5.300544261932373	5.312630653381348	5.320687294006348
52	mean	-4.047272682189941	-3.993272542953491	-3.9121198654174805	-3.7987465858459473	-3.655348777770996	-3.478926181793213	-3.264972448348999	-3.027979612350464	-2.800909996032715	-2.56126070022583	-2.0767805576324463	-0.757874608039856	2.322007417678833	8.112724304199219	17.035701751708984	28.478017807006836	40.7003059387207	51.340179443359375	58.31221389770508	60.618568420410156	58.62812042236328	53.72307586669922	47.58406066894531	41.529014587402344	36.2010612487793	31.644868850708008	27.60591697692871	23.830190658569336	20.220048904418945	16.826505661010742	13.748458862304688	11.029756546020508	8.612992286682129	6.364169597625732	4.142467498779297	1.8665298223495483	-0.4644727408885956	-2.7981462478637695	-5.0734639167785645	-7.250453948974609	-9.313840866088867	-11.258573532104492	-13.069418907165527	-14.705084800720215	-16.095800399780273	-17.163888931274414	-17.86223793029785	-18.2053165435791	-18.26882553100586	-18.155670166015625	-17.94826889038086	-17.677968978881836	-17.33030891418457	-16.879636764526367	-16.325366973876953	-15.702852249145508	-15.06191635131836	-14.435298919677734	-13.824563980102539	-13.212667465209961	-12.586749076843262	-11.950553894042969	-11.318605422973633	-10.701464653015137
52	std	5.736542701721191	5.645863056182861	5.656040191650391	5.786886215209961	5.918652534484863	5.9623284339904785	5.93649435043335	5.916390419006348	5.959676265716553	6.058927536010742	6.167004108428955	6.3238420486450195	6.6681437492370605	7.109371662139893	7.180186748504639	6.528503894805908	5.517299175262451	5.166337013244629	5.64888858795166	5.970809459686279	5.672815799713135	5.149368762969971	5.009113311767578	5.316412448883057	5.710697174072266	5.952836036682129	5.981224060058594	5.813811302185059	5.5484185218811035	5.344911098480225	5.288665294647217	5.321639060974121	5.371002674102783	5.42930793762207	5.488650798797607	5.5286760330200195	5.595640659332275	5.7859601974487305	6.1067399978637695	6.431869029998779	6.618570804595947	6.620688438415527	6.5125555992126465	6.4083356857299805	6.329509735107422	6.202814102172852	6.021189212799072	5.913992404937744	5.974331855773926	6.0941386222839355	6.097934246063232	5.956971645355225	5.797093868255615	5.736763000488281	5.763404846191406	5.787543773651123	5.773041248321533	5.7789387702941895	5.873859405517578	6.023743152618408	6.121213912963867	6.131768703460693	6.135137557983398	6.186711311340332
53	mean	-2.0836710929870605	-1.9572150707244873	-1.731386423110962	-1.4831472635269165	-1.301666259765625	-1.2159337997436523	-1.1541944742202759	-0.9747902154922485	-0.556089460849762	0.12231064587831497	0.9861646890640259	1.9833277463912964	3.2364935874938965	5.093645095825195	7.974358081817627	12.049851417541504	16.9486026763916	21.722740173339844	25.1751708984375	26.405048370361328	25.257644653320312	22.39760398864746	18.95684051513672	15.973228454589844	13.950551986694336	12.76959228515625	11.941213607788086	10.989569664001465	9.716647148132324	8.222801208496094	6.739485263824463	5.432306289672852	4.310779094696045	3.273369312286377	2.2205326557159424	1.1380279064178467	0.09668262302875519	-0.8131139874458313	-1.549286961555481	-2.137390375137329	-2.638465166091919	-3.1012938022613525	-3.5375595092773438	-3.931117534637451	-4.265106678009033	-4.542410373687744	-4.785959720611572	-5.021301746368408	-5.2561821937561035	-5.472533702850342	-5.637237548828125	-5.724544048309326	-5.736157417297363	-5.705767631530762	-5.6825666427612305	-5.701540946960449	-5.759896278381348	-5.817606449127197	-5.82352352142334	-5.748467922210693	-5.600982666015625	-5.416268348693848	-5.230111122131348	-5.059218883514404
53	std	5.244475364685059	5.210205554962158	5.146153450012207	5.13673210144043	5.219125747680664	5.33888053894043	5.451467990875244	5.601372718811035	5.85046911239624	6.210972309112549	6.687239646911621	7.246561527252197	7.6880059242248535	7.660400867462158	6.883931636810303	5.405459880828857	3.822521686553955	3.3047618865966797	3.8909223079681396	4.258012294769287	3.922489881515503	3.322847366333008	3.3660151958465576	4.122934818267822	4.8628621101379395	5.238401889801025	5.302949905395508	5.229701995849609	5.1481757164001465	5.123480319976807	5.167472839355469	5.239108562469482	5.294005870819092	5.351089000701904	5.473938941955566	5.670705795288086	5.857362747192383	5.944742202758789	5.920125961303711	5.8335442543029785	5.7325897216796875	5.6268229484558105	5.510894775390625	5.40159273147583	5.3306403160095215	5.3034210205078125	5.295011043548584	5.291277885437012	5.293727874755859	5.277304172515869	5.194316864013672	5.0476765632629395	4.9332594871521	4.960865497589111	5.1136274337768555	5.247216701507568	5.246059894561768	5.131974697113037	5.021150588989258	4.992354869842529	5.020872116088867	5.044589519500732	5.047199249267578	5.059488296508789
54	mean	-0.6508145332336426	-0.367565780878067	-0.006526471581310034	0.3486763834953308	0.6059802174568176	0.7540070414543152	0.9175605773925781	1.3240050077438354	2.1805222034454346	3.5345993041992188	5.224710464477539	6.984986782073975	8.657551765441895	10.36158561706543	12.462158203125	15.305251121520996	18.865766525268555	22.560077667236328	25.403501510620117	26.472789764404297	25.406164169311523	22.62175178527832	19.10407829284668	15.892913818359375	13.593092918395996	12.188302993774414	11.222515106201172	10.178945541381836	8.794769287109375	7.138466835021973	5.464013576507568	3.994358539581299	2.7920515537261963	1.77398681640625	0.816831648349762	-0.1443040370941162	-1.0892139673233032	-1.9554684162139893	-2.7000210285186768	-3.328899621963501	-3.8817641735076904	-4.395599365234375	-4.880103588104248	-5.318314552307129	-5.684452533721924	-5.963624477386475	-6.161637306213379	-6.301417350769043	-6.410128116607666	-6.507547378540039	-6.603195667266846	-6.700630187988281	-6.800692081451416	-6.900115013122559	-6.989919662475586	-7.056653022766113	-7.08426570892334	-7.056752681732178	-6.963562965393066	-6.8054633140563965	-6.595556735992432	-6.354127883911133	-6.10092830657959	-5.849727630615234
54	std	5.247070789337158	5.189162731170654	5.091446399688721	5.051076412200928	5.109181880950928	5.232086181640625	5.387713432312012	5.579485893249512	5.825320243835449	6.138219833374023	6.511014461517334	6.8946614265441895	7.157362937927246	7.070713520050049	6.42427921295166	5.250772953033447	4.039039611816406	3.621734380722046	3.997004985809326	4.252539157867432	4.001465797424316	3.6212892532348633	3.806551694869995	4.5367536544799805	5.225427627563477	5.580892562866211	5.657732963562012	5.615688800811768	5.54902458190918	5.495826244354248	5.498879432678223	5.561768054962158	5.616452693939209	5.6230387687683105	5.639533519744873	5.725026607513428	5.8305182456970215	5.856263160705566	5.765966892242432	5.613513946533203	5.491425514221191	5.4481353759765625	5.4471516609191895	5.4317169189453125	5.407397270202637	5.413246154785156	5.4398064613342285	5.4421186447143555	5.405440330505371	5.340604782104492	5.245115756988525	5.11728048324585	5.0007004737854	4.969226360321045	5.0345258712768555	5.097987651824951	5.0464982986450195	4.891200065612793	4.765721321105957	4.748150825500488	4.775116920471191	4.801922798156738	4.8797607421875	5.017658710479736
55	mean	-3.2004003524780273	-3.1010489463806152	-2.9758241176605225	-2.8479108810424805	-2.7444217205047607	-2.679168462753296	-2.6428885459899902	-2.6048877239227295	-2.512151002883911	-2.2589638233184814	-1.6167882680892944	-0.16564927995204926	2.6816046237945557	7.483376502990723	14.42858600616455	23.022533416748047	32.0321159362793	39.81236267089844	44.90254211425781	46.58761978149414	45.1259765625	41.53574752807617	37.08631896972656	32.779170989990234	29.067655563354492	25.896942138671875	22.965438842773438	20.014955520629883	16.991641998291016	14.028818130493164	11.313353538513184	8.946645736694336	6.887838840484619	4.998992919921875	3.1439368724823	1.2654731273651123	-0.6066791415214539	-2.407705545425415	-4.097990036010742	-5.685805797576904	-7.204452037811279	-8.670316696166992	-10.055132865905762	-11.2893705368042	-12.292328834533691	-13.011499404907227	-13.449437141418457	-13.66212272644043	-13.729084014892578	-13.715275764465332	-13.648815155029297	-13.524495124816895	-13.32393741607666	-13.037172317504883	-12.673613548278809	-12.259437561035156	-11.824834823608398	-11.389531135559082	-10.955427169799805	-10.510135650634766	-10.038409233093262	-9.533591270446777	-9.002816200256348	-8.46474552154541
55	std	5.678700923919678	5.667431831359863	5.638461112976074	5.619990825653076	5.606905460357666	5.580576419830322	5.572422504425049	5.627646446228027	5.747476577758789	5.953875541687012	6.346850872039795	7.017460823059082	7.866032123565674	8.498469352722168	8.427720069885254	7.530092716217041	6.418248176574707	6.107343673706055	6.574533939361572	6.8694539070129395	6.601117134094238	6.099475383758545	5.88342809677124	6.094075679779053	6.4524245262146	6.659424304962158	6.60427713394165	6.36028528213501	6.092670440673828	5.899903297424316	5.74168062210083	5.572109699249268	5.458861351013184	5.480778217315674	5.592010021209717	5.706157684326172	5.8091816902160645	5.901536464691162	5.947343826293945	5.93598747253418	5.894708633422852	5.832381725311279	5.754674434661865	5.700202941894531	5.685556888580322	5.6653618812561035	5.603588581085205	5.529825687408447	5.484681606292725	5.453930854797363	5.39177131652832	5.280456066131592	5.161271095275879	5.113752365112305	5.173154354095459	5.284889221191406	5.371547698974609	5.408836841583252	5.428642272949219	5.46244478225708	5.4943718910217285	5.505923748016357	5.525749206542969	5.5689520835876465
56	mean	-3.522775888442993	-3.5734965801239014	-3.5407662391662598	-3.5288021564483643	-3.641634941101074	-3.905158042907715	-4.234362602233887	-4.475725173950195	-4.498037815093994	-4.255389213562012	-3.751239061355591	-2.907541275024414	-1.4414700269699097	1.107663631439209	5.136519432067871	10.621221542358398	16.881345748901367	22.680097579956055	26.68373680114746	28.055587768554688	26.84115219116211	23.911630630493164	20.500385284423828	17.61284065246582	15.64201545715332	14.369690895080566	13.283711433410645	11.9693021774292	10.332640647888184	8.56430721282959	6.929751396179199	5.563892364501953	4.4062371253967285	3.290212631225586	2.093869686126709	0.8338590264320374	-0.35536396503448486	-1.325413465499878	-2.0155560970306396	-2.482647180557251	-2.852468252182007	-3.238903522491455	-3.6872336864471436	-4.169906139373779	-4.625236988067627	-5.005805492401123	-5.30312442779541	-5.536920070648193	-5.723790645599365	-5.8532867431640625	-5.8911871910095215	-5.808927059173584	-5.61843729019165	-5.383331775665283	-5.190716743469238	-5.097002029418945	-5.085685729980469	-5.07327938079834	-4.96693229675293	-4.735021114349365	-4.437103748321533	-4.187572479248047	-4.077269554138184	-4.109808921813965
56	std	4.9137797355651855	4.813637733459473	4.752315044403076	4.7230730056762695	4.693002223968506	4.663827896118164	4.67743444442749	4.730446815490723	4.777970790863037	4.87132453918457	5.187448501586914	5.814741611480713	6.539622783660889	6.926765441894531	6.597195625305176	5.538799285888672	4.377358913421631	4.159592151641846	4.750085353851318	5.080598831176758	4.810909748077393	4.3456645011901855	4.283744812011719	4.699204444885254	5.202214241027832	5.532171249389648	5.667640686035156	5.687516212463379	5.668035507202148	5.666712284088135	5.712453365325928	5.773101806640625	5.799043655395508	5.808298110961914	5.863517761230469	5.976179122924805	6.087413311004639	6.1215643882751465	6.041989326477051	5.8941545486450195	5.778932571411133	5.733273983001709	5.68700647354126	5.581228256225586	5.465023994445801	5.443332195281982	5.536190032958984	5.634194850921631	5.6323699951171875	5.547398567199707	5.464193820953369	5.426055908203125	5.430881977081299	5.4704670906066895	5.516530990600586	5.521108627319336	5.4587883949279785	5.345517635345459	5.228333473205566	5.174999237060547	5.231685638427734	5.355710029602051	5.440497398376465	5.429535865783691
57	mean	-3.397820472717285	-3.1482791900634766	-2.786099433898926	-2.303354024887085	-1.6639975309371948	-0.8030420541763306	0.35791319608688354	1.8811464309692383	3.775317668914795	5.967392921447754	8.313263893127441	10.671064376831055	13.021547317504883	15.558932304382324	18.64719581604004	22.59308624267578	27.317617416381836	32.137367248535156	35.86943435668945	37.297393798828125	35.77136993408203	31.575841903686523	25.812068939208984	19.85659408569336	14.73781967163086	10.802160263061523	7.809206485748291	5.304454803466797	2.9811699390411377	0.8191971182823181	-1.0177758932113647	-2.3868329524993896	-3.3051838874816895	-3.944495439529419	-4.5158772468566895	-5.146337985992432	-5.833307266235352	-6.4922637939453125	-7.043537139892578	-7.469115257263184	-7.808444023132324	-8.112327575683594	-8.399335861206055	-8.646225929260254	-8.811030387878418	-8.864054679870605	-8.80393123626709	-8.653325080871582	-8.444432258605957	-8.20583724975586	-7.954558849334717	-7.693032741546631	-7.411768913269043	-7.098395347595215	-6.75007438659668	-6.3819580078125	-6.024354934692383	-5.707773208618164	-5.445417881011963	-5.226830005645752	-5.02886438369751	-4.836379051208496	-4.6536970138549805	-4.493620872497559
57	std	4.927971839904785	5.052276611328125	5.195603847503662	5.302789211273193	5.463244438171387	5.716537952423096	5.940378665924072	6.013613224029541	5.956799030303955	5.890726089477539	5.918570041656494	6.0452094078063965	6.167647361755371	6.1162896156311035	5.733748435974121	5.026223659515381	4.369267463684082	4.361525058746338	4.888099670410156	5.185540676116943	4.885903358459473	4.351870059967041	4.360479831695557	5.00911808013916	5.6451311111450195	5.887297630310059	5.792623519897461	5.572332382202148	5.357646465301514	5.197474956512451	5.1223320960998535	5.0776872634887695	4.949297904968262	4.769227981567383	4.718912601470947	4.8185954093933105	4.8832316398620605	4.843599319458008	4.796243190765381	4.789279460906982	4.815191268920898	4.895044803619385	4.967031955718994	4.925710678100586	4.834627628326416	4.826131343841553	4.8509745597839355	4.80576753616333	4.72208309173584	4.666921615600586	4.658731937408447	4.715235710144043	4.8298726081848145	4.939298152923584	4.981382846832275	4.947140693664551	4.880859851837158	4.833770751953125	4.822113990783691	4.8588666915893555	4.9573516845703125	5.053670406341553	5.04192590713501	4.939620018005371
58	mean	-0.8939470648765564	-0.5088484287261963	-0.03467552363872528	0.3980831503868103	0.6701501607894897	0.7721201777458191	0.841740071773529	1.0864341259002686	1.6376444101333618	2.4714877605438232	3.514324903488159	4.910245418548584	7.247659206390381	11.480668067932129	18.441225051879883	28.15435028076172	39.40766906738281	49.9556884765625	57.35129165649414	59.967613220214844	57.63301086425781	51.549747467041016	43.608612060546875	35.540000915527344	28.35858154296875	22.301158905029297	17.13758087158203	12.56464958190918	8.438916206359863	4.781457901000977	1.6516611576080322	-0.9658046960830688	-3.180203676223755	-5.132327556610107	-6.916857719421387	-8.552303314208984	-10.013527870178223	-11.289881706237793	-12.417715072631836	-13.465200424194336	-14.489266395568848	-15.502811431884766	-16.472810745239258	-17.3410701751709	-18.049131393432617	-18.555835723876953	-18.84409523010254	-18.917247772216797	-18.791645050048828	-18.4940242767334	-18.066789627075195	-17.572463989257812	-17.085079193115234	-16.6671199798584	-16.343673706054688	-16.089277267456055	-15.83743667602539	-15.510372161865234	-15.053561210632324	-14.455615043640137	-13.745699882507324	-12.97482681274414	-12.194271087646484	-11.440518379211426
58	std	5.000553607940674	5.0880937576293945	5.086518287658691	5.079939842224121	5.2424845695495605	5.408555507659912	5.341976642608643	5.137694835662842	5.068739891052246	5.292787075042725	5.864931583404541	6.729930400848389	7.612497806549072	8.119318008422852	7.954390048980713	7.142827033996582	6.245906352996826	6.101974010467529	6.643417835235596	6.9561686515808105	6.586240291595459	5.8686909675598145	5.504478931427002	5.7065558433532715	6.023783206939697	6.110800743103027	5.984014987945557	5.772313594818115	5.538980007171631	5.3511247634887695	5.3255767822265625	5.474244594573975	5.655500888824463	5.7562031745910645	5.779081344604492	5.7631402015686035	5.735161781311035	5.727310657501221	5.761854648590088	5.835218906402588	5.925429344177246	5.979857921600342	5.946697235107422	5.841934680938721	5.720752716064453	5.611120700836182	5.55349063873291	5.613349914550781	5.766632080078125	5.890992641448975	5.902796268463135	5.808637619018555	5.666861057281494	5.571525573730469	5.589982509613037	5.664363384246826	5.691947937011719	5.668848514556885	5.651031494140625	5.681888580322266	5.802319049835205	5.975309371948242	6.047937393188477	5.936095237731934
59	mean	-1.1773360967636108	-1.2450629472732544	-1.2676711082458496	-1.2268654108047485	-1.1243325471878052	-0.9612057209014893	-0.7084004878997803	-0.31002768874168396	0.2559979259967804	0.904481828212738	1.4565541744232178	1.7999364137649536	2.116042375564575	2.9711215496063232	5.101824760437012	8.93542194366455	14.131214141845703	19.50587272644043	23.496780395507812	24.93463897705078	23.641183853149414	20.467500686645508	16.77354621887207	13.711039543151855	11.752157211303711	10.684733390808105	9.97176742553711	9.174036026000977	8.16215991973877	7.040128231048584	5.914434909820557	4.7286376953125	3.296013832092285	1.4862520694732666	-0.6002755165100098	-2.620856761932373	-4.161244869232178	-4.968503475189209	-5.082845687866211	-4.7879486083984375	-4.4324049949646	-4.251894474029541	-4.296546936035156	-4.47784423828125	-4.670978546142578	-4.795061111450195	-4.8360419273376465	-4.826286792755127	-4.812602996826172	-4.833441257476807	-4.908586025238037	-5.03692626953125	-5.198760509490967	-5.361525535583496	-5.488450527191162	-5.549262523651123	-5.530800819396973	-5.442078590393066	-5.30790901184082	-5.152522563934326	-4.984393119812012	-4.793550491333008	-4.563370704650879	-4.288301467895508
59	std	4.790004730224609	4.825772285461426	4.791370391845703	4.7808427810668945	4.8470025062561035	4.882911205291748	4.837005138397217	4.8565778732299805	5.085009574890137	5.453305721282959	5.850128650665283	6.3025078773498535	6.789322853088379	7.006269931793213	6.526567459106445	5.2037272453308105	3.566474199295044	3.070554256439209	3.868619203567505	4.306389331817627	3.907606840133667	3.2589166164398193	3.3134403228759766	4.016510486602783	4.699747085571289	5.12974739074707	5.34665060043335	5.448699951171875	5.556027889251709	5.772078514099121	6.0698089599609375	6.246403217315674	6.099513530731201	5.739314079284668	5.695058345794678	6.306010723114014	7.129476070404053	7.560571193695068	7.411198139190674	6.894603252410889	6.356808185577393	5.9829277992248535	5.741061687469482	5.5751848220825195	5.487386703491211	5.454960346221924	5.434486389160156	5.43658971786499	5.49098539352417	5.547707557678223	5.479615688323975	5.235904693603516	5.031440734863281	5.2082319259643555	5.676111698150635	5.951030731201172	5.774229049682617	5.334305763244629	5.003723621368408	4.910210609436035	4.899752140045166	4.8579301834106445	4.821357250213623	4.866218090057373
60	mean	-6.155353546142578	-6.160262584686279	-5.952868938446045	-5.5463080406188965	-5.0167436599731445	-4.432491302490234	-3.7286462783813477	-2.6164743900299072	-0.6369494795799255	2.621131181716919	7.269869804382324	13.0578031539917	19.612693786621094	26.84844398498535	35.16634750366211	45.134525299072266	56.708805084228516	68.5127944946289	77.82242584228516	81.5060043334961	77.48799896240234	65.8651123046875	48.97576141357422	30.391782760620117	13.458498001098633	0.18963776528835297	-9.011486053466797	-14.882095336914062	-18.532800674438477	-20.852550506591797	-22.302921295166016	-23.02938461303711	-23.078298568725586	-22.54326629638672	-21.58975601196289	-20.403505325317383	-19.13241958618164	-17.862382888793945	-16.629188537597656	-15.444223403930664	-14.316399574279785	-13.260379791259766	-12.294074058532715	-11.430871963500977	-10.671963691711426	-10.004487037658691	-9.40677261352539	-8.858744621276855	-8.350981712341309	-7.886157035827637	-7.472277641296387	-7.112534999847412	-6.799907207489014	-6.520620346069336	-6.263024806976318	-6.0226731300354	-5.7986860275268555	-5.584710597991943	-5.364109992980957	-5.115299224853516	-4.824417591094971	-4.496285438537598	-4.15435266494751	-3.8283143043518066
60	std	13.36623477935791	13.364906311035156	13.34988784790039	13.371268272399902	13.489745140075684	13.706281661987305	13.997747421264648	14.381150245666504	14.903458595275879	15.586933135986328	16.353015899658203	16.918428421020508	16.815704345703125	15.660782814025879	13.486607551574707	10.976765632629395	9.653782844543457	10.808083534240723	13.120363235473633	14.256070137023926	12.975635528564453	10.254002571105957	10.640995979309082	15.780900001525879	21.37681770324707	24.925823211669922	25.862295150756836	24.695600509643555	22.388492584228516	19.871286392211914	17.769176483154297	16.329975128173828	15.501663208007812	15.098876953125	14.945160865783691	14.92078685760498	14.953530311584473	14.998664855957031	15.023228645324707	15.005401611328125	14.944219589233398	14.86462688446045	14.810572624206543	14.819112777709961	14.882781028747559	14.944204330444336	14.941636085510254	14.856678009033203	14.720881462097168	14.58436393737793	14.477831840515137	14.403451919555664	14.356706619262695	14.33638858795166	14.331036567687988	14.320084571838379	14.296163558959961	14.270437240600586	14.258779525756836	14.277010917663574	14.333711624145508	14.40854263305664	14.454676628112793	14.444015502929688
61	mean	0.4487055242061615	0.8941410183906555	1.3636984825134277	1.7030324935913086	1.7819905281066895	1.6826659440994263	1.844862461090088	2.913428783416748	5.1540913581848145	7.742860794067383	8.682133674621582	6.001192569732666	-0.011291860602796078	-5.025539875030518	-1.2892416715621948	18.53449821472168	55.862369537353516	102.5732421875	142.57119750976562	158.70982360839844	141.3865509033203	93.6572036743164	29.807270050048828	-31.65907096862793	-76.31414794921875	-98.71902465820312	-102.05305480957031	-93.99488067626953	-82.02407836914062	-70.66606140136719	-61.293643951416016	-53.47332763671875	-46.43183898925781	-39.80258560180664	-33.649208068847656	-28.17986488342285	-23.517824172973633	-19.64257049560547	-16.4417781829834	-13.78121280670166	-11.54322624206543	-9.632464408874512	-7.9704437255859375	-6.496390342712402	-5.172909736633301	-3.9869818687438965	-2.9398038387298584	-2.0310442447662354	-1.2475963830947876	-0.5635319948196411	0.0497257336974144	0.6109271049499512	1.1222326755523682	1.5726988315582275	1.9499304294586182	2.2527353763580322	2.4975740909576416	2.71502685546875	2.937190532684326	3.181607723236084	3.4405055046081543	3.682715892791748	3.868809938430786	3.9718821048736572
61	std	14.750070571899414	14.8427734375	14.996554374694824	15.130162239074707	15.163801193237305	15.094703674316406	15.030435562133789	15.098353385925293	15.305059432983398	15.521903038024902	15.627907752990723	15.61612319946289	15.455177307128906	14.865239143371582	13.538578033447266	11.8399076461792	10.991183280944824	11.4923677444458	12.271161079406738	12.544086456298828	12.425505638122559	12.230177879333496	12.18617057800293	12.612604141235352	13.573400497436523	14.619760513305664	15.308349609375	15.567272186279297	15.553662300109863	15.417491912841797	15.238389015197754	15.069717407226562	14.965171813964844	14.952753067016602	14.993531227111816	15.014045715332031	15.006293296813965	15.045509338378906	15.174351692199707	15.321639060974121	15.381023406982422	15.330798149108887	15.245443344116211	15.212164878845215	15.256731986999512	15.339360237121582	15.399377822875977	15.398451805114746	15.339807510375977	15.271206855773926	15.26060962677002	15.33317756652832	15.430144309997559	15.467110633850098	15.437734603881836	15.421199798583984	15.473315238952637	15.55710220336914	15.605640411376953	15.593897819519043	15.5260648727417	15.418267250061035	15.314325332641602	15.254005432128906
62	mean	-6.281615257263184	-6.84950065612793	-7.393815040588379	-8.124698638916016	-9.119279861450195	-10.174906730651855	-10.889180183410645	-10.994489669799805	-10.718823432922363	-10.786853790283203	-11.834635734558105	-13.482044219970703	-13.762459754943848	-9.60324764251709	1.5799623727798462	20.005008697509766	42.63823318481445	64.09224700927734	78.92266845703125	83.9786605834961	79.46794128417969	68.3155288696289	54.44816970825195	41.098106384277344	29.932180404663086	21.151554107666016	14.159457206726074	8.249048233032227	2.9808380603790283	-1.770442247390747	-5.941404342651367	-9.422821998596191	-12.150498390197754	-14.140169143676758	-15.48043441772461	-16.298418045043945	-16.7177677154541	-16.831018447875977	-16.695093154907227	-16.34006690979004	-15.777444839477539	-15.00693416595459	-14.033105850219727	-12.89630126953125	-11.699705123901367	-10.602002143859863	-9.761046409606934	-9.2556791305542	-9.040467262268066	-8.969465255737305	-8.874221801757812	-8.643135070800781	-8.254754066467285	-7.7575249671936035	-7.2252888679504395	-6.72462797164917	-6.305229663848877	-5.996485233306885	-5.79396915435791	-5.644589424133301	-5.455109596252441	-5.133396148681641	-4.6436991691589355	-4.042239665985107
62	std	14.779233932495117	15.159867286682129	15.376449584960938	15.357067108154297	15.390779495239258	16.141077041625977	17.845077514648438	19.949932098388672	22.03191566467285	24.639421463012695	28.89447593688965	34.7913703918457	40.195045471191406	41.90326690673828	37.578392028808594	27.370214462280273	14.898969650268555	10.144964218139648	15.416258811950684	17.90953254699707	15.77167797088623	11.407490730285645	9.318077087402344	12.040709495544434	16.173202514648438	19.491451263427734	21.41295623779297	22.003570556640625	21.770998001098633	21.325109481811523	20.852083206176758	20.143033981323242	19.225711822509766	18.51593017578125	18.157791137695312	17.7724666595459	17.16533660888672	16.725893020629883	16.833189010620117	17.214513778686523	17.305479049682617	16.937124252319336	16.409276962280273	16.039016723632812	15.866052627563477	15.866695404052734	16.088905334472656	16.40686798095703	16.517845153808594	16.33145523071289	16.11423110961914	16.17307472229004	16.524003982543945	16.87790298461914	16.83197593688965	16.207420349121094	15.388570785522461	15.125699996948242	15.664259910583496	16.469234466552734	16.982885360717773	17.031230926513672	16.653545379638672	16.021642684936523
63	mean	-1.5917022228240967	-1.7064260244369507	-1.8095622062683105	-1.8708254098892212	-1.8285521268844604	-1.603625774383545	-1.1542717218399048	-0.5652368664741516	-0.10772386938333511	-0.15437380969524384	-0.866463840007782	-1.7279616594314575	-1.2138029336929321	3.0231356620788574	13.238314628601074	30.197181701660156	52.01914978027344	74.12207794189453	90.63506317138672	96.73541259765625	90.68707275390625	74.44638061523438	52.58061599731445	30.21190071105957	11.146848678588867	-2.970258951187134	-12.368213653564453	-18.229951858520508	-21.804615020751953	-23.946487426757812	-25.089757919311523	-25.43531036376953	-25.126220703125	-24.322189331054688	-23.1937198638916	-21.89386558532715	-20.537893295288086	-19.19939613342285	-17.916210174560547	-16.70258331298828	-15.563106536865234	-14.504212379455566	-13.537895202636719	-12.677717208862305	-11.931886672973633	-11.298154830932617	-10.763503074645996	-10.306944847106934	-9.903523445129395	-9.527368545532227	-9.15536880493164	-8.7727689743042	-8.377775192260742	-7.981171607971191	-7.59782600402832	-7.235342502593994	-6.888623237609863	-6.544919967651367	-6.194629669189453	-5.839203834533691	-5.488922119140625	-5.152459621429443	-4.828027248382568	-4.504003524780273
63	std	13.348787307739258	13.26492977142334	13.163246154785156	13.078696250915527	13.086572647094727	13.235406875610352	13.504480361938477	13.839330673217773	14.22169017791748	14.714637756347656	15.454463958740234	16.503305435180664	17.52168083190918	17.625276565551758	15.867704391479492	12.290690422058105	9.516417503356934	11.49642276763916	15.262548446655273	16.85198402404785	15.316949844360352	11.894692420959473	9.684735298156738	11.15411376953125	14.199936866760254	16.670467376708984	18.07563591003418	18.564619064331055	18.40601348876953	17.856077194213867	17.15921401977539	16.535051345825195	16.127172470092773	15.95235538482666	15.912253379821777	15.894099235534668	15.873978614807129	15.89852523803711	15.965215682983398	15.976282119750977	15.843835830688477	15.596065521240234	15.348621368408203	15.19611930847168	15.1476411819458	15.1412353515625	15.10567855834961	15.020942687988281	14.9146089553833	14.80270767211914	14.667488098144531	14.498307228088379	14.314711570739746	14.142128944396973	13.996792793273926	13.900074005126953	13.871524810791016	13.889325141906738	13.88916015625	13.829705238342285	13.73879337310791	13.68010425567627	13.692651748657227	13.76257038116455
64	mean	-1.519623041152954	-1.74325430393219	-1.9646011590957642	-2.1125423908233643	-2.0972189903259277	-1.8205420970916748	-1.1981337070465088	-0.21250109374523163	1.0078966617584229	2.1582226753234863	2.8980536460876465	3.215895414352417	3.8658230304718018	6.518064022064209	13.267534255981445	25.473739624023438	42.43722152709961	60.78863525390625	75.27648162841797	80.84162139892578	74.92908477783203	58.696102142333984	36.41040802001953	13.469802856445312	-5.76800012588501	-19.230249404907227	-27.074880599975586	-30.74607276916504	-31.891136169433594	-31.697391510009766	-30.771787643432617	-29.34479522705078	-27.515552520751953	-25.383892059326172	-23.071115493774414	-20.69586753845215	-18.35483169555664	-16.119182586669922	-14.041657447814941	-12.16514778137207	-10.526421546936035	-9.150678634643555	-8.039624214172363	-7.16301965713501	-6.463985443115234	-5.877986431121826	-5.35407829284668	-4.866109848022461	-4.408803939819336	-3.9861528873443604	-3.6013271808624268	-3.2519564628601074	-2.9285809993743896	-2.6146585941314697	-2.2906298637390137	-1.9426392316818237	-1.5713151693344116	-1.1935187578201294	-0.8355478048324585	-0.5225552916526794	-0.27094584703445435	-0.087059885263443	0.029943831264972687	0.08645588159561157
64	std	11.487946510314941	11.469855308532715	11.467204093933105	11.536245346069336	11.682304382324219	11.835145950317383	11.94601058959961	12.067898750305176	12.286904335021973	12.575047492980957	12.78443431854248	12.802963256835938	12.593111038208008	12.000014305114746	10.699966430664062	8.665202140808105	6.98881196975708	7.489411354064941	9.242175102233887	10.062533378601074	9.263862609863281	7.758607387542725	7.554078578948975	9.162702560424805	11.027405738830566	12.216792106628418	12.68895435333252	12.716753005981445	12.545736312866211	12.325980186462402	12.142949104309082	12.016507148742676	11.924066543579102	11.86922550201416	11.889408111572266	11.981956481933594	12.074614524841309	12.100440979003906	12.069733619689941	12.037849426269531	12.023049354553223	12.002267837524414	11.974444389343262	11.967101097106934	11.977585792541504	11.96190357208252	11.894564628601074	11.80577278137207	11.749415397644043	11.750157356262207	11.786787986755371	11.817602157592773	11.817329406738281	11.791199684143066	11.75780200958252	11.72199535369873	11.6683931350708	11.588621139526367	11.519477844238281	11.536782264709473	11.679813385009766	11.884730339050293	12.023153305053711	12.009979248046875
65	mean	-4.0091657638549805	-4.113156795501709	-4.20465612411499	-4.306289196014404	-4.397988319396973	-4.397843837738037	-4.212934494018555	-3.843052387237549	-3.443315267562866	-3.2338247299194336	-3.2345292568206787	-2.9641225337982178	-1.3551318645477295	2.9166946411132812	10.733397483825684	21.81195068359375	34.43402862548828	45.91389846801758	53.65204620361328	56.24165344238281	54.03676986694336	48.893714904785156	43.245323181152344	38.995811462402344	36.77007293701172	35.831356048583984	34.6278076171875	31.635984420776367	26.07097625732422	18.163875579833984	8.963887214660645	-0.15327288210391998	-7.9958391189575195	-13.874368667602539	-17.657800674438477	-19.628618240356445	-20.261770248413086	-20.037107467651367	-19.336427688598633	-18.417715072631836	-17.4312744140625	-16.44995880126953	-15.499662399291992	-14.585026741027832	-13.70691204071045	-12.868293762207031	-12.070693016052246	-11.307969093322754	-10.567566871643066	-9.84246826171875	-9.146273612976074	-8.517926216125488	-8.007169723510742	-7.646041393280029	-7.423981666564941	-7.285304069519043	-7.153451442718506	-6.9679694175720215	-6.710808753967285	-6.407035827636719	-6.102144718170166	-5.831974029541016	-5.604188919067383	-5.400442123413086
65	std	11.278316497802734	11.134380340576172	11.099353790283203	11.150553703308105	11.17235279083252	11.101696968078613	11.019200325012207	11.033873558044434	11.133001327514648	11.229181289672852	11.300922393798828	11.389270782470703	11.429054260253906	11.115191459655762	10.047386169433594	8.191848754882812	6.5168843269348145	6.724328517913818	8.205402374267578	8.949679374694824	8.197831153869629	6.580316066741943	5.971193313598633	7.340692520141602	9.062743186950684	9.963784217834473	10.206092834472656	10.851129531860352	12.577959060668945	14.738787651062012	16.28652000427246	16.68578338623047	16.032485961914062	14.83061695098877	13.6564359664917	12.852834701538086	12.436689376831055	12.264869689941406	12.224631309509277	12.262904167175293	12.336859703063965	12.404202461242676	12.42467212677002	12.343382835388184	12.13497257232666	11.901097297668457	11.847968101501465	12.080840110778809	12.475557327270508	12.816079139709473	12.96873664855957	12.906250953674316	12.668639183044434	12.349949836730957	12.078099250793457	11.950651168823242	11.970320701599121	12.04697036743164	12.071659088134766	12.003774642944336	11.895096778869629	11.823676109313965	11.811676979064941	11.829560279846191
66	mean	-3.2927803993225098	-3.512571334838867	-3.605717897415161	-3.600252389907837	-3.5656936168670654	-3.5359303951263428	-3.4196372032165527	-2.963247776031494	-1.8061681985855103	0.3939145803451538	3.8404226303100586	8.558053016662598	14.448612213134766	21.373693466186523	29.160818099975586	37.489620208740234	45.73420333862305	52.91615676879883	57.88251876831055	59.67158508300781	57.881412506103516	52.81800842285156	45.33103942871094	36.4421272277832	26.999713897705078	17.544885635375977	8.40484619140625	-0.12143070995807648	-7.653237819671631	-13.77365493774414	-18.182525634765625	-20.835575103759766	-21.97083282470703	-22.008625030517578	-21.390283584594727	-20.445598602294922	-19.345190048217773	-18.13743782043457	-16.828845977783203	-15.453329086303711	-14.0925874710083	-12.84373664855957	-11.769976615905762	-10.880070686340332	-10.152647972106934	-9.579206466674805	-9.181763648986816	-8.984803199768066	-8.963890075683594	-9.01766586303711	-8.994095802307129	-8.760631561279297	-8.273749351501465	-7.601271152496338	-6.883594512939453	-6.259913444519043	-5.803248882293701	-5.496345043182373	-5.254554271697998	-4.977182865142822	-4.598175048828125	-4.113955497741699	-3.5794477462768555	-3.0761024951934814
66	std	11.352883338928223	11.47121810913086	11.565335273742676	11.634798049926758	11.749044418334961	11.940167427062988	12.136170387268066	12.27569580078125	12.443862915039062	12.805801391601562	13.405011177062988	14.036765098571777	14.254358291625977	13.53238582611084	11.611432075500488	8.916897773742676	6.949306964874268	7.348108768463135	8.863694190979004	9.5338716506958	8.853549003601074	7.777984619140625	8.230265617370605	10.34427547454834	12.371480941772461	13.243073463439941	12.922364234924316	12.017335891723633	11.27764892578125	11.110390663146973	11.448999404907227	12.021056175231934	12.590274810791016	13.016716003417969	13.25357437133789	13.34000015258789	13.38631534576416	13.530942916870117	13.857620239257812	14.305712699890137	14.664072036743164	14.692441940307617	14.286662101745605	13.579333305358887	12.903162956237793	12.558050155639648	12.532831192016602	12.57113265991211	12.51533317565918	12.436001777648926	12.444570541381836	12.520920753479004	12.57589340209961	12.571377754211426	12.521533966064453	12.445367813110352	12.355731964111328	12.274962425231934	12.251581192016602	12.327581405639648	12.45691204071045	12.528665542602539	12.522895812988281	12.544466972351074
67	mean	-4.271765232086182	-4.06671142578125	-3.778420925140381	-3.393785238265991	-2.7839279174804688	-1.6114144325256348	0.6603938341140747	4.575991630554199	10.346915245056152	17.540403366088867	25.042724609375	31.439857482910156	35.70307922363281	37.81410217285156	38.89878845214844	40.6649055480957	44.35408020019531	49.78532791137695	55.10700225830078	57.514339447021484	54.59983444213867	45.588470458984375	31.761070251464844	15.873801231384277	0.9717868566513062	-10.730695724487305	-18.38579750061035	-22.36304473876953	-23.685035705566406	-23.43706703186035	-22.417448043823242	-21.074495315551758	-19.616025924682617	-18.142667770385742	-16.723596572875977	-15.411084175109863	-14.2315034866333	-13.183096885681152	-12.247082710266113	-11.403478622436523	-10.64144229888916	-9.960050582885742	-9.361152648925781	-8.840039253234863	-8.379331588745117	-7.95085334777832	-7.526012420654297	-7.089522838592529	-6.647385597229004	-6.2224297523498535	-5.839815139770508	-5.514834880828857	-5.252168655395508	-5.054535388946533	-4.929219722747803	-4.88300895690918	-4.908062934875488	-4.971009731292725	-5.017449378967285	-4.992640495300293	-4.866177082061768	-4.644016742706299	-4.359851360321045	-4.0514445304870605
67	std	11.243492126464844	11.183798789978027	11.11762523651123	11.10234546661377	11.20020580291748	11.4542236328125	11.921308517456055	12.603829383850098	13.257979393005371	13.396343231201172	12.628106117248535	11.069707870483398	9.46120548248291	8.555085182189941	8.07619857788086	7.238834381103516	6.30443811416626	6.614114761352539	7.9412078857421875	8.583147048950195	7.810698509216309	6.4572834968566895	6.448270320892334	7.964755535125732	9.396381378173828	10.036787986755371	10.088675498962402	10.026233673095703	10.126977920532227	10.361002922058105	10.58964729309082	10.753252983093262	10.886957168579102	11.038070678710938	11.197434425354004	11.299927711486816	11.297651290893555	11.243144989013672	11.269710540771484	11.447151184082031	11.684056282043457	11.830534934997559	11.857500076293945	11.877975463867188	11.96851634979248	12.032096862792969	11.923322677612305	11.667548179626465	11.482491493225098	11.56728744506836	11.899599075317383	12.272955894470215	12.480324745178223	12.439398765563965	12.211172103881836	11.939591407775879	11.760486602783203	11.738300323486328	11.852745056152344	12.022924423217773	12.151511192321777	12.164777755737305	12.04257869720459	11.85064697265625
68	mean	-4.340446472167969	-4.420848369598389	-4.38252067565918	-4.206145286560059	-3.8915984630584717	-3.448410987854004	-2.8674604892730713	-2.08671498298645	-0.9735152125358582	0.6685125231742859	3.0886998176574707	6.603254318237305	11.625807762145996	18.641773223876953	28.028953552246094	39.70170593261719	52.71826934814453	65.1318588256836	74.32056427001953	77.7909164428711	74.1229248046875	63.577972412109375	48.03818130493164	30.324886322021484	13.260247230529785	-1.0949947834014893	-11.764246940612793	-18.744003295898438	-22.643451690673828	-24.296369552612305	-24.48794937133789	-23.827999114990234	-22.729312896728516	-21.439851760864258	-20.08941650390625	-18.7366886138916	-17.40671730041504	-16.115514755249023	-14.882189750671387	-13.730463027954102	-12.684966087341309	-11.762243270874023	-10.963747024536133	-10.27386474609375	-9.667248725891113	-9.121581077575684	-8.627052307128906	-8.186271667480469	-7.804527759552002	-7.479072570800781	-7.195863246917725	-6.9360270500183105	-6.686367034912109	-6.444562911987305	-6.2145795822143555	-5.9956536293029785	-5.77509069442749	-5.531783580780029	-5.249099254608154	-4.927525520324707	-4.587159633636475	-4.258176803588867	-3.9654250144958496	-3.71728777885437
68	std	12.607888221740723	12.627830505371094	12.704384803771973	12.786094665527344	12.859878540039062	12.938030242919922	13.033860206604004	13.167428970336914	13.370802879333496	13.698259353637695	14.246722221374512	15.009712219238281	15.569239616394043	15.147725105285645	13.216567993164062	10.269314765930176	8.498406410217285	9.935063362121582	12.436775207519531	13.50964641571045	12.430045127868652	10.291646003723145	10.040212631225586	12.626327514648438	15.338906288146973	16.45393180847168	15.972992897033691	14.793281555175781	13.8089599609375	13.318846702575684	13.156539916992188	13.123284339904785	13.126945495605469	13.139266967773438	13.173810958862305	13.25257682800293	13.356027603149414	13.432103157043457	13.46380615234375	13.4975004196167	13.580808639526367	13.689722061157227	13.756570816040039	13.765726089477539	13.775350570678711	13.829575538635254	13.887533187866211	13.877337455749512	13.795490264892578	13.714786529541016	13.703057289123535	13.761988639831543	13.837085723876953	13.862751007080078	13.81082534790039	13.714259147644043	13.628068923950195	13.569377899169922	13.527917861938477	13.519366264343262	13.567985534667969	13.641438484191895	13.666122436523438	13.61396598815918
69	mean	-0.7644709348678589	-0.9427840709686279	-1.2295268774032593	-1.5822598934173584	-1.9606108665466309	-2.2963016033172607	-2.4935977458953857	-2.488126039505005	-2.317440986633301	-2.093142509460449	-1.7975924015045166	-0.9775536060333252	1.4254575967788696	6.839597225189209	16.35321617126465	29.82023048400879	45.35089111328125	59.68939208984375	69.48485565185547	72.8271484375	70.12908935546875	63.77370834350586	56.71312713623047	50.86684036254883	46.26708984375	41.386016845703125	34.32904815673828	24.10520362854004	11.248376846313477	-2.4525067806243896	-14.822381019592285	-24.215543746948242	-30.022686004638672	-32.62826919555664	-32.98165512084961	-32.08518981933594	-30.651193618774414	-29.021169662475586	-27.283605575561523	-25.451427459716797	-23.57926368713379	-21.777908325195312	-20.157405853271484	-18.762521743774414	-17.551223754882812	-16.428178787231445	-15.306863784790039	-14.156950950622559	-13.006898880004883	-11.905909538269043	-10.880763053894043	-9.925315856933594	-9.028671264648438	-8.210197448730469	-7.523248195648193	-7.021274089813232	-6.716652870178223	-6.567595481872559	-6.499410629272461	-6.436631679534912	-6.31997537612915	-6.103270530700684	-5.747043609619141	-5.228900909423828
69	std	13.549667358398438	13.436897277832031	13.574565887451172	13.78511905670166	13.835693359375	13.81928825378418	14.065559387207031	14.607215881347656	15.059670448303223	15.168170928955078	15.153423309326172	15.372675895690918	15.731974601745605	15.650848388671875	14.608529090881348	12.738597869873047	11.148183822631836	11.135405540466309	12.210697174072266	12.769399642944336	12.161736488342285	11.12098217010498	10.838655471801758	11.228761672973633	11.36438274383545	11.424415588378906	12.480326652526855	14.374942779541016	15.736409187316895	15.750248908996582	14.748698234558105	13.755887985229492	13.546821594238281	14.109522819519043	15.096173286437988	16.17319679260254	16.901187896728516	16.869260787963867	16.085298538208008	15.08663558959961	14.476814270019531	14.298913955688477	14.169804573059082	13.914114952087402	13.663536071777344	13.492025375366211	13.349039077758789	13.342077255249023	13.676642417907715	14.237447738647461	14.599739074707031	14.507848739624023	14.144265174865723	13.926185607910156	14.051961898803711	14.332873344421387	14.48387336730957	14.389012336730957	14.103670120239258	13.779937744140625	13.618231773376465	13.749869346618652	14.07652759552002	14.315696716308594
70	mean	-3.844538450241089	-3.638659954071045	-3.404508113861084	-3.219879627227783	-3.086754322052002	-2.8949289321899414	-2.443328619003296	-1.5140578746795654	0.040508344769477844	2.257399320602417	5.116982936859131	8.686838150024414	13.274724006652832	19.451160430908203	27.822328567504883	38.56256866455078	50.90644454956055	62.93488693237305	71.93700408935547	75.34233856201172	71.8426742553711	62.123783111572266	48.781639099121094	35.411258697509766	25.273366928100586	20.127635955810547	19.715272903442383	22.065719604492188	24.436222076416016	24.430500030517578	20.807743072509766	13.700573921203613	4.277289867401123	-5.876712799072266	-15.330840110778809	-23.127859115600586	-28.82845687866211	-32.39500045776367	-34.04941177368164	-34.17254638671875	-33.2325553894043	-31.703622817993164	-29.971458435058594	-28.261762619018555	-26.631155014038086	-25.025371551513672	-23.368911743164062	-21.63488006591797	-19.864343643188477	-18.140180587768555	-16.542715072631836	-15.11528491973877	-13.856634140014648	-12.739728927612305	-11.740508079528809	-10.8537015914917	-10.082186698913574	-9.409653663635254	-8.78552532196045	-8.14281177520752	-7.439724445343018	-6.694883346557617	-5.98968505859375	-5.431477069854736
70	std	12.92344856262207	13.200737953186035	13.200491905212402	12.884442329406738	12.480682373046875	12.35327434539795	12.647684097290039	13.199335098266602	13.78573989868164	14.213372230529785	14.309574127197266	14.100794792175293	13.833159446716309	13.5010986328125	12.587905883789062	10.817412376403809	9.33497142791748	10.119223594665527	12.23741340637207	13.239588737487793	12.260684967041016	10.38708209991455	10.090152740478516	12.09045696258545	14.387848854064941	15.621382713317871	15.670559883117676	14.97488784790039	14.16616153717041	14.267648696899414	16.22632598876953	19.43819236755371	22.18695068359375	23.199472427368164	22.332256317138672	20.469728469848633	18.764829635620117	17.62051010131836	16.598207473754883	15.371047019958496	14.233233451843262	13.678374290466309	13.801115989685059	14.288091659545898	14.736894607543945	14.825643539428711	14.446807861328125	13.788992881774902	13.175760269165039	12.78299331665039	12.58060359954834	12.4869966506958	12.458574295043945	12.499369621276855	12.643316268920898	12.865252494812012	13.048724174499512	13.122961044311523	13.143174171447754	13.148482322692871	13.06773567199707	12.890665054321289	12.794666290283203	12.944830894470215
71	mean	-6.486901760101318	-6.94572639465332	-7.262022018432617	-7.36048698425293	-7.165435314178467	-6.590319633483887	-5.52622652053833	-3.8643882274627686	-1.5628951787948608	1.29580819606781	4.553548812866211	8.183238983154297	12.563846588134766	18.584003448486328	27.330978393554688	39.354026794433594	53.855308532714844	68.37983703613281	79.38922119140625	83.57498168945312	79.26448059082031	67.16360473632812	50.04618453979492	31.58854866027832	14.985806465148926	2.0263636112213135	-7.042901515960693	-13.000465393066406	-16.9148006439209	-19.599119186401367	-21.43462562561035	-22.492568969726562	-22.7620906829834	-22.311735153198242	-21.31968879699707	-20.007612228393555	-18.556842803955078	-17.06838607788086	-15.581599235534668	-14.123006820678711	-12.743083953857422	-11.516380310058594	-10.511226654052734	-9.754323959350586	-9.212776184082031	-8.80370807647705	-8.426658630371094	-8.00323486328125	-7.505111217498779	-6.9569172859191895	-6.412600517272949	-5.91949462890625	-5.492570400238037	-5.113070964813232	-4.747061729431152	-4.368997097015381	-3.9778077602386475	-3.600654363632202	-3.2845280170440674	-3.0780951976776123	-3.009439468383789	-3.0691041946411133	-3.2077085971832275	-3.3520760536193848
71	std	15.095086097717285	15.31729507446289	15.46224308013916	15.5835542678833	15.849411010742188	16.290664672851562	16.663328170776367	16.70845603942871	16.52472686767578	16.570993423461914	17.14603614807129	17.900236129760742	18.029611587524414	16.782304763793945	13.840051651000977	9.822457313537598	7.46864652633667	9.654390335083008	12.936718940734863	14.306418418884277	13.00312614440918	10.006213188171387	8.701803207397461	11.69937515258789	15.907732009887695	18.988969802856445	20.481857299804688	20.632112503051758	19.821809768676758	18.51166534423828	17.26805305480957	16.516544342041016	16.28054428100586	16.29467010498047	16.276687622070312	16.069231033325195	15.70379638671875	15.373457908630371	15.23302173614502	15.214622497558594	15.15947437286377	15.102781295776367	15.246866226196289	15.617754936218262	15.975890159606934	16.131834030151367	16.118040084838867	16.002927780151367	15.716347694396973	15.17487621307373	14.501611709594727	13.997981071472168	13.858317375183105	14.020986557006836	14.359420776367188	14.810766220092773	15.24724292755127	15.467132568359375	15.428260803222656	15.322527885437012	15.30197525024414	15.261058807373047	15.034960746765137	14.697097778320312
72	mean	-4.457535743713379	-4.558877944946289	-4.582081317901611	-4.564795017242432	-4.552425384521484	-4.543923377990723	-4.454920291900635	-4.143368721008301	-3.5013670921325684	-2.547234058380127	-1.4216259717941284	-0.25173985958099365	1.0336737632751465	2.776535987854004	5.432352066040039	9.229573249816895	13.856731414794922	18.41910171508789	21.75429344177246	22.955923080444336	21.80219268798828	18.837596893310547	15.074098587036133	11.50573444366455	8.718877792358398	6.7864766120910645	5.437914848327637	4.338066577911377	3.2859251499176025	2.243640422821045	1.2427947521209717	0.2850230932235718	-0.6780247092247009	-1.6891666650772095	-2.7217752933502197	-3.671008586883545	-4.4097185134887695	-4.863389015197754	-5.047180652618408	-5.046423435211182	-4.966614723205566	-4.889786720275879	-4.854374408721924	-4.855035781860352	-4.854813098907471	-4.807176113128662	-4.684276103973389	-4.497495651245117	-4.294711112976074	-4.133363723754883	-4.04560661315918	-4.016880035400391	-3.9906439781188965	-3.896369457244873	-3.6856698989868164	-3.35784912109375	-2.9596612453460693	-2.5582265853881836	-2.2056779861450195	-1.9190033674240112	-1.6821963787078857	-1.4625415802001953	-1.2318439483642578	-0.9848455190658569
72	std	6.391561985015869	6.56915283203125	6.6765313148498535	6.835129737854004	7.193077564239502	7.763020992279053	8.392000198364258	8.901047706604004	9.208279609680176	9.340511322021484	9.36308479309082	9.284392356872559	8.996125221252441	8.301094055175781	7.037341117858887	5.271471977233887	3.56365704536438	3.0822134017944336	3.7267704010009766	4.092578411102295	3.7418153285980225	3.0585575103759766	2.993410110473633	3.9802181720733643	5.304997444152832	6.38939094543457	7.036251544952393	7.295213222503662	7.315232276916504	7.215294361114502	7.043039321899414	6.794358253479004	6.467935562133789	6.153858184814453	6.034719467163086	6.200238227844238	6.523601055145264	6.800522804260254	6.90241003036499	6.819919109344482	6.659071922302246	6.564385414123535	6.5928425788879395	6.692908763885498	6.79261589050293	6.844021320343018	6.815278053283691	6.701000690460205	6.524659156799316	6.315197944641113	6.117759704589844	6.007076740264893	6.010714530944824	6.050567626953125	6.03867244720459	5.968530654907227	5.855042457580566	5.67348051071167	5.436500072479248	5.232096195220947	5.112324237823486	5.070342063903809	5.141926288604736	5.339607238769531
73	mean	-1.6505216360092163	-1.685009479522705	-1.7805414199829102	-1.9522082805633545	-2.1263177394866943	-2.135791063308716	-1.8143482208251953	-1.174338459968567	-0.5553688406944275	-0.5785555243492126	-1.810330867767334	-4.2387237548828125	-6.882798671722412	-7.904242515563965	-5.354625701904297	1.7265825271606445	12.468501091003418	24.150915145874023	33.163597106933594	36.531349182128906	33.231788635253906	24.60318946838379	13.626550674438477	3.507160186767578	-3.6374614238739014	-7.322339057922363	-8.358534812927246	-8.038187026977539	-7.398393630981445	-6.905817031860352	-6.56059455871582	-6.188427925109863	-5.6764349937438965	-5.043566703796387	-4.385120868682861	-3.7908153533935547	-3.3040170669555664	-2.9255666732788086	-2.6335208415985107	-2.3983075618743896	-2.1922810077667236	-1.997957706451416	-1.8130590915679932	-1.6477267742156982	-1.5144413709640503	-1.4176284074783325	-1.350001335144043	-1.2968369722366333	-1.2438315153121948	-1.183070182800293	-1.1147123575210571	-1.0448789596557617	-0.9818577170372009	-0.9330621957778931	-0.903183102607727	-0.892109751701355	-0.8928589224815369	-0.8922324180603027	-0.8757789134979248	-0.834902286529541	-0.7720135450363159	-0.7001575231552124	-0.636242687702179	-0.5919263362884521
73	std	4.584651947021484	4.593479156494141	4.578635215759277	4.585292339324951	4.6165642738342285	4.660796642303467	4.716001987457275	4.762965679168701	4.773468971252441	4.752225399017334	4.723378658294678	4.6943182945251465	4.658994197845459	4.55898380279541	4.218229293823242	3.471447229385376	2.533245325088501	2.3175652027130127	2.9669034481048584	3.3365018367767334	2.9811511039733887	2.36757493019104	2.5357537269592285	3.340669631958008	3.961921215057373	4.211843013763428	4.262369155883789	4.288136005401611	4.325211524963379	4.3553466796875	4.390131950378418	4.435810089111328	4.459242343902588	4.442468643188477	4.428628444671631	4.458243370056152	4.491474151611328	4.467802047729492	4.4009480476379395	4.343858242034912	4.306299209594727	4.274531364440918	4.2636213302612305	4.291235446929932	4.339655876159668	4.380931854248047	4.405859470367432	4.412002086639404	4.394719123840332	4.364074230194092	4.347707271575928	4.3599653244018555	4.388617038726807	4.4228715896606445	4.460775375366211	4.488779544830322	4.496907711029053	4.5050201416015625	4.533929347991943	4.561579704284668	4.548245906829834	4.499236106872559	4.464828968048096	4.47529935836792
74	mean	-4.000460147857666	-5.023608684539795	-6.180169105529785	-7.475100994110107	-8.899359703063965	-10.338310241699219	-11.525139808654785	-12.10835075378418	-11.815469741821289	-10.602167129516602	-8.66275405883789	-6.271897792816162	-3.5629894733428955	-0.41530704498291016	3.4376659393310547	8.118471145629883	13.318392753601074	18.225955963134766	21.766023635864258	23.050527572631836	21.799352645874023	18.49211311340332	14.161324501037598	9.943747520446777	6.636751174926758	4.479642391204834	3.226762533187866	2.4131808280944824	1.6380099058151245	0.7259688973426819	-0.27327683568000793	-1.1934093236923218	-1.8751702308654785	-2.2410385608673096	-2.309221029281616	-2.168837070465088	-1.9408103227615356	-1.7354835271835327	-1.6115461587905884	-1.550526738166809	-1.4698623418807983	-1.2808793783187866	-0.9597617387771606	-0.5774024724960327	-0.2590925097465515	-0.10110881924629211	-0.10870520770549774	-0.2040509730577469	-0.29453957080841064	-0.3414030373096466	-0.3724707365036011	-0.4362289309501648	-0.5441761016845703	-0.6522453427314758	-0.6940233707427979	-0.6340455412864685	-0.4953653812408447	-0.3426593840122223	-0.24130624532699585	-0.22511199116706848	-0.2880077362060547	-0.3951989412307739	-0.5022352337837219	-0.572053849697113
74	std	4.9150071144104	4.843729496002197	4.724602222442627	4.659858703613281	4.761865615844727	5.086029529571533	5.522292137145996	5.854321002960205	6.040526390075684	6.271726131439209	6.624577045440674	6.898096084594727	6.8952956199646	6.540607452392578	5.732114315032959	4.393245697021484	2.8857004642486572	2.515619993209839	3.3811609745025635	3.8452706336975098	3.423553466796875	2.617030143737793	2.5957930088043213	3.4811856746673584	4.354098796844482	4.872800827026367	5.07439661026001	5.090385437011719	5.042098522186279	5.0211639404296875	5.06490421295166	5.125093460083008	5.116491794586182	5.017719745635986	4.893296718597412	4.807583332061768	4.743807315826416	4.676400661468506	4.67718505859375	4.7863311767578125	4.858011722564697	4.745734691619873	4.515116214752197	4.348052501678467	4.33986759185791	4.474620342254639	4.6813645362854	4.879256248474121	5.006923675537109	4.979348182678223	4.741064071655273	4.459413051605225	4.461716651916504	4.770352363586426	5.0737738609313965	5.178324222564697	5.107753276824951	4.964364528656006	4.877420902252197	4.928099155426025	5.012813091278076	4.974295139312744	4.850824356079102	4.8081583976745605
75	mean	-4.000354290008545	-4.545492649078369	-5.137129306793213	-5.758566379547119	-6.365546226501465	-6.93607234954834	-7.513423442840576	-8.197013854980469	-9.06804370880127	-10.09130573272705	-11.077217102050781	-11.773865699768066	-12.066422462463379	-12.14875316619873	-12.50287914276123	-13.632802963256836	-15.687862396240234	-18.234355926513672	-20.37818717956543	-21.2166690826416	-20.353187561035156	-18.135953903198242	-15.455839157104492	-13.237983703613281	-11.962849617004395	-11.507122039794922	-11.355409622192383	-10.992932319641113	-10.208108901977539	-9.137924194335938	-8.083946228027344	-7.269042015075684	-6.706348896026611	-6.236141204833984	-5.664018154144287	-4.891787528991699	-3.9677345752716064	-3.0417938232421875	-2.2608840465545654	-1.6716985702514648	-1.1958461999893188	-0.6921963691711426	-0.057544972747564316	0.7070599794387817	1.5075076818466187	2.232100248336792	2.832961082458496	3.3531599044799805	3.8817617893218994	4.473681926727295	5.09934663772583	5.665901184082031	6.092994213104248	6.381569862365723	6.6202287673950195	6.923451900482178	7.347756385803223	7.846616744995117	8.296565055847168	8.578401565551758	8.65885066986084	8.614567756652832	8.57978343963623	8.654457092285156
75	std	6.852566242218018	6.774322986602783	6.69844388961792	6.695138454437256	6.714649677276611	6.718379020690918	6.7456278800964355	6.794254302978516	6.7783918380737305	6.653652191162109	6.502767562866211	6.438014984130859	6.420664310455322	6.2629828453063965	5.836996555328369	5.238288402557373	4.782606601715088	4.758425712585449	5.0337910652160645	5.196369171142578	5.064512252807617	4.87443733215332	5.02443265914917	5.558343410491943	6.147408962249756	6.555578231811523	6.819253921508789	7.068790435791016	7.307484149932861	7.448521614074707	7.480624675750732	7.470946788787842	7.451984882354736	7.386608600616455	7.2380571365356445	7.0590667724609375	6.9890594482421875	7.088052749633789	7.22714900970459	7.253626823425293	7.1476545333862305	6.963306427001953	6.762628078460693	6.6398515701293945	6.66424560546875	6.791741371154785	6.924264430999756	6.995128154754639	6.980959415435791	6.902806758880615	6.813792705535889	6.774712085723877	6.820190906524658	6.908457279205322	6.961604595184326	6.9762725830078125	7.0031418800354	7.041916847229004	7.069058895111084	7.1143598556518555	7.205502510070801	7.297532081604004	7.322874546051025	7.2509446144104
76	mean	7.267309188842773	7.158594608306885	6.699087619781494	5.996342658996582	5.176553726196289	4.314638614654541	3.399496078491211	2.356323719024658	1.1230928897857666	-0.2646387219429016	-1.6557754278182983	-2.8834855556488037	-3.947852849960327	-5.151815414428711	-7.041815757751465	-10.106229782104492	-14.362251281738281	-19.091901779174805	-22.95487403869629	-24.4982852935791	-22.82618522644043	-18.061418533325195	-11.330305099487305	-4.272674083709717	1.6432195901870728	5.627918720245361	7.672071933746338	8.27982234954834	8.067058563232422	7.470095157623291	6.675934314727783	5.723698616027832	4.642836570739746	3.5183279514312744	2.463042736053467	1.5549986362457275	0.807755708694458	0.1935972422361374	-0.31205350160598755	-0.7059610486030579	-0.9664075374603271	-1.0826581716537476	-1.0798736810684204	-1.0191138982772827	-0.9683550596237183	-0.9627290964126587	-0.983637809753418	-0.9746198654174805	-0.8843374252319336	-0.7052633166313171	-0.4781825542449951	-0.25840994715690613	-0.0711846649646759	0.105526402592659	0.31508108973503113	0.5757929086685181	0.855897068977356	1.09187650680542	1.2330121994018555	1.2747631072998047	1.258320689201355	1.243778109550476	1.2810311317443848	1.3932971954345703
76	std	12.322101593017578	11.988740921020508	11.371541023254395	10.656341552734375	9.943373680114746	9.281059265136719	8.67308521270752	8.092206001281738	7.58013916015625	7.260987758636475	7.191250324249268	7.272830486297607	7.290401458740234	6.956542491912842	6.0434746742248535	4.6634931564331055	3.7555439472198486	4.643580913543701	6.303680896759033	7.0779852867126465	6.081414222717285	3.5916497707366943	4.22367525100708	9.019675254821777	13.741740226745605	17.104900360107422	18.754621505737305	18.899818420410156	18.036396026611328	16.66391372680664	15.103616714477539	13.491510391235352	11.906842231750488	10.485581398010254	9.394262313842773	8.695707321166992	8.277087211608887	7.942307472229004	7.554795742034912	7.102954864501953	6.688724040985107	6.458076000213623	6.479135990142822	6.6622467041015625	6.835412979125977	6.894696235656738	6.8606977462768555	6.802469253540039	6.75609016418457	6.729621887207031	6.710022926330566	6.656402587890625	6.559776306152344	6.484053611755371	6.47877836227417	6.496819972991943	6.463409900665283	6.3778157234191895	6.3069987297058105	6.2918925285339355	6.285164833068848	6.213961124420166	6.083824634552002	5.979508876800537
77	mean	0.7675629258155823	0.6478378772735596	0.5372727513313293	0.47703880071640015	0.48506227135658264	0.5270376205444336	0.5204511880874634	0.38634759187698364	0.12031111121177673	-0.18385817110538483	-0.41319864988327026	-0.5993322730064392	-1.0562849044799805	-2.3487467765808105	-5.028307914733887	-9.242249488830566	-14.458602905273438	-19.535076141357422	-23.15918731689453	-24.43235206604004	-23.25571060180664	-20.302255630493164	-16.62322235107422	-13.148178100585938	-10.35642147064209	-8.249971389770508	-6.5600457191467285	-5.007798194885254	-3.4626102447509766	-1.950025200843811	-0.5652551651000977	0.6176599264144897	1.5846405029296875	2.367629051208496	3.010223150253296	3.5435776710510254	3.9831748008728027	4.338646411895752	4.623350143432617	4.855127334594727	5.049488544464111	5.213454723358154	5.347139358520508	5.451568126678467	5.533908843994141	5.603693008422852	5.662966251373291	5.700122833251953	5.694353103637695	5.628519535064697	5.501096248626709	5.328063488006592	5.134149551391602	4.9406657218933105	4.758549213409424	4.589261054992676	4.429916858673096	4.276491641998291	4.122433185577393	3.9565162658691406	3.7658634185791016	3.5447845458984375	3.302750825881958	3.0631067752838135
77	std	4.274075508117676	4.3129096031188965	4.324557781219482	4.302078723907471	4.297179222106934	4.36115026473999	4.511977195739746	4.744210243225098	5.005791664123535	5.205530643463135	5.307631015777588	5.38157320022583	5.471578598022461	5.4196553230285645	4.966623306274414	4.145572662353516	3.691589117050171	4.353616237640381	5.372787952423096	5.797490119934082	5.39408016204834	4.514402389526367	3.807997941970825	3.7034783363342285	3.986990451812744	4.272090911865234	4.4150004386901855	4.4568610191345215	4.486344337463379	4.533318519592285	4.56282901763916	4.55449914932251	4.537075042724609	4.53949499130249	4.554099082946777	4.561001777648926	4.550938606262207	4.515810966491699	4.44819974899292	4.361396789550781	4.289689064025879	4.258536338806152	4.266219139099121	4.293349266052246	4.319337368011475	4.335491180419922	4.3461689949035645	4.355340003967285	4.356869697570801	4.3389153480529785	4.301223278045654	4.268348217010498	4.261164665222168	4.256317138671875	4.217972278594971	4.1552815437316895	4.100790500640869	4.060649394989014	4.031983375549316	4.030986785888672	4.065642356872559	4.1148362159729	4.153486728668213	4.177671909332275
78	mean	3.2575669288635254	3.2368245124816895	3.216831684112549	3.193030595779419	3.1460235118865967	2.994034767150879	2.587003469467163	1.8242650032043457	0.8672300577163696	0.24047628045082092	0.5622190237045288	1.873318076133728	2.951214551925659	1.2597670555114746	-6.038847923278809	-20.300500869750977	-39.888282775878906	-60.122398376464844	-75.09777069091797	-80.48428344726562	-75.60155487060547	-63.467445373535156	-48.91373825073242	-36.10633850097656	-26.975034713745117	-21.19816017150879	-17.310758590698242	-13.966507911682129	-10.595123291015625	-7.315957069396973	-4.474492073059082	-2.2593014240264893	-0.6100189089775085	0.6646203994750977	1.747639775276184	2.761664867401123	3.7878024578094482	4.892788887023926	6.13139533996582	7.531042575836182	9.077183723449707	10.709585189819336	12.330950736999512	13.825763702392578	15.086766242980957	16.043378829956055	16.6811580657959	17.040918350219727	17.194488525390625	17.208791732788086	17.11748695373535	16.915769577026367	16.580093383789062	16.098878860473633	15.494312286376953	14.821772575378418	14.147780418395996	13.519627571105957	12.945501327514648	12.397953033447266	11.838802337646484	11.249309539794922	10.645135879516602	10.065537452697754
78	std	4.470073223114014	4.543280124664307	4.622794151306152	4.699278831481934	4.788755893707275	4.9093241691589355	5.0133137702941895	5.033322334289551	5.00329065322876	5.040143013000488	5.17412805557251	5.335339069366455	5.496749401092529	5.583400249481201	5.361451625823975	4.944463729858398	5.4911065101623535	7.527716159820557	9.622214317321777	10.437488555908203	9.614577293395996	7.8029632568359375	6.255532741546631	5.7677459716796875	5.86061429977417	5.906467914581299	5.818563461303711	5.678003787994385	5.510498523712158	5.329795837402344	5.186030864715576	5.139774799346924	5.187582492828369	5.236381530761719	5.190694332122803	5.031857967376709	4.804594039916992	4.579428195953369	4.434702396392822	4.416840553283691	4.493377208709717	4.574706554412842	4.596060276031494	4.575429916381836	4.583425045013428	4.653210639953613	4.745453357696533	4.800652980804443	4.796036243438721	4.749843597412109	4.669412136077881	4.523648738861084	4.321685314178467	4.171792507171631	4.161013126373291	4.233633995056152	4.29295539855957	4.322253227233887	4.360799312591553	4.422638416290283	4.456583023071289	4.401183128356934	4.2812347412109375	4.207667350769043
79	mean	1.77827787399292	1.8126081228256226	2.122368812561035	2.928361177444458	4.336287021636963	6.207701683044434	8.144659996032715	9.630817413330078	10.25720500946045	9.8820219039917	8.607990264892578	6.594120502471924	3.8525543212890625	0.2071194052696228	-4.5221333503723145	-10.21931266784668	-16.277359008789062	-21.680179595947266	-25.356935501098633	-26.61963653564453	-25.43697166442871	-22.40416145324707	-18.448780059814453	-14.449913024902344	-10.962993621826172	-8.151429176330566	-5.8993330001831055	-3.9979748725891113	-2.2958967685699463	-0.7559009790420532	0.5743449330329895	1.6312909126281738	2.3918962478637695	2.88871431350708	3.187791109085083	3.3547794818878174	3.4342424869537354	3.4506819248199463	3.4218814373016357	3.369246482849121	3.3168320655822754	3.2812814712524414	3.2611258029937744	3.234405040740967	3.1687443256378174	3.0397896766662598	2.8473706245422363	2.61907696723938	2.3982901573181152	2.2232701778411865	2.1094839572906494	2.0444986820220947	1.9962846040725708	1.9289422035217285	1.8187079429626465	1.6638429164886475	1.483967900276184	1.3089253902435303	1.1641353368759155	1.0618245601654053	1.0022157430648804	0.9807921648025513	0.994170606136322	1.0397602319717407
79	std	4.402493953704834	4.203319549560547	4.103399276733398	4.1610589027404785	4.320980548858643	4.57532262802124	4.989699840545654	5.543786525726318	6.06378173828125	6.335745334625244	6.251071929931641	5.893900394439697	5.496391773223877	5.189546585083008	4.821789264678955	4.2635674476623535	3.8607211112976074	4.135725498199463	4.766587734222412	5.05139684677124	4.765308380126953	4.19950532913208	3.8519978523254395	3.92769193649292	4.202288627624512	4.422256946563721	4.473478317260742	4.344778537750244	4.131547451019287	3.9969027042388916	4.00410270690918	4.046850204467773	4.042111396789551	4.05771541595459	4.162032604217529	4.277493476867676	4.303779125213623	4.252410888671875	4.1926493644714355	4.161128520965576	4.153388500213623	4.145222187042236	4.132077217102051	4.1651997566223145	4.2863664627075195	4.439624786376953	4.535626411437988	4.553661823272705	4.512965679168701	4.406580448150635	4.2281107902526855	4.025017261505127	3.8815078735351562	3.853968620300293	3.9220335483551025	4.005368232727051	4.045271873474121	4.067821502685547	4.150120258331299	4.309470176696777	4.456624984741211	4.490599632263184	4.40659761428833	4.287968158721924
80	mean	1.6196492910385132	1.481882095336914	1.4121990203857422	1.462133526802063	1.6235841512680054	1.7948590517044067	1.822187900543213	1.6287082433700562	1.345577359199524	1.2951200008392334	1.7372283935546875	2.4775948524475098	2.622957468032837	0.7786931991577148	-4.262037754058838	-12.667142868041992	-23.110755920410156	-33.11635208129883	-40.09999084472656	-42.52494812011719	-40.486202239990234	-35.43272399902344	-29.292821884155273	-23.582727432250977	-18.96925163269043	-15.38162612915039	-12.429640769958496	-9.790852546691895	-7.3677167892456055	-5.224954605102539	-3.442775011062622	-2.016807794570923	-0.8533575534820557	0.17102289199829102	1.1460148096084595	2.101926565170288	3.026761770248413	3.9033093452453613	4.737184047698975	5.558176040649414	6.39639139175415	7.252012729644775	8.082587242126465	8.819450378417969	9.40336799621582	9.81587028503418	10.086302757263184	10.270535469055176	10.414753913879395	10.52754020690918	10.577629089355469	10.516613960266113	10.310070991516113	9.958442687988281	9.500181198120117	8.9996919631958	8.526803016662598	8.13317584991455	7.8317108154296875	7.587812423706055	7.331019878387451	6.987429618835449	6.519599914550781	5.952010154724121
80	std	4.210028171539307	4.242010593414307	4.2719197273254395	4.309603214263916	4.3322625160217285	4.383600234985352	4.5965752601623535	5.036357879638672	5.558652877807617	5.9036030769348145	5.918246746063232	5.729059219360352	5.661529541015625	5.7721757888793945	5.670511722564697	5.211445331573486	5.25696325302124	6.635936737060547	8.332579612731934	9.049388885498047	8.36264705657959	6.721744537353516	5.087116718292236	4.282597064971924	4.266913890838623	4.52640438079834	4.812648773193359	5.040818691253662	5.16064453125	5.183229923248291	5.169260501861572	5.1527419090271	5.106456756591797	5.002029895782471	4.869877815246582	4.776880264282227	4.765997409820557	4.827773094177246	4.904046058654785	4.913459300994873	4.808810710906982	4.625693321228027	4.458596706390381	4.384438514709473	4.423173904418945	4.544856071472168	4.673122882843018	4.716274261474609	4.639550685882568	4.501409530639648	4.402751445770264	4.397843360900879	4.460728645324707	4.529400825500488	4.565442085266113	4.562216281890869	4.51074743270874	4.412533283233643	4.329057216644287	4.333930492401123	4.408719539642334	4.473222255706787	4.482694149017334	4.449566841125488
81	mean	5.524258136749268	3.3236026763916016	1.3122193813323975	-0.5312620997428894	-2.2012341022491455	-3.71032452583313	-5.130127429962158	-6.575112819671631	-8.121102333068848	-9.715889930725098	-11.168468475341797	-12.262063980102539	-12.940624237060547	-13.43619155883789	-14.210211753845215	-15.694273948669434	-17.968868255615234	-20.59579086303711	-22.750577926635742	-23.614748001098633	-22.80716896057129	-20.590986251831055	-17.727922439575195	-15.0761137008667	-13.181493759155273	-12.094111442565918	-11.477943420410156	-10.896719932556152	-10.077964782714844	-9.011357307434082	-7.86968994140625	-6.847864627838135	-6.037442207336426	-5.399645805358887	-4.824936866760254	-4.221405982971191	-3.572153329849243	-2.9326741695404053	-2.3802263736724854	-1.9557793140411377	-1.6393628120422363	-1.3710781335830688	-1.0950576066970825	-0.7913655638694763	-0.4771168529987335	-0.18408671021461487	0.06646943092346191	0.2750803530216217	0.45801594853401184	0.6324855089187622	0.805700957775116	0.9750064611434937	1.1362332105636597	1.291369080543518	1.4485547542572021	1.6142992973327637	1.7843410968780518	1.9423447847366333	2.0710930824279785	2.1695220470428467	2.2603936195373535	2.3785440921783447	2.546344757080078	2.7553141117095947
81	std	10.341236114501953	9.074795722961426	8.271172523498535	7.864527225494385	7.677498817443848	7.5616068840026855	7.449831008911133	7.291683673858643	7.067000389099121	6.847150802612305	6.72573184967041	6.681120872497559	6.572391510009766	6.243021011352539	5.608681678771973	4.754745960235596	4.051739692687988	3.9579038619995117	4.311283111572266	4.5101447105407715	4.3034281730651855	3.9771883487701416	4.101138591766357	4.849406719207764	5.825646877288818	6.622448444366455	7.082315444946289	7.283969402313232	7.394397258758545	7.4969401359558105	7.562396049499512	7.541062355041504	7.42742919921875	7.253148555755615	7.061765193939209	6.911335468292236	6.8696441650390625	6.952301502227783	7.081434726715088	7.154383659362793	7.134286880493164	7.052508354187012	6.951993465423584	6.857235908508301	6.789237976074219	6.771667003631592	6.799594879150391	6.824148654937744	6.801566123962402	6.749505043029785	6.7192792892456055	6.712953567504883	6.674517631530762	6.5690412521362305	6.433143138885498	6.342219352722168	6.340269565582275	6.408553600311279	6.503421783447266	6.613897800445557	6.787947177886963	7.121465682983398	7.703422546386719	8.529812812805176
82	mean	8.747139930725098	7.100000858306885	5.3214030265808105	3.528482437133789	1.8779997825622559	0.4447496831417084	-0.8507124185562134	-2.1972434520721436	-3.747448444366455	-5.473809242248535	-7.150083541870117	-8.50688648223877	-9.477666854858398	-10.353492736816406	-11.688971519470215	-13.960099220275879	-17.170045852661133	-20.682323455810547	-23.44281768798828	-24.498699188232422	-23.511518478393555	-20.94495391845703	-17.80948257446289	-15.125285148620605	-13.434797286987305	-12.641999244689941	-12.22629165649414	-11.642513275146484	-10.636760711669922	-9.311942100524902	-7.964222431182861	-6.845235347747803	-6.015444755554199	-5.359960556030273	-4.717947959899902	-4.012423992156982	-3.291391134262085	-2.6702725887298584	-2.235468864440918	-1.9831984043121338	-1.8294181823730469	-1.6712814569473267	-1.4488416910171509	-1.1649922132492065	-0.8596511483192444	-0.5681891441345215	-0.2970588207244873	-0.02665543183684349	0.26972657442092896	0.6051619052886963	0.9654709696769714	1.3105300664901733	1.59573233127594	1.8044897317886353	1.9679769277572632	2.1523752212524414	2.4157800674438477	2.7606985569000244	3.1177444458007812	3.37906551361084	3.4614651203155518	3.3529505729675293	3.1106529235839844	2.8195154666900635
82	std	13.689489364624023	12.849485397338867	12.12214469909668	11.467880249023438	10.700758934020996	9.857414245605469	9.205552101135254	8.90537166595459	8.882055282592773	8.999585151672363	9.147799491882324	9.221589088439941	9.102843284606934	8.616158485412598	7.563608169555664	5.9764838218688965	4.533786773681641	4.460704803466797	5.382359981536865	5.865691184997559	5.455915927886963	4.646832466125488	4.4029154777526855	5.09949254989624	6.285475254058838	7.608410835266113	8.883484840393066	9.917900085449219	10.555068016052246	10.79213809967041	10.782238006591797	10.683823585510254	10.540685653686523	10.33931827545166	10.12038516998291	9.969879150390625	9.906259536743164	9.839427947998047	9.677882194519043	9.421717643737793	9.124911308288574	8.831948280334473	8.574417114257812	8.37975788116455	8.309070587158203	8.4960355758667	8.990729331970215	9.555295944213867	9.812134742736816	9.630865097045898	9.442643165588379	10.033378601074219	11.467129707336426	12.820630073547363	13.288331985473633	12.927383422851562	12.689397811889648	13.615156173706055	15.55735969543457	17.375032424926758	18.101360321044922	17.5625	16.444652557373047	15.721861839294434
83	mean	4.23289680480957	5.252857208251953	4.462982654571533	1.65011465549469	-1.0813318490982056	0.786620557308197	12.297371864318848	35.73468780517578	67.88529205322266	100.01209259033203	121.20734405517578	123.4465560913086	105.33576202392578	72.36924743652344	33.86474609375	-1.2848238945007324	-27.63640022277832	-43.856895446777344	-51.49986267089844	-53.20536422729492	-51.409305572509766	-47.876670837402344	-43.758872985839844	-39.756099700927734	-36.20289611816406	-33.12834167480469	-30.379880905151367	-27.789470672607422	-25.29131317138672	-22.9338321685791	-20.809444427490234	-18.97422981262207	-17.411592483520508	-16.049562454223633	-14.8056058883667	-13.626363754272461	-12.502646446228027	-11.45876407623291	-10.526229858398438	-9.718009948730469	-9.015328407287598	-8.373106002807617	-7.740198135375977	-7.084071636199951	-6.405139446258545	-5.732455730438232	-5.103976249694824	-4.545056343078613	-4.05990743637085	-3.639193296432495	-3.2722935676574707	-2.9503726959228516	-2.6596128940582275	-2.3760056495666504	-2.072474479675293	-1.7357451915740967	-1.3785784244537354	-1.0342167615890503	-0.7342641353607178	-0.4856988191604614	-0.264901340007782	-0.035300422459840775	0.22332045435905457	0.4971305727958679
83	std	6.04480504989624	6.007269382476807	5.940097808837891	6.068564414978027	8.071566581726074	13.265756607055664	19.597354888916016	23.662248611450195	22.697038650512695	16.693681716918945	12.19855785369873	18.050567626953125	25.010229110717773	26.796770095825195	23.02373504638672	16.05864906311035	9.192107200622559	5.486039638519287	5.44146728515625	5.950474262237549	5.92176628112793	5.565662384033203	5.323731899261475	5.475210666656494	5.8065714836120605	5.965151786804199	5.86262321472168	5.629029750823975	5.424251556396484	5.333749294281006	5.336933612823486	5.342613697052002	5.294236183166504	5.212616920471191	5.126108169555664	5.033920764923096	4.9643120765686035	4.967399597167969	5.013297080993652	5.013093948364258	4.952484607696533	4.902594089508057	4.916409492492676	4.984435081481934	5.053532123565674	5.062203407287598	5.015674591064453	4.998154163360596	5.05000638961792	5.104902267456055	5.099298477172852	5.053462505340576	5.014880657196045	4.993805885314941	4.9914469718933105	5.026189804077148	5.089275360107422	5.135046482086182	5.143365859985352	5.138105392456055	5.1412458419799805	5.167705059051514	5.246188640594482	5.373854637145996
84	mean	3.342378616333008	4.974958896636963	7.118580341339111	8.107930183410645	5.979969501495361	0.4651309549808502	-5.112005710601807	-3.8384766578674316	11.75057601928711	44.563087463378906	88.83499145507812	130.37469482421875	152.16053771972656	142.60870361328125	101.66938018798828	41.048641204833984	-21.547727584838867	-70.52645111083984	-98.19330596923828	-105.65702056884766	-99.59546661376953	-87.67119598388672	-75.28034973144531	-64.6973648071289	-56.00745391845703	-48.519840240478516	-41.69744110107422	-35.39457702636719	-29.697002410888672	-24.70891571044922	-20.451467514038086	-16.86309814453125	-13.841994285583496	-11.283002853393555	-9.096174240112305	-7.212262153625488	-5.583057403564453	-4.1787943840026855	-2.9806900024414062	-1.9696509838104248	-1.1170907020568848	-0.38400501012802124	0.27015531063079834	0.8743370771408081	1.4368911981582642	1.9469494819641113	2.386068820953369	2.7437307834625244	3.027299642562866	3.2611658573150635	3.4759151935577393	3.694082021713257	3.9194936752319336	4.135566711425781	4.314055442810059	4.42954158782959	4.473548889160156	4.461342811584473	4.427721977233887	4.412303924560547	4.440554141998291	4.511216640472412	4.598202705383301	4.66677713394165
84	std	15.17722225189209	15.229695320129395	15.35161018371582	15.516986846923828	15.716863632202148	15.696586608886719	15.32730770111084	16.009721755981445	19.491783142089844	23.659616470336914	24.55937957763672	20.732467651367188	15.779263496398926	16.60076904296875	20.14777183532715	20.01886558532715	15.933198928833008	12.210099220275879	12.714099884033203	14.275198936462402	14.085502624511719	12.65805435180664	11.51397705078125	11.452579498291016	12.14504337310791	12.949122428894043	13.501535415649414	13.7667236328125	13.888169288635254	14.015069961547852	14.21403980255127	14.469305038452148	14.709556579589844	14.852656364440918	14.876264572143555	14.850724220275879	14.869688034057617	14.952348709106445	15.048544883728027	15.12104606628418	15.169238090515137	15.18903636932373	15.172465324401855	15.152928352355957	15.188961029052734	15.28313159942627	15.37240219116211	15.417685508728027	15.446208000183105	15.485599517822266	15.513482093811035	15.507185935974121	15.485219955444336	15.460163116455078	15.407648086547852	15.324341773986816	15.26230525970459	15.261007308959961	15.284428596496582	15.267552375793457	15.200725555419922	15.134718894958496	15.115364074707031	15.141016960144043
85	mean	2.0897376537323	2.0875792503356934	2.0744733810424805	2.039250135421753	1.9651821851730347	1.8269057273864746	1.5935169458389282	1.241927981376648	0.7772705554962158	0.24457670748233795	-0.2950967848300934	-0.8425211310386658	-1.5697133541107178	-2.882425308227539	-5.333787441253662	-9.341992378234863	-14.79686164855957	-20.77936553955078	-25.650144577026367	-27.6091365814209	-25.529836654663086	-19.617446899414062	-11.451602935791016	-3.3184149265289307	2.8055195808410645	6.027404308319092	6.665797233581543	5.770893096923828	4.431902885437012	3.300645589828491	2.518235445022583	1.9404569864273071	1.4149389266967773	0.9187380075454712	0.526107132434845	0.30374741554260254	0.2453070431947708	0.2847297191619873	0.35286661982536316	0.4198882281780243	0.49480512738227844	0.5954295992851257	0.7214224934577942	0.850944459438324	0.9578230977058411	1.0322182178497314	1.0878138542175293	1.1491882801055908	1.2292777299880981	1.3163294792175293	1.3825502395629883	1.4082649946212769	1.401513695716858	1.3955724239349365	1.425053358078003	1.5003622770309448	1.602537751197815	1.7019840478897095	1.78225839138031	1.8462364673614502	1.9011729955673218	1.9412730932235718	1.9480180740356445	1.9087448120117188
85	std	4.483335971832275	4.411628723144531	4.3735456466674805	4.371750354766846	4.36398458480835	4.357307434082031	4.389674186706543	4.44501256942749	4.479657173156738	4.503616809844971	4.5462236404418945	4.572049140930176	4.515406608581543	4.334816932678223	3.9364302158355713	3.1711926460266113	2.2162647247314453	2.213017463684082	3.211130142211914	3.7321512699127197	3.250100612640381	2.353724241256714	2.659968376159668	3.8256735801696777	4.584216117858887	4.706352233886719	4.477010250091553	4.270693778991699	4.240355491638184	4.285955905914307	4.270233631134033	4.184336185455322	4.138081073760986	4.20516300201416	4.333652019500732	4.435638904571533	4.4634528160095215	4.417994976043701	4.365298271179199	4.392651557922363	4.497879505157471	4.614975452423096	4.728307723999023	4.8304057121276855	4.84315299987793	4.71882438659668	4.545669078826904	4.442286014556885	4.409668445587158	4.393290996551514	4.382325649261475	4.36879825592041	4.3203630447387695	4.227794170379639	4.131278038024902	4.10042667388916	4.1625752449035645	4.252579212188721	4.301374435424805	4.328207015991211	4.3738226890563965	4.411757469177246	4.405757427215576	4.382725715637207
