unit_id	statistic	s00	s01	s02	s03	s04	s05	s06	s07	s08	s09	s10	s11	s12	s13	s14	s15	s16	s17	s18	s19	s20	s21	s22	s23	s24	s25	s26	s27	s28	s29	s30	s31	s32	s33	s34	s35	s36	s37	s38	s39	s40	s41	s42	s43	s44	s45	s46	s47	s48	s49	s50	s51	s52	s53	s54	s55	s56	s57	s58	s59	s60	s61	s62	s63
1	mean	-1.3835726976394653	-1.4626582860946655	-1.5198450088500977	-1.5424063205718994	-1.5397937297821045	-1.5179330110549927	-1.4543894529342651	-1.3024815320968628	-1.0272380113601685	-0.6390444040298462	-0.17821916937828064	0.3616279065608978	1.1201848983764648	2.3771603107452393	4.422641754150391	7.333956241607666	10.797770500183105	14.124326705932617	16.49498176574707	17.329139709472656	16.5625	14.668656349182129	12.409533500671387	10.463750839233398	9.14594841003418	8.357702255249023	7.758689880371094	7.021645545959473	6.012978553771973	4.81749153137207	3.632495641708374	2.6248083114624023	1.8434540033340454	1.2256951332092285	0.6680149435997009	0.09998231381177902	-0.486886203289032	-1.0601892471313477	-1.586683750152588	-2.0567562580108643	-2.4818217754364014	-2.8765292167663574	-3.24408221244812	-3.5746185779571533	-3.8545472621917725	-4.077821254730225	-4.250512599945068	-4.386452674865723	-4.497195243835449	-4.5825514793396	-4.628056526184082	-4.612420082092285	-4.521498680114746	-4.359555244445801	-4.150825023651123	-3.931837797164917	-3.7399072647094727	-3.6020348072052	-3.5262367725372314	-3.4980416297912598	-3.4858763217926025	-3.4546611309051514	-3.379713296890259	-3.2521345615386963
1	std	3.498223304748535	3.5680289268493652	3.615933656692505	3.6109626293182373	3.5707383155822754	3.4954464435577393	3.379390239715576	3.2739062309265137	3.2480461597442627	3.2987847328186035	3.4031612873077393	3.5948872566223145	3.8523638248443604	3.984855890274048	3.7545762062072754	3.1054539680480957	2.3648648262023926	2.215543746948242	2.628675699234009	2.8671960830688477	2.6544787883758545	2.2227203845977783	2.099907875061035	2.4759833812713623	2.9644157886505127	3.2945728302001953	3.4606435298919678	3.558779239654541	3.646064043045044	3.728689432144165	3.8052380084991455	3.8540515899658203	3.8338520526885986	3.74456524848938	3.650165557861328	3.6114253997802734	3.6180925369262695	3.6146178245544434	3.5733447074890137	3.5246269702911377	3.5234949588775635	3.586453437805176	3.6637094020843506	3.6880598068237305	3.6449596881866455	3.576896905899048	3.5296101570129395	3.5253195762634277	3.5646278858184814	3.609414577484131	3.6053850650787354	3.5530846118927	3.509606122970581	3.5107858180999756	3.5438761711120605	3.581101179122925	3.5903844833374023	3.556497097015381	3.514327049255371	3.512531280517578	3.548171043395996	3.574615478515625	3.5518405437469482	3.4882984161376953
2	mean	-0.9555628895759583	-0.8947125673294067	-0.8348293900489807	-0.6917012929916382	-0.3912877142429352	0.12769243121147156	0.9290579557418823	2.073577404022217	3.569361925125122	5.303930282592773	7.024784564971924	8.423401832580566	9.306028366088867	9.749832153320312	10.115342140197754	10.85809326171875	12.223397254943848	14.016546249389648	15.621216773986816	16.28963279724121	15.546415328979492	13.462212562561035	10.627281188964844	7.844543933868408	5.73496150970459	4.486625671386719	3.865699291229248	3.436771869659424	2.8320400714874268	1.9168111085891724	0.7902239561080933	-0.33685818314552307	-1.288615107536316	-2.008108139038086	-2.5478391647338867	-2.99809193611145	-3.413585901260376	-3.7861781120300293	-4.071366786956787	-4.238687992095947	-4.304821014404297	-4.327028751373291	-4.366361618041992	-4.449954986572266	-4.557119369506836	-4.635264873504639	-4.634519100189209	-4.5403594970703125	-4.384297847747803	-4.227163791656494	-4.128075122833252	-4.1176838874816895	-4.1858320236206055	-4.286355495452881	-4.357409954071045	-4.347504615783691	-4.230332851409912	-4.000324726104736	-3.6610143184661865	-3.2254908084869385	-2.731811761856079	-2.254648208618164	-1.8924752473831177	-1.728765606880188
2	std	3.910738945007324	3.988495111465454	3.9865996837615967	3.905216693878174	3.839693307876587	3.853928327560425	3.9123544692993164	3.93759822845459	3.8793632984161377	3.730321168899536	3.524461269378662	3.333709239959717	3.21311616897583	3.106653928756714	2.882049798965454	2.509052276611328	2.1953108310699463	2.245465040206909	2.556037664413452	2.7288761138916016	2.5811309814453125	2.315930128097534	2.398242235183716	2.894035577774048	3.4189131259918213	3.7637436389923096	3.9398250579833984	3.978520154953003	3.8903603553771973	3.766435384750366	3.731801748275757	3.7707407474517822	3.77294921875	3.718484878540039	3.6764612197875977	3.674039125442505	3.6684961318969727	3.630139112472534	3.5711114406585693	3.503638982772827	3.4424493312835693	3.441169500350952	3.53446626663208	3.6574792861938477	3.7121076583862305	3.6707351207733154	3.570704936981201	3.4515633583068848	3.33209228515625	3.2399096488952637	3.2315266132354736	3.3313310146331787	3.4750239849090576	3.598599672317505	3.7135815620422363	3.8136425018310547	3.812180757522583	3.6781578063964844	3.5592288970947266	3.6348023414611816	3.851851463317871	4.010709285736084	4.02239990234375	3.953674554824829
3	mean	-1.277109980583191	-1.3717477321624756	-1.4214218854904175	-1.392166256904602	-1.26720130443573	-1.02931547164917	-0.6326526403427124	-0.0004117006901651621	0.9301364421844482	2.139408588409424	3.4954092502593994	4.81186580657959	5.979872703552246	7.082898139953613	8.385828971862793	10.161438941955566	12.443714141845703	14.87924575805664	16.807720184326172	17.55787467956543	16.793729782104492	14.700020790100098	11.892443656921387	9.11148738861084	6.887239456176758	5.361599445343018	4.337487697601318	3.4829318523406982	2.5460081100463867	1.4644651412963867	0.34183359146118164	-0.6580383777618408	-1.4178833961486816	-1.9196460247039795	-2.2334043979644775	-2.467078447341919	-2.710904121398926	-3.0034711360931396	-3.3309121131896973	-3.652384042739868	-3.9314913749694824	-4.152898788452148	-4.317214012145996	-4.424938678741455	-4.4670610427856445	-4.430641174316406	-4.312850475311279	-4.130555629730225	-3.91717791557312	-3.7084453105926514	-3.526827573776245	-3.375413179397583	-3.2440032958984375	-3.120396852493286	-2.9982001781463623	-2.8781914710998535	-2.7652292251586914	-2.6642017364501953	-2.5780179500579834	-2.50852108001709	-2.4584693908691406	-2.431835412979126	-2.430952548980713	-2.4505374431610107
3	std	3.5559191703796387	3.5085232257843018	3.4877495765686035	3.4962472915649414	3.5813021659851074	3.805845260620117	4.1210103034973145	4.404210090637207	4.5947771072387695	4.705892086029053	4.75984525680542	4.771576881408691	4.7343668937683105	4.55714750289917	4.094067573547363	3.326131582260132	2.554086208343506	2.328350782394409	2.6140599250793457	2.799767255783081	2.644436836242676	2.388070821762085	2.5073981285095215	3.060243844985962	3.6556875705718994	4.031644344329834	4.158204078674316	4.123388290405273	4.011667728424072	3.8626458644866943	3.7100095748901367	3.6033406257629395	3.5796620845794678	3.6418509483337402	3.7620623111724854	3.8957457542419434	3.997401475906372	4.025530815124512	3.968179225921631	3.885859966278076	3.868701696395874	3.914199113845825	3.9369566440582275	3.9091718196868896	3.8788583278656006	3.8536376953125	3.7846412658691406	3.674619436264038	3.6003177165985107	3.609844207763672	3.662032127380371	3.6897165775299072	3.674894332885742	3.6517419815063477	3.65293288230896	3.664710283279419	3.6560020446777344	3.6270339488983154	3.5900447368621826	3.5538065433502197	3.5697686672210693	3.6958484649658203	3.8704488277435303	3.951352834701538
4	mean	-0.7979084253311157	-0.7635645270347595	-0.7357591390609741	-0.7007059454917908	-0.6410427093505859	-0.5294113755226135	-0.3511925935745239	-0.15627232193946838	-0.09460265189409256	-0.36858099699020386	-1.074333667755127	-2.0000855922698975	-2.5368106365203857	-1.8420543670654297	0.7495663166046143	5.272401809692383	10.928829193115234	16.32496452331543	20.05713653564453	21.326305389404297	20.234153747558594	17.61954116821289	14.57227611541748	11.925406455993652	9.991315841674805	8.622298240661621	7.478470325469971	6.298157691955566	5.019402027130127	3.734015941619873	2.5642895698547363	1.5700511932373047	0.7325296998023987	-0.007557241711765528	-0.7042106986045837	-1.381013035774231	-2.0290777683258057	-2.6186916828155518	-3.115800380706787	-3.4977493286132812	-3.7642662525177	-3.94059157371521	-4.071493625640869	-4.207265377044678	-4.3848161697387695	-4.609828948974609	-4.848971843719482	-5.040652751922607	-5.123653411865234	-5.070070743560791	-4.903052806854248	-4.6877007484436035	-4.499276638031006	-4.386392593383789	-4.350069046020508	-4.349152565002441	-4.325408935546875	-4.231794834136963	-4.050568103790283	-3.7966814041137695	-3.508491039276123	-3.231381893157959	-3.001821756362915	-2.8380656242370605
4	std	3.7968993186950684	3.9454751014709473	4.02352237701416	3.9519052505493164	3.794158458709717	3.717421293258667	3.7764029502868652	3.8684375286102295	3.9369261264801025	4.011910438537598	4.098246097564697	4.235337734222412	4.541140079498291	4.910187721252441	4.9260783195495605	4.344430446624756	3.6120190620422363	3.6996374130249023	4.427750110626221	4.79617977142334	4.468853950500488	3.76770281791687	3.2894179821014404	3.323310613632202	3.6219191551208496	3.9365761280059814	4.193142890930176	4.3382978439331055	4.340879917144775	4.268220901489258	4.211884021759033	4.158676624298096	4.049713611602783	3.902245044708252	3.7859158515930176	3.7554290294647217	3.8343582153320312	3.986215829849243	4.1184983253479	4.151760578155518	4.068264007568359	3.9310832023620605	3.8502204418182373	3.858539581298828	3.874920606613159	3.842040538787842	3.7912535667419434	3.755690574645996	3.730907440185547	3.7342684268951416	3.7874855995178223	3.8401782512664795	3.821500778198242	3.7464475631713867	3.6900265216827393	3.681816816329956	3.692180871963501	3.684807062149048	3.6261801719665527	3.505159854888916	3.392373561859131	3.401841878890991	3.5356013774871826	3.6788570880889893
5	mean	-1.820070743560791	-1.5997196435928345	-1.3191279172897339	-1.0294238328933716	-0.7818795442581177	-0.5742886066436768	-0.32605206966400146	0.07442300766706467	0.6649320125579834	1.3346998691558838	1.883604884147644	2.2331392765045166	2.6595730781555176	3.8351120948791504	6.543259620666504	11.16016674041748	17.21368980407715	23.36048698425293	27.890527725219727	29.51554298400879	27.985248565673828	24.163829803466797	19.53858757019043	15.4776029586792	12.672287940979004	11.03098201751709	9.988166809082031	8.965163230895996	7.692528247833252	6.25469970703125	4.913029193878174	3.8736960887908936	3.1508662700653076	2.582029104232788	1.9524750709533691	1.1322073936462402	0.139598086476326	-0.8936794400215149	-1.816649079322815	-2.5427675247192383	-3.0750679969787598	-3.4732277393341064	-3.7986602783203125	-4.0757155418396	-4.287713050842285	-4.403565883636475	-4.413081645965576	-4.345626354217529	-4.262124061584473	-4.229278087615967	-4.292124271392822	-4.456322193145752	-4.6845927238464355	-4.909792423248291	-5.062320232391357	-5.099989891052246	-5.025842666625977	-4.8864569664001465	-4.750702857971191	-4.677732944488525	-4.689560413360596	-4.759619235992432	-4.8208537101745605	-4.794552326202393
5	std	9.371390342712402	9.360867500305176	9.248039245605469	9.010172843933105	8.809627532958984	8.76243782043457	8.745611190795898	8.629992485046387	8.560161590576172	8.799798965454102	9.34794807434082	9.93330192565918	10.27226734161377	10.105222702026367	9.165628433227539	7.4824652671813965	6.1056060791015625	6.830818176269531	8.74284553527832	9.667512893676758	8.876821517944336	7.3151164054870605	6.938515663146973	7.946187496185303	8.80555534362793	8.993943214416504	8.883852005004883	8.838080406188965	8.879253387451172	8.89984130859375	8.877010345458984	8.925973892211914	9.141849517822266	9.428186416625977	9.654169082641602	9.852989196777344	10.113602638244629	10.399041175842285	10.562464714050293	10.480579376220703	10.19961166381836	9.960103988647461	9.920032501220703	9.942639350891113	9.88899040222168	9.855717658996582	9.907297134399414	9.90322208404541	9.785536766052246	9.703174591064453	9.734942436218262	9.749271392822266	9.622627258300781	9.426185607910156	9.318992614746094	9.29477310180664	9.196640968322754	8.997859001159668	8.838407516479492	8.766839027404785	8.67874813079834	8.544751167297363	8.464024543762207	8.46776008605957
6	mean	-1.3880997896194458	-1.261567234992981	-1.1164536476135254	-1.0072921514511108	-0.9657498002052307	-0.9485699534416199	-0.8338544964790344	-0.4954487085342407	0.08097226172685623	0.737907350063324	1.2343560457229614	1.4783005714416504	1.7630786895751953	2.797288179397583	5.402717113494873	9.979275703430176	16.0543270111084	22.26020622253418	26.849767684936523	28.503515243530273	26.958236694335938	23.080219268798828	18.35883331298828	14.153485298156738	11.136761665344238	9.196938514709473	7.754108428955078	6.226409912109375	4.363933086395264	2.3090357780456543	0.42448320984840393	-0.9577667117118835	-1.7144110202789307	-1.9618661403656006	-1.9620606899261475	-1.981288194656372	-2.179352045059204	-2.5691187381744385	-3.047879219055176	-3.4760818481445312	-3.763030529022217	-3.9159634113311768	-4.026129722595215	-4.201450347900391	-4.488860130310059	-4.837632656097412	-5.129631519317627	-5.2568769454956055	-5.192135334014893	-5.002795696258545	-4.800875186920166	-4.667647838592529	-4.606285572052002	-4.552027702331543	-4.428800582885742	-4.210127353668213	-3.941218376159668	-3.7075726985931396	-3.5749118328094482	-3.5456063747406006	-3.5615153312683105	-3.546861171722412	-3.457223415374756	-3.300774097442627
6	std	7.155510902404785	7.014378070831299	6.8631086349487305	6.8018293380737305	6.827669620513916	6.841055870056152	6.820720672607422	6.790829181671143	6.784595012664795	6.911356449127197	7.273898601531982	7.796192169189453	8.213150024414062	8.180267333984375	7.398562431335449	5.882590293884277	4.734016418457031	5.8867716789245605	8.007600784301758	8.941908836364746	8.115653038024902	6.444926738739014	5.623547554016113	5.891902446746826	6.148520469665527	6.361671447753906	6.969147205352783	7.676052570343018	8.040215492248535	8.133417129516602	8.184300422668457	8.148731231689453	7.962410926818848	7.814213275909424	7.8116912841796875	7.7703938484191895	7.6361284255981445	7.613938808441162	7.703640937805176	7.662052154541016	7.500558376312256	7.5024237632751465	7.6976776123046875	7.771779537200928	7.568634033203125	7.331910610198975	7.361917972564697	7.557528495788574	7.59226131439209	7.391381740570068	7.1852641105651855	7.159873008728027	7.2537431716918945	7.3332648277282715	7.301804542541504	7.111241817474365	6.8879570960998535	6.865249156951904	7.0154500007629395	7.070260524749756	6.961057662963867	6.904252529144287	7.016528129577637	7.112530708312988
7	mean	-2.7992985248565674	-2.7614920139312744	-2.8013322353363037	-2.9717764854431152	-3.2656943798065186	-3.531069755554199	-3.490402936935425	-2.9508464336395264	-2.114387035369873	-1.6959056854248047	-2.5572454929351807	-4.885988712310791	-7.422191143035889	-7.46500301361084	-2.045814275741577	10.177002906799316	27.49153709411621	45.3369255065918	58.310054779052734	62.83344268798828	58.78683853149414	49.13808059692383	38.01833724975586	28.621549606323242	22.146392822265625	18.078853607177734	15.233627319335938	12.70186996459961	10.199995040893555	7.870505332946777	5.909383773803711	4.34496545791626	3.0422983169555664	1.817158579826355	0.5283810496330261	-0.8961389660835266	-2.474236249923706	-4.190346717834473	-6.007528781890869	-7.869590759277344	-9.697399139404297	-11.38761043548584	-12.824139595031738	-13.905800819396973	-14.580231666564941	-14.864354133605957	-14.837130546569824	-14.607276916503906	-14.274086952209473	-13.901372909545898	-13.516073226928711	-13.125919342041016	-12.736668586730957	-12.352472305297852	-11.963855743408203	-11.544370651245117	-11.068536758422852	-10.536663055419922	-9.980998992919922	-9.444257736206055	-8.94836139678955	-8.479907035827637	-8.00355339050293	-7.492358207702637
7	std	5.179017543792725	5.1450276374816895	5.1373515129089355	5.190950393676758	5.314828395843506	5.419476509094238	5.4094557762146	5.327999591827393	5.312460899353027	5.380459308624268	5.375932693481445	5.253348350524902	5.30129861831665	5.677437782287598	5.871036529541016	5.397909641265869	4.8336501121521	5.469366073608398	6.779214859008789	7.342827796936035	6.741283416748047	5.543366432189941	4.729522705078125	4.6709675788879395	4.868915557861328	4.96351432800293	4.972504138946533	5.007823467254639	5.111559867858887	5.209640979766846	5.188630104064941	5.052483081817627	4.932126522064209	4.881787300109863	4.813849925994873	4.715307235717773	4.711523532867432	4.839172840118408	4.969858646392822	5.00797176361084	4.977764129638672	4.932296276092529	4.893361568450928	4.865375995635986	4.836126327514648	4.795418739318848	4.7714996337890625	4.797913074493408	4.867351531982422	4.948206424713135	5.003847599029541	5.0081305503845215	4.957501411437988	4.844191074371338	4.701933860778809	4.689351558685303	4.888214588165283	5.087485313415527	5.073991298675537	4.912196636199951	4.7925286293029785	4.766556262969971	4.773260593414307	4.785938739776611
8	mean	-3.782472610473633	-3.621227264404297	-3.5131821632385254	-3.6451408863067627	-4.058389663696289	-4.570343494415283	-4.830804824829102	-4.551458358764648	-3.7894890308380127	-3.036207914352417	-2.925255537033081	-3.6252171993255615	-4.283789157867432	-3.033677577972412	2.1555850505828857	12.088689804077148	25.345718383789062	38.589473724365234	48.100284576416016	51.409706115722656	48.08737564086914	39.673240661621094	29.0445556640625	19.301820755004883	12.50714111328125	8.98279094696045	7.568068027496338	6.564548492431641	4.749821186065674	1.9023035764694214	-1.3573437929153442	-4.1473283767700195	-5.892314910888672	-6.5862908363342285	-6.677730560302734	-6.710718631744385	-6.988302230834961	-7.460352897644043	-7.840473175048828	-7.8098554611206055	-7.168999195098877	-5.9000325202941895	-4.183538913726807	-2.3948750495910645	-1.0346845388412476	-0.5500926375389099	-1.0969300270080566	-2.384885787963867	-3.755005359649658	-4.508806228637695	-4.297549247741699	-3.306044101715088	-2.122105836868286	-1.4053006172180176	-1.5729546546936035	-2.6586735248565674	-4.361668109893799	-6.22314453125	-7.841130256652832	-9.013019561767578	-9.723631858825684	-10.01558780670166	-9.880115509033203	-9.27572250366211
8	std	25.625442504882812	26.12535858154297	27.37455940246582	29.378822326660156	31.176162719726562	31.43234634399414	30.049484252929688	28.8564510345459	29.396947860717773	30.898239135742188	32.34015655517578	34.09160614013672	36.165077209472656	36.5723991394043	32.81494140625	24.971284866333008	19.67215347290039	25.307937622070312	33.66693878173828	36.76312255859375	33.268028259277344	26.55767059326172	23.09236717224121	25.86042022705078	30.76421546936035	34.483177185058594	36.11165237426758	36.11639404296875	35.77669906616211	35.969974517822266	36.496253967285156	36.914833068847656	37.09333038330078	37.01943588256836	36.85818862915039	36.782901763916016	36.48191452026367	35.6055793762207	34.55316162109375	33.86539077758789	33.23792266845703	32.199947357177734	31.236434936523438	31.13140296936035	31.43986701965332	30.934595108032227	29.395076751708984	27.982791900634766	27.59540367126465	27.681915283203125	27.445344924926758	26.884218215942383	26.36134910583496	26.11653709411621	26.32157325744629	26.846059799194336	26.97199821472168	26.006629943847656	24.24842643737793	23.022579193115234	23.223981857299805	24.1983642578125	24.873336791992188	24.894723892211914
9	mean	-0.5660368800163269	-0.1633487492799759	0.38474467396736145	1.007940649986267	1.6313108205795288	2.2250843048095703	2.8218133449554443	3.4777708053588867	4.1950907707214355	4.868785858154297	5.333244323730469	5.523210525512695	5.658697605133057	6.292419910430908	8.10262680053711	11.479179382324219	16.135910034179688	21.035493850708008	24.755643844604492	26.138296127319336	24.853317260742188	21.539897918701172	17.449209213256836	13.81949234008789	11.35135269165039	10.04101848602295	9.384044647216797	8.759879112243652	7.759015083312988	6.304147243499756	4.562567234039307	2.7574350833892822	1.0175926685333252	-0.6436282992362976	-2.2364518642425537	-3.694450616836548	-4.863830089569092	-5.592564105987549	-5.846736907958984	-5.762535095214844	-5.593380451202393	-5.5865068435668945	-5.8635149002075195	-6.372072219848633	-6.93433141708374	-7.358922004699707	-7.544177055358887	-7.513524532318115	-7.3755927085876465	-7.249061107635498	-7.203658103942871	-7.244847774505615	-7.335848331451416	-7.428768634796143	-7.478662967681885	-7.442962646484375	-7.289886951446533	-7.020053386688232	-6.676294326782227	-6.325929164886475	-6.026707172393799	-5.79741096496582	-5.607805252075195	-5.394067287445068
9	std	9.538091659545898	9.541330337524414	9.466073036193848	9.39963436126709	9.431580543518066	9.490832328796387	9.473993301391602	9.422027587890625	9.465085983276367	9.642911911010742	9.869563102722168	10.049886703491211	10.11332893371582	9.915504455566406	9.242444038391113	8.076369285583496	6.937932968139648	6.676246643066406	7.216749668121338	7.579953193664551	7.300164222717285	6.765927791595459	6.673864364624023	7.1877264976501465	7.914198398590088	8.54120922088623	9.004393577575684	9.297246932983398	9.422811508178711	9.651838302612305	10.469154357910156	11.830400466918945	13.110517501831055	13.951916694641113	14.579765319824219	15.324127197265625	16.00881576538086	16.12836265563965	15.578577995300293	14.826652526855469	14.289340019226074	13.906579971313477	13.559652328491211	13.396016120910645	13.442357063293457	13.396674156188965	13.064248085021973	12.608471870422363	12.326464653015137	12.374034881591797	12.669027328491211	12.937094688415527	12.891435623168945	12.504131317138672	12.10006046295166	12.066956520080566	12.393019676208496	12.661704063415527	12.554025650024414	12.194116592407227	11.985038757324219	12.07164192199707	12.146255493164062	11.893529891967773
10	mean	-3.2055583000183105	-4.305773735046387	-5.266396522521973	-6.0779924392700195	-6.687819004058838	-6.979804515838623	-6.8130035400390625	-6.1112751960754395	-4.952658176422119	-3.5801351070404053	-2.279865026473999	-1.1565591096878052	0.06323419511318207	2.0265626907348633	5.4550557136535645	10.65052318572998	17.092695236206055	23.43998146057129	28.030372619628906	29.64279556274414	28.07149314880371	24.167695999145508	19.351572036743164	14.917357444763184	11.5319185256958	9.150846481323242	7.300045967102051	5.481715202331543	3.4560706615448	1.2880544662475586	-0.7873665690422058	-2.5432279109954834	-3.867652177810669	-4.7668657302856445	-5.301430702209473	-5.518559455871582	-5.42708683013916	-5.020125865936279	-4.314013957977295	-3.369629144668579	-2.2875216007232666	-1.1854145526885986	-0.16834388673305511	0.6950095295906067	1.3746752738952637	1.861470103263855	2.14816951751709	2.2272346019744873	2.1030123233795166	1.8001221418380737	1.35219407081604	0.7754425406455994	0.04977068305015564	-0.8711561560630798	-2.0197362899780273	-3.3670973777770996	-4.802967548370361	-6.16349983215332	-7.2941203117370605	-8.106344223022461	-8.590798377990723	-8.781132698059082	-8.70114803314209	-8.339760780334473
10	std	9.16935920715332	9.034137725830078	9.189579010009766	9.502286911010742	9.703996658325195	9.79537296295166	9.92575740814209	10.06695556640625	10.095291137695312	10.093093872070312	10.259506225585938	10.530835151672363	10.604849815368652	10.214113235473633	9.09830093383789	7.193609237670898	5.719911098480225	6.945098876953125	9.270200729370117	10.216474533081055	9.21125602722168	7.209270477294922	6.117771625518799	6.85701847076416	8.182321548461914	9.163932800292969	9.679576873779297	9.902237892150879	10.027142524719238	10.164423942565918	10.365598678588867	10.671769142150879	11.07048225402832	11.443740844726562	11.63139533996582	11.548276901245117	11.217144012451172	10.737043380737305	10.292895317077637	10.107399940490723	10.200600624084473	10.367484092712402	10.49305534362793	10.592988014221191	10.689157485961914	10.873883247375488	11.201918601989746	11.482824325561523	11.521526336669922	11.367700576782227	11.118099212646484	10.827455520629883	10.685452461242676	10.766008377075195	10.717804908752441	10.264264106750488	9.696310997009277	9.425141334533691	9.327652931213379	9.149157524108887	9.045297622680664	9.162493705749512	9.265707969665527	9.232982635498047
11	mean	-18.855806350708008	-25.55685806274414	-30.837860107421875	-34.63490676879883	-36.95206832885742	-37.75136947631836	-36.895538330078125	-34.21403884887695	-29.661930084228516	-23.437841415405273	-15.94887924194336	-7.649425983428955	1.1163957118988037	10.159029960632324	19.35464859008789	28.47861671447754	37.05038070678711	44.2924919128418	49.26051330566406	51.09163284301758	49.263221740722656	43.79951858520508	35.36051559448242	25.101037979125977	14.28514575958252	3.87142276763916	-5.663016319274902	-14.204558372497559	-21.751934051513672	-28.226778030395508	-33.43305206298828	-37.130672454833984	-39.139060974121094	-39.3922233581543	-37.91966247558594	-34.79475402832031	-30.11556053161621	-24.03077507019043	-16.76947593688965	-8.647455215454102	-0.06264879554510117	8.510549545288086	16.547636032104492	23.53803825378418	29.066316604614258	32.87542724609375	34.889556884765625	35.1805419921875	33.881290435791016	31.103200912475586	26.920873641967773	21.417224884033203	14.73197078704834	7.090757846832275	-1.1712870597839355	-9.59199333190918	-17.602537155151367	-24.6170654296875	-30.165441513061523	-33.98460006713867	-36.01218795776367	-36.306549072265625	-34.95551681518555	-32.03672409057617
11	std	30.957813262939453	35.849185943603516	39.32634353637695	41.4621467590332	42.46210861206055	42.431678771972656	41.2319450378418	38.58531951904297	34.414554595947266	29.115758895874023	23.513654708862305	18.74434471130371	16.508419036865234	18.494770050048828	23.84033966064453	30.09087562561035	35.505218505859375	39.355838775634766	41.56332778930664	42.2493782043457	41.421260833740234	38.887142181396484	34.48351287841797	28.539791107177734	22.155641555786133	17.33295249938965	16.676292419433594	20.272144317626953	25.435094833374023	30.338449478149414	34.32574462890625	37.200584411621094	38.963993072509766	39.76699447631836	39.67725372314453	38.47039031982422	35.81144332885742	31.63060188293457	26.30906867980957	20.795772552490234	17.124385833740234	18.079565048217773	23.254322052001953	29.698217391967773	35.498653411865234	39.86600875854492	42.628623962402344	43.941307067871094	43.96613693237305	42.62508010864258	39.68937683105469	35.08135223388672	29.077035903930664	22.510379791259766	17.420244216918945	17.10805320739746	21.50633430480957	27.096010208129883	31.8951473236084	35.485137939453125	37.97071838378906	39.44626998901367	39.880794525146484	39.15822219848633
12	mean	-1.9326225519180298	-1.826224446296692	-1.6170506477355957	-1.3536649942398071	-1.0810909271240234	-0.7811278104782104	-0.3524397909641266	0.3359629511833191	1.3390206098556519	2.5557775497436523	3.7618937492370605	4.77282190322876	5.644277572631836	6.749143123626709	8.619152069091797	11.595403671264648	15.49160099029541	19.51427459716797	22.545764923095703	23.66034507751465	22.575393676757812	19.772336959838867	16.229219436645508	12.941186904907227	10.50811767578125	8.991552352905273	8.059518814086914	7.276297569274902	6.349786281585693	5.22083044052124	3.9999752044677734	2.8387610912323	1.829763412475586	0.9789947867393494	0.23814985156059265	-0.44473204016685486	-1.0929393768310547	-1.7002038955688477	-2.2503855228424072	-2.737196445465088	-3.170165538787842	-3.5668203830718994	-3.9403605461120605	-4.29208517074585	-4.6113176345825195	-4.880031108856201	-5.079033374786377	-5.195115089416504	-5.227994441986084	-5.1935858726501465	-5.119953632354736	-5.037274360656738	-4.966633319854736	-4.913820743560791	-4.871636390686035	-4.829035758972168	-4.7805376052856445	-4.728599548339844	-4.67789363861084	-4.626922130584717	-4.565083026885986	-4.477930068969727	-4.356945991516113	-4.206674098968506
12	std	5.6364641189575195	5.427832126617432	5.301034927368164	5.285703182220459	5.340470790863037	5.435210227966309	5.58066987991333	5.775187015533447	5.994884967803955	6.227898120880127	6.473455429077148	6.709316253662109	6.844819068908691	6.679472923278809	5.971547603607178	4.673616886138916	3.3201448917388916	3.2199034690856934	4.164997577667236	4.636127471923828	4.1466779708862305	3.243328332901001	3.257578134536743	4.308619499206543	5.318195343017578	5.892347812652588	6.089604377746582	6.042099952697754	5.879526615142822	5.734177589416504	5.631290435791016	5.482335090637207	5.292710781097412	5.227232456207275	5.363894939422607	5.558191776275635	5.6564507484436035	5.642739772796631	5.581243515014648	5.543653964996338	5.550299644470215	5.538485050201416	5.464417457580566	5.382722854614258	5.321656227111816	5.214537143707275	5.065764904022217	5.012839317321777	5.13600492477417	5.346285343170166	5.509464263916016	5.57641077041626	5.592629909515381	5.610186576843262	5.608588695526123	5.535295009613037	5.403635025024414	5.320343017578125	5.399875164031982	5.611884117126465	5.7543840408325195	5.668257236480713	5.465271472930908	5.425313472747803
13	mean	-4.727870941162109	-4.511209964752197	-4.1440558433532715	-3.736875295639038	-3.3458266258239746	-2.9288368225097656	-2.3603906631469727	-1.5185359716415405	-0.4104480743408203	0.7506789565086365	1.619907259941101	1.9755539894104004	2.03116774559021	2.559633493423462	4.6276655197143555	8.97187328338623	15.345895767211914	22.30384635925293	27.691791534423828	29.666240692138672	27.654319763183594	22.647140502929688	16.639467239379883	11.592741966247559	8.567032814025879	7.479043006896973	7.493407726287842	7.679843425750732	7.4992570877075195	6.903710842132568	6.130568027496338	5.423657417297363	4.870440483093262	4.400005340576172	3.878361463546753	3.220247268676758	2.4611644744873047	1.7558164596557617	1.3011928796768188	1.2266770601272583	1.5170071125030518	2.0145747661590576	2.496885061264038	2.777914047241211	2.7741925716400146	2.5095622539520264	2.0737078189849854	1.5673528909683228	1.0617047548294067	0.5872435569763184	0.14980721473693848	-0.24561196565628052	-0.5862826704978943	-0.8645576238632202	-1.0961673259735107	-1.3224220275878906	-1.5920841693878174	-1.9375663995742798	-2.360816240310669	-2.834347724914551	-3.3141632080078125	-3.7516701221466064	-4.093081951141357	-4.273477077484131
13	std	10.979846000671387	10.984210014343262	10.990443229675293	11.117469787597656	11.325064659118652	11.43148422241211	11.408602714538574	11.416086196899414	11.585165977478027	11.930678367614746	12.359374046325684	12.687108039855957	12.75011920928955	12.404475212097168	11.341984748840332	9.273120880126953	7.008161544799805	7.326323986053467	9.801456451416016	11.012293815612793	9.749295234680176	7.300201892852783	6.667386531829834	8.252140045166016	9.867733001708984	10.929134368896484	11.579116821289062	11.849154472351074	11.783645629882812	11.534734725952148	11.229432106018066	10.989662170410156	10.983597755432129	11.242379188537598	11.527137756347656	11.572138786315918	11.375691413879395	11.124110221862793	10.870556831359863	10.487714767456055	10.027436256408691	9.83824634552002	10.041450500488281	10.297585487365723	10.349878311157227	10.253413200378418	10.11668586730957	10.011730194091797	10.008852005004883	10.091024398803711	10.17018985748291	10.189468383789062	10.166996955871582	10.206456184387207	10.322818756103516	10.31332015991211	10.081700325012207	9.83194351196289	9.688441276550293	9.572186470031738	9.574068069458008	9.891935348510742	10.388461112976074	10.68372631072998
14	mean	-3.193962574005127	-2.6569159030914307	-1.937293291091919	-1.1062495708465576	-0.2738805115222931	0.4923262596130371	1.2066516876220703	1.919129729270935	2.611884117126465	3.13486647605896	3.2827517986297607	3.023975372314453	2.748426675796509	3.3095619678497314	5.704278945922852	10.469000816345215	17.133525848388672	24.144744873046875	29.431678771972656	31.359128952026367	29.52264404296875	24.907974243164062	19.335556030273438	14.54796028137207	11.481939315795898	10.089168548583984	9.691032409667969	9.5393705368042	9.20814323425293	8.643715858459473	7.965916156768799	7.23986291885376	6.3841094970703125	5.236852645874023	3.696098566055298	1.8292280435562134	-0.11530296504497528	-1.8039848804473877	-2.974015951156616	-3.562307357788086	-3.726940631866455	-3.742115020751953	-3.833681583404541	-4.068125247955322	-4.367757797241211	-4.624938011169434	-4.811254978179932	-4.993646144866943	-5.261085033416748	-5.641652584075928	-6.08154296875	-6.4885382652282715	-6.789637565612793	-6.9582600593566895	-7.0056915283203125	-6.960475444793701	-6.8568220138549805	-6.730423450469971	-6.60750150680542	-6.48712682723999	-6.336503982543945	-6.112664222717285	-5.7950897216796875	-5.398447513580322
14	std	11.95433521270752	12.001823425292969	11.852295875549316	11.558326721191406	11.355260848999023	11.358467102050781	11.507072448730469	11.677689552307129	11.765618324279785	11.898717880249023	12.406359672546387	13.23073959350586	13.789807319641113	13.545369148254395	12.23277473449707	9.841612815856934	7.284735679626465	7.203929901123047	9.388533592224121	10.532800674438477	9.453482627868652	7.35836124420166	6.95197868347168	8.549297332763672	10.129502296447754	10.88833999633789	10.807218551635742	10.193436622619629	9.611795425415039	9.436650276184082	9.595337867736816	10.003266334533691	10.650171279907227	11.382116317749023	12.143184661865234	13.077509880065918	14.095186233520508	14.80130672454834	15.006622314453125	14.890085220336914	14.606128692626953	14.172657012939453	13.8600492477417	14.053894996643066	14.566767692565918	14.850284576416016	14.774718284606934	14.662942886352539	14.727546691894531	14.816980361938477	14.750205039978027	14.548418998718262	14.24986457824707	13.830845832824707	13.369878768920898	12.993330001831055	12.728519439697266	12.595738410949707	12.592757225036621	12.569744110107422	12.430449485778809	12.280237197875977	12.147404670715332	11.913159370422363
15	mean	-2.7791190147399902	-3.012781858444214	-3.229560136795044	-3.433574676513672	-3.6093409061431885	-3.691318988800049	-3.5656442642211914	-3.1222705841064453	-2.335003137588501	-1.3070259094238281	-0.22045259177684784	0.8135648369789124	1.9188156127929688	3.493391513824463	6.031650543212891	9.779577255249023	14.424095153808594	19.050277709960938	22.460538864135742	23.709041595458984	22.54624366760254	19.513036727905273	15.644393920898438	11.969071388244629	9.093282699584961	7.072494983673096	5.580345630645752	4.215722560882568	2.7501842975616455	1.2007018327713013	-0.26008138060569763	-1.4556963443756104	-2.312610149383545	-2.873080015182495	-3.2358579635620117	-3.4827542304992676	-3.6396725177764893	-3.6852991580963135	-3.5889651775360107	-3.3488404750823975	-3.01013445854187	-2.6551425457000732	-2.3703877925872803	-2.2077414989471436	-2.161231517791748	-2.1738247871398926	-2.171344518661499	-2.1048943996429443	-1.977197527885437	-1.8371634483337402	-1.7474162578582764	-1.7463173866271973	-1.8267704248428345	-1.942105770111084	-2.0339913368225098	-2.0643298625946045	-2.0311272144317627	-1.9606109857559204	-1.8852334022521973	-1.8250439167022705	-1.7835391759872437	-1.7554231882095337	-1.7363896369934082	-1.7264585494995117
15	std	9.964439392089844	9.679644584655762	9.431200981140137	9.24807357788086	9.215112686157227	9.373764991760254	9.603009223937988	9.703353881835938	9.61298942565918	9.468957901000977	9.420181274414062	9.424883842468262	9.278613090515137	8.742558479309082	7.623310565948486	5.9563398361206055	4.48377799987793	4.678646087646484	5.97475004196167	6.617280960083008	6.035647869110107	4.7920684814453125	4.245645999908447	4.980651378631592	6.027736663818359	6.758213043212891	7.08546257019043	7.110284328460693	7.029460430145264	7.070472240447998	7.346566200256348	7.825368881225586	8.427419662475586	9.044589042663574	9.536216735839844	9.809774398803711	9.868026733398438	9.788274765014648	9.71297836303711	9.763315200805664	9.8994722366333	10.017226219177246	10.13870620727539	10.318973541259766	10.464509010314941	10.420723915100098	10.169015884399414	9.870401382446289	9.727304458618164	9.764575004577637	9.79379653930664	9.658342361450195	9.436358451843262	9.341292381286621	9.450394630432129	9.625100135803223	9.702462196350098	9.672860145568848	9.66643238067627	9.788910865783691	9.993205070495605	10.145495414733887	10.189480781555176	10.202643394470215
16	mean	-0.11317728459835052	-1.3127962350845337	-2.4622676372528076	-3.424557685852051	-4.16847038269043	-4.712023735046387	-5.036281585693359	-5.051835536956787	-4.647862911224365	-3.772061347961426	-2.458963394165039	-0.7647951245307922	1.3565939664840698	4.137078762054443	7.926408290863037	12.937572479248047	18.910375595092773	24.919729232788086	29.5363712310791	31.340349197387695	29.53087043762207	24.294750213623047	16.73935317993164	8.427248001098633	0.7594828009605408	-5.454760551452637	-10.047477722167969	-13.235590934753418	-15.289909362792969	-16.332195281982422	-16.33504295349121	-15.26036262512207	-13.201228141784668	-10.424178123474121	-7.300975322723389	-4.193270683288574	-1.365410566329956	1.0374621152877808	2.9541358947753906	4.352150917053223	5.191744804382324	5.425270080566406	5.024437427520752	4.017889499664307	2.516064405441284	0.7012373208999634	-1.2190347909927368	-3.0649869441986084	-4.7061920166015625	-6.040404796600342	-6.956689834594727	-7.326796054840088	-7.044950485229492	-6.089831352233887	-4.560218334197998	-2.6601736545562744	-0.647736668586731	1.2231323719024658	2.7477147579193115	3.798037052154541	4.331364154815674	4.376884937286377	4.005518436431885	3.301173448562622
16	std	15.814423561096191	15.65100383758545	15.563461303710938	15.318995475769043	14.758095741271973	14.089183807373047	13.70655345916748	13.699682235717773	13.864996910095215	14.15788459777832	14.671643257141113	15.182497024536133	15.11695671081543	13.995407104492188	11.759446144104004	8.938779830932617	7.275662899017334	8.93564510345459	11.922197341918945	13.305295944213867	12.06971549987793	9.26326847076416	7.742129325866699	9.032017707824707	10.976332664489746	12.204183578491211	12.536174774169922	12.091979026794434	11.221078872680664	10.620363235473633	10.991873741149902	12.295562744140625	13.811951637268066	14.905364990234375	15.419805526733398	15.581624984741211	15.62447738647461	15.561478614807129	15.298616409301758	14.79388427734375	14.103045463562012	13.388753890991211	12.824602127075195	12.419964790344238	12.082804679870605	11.8677396774292	11.928302764892578	12.219862937927246	12.525132179260254	12.744258880615234	12.934464454650879	13.131241798400879	13.31139850616455	13.50973892211914	13.796039581298828	14.093552589416504	14.17069149017334	13.911666870117188	13.532694816589355	13.398987770080566	13.556878089904785	13.644396781921387	13.370685577392578	12.910574913024902
17	mean	-2.693819284439087	-2.0503334999084473	-1.403365135192871	-0.7313953042030334	0.018790192902088165	0.9258475303649902	2.055680274963379	3.40437388420105	4.857071876525879	6.204405307769775	7.245091438293457	7.953794002532959	8.621535301208496	9.838473320007324	12.2473726272583	16.14712142944336	21.167509078979492	26.25066566467285	30.020084381103516	31.374797821044922	29.989213943481445	26.450977325439453	21.977794647216797	17.87571907043457	15.024896621704102	13.638969421386719	13.363943099975586	13.592879295349121	13.78816032409668	13.656339645385742	13.14824390411377	12.358660697937012	11.420112609863281	10.443559646606445	9.506202697753906	8.658282279968262	7.926665782928467	7.312108039855957	6.787266254425049	6.303029537200928	5.809401512145996	5.285595417022705	4.758430480957031	4.288458824157715	3.9262118339538574	3.6668550968170166	3.43647837638855	3.1236088275909424	2.6393251419067383	1.9681042432785034	1.1770291328430176	0.38087695837020874	-0.31049394607543945	-0.8310360312461853	-1.1703566312789917	-1.3646492958068848	-1.4766820669174194	-1.5713180303573608	-1.6949615478515625	-1.869299054145813	-2.101583242416382	-2.3975348472595215	-2.7586793899536133	-3.1651535034179688
17	std	13.410216331481934	13.842694282531738	14.28626537322998	14.403033256530762	13.978598594665527	13.080723762512207	12.082772254943848	11.434943199157715	11.30473518371582	11.539352416992188	11.970680236816406	12.503827095031738	12.890802383422852	12.65412712097168	11.467646598815918	9.757208824157715	8.940292358398438	9.976110458374023	11.63874340057373	12.331130027770996	11.517351150512695	9.86196517944336	8.889799118041992	9.434907913208008	10.54296588897705	11.176153182983398	11.078156471252441	10.46097183227539	9.77511978149414	9.524319648742676	9.803296089172363	10.230722427368164	10.587754249572754	11.044075965881348	11.66964054107666	12.18772029876709	12.408151626586914	12.524452209472656	12.788421630859375	13.113240242004395	13.267745018005371	13.244600296020508	13.17346477508545	13.019916534423828	12.637660026550293	12.093026161193848	11.71385669708252	11.70118236541748	11.854705810546875	11.861756324768066	11.660597801208496	11.438920974731445	11.406253814697266	11.611841201782227	11.9249849319458	12.138648986816406	12.119248390197754	11.898362159729004	11.632004737854004	11.460819244384766	11.408319473266602	11.465319633483887	11.781142234802246	12.595487594604492
18	mean	1.9092562198638916	-1.4758918285369873	-5.0925092697143555	-8.667619705200195	-11.875730514526367	-14.368973731994629	-15.827205657958984	-16.011075973510742	-14.8014554977417	-12.21072006225586	-8.35010814666748	-3.3530309200286865	2.7045834064483643	9.812732696533203	17.91605567932129	26.71900177001953	35.52394485473633	43.23925018310547	48.61529541015625	50.62047576904297	48.775917053222656	43.31700897216797	35.130027770996094	25.47347068786621	15.573060035705566	6.276530742645264	-2.0511317253112793	-9.354762077331543	-15.61324405670166	-20.6898136138916	-24.37065887451172	-26.486562728881836	-27.004779815673828	-26.047565460205078	-23.846040725708008	-20.67670440673828	-16.829124450683594	-12.614123344421387	-8.373759269714355	-4.449960231781006	-1.1253012418746948	1.4046369791030884	3.0105302333831787	3.604008674621582	3.1431756019592285	1.6592506170272827	-0.7189738154411316	-3.7549149990081787	-7.123675346374512	-10.467875480651855	-13.462793350219727	-15.855743408203125	-17.476646423339844	-18.237934112548828	-18.13300323486328	-17.229928970336914	-15.65334701538086	-13.552749633789062	-11.069594383239746	-8.325416564941406	-5.440973281860352	-2.563443183898926	0.13436590135097504	2.489832878112793
18	std	26.744094848632812	25.555082321166992	25.967124938964844	27.619142532348633	29.83387565612793	32.12436294555664	34.14680099487305	35.591758728027344	36.193321228027344	35.78610610961914	34.34542465209961	32.02376937866211	29.15707778930664	26.20734977722168	23.805166244506836	22.841903686523438	23.9248046875	26.4224910736084	28.812992095947266	29.807531356811523	28.902294158935547	26.453950881958008	23.63207244873047	22.212926864624023	23.308408737182617	25.982770919799805	28.574989318847656	30.3464298248291	31.36347770690918	31.74230194091797	31.493017196655273	30.67997169494629	29.362998962402344	27.64057731628418	25.943445205688477	25.12238121032715	25.906957626342773	28.268329620361328	31.596691131591797	35.20347595214844	38.513206481933594	41.084327697753906	42.621273040771484	43.02691650390625	42.38771057128906	40.85781478881836	38.605133056640625	35.90210723876953	33.19595718383789	30.96030044555664	29.442378997802734	28.5833740234375	28.153118133544922	27.885108947753906	27.533571243286133	27.008121490478516	26.484914779663086	26.19290542602539	26.107046127319336	26.059703826904297	26.03241729736328	26.136520385742188	26.440046310424805	26.946733474731445
19	mean	-4.446950912475586	-6.082208633422852	-7.716477870941162	-9.336566925048828	-10.834320068359375	-12.02409553527832	-12.69498348236084	-12.675251960754395	-11.893840789794922	-10.407170295715332	-8.353841781616211	-5.842073917388916	-2.839474678039551	0.8391553163528442	5.3948516845703125	10.805795669555664	16.624408721923828	21.96108627319336	25.721826553344727	27.02230453491211	25.573530197143555	21.821128845214844	16.74909019470215	11.45064926147461	6.706638336181641	2.796295404434204	-0.4014911651611328	-3.1426327228546143	-5.5789642333984375	-7.670548439025879	-9.254558563232422	-10.186311721801758	-10.445887565612793	-10.14600944519043	-9.454473495483398	-8.5025053024292	-7.343127250671387	-5.9711103439331055	-4.371818542480469	-2.560758590698242	-0.5983830690383911	1.4125694036483765	3.337217092514038	5.025282859802246	6.335786819458008	7.1669921875	7.482594013214111	7.318424224853516	6.762240886688232	5.9220662117004395	4.904444217681885	3.803952217102051	2.6956841945648193	1.630347490310669	0.636662483215332	-0.270565927028656	-1.082830786705017	-1.79269278049469	-2.388960123062134	-2.854205369949341	-3.1696457862854004	-3.3258349895477295	-3.3305294513702393	-3.208338499069214
19	std	14.391154289245605	14.549278259277344	14.466506958007812	14.018586158752441	13.333900451660156	12.660905838012695	12.264327049255371	12.2857084274292	12.660318374633789	13.214479446411133	13.735603332519531	13.916325569152832	13.40684986114502	12.020366668701172	9.889837265014648	7.566332817077637	6.267829895019531	7.0647077560424805	8.703329086303711	9.443662643432617	8.663589477539062	6.967867851257324	6.003381252288818	6.864993572235107	8.486032485961914	9.724753379821777	10.183560371398926	9.965827941894531	9.508832931518555	9.322388648986816	9.6414155960083	10.31667709350586	11.06025218963623	11.693470001220703	12.176941871643066	12.506647109985352	12.650842666625977	12.60124683380127	12.460792541503906	12.39712142944336	12.437965393066406	12.414484977722168	12.20697021484375	11.931872367858887	11.772719383239746	11.73742389678955	11.754329681396484	11.85254955291748	12.070616722106934	12.339787483215332	12.556451797485352	12.66232967376709	12.646781921386719	12.540353775024414	12.401945114135742	12.294711112976074	12.267305374145508	12.309221267700195	12.319806098937988	12.199623107910156	11.982420921325684	11.85033130645752	12.028983116149902	12.629435539245605
20	mean	2.47807240486145	-0.36752942204475403	-3.5457003116607666	-6.866513729095459	-10.035168647766113	-12.687017440795898	-14.4483060836792	-15.002293586730957	-14.142050743103027	-11.789477348327637	-7.965481281280518	-2.719043493270874	3.948307991027832	12.084837913513184	21.63935089111328	32.193931579589844	42.77130889892578	51.92152404785156	58.08506774902344	60.00968933105469	57.04644775390625	49.35773468017578	38.02122497558594	24.818157196044922	11.639372825622559	-0.14599961042404175	-9.953339576721191	-17.802534103393555	-23.929845809936523	-28.472827911376953	-31.382633209228516	-32.540122985839844	-31.932573318481445	-29.744211196899414	-26.32362937927246	-22.084754943847656	-17.42112159729004	-12.677714347839355	-8.155583381652832	-4.100528717041016	-0.6821659207344055	1.9869980812072754	3.80438232421875	4.666330337524414	4.505783557891846	3.3353781700134277	1.2681303024291992	-1.4859895706176758	-4.646351337432861	-7.897778034210205	-10.921080589294434	-13.42553997039795	-15.192732810974121	-16.1085262298584	-16.156179428100586	-15.384357452392578	-13.889241218566895	-11.821310043334961	-9.383378028869629	-6.789004802703857	-4.206149578094482	-1.7408636808395386	0.5343974828720093	2.553178071975708
20	std	35.21769714355469	35.485687255859375	36.29922103881836	37.53485870361328	39.23896408081055	41.266624450683594	43.13309860229492	44.355865478515625	44.83755111694336	44.8087043762207	44.35764694213867	43.1750602722168	40.92893981933594	37.73061752319336	34.2912712097168	32.050445556640625	32.54446029663086	35.40144348144531	38.296112060546875	39.10696029663086	37.02204513549805	32.778770446777344	28.78034782409668	27.94476318359375	30.40751838684082	33.767147064208984	36.4888801574707	38.35346221923828	39.44308853149414	39.830467224121094	39.77910232543945	39.54560852050781	39.16597366333008	38.67153549194336	38.33560562133789	38.594154357910156	39.675594329833984	41.320743560791016	43.02135467529297	44.46627426147461	45.640933990478516	46.659934997558594	47.47736740112305	47.75581359863281	47.282005310058594	46.212493896484375	44.6945686340332	42.84975051879883	40.985713958740234	39.302955627441406	37.763572692871094	36.43398666381836	35.58881759643555	35.32100296020508	35.3238410949707	35.23063278198242	35.05058670043945	35.127437591552734	35.589202880859375	36.078922271728516	36.24373245239258	36.178627014160156	36.229190826416016	36.54799270629883
21	mean	-3.415276050567627	-3.2870688438415527	-3.086390972137451	-2.8236989974975586	-2.4873359203338623	-2.0350794792175293	-1.400167465209961	-0.5259090065956116	0.5778645277023315	1.798954963684082	2.964406967163086	3.973498582839966	4.9494218826293945	6.278243541717529	8.444018363952637	11.706356048583984	15.809364318847656	19.937767028808594	23.002330780029297	24.120882034301758	23.0255069732666	20.166427612304688	16.466554641723633	12.878988265991211	9.998726844787598	7.921109199523926	6.373489856719971	4.986691474914551	3.523221015930176	1.9538711309432983	0.3962783217430115	-0.9998674392700195	-2.1428606510162354	-3.029210329055786	-3.720982551574707	-4.300847053527832	-4.833356857299805	-5.343477725982666	-5.811578273773193	-6.183152198791504	-6.392819881439209	-6.3959784507751465	-6.194263458251953	-5.840895652770996	-5.421575546264648	-5.018892288208008	-4.678825378417969	-4.397837162017822	-4.136598587036133	-3.849553108215332	-3.511702537536621	-3.128342390060425	-2.725904941558838	-2.3333842754364014	-1.9690269231796265	-1.6413540840148926	-1.3606284856796265	-1.1473671197891235	-1.0272973775863647	-1.0142242908477783	-1.0934714078903198	-1.2205826044082642	-1.3398510217666626	-1.4109532833099365
21	std	9.58864974975586	9.260931968688965	8.993928909301758	8.814522743225098	8.68592357635498	8.572224617004395	8.467690467834473	8.329566955566406	8.08183765411377	7.7461748123168945	7.495185375213623	7.470652103424072	7.548520088195801	7.378866195678711	6.64860200881958	5.375678539276123	4.24085807800293	4.3464274406433105	5.262271881103516	5.713964939117432	5.275778293609619	4.405856132507324	4.1706414222717285	4.954345703125	5.940018177032471	6.548112392425537	6.732639789581299	6.740377426147461	6.82778787612915	7.0711565017700195	7.475060939788818	8.026609420776367	8.568680763244629	8.889284133911133	8.97354793548584	9.017200469970703	9.153398513793945	9.287232398986816	9.271016120910645	9.129590034484863	9.051135063171387	9.156744956970215	9.3442964553833	9.44210147857666	9.4110107421875	9.316534042358398	9.208029747009277	9.117085456848145	9.09843921661377	9.182584762573242	9.334869384765625	9.503703117370605	9.664718627929688	9.809829711914062	9.927777290344238	10.003718376159668	10.032096862792969	10.017781257629395	9.956710815429688	9.831892013549805	9.64734935760498	9.461462020874023	9.363361358642578	9.396961212158203
22	mean	1.2001639604568481	-4.337749481201172	-10.563055992126465	-17.097002029418945	-23.349111557006836	-28.611886978149414	-32.217628479003906	-33.70159149169922	-32.903900146484375	-29.955810546875	-25.143388748168945	-18.71831703186035	-10.772685050964355	-1.2770251035690308	9.705323219299316	21.721572875976562	33.72371292114258	44.13398742675781	51.23521041870117	53.7270393371582	51.183475494384766	44.21308517456055	34.254737854003906	23.07555389404297	12.188395500183105	2.4728429317474365	-5.8412699699401855	-12.899786949157715	-18.87605094909668	-23.75063705444336	-27.302013397216797	-29.252864837646484	-29.442113876342773	-27.912668228149414	-24.887596130371094	-20.68683624267578	-15.651348114013672	-10.102941513061523	-4.333731174468994	1.3863296508789062	6.793620586395264	11.619821548461914	15.598784446716309	18.4943904876709	20.141803741455078	20.486042022705078	19.599393844604492	17.66571807861328	14.936525344848633	11.681314468383789	8.156957626342773	4.598965644836426	1.2152118682861328	-1.8286157846450806	-4.418615341186523	-6.484790802001953	-7.987283229827881	-8.91452407836914	-9.289356231689453	-9.162827491760254	-8.591282844543457	-7.6212944984436035	-6.303941249847412	-4.720118522644043
22	std	26.834476470947266	26.350780487060547	25.406417846679688	24.140098571777344	22.956584930419922	22.30058479309082	22.49222183227539	23.497400283813477	24.811634063720703	25.667985916137695	25.48982810974121	24.315610885620117	22.735523223876953	21.190357208251953	19.51415252685547	17.70502471923828	16.94336700439453	18.373201370239258	20.732345581054688	21.79869842529297	20.65639877319336	18.14568328857422	16.26416015625	16.41170883178711	17.943384170532227	19.614179611206055	20.891508102416992	21.729263305664062	22.200763702392578	22.386728286743164	22.32097053527832	21.992225646972656	21.52018928527832	21.27914047241211	21.657682418823242	22.655424118041992	23.813554763793945	24.53775978088379	24.49265480041504	23.790119171142578	22.806760787963867	21.82473373413086	20.993148803710938	20.51583480834961	20.503768920898438	20.758861541748047	21.037246704101562	21.35863494873047	21.856191635131836	22.50137710571289	23.167991638183594	23.801746368408203	24.326467514038086	24.568931579589844	24.469356536865234	24.197452545166016	23.928112030029297	23.6722354888916	23.456998825073242	23.43855857849121	23.694494247436523	24.180831909179688	24.928016662597656	25.922216415405273
23	mean	-2.9858524799346924	-2.4794044494628906	-1.8702771663665771	-1.1876355409622192	-0.45714443922042847	0.332759290933609	1.240607738494873	2.331549882888794	3.6027963161468506	4.933237075805664	6.123834133148193	7.0427045822143555	7.79601526260376	8.786197662353516	10.555651664733887	13.449080467224121	17.28443717956543	21.27244758605957	24.29490089416504	25.41666603088379	24.34262466430664	21.55830955505371	18.081422805786133	14.971115112304688	12.871309280395508	11.824681282043457	11.409306526184082	11.061664581298828	10.37818717956543	9.251755714416504	7.824660301208496	6.337032318115234	4.977356433868408	3.8074746131896973	2.776606559753418	1.7892873287200928	0.7740263938903809	-0.28352832794189453	-1.3475197553634644	-2.3618834018707275	-3.2822818756103516	-4.094115257263184	-4.809739589691162	-5.450647354125977	-6.030696392059326	-6.554877281188965	-7.032642364501953	-7.489015579223633	-7.9553399085998535	-8.438825607299805	-8.892722129821777	-9.219822883605957	-9.320671081542969	-9.155157089233398	-8.771730422973633	-8.288908004760742	-7.844600677490234	-7.538609981536865	-7.3938517570495605	-7.353099822998047	-7.3110151290893555	-7.166854381561279	-6.875321388244629	-6.469133377075195
23	std	12.256302833557129	11.889351844787598	11.531700134277344	11.095292091369629	10.562639236450195	10.168529510498047	10.005539894104004	9.729432106018066	9.126860618591309	8.55612850189209	8.418280601501465	8.535696029663086	8.539575576782227	8.23095703125	7.404856204986572	6.037908554077148	4.966646671295166	5.511160850524902	6.891487121582031	7.534555912017822	6.892987251281738	5.5399065017700195	5.062265872955322	6.0612473487854	7.199543476104736	7.7364182472229	7.69388484954834	7.286954879760742	6.857930660247803	6.805419921875	7.1579203605651855	7.704333782196045	8.411211967468262	9.152158737182617	9.609106063842773	9.77602767944336	10.037016868591309	10.529508590698242	10.965786933898926	11.19700813293457	11.351615905761719	11.440411567687988	11.30165958404541	10.980757713317871	10.787065505981445	10.872313499450684	11.061381340026855	11.171317100524902	11.188523292541504	11.200240135192871	11.347294807434082	11.665130615234375	11.962799072265625	12.089900970458984	12.086499214172363	11.985003471374512	11.776087760925293	11.61247730255127	11.734489440917969	12.095720291137695	12.414030075073242	12.622546195983887	12.9533052444458	13.594849586486816
24	mean	0.6083329319953918	0.040725842118263245	-1.052240014076233	-2.8424341678619385	-5.309592247009277	-8.197090148925781	-11.088144302368164	-13.560552597045898	-15.326278686523438	-16.263404846191406	-16.31035041809082	-15.290386199951172	-12.809045791625977	-8.355196952819824	-1.6206021308898926	7.104740619659424	16.710237503051758	25.431276321411133	31.420703887939453	33.47023391723633	31.499298095703125	26.552621841430664	20.316415786743164	14.40337085723877	9.773487091064453	6.564142227172852	4.341554641723633	2.5463223457336426	0.8516085743904114	-0.728895366191864	-1.9692319631576538	-2.6578686237335205	-2.7670669555664062	-2.479346990585327	-2.080270290374756	-1.7947940826416016	-1.6684058904647827	-1.5612304210662842	-1.2477569580078125	-0.5544936060905457	0.5421385169029236	1.9034838676452637	3.294658899307251	4.483515739440918	5.32346248626709	5.785157680511475	5.928655624389648	5.845107555389404	5.610978603363037	5.272978782653809	4.854364395141602	4.370132923126221	3.8411011695861816	3.2928450107574463	2.736938238143921	2.155766010284424	1.512879729270935	0.7860361933708191	0.001399349537678063	-0.7550632953643799	-1.3641968965530396	-1.7294645309448242	-1.8274638652801514	-1.719734787940979
24	std	16.059465408325195	15.371651649475098	15.037520408630371	14.716580390930176	14.173824310302734	13.496683120727539	12.816378593444824	12.248762130737305	12.072198867797852	12.441272735595703	12.982711791992188	13.197993278503418	12.990010261535645	12.437983512878418	11.325250625610352	9.468429565429688	7.933813095092773	8.90749454498291	11.33052921295166	12.446680068969727	11.21622371673584	8.57003116607666	7.2033867835998535	8.685003280639648	11.036994934082031	12.96269416809082	14.160883903503418	14.482904434204102	13.979928970336914	13.111272811889648	12.509184837341309	12.46566104888916	12.883881568908691	13.622652053833008	14.515575408935547	15.268553733825684	15.635973930358887	15.593503952026367	15.2276029586792	14.573031425476074	13.694647789001465	12.83660888671875	12.30756950378418	12.17751693725586	12.200164794921875	12.117345809936523	11.946525573730469	11.847192764282227	11.794746398925781	11.683656692504883	11.643696784973145	11.877506256103516	12.283393859863281	12.586023330688477	12.684070587158203	12.657402992248535	12.623942375183105	12.689139366149902	12.8475923538208	12.9241361618042	12.78323745727539	12.538315773010254	12.398807525634766	12.368952751159668
25	mean	-1.3949779272079468	-2.3095226287841797	-3.1828761100769043	-3.903096914291382	-4.324860572814941	-4.281627655029297	-3.6159651279449463	-2.2262909412384033	-0.11754779517650604	2.582486391067505	5.691189289093018	9.126806259155273	13.06515121459961	17.949861526489258	24.252721786499023	32.05036163330078	40.6849250793457	48.79075622558594	54.70872497558594	57.03181838989258	55.02998733520508	48.88386154174805	39.70329284667969	29.234548568725586	19.239212036132812	10.816203117370605	4.118844509124756	-1.3360365629196167	-6.079467296600342	-10.307080268859863	-13.875638008117676	-16.522138595581055	-18.091211318969727	-18.646650314331055	-18.43212890625	-17.730688095092773	-16.743406295776367	-15.579278945922852	-14.319864273071289	-13.053104400634766	-11.85828971862793	-10.805970191955566	-9.996567726135254	-9.584158897399902	-9.732268333435059	-10.519379615783691	-11.873544692993164	-13.595977783203125	-15.44866943359375	-17.232297897338867	-18.80983543395996	-20.088979721069336	-20.995027542114258	-21.450321197509766	-21.37308120727539	-20.703811645507812	-19.443483352661133	-17.666322708129883	-15.493001937866211	-13.04701042175293	-10.429326057434082	-7.726266860961914	-5.036659240722656	-2.488023042678833
25	std	32.84357452392578	31.963947296142578	31.400033950805664	31.165433883666992	31.32684898376465	31.896162033081055	32.72459411621094	33.59089279174805	34.304718017578125	34.70549392700195	34.67622375488281	34.209808349609375	33.361778259277344	31.986034393310547	29.762733459472656	27.107589721679688	25.77416229248047	26.983251571655273	29.28316307067871	30.38314437866211	29.380586624145508	27.07866096496582	25.645404815673828	27.281911849975586	31.548805236816406	35.9677848815918	38.9039421081543	40.287071228027344	40.73908996582031	40.60597610473633	39.807655334472656	38.321407318115234	36.49834060668945	34.903709411621094	33.99625778198242	34.000614166259766	34.89968490600586	36.38592529296875	37.95273971557617	39.18489074707031	39.958343505859375	40.4238395690918	40.84511947631836	41.290504455566406	41.461631774902344	40.96900939941406	39.74932861328125	38.11606979370117	36.423030853271484	34.794315338134766	33.17972946166992	31.55712127685547	30.090970993041992	29.040035247802734	28.41537857055664	27.925708770751953	27.342615127563477	26.743846893310547	26.389842987060547	26.454200744628906	26.894994735717773	27.54360008239746	28.261219024658203	28.98678207397461
26	mean	-1.7341914176940918	-1.8947134017944336	-2.124162435531616	-2.4164271354675293	-2.7324225902557373	-2.9906044006347656	-3.080549955368042	-2.908860683441162	-2.457156181335449	-1.8010050058364868	-1.0434728860855103	-0.17561526596546173	1.0437266826629639	3.064495325088501	6.3210954666137695	10.894556045532227	16.270435333251953	21.390626907348633	25.03047752380371	26.318708419799805	25.107681274414062	21.990169525146484	17.972152709960938	14.01001262664795	10.668713569641113	8.048189163208008	5.947568893432617	4.112485408782959	2.406934976577759	0.843529999256134	-0.48956045508384705	-1.5204269886016846	-2.2423367500305176	-2.7088537216186523	-3.0004947185516357	-3.1939899921417236	-3.3487541675567627	-3.506442070007324	-3.6931352615356445	-3.9189555644989014	-4.177215576171875	-4.447834014892578	-4.707168102264404	-4.939120292663574	-5.139471530914307	-5.310061931610107	-5.447909832000732	-5.538069248199463	-5.5561418533325195	-5.478926658630371	-5.296196937561035	-5.015745639801025	-4.659663200378418	-4.256585597991943	-3.834867000579834	-3.4183294773101807	-3.0241262912750244	-2.6625332832336426	-2.3392465114593506	-2.0588035583496094	-1.8267641067504883	-1.6486490964889526	-1.526235818862915	-1.4533082246780396
26	std	7.726956367492676	7.466372966766357	7.286231517791748	7.237782955169678	7.307624340057373	7.468348503112793	7.688499927520752	7.901456832885742	8.016324996948242	7.981502532958984	7.833554267883301	7.668237686157227	7.51733922958374	7.241448879241943	6.628358840942383	5.699713230133057	5.000563621520996	5.218084335327148	5.986318588256836	6.378647804260254	5.991501808166504	5.0608367919921875	4.250174522399902	4.1639580726623535	4.685009479522705	5.304058074951172	5.72402811050415	5.902688026428223	5.961319446563721	6.047120571136475	6.195949077606201	6.340244770050049	6.427729606628418	6.482954978942871	6.576078414916992	6.761782169342041	7.033749580383301	7.326304912567139	7.559438705444336	7.683736324310303	7.704579830169678	7.672146320343018	7.621841907501221	7.527827262878418	7.354936599731445	7.14169979095459	6.982267379760742	6.926933765411377	6.944520950317383	6.98156213760376	7.009542465209961	7.0171966552734375	6.999174118041992	6.9616379737854	6.920807838439941	6.890120506286621	6.875346660614014	6.882965087890625	6.9256978034973145	7.010107517242432	7.1187744140625	7.218807220458984	7.295843601226807	7.366997718811035
27	mean	5.005504608154297	2.936958074569702	0.6383654475212097	-1.6616266965866089	-3.7583861351013184	-5.472476482391357	-6.638967514038086	-7.107269763946533	-6.756129741668701	-5.5052714347839355	-3.2979626655578613	-0.04448961094021797	4.437211036682129	10.397721290588379	17.981409072875977	26.95059585571289	36.477970123291016	45.17430877685547	51.40074157714844	53.76041793823242	51.57469940185547	45.144859313964844	35.669071197509766	24.82530403137207	14.201923370361328	4.842654705047607	-2.8875057697296143	-9.098543167114258	-14.029947280883789	-17.807138442993164	-20.400585174560547	-21.72512435913086	-21.76108741760254	-20.62769317626953	-18.598844528198242	-16.05691146850586	-13.396690368652344	-10.932099342346191	-8.851753234863281	-7.225429534912109	-6.040952205657959	-5.255213260650635	-4.842339038848877	-4.810822486877441	-5.178135395050049	-5.933872222900391	-7.0273637771606445	-8.377782821655273	-9.888511657714844	-11.455018997192383	-12.959466934204102	-14.260783195495605	-15.213943481445312	-15.729268074035645	-15.825823783874512	-15.620927810668945	-15.24972152709961	-14.774320602416992	-14.156981468200684	-13.313034057617188	-12.185663223266602	-10.781282424926758	-9.159588813781738	-7.414473533630371
27	std	26.932336807250977	27.321823120117188	28.150455474853516	29.466794967651367	31.074241638183594	32.65182113647461	33.90264892578125	34.60124206542969	34.63081359863281	34.028358459472656	32.90274429321289	31.24064064025879	28.837453842163086	25.42132568359375	20.966772079467773	16.359453201293945	14.04990005493164	15.668652534484863	18.618865966796875	19.940860748291016	18.603553771972656	15.621210098266602	13.974266052246094	16.216501235961914	20.970491409301758	25.86569595336914	29.66221046447754	31.915828704833984	32.785804748535156	32.955589294433594	33.083251953125	33.209075927734375	33.00883483886719	32.43891906738281	31.85454559326172	31.566539764404297	31.60724639892578	31.9991455078125	32.79186248779297	33.782981872558594	34.63193130493164	35.17177963256836	35.3756217956543	35.231075286865234	34.78818130493164	34.15485382080078	33.32306671142578	32.22499465942383	31.047056198120117	30.129962921142578	29.525590896606445	29.014915466308594	28.537260055541992	28.28418731689453	28.35247230529785	28.551042556762695	28.64452362060547	28.59806251525879	28.509639739990234	28.458280563354492	28.474245071411133	28.56119155883789	28.692306518554688	28.79989242553711
28	mean	-0.8271971344947815	-2.293471574783325	-3.8951752185821533	-5.555257320404053	-7.186128616333008	-8.649215698242188	-9.734244346618652	-10.192870140075684	-9.823881149291992	-8.555645942687988	-6.448372840881348	-3.586749315261841	0.06426206231117249	4.700207233428955	10.522871971130371	17.443716049194336	24.836042404174805	31.548152923583984	36.24665451049805	37.935523986816406	36.361454010009766	32.0825309753418	26.186716079711914	19.834646224975586	13.865297317504883	8.63628101348877	4.127621173858643	0.18609820306301117	-3.2737886905670166	-6.216015815734863	-8.549641609191895	-10.22139835357666	-11.259123802185059	-11.749876976013184	-11.788492202758789	-11.447105407714844	-10.788007736206055	-9.895401000976562	-8.88400936126709	-7.869998931884766	-6.929683685302734	-6.083404064178467	-5.317189693450928	-4.621512413024902	-4.015922546386719	-3.543353796005249	-3.240781307220459	-3.1104812622070312	-3.1177635192871094	-3.21980357170105	-3.399545192718506	-3.67195987701416	-4.056782245635986	-4.542110443115234	-5.067701816558838	-5.5389533042907715	-5.861152172088623	-5.972137928009033	-5.854994773864746	-5.529536247253418	-5.034318923950195	-4.41023063659668	-3.6915414333343506	-2.907925844192505
28	std	15.773226737976074	15.451297760009766	15.544353485107422	15.937263488769531	16.396047592163086	16.82875633239746	17.305957794189453	17.83216094970703	18.205188751220703	18.154367446899414	17.5518798828125	16.45949935913086	15.00631332397461	13.26640796661377	11.320016860961914	9.55419635772705	8.903913497924805	9.891070365905762	11.417196273803711	12.073807716369629	11.374786376953125	9.935359954833984	9.160521507263184	10.020448684692383	11.90722942352295	13.795125007629395	15.132710456848145	15.75442123413086	15.77702808380127	15.506640434265137	15.237920761108398	15.098320960998535	15.070474624633789	15.098780632019043	15.170374870300293	15.336660385131836	15.646917343139648	16.076271057128906	16.57771110534668	17.161888122558594	17.827482223510742	18.43110466003418	18.723281860351562	18.54541778564453	17.973718643188477	17.26206398010254	16.64107322692871	16.178573608398438	15.843928337097168	15.661273002624512	15.706453323364258	15.925837516784668	16.075946807861328	15.939785957336426	15.546038627624512	15.1353759765625	14.930769920349121	14.948052406311035	15.041906356811523	15.117242813110352	15.225068092346191	15.434005737304688	15.703003883361816	15.95574951171875
29	mean	-4.983282089233398	-6.776270389556885	-8.33641242980957	-9.54203987121582	-10.301047325134277	-10.54100227355957	-10.193880081176758	-9.202990531921387	-7.561875820159912	-5.3572468757629395	-2.768211603164673	0.005267070606350899	2.856588363647461	5.84860372543335	9.168561935424805	12.949135780334473	17.04743766784668	20.934795379638672	23.805654525756836	24.88357162475586	23.76674461364746	20.617446899414062	16.086158752441406	11.01859188079834	6.11988639831543	1.759473204612732	-2.006826639175415	-5.2629714012146	-8.051251411437988	-10.297965049743652	-11.863006591796875	-12.644762992858887	-12.65233325958252	-12.002303123474121	-10.85697078704834	-9.356886863708496	-7.591952323913574	-5.619958400726318	-3.507277488708496	-1.3567745685577393	0.6957507729530334	2.5106523036956787	3.978498935699463	5.0400285720825195	5.684906482696533	5.93601131439209	5.833261966705322	5.426874160766602	4.778115749359131	3.957576036453247	3.0351579189300537	2.067526340484619	1.094786286354065	0.15109294652938843	-0.7196741104125977	-1.4596490859985352	-2.012706756591797	-2.351006269454956	-2.4914560317993164	-2.4880759716033936	-2.4056947231292725	-2.2947323322296143	-2.1821298599243164	-2.076988935470581
29	std	10.891656875610352	10.621567726135254	10.406813621520996	10.297411918640137	10.282962799072266	10.360724449157715	10.555693626403809	10.845892906188965	11.100687980651855	11.1367769241333	10.844160079956055	10.234086990356445	9.357626914978027	8.22842788696289	6.883913993835449	5.550924301147461	4.767165660858154	4.949533462524414	5.595539569854736	5.9063496589660645	5.568281650543213	4.906203269958496	4.795576095581055	5.707315444946289	7.0254225730896	8.102046012878418	8.724944114685059	8.972893714904785	9.029337882995605	9.03866195678711	9.033183097839355	8.98485279083252	8.933825492858887	9.002459526062012	9.243281364440918	9.5625581741333	9.842216491699219	10.051986694335938	10.223217010498047	10.366556167602539	10.440677642822266	10.390748023986816	10.195012092590332	9.882614135742188	9.53948974609375	9.282698631286621	9.177153587341309	9.188969612121582	9.2601900100708	9.388830184936523	9.597623825073242	9.863116264343262	10.108264923095703	10.249544143676758	10.250419616699219	10.152737617492676	10.052629470825195	10.022809982299805	10.056479454040527	10.095518112182617	10.105633735656738	10.117744445800781	10.19645881652832	10.370447158813477
30	mean	-1.9433660507202148	-2.027517080307007	-2.102818727493286	-2.135253429412842	-2.1068544387817383	-1.9819872379302979	-1.6859186887741089	-1.1267201900482178	-0.2538911700248718	0.8946282863616943	2.2151787281036377	3.6496288776397705	5.325311183929443	7.599165916442871	10.903070449829102	15.417941093444824	20.766826629638672	25.97064971923828	29.767040252685547	31.142824172973633	29.783184051513672	26.193716049194336	21.444183349609375	16.685413360595703	12.70785903930664	9.75971794128418	7.662231922149658	6.082149982452393	4.769193172454834	3.64494252204895	2.7539031505584717	2.165945291519165	1.9119952917099	1.972417950630188	2.289177894592285	2.7740657329559326	3.313417911529541	3.783905267715454	4.0812201499938965	4.145306587219238	3.9649105072021484	3.5598394870758057	2.955862522125244	2.171783685684204	1.2275829315185547	0.16229116916656494	-0.9591031074523926	-2.0579209327697754	-3.0620245933532715	-3.91801381111145	-4.590198040008545	-5.054317474365234	-5.2969160079956055	-5.322433948516846	-5.159866809844971	-4.860678195953369	-4.489475727081299	-4.113062381744385	-3.78838849067688	-3.5479013919830322	-3.386700391769409	-3.2621471881866455	-3.1126201152801514	-2.886587381362915
30	std	15.969768524169922	15.749534606933594	15.657170295715332	15.75805950164795	16.04425621032715	16.416065216064453	16.76344108581543	17.033464431762695	17.18104362487793	17.12082862854004	16.769315719604492	16.065698623657227	14.928537368774414	13.271110534667969	11.153254508972168	9.107608795166016	8.405359268188477	9.675605773925781	11.47482681274414	12.223648071289062	11.381232261657715	9.60180950164795	8.581418991088867	9.526126861572266	11.594057083129883	13.721107482910156	15.521470069885254	16.882944107055664	17.7731990814209	18.202322006225586	18.168668746948242	17.686656951904297	16.90648078918457	16.12070083618164	15.57990550994873	15.328313827514648	15.241338729858398	15.196491241455078	15.193254470825195	15.282328605651855	15.427230834960938	15.55443286895752	15.661850929260254	15.751530647277832	15.765849113464355	15.662962913513184	15.453886985778809	15.20671558380127	15.074426651000977	15.137243270874023	15.223241806030273	15.140901565551758	14.959564208984375	14.808061599731445	14.593304634094238	14.206436157226562	13.829438209533691	13.75926399230957	14.007006645202637	14.351629257202148	14.69797420501709	15.109638214111328	15.575092315673828	15.964773178100586
31	mean	-1.5832438468933105	-1.4659076929092407	-1.2610621452331543	-0.9793179631233215	-0.6526751518249512	-0.29599952697753906	0.1275245100259781	0.7015566229820251	1.5028431415557861	2.5339248180389404	3.7061703205108643	4.9126667976379395	6.155615329742432	7.624446392059326	9.62701416015625	12.371030807495117	15.716878890991211	19.08271598815918	21.612905502319336	22.551469802856445	21.611480712890625	19.119314193725586	15.849074363708496	12.650965690612793	10.090070724487305	8.284571647644043	6.993427276611328	5.85267448425293	4.596837520599365	3.1517128944396973	1.5920147895812988	0.03764248266816139	-1.4278881549835205	-2.7772464752197266	-4.010249137878418	-5.11620569229126	-6.060131549835205	-6.798063278198242	-7.303224563598633	-7.582011699676514	-7.672422409057617	-7.631483554840088	-7.520837306976318	-7.394093036651611	-7.2866339683532715	-7.210320949554443	-7.158040523529053	-7.114734649658203	-7.06398868560791	-6.985524654388428	-6.852982521057129	-6.643347263336182	-6.35341215133667	-6.006979465484619	-5.642310619354248	-5.288166522979736	-4.94867467880249	-4.609655857086182	-4.2598700523376465	-3.9076807498931885	-3.5785694122314453	-3.2979204654693604	-3.076726198196411	-2.9111223220825195
31	std	9.161724090576172	8.922505378723145	8.690338134765625	8.500263214111328	8.37069034576416	8.241353988647461	8.101187705993652	8.001099586486816	7.908254623413086	7.747908115386963	7.549071788787842	7.350416660308838	7.037790298461914	6.450862884521484	5.591212272644043	4.711522579193115	4.315642833709717	4.716115951538086	5.430396556854248	5.760794639587402	5.438599109649658	4.747764587402344	4.32053279876709	4.473217010498047	4.8845086097717285	5.232390880584717	5.461330413818359	5.622690200805664	5.769433498382568	5.948361396789551	6.220858097076416	6.6324567794799805	7.139688491821289	7.655195236206055	8.183488845825195	8.800480842590332	9.476763725280762	10.044346809387207	10.35758113861084	10.39332103729248	10.220483779907227	9.969916343688965	9.823885917663574	9.90359115600586	10.132962226867676	10.32970905303955	10.4053955078125	10.405545234680176	10.405771255493164	10.392341613769531	10.265088081359863	9.98516845703125	9.662904739379883	9.453001976013184	9.416510581970215	9.530074119567871	9.729571342468262	9.897287368774414	9.931532859802246	9.876142501831055	9.907498359680176	10.146927833557129	10.518620491027832	10.841550827026367
32	mean	-2.3163716793060303	-2.602677345275879	-2.693676233291626	-2.5362191200256348	-2.130589008331299	-1.5140681266784668	-0.7316866517066956	0.16911101341247559	1.1069042682647705	1.9432058334350586	2.54123592376709	2.92610502243042	3.455284595489502	4.833117961883545	7.851198196411133	12.91110897064209	19.583106994628906	26.513031005859375	31.821327209472656	33.83976364135742	31.81575584411621	26.222150802612305	18.527812957763672	10.571557998657227	3.8716037273406982	-0.8066074252128601	-3.4798645973205566	-4.653524875640869	-4.92620325088501	-4.710497856140137	-4.167774677276611	-3.311307191848755	-2.1563358306884766	-0.8180459141731262	0.4771687388420105	1.4597868919372559	1.9300615787506104	1.851855993270874	1.3624202013015747	0.6887445449829102	0.03374142944812775	-0.49166083335876465	-0.8688388466835022	-1.133908987045288	-1.3375442028045654	-1.517515778541565	-1.6862214803695679	-1.8342504501342773	-1.9469319581985474	-2.019723892211914	-2.0551462173461914	-2.0427134037017822	-1.9488276243209839	-1.7384287118911743	-1.4119069576263428	-1.0186610221862793	-0.6349576711654663	-0.3329842686653137	-0.16545023024082184	-0.16116578876972198	-0.3231765031814575	-0.6321468949317932	-1.0526772737503052	-1.5353513956069946
32	std	15.859705924987793	15.140732765197754	14.96241283416748	15.084318161010742	15.047256469726562	14.87210464477539	14.798980712890625	14.777130126953125	14.630533218383789	14.43513298034668	14.408050537109375	14.604236602783203	14.831568717956543	14.650165557861328	13.523568153381348	11.432507514953613	9.768194198608398	10.581975936889648	12.812616348266602	13.881673812866211	12.787123680114746	10.467584609985352	9.50031852722168	11.164047241210938	13.4750394821167	14.909937858581543	15.243204116821289	14.76424789428711	13.908146858215332	13.26972484588623	13.382661819458008	14.202564239501953	15.206645011901855	15.985350608825684	16.477144241333008	16.784820556640625	16.956710815429688	17.039384841918945	17.152027130126953	17.316617965698242	17.382150650024414	17.23138427734375	16.96259117126465	16.78505516052246	16.760103225708008	16.770551681518555	16.752986907958984	16.756179809570312	16.712200164794922	16.40899658203125	15.791887283325195	15.072906494140625	14.496969223022461	14.17791748046875	14.168340682983398	14.499418258666992	15.108477592468262	15.780350685119629	16.246013641357422	16.38272476196289	16.26580810546875	16.086410522460938	16.016700744628906	16.074432373046875
33	mean	0.2748273015022278	-6.347582817077637	-13.29973030090332	-20.087841033935547	-26.15092658996582	-30.935504913330078	-33.97722625732422	-34.95823287963867	-33.73708724975586	-30.345319747924805	-24.918594360351562	-17.559892654418945	-8.229666709899902	3.1956844329833984	16.651762008666992	31.529647827148438	46.46696472167969	59.47589111328125	68.42124938964844	71.64417266845703	68.45438385009766	59.3331298828125	45.81672668457031	30.074934005737305	14.282475471496582	0.0327027291059494	-11.928902626037598	-21.563302993774414	-29.14986801147461	-34.90910339355469	-38.81460952758789	-40.628448486328125	-40.075130462646484	-37.03036117553711	-31.64033317565918	-24.339637756347656	-15.782488822937012	-6.733163833618164	2.041559934616089	9.866781234741211	16.23561668395996	20.85040283203125	23.61515998840332	24.58268165588379	23.88043785095215	21.661090850830078	18.107284545898438	13.468459129333496	8.081191062927246	2.3457348346710205	-3.329639196395874	-8.57824993133545	-13.09279727935791	-16.624420166015625	-18.986391067504883	-20.0706729888916	-19.873823165893555	-18.5170841217041	-16.237653732299805	-13.345970153808594	-10.162093162536621	-6.9517974853515625	-3.8888537883758545	-1.0620907545089722
33	std	33.40333938598633	32.626041412353516	32.84700012207031	33.972137451171875	35.561283111572266	37.03245162963867	37.980403900146484	38.30231857299805	37.97320556640625	36.856292724609375	34.86832809448242	32.2032585144043	29.229291915893555	26.196964263916016	23.213518142700195	20.786535263061523	20.245473861694336	22.21833610534668	24.94987678527832	26.091434478759766	24.859575271606445	22.5546817779541	21.618755340576172	23.191720962524414	25.92714500427246	28.2899112701416	30.186824798583984	32.364524841308594	35.0546760559082	37.55366134643555	38.97026824951172	38.9878044128418	37.95237350463867	36.45161819458008	34.943931579589844	33.77336502075195	33.22260284423828	33.30620574951172	33.72731018066406	34.23151397705078	34.823280334472656	35.53078842163086	36.167606353759766	36.49099349975586	36.47690200805664	36.24866485595703	35.7463264465332	34.717185974121094	33.1643180847168	31.643659591674805	30.861736297607422	30.925004959106445	31.30225944519043	31.53032875061035	31.60819435119629	31.755062103271484	32.07215118408203	32.50185775756836	32.890384674072266	32.99614715576172	32.61330795288086	31.812902450561523	31.026813507080078	30.743850708007812
34	mean	-3.546394109725952	-6.618683815002441	-9.765618324279785	-12.74441146850586	-15.282031059265137	-17.10652732849121	-17.987560272216797	-17.786020278930664	-16.5018310546875	-14.285351753234863	-11.371611595153809	-7.933895111083984	-3.9253556728363037	0.9612395167350769	7.108906269073486	14.600569725036621	22.863296508789062	30.604326248168945	36.16714096069336	38.17116165161133	36.10429763793945	30.5485782623291	22.923824310302734	14.89059829711914	7.724519729614258	1.9668595790863037	-2.5160834789276123	-6.172912120819092	-9.36717700958252	-12.160855293273926	-14.336357116699219	-15.570355415344238	-15.627577781677246	-14.471463203430176	-12.262529373168945	-9.28708267211914	-5.875760555267334	-2.3404862880706787	1.0627861022949219	4.146372318267822	6.782555103302002	8.88183879852295	10.368083953857422	11.168739318847656	11.235478401184082	10.584653854370117	9.3217191696167	7.621838569641113	5.674944877624512	3.6315746307373047	1.583227515220642	-0.4137079119682312	-2.2894415855407715	-3.9251205921173096	-5.16252326965332	-5.859495162963867	-5.956399440765381	-5.5107855796813965	-4.678910255432129	-3.656508207321167	-2.6143722534179688	-1.6624782085418701	-0.851118266582489	-0.1920686513185501
34	std	18.696422576904297	18.030685424804688	17.228971481323242	16.472326278686523	15.942987442016602	15.79381275177002	16.060916900634766	16.5462703704834	16.93997573852539	17.067167282104492	16.950727462768555	16.686555862426758	16.24897575378418	15.319664001464844	13.431090354919434	10.775187492370605	9.576068878173828	12.081093788146973	15.579221725463867	17.014965057373047	15.61074447631836	12.745710372924805	11.077333450317383	11.838371276855469	13.698517799377441	15.683247566223145	17.626914978027344	19.295289993286133	20.36356544494629	20.679790496826172	20.268095016479492	19.352527618408203	18.377796173095703	17.823171615600586	17.878576278686523	18.260616302490234	18.49017333984375	18.31435203552246	17.798856735229492	17.158405303955078	16.574960708618164	16.08524513244629	15.596604347229004	15.051414489746094	14.575458526611328	14.381470680236816	14.497230529785156	14.751004219055176	15.035054206848145	15.392964363098145	15.829767227172852	16.173377990722656	16.20888900756836	15.905638694763184	15.466388702392578	15.14604663848877	15.036033630371094	15.061871528625488	15.147518157958984	15.291525840759277	15.487848281860352	15.673672676086426	15.80749797821045	15.913293838500977
35	mean	-8.400359153747559	-10.19117259979248	-11.551492691040039	-12.386889457702637	-12.658821105957031	-12.364167213439941	-11.504072189331055	-10.075567245483398	-8.101363182067871	-5.6740403175354	-2.964632034301758	-0.16144181787967682	2.639890432357788	5.516442775726318	8.680732727050781	12.303539276123047	16.282224655151367	20.110807418823242	22.97532081604004	24.063993453979492	22.93568229675293	19.73596954345703	15.133289337158203	10.016091346740723	5.130471706390381	0.8569791316986084	-2.780604600906372	-5.9313178062438965	-8.706685066223145	-11.075347900390625	-12.897361755371094	-14.035061836242676	-14.444964408874512	-14.193971633911133	-13.408443450927734	-12.207405090332031	-10.666999816894531	-8.828448295593262	-6.729883670806885	-4.433527946472168	-2.0328316688537598	0.3593786060810089	2.629847764968872	4.677845001220703	6.417217254638672	7.774702548980713	8.696514129638672	9.165535926818848	9.214381217956543	8.91552734375	8.346084594726562	7.549029350280762	6.519475936889648	5.228785037994385	3.6702077388763428	1.8943294286727905	0.009761366061866283	-1.8505994081497192	-3.573744773864746	-5.0920186042785645	-6.377591609954834	-7.418371200561523	-8.19832706451416	-8.695502281188965
35	std	11.068785667419434	10.775886535644531	10.474156379699707	10.188579559326172	9.897119522094727	9.610383987426758	9.406211853027344	9.362122535705566	9.480547904968262	9.674083709716797	9.774881362915039	9.580209732055664	8.935722351074219	7.789007663726807	6.211543560028076	4.5143866539001465	3.599848747253418	4.297341346740723	5.490544319152832	5.994100570678711	5.448988914489746	4.2789130210876465	3.8797380924224854	5.114354610443115	6.752898216247559	7.9003190994262695	8.380032539367676	8.319453239440918	7.926634788513184	7.4683756828308105	7.258328914642334	7.445434093475342	7.891475677490234	8.387392044067383	8.836668968200684	9.238707542419434	9.600212097167969	9.864723205566406	9.95336627960205	9.867142677307129	9.654240608215332	9.297533988952637	8.79638671875	8.356499671936035	8.272335052490234	8.533360481262207	8.837285995483398	9.011178016662598	9.150186538696289	9.371149063110352	9.606141090393066	9.733570098876953	9.769506454467773	9.790122032165527	9.754297256469727	9.562503814697266	9.247467994689941	8.98206615447998	8.914260864257812	9.065522193908691	9.358319282531738	9.677360534667969	9.949679374694824	10.194716453552246
36	mean	-2.0716798305511475	-0.8769764304161072	0.52735435962677	2.109610080718994	3.7839338779449463	5.455242156982422	7.060340404510498	8.55601978302002	9.86830997467041	10.872283935546875	11.466275215148926	11.737340927124023	12.11750602722168	13.372501373291016	16.322494506835938	21.362112045288086	28.02879524230957	34.92954635620117	40.17286682128906	42.12739181518555	40.113895416259766	34.69633102416992	27.445796966552734	20.278095245361328	14.684898376464844	11.254778861999512	9.68717098236084	9.184490203857422	8.930903434753418	8.40632152557373	7.44537878036499	6.11195707321167	4.54079532623291	2.8577880859375	1.174946665763855	-0.4099447727203369	-1.8440550565719604	-3.153414726257324	-4.430417060852051	-5.761051654815674	-7.14666223526001	-8.492464065551758	-9.66850757598877	-10.580103874206543	-11.19161319732666	-11.504791259765625	-11.533036231994629	-11.298056602478027	-10.841780662536621	-10.233637809753418	-9.561432838439941	-8.908480644226074	-8.331535339355469	-7.855416297912598	-7.488851547241211	-7.24431848526001	-7.132303714752197	-7.126278877258301	-7.13905668258667	-7.048233985900879	-6.756229877471924	-6.239873886108398	-5.565653324127197	-4.86978006362915
36	std	20.649202346801758	19.9433536529541	19.131567001342773	18.638723373413086	18.73207664489746	19.081764221191406	19.093597412109375	18.535362243652344	17.68785858154297	17.120838165283203	17.367822647094727	18.483707427978516	19.733369827270508	19.909645080566406	18.107990264892578	14.662041664123535	12.276420593261719	14.170732498168945	17.81902503967285	19.37495994567871	17.538782119750977	13.685093879699707	12.185246467590332	15.426641464233398	19.5102596282959	21.952396392822266	22.672155380249023	22.416730880737305	21.912128448486328	21.632568359375	21.634706497192383	21.56262969970703	21.297260284423828	21.394634246826172	22.370365142822266	23.80722999572754	24.730344772338867	24.621530532836914	23.931720733642578	23.55279541015625	23.67092514038086	23.679279327392578	23.23133087158203	22.63488006591797	22.241230010986328	22.023025512695312	21.88615608215332	21.831422805786133	21.707721710205078	21.309289932250977	20.705049514770508	20.115556716918945	19.622507095336914	19.281185150146484	19.22688102722168	19.405803680419922	19.56081199645996	19.617229461669922	19.694799423217773	19.775087356567383	19.72583770751953	19.59955406188965	19.658809661865234	20.05467987060547
37	mean	-2.266439914703369	-1.8018083572387695	-1.5205291509628296	-1.4493217468261719	-1.493949294090271	-1.4802647829055786	-1.2385716438293457	-0.6869491934776306	0.12773264944553375	1.0575823783874512	1.9531288146972656	2.8042640686035156	3.852267026901245	5.577415943145752	8.500469207763672	12.8442964553833	18.229150772094727	23.621110916137695	27.644451141357422	29.147457122802734	27.726877212524414	23.914356231689453	18.921459197998047	14.097244262695312	10.394521713256836	8.104239463806152	6.944779396057129	6.389581203460693	6.009538650512695	5.649878978729248	5.393445014953613	5.3936262130737305	5.71707010269165	6.289374828338623	6.940609931945801	7.487498760223389	7.796078681945801	7.806318283081055	7.528347969055176	7.025689601898193	6.391696453094482	5.721342086791992	5.088188648223877	4.53571891784668	4.077423095703125	3.6949539184570312	3.335278272628784	2.9179718494415283	2.360679864883423	1.6177135705947876	0.7153055667877197	-0.23670095205307007	-1.0701266527175903	-1.6142250299453735	-1.7607221603393555	-1.5163284540176392	-1.0159335136413574	-0.47142672538757324	-0.07296165823936462	0.09124117344617844	0.043076809495687485	-0.14050540328025818	-0.39663398265838623	-0.712037980556488
37	std	13.059845924377441	12.716828346252441	12.205087661743164	11.545162200927734	11.011460304260254	10.931203842163086	11.186419486999512	11.368165969848633	11.361283302307129	11.363162994384766	11.474966049194336	11.559453010559082	11.391494750976562	10.725654602050781	9.373459815979004	7.518772602081299	6.181960105895996	6.640427589416504	8.053577423095703	8.72669792175293	8.06420612335205	6.777597904205322	6.5257158279418945	7.98680305480957	9.938722610473633	11.389321327209473	12.12161636352539	12.319619178771973	12.218640327453613	11.987832069396973	11.754305839538574	11.575675010681152	11.433412551879883	11.290645599365234	11.137166023254395	11.004610061645508	10.927651405334473	10.88897705078125	10.84557056427002	10.763704299926758	10.588814735412598	10.310271263122559	10.089987754821777	10.121496200561523	10.339007377624512	10.527595520019531	10.657748222351074	10.860579490661621	11.1466646194458	11.368973731994629	11.416987419128418	11.282470703125	10.998542785644531	10.635147094726562	10.309396743774414	10.113578796386719	10.068303108215332	10.116166114807129	10.16897201538086	10.28728199005127	10.580175399780273	10.874863624572754	10.97974681854248	11.09437370300293
38	mean	-7.922276496887207	-12.441568374633789	-16.676692962646484	-20.39664077758789	-23.35967445373535	-25.32671546936035	-26.092370986938477	-25.52564811706543	-23.604185104370117	-20.415128707885742	-16.103076934814453	-10.776261329650879	-4.429698944091797	3.036065101623535	11.656620979309082	21.154003143310547	30.74174690246582	39.15433120727539	44.96053695678711	47.03685760498047	44.97153854370117	39.2142448425293	30.909011840820312	21.481721878051758	12.172646522521973	3.7354586124420166	-3.5815744400024414	-9.836996078491211	-15.153511047363281	-19.56711196899414	-23.000158309936523	-25.318450927734375	-26.407743453979492	-26.220294952392578	-24.784038543701172	-22.198118209838867	-18.633193969726562	-14.3320894241333	-9.59516429901123	-4.744278907775879	-0.07642387598752975	4.17218542098999	7.837714195251465	10.817892074584961	13.05167293548584	14.503756523132324	15.163369178771973	15.05665111541748	14.260334968566895	12.898770332336426	11.11601734161377	9.036684036254883	6.741827487945557	4.279965400695801	1.703515648841858	-0.8980106711387634	-3.392791748046875	-5.632810592651367	-7.494697570800781	-8.91171646118164	-9.883304595947266	-10.462145805358887	-10.728185653686523	-10.762751579284668
38	std	24.701717376708984	25.402416229248047	26.055803298950195	26.39706039428711	26.365398406982422	26.16390037536621	26.05803108215332	26.069353103637695	25.935842514038086	25.34760093688965	24.157352447509766	22.40523910522461	20.228168487548828	17.878856658935547	15.992620468139648	15.756702423095703	17.914709091186523	21.46727180480957	24.565580368041992	25.78177261352539	24.58216667175293	21.470060348510742	17.92884063720703	15.909957885742188	16.27469253540039	18.010404586791992	19.949111938476562	21.606569290161133	22.827152252197266	23.577978134155273	23.969602584838867	24.199140548706055	24.404682159423828	24.623943328857422	24.831008911132812	24.928417205810547	24.792158126831055	24.410560607910156	23.918231964111328	23.432083129882812	22.962539672851562	22.56194496154785	22.387088775634766	22.511993408203125	22.83370018005371	23.238304138183594	23.70633888244629	24.21733283996582	24.700334548950195	25.109054565429688	25.44005012512207	25.67233657836914	25.743942260742188	25.565540313720703	25.065195083618164	24.27059555053711	23.313371658325195	22.34330177307129	21.529573440551758	21.10591697692871	21.22966194152832	21.830717086791992	22.727741241455078	23.7528018951416
39	mean	-1.5063660144805908	-1.1566766500473022	-0.7141772508621216	-0.23268543183803558	0.23484686017036438	0.6813939213752747	1.1661702394485474	1.7861968278884888	2.605919599533081	3.589573860168457	4.600329399108887	5.501452922821045	6.312922477722168	7.298335552215576	8.86900806427002	11.314191818237305	14.512303352355957	17.834672927856445	20.357383728027344	21.29123306274414	20.380107879638672	18.030353546142578	15.099456787109375	12.474570274353027	10.688013076782227	9.769196510314941	9.367159843444824	9.021288871765137	8.407095909118652	7.442720890045166	6.245584011077881	5.007385730743408	3.876729726791382	2.9088892936706543	2.086221933364868	1.3689528703689575	0.7327154874801636	0.17699085175991058	-0.28488627076148987	-0.6368776559829712	-0.8657307028770447	-0.9660918116569519	-0.9505794644355774	-0.8606061339378357	-0.7673063278198242	-0.7559006214141846	-0.8984688520431519	-1.229245901107788	-1.734006643295288	-2.354985475540161	-3.0073089599609375	-3.6024410724639893	-4.072736740112305	-4.390217304229736	-4.573709011077881	-4.679981231689453	-4.779879093170166	-4.928056716918945	-5.138720512390137	-5.378326892852783	-5.57990837097168	-5.674093246459961	-5.623525619506836	-5.442488670349121
39	std	11.380287170410156	10.518651962280273	9.864782333374023	9.499489784240723	9.34151840209961	9.271968841552734	9.220795631408691	9.123758316040039	8.937016487121582	8.73924732208252	8.659820556640625	8.636218070983887	8.395047187805176	7.687746524810791	6.4174089431762695	4.6902241706848145	3.2231411933898926	3.5749189853668213	4.946802139282227	5.600362777709961	5.021268844604492	3.7785301208496094	3.6709113121032715	5.089348316192627	6.312089443206787	6.606711387634277	6.18271017074585	5.75932502746582	5.866902828216553	6.327666282653809	6.863102436065674	7.524946689605713	8.352994918823242	9.214241027832031	10.028624534606934	10.806524276733398	11.538688659667969	12.253525733947754	13.003229141235352	13.64140510559082	13.845765113830566	13.44834041595459	12.604230880737305	11.67475700378418	11.026755332946777	10.821467399597168	10.89913558959961	10.994482040405273	11.014702796936035	10.981977462768555	10.871268272399902	10.68916130065918	10.569219589233398	10.607301712036133	10.717609405517578	10.782580375671387	10.819235801696777	10.924202919006348	11.127457618713379	11.342310905456543	11.44859790802002	11.395525932312012	11.2306489944458	11.083654403686523
40	mean	-4.83422327041626	-6.593386650085449	-8.350668907165527	-10.050186157226562	-11.597949981689453	-12.85311508178711	-13.6555814743042	-13.873497009277344	-13.438772201538086	-12.349676132202148	-10.63425064086914	-8.283247947692871	-5.189718723297119	-1.1609588861465454	3.947216272354126	10.0056791305542	16.430400848388672	22.210046768188477	26.205493927001953	27.598543167114258	26.2504825592041	22.768434524536133	18.232454299926758	13.726482391357422	9.926152229309082	6.949789047241211	4.510945796966553	2.2386550903320312	-0.04757723584771156	-2.2563116550445557	-4.132751941680908	-5.443150997161865	-6.1116719245910645	-6.238132476806641	-6.0030059814453125	-5.544623374938965	-4.904210567474365	-4.059856414794922	-2.998027801513672	-1.763418436050415	-0.46094903349876404	0.7808375954627991	1.8568804264068604	2.7164621353149414	3.364340305328369	3.836801767349243	4.172151565551758	4.395178318023682	4.517368316650391	4.538482666015625	4.442441940307617	4.1976728439331055	3.7740871906280518	3.172609567642212	2.444599151611328	1.6770163774490356	0.9455580115318298	0.2709486782550812	-0.38358309864997864	-1.0693930387496948	-1.7968416213989258	-2.5086324214935303	-3.101123332977295	-3.477024555206299
40	std	13.473292350769043	12.958521842956543	12.43728256225586	11.99887752532959	11.648173332214355	11.411360740661621	11.24239730834961	11.037615776062012	10.797341346740723	10.665903091430664	10.76379680633545	10.960346221923828	10.891450881958008	10.21599292755127	8.844883918762207	7.1717095375061035	6.42965030670166	7.619931697845459	9.433537483215332	10.213626861572266	9.453937530517578	7.900716304779053	7.086635112762451	7.749045372009277	8.91369342803955	9.617574691772461	9.699776649475098	9.491243362426758	9.35405158996582	9.434098243713379	9.744917869567871	10.272624015808105	10.987855911254883	11.883193969726562	12.822397232055664	13.526946067810059	13.833589553833008	13.742594718933105	13.300090789794922	12.605341911315918	11.877957344055176	11.36362075805664	11.144380569458008	11.126336097717285	11.20725154876709	11.344876289367676	11.473179817199707	11.492486000061035	11.379953384399414	11.237611770629883	11.189617156982422	11.257201194763184	11.35825252532959	11.394474029541016	11.340898513793945	11.274039268493652	11.30845832824707	11.489690780639648	11.725998878479004	11.86408805847168	11.88320255279541	11.958547592163086	12.22710132598877	12.538825035095215
41	mean	3.8520851135253906	-0.018271327018737793	-4.0865607261657715	-8.112401962280273	-11.798922538757324	-14.796116828918457	-16.745107650756836	-17.355859756469727	-16.487892150878906	-14.180597305297852	-10.602215766906738	-5.935936450958252	-0.2642589807510376	6.4646077156066895	14.321014404296875	23.141897201538086	32.276710510253906	40.531070709228516	46.42131042480469	48.64573669433594	46.54778289794922	40.36915969848633	31.18886375427246	20.54882049560547	9.920289993286133	0.2780974209308624	-7.9995269775390625	-14.913961410522461	-20.530467987060547	-24.79751205444336	-27.56355857849121	-28.693607330322266	-28.167985916137695	-26.115137100219727	-22.788896560668945	-18.52235984802246	-13.686260223388672	-8.659071922302246	-3.7966604232788086	0.6091477870941162	4.362821578979492	7.356229782104492	9.524317741394043	10.807868957519531	11.15042781829834	10.52139663696289	8.94922924041748	6.553962707519531	3.563920259475708	0.29398635029792786	-2.9216909408569336	-5.817720890045166	-8.252274513244629	-10.188695907592773	-11.626513481140137	-12.545312881469727	-12.902762413024902	-12.677919387817383	-11.918349266052246	-10.747511863708496	-9.325026512145996	-7.7947516441345215	-6.260636329650879	-4.797068119049072
41	std	26.127592086791992	26.752017974853516	27.907079696655273	29.526275634765625	31.34615135192871	33.055599212646484	34.332435607910156	34.87371063232422	34.50455856323242	33.24701690673828	31.24829864501953	28.6106014251709	25.34783363342285	21.667009353637695	18.40895652770996	17.162378311157227	19.020078659057617	22.877519607543945	26.47736358642578	27.971813201904297	26.61678123474121	23.06669807434082	19.260616302490234	17.745798110961914	19.303733825683594	22.090944290161133	24.598722457885742	26.62104606628418	28.427743911743164	30.094844818115234	31.395755767822266	32.01850891113281	31.815624237060547	30.928451538085938	29.748964309692383	28.7520694732666	28.215490341186523	28.054784774780273	28.09660530090332	28.392683029174805	29.045703887939453	29.855924606323242	30.37604522705078	30.36061668395996	29.990840911865234	29.572866439819336	29.157726287841797	28.566287994384766	27.681968688964844	26.665382385253906	25.88981819152832	25.57066535949707	25.537893295288086	25.483444213867188	25.254838943481445	24.879831314086914	24.46848487854004	24.142723083496094	23.982969284057617	23.981733322143555	24.083480834960938	24.264785766601562	24.533960342407227	24.874671936035156
42	mean	-2.085221529006958	-1.870399832725525	-1.666184902191162	-1.4575259685516357	-1.20762300491333	-0.8636468648910522	-0.37449944019317627	0.2810068428516388	1.0731176137924194	1.9373219013214111	2.8450589179992676	3.902770757675171	5.404613018035889	7.758156776428223	11.268514633178711	15.87540340423584	21.010334014892578	25.70475959777832	28.93802261352539	30.057775497436523	29.04424285888672	26.474645614624023	23.219816207885742	20.052982330322266	17.380203247070312	15.205242156982422	13.29362964630127	11.400262832641602	9.423428535461426	7.425412654876709	5.550485610961914	3.9177870750427246	2.5569357872009277	1.4111576080322266	0.3882358968257904	-0.5823678374290466	-1.5206472873687744	-2.4040486812591553	-3.1969025135040283	-3.878671169281006	-4.45689058303833	-4.962269306182861	-5.431318283081055	-5.886441230773926	-6.325284481048584	-6.726053714752197	-7.064605236053467	-7.331233978271484	-7.535522937774658	-7.697070121765137	-7.830187797546387	-7.934235095977783	-7.996250629425049	-8.003169059753418	-7.953864574432373	-7.8608717918396	-7.739877700805664	-7.596208572387695	-7.420743942260742	-7.2001776695251465	-6.932854175567627	-6.6366777420043945	-6.340861797332764	-6.067650318145752
42	std	7.2242584228515625	7.23049783706665	7.209049224853516	7.201123237609863	7.26384973526001	7.404688358306885	7.57928991317749	7.753385066986084	7.954507350921631	8.249245643615723	8.650127410888672	9.040873527526855	9.180033683776855	8.771856307983398	7.618958950042725	5.858729362487793	4.231094837188721	3.9029488563537598	4.557189464569092	4.903904438018799	4.570085048675537	3.9153976440429688	3.617733955383301	3.9840259552001953	4.615481376647949	5.105647087097168	5.350895404815674	5.4407525062561035	5.500107288360596	5.58217716217041	5.674012184143066	5.75792932510376	5.834595203399658	5.921228885650635	6.057130336761475	6.274514198303223	6.5364789962768555	6.746981143951416	6.8472394943237305	6.869963645935059	6.878565788269043	6.8803815841674805	6.836997985839844	6.7369914054870605	6.616012096405029	6.516966342926025	6.465877056121826	6.47864294052124	6.551690578460693	6.647223949432373	6.721909046173096	6.774626731872559	6.84555196762085	6.95653772354126	7.067502975463867	7.114476680755615	7.083315849304199	7.025805950164795	6.9988484382629395	7.007216453552246	7.023080825805664	7.036715030670166	7.05825138092041	7.086161136627197
43	mean	-3.372915744781494	-3.490957021713257	-3.6371140480041504	-3.867997407913208	-4.149117469787598	-4.266418933868408	-3.889209032058716	-2.843766212463379	-1.441568374633789	-0.5224867463111877	-0.9527926445007324	-2.7169950008392334	-4.210999011993408	-2.464509963989258	5.45742654800415	20.498865127563477	40.36967086791992	60.059059143066406	74.03903198242188	78.8728256225586	74.62834930419922	64.35397338867188	52.17512893676758	41.31736373901367	33.125762939453125	27.310152053833008	22.87742805480957	18.99486541748047	15.338473320007324	11.962202072143555	9.002408027648926	6.4894185066223145	4.3326735496521	2.3939008712768555	0.551074206829071	-1.278350830078125	-3.1381876468658447	-5.039021968841553	-6.965092658996582	-8.885305404663086	-10.765630722045898	-12.575072288513184	-14.281216621398926	-15.841902732849121	-17.206233978271484	-18.330989837646484	-19.203304290771484	-19.850173950195312	-20.324199676513672	-20.673297882080078	-20.915180206298828	-21.032129287719727	-20.98737335205078	-20.752534866333008	-20.330257415771484	-19.759218215942383	-19.09963607788086	-18.409372329711914	-17.723608016967773	-17.0467586517334	-16.35721206665039	-15.622774124145508	-14.821396827697754	-13.958492279052734
43	std	6.340939521789551	6.543275356292725	6.727339267730713	6.814899921417236	6.821376323699951	6.81385612487793	6.806131839752197	6.7443671226501465	6.613658428192139	6.498155117034912	6.4929890632629395	6.6121978759765625	6.830862045288086	7.078820705413818	7.125354766845703	6.726603031158447	6.0998053550720215	6.007786750793457	6.593768119812012	6.969959735870361	6.595281600952148	5.840939044952393	5.491395473480225	5.717830657958984	6.037653923034668	6.165672779083252	6.1380791664123535	6.063818454742432	6.008822441101074	5.986821174621582	5.9613823890686035	5.885690212249756	5.772815227508545	5.705827713012695	5.7502593994140625	5.876162052154541	6.002284049987793	6.086171627044678	6.13938045501709	6.180058002471924	6.208199977874756	6.227182865142822	6.244639873504639	6.239212512969971	6.179069995880127	6.084425926208496	6.016062259674072	6.00108003616333	6.026521682739258	6.085655212402344	6.176883697509766	6.283736705780029	6.381272315979004	6.441473484039307	6.435389518737793	6.3516526222229	6.221433639526367	6.1225361824035645	6.122004985809326	6.19296932220459	6.247174263000488	6.254538059234619	6.25453519821167	6.261605262756348
44	mean	0.3849515914916992	0.7051424980163574	1.059492826461792	1.4102771282196045	1.7475266456604004	2.1397769451141357	2.721508741378784	3.580717086791992	4.605754852294922	5.438215255737305	5.656861782073975	5.156408786773682	4.481516361236572	4.803118705749512	7.39860725402832	12.851064682006836	20.46442413330078	28.341720581054688	34.169673919677734	36.27402877807617	34.32402038574219	29.305875778198242	22.865745544433594	16.482088088989258	10.945331573486328	6.341781139373779	2.397843360900879	-1.1295520067214966	-4.261033535003662	-6.8448405265808105	-8.72734260559082	-9.888040542602539	-10.457735061645508	-10.64011001586914	-10.612178802490234	-10.469597816467285	-10.2348051071167	-9.902563095092773	-9.48236083984375	-9.0125150680542	-8.545766830444336	-8.122930526733398	-7.755300998687744	-7.427199363708496	-7.114704608917236	-6.805505275726318	-6.505878925323486	-6.2314043045043945	-5.989698886871338	-5.7683820724487305	-5.538268089294434	-5.270941734313965	-4.95951509475708	-4.628072261810303	-4.321564197540283	-4.080715179443359	-3.9175944328308105	-3.8080027103424072	-3.705472707748413	-3.567534923553467	-3.377488613128662	-3.1487505435943604	-2.9113683700561523	-2.691399097442627
44	std	6.664526462554932	6.62108039855957	6.5943474769592285	6.634915351867676	6.738885402679443	6.84433650970459	6.89766788482666	6.906945705413818	6.937963008880615	7.056706428527832	7.2686543464660645	7.499929904937744	7.597814559936523	7.337440013885498	6.507571220397949	5.158682346343994	4.03609561920166	4.340022563934326	5.431105613708496	5.936354160308838	5.486253261566162	4.578405380249023	4.139592170715332	4.517502784729004	5.164091110229492	5.6507182121276855	5.8984222412109375	5.981424808502197	6.010378837585449	6.07323694229126	6.2005181312561035	6.356583118438721	6.473152160644531	6.511744976043701	6.491108417510986	6.4466328620910645	6.390756607055664	6.345257759094238	6.375143051147461	6.523529529571533	6.731052875518799	6.888058185577393	6.948738098144531	6.947509288787842	6.917708873748779	6.838956832885742	6.683870792388916	6.485123634338379	6.319201946258545	6.224837779998779	6.173442840576172	6.130763053894043	6.101363182067871	6.090793132781982	6.07536506652832	6.0436625480651855	6.025805473327637	6.050858974456787	6.107148170471191	6.17013692855835	6.235793113708496	6.2995829582214355	6.3413190841674805	6.363732814788818
45	mean	-2.245405912399292	-1.0728623867034912	0.05523763224482536	1.152827501296997	2.242187976837158	3.362147092819214	4.5661091804504395	5.896941661834717	7.343418598175049	8.813985824584961	10.174522399902344	11.357365608215332	12.477852821350098	13.854085922241211	15.866605758666992	18.703290939331055	22.13910484313965	25.51523780822754	27.97698974609375	28.86315155029297	28.02784538269043	25.903589248657227	23.27016830444336	20.873579025268555	19.118701934814453	17.98876953125	17.187049865722656	16.372825622558594	15.344047546386719	14.088798522949219	12.720757484436035	11.371502876281738	10.116289138793945	8.967849731445312	7.917952060699463	6.976606369018555	6.172294616699219	5.518321990966797	4.981712818145752	4.486680507659912	3.9538333415985107	3.3478753566741943	2.7006442546844482	2.0920379161834717	1.5989444255828857	1.2457935810089111	0.9906753301620483	0.7545868754386902	0.47011464834213257	0.11606165766716003	-0.2797134518623352	-0.6641373038291931	-0.9926248788833618	-1.2560497522354126	-1.4884002208709717	-1.748895287513733	-2.0846991539001465	-2.495283365249634	-2.9240944385528564	-3.2877609729766846	-3.5256121158599854	-3.6361918449401855	-3.677395820617676	-3.733215093612671
45	std	8.861976623535156	8.49490737915039	8.229053497314453	8.089409828186035	8.069965362548828	8.124689102172852	8.19095230102539	8.215957641601562	8.183499336242676	8.13717269897461	8.154927253723145	8.23173999786377	8.168211936950684	7.652873992919922	6.516273021697998	4.983806133270264	3.8379597663879395	3.89372181892395	4.550022602081299	4.86531925201416	4.611703872680664	4.090058326721191	3.8638200759887695	4.192174911499023	4.748466491699219	5.194568634033203	5.4504923820495605	5.5694379806518555	5.6198577880859375	5.646218776702881	5.659875392913818	5.651249885559082	5.613952159881592	5.553618907928467	5.480379104614258	5.401290416717529	5.336147308349609	5.324071884155273	5.363094329833984	5.39093017578125	5.39311408996582	5.43602991104126	5.5246901512146	5.554797649383545	5.469091415405273	5.343962669372559	5.285521984100342	5.315418243408203	5.3976240158081055	5.509354114532471	5.639664649963379	5.770505905151367	5.891622066497803	5.991323471069336	6.036965847015381	6.014072418212891	5.941397666931152	5.811634063720703	5.624598979949951	5.517543792724609	5.686049938201904	6.102273464202881	6.53614616394043	6.831289291381836
46	mean	-2.76885986328125	-2.677607297897339	-2.6671128273010254	-2.6878952980041504	-2.676241397857666	-2.5804343223571777	-2.4014415740966797	-2.222191333770752	-2.1678717136383057	-2.2622125148773193	-2.231128692626953	-1.3960862159729004	1.1945596933364868	6.369056701660156	14.330550193786621	24.33182716369629	34.759029388427734	43.64417266845703	49.37783432006836	51.26933670043945	49.68937683105469	45.76376724243164	40.8223762512207	35.89658737182617	31.478290557861328	27.582359313964844	23.995635986328125	20.531780242919922	17.15730857849121	13.966837882995605	11.07918643951416	8.54939079284668	6.350396156311035	4.414092063903809	2.6831271648406982	1.1320827007293701	-0.2468789666891098	-1.4698271751403809	-2.5723788738250732	-3.5988852977752686	-4.581514358520508	-5.529022216796875	-6.435967445373535	-7.303865432739258	-8.153818130493164	-9.017013549804688	-9.909392356872559	-10.810586929321289	-11.664266586303711	-12.403125762939453	-12.9850435256958	-13.417030334472656	-13.748133659362793	-14.03554630279541	-14.30931568145752	-14.559660911560059	-14.749960899353027	-14.840280532836914	-14.805319786071777	-14.640151977539062	-14.357026100158691	-13.979466438293457	-13.536084175109863	-13.053886413574219
46	std	6.678244113922119	6.596371173858643	6.544863700866699	6.492945671081543	6.4324188232421875	6.3746161460876465	6.337948322296143	6.336512565612793	6.367398738861084	6.400422096252441	6.449589729309082	6.707077980041504	7.343527793884277	8.004980087280273	7.9734416007995605	6.938773155212402	5.657269477844238	5.667476177215576	6.719339847564697	7.2457780838012695	6.725705146789551	5.64206600189209	4.864739418029785	4.841924667358398	5.251608848571777	5.681308746337891	5.9883527755737305	6.201161861419678	6.375947952270508	6.48871374130249	6.451475620269775	6.236359596252441	5.964132785797119	5.825551986694336	5.871801376342773	5.9732747077941895	6.019423007965088	6.030271530151367	6.065189361572266	6.110623359680176	6.099742412567139	6.0137763023376465	5.929171085357666	5.938107967376709	6.026572227478027	6.10521936416626	6.152978420257568	6.240118026733398	6.399091720581055	6.543970584869385	6.560696125030518	6.440988063812256	6.304653644561768	6.278402328491211	6.353680610656738	6.429253578186035	6.476734638214111	6.561013221740723	6.710543632507324	6.876659870147705	7.021451950073242	7.157782554626465	7.3039350509643555	7.445084095001221
47	mean	-2.7815535068511963	-2.594204902648926	-2.4240024089813232	-2.268573522567749	-2.109318494796753	-1.911167025566101	-1.6460165977478027	-1.3277959823608398	-1.0196534395217896	-0.776823103427887	-0.5333160758018494	-0.0017183187883347273	1.3161743879318237	3.9515302181243896	8.170486450195312	13.708380699157715	19.715526580810547	25.000093460083008	28.481456756591797	29.627838134765625	28.64552879333496	26.322181701660156	23.62497901916504	21.27910804748535	19.541152954101562	18.247434616088867	17.052919387817383	15.689016342163086	14.095036506652832	12.387703895568848	10.736488342285156	9.24948501586914	7.93605899810791	6.7436370849609375	5.618913173675537	4.542624473571777	3.522449016571045	2.5653796195983887	1.6600536108016968	0.7825958728790283	-0.08370470255613327	-0.9341692924499512	-1.7458021640777588	-2.4943270683288574	-3.1713438034057617	-3.7888543605804443	-4.36933708190918	-4.929938793182373	-5.472284317016602	-5.983046054840088	-6.4421916007995605	-6.833011627197266	-7.149689197540283	-7.399909973144531	-7.601075649261475	-7.771542549133301	-7.921806335449219	-8.051292419433594	-8.15147590637207	-8.212185859680176	-8.225592613220215	-8.187308311462402	-8.09615707397461	-7.955346584320068
47	std	6.8073883056640625	6.564329147338867	6.320405960083008	6.114532947540283	5.97043514251709	5.880935192108154	5.8218865394592285	5.781041622161865	5.767214775085449	5.8291707038879395	6.094722270965576	6.6628947257995605	7.339034080505371	7.635705947875977	7.127712726593018	5.845756530761719	4.5671892166137695	4.466832160949707	5.207945823669434	5.57752799987793	5.2080559730529785	4.446948528289795	3.922952175140381	3.9722959995269775	4.337560176849365	4.690427303314209	4.950196266174316	5.162574768066406	5.350239276885986	5.493802070617676	5.58866548538208	5.656138896942139	5.71261739730835	5.772153377532959	5.859261512756348	5.973146438598633	6.062929630279541	6.080708026885986	6.038735389709473	5.988516807556152	5.967012405395508	5.987136363983154	6.049263954162598	6.130756378173828	6.192732810974121	6.216279029846191	6.210750579833984	6.186546325683594	6.138768672943115	6.060781955718994	5.9712018966674805	5.915379047393799	5.917739391326904	5.943610668182373	5.943684101104736	5.927978515625	5.958775997161865	6.063112735748291	6.192112445831299	6.2839460372924805	6.319652557373047	6.306821823120117	6.256041526794434	6.183841228485107
48	mean	-0.3579803705215454	0.08327597379684448	0.5758228898048401	1.0315752029418945	1.4031429290771484	1.7455118894577026	2.2357394695281982	3.1205904483795166	4.599184989929199	6.696416854858398	9.20980167388916	11.786825180053711	14.111211776733398	16.0903263092041	17.908395767211914	19.879112243652344	22.168277740478516	24.568307876586914	26.497833251953125	27.260587692260742	26.419689178466797	24.055789947509766	20.745468139648438	17.27761459350586	14.286713600158691	12.017373085021973	10.328145027160645	8.886014938354492	7.404175281524658	5.78531551361084	4.118128776550293	2.5687153339385986	1.2563550472259521	0.18921172618865967	-0.7180670499801636	-1.5761692523956299	-2.4556167125701904	-3.362055778503418	-4.256292819976807	-5.094481468200684	-5.857088088989258	-6.550544738769531	-7.188361167907715	-7.771508693695068	-8.28366756439209	-8.70271110534668	-9.017349243164062	-9.235901832580566	-9.381308555603027	-9.476676940917969	-9.531341552734375	-9.538114547729492	-9.48410415649414	-9.366790771484375	-9.201151847839355	-9.011164665222168	-8.812542915344238	-8.601661682128906	-8.36038875579834	-8.073460578918457	-7.744568824768066	-7.398087978363037	-7.065366268157959	-6.7663187980651855
48	std	5.993187427520752	6.013943195343018	6.012391090393066	6.040899276733398	6.1368937492370605	6.3057451248168945	6.5222487449646	6.709818363189697	6.74960994720459	6.563334941864014	6.193224906921387	5.783614635467529	5.447038650512695	5.122121334075928	4.629350185394287	3.943091869354248	3.4362757205963135	3.5857043266296387	4.106937885284424	4.357702732086182	4.093328952789307	3.552865743637085	3.325066566467285	3.7347922325134277	4.381846904754639	4.845673084259033	5.062430381774902	5.174111843109131	5.287858963012695	5.386617660522461	5.4293012619018555	5.436280250549316	5.4579877853393555	5.510311603546143	5.574328899383545	5.643681526184082	5.731773853302002	5.829220771789551	5.895964622497559	5.914714813232422	5.927062511444092	5.993412017822266	6.118924617767334	6.246640682220459	6.327644348144531	6.36263370513916	6.374613285064697	6.37858247756958	6.383177757263184	6.3949480056762695	6.410060882568359	6.404330253601074	6.344103813171387	6.224189758300781	6.08083963394165	5.94686222076416	5.821460723876953	5.706997394561768	5.631155967712402	5.602550983428955	5.588768005371094	5.567931652069092	5.564812660217285	5.613377571105957
49	mean	-1.4249560832977295	-1.3092352151870728	-1.1875346899032593	-1.0608056783676147	-0.9242095947265625	-0.7507722973823547	-0.5030136108398438	-0.1908191293478012	0.06457734107971191	0.056974731385707855	-0.3149551451206207	-0.7515356540679932	-0.364013135433197	2.153968334197998	7.920323371887207	17.07206153869629	28.28237533569336	39.01841735839844	46.544124603271484	49.14470672607422	46.842315673828125	41.19512176513672	34.377079010009766	28.15117073059082	23.302772521972656	19.709983825683594	16.823301315307617	14.160809516906738	11.545516014099121	9.056032180786133	6.8421149253845215	4.977405071258545	3.424293279647827	2.082157611846924	0.8509047031402588	-0.33423176407814026	-1.501597285270691	-2.6583054065704346	-3.803114414215088	-4.929403781890869	-6.023535251617432	-7.068027019500732	-8.051201820373535	-8.975521087646484	-9.856401443481445	-10.709907531738281	-11.536277770996094	-12.310341835021973	-12.987496376037598	-13.523927688598633	-13.898715019226074	-14.121977806091309	-14.223637580871582	-14.231779098510742	-14.158121109008789	-14.000886917114258	-13.760034561157227	-13.450472831726074	-13.10069751739502	-12.737351417541504	-12.368772506713867	-11.980939865112305	-11.54991626739502	-11.061622619628906
49	std	5.643468856811523	5.5206170082092285	5.468173027038574	5.454212188720703	5.449092388153076	5.463869094848633	5.51596212387085	5.594589710235596	5.6585187911987305	5.666045665740967	5.691519737243652	6.044579029083252	6.937337398529053	7.937511444091797	8.272404670715332	7.5670390129089355	6.330651760101318	5.809007167816162	6.3002519607543945	6.64993953704834	6.244546413421631	5.484981536865234	5.151383399963379	5.450661659240723	5.970459461212158	6.413888454437256	6.703305244445801	6.8202409744262695	6.782914638519287	6.668046474456787	6.567826747894287	6.517658710479736	6.49918270111084	6.511366367340088	6.576607704162598	6.672749042510986	6.734076023101807	6.724608898162842	6.657993793487549	6.563344955444336	6.469115257263184	6.40425968170166	6.396056175231934	6.457271099090576	6.556877136230469	6.623160362243652	6.606220722198486	6.520123481750488	6.409438610076904	6.300332069396973	6.2056145668029785	6.150427341461182	6.153811454772949	6.192984104156494	6.21848726272583	6.2013983726501465	6.149576663970947	6.092308521270752	6.057951927185059	6.045609474182129	6.019573211669922	5.9570112228393555	5.891252040863037	5.878604412078857
50	mean	1.0869227647781372	2.3575363159179688	3.678082227706909	5.038861274719238	6.407079219818115	7.77811861038208	9.201804161071777	10.747688293457031	12.4227294921875	14.105415344238281	15.56688404083252	16.59678077697754	17.169513702392578	17.533123016357422	18.127836227416992	19.343549728393555	21.24639892578125	23.451824188232422	25.25288963317871	25.958105087280273	25.2529354095459	23.36829376220703	20.952110290527344	18.724821090698242	17.12997817993164	16.180612564086914	15.56406021118164	14.902697563171387	13.988027572631836	12.854660034179688	11.68651008605957	10.6552734375	9.810986518859863	9.081892013549805	8.35387134552002	7.555911064147949	6.696159839630127	5.840075969696045	5.058160305023193	4.381381511688232	3.7903664112091064	3.239062547683716	2.6899020671844482	2.1326935291290283	1.5765955448150635	1.0279611349105835	0.4769737422466278	-0.09394755959510803	-0.6877066493034363	-1.2772371768951416	-1.8131927251815796	-2.251105308532715	-2.5786361694335938	-2.8239357471466064	-3.0397465229034424	-3.272918701171875	-3.537578821182251	-3.8083958625793457	-4.039159297943115	-4.196535110473633	-4.2881574630737305	-4.365029335021973	-4.492429256439209	-4.706359386444092
50	std	7.561670303344727	7.1263041496276855	6.765783309936523	6.465040683746338	6.1990065574646	5.951234817504883	5.702851295471191	5.413706302642822	5.0593414306640625	4.70867919921875	4.502650260925293	4.478538990020752	4.492258548736572	4.366812229156494	4.017898082733154	3.500948905944824	3.0669491291046143	3.027348041534424	3.2882630825042725	3.4433908462524414	3.302105188369751	3.0540337562561035	3.104645252227783	3.566272735595703	4.142519950866699	4.584071159362793	4.8545427322387695	5.051007270812988	5.257889747619629	5.436807155609131	5.493255138397217	5.429027557373047	5.34303617477417	5.294946193695068	5.2807087898254395	5.325311183929443	5.458747863769531	5.636754989624023	5.80147647857666	5.962561130523682	6.1389031410217285	6.2806925773620605	6.327946186065674	6.30977201461792	6.321751594543457	6.402775287628174	6.4802680015563965	6.461296558380127	6.348849296569824	6.249567985534668	6.257795333862305	6.343109130859375	6.38751745223999	6.316751480102539	6.173209190368652	6.068357467651367	6.0622239112854	6.113502025604248	6.154073238372803	6.162189960479736	6.168124675750732	6.228550434112549	6.366817951202393	6.52250337600708
51	mean	-0.06835588067770004	0.33239537477493286	0.8046976327896118	1.3079891204833984	1.8132405281066895	2.346367597579956	3.0061850547790527	3.931338310241699	5.220808982849121	6.85261869430542	8.666458129882812	10.448369979858398	12.080916404724121	13.65345573425293	15.4291410446167	17.65540313720703	20.323984146118164	23.04426383972168	25.1409912109375	25.9465389251709	25.126861572265625	22.848716735839844	19.693758010864258	16.377490997314453	13.440350532531738	11.076651573181152	9.168951988220215	7.466595649719238	5.775093078613281	4.048293113708496	2.361980676651001	0.8222988247871399	-0.5162109136581421	-1.6752102375030518	-2.719741106033325	-3.7046611309051514	-4.642484188079834	-5.510802268981934	-6.285500526428223	-6.9693217277526855	-7.593506336212158	-8.194117546081543	-8.783317565917969	-9.336556434631348	-9.803178787231445	-10.132248878479004	-10.298229217529297	-10.312564849853516	-10.21580982208252	-10.056196212768555	-9.868475914001465	-9.66507339477539	-9.442410469055176	-9.195167541503906	-8.927913665771484	-8.656518936157227	-8.39922046661377	-8.162830352783203	-7.932281017303467	-7.672116756439209	-7.3441481590271	-6.934208393096924	-6.468469142913818	-6.002779483795166
51	std	5.768636226654053	5.720250129699707	5.848421573638916	6.066382884979248	6.311446666717529	6.568746566772461	6.788401126861572	6.905520439147949	6.926702499389648	6.92491340637207	6.940315246582031	6.906618595123291	6.682907581329346	6.140386581420898	5.235960006713867	4.108983993530273	3.248203992843628	3.2793936729431152	3.8510186672210693	4.136381149291992	3.8534433841705322	3.3360798358917236	3.2746071815490723	3.8090829849243164	4.450142860412598	4.949675559997559	5.313533782958984	5.54658842086792	5.642666816711426	5.668853759765625	5.714326858520508	5.787681579589844	5.84791374206543	5.906869888305664	6.015927314758301	6.1556077003479	6.237983226776123	6.240096569061279	6.237506866455078	6.283326625823975	6.359541893005371	6.460025310516357	6.585207462310791	6.667618274688721	6.635793685913086	6.520729064941406	6.410791873931885	6.345850467681885	6.312093734741211	6.279108047485352	6.217524528503418	6.146992206573486	6.1418633460998535	6.214840888977051	6.263707160949707	6.214949607849121	6.142105579376221	6.175512313842773	6.343983173370361	6.572327136993408	6.77064323425293	6.863409042358398	6.8025126457214355	6.612882137298584
52	mean	-3.8955490589141846	-3.5315825939178467	-3.1572630405426025	-2.737515687942505	-2.252892255783081	-1.6868318319320679	-1.0078591108322144	-0.1710279881954193	0.8554490208625793	2.0640761852264404	3.4207558631896973	4.9263596534729	6.684444427490234	8.901201248168945	11.773116111755371	15.30031681060791	19.142847061157227	22.644609451293945	25.05961799621582	25.88169288635254	25.092859268188477	23.177743911743164	20.887256622314453	18.8859806060791	17.4827880859375	16.58169174194336	15.846537590026855	14.950026512145996	13.75175666809082	12.322789192199707	10.84339714050293	9.468928337097168	8.253533363342285	7.160877704620361	6.127471446990967	5.119363307952881	4.146676540374756	3.2412021160125732	2.4255552291870117	1.697367787361145	1.0343528985977173	0.4116964638233185	-0.18222211301326752	-0.7423359751701355	-1.2564871311187744	-1.7200618982315063	-2.145010232925415	-2.5561203956604004	-2.9748196601867676	-3.4005801677703857	-3.80623197555542	-4.156348705291748	-4.437288284301758	-4.673427581787109	-4.912217140197754	-5.187388896942139	-5.489238739013672	-5.76704216003418	-5.963971138000488	-6.058304309844971	-6.077972888946533	-6.076885223388672	-6.093475818634033	-6.125788688659668
52	std	7.449414253234863	6.959437847137451	6.531237602233887	6.151395320892334	5.821561813354492	5.559474945068359	5.398645401000977	5.355456829071045	5.4233293533325195	5.640209197998047	6.057534694671631	6.563343048095703	6.852285385131836	6.6165571212768555	5.741157531738281	4.423249244689941	3.272437572479248	3.086667060852051	3.5706465244293213	3.8182196617126465	3.5473735332489014	3.051914930343628	2.9569482803344727	3.469991445541382	4.119580268859863	4.561636447906494	4.783071994781494	4.906876087188721	5.007955551147461	5.081704139709473	5.11671257019043	5.129046440124512	5.134245872497559	5.1331305503845215	5.140476703643799	5.186905384063721	5.268795490264893	5.339144706726074	5.36793851852417	5.378174304962158	5.411427021026611	5.474680423736572	5.541613578796387	5.602467060089111	5.666738510131836	5.7118330001831055	5.712093353271484	5.7264556884765625	5.842527389526367	6.028751373291016	6.165158271789551	6.190178394317627	6.135814189910889	6.062431335449219	6.0031585693359375	5.969326972961426	5.9917402267456055	6.113919734954834	6.325416564941406	6.546602249145508	6.69481897354126	6.7361345291137695	6.686153888702393	6.589807987213135
53	mean	-1.643117904663086	-0.12177267670631409	1.342703938484192	2.7500288486480713	4.0853590965271	5.347971439361572	6.5771965980529785	7.8415727615356445	9.182238578796387	10.547348976135254	11.782938003540039	12.721073150634766	13.330118179321289	13.81775188446045	14.577290534973145	15.963332176208496	18.01833724975586	20.33955192565918	22.21019172668457	22.94925308227539	22.27790069580078	20.47275733947754	18.20921516418457	16.19770050048828	14.842918395996094	14.1224365234375	13.719417572021484	13.281974792480469	12.628274917602539	11.791342735290527	10.92257022857666	10.155301094055176	9.524809837341309	8.975990295410156	8.425211906433105	7.820683479309082	7.1666765213012695	6.509815216064453	5.907037734985352	5.395235061645508	4.975391387939453	4.614683628082275	4.263682842254639	3.8809876441955566	3.454348087310791	3.006901502609253	2.582780361175537	2.2195944786071777	1.9260896444320679	1.680385708808899	1.4479105472564697	1.2031724452972412	0.9391449689865112	0.6609671115875244	0.37421751022338867	0.08030224591493607	-0.2177848070859909	-0.507444441318512	-0.7675061821937561	-0.9816932678222656	-1.1547211408615112	-1.3151609897613525	-1.4989687204360962	-1.7251964807510376
53	std	8.992003440856934	8.501843452453613	8.100346565246582	7.772625923156738	7.494289398193359	7.2261881828308105	6.935318946838379	6.609984874725342	6.261703968048096	5.925294876098633	5.630237102508545	5.347166538238525	4.997934341430664	4.526867866516113	3.9247350692749023	3.233793258666992	2.6433582305908203	2.484743595123291	2.71675181388855	2.873180627822876	2.7172300815582275	2.467320680618286	2.6265153884887695	3.2894179821014404	4.076398849487305	4.723491191864014	5.171651840209961	5.457205295562744	5.626347064971924	5.709129333496094	5.734346866607666	5.748719215393066	5.804965019226074	5.910123348236084	6.003602504730225	6.016958236694336	5.937023639678955	5.799032211303711	5.650666236877441	5.534389972686768	5.465904235839844	5.413259506225586	5.327653884887695	5.199596405029297	5.0672831535339355	4.9769287109375	4.940523147583008	4.9315185546875	4.930283069610596	4.950216770172119	4.993784427642822	5.025857925415039	5.027077674865723	5.029088020324707	5.059467792510986	5.093599319458008	5.108299255371094	5.1405863761901855	5.237050533294678	5.3764190673828125	5.4949798583984375	5.55939245223999	5.584888935089111	5.606496810913086
54	mean	1.77581787109375	3.085298776626587	4.270779132843018	5.35559606552124	6.368839740753174	7.350207805633545	8.351486206054688	9.41853141784668	10.552123069763184	11.674431800842285	12.643117904663086	13.333895683288574	13.757692337036133	14.128186225891113	14.800374984741211	16.07707405090332	17.980539321899414	20.13855743408203	21.890413284301758	22.58646583557129	21.92086410522461	20.096845626831055	17.720050811767578	15.485140800476074	13.847981452941895	12.869513511657715	12.29185962677002	11.758058547973633	11.021893501281738	10.038460731506348	8.92382526397705	7.84645414352417	6.928458213806152	6.202482223510742	5.626474857330322	5.12968111038208	4.658095836639404	4.198744297027588	3.776874542236328	3.4311320781707764	3.179694652557373	2.9961438179016113	2.812227487564087	2.551105499267578	2.1739838123321533	1.7095098495483398	1.2423862218856812	0.8645882606506348	0.6202959418296814	0.48230215907096863	0.3750079274177551	0.22490191459655762	0.002468632534146309	-0.26865124702453613	-0.5343576073646545	-0.7464971542358398	-0.8911271691322327	-0.9926299452781677	-1.0923938751220703	-1.2195038795471191	-1.3768374919891357	-1.5500725507736206	-1.725945234298706	-1.9003267288208008
54	std	7.483442783355713	7.034807205200195	6.693632125854492	6.440472602844238	6.213118076324463	5.998122692108154	5.853867053985596	5.799245357513428	5.767031669616699	5.688108921051025	5.540887832641602	5.327306747436523	5.035137176513672	4.607640743255615	3.975534439086914	3.175715446472168	2.477128505706787	2.2905237674713135	2.530292272567749	2.6745095252990723	2.5094308853149414	2.2899601459503174	2.5171561241149902	3.2231531143188477	4.027505397796631	4.679134368896484	5.092895984649658	5.2942352294921875	5.3846540451049805	5.448638439178467	5.46557092666626	5.378320693969727	5.221688270568848	5.098076820373535	5.042905807495117	4.999946594238281	4.923676490783691	4.841521739959717	4.806026458740234	4.80532693862915	4.782036781311035	4.742863655090332	4.756457328796387	4.841303825378418	4.9447126388549805	5.0113844871521	5.010935306549072	4.9469828605651855	4.872537612915039	4.8450469970703125	4.8555474281311035	4.852954864501953	4.813433647155762	4.7536845207214355	4.719731330871582	4.752050876617432	4.816328048706055	4.828702926635742	4.790289878845215	4.812711238861084	4.9496989250183105	5.109125137329102	5.207012176513672	5.27409029006958
55	mean	-2.7736546993255615	-2.652696371078491	-2.5050923824310303	-2.331723690032959	-2.1343204975128174	-1.9197065830230713	-1.7088850736618042	-1.535573124885559	-1.410054087638855	-1.2370573282241821	-0.7167226672172546	0.696283221244812	3.6907732486724854	8.828886985778809	16.19522476196289	25.149539947509766	34.36524200439453	42.2041130065918	47.28308868408203	48.9587287902832	47.488033294677734	43.80828857421875	39.08172607421875	34.25756072998047	29.842884063720703	25.931615829467773	22.3934383392334	19.0780029296875	15.928021430969238	12.98019027709961	10.302331924438477	7.930276870727539	5.8440937995910645	3.98453950881958	2.2868704795837402	0.7067483067512512	-0.7732706069946289	-2.1539385318756104	-3.4351959228515625	-4.627007484436035	-5.749478340148926	-6.823820114135742	-7.861730098724365	-8.860843658447266	-9.808796882629395	-10.692486763000488	-11.507061958312988	-12.258475303649902	-12.956321716308594	-13.601258277893066	-14.176653861999512	-14.65246295928955	-15.000123023986816	-15.207986831665039	-15.287348747253418	-15.265304565429688	-15.16988468170166	-15.017748832702637	-14.8110990524292	-14.544679641723633	-14.216531753540039	-13.833549499511719	-13.408644676208496	-12.952564239501953
55	std	5.769112586975098	5.7049994468688965	5.670670986175537	5.662456512451172	5.6356072425842285	5.577041149139404	5.519092082977295	5.491690158843994	5.494949817657471	5.522287845611572	5.614649295806885	5.857655048370361	6.22287130355835	6.449896335601807	6.250801086425781	5.689914226531982	5.365990161895752	5.796603202819824	6.537368297576904	6.860133171081543	6.538614749908447	5.849710941314697	5.270511627197266	5.087467193603516	5.212882041931152	5.408936500549316	5.530473232269287	5.564589023590088	5.5660200119018555	5.567879676818848	5.560688018798828	5.551008224487305	5.572375774383545	5.619408130645752	5.641895771026611	5.622138023376465	5.598544597625732	5.602166175842285	5.616057872772217	5.60841178894043	5.568111419677734	5.5067596435546875	5.455284595489502	5.449161529541016	5.492818832397461	5.550642490386963	5.5846476554870605	5.583877086639404	5.557164192199707	5.520437717437744	5.489717960357666	5.465808868408203	5.432381629943848	5.382974624633789	5.338357448577881	5.323069095611572	5.332108020782471	5.340278625488281	5.34571647644043	5.380443096160889	5.460987091064453	5.547790050506592	5.582859992980957	5.555813312530518
56	mean	-2.1863315105438232	-1.9077516794204712	-1.6336002349853516	-1.3612879514694214	-1.0691808462142944	-0.7082540392875671	-0.21332216262817383	0.4654615819454193	1.330252766609192	2.3340938091278076	3.4305083751678467	4.655638694763184	6.184273719787598	8.294636726379395	11.222437858581543	14.960826873779297	19.12303352355957	22.978866577148438	25.690664291381836	26.652297973632812	25.753997802734375	23.42146873474121	20.40526008605957	17.43989372253418	14.962929725646973	13.029756546020508	11.430971145629883	9.904298782348633	8.3029203414917	6.642353057861328	5.037739276885986	3.603107213973999	2.3839352130889893	1.3520917892456055	0.4462830126285553	-0.38050058484077454	-1.1379780769348145	-1.807950735092163	-2.371953010559082	-2.834808826446533	-3.2288711071014404	-3.5979809761047363	-3.9725229740142822	-4.35201358795166	-4.707386493682861	-5.001986503601074	-5.217090129852295	-5.363658905029297	-5.473549842834473	-5.578489780426025	-5.690739631652832	-5.79592227935791	-5.861805438995361	-5.85967493057251	-5.785170555114746	-5.6640825271606445	-5.538308143615723	-5.442202568054199	-5.385331153869629	-5.3510518074035645	-5.308955669403076	-5.23237419128418	-5.110903739929199	-4.952304840087891
56	std	7.410537242889404	7.226306438446045	7.124074459075928	7.087963581085205	7.087846279144287	7.095368385314941	7.1081461906433105	7.1489996910095215	7.257681846618652	7.487607002258301	7.849427223205566	8.201166152954102	8.245378494262695	7.703099250793457	6.531094074249268	5.081035614013672	4.171180725097656	4.4319610595703125	5.18077278137207	5.524451732635498	5.2012505531311035	4.53415584564209	4.195525646209717	4.463189601898193	4.9337263107299805	5.323253631591797	5.650150775909424	5.91583776473999	6.065802574157715	6.146994113922119	6.25186014175415	6.367757797241211	6.443827152252197	6.50532865524292	6.581921577453613	6.633682727813721	6.631871223449707	6.6137261390686035	6.606717586517334	6.584697723388672	6.535590648651123	6.495177745819092	6.483369827270508	6.470719814300537	6.4307427406311035	6.371834754943848	6.311864376068115	6.264591217041016	6.241945743560791	6.2371039390563965	6.222667694091797	6.184449195861816	6.141109466552734	6.122159481048584	6.1347527503967285	6.155767440795898	6.155526638031006	6.126677989959717	6.083202362060547	6.0375871658325195	5.999031066894531	5.984106540679932	6.000087738037109	6.029392719268799
57	mean	1.3961374759674072	1.1311652660369873	0.9348225593566895	0.8569067716598511	0.8642632365226746	0.8162962198257446	0.5220550298690796	-0.10513004660606384	-0.8777550458908081	-1.3146172761917114	-0.896084725856781	0.4694424569606781	2.0592081546783447	2.3992793560028076	-0.07002981752157211	-6.012739181518555	-14.52575397491455	-23.314170837402344	-29.717321395874023	-31.98701286315918	-30.035194396972656	-25.25222396850586	-19.623462677001953	-14.753294944763184	-11.330459594726562	-9.193197250366211	-7.776029586791992	-6.573707580566406	-5.369194984436035	-4.197376728057861	-3.178285598754883	-2.3728528022766113	-1.7375576496124268	-1.1649577617645264	-0.551723062992096	0.15551985800266266	0.9523965120315552	1.7978640794754028	2.6446871757507324	3.4597136974334717	4.225315570831299	4.929287433624268	5.557567119598389	6.0959296226501465	6.5348429679870605	6.870028972625732	7.099298000335693	7.221592426300049	7.24045991897583	7.169334888458252	7.034221649169922	6.868849754333496	6.7014689445495605	6.540251731872559	6.370682716369629	6.172410488128662	5.9443840980529785	5.71550989151001	5.5293474197387695	5.413636684417725	5.357016086578369	5.3094964027404785	5.2088518142700195	5.015501022338867
57	std	6.985105037689209	7.058143138885498	7.174801826477051	7.186855792999268	7.035556316375732	6.792086124420166	6.649785041809082	6.745918273925781	7.034609317779541	7.4106903076171875	7.887502670288086	8.620962142944336	9.592185974121094	10.216689109802246	9.60418701171875	7.4137349128723145	4.997870922088623	5.747974872589111	8.122163772583008	9.113829612731934	8.27705192565918	6.599919319152832	5.643704414367676	6.018916606903076	6.938565254211426	7.787670612335205	8.318364143371582	8.42672061920166	8.191143989562988	7.811357021331787	7.446996688842773	7.167118549346924	7.017224311828613	7.027527809143066	7.117222309112549	7.120061874389648	7.000430583953857	6.932328701019287	7.03095817565918	7.113226413726807	6.951033115386963	6.630589962005615	6.479340076446533	6.625202178955078	6.861081600189209	7.0018792152404785	7.0716938972473145	7.153811454772949	7.2335076332092285	7.257419109344482	7.257089138031006	7.293186664581299	7.3261566162109375	7.293135643005371	7.260173797607422	7.329005241394043	7.442865371704102	7.461918354034424	7.368329048156738	7.260341644287109	7.202808856964111	7.20556116104126	7.29966402053833	7.473672866821289
58	mean	4.626619815826416	4.122483730316162	3.7443761825561523	3.51468563079834	3.4087886810302734	3.296543598175049	2.9498238563537598	2.175126314163208	1.0190980434417725	-0.1264488250017166	-0.6961865425109863	-0.3962607681751251	0.34455493092536926	0.31184104084968567	-1.9551492929458618	-7.235653877258301	-14.897224426269531	-22.93115234375	-28.846803665161133	-30.91047477722168	-28.959728240966797	-24.325178146362305	-18.99625587463379	-14.610952377319336	-11.852527618408203	-10.480057716369629	-9.801884651184082	-9.202035903930664	-8.417899131774902	-7.508662223815918	-6.655730247497559	-5.981112003326416	-5.482250690460205	-5.068481922149658	-4.632331848144531	-4.102016925811768	-3.4560155868530273	-2.708052396774292	-1.8855432271957397	-1.021692156791687	-0.1617075502872467	0.6349363923072815	1.3101658821105957	1.833502173423767	2.2182252407073975	2.513295888900757	2.7744250297546387	3.0327460765838623	3.281268358230591	3.4856534004211426	3.6095383167266846	3.638244867324829	3.5886874198913574	3.501359462738037	3.4189789295196533	3.3642914295196533	3.330941915512085	3.2936716079711914	3.231208086013794	3.1466729640960693	3.071237802505493	3.044980049133301	3.0839767456054688	3.1589980125427246
58	std	10.272570610046387	9.891778945922852	9.648770332336426	9.356395721435547	9.13284683227539	9.23379898071289	9.603093147277832	9.90902042388916	9.97735595703125	9.994564056396484	10.364245414733887	11.253480911254883	12.232227325439453	12.491220474243164	11.319405555725098	8.582246780395508	5.515532970428467	5.641485691070557	8.06998348236084	9.155213356018066	8.133601188659668	6.153802394866943	5.546454906463623	6.712684154510498	7.860478401184082	8.378789901733398	8.509458541870117	8.55856704711914	8.650824546813965	8.789521217346191	8.88687801361084	8.810173034667969	8.561643600463867	8.307967185974121	8.14852237701416	8.077013969421387	8.152446746826172	8.397972106933594	8.696101188659668	8.964783668518066	9.1923189163208	9.313769340515137	9.276874542236328	9.170367240905762	9.121049880981445	9.103334426879883	9.005853652954102	8.830918312072754	8.677624702453613	8.593719482421875	8.555109977722168	8.513370513916016	8.422226905822754	8.299189567565918	8.246088981628418	8.33671760559082	8.475240707397461	8.43511962890625	8.152010917663574	7.912169456481934	7.887249946594238	7.757497787475586	7.543528079986572	7.909511566162109
59	mean	5.059568881988525	7.0291008949279785	8.631649017333984	9.857376098632812	10.698210716247559	11.091413497924805	10.919678688049316	10.092588424682617	8.667670249938965	6.905765533447266	5.16171932220459	3.618295431137085	2.0228490829467773	-0.338262677192688	-4.295736312866211	-10.20850944519043	-17.493104934692383	-24.639636993408203	-29.796337127685547	-31.61297607421875	-29.843215942382812	-25.36741828918457	-19.674150466918945	-14.147651672363281	-9.564336776733398	-6.006692886352539	-3.1277987957000732	-0.5273540019989014	1.9897805452346802	4.366124629974365	6.403140068054199	7.911908149719238	8.805429458618164	9.104426383972168	8.886442184448242	8.227213859558105	7.17124080657959	5.742690563201904	3.981691837310791	1.9755196571350098	-0.13817526400089264	-2.1963603496551514	-4.045295238494873	-5.566196441650391	-6.685251235961914	-7.371243953704834	-7.627749919891357	-7.483266353607178	-6.978834629058838	-6.1529388427734375	-5.029829978942871	-3.6199095249176025	-1.9341022968292236	-0.003089213976636529	2.1100728511810303	4.308770179748535	6.470573902130127	8.45915699005127	10.136113166809082	11.373153686523438	12.066975593566895	12.155920028686523	11.63204288482666	10.542230606079102
59	std	11.274467468261719	11.544995307922363	11.767441749572754	11.893513679504395	11.952286720275879	12.064770698547363	12.234789848327637	12.315829277038574	12.279425621032715	12.251126289367676	12.317291259765625	12.540377616882324	12.892378807067871	12.896255493164062	11.767757415771484	9.272337913513184	6.845489025115967	7.440308570861816	9.769912719726562	10.785368919372559	9.722025871276855	7.658761978149414	6.99709415435791	8.607970237731934	10.749336242675781	12.38290023803711	13.271514892578125	13.490795135498047	13.403084754943848	13.465503692626953	13.81484603881836	14.198487281799316	14.325611114501953	14.14416790008545	13.805397987365723	13.422313690185547	12.979303359985352	12.521605491638184	12.200470924377441	12.061279296875	12.07577133178711	12.320608139038086	12.787751197814941	13.245406150817871	13.533047676086426	13.715027809143066	13.868066787719727	13.972378730773926	14.02640151977539	14.032258033752441	13.887239456176758	13.483787536621094	12.900269508361816	12.359166145324707	11.968148231506348	11.608460426330566	11.183877944946289	10.842629432678223	10.786970138549805	10.965852737426758	11.13354778289795	11.140945434570312	11.076272964477539	11.142927169799805
60	mean	2.1601359844207764	1.9264243841171265	1.6427249908447266	1.3439561128616333	1.0672303438186646	0.8103368878364563	0.5035213232040405	0.028626056388020515	-0.7149852514266968	-1.7433393001556396	-2.9799320697784424	-4.33109188079834	-5.801411151885986	-7.555365085601807	-9.844612121582031	-12.806938171386719	-16.25324821472168	-19.604087829589844	-22.06327247619629	-22.962953567504883	-22.087520599365234	-19.78240966796875	-16.77987289428711	-13.845961570739746	-11.456536293029785	-9.675241470336914	-8.265205383300781	-6.921907901763916	-5.466371059417725	-3.90107798576355	-2.340738296508789	-0.9040770530700684	0.3518514633178711	1.4313347339630127	2.363825559616089	3.172760009765625	3.8682796955108643	4.4573187828063965	4.95412015914917	5.378993988037109	5.746870994567871	6.057269096374512	6.296072959899902	6.4479265213012695	6.509787559509277	6.4964599609375	6.434663772583008	6.349632263183594	6.2521891593933105	6.134106159210205	5.974631309509277	5.755067825317383	5.474131107330322	5.154890060424805	4.837091445922852	4.556840419769287	4.325747013092041	4.124139308929443	3.9143004417419434	3.6655142307281494	3.373427629470825	3.0603578090667725	2.757571220397949	2.4835715293884277
60	std	8.621479034423828	8.450390815734863	8.199941635131836	7.984392166137695	7.894720077514648	7.853139400482178	7.740566730499268	7.554021835327148	7.380906105041504	7.29091215133667	7.296825408935547	7.349991798400879	7.296006679534912	6.894430637359619	5.978538513183594	4.671482086181641	3.6244277954101562	3.7405283451080322	4.542581081390381	4.933839797973633	4.545464038848877	3.7795166969299316	3.6373462677001953	4.415946960449219	5.284892559051514	5.772202014923096	5.945339679718018	6.021393299102783	6.090477466583252	6.16974401473999	6.362040996551514	6.763112545013428	7.295363426208496	7.815213203430176	8.268715858459473	8.636143684387207	8.875900268554688	9.009093284606934	9.121733665466309	9.23574447631836	9.297167778015137	9.27575969696045	9.183899879455566	9.057737350463867	8.9639892578125	8.95610237121582	9.032500267028809	9.171599388122559	9.324145317077637	9.374456405639648	9.225646018981934	8.92498779296875	8.63952350616455	8.497172355651855	8.481730461120605	8.492465019226074	8.460554122924805	8.391182899475098	8.335882186889648	8.346212387084961	8.427543640136719	8.527957916259766	8.590045928955078	8.622060775756836
61	mean	3.0157196521759033	4.499783515930176	6.030665874481201	7.538996696472168	8.914823532104492	10.017889976501465	10.70250129699707	10.85864543914795	10.45317268371582	9.530482292175293	8.1454439163208	6.252258777618408	3.6236660480499268	-0.11092261970043182	-5.266123294830322	-11.797077178955078	-19.057571411132812	-25.81928253173828	-30.631542205810547	-32.37733840942383	-30.73784065246582	-26.32103157043457	-20.385730743408203	-14.305943489074707	-9.058160781860352	-4.985494613647461	-1.9056642055511475	0.5767229795455933	2.773949384689331	4.784741401672363	6.539731502532959	7.926008701324463	8.880912780761719	9.408596992492676	9.54301643371582	9.308842658996582	8.715105056762695	7.780040740966797	6.559547424316406	5.154257774353027	3.6894774436950684	2.2803795337677	1.0036813020706177	-0.10847919434309006	-1.0527846813201904	-1.8316336870193481	-2.4395461082458496	-2.866194009780884	-3.1108951568603516	-3.195197105407715	-3.161127805709839	-3.0542373657226562	-2.9050397872924805	-2.7246389389038086	-2.5151355266571045	-2.2793688774108887	-2.0185353755950928	-1.722728967666626	-1.3665544986724854	-0.9142224788665771	-0.33038273453712463	0.40832048654556274	1.3015786409378052	2.313844919204712
61	std	15.690442085266113	15.20584487915039	14.452938079833984	13.638738632202148	13.06632137298584	12.993971824645996	13.433238983154297	14.182173728942871	14.98873233795166	15.621158599853516	15.897186279296875	15.697439193725586	14.936574935913086	13.547025680541992	11.537158966064453	9.310633659362793	8.408852577209473	10.215359687805176	12.860710144042969	14.008761405944824	12.84325122833252	10.119022369384766	7.991936206817627	8.52575397491455	10.638849258422852	12.644439697265625	14.083279609680176	14.97879695892334	15.330439567565918	15.094761848449707	14.433404922485352	13.79233169555664	13.562237739562988	13.71788215637207	13.995967864990234	14.284720420837402	14.657633781433105	15.10126781463623	15.397570610046387	15.342549324035645	14.977619171142578	14.567692756652832	14.332322120666504	14.192173957824707	13.885163307189941	13.355671882629395	12.937698364257812	13.029824256896973	13.584543228149414	14.185771942138672	14.543694496154785	14.678176879882812	14.73045825958252	14.717438697814941	14.502605438232422	13.986899375915527	13.289144515991211	12.719919204711914	12.52607250213623	12.676466941833496	12.97913646697998	13.31869125366211	13.700414657592773	14.136916160583496
62	mean	13.125176429748535	17.421321868896484	21.110580444335938	23.966934204101562	25.786815643310547	26.412137985229492	25.759559631347656	23.844261169433594	20.7822208404541	16.763141632080078	11.99642276763916	6.6430792808532715	0.7613362669944763	-5.686312675476074	-12.727659225463867	-20.20009994506836	-27.593534469604492	-34.03903579711914	-38.499298095703125	-40.10361862182617	-38.4732780456543	-33.877708435058594	-27.13720703125	-19.315141677856445	-11.3558349609375	-3.8487472534179688	2.985422372817993	9.135510444641113	14.60587215423584	19.306730270385742	23.060457229614258	25.678871154785156	27.03941535949707	27.114131927490234	25.951799392700195	23.649517059326172	20.342979431152344	16.213542938232422	11.491463661193848	6.4420247077941895	1.339356780052185	-3.557203531265259	-8.017477035522461	-11.850913047790527	-14.918756484985352	-17.14406967163086	-18.512609481811523	-19.059911727905273	-18.848817825317383	-17.947053909301758	-16.416566848754883	-14.316323280334473	-11.713096618652344	-8.692317962646484	-5.365833759307861	-1.8758171796798706	1.6064499616622925	4.891116142272949	7.792012691497803	10.157001495361328	11.896261215209961	12.995024681091309	13.504140853881836	13.513553619384766
62	std	19.83646583557129	20.35098648071289	20.580760955810547	20.532920837402344	20.24442481994629	19.774513244628906	19.211875915527344	18.65737533569336	18.159908294677734	17.64574432373047	16.948333740234375	15.94593620300293	14.675407409667969	13.385844230651855	12.611865043640137	13.023454666137695	14.727362632751465	16.974340438842773	18.780494689941406	19.45474624633789	18.79851722717285	17.14774513244629	15.237966537475586	13.816254615783691	13.143458366394043	12.973968505859375	13.07455825805664	13.470234870910645	14.221378326416016	15.222015380859375	16.284189224243164	17.282621383666992	18.17127799987793	18.9266357421875	19.498334884643555	19.799345016479492	19.726289749145508	19.203304290771484	18.261585235595703	17.10256576538086	16.040430068969727	15.32638931274414	15.024659156799316	15.063952445983887	15.352463722229004	15.819661140441895	16.417762756347656	17.121196746826172	17.889888763427734	18.628793716430664	19.219362258911133	19.58467674255371	19.69007110595703	19.49633026123047	18.980485916137695	18.21449089050293	17.35285186767578	16.559438705444336	16.014270782470703	15.901985168457031	16.285999298095703	17.045528411865234	17.987056732177734	18.96539878845215
63	mean	2.7792532444000244	2.686605930328369	2.583012819290161	2.47143816947937	2.3645267486572266	2.2684102058410645	2.1585545539855957	1.9605557918548584	1.5464582443237305	0.744484543800354	-0.649265468120575	-2.8611388206481934	-6.114999771118164	-10.562520980834961	-16.16046905517578	-22.54062271118164	-28.96460723876953	-34.44997024536133	-38.06721115112305	-39.28971481323242	-38.20664596557617	-35.46550369262695	-31.968387603759766	-28.489957809448242	-25.424365997314453	-22.766408920288086	-20.28946876525879	-17.775562286376953	-15.16108512878418	-12.542757987976074	-10.085197448730469	-7.914222240447998	-6.061556816101074	-4.47477912902832	-3.065833330154419	-1.758856177330017	-0.5140048861503601	0.6748546957969666	1.796866774559021	2.841154098510742	3.806211471557617	4.700932502746582	5.540036201477051	6.337307929992676	7.099649429321289	7.824966907501221	8.50533390045166	9.133036613464355	9.70485782623291	10.221245765686035	10.681282043457031	11.077855110168457	11.39787769317627	11.628348350524902	11.763830184936523	11.809134483337402	11.776023864746094	11.67711067199707	11.5217866897583	11.316128730773926	11.06633186340332	10.781172752380371	10.470858573913574	10.14298152923584
63	std	5.638057708740234	5.542169570922852	5.484309673309326	5.457150936126709	5.45341682434082	5.474618434906006	5.522491455078125	5.584360122680664	5.652449131011963	5.7979736328125	6.188823699951172	6.884438514709473	7.630251407623291	8.025646209716797	7.8699493408203125	7.36850118637085	7.0437397956848145	7.232141494750977	7.672306060791016	7.887458324432373	7.679449081420898	7.199740886688232	6.765747547149658	6.598259449005127	6.678980827331543	6.849011421203613	6.9738945960998535	7.0119099617004395	6.992055892944336	6.949652194976807	6.889610290527344	6.808719635009766	6.718263149261475	6.630656719207764	6.552363872528076	6.491506099700928	6.444336891174316	6.386453628540039	6.305063247680664	6.225160121917725	6.184572696685791	6.194334983825684	6.234273910522461	6.276987552642822	6.304093837738037	6.306070327758789	6.289360523223877	6.2880377769470215	6.334422588348389	6.4072980880737305	6.4479546546936035	6.428563594818115	6.367135047912598	6.286634922027588	6.200212001800537	6.131652355194092	6.108653545379639	6.129327774047852	6.161794185638428	6.178260326385498	6.174121856689453	6.160674095153809	6.1543169021606445	6.169700622558594
64	mean	11.840639114379883	11.78752613067627	11.508868217468262	10.987043380737305	10.265741348266602	9.395450592041016	8.38870906829834	7.217328071594238	5.842221260070801	4.235188007354736	2.3590247631073	0.11359728872776031	-2.6987321376800537	-6.32223653793335	-10.890151023864746	-16.225582122802734	-21.736005783081055	-26.520084381103516	-29.688814163208008	-30.751766204833984	-29.848600387573242	-27.677724838256836	-25.15532112121582	-23.000648498535156	-21.47757339477539	-20.408613204956055	-19.40509605407715	-18.14400291442871	-16.52971649169922	-14.683290481567383	-12.817770957946777	-11.107986450195312	-9.630806922912598	-8.38028335571289	-7.313833236694336	-6.386140823364258	-5.559463977813721	-4.804458141326904	-4.104979515075684	-3.464331865310669	-2.9012327194213867	-2.431591033935547	-2.047405242919922	-1.7086176872253418	-1.3545200824737549	-0.9298028945922852	-0.4144650101661682	0.15659847855567932	0.6996287703514099	1.1196404695510864	1.3640379905700684	1.4592708349227905	1.5039786100387573	1.6204558610916138	1.893507957458496	2.331221580505371	2.865562677383423	3.3878002166748047	3.798497438430786	4.0489935874938965	4.157748222351074	4.196863651275635	4.256562232971191	4.404386520385742
64	std	9.633935928344727	8.886639595031738	8.154400825500488	7.334876537322998	6.577997207641602	6.1915483474731445	6.268868446350098	6.581752300262451	6.928504467010498	7.2842535972595215	7.64592981338501	7.8911237716674805	7.798888206481934	7.181518077850342	6.045830249786377	4.750772953033447	4.069892883300781	4.4430718421936035	5.1484856605529785	5.464787006378174	5.27131462097168	4.8778767585754395	4.719508171081543	4.981486797332764	5.483489036560059	5.924971580505371	6.122446537017822	6.116885185241699	6.105160713195801	6.208098411560059	6.3572564125061035	6.4414191246032715	6.441712379455566	6.407782077789307	6.374762535095215	6.328688144683838	6.249871253967285	6.162112236022949	6.108209133148193	6.096433639526367	6.098046779632568	6.082794666290283	6.047818660736084	6.007845878601074	5.957703113555908	5.889328479766846	5.847734451293945	5.893962383270264	6.013335227966309	6.13861083984375	6.233087539672852	6.290187358856201	6.3048248291015625	6.2964677810668945	6.313774585723877	6.375957489013672	6.450721740722656	6.505692481994629	6.528528213500977	6.504662036895752	6.453501224517822	6.469512939453125	6.616596698760986	6.811341762542725
65	mean	2.4853675365448	0.5601482391357422	-1.337514877319336	-3.1892757415771484	-4.951584815979004	-6.616762161254883	-8.248405456542969	-9.953544616699219	-11.798404693603516	-13.726601600646973	-15.553900718688965	-17.071537017822266	-18.20983123779297	-19.14822006225586	-20.265047073364258	-21.91606903076172	-24.159154891967773	-26.611421585083008	-28.56488800048828	-29.32500457763672	-28.580530166625977	-26.5791015625	-23.997360229492188	-21.589096069335938	-19.829187393188477	-18.754718780517578	-18.062440872192383	-17.36241340637207	-16.415428161621094	-15.225515365600586	-13.969968795776367	-12.847000122070312	-11.950979232788086	-11.242342948913574	-10.605558395385742	-9.936633110046387	-9.19999885559082	-8.429974555969238	-7.690576553344727	-7.027965545654297	-6.446737766265869	-5.918458461761475	-5.405773639678955	-4.878989219665527	-4.3189167976379395	-3.7168266773223877	-3.081010580062866	-2.4437897205352783	-1.8544206619262695	-1.3543084859848022	-0.9499460458755493	-0.6050689816474915	-0.2597891390323639	0.13535894453525543	0.5926727056503296	1.084886074066162	1.5671063661575317	2.005535840988159	2.392409563064575	2.7404325008392334	3.0666139125823975	3.3805956840515137	3.6849727630615234	3.9833617210388184
65	std	9.119629859924316	8.623936653137207	8.252035140991211	7.91421365737915	7.566303253173828	7.241881847381592	7.00681734085083	6.866384029388428	6.7432732582092285	6.55103874206543	6.255232334136963	5.881413459777832	5.4849138259887695	5.085040092468262	4.647359371185303	4.198241710662842	3.9355337619781494	4.041236877441406	4.344503402709961	4.498236179351807	4.371016979217529	4.181029796600342	4.338017463684082	4.951188087463379	5.6884236335754395	6.218168258666992	6.442048072814941	6.438311576843262	6.335593223571777	6.231879234313965	6.171970367431641	6.1581220626831055	6.182789325714111	6.246917724609375	6.331791400909424	6.387025833129883	6.392148971557617	6.392984390258789	6.422820091247559	6.435762405395508	6.378994941711426	6.272337913513184	6.164353847503662	6.064425468444824	5.975265026092529	5.941746234893799	5.99185848236084	6.064074516296387	6.067978858947754	5.991347312927246	5.900041580200195	5.846590042114258	5.818746566772461	5.783499717712402	5.74137544631958	5.722311496734619	5.75211763381958	5.834287166595459	5.957823276519775	6.12526798248291	6.355876922607422	6.622245788574219	6.820536136627197	6.900214195251465
66	mean	0.4460001289844513	0.09737733751535416	-0.22151906788349152	-0.49306878447532654	-0.7430837154388428	-1.0612117052078247	-1.6025310754776	-2.549799919128418	-4.034674167633057	-6.053678512573242	-8.441374778747559	-10.944833755493164	-13.375179290771484	-15.739131927490234	-18.23866844177246	-21.10101890563965	-24.324560165405273	-27.51422119140625	-29.947826385498047	-30.873409271240234	-29.878700256347656	-27.11329460144043	-23.230356216430664	-19.083370208740234	-15.360652923583984	-12.3593111038208	-9.994511604309082	-7.9899373054504395	-6.102128028869629	-4.246098518371582	-2.4826722145080566	-0.9213662147521973	0.37305906414985657	1.415535807609558	2.2771873474121094	3.0378105640411377	3.7490901947021484	4.424925804138184	5.055609703063965	5.630515098571777	6.152568340301514	6.637197971343994	7.100491046905518	7.54789400100708	7.972070693969727	8.361085891723633	8.709627151489258	9.02324104309082	9.310790061950684	9.57155990600586	9.787875175476074	9.930683135986328	9.97496223449707	9.915570259094238	9.773162841796875	9.586202621459961	9.392935752868652	9.212430000305176	9.034783363342285	8.82554817199707	8.54384994506836	8.167223930358887	7.710755348205566	7.22760009765625
66	std	6.970042705535889	6.827160358428955	6.658708095550537	6.546097278594971	6.498441696166992	6.479768753051758	6.474895477294922	6.469884395599365	6.451969623565674	6.507829666137695	6.804262161254883	7.318675994873047	7.7154645919799805	7.604518413543701	6.836849689483643	5.638626575469971	4.604488849639893	4.335494518280029	4.637911796569824	4.8281025886535645	4.603157043457031	4.180076599121094	4.096421718597412	4.609914302825928	5.379783630371094	6.019098281860352	6.3942766189575195	6.551863193511963	6.591799259185791	6.584498882293701	6.554643630981445	6.506775856018066	6.446337699890137	6.383846759796143	6.334971904754639	6.313733100891113	6.318199157714844	6.326390743255615	6.307103157043457	6.2384257316589355	6.128795146942139	6.018986225128174	5.950484275817871	5.933715343475342	5.950300693511963	5.973020553588867	5.984971523284912	5.987307071685791	5.98620080947876	5.9901862144470215	6.0231099128723145	6.096560478210449	6.169565200805664	6.1852827072143555	6.139368057250977	6.076937198638916	6.034668922424316	6.017849922180176	6.031161785125732	6.098593235015869	6.233911991119385	6.396758556365967	6.502908706665039	6.502591609954834
67	mean	1.1651009321212769	1.1457557678222656	1.1411200761795044	1.1340209245681763	1.1142938137054443	1.0863559246063232	1.0591020584106445	1.0167062282562256	0.8849974870681763	0.5165742039680481	-0.2900654375553131	-1.7418668270111084	-3.994452714920044	-7.107440948486328	-11.011686325073242	-15.473307609558105	-20.05624771118164	-24.127477645874023	-26.965858459472656	-27.984811782836914	-26.981311798095703	-24.259315490722656	-20.52668571472168	-16.6010799407959	-13.089051246643066	-10.215147018432617	-7.872458457946777	-5.823378562927246	-3.9021644592285156	-2.1024727821350098	-0.5327603220939636	0.691467821598053	1.5316509008407593	2.0430476665496826	2.33708119392395	2.529261589050293	2.7053780555725098	2.913947343826294	3.1737449169158936	3.4824392795562744	3.822348117828369	4.167680263519287	4.495534420013428	4.795553207397461	5.071273326873779	5.333339691162109	5.591489315032959	5.851218223571777	6.113370418548584	6.37221097946167	6.611889362335205	6.80731201171875	6.933652877807617	6.980463981628418	6.958775520324707	6.893093109130859	6.802846431732178	6.687551975250244	6.528456211090088	6.306262016296387	6.022504806518555	5.708216667175293	5.411081314086914	5.167814254760742
67	std	3.5820326805114746	3.5342814922332764	3.5097362995147705	3.522902250289917	3.5293686389923096	3.518146514892578	3.529057264328003	3.564836263656616	3.585319995880127	3.6515867710113525	3.9728662967681885	4.60841178894043	5.237156867980957	5.418078422546387	4.929843425750732	3.9531567096710205	3.131505012512207	3.1569297313690186	3.6657862663269043	3.913501739501953	3.684720754623413	3.266277551651001	3.217839002609253	3.6847333908081055	4.228194236755371	4.511688709259033	4.50213623046875	4.336136341094971	4.1524434089660645	4.000686168670654	3.870889663696289	3.750727415084839	3.640559196472168	3.558062791824341	3.5289649963378906	3.552985906600952	3.6029810905456543	3.6526010036468506	3.6736502647399902	3.6427125930786133	3.5842700004577637	3.5648746490478516	3.609473943710327	3.66884183883667	3.6965599060058594	3.6991732120513916	3.6910040378570557	3.658339023590088	3.6009814739227295	3.5536715984344482	3.531721830368042	3.5103487968444824	3.4762754440307617	3.44572114944458	3.436760425567627	3.460131883621216	3.509310722351074	3.5444259643554688	3.532026529312134	3.5020575523376465	3.515805959701538	3.5780744552612305	3.6404800415039062	3.6716697216033936
68	mean	0.9481226205825806	0.8525920510292053	0.7664965987205505	0.7169517278671265	0.7068437337875366	0.6899388432502747	0.5664981603622437	0.2188124805688858	-0.42075422406196594	-1.3125042915344238	-2.318516492843628	-3.298278570175171	-4.2413411140441895	-5.335934162139893	-6.890833854675293	-9.120817184448242	-11.9168701171875	-14.766475677490234	-16.915576934814453	-17.709524154663086	-16.91912078857422	-14.853750228881836	-12.193656921386719	-9.650177001953125	-7.660097599029541	-6.276456832885742	-5.276131629943848	-4.374743461608887	-3.401965618133545	-2.352457046508789	-1.325502634048462	-0.4286401867866516	0.2846182584762573	0.8214976787567139	1.2238348722457886	1.54093337059021	1.814900517463684	2.074251413345337	2.3298447132110596	2.57430362701416	2.7889151573181152	2.9565610885620117	3.073101282119751	3.150050163269043	3.2081429958343506	3.267645835876465	3.3416411876678467	3.4341681003570557	3.5415031909942627	3.6548256874084473	3.763066291809082	3.855508804321289	3.9235997200012207	3.9617116451263428	3.9666543006896973	3.936330556869507	3.8692822456359863	3.767037868499756	3.6385529041290283	3.501535415649414	3.376884698867798	3.2787115573883057	3.207181930541992	3.1493399143218994
68	std	3.6047418117523193	3.4892358779907227	3.4676082134246826	3.533599853515625	3.5967202186584473	3.62089467048645	3.6616671085357666	3.7859280109405518	4.002131462097168	4.283333778381348	4.606142044067383	4.914541244506836	5.067044734954834	4.878746509552002	4.245769023895264	3.2659404277801514	2.3457419872283936	2.1455793380737305	2.547945499420166	2.7819201946258545	2.569556713104248	2.1889100074768066	2.310561180114746	3.0490047931671143	3.874704599380493	4.466029644012451	4.744450569152832	4.771083354949951	4.682866096496582	4.596404552459717	4.526026725769043	4.430253028869629	4.309911727905273	4.198225021362305	4.093685626983643	3.9817914962768555	3.8925352096557617	3.8611021041870117	3.863551378250122	3.8548269271850586	3.827915668487549	3.7942793369293213	3.748629331588745	3.684112310409546	3.6218090057373047	3.604315757751465	3.652782917022705	3.736692190170288	3.8036599159240723	3.830366849899292	3.8260366916656494	3.8057963848114014	3.7936346530914307	3.824387311935425	3.8950095176696777	3.944181203842163	3.9143965244293213	3.8140008449554443	3.7164504528045654	3.690746307373047	3.7251360416412354	3.756371021270752	3.7532782554626465	3.7287795543670654
69	mean	1.0902912616729736	0.9764215350151062	0.9040254950523376	0.8816525340080261	0.8863590955734253	0.8518243432044983	0.6716062426567078	0.2299504429101944	-0.5462483763694763	-1.6480331420898438	-2.9994165897369385	-4.537047386169434	-6.307133197784424	-8.494536399841309	-11.32422924041748	-14.860697746276855	-18.822914123535156	-22.557300567626953	-25.23479652404785	-26.19580078125	-25.257572174072266	-22.803876876831055	-19.600751876831055	-16.444795608520508	-13.840901374816895	-11.875691413879395	-10.321422576904297	-8.86733341217041	-7.322463512420654	-5.685208797454834	-4.079610824584961	-2.637683391571045	-1.4162081480026245	-0.3888406455516815	0.5071888566017151	1.3198091983795166	2.0627329349517822	2.729292392730713	3.316215753555298	3.8341591358184814	4.300014495849609	4.723079204559326	5.1006059646606445	5.426922798156738	5.706542015075684	5.958247661590576	6.204456806182861	6.454587459564209	6.696160316467285	6.900811672210693	7.041301727294922	7.107611179351807	7.111936092376709	7.080228805541992	7.0358757972717285	6.98606014251709	6.9180121421813965	6.806800365447998	6.630661487579346	6.38524866104126	6.089907169342041	5.7820024490356445	5.5020952224731445	5.277695655822754
69	std	5.08130407333374	5.040778160095215	5.018695831298828	5.041656494140625	5.074636936187744	5.079315185546875	5.082052230834961	5.1334075927734375	5.248157978057861	5.4453277587890625	5.781020164489746	6.233671188354492	6.590590000152588	6.538206100463867	5.872841835021973	4.6771039962768555	3.4245758056640625	2.8862407207489014	3.1334776878356934	3.336148977279663	3.105043649673462	2.6804609298706055	2.689619779586792	3.3474161624908447	4.188601970672607	4.85722017288208	5.269186019897461	5.489192962646484	5.615187644958496	5.700883865356445	5.740643501281738	5.7064642906188965	5.594568729400635	5.440783500671387	5.290887355804443	5.16499662399292	5.065112113952637	4.992112636566162	4.931182861328125	4.855540752410889	4.76727819442749	4.706539154052734	4.7019362449646	4.730000972747803	4.7471489906311035	4.748358249664307	4.766922473907471	4.821767807006836	4.89666223526001	4.966324806213379	5.0052642822265625	4.986573219299316	4.914607048034668	4.840123176574707	4.805073261260986	4.798137664794922	4.793214321136475	4.79250431060791	4.813735008239746	4.864860534667969	4.935842037200928	5.002145290374756	5.0426740646362305	5.06672477722168
