unit_id	trial	spike_time
1	1	-5.704294250001112
1	1	-5.700231750000967
1	1	-5.559106749999046
1	1	-5.405264000000898
1	1	-5.297764000002644
1	1	-5.108514000003197
1	1	-4.727326500000345
1	1	-4.663576500002819
1	1	-4.479607750003197
1	1	-4.376732750002702
1	1	-4.259764000002178
1	1	-4.221201500000461
1	1	-4.183701500001916
1	1	-4.04279525000311
1	1	-3.9777952500007814
1	1	-3.915982750000694
1	1	-3.89026400000148
1	1	-3.8627015000020037
1	1	-3.842982750000374
1	1	-3.8333577500015963
1	1	-3.7670765000002575
1	1	-3.7410452500007523
1	1	-3.7066389999999956
1	1	-3.6045452500002284
1	1	-3.5890452500025276
1	1	-3.5784202499999083
1	1	-3.4867640000011306
1	1	-3.2129202500000247
1	1	-3.188795250000112
1	1	-3.152201500000956
1	1	-3.122795250001218
1	1	-3.0870764999999665
1	1	-2.983201500002906
1	1	-2.938264000000345
1	1	-2.8925462500010326
1	1	-2.861421249999694
1	1	-2.830296249998355
1	1	-2.8025774999987334
1	1	-2.495390000000043
1	1	-2.3470774999987043
1	1	-2.313858749999781
1	1	-2.21442124999885
1	1	-2.20807749999949
1	1	-2.1767650000001595
1	1	-2.0970774999987043
1	1	-2.056014999998297
1	1	-2.0084837499998685
1	1	-1.94757749999917
1	1	-1.4226400000006834
1	1	-1.3583900000012363
1	1	-1.268827500000043
1	1	-1.2270150000003923
1	1	-1.1681400000015856
1	1	-1.1065462500009744
1	1	-1.0561712499984424
1	1	-1.0290774999994028
1	1	-0.9815462500009744
1	1	-0.9264524999998685
1	1	-0.7518275000002177
1	1	-0.6063587499993446
1	1	-0.37939100000221515
1	1	-0.22557850000157487
1	1	-0.08257850000154576
1	1	-0.03798475000075996
1	1	-0.006672250001429347
1	1	0.08101524999801768
1	1	0.12367149999772664
1	1	0.28295274999618414
1	1	0.34970274999795947
1	1	0.37285899999915273
1	1	0.39257774999714456
1	1	1.0379527499972028
1	1	1.4355464999971446
1	2	-5.8582934999976715
1	2	-5.592450750002172
1	2	-5.588481999999203
1	2	-5.408857000002172
1	2	-4.326544499999727
1	2	-3.5565444999992906
1	2	-3.3582320000023174
1	2	-3.3073882499993488
1	2	-2.488264249997883
1	2	-2.4842017499977374
1	2	-2.040389249999862
1	2	-1.9804829999993672
1	2	-1.9355767499982903
1	2	-1.6585767500000657
1	2	-1.6192955000005895
1	2	-1.2460455000000366
1	2	-1.2138267499976791
1	2	-1.1989829999984067
1	2	-0.6351715000018885
1	2	0.044797249996918254
1	2	0.2945784999974421
1	2	1.3292347499991592
1	2	1.9505462500019348
1	3	-5.05895099999907
1	3	-4.405951000000641
1	3	-4.373857250000583
1	3	-4.289732249999361
1	3	-3.563638499999797
1	3	-3.5443572500007576
1	3	-2.8871394999987388
1	3	-2.878826999996818
1	3	-2.858608249996905
1	3	-2.724108249996789
1	3	-2.7199519999994664
1	3	-2.2567957499995828
1	3	-2.1260144999978365
1	3	-2.0901394999964396
1	3	-2.058826999997109
1	3	-1.9439519999978074
1	3	-1.7894519999972545
1	3	-1.5344832499977201
1	3	-1.3709832499989716
1	3	-0.6966404999948281
1	3	-0.34598424999785493
1	3	-0.2214842499961378
1	3	0.535172000003513
1	3	0.6006095000047935
1	3	1.6987970000045607
1	3	1.8532960000011371
1	4	-5.647607249997236
1	4	-5.559357249996538
1	4	-5.321013499997207
1	4	-4.769544749997294
1	4	-4.69816974999776
1	4	-4.658107249997556
1	4	-4.640325999997003
1	4	-4.624357249995228
1	4	-4.599919749995024
1	4	-4.49113849999776
1	4	-3.996575999997731
1	4	-3.924950999997236
1	4	-3.917763499997818
1	4	-3.2035144999972545
1	4	-3.169858249999379
1	4	-2.205233249998855
1	4	-1.7233894999990298
1	4	-1.6658582499985641
1	4	-1.609108249998826
1	4	-1.2665457499970216
1	4	-1.2521707499981858
1	4	-1.1742957499991462
1	4	-1.149452999998175
1	4	-1.1273279999950319
1	4	-1.0780467499971564
1	4	-1.0311717499971564
1	4	-0.6870779999953811
1	4	-0.38298424999811687
1	4	-0.29192174999479903
1	4	-0.1786092499969527
1	4	-0.1730779999961669
1	4	-0.15810924999823328
1	4	-0.1510154999959923
1	4	-0.09304674999657436
1	4	0.08492200000182493
1	4	0.7016720000028727
1	4	1.4992960000017774
1	4	1.728483500002767
1	5	-5.954200749998563
1	5	-5.951919499999349
1	5	-5.9497319999973115
1	5	-5.932482000000164
1	5	-5.416606999999203
1	5	-5.303231999998388
1	5	-5.258419499998126
1	5	-4.623638249999203
1	5	-4.400325750000775
1	5	-3.639514250000502
1	5	-3.569389250002132
1	5	-3.450045500001579
1	5	-3.3864517500005604
1	5	-3.3128580000011425
1	5	-3.286795500000153
1	5	-3.245795500002714
1	5	-3.2007017500000075
1	5	-3.152357999999367
1	5	-2.9660455000012007
1	5	-2.86295175000123
1	5	-2.619639250002365
1	5	-2.348670499999571
1	5	-2.3155142499999783
1	5	-2.278795500002161
1	5	-2.1543579999997746
1	5	-2.142764250002074
1	5	-1.9558580000011716
1	5	-1.5449829999997746
1	5	-1.4189205000002403
1	5	-1.219608999999764
1	5	-0.8116714999996475
1	5	-0.6544214999994438
1	5	-0.5622965000002296
1	5	-0.028765250001015374
1	5	0.1625472500018077
1	5	0.620328500001051
1	5	0.8339535000013711
1	5	0.9376410000004398
1	5	0.9636410000020987
1	5	0.9907347500011383
1	5	1.0935785000001488
1	5	1.2032035000011092
1	5	1.2962962499987043
1	5	1.3170774999998685
1	5	1.3467649999984133
1	5	1.3659837499981222
1	5	1.4024212499971327
1	6	-5.530044500002987
1	6	-5.5019507500001055
1	6	-5.479357000000164
1	6	-5.285607000001619
1	6	-5.278450750003685
1	6	-5.134700750000775
1	6	-4.5900445000006584
1	6	-4.583107000002201
1	6	-4.52688825000223
1	6	-3.9040142500016373
1	6	-3.7469517499994254
1	6	-3.6933267499989597
1	6	-3.2051080000019283
1	6	-2.7302329999984067
1	6	-2.5230767499997455
1	6	-2.2445142500000657
1	6	-2.217639250000502
1	6	-2.1881392499999492
1	6	-2.1550767500011716
1	6	-2.1375767499994254
1	6	-1.1482965000031982
1	6	-0.5807340000028489
1	6	1.208796250000887
1	6	1.3669525000004796
1	7	-5.14626275000046
1	7	-4.419918999999936
1	7	-4.312918999999965
1	7	-4.182168999999703
1	7	-3.6696074999963457
1	7	-3.630357499998354
1	7	-3.6240449999968405
1	7	-1.969607499999256
1	7	-1.8794824999968114
1	7	-1.1039209999980812
1	7	-1.059702250000555
1	7	-0.9615772500001185
1	7	-0.9400772500011954
1	7	-0.7388585000007879
1	7	-0.46879600000102073
1	7	-0.43226475000119535
1	7	-0.4264210000001185
1	7	0.4571727500006091
1	7	0.4918915000016568
1	7	1.1977967500024533
1	7	1.3681717500003288
1	7	1.3703280000008817
1	7	1.8577967500023078
1	8	-5.467044000000897
1	8	-5.441512749999674
1	8	-5.435794000000897
1	8	-5.037106499999936
1	8	-4.991325250000955
1	8	-4.968106500000431
1	8	-4.904668999999558
1	8	-4.827044000001479
1	8	-4.525763749999896
1	8	-4.496919999997772
1	8	-4.449951250000595
1	8	-4.21304500000042
1	8	-3.6166699999994307
1	8	-3.0952637499976845
1	8	-2.332576249998965
1	8	-1.4052647500029707
1	8	-1.1222335000020394
1	8	-0.3707647500013991
1	8	-0.33220224999968195
1	8	-0.12529600000198116
1	8	-0.0647022500015737
1	8	-0.021358500001952052
1	8	0.013953999998193467
1	8	0.3872342499998922
1	8	0.6074842500020168
1	8	0.7662967500000377
1	8	0.949921750001522
1	8	1.2452967499993974
1	8	1.5697030000010272
1	8	1.6323592500011728
1	8	1.7407654999988154
1	8	1.8893905000004452
1	8	1.9288592500015511
1	8	1.9796717499993974
1	9	-4.7136070000015025
1	9	-3.900138250002783
1	9	-3.5216695000017353
1	9	-1.6136079999996582
1	9	-1.4116392500000075
1	9	-1.3933267499996873
1	9	-1.375920499998756
1	9	-1.3214205000003858
1	9	-1.3036705000013171
1	9	-1.1270142499997746
1	9	-1.1243267499994545
1	9	-1.0336705000008806
1	9	-0.9519829999990179
1	9	-0.2807027500020922
1	9	0.29248474999621976
1	9	0.4718284999980824
1	9	1.2904847499994503
1	9	1.342265999999654
1	9	1.4108597499980533
1	9	1.7952659999973548
1	9	1.9856399999989662
1	10	-5.852857250003581
1	10	-4.642857250004454
1	10	-3.329889500000718
1	10	-3.2613894999994955
1	10	-3.2050770000023476
1	10	-2.935702000002493
1	10	-2.6327020000026096
1	10	-2.548233249999612
1	10	-1.969702000002144
1	10	-1.7532957500006887
1	10	-1.5428270000011253
1	10	-1.2985467500038794
1	10	-1.2827967500015802
1	10	-1.2213592500047525
1	10	-1.127046750003501
1	10	-0.9901717500033556
1	10	-0.9174530000018422
1	10	-0.8872967500028608
1	10	-0.7134217500024533
1	10	-0.5713592500032973
1	10	-0.46439050000481075
1	10	-0.4359530000037921
1	10	-0.41123425000478164
1	10	-0.3912030000028608
1	10	-0.28942175000338466
1	10	-0.2500467500030936
1	10	-0.1366092500029481
1	10	0.3072032499985653
1	10	0.49445324999760487
1	10	0.5872032499974011
1	10	0.8871719999951893
1	10	0.914796999997634
1	10	1.2211397499995655
1	10	1.6157022499974119
1	10	1.9718272499994782
1	11	-5.7920752500031085
1	11	-4.693200250003429
1	11	-4.463576250000187
1	11	-4.33182625000336
1	11	-4.098951250001846
1	11	-3.4676700000018172
1	11	-3.247045000000071
1	11	-2.116388750000624
1	11	-1.9882335000002058
1	11	-1.9420772500016028
1	11	-1.827483500001108
1	11	-1.5870772499984014
1	11	-1.191077250001399
1	11	-1.1293272500006424
1	11	-0.4014522500001476
1	11	-0.3676397499984887
1	11	-0.3183585000006133
1	11	-0.1802647500007879
1	11	-0.148920999999973
1	11	-0.11657724999895436
1	11	-0.06763974999921629
1	11	0.5415467499988154
1	11	0.5929529999993974
1	11	0.6351092499971855
1	11	0.7933904999990773
1	11	1.1801404999969236
1	11	1.5650154999966617
1	12	-5.937106500001391
1	12	-4.415482500000508
1	12	-3.344920000003185
1	12	-2.5703887500021665
1	12	-2.285920000002079
1	12	-2.113171000000875
1	12	-1.9160147500006133
1	12	-1.652202249999391
1	12	-1.6038272500009043
1	12	-1.5857647500015446
1	12	-1.5666397499990126
1	12	-1.4852959999989253
1	12	-1.4641397500017774
1	12	-0.7997335000000021
1	12	-0.4887334999984887
1	12	-0.36354600000049686
1	12	-0.07926475000203936
1	12	0.24754775000110385
1	12	0.28723524999804795
1	12	0.4790779999966617
1	12	0.5965154999976221
1	12	0.6423279999980878
1	12	0.8824217499968654
1	12	0.9753904999961378
1	12	1.0150154999973893
1	12	1.2493279999980587
1	12	1.3300779999990482
1	12	1.6283279999988736
1	12	1.6651404999975057
1	12	1.6692029999976512
1	12	1.6856092499983788
1	12	1.747296749996167
1	13	-5.948012500000914
1	13	-5.886699999999109
1	13	-5.500512500002515
1	13	-4.77735725000457
1	13	-4.76520100000198
1	13	-4.623732250001922
1	13	-4.440357250001398
1	13	-3.928732250002213
1	13	-3.8897635000030277
1	13	-2.850670750001882
1	13	-2.8240145000017947
1	13	-2.8188582500006305
1	13	-2.6102645000028133
1	13	-2.5772020000003977
1	13	-1.820764500000223
1	13	-1.4742957500020566
1	13	-1.4420457500018529
1	13	-1.438983250001911
1	13	-0.7896395000025223
1	13	-0.6983582499997283
1	13	-0.15507800000341376
1	13	0.48970324999754666
1	13	0.7709532499975467
1	13	0.7804219999961788
1	13	0.8544219999967027
1	14	-5.906982000000426
1	14	-4.231888250000338
1	14	-4.0984819999976025
1	14	-3.6706694999993488
1	14	-3.5444830000014917
1	14	-3.23551425000187
1	14	-2.712983000001259
1	14	-2.6716392500020447
1	14	-1.9792017500003567
1	14	-1.7755767500020738
1	14	-1.7621079999989888
1	14	-0.9966402499994729
1	14	-0.835265249999793
1	14	-0.8305777499990654
1	14	-0.0406089999996766
1	14	0.7270785000000615
1	14	0.8563910000011674
1	14	1.6416087500001595
1	14	1.7076087499990535
1	14	1.7214524999981222
1	14	1.7640462499985006
1	14	1.7755149999975401
1	14	1.8003900000003341
1	14	1.8429524999992282
1	15	-5.8335757499989995
1	15	-5.668544499996642
1	15	-5.479013249998388
1	15	-5.364981999999145
1	15	-4.868919499996991
1	15	-4.7826694999967
1	15	-4.401794499997777
1	15	-4.371794499998941
1	15	-4.203138249999029
1	15	-3.6955444999985048
1	15	-3.6217319999959727
1	15	-3.483545499999309
1	15	-3.443358000000444
1	15	-3.3692017499997746
1	15	-3.3562329999986105
1	15	-3.308982999998989
1	15	-3.2779205000006186
1	15	-3.2627954999989015
1	15	-2.634451750000153
1	15	-1.6084205000006477
1	15	-1.3047330000008515
1	15	-0.9033589999962715
1	15	-0.8417964999971446
1	15	-0.7648902499968244
1	15	-0.4912964999966789
1	15	0.6382347500039032
1	15	1.2757347500009928
1	15	1.388734750002186
1	15	1.7207962499996938
1	16	-4.289264250004635
1	16	-4.208045500003209
1	16	-3.9302330000027723
1	16	-3.6325455000041984
1	16	-3.5703580000044894
1	16	-2.762139250004111
1	16	-2.7556080000031216
1	16	-2.681826750002074
1	16	-2.5829205000045476
1	16	-2.2322955000054208
1	16	-2.1606392500034417
1	16	-2.1439517500039074
1	16	-1.8948590000036347
1	16	-1.5498902500003169
1	16	-1.4787965000032273
1	16	-1.3339527500029362
1	16	-1.0814840000020922
1	16	-0.9360152500012191
1	16	-0.7413277500018012
1	16	-0.6222027500007243
1	16	-0.001546500003314577
1	16	0.14448474999881
1	16	0.15345349999915925
1	16	0.18073474999982864
1	16	0.1841097499964235
1	16	0.8564525000001595
1	16	1.4146399999990535
1	16	1.4367649999985588
1	16	1.5368275000000722
1	16	1.5680462499985879
1	16	1.610515000000305
1	17	-5.992137749999529
1	17	-5.554262749999907
1	17	-4.717138749998412
1	17	-3.614107499997772
1	17	-3.3972012499980337
1	17	-3.3888262500004203
1	17	-3.385919999996986
1	17	-3.09170124999946
1	17	-3.0607324999982666
1	17	-2.5825460000014573
1	17	-2.470764749999944
1	17	-2.4434834999992745
1	17	-2.363171000000875
1	17	-2.3538272500009043
1	17	-2.153233500001079
1	17	-1.8992959999995946
1	17	-1.8560772500022722
1	17	-1.7840772500021558
1	17	-1.7070772500010207
1	17	-1.432014750000235
1	17	-1.3712022500003513
1	17	-1.3156085000009625
1	17	-1.2664834999995946
1	17	-1.0585147500023595
1	17	-0.7239835000000312
1	17	0.24598424999931012
1	17	0.3515155000022787
1	17	0.39623425000172574
1	17	0.4663592500000959
1	17	0.4902655000005325
1	17	0.6187030000000959
1	17	0.7148592500016093
1	17	1.8176717499991355
1	17	1.8679217499993683
1	18	-5.954512500000419
1	18	-5.851481249999779
1	18	-5.354294749995461
1	18	-5.168575999996392
1	18	-5.162107249998371
1	18	-4.106107249997876
1	18	-3.7054197499965085
1	18	-3.6005759999970905
1	18	-3.4843259999979637
1	18	-3.2666394999978365
1	18	-3.079889500000718
1	18	-3.0143895000001066
1	18	-2.8898894999983895
1	18	-2.63745199999903
1	18	-2.5270144999994955
1	18	-2.47979574999772
1	18	-2.4334832499989716
1	18	-2.274889500000427
1	18	-2.14917074999903
1	18	-2.0462645000006887
1	18	-1.9756395000003977
1	18	-1.9217644999989716
1	18	-1.5479832499986514
1	18	-1.4986707499992917
1	18	-1.443295749999379
1	18	-1.4024207500006014
1	18	-1.290326999998797
1	18	-1.1589207500001066
1	18	-0.7714529999975639
1	18	-0.6735154999987572
1	18	-0.5751404999973602
1	18	-0.04070299999875715
1	18	0.12195325000357116
1	18	0.14917200000127195
1	18	0.19048450000263983
1	18	0.37107825000202865
1	18	0.6408595000029891
1	18	1.0108595000019704
1	19	-5.824700249999296
1	19	-5.759262750001653
1	19	-5.125075250001828
1	19	-4.963669000000664
1	19	-4.106919000001653
1	19	-4.063138750003418
1	19	-4.034982500001206
1	19	-3.4832950000018172
1	19	-3.439357500003098
1	19	-2.4755137500033015
1	19	-2.3034512500016717
1	19	-2.237170000003971
1	19	-2.157013750002079
1	19	-2.1166700000030687
1	19	-2.0504200000032142
1	19	-2.00082625000141
1	19	-1.158389750002243
1	19	-1.104608500001632
1	19	-1.0799834999997984
1	19	-0.74729600000137
1	19	-0.6487647499998275
1	19	-0.35173349999968195
1	19	-0.18685850000110804
1	19	0.4792039999992994
1	19	0.6000165000004927
1	19	0.6304852499997651
1	19	0.6622977500010165
1	19	0.6934227499987173
1	19	1.5615780000007362
1	19	1.66310925000289
1	20	-5.8635127499983355
1	20	-5.472262749997753
1	20	-4.951512749998074
1	20	-4.883387750000111
1	20	-4.707668999999441
1	20	-4.538606499998423
1	20	-4.101388749997568
1	20	-3.792482499997277
1	20	-2.2851387499977136
1	20	-2.097357499998907
1	20	-2.003419999997277
1	20	-1.3102959999996528
1	20	-1.2517647499989835
1	20	-1.1287022500000603
1	20	-1.0436397499979648
1	20	-0.5986085000004095
1	20	-0.34004600000116625
1	20	-0.2887022499999148
1	20	0.05795399999988149
1	20	0.06139149999944493
1	20	0.16167275000043446
1	20	0.17254775000037625
1	20	0.20139149999886286
1	20	1.311765500002366
1	20	1.5809530000005907
1	20	1.8414842500023951
1	21	-5.841825999999855
1	21	-4.97795099999712
1	21	-3.453638499999215
1	21	-3.3603895000014745
1	21	-2.28735824999967
1	21	-0.9003904999990482
1	21	-0.11985925000044517
1	21	0.8072345000000496
1	21	1.8114209999985178
1	21	1.837452249998023
1	22	-5.244544500001211
1	22	-4.582669499999611
1	22	-4.557325750000018
1	22	-4.531419499999174
1	22	-4.514013250001881
1	22	-3.630419500001153
1	22	-3.5282017499994254
1	22	-2.9472954999982903
1	22	-2.63210799999797
1	22	-2.3705142500002694
1	22	-1.9473892499991052
1	22	-1.6557329999996
1	22	-1.5262642499983485
1	22	-1.458576749999338
1	22	-1.2151080000003276
1	22	-1.1897017499977665
1	22	-1.1075152500015975
1	22	-1.0904840000002878
1	22	-0.7604214999992109
1	22	-0.6454840000005788
1	22	-0.6141090000019176
1	22	-0.5359840000019176
1	22	-0.42526524999993853
1	22	-0.31939025000247057
1	22	-0.23695275000136462
1	22	-0.10664025000005495
1	22	-0.06910900000002584
1	22	0.10051599999860628
1	22	0.1975784999995085
1	22	0.26373474999854807
1	22	0.572422249999363
1	22	0.8268284999976458
1	22	0.9937972499974421
1	22	1.0251722499997413
1	22	1.3837962500001595
1	22	1.4693275000026915
1	22	1.4873900000020512
1	22	1.5796399999999267
1	22	1.701890000000276
1	23	-5.610638250000193
1	23	-5.583732000002783
1	23	-4.656138250000367
1	23	-4.6546070000003965
1	23	-4.56063825000092
1	23	-4.5569507500003965
1	23	-4.485169500003394
1	23	-4.4148882500012405
1	23	-4.398575750001328
1	23	-4.375450750001619
1	23	-4.3283257500006584
1	23	-4.160889250000764
1	23	-4.107857999999396
1	23	-3.9937017500014917
1	23	-3.831326750001608
1	23	-3.802326749999338
1	23	-3.795826749999833
1	23	-3.788014249999833
1	23	-3.645264250000764
1	23	-3.6049517499996
1	23	-3.5249517500014917
1	23	-3.4565455000010843
1	23	-3.1945142500007933
1	23	-2.5075767500020447
1	23	-1.7180465000019467
1	23	-1.6527340000029653
1	23	-1.5294840000024124
1	23	-1.5131402500010154
1	23	-1.5023277500040422
1	23	-1.3994840000013937
1	23	-1.114859000001161
1	23	-0.9591090000030817
1	23	-0.8230152500036638
1	23	-0.524202750002587
1	23	-0.16598400000293623
1	23	-0.027327750001859386
1	23	0.05632849999892642
1	23	0.21226599999863538
1	23	1.1460462499999267
1	23	1.6558274999988498
1	24	-5.980544250000094
1	24	-5.884044250000443
1	24	-5.195388000000094
1	24	-4.606857749997289
1	24	-4.583826499998395
1	24	-4.520607749996998
1	24	-4.24388899999758
1	24	-3.455013999995572
1	24	-3.267013999997289
1	24	-2.5555452499975218
1	24	-2.137046249998093
1	24	-1.9919525000004796
1	24	-1.5824837500003923
1	24	-1.4195775000007416
1	24	-0.2282649999979185
1	24	0.19051625000065542
1	24	0.44567150000148104
1	24	0.8448902500022086
1	24	0.9892027500027325
1	24	1.317171500002587
1	24	1.354890250000608
1	24	1.4994840000035765
1	25	-5.833480999997846
1	25	-5.295199749998574
1	25	-5.247075750001386
1	25	-3.5450444999987667
1	25	-3.423794500002259
1	25	-3.394794499999989
1	25	-3.2644194999993488
1	25	-2.581826749999891
1	25	-1.8344204999993963
1	25	-1.6830142500002694
1	25	-1.633107999998174
1	25	-1.1193892499977665
1	25	-0.49298300000009476
1	25	-0.02114024999900721
1	25	0.12523474999761675
1	25	0.12707849999787868
1	25	0.14804725000067265
1	25	0.8550785000006726
1	25	1.7587034999996831
1	26	-5.841543749997072
1	26	-5.818856249999953
1	26	-5.681762499996694
1	26	-5.526074999997945
1	26	-5.366387499998382
1	26	-5.271106249998411
1	26	-5.23863849999907
1	26	-5.094044749999739
1	26	-4.947825999999623
1	26	-4.809325999998691
1	26	-4.565013499999623
1	26	-4.466451000000234
1	26	-4.265794750001078
1	26	-4.19957599999907
1	26	-3.921138500001689
1	26	-3.375388500000554
1	26	-3.154919749998953
1	26	-3.086450999999215
1	26	-2.9795760000015434
1	26	-2.8702947499987204
1	26	-2.68926449999708
1	26	-2.554108249998535
1	26	-2.2064207499970507
1	26	-2.1595144999992044
1	26	-1.9623269999974582
1	26	-1.8637019999987388
1	26	-1.7306707499992626
1	26	-1.6192644999973709
1	26	-1.5852332499998738
1	26	-1.3940144999978656
1	26	-0.8673582499977783
1	26	0.036265750000893604
1	26	0.05395325000063167
1	26	0.11635949999981676
1	26	0.20057824999821605
1	26	0.9135782499979541
1	26	0.975140750000719
1	26	1.0226719999991474
1	26	1.04801574999874
1	26	1.092421999997896
1	26	1.2801094999995257
1	26	1.3452657499983616
1	26	1.4846719999986817
1	27	-5.983356500004447
1	27	-5.283138750004582
1	27	-5.24588875000336
1	27	-4.99467000000368
1	27	-4.57407625000269
1	27	-4.5199200000024575
1	27	-4.457013750001352
1	27	-4.1616700000049605
1	27	-3.846857500004262
1	27	-3.6184200000025157
1	27	-3.1897325000027195
1	27	-2.845358500002476
1	27	-2.6208272500007297
1	27	-2.5562647500009916
1	27	-2.5275460000011662
1	27	-2.524014750000788
1	27	-2.5098897500029125
1	27	-2.27835849999974
1	27	-2.256233500000235
1	27	-2.2338584999997693
1	27	-2.1247022500028834
1	27	-1.803421000000526
1	27	-0.40413975000046776
1	27	-0.2652657500038913
1	27	-0.24510950000330922
1	27	-0.19957825000528828
1	27	0.13729674999558483
1	27	0.5566717499968945
1	27	0.5832342499961669
1	27	0.8516092499958177
1	27	0.9369842499982042
1	27	1.0844217499980005
1	27	1.1776404999982333
1	27	1.4781092499979422
1	27	1.6412342499970691
1	27	1.6722967499954393
1	27	1.8962029999966035
1	28	-5.859481499999674
1	28	-5.846325250000518
1	28	-5.837356500000169
1	28	-5.818043999999645
1	28	-5.76595024999915
1	28	-5.120638750002399
1	28	-3.9405450000012934
1	28	-3.887451250000595
1	28	-3.3032325000021956
1	28	-3.2700450000011188
1	28	-3.0845459999982268
1	28	-2.8303272499979357
1	28	-2.7813585000003513
1	28	-2.7757334999987506
1	28	-2.450608499999362
1	28	-2.4277647499984596
1	28	-0.7171085000009043
1	28	-0.7120460000005551
1	28	-0.704327249997732
1	28	-0.24182825000025332
1	28	-0.1878595000016503
1	28	0.04167174999747658
1	28	0.09104674999980489
1	28	1.0752030000003288
1	28	1.0876092500002414
1	28	1.1895779999977094
1	28	1.2251404999988154
1	28	1.5289842499987572
1	28	1.5484842499972729
1	28	1.9242332499998156
1	29	-5.464544750004279
1	29	-5.128763500004425
1	29	-5.119138500002009
1	29	-4.963294750003115
1	29	-4.834857250003552
1	29	-4.82788850000361
1	29	-4.825513500003581
1	29	-4.7848885000021255
1	29	-4.771294750004017
1	29	-4.647732250003173
1	29	-4.015544750003755
1	29	-3.555513500003144
1	29	-2.8958270000002813
1	29	-2.8839207500022894
1	29	-2.8736707500029297
1	29	-2.8629519999994955
1	29	-2.8266082500013
1	29	-2.808827000000747
1	29	-2.789201999999932
1	29	-2.297827000002144
1	29	-2.141264500001853
1	29	-2.026545750002697
1	29	-1.9967957500011835
1	29	-1.9541395000014745
1	29	-1.8087020000020857
1	29	-1.374014500001067
1	29	-1.3383582500027842
1	29	-1.0771707500025514
1	29	-0.48476550000486895
1	29	0.35914074999527656
1	29	0.41935949999606237
1	29	0.44442199999684817
1	29	0.458078249997925
1	29	0.4929532499954803
1	29	0.5312032499969064
1	29	0.6577969999962079
1	29	1.0233282499975758
1	29	1.0369532499971683
1	29	1.0397344999983034
1	29	1.0905469999961497
1	30	-5.966544249997241
1	30	-5.707637999999861
1	30	-5.635169249999308
1	30	-5.137700499999482
1	30	-5.133075499998085
1	30	-4.86607549999826
1	30	-4.212326500000927
1	30	-3.7851389999996172
1	30	-3.749014000000898
1	30	-2.9951702500002284
1	30	-2.989045250000345
1	30	-2.620232749999559
1	30	-2.5459515000002284
1	30	-2.360857750001742
1	30	-2.2197952499991516
1	30	-1.9816399999981513
1	30	-1.9659212499973364
1	30	-1.9395462499996938
1	30	-1.5255774999968708
1	30	-1.2902337499981513
1	30	-1.1582962499996938
1	30	-0.8838274999980058
1	30	-0.8755462499975692
1	30	-0.864421249996667
1	30	-0.3922962500000722
1	30	-0.19757749999916996
1	30	-0.17557749999832595
1	30	0.032172500003071036
1	30	0.1747974999998405
1	30	0.675515250000899
1	30	0.8459839999995893
1	30	1.0655777499996475
1	30	1.0672027500004333
1	30	1.3577340000010736
1	31	-5.9952625000005355
1	31	-5.98748125000202
1	31	-5.572449999999662
1	31	-5.303013500004454
1	31	-4.766919750003581
1	31	-4.747732250001718
1	31	-4.743544750002911
1	31	-4.737451000004512
1	31	-4.7014822500023
1	31	-4.561794750003173
1	31	-3.970201000003726
1	31	-3.806638500002009
1	31	-3.624388500003988
1	31	-2.9590135000034934
1	31	-2.2394207500001357
1	31	-2.2129832499995246
1	31	-2.1603582500029006
1	31	-1.9629832499995246
1	31	-1.6376395000006596
1	31	-1.6201395000025514
1	31	-1.5567645000010089
1	31	-1.4263895000003686
1	31	-1.1060457500025223
1	31	-0.9639832499997283
1	31	-0.830108250000194
1	31	-0.45501449999937904
1	31	-0.16676550000192947
1	31	0.2589219999972556
1	31	0.33401574999516015
1	31	0.5417657499965571
1	31	1.1119219999964116
1	31	1.8160782499980996
1	31	1.925796999996237
1	31	1.9544532499967318
1	31	1.9973907499952475
1	32	-5.657951000001049
1	32	-5.117888500000845
1	32	-4.8147947500001465
1	32	-4.703451000001223
1	32	-4.644825999999739
1	32	-4.642482250001194
1	32	-3.1962019999991753
1	32	-3.0944519999975455
1	32	-2.414514500000223
1	32	-2.3454832499992335
1	32	-2.2752645000000484
1	32	-2.1714207499971963
1	32	-1.9766395000006014
1	32	-1.5829207499991753
1	32	-1.2175145000001066
1	32	-1.1991707499983022
1	32	-0.9828894999991462
1	32	-0.8897030000007362
1	32	-0.7670155000014347
1	32	-0.6993592500002705
1	32	-0.6162342499992519
1	32	-0.5229529999996885
1	32	-0.42273425000166753
1	32	-0.37985925000248244
1	32	-0.09476550000181305
1	32	0.15435950000028242
1	32	0.25057824999748846
1	32	0.2869844999986526
1	32	0.3613282500009518
1	32	0.3859219999976631
1	32	0.40532824999900186
1	32	0.5862344999986817
1	32	1.172296999997343
1	32	1.2255157500003406
1	32	1.7897647499994491
1	32	1.9911710000014864
1	33	-4.5097324999987904
1	33	-4.333513749999838
1	33	-4.30654499999946
1	33	-4.284482499999285
1	33	-2.7633897500018065
1	33	-2.7236085000004095
1	33	-2.7072335000011662
1	33	-2.6857960000015737
1	33	-2.1406710000010207
1	33	-2.0834835000023304
1	33	-0.01339074999850709
1	33	0.6165780000010272
1	33	1.5815467499996885
1	33	1.7057342500011146
1	34	-5.737794750002649
1	34	-5.221794750003028
1	34	-5.189357250001194
1	34	-5.146357250003348
1	34	-4.590201000002708
1	34	-4.562826000001223
1	34	-4.234888500002853
1	34	-4.183451000000787
1	34	-4.102638500000467
1	34	-4.027419750000263
1	34	-3.933076000001165
1	34	-3.9079510000010487
1	34	-3.884732250000525
1	34	-3.8693572500014852
1	34	-3.805888500002766
1	34	-3.7044822500029113
1	34	-3.6675135000004957
1	34	-3.6240135000007285
1	34	-3.3498895000047924
1	34	-3.0741082500026096
1	34	-3.004983250004443
1	34	-2.9646082500039483
1	34	-2.9243270000042685
1	34	-2.855702000004385
1	34	-2.6402957500031334
1	34	-2.5507957500049088
1	34	-2.5408895000036864
1	34	-2.4927957500040065
1	34	-2.46620200000325
1	34	-2.4413895000034245
1	34	-2.2379832500046177
1	34	-2.2161395000039192
1	34	-2.139639500004705
1	34	-2.072608250004123
1	34	-2.047827000002144
1	34	-1.9797332500020275
1	34	-1.8372645000054035
1	34	-1.8182020000022021
1	34	-1.7979207500029588
1	34	-1.639420750005229
1	34	-1.6302645000032499
1	34	-1.6257332500026678
1	34	-1.6071707500050252
1	34	-1.5987957500037737
1	34	-1.203358250004385
1	34	-1.1532332500028133
1	34	-1.1127967500033265
1	34	-0.9929530000008526
1	34	-0.9378592500033847
1	34	-0.9003280000033556
1	34	-0.8335780000015802
1	34	-0.7998280000028899
1	34	-0.5964217500004452
1	34	-0.31564050000088173
1	34	-0.16685925000274437
1	34	-0.04932800000096904
1	34	0.3710469999969064
1	34	0.4492657499977213
1	34	0.6167657499972847
1	34	1.005765749996499
1	34	1.143828249998478
1	34	1.1955157499978668
1	34	1.3750147499958985
1	34	1.4467022499957238
1	34	1.6520772499970917
1	34	1.842077249995782
1	34	1.896858499996597
1	34	1.8994522499961022
1	34	1.970264749994385
1	35	-5.99001275000046
1	35	-5.67316899999787
1	35	-5.2944502499995
1	35	-5.169137749999209
1	35	-4.817326249998587
1	35	-4.0132012499962
1	35	-4.007513749995269
1	35	-3.8720762499979173
1	35	-3.4595449999978882
1	35	-3.4406387499984703
1	35	-3.4006699999954435
1	35	-3.36720124999556
1	35	-3.206138749996171
1	35	-3.0752949999987322
1	35	-2.7979824999965786
1	35	-2.67623249999815
1	35	-2.6355762499988487
1	35	-2.5807334999990417
1	35	-2.5698272499976156
1	35	-2.548702249998314
1	35	-2.5195772499973828
1	35	-2.4216710000000603
1	35	-2.3046084999987215
1	35	-2.1524522500003513
1	35	-1.8021085000000312
1	35	-1.517233499998838
1	35	0.2812967500030936
1	35	0.36370300000271527
1	35	0.6046405000015511
1	35	0.7912342500021623
1	35	0.836328000001231
1	35	0.9078905000023951
1	35	0.9772030000021914
1	35	1.136390500003472
1	35	1.1595780000025115
1	35	1.2491092500022205
1	35	1.2912655000036466
1	35	1.3428905000037048
1	35	1.4669530000028317
1	35	1.9880467500042869
1	36	-5.809043999997812
1	36	-5.5718877500003146
1	36	-5.5400127499997325
1	36	-5.446356499996909
1	36	-4.986419999997452
1	36	-4.853263749995676
1	36	-4.783263749995967
1	36	-4.77735749999556
1	36	-4.735951249997015
1	36	-4.722482499997568
1	36	-4.691794999995182
1	36	-4.677544999998645
1	36	-4.146732499997597
1	36	-3.8049824999980046
1	36	-3.710451249997277
1	36	-3.2590449999952398
1	36	-3.1759824999971897
1	36	-3.032388749998063
1	36	-2.383514749999449
1	36	-1.8500147499980812
1	36	-1.1466709999986051
1	36	-0.9425772499998857
1	36	-0.843920999999682
1	36	-0.5777647499999148
1	36	0.05789050000385032
1	36	0.13704675000190036
1	36	0.19798425000408315
1	36	0.9015467500030354
1	36	0.9606405000013183
1	36	1.7009217500017257
1	36	1.8095155000046361
1	36	1.8155467500037048
1	37	-5.901575500000035
1	37	-5.151982749997842
1	37	-4.255576499999734
1	37	-4.235357749996183
1	37	-3.3311077499965904
1	37	-2.731108749998384
1	37	-2.1711087500007125
1	37	-1.4070462499985297
1	37	-1.3389524999984133
1	37	-1.3056087500008289
1	37	-1.2847650000003341
1	37	-1.20148374999917
1	37	-1.1347337500010326
1	37	-0.6142337499986752
1	37	-0.5073274999995192
1	37	-0.21507849999761675
1	37	0.10842150000098627
1	37	0.6688277500034019
1	37	0.7676402500001132
1	37	1.1390777500018885
1	37	1.4499215000032564
1	38	-5.913481249997858
1	38	-5.509106249999604
1	38	-5.323106249998091
1	38	-5.248731249997945
1	38	-4.981450999996014
1	38	-4.48723224999776
1	38	-4.375638499997876
1	38	-4.162919749996945
1	38	-4.041794749999099
1	38	-3.9480447499990987
1	38	-3.80735724999613
1	38	-3.5691384999990987
1	38	-3.4599197499992442
1	38	-2.779794749996654
1	38	-2.6208582500003104
1	38	-2.5336082499998156
1	38	-2.4889832500011835
1	38	-2.4294520000003104
1	38	-2.4257644999997865
1	38	-2.4169207499980985
1	38	-2.382858249999117
1	38	-2.3743582499992044
1	38	-2.294326999999612
1	38	-2.234733249999408
1	38	-1.646014499998273
1	38	-1.3857019999995828
1	38	-1.3120769999986805
1	38	-0.595326999999088
1	38	-0.41229575000033947
1	38	-0.3975769999997283
1	38	-0.20223424999858253
1	38	-0.15067174999785493
1	38	0.3580470000015339
1	38	0.44757825000124285
1	38	0.5989532500025234
1	38	0.6084220000011555
1	38	0.6975470000033965
1	38	1.6145470000010391
1	38	1.832765750001272
1	39	-5.7722937500002445
1	39	-5.743700000002718
1	39	-5.430200000002515
1	39	-5.0186384999979055
1	39	-5.007982250001078
1	39	-4.983419749998575
1	39	-4.965825999999652
1	39	-4.783294749999186
1	39	-4.727044749997731
1	39	-4.6077635000001465
1	39	-4.394419749998633
1	39	-4.208763499998895
1	39	-3.8823259999990114
1	39	-3.8726697499987495
1	39	-3.1514822499993898
1	39	-2.7163582499997574
1	39	-2.678483250001591
1	39	-2.2886395000023185
1	39	-1.8182020000022021
1	39	-1.4568895000011253
1	39	-1.4008270000013
1	39	-1.3900145000006887
1	39	-1.3875457499998447
1	39	-1.123795750001591
1	39	-1.0946395000028133
1	39	-1.0597020000022894
1	39	-0.7507020000011835
1	39	-0.7233582500011835
1	39	-0.7128582500008633
1	39	-0.708608250002726
1	39	-0.6932645000015327
1	39	-0.3851395000019693
1	39	0.5803282500019122
1	39	0.6319220000004862
1	39	1.4377657500008354
1	39	1.5444845000019995
1	40	-5.225012750001042
1	40	-5.072356500000751
1	40	-4.7544502500022645
1	40	-3.786013749999256
1	40	-3.223482499997772
1	40	-3.1562324999977136
1	40	-2.882545000000391
1	40	-2.8706700000002456
1	40	-2.850638749998325
1	40	-2.6991699999998673
1	40	-2.6484199999977136
1	40	-2.4941387500002747
1	40	-2.288669999998092
1	40	-2.264919999997801
1	40	-2.254638750000595
1	40	-2.252169999999751
1	40	-1.5014200000005076
1	40	-1.4927334999993036
1	40	-1.4867335000017192
1	40	-1.2335772500009625
1	40	-1.102139750000788
1	40	-0.83323350000137
1	40	-0.7584835000016028
1	40	-0.5771397499993327
1	40	-0.5567022499999439
1	40	-0.5230460000020685
1	40	-0.3412022500015155
1	40	-0.2473272499992163
1	40	-0.20242100000177743
1	40	0.20539149999967776
1	40	0.23232899999857182
1	40	0.4031102499975532
1	40	0.4423289999976987
1	40	0.47173524999743677
1	40	0.48323524999796064
1	40	0.5018602499985718
1	40	0.5419540000002598
1	40	0.5751414999976987
1	40	0.6293289999994158
1	40	0.7884539999977278
1	40	0.8530790000004345
1	40	1.4233280000007653
1	40	1.4575155000020459
1	40	1.5604842499997176
1	40	1.6654217499999504
1	41	-5.621012250005151
1	41	-5.583607000000484
1	41	-5.274638250000862
1	41	-5.2337320000006
1	41	-5.180763250002201
1	41	-4.754544500003249
1	41	-4.6399820000006
1	41	-4.631544500003656
1	41	-4.314294500003598
1	41	-4.278450750003685
1	41	-4.217982000001939
1	41	-3.9002007500021136
1	41	-3.897138250002172
1	41	-3.879763250002725
1	41	-3.863138250002521
1	41	-3.394294500001706
1	41	-3.2434195000023465
1	41	-2.6305767500052752
1	41	-1.7691080000040529
1	41	-1.5997955000057118
1	41	-1.3408580000032089
1	41	-1.3288892500058864
1	41	-1.3180767500052752
1	41	-0.43789025000296533
1	41	-0.40270275000148104
1	41	0.042078499998751795
1	41	0.12682849999691825
1	41	0.35882849999688915
1	41	0.6647972499958996
1	41	0.79004724999686
1	41	0.92676599999686
1	41	0.9398597499966854
1	41	1.4718284999980824
1	41	1.494609749996016
1	41	1.5181722499983152
1	41	1.5825159999985772
1	41	1.8728597499975876
1	41	1.8946712499964633
1	42	-5.786701000000903
1	42	-5.38854474999971
1	42	-5.353107250000903
1	42	-5.3356697500021255
1	42	-4.8321697499995935
1	42	-4.214358250002988
1	42	-3.6384520000028715
1	42	-2.9523895000020275
1	42	-2.3817957500032207
1	42	-2.0528270000031625
1	42	-1.3499842500023078
1	42	-1.287703000001784
1	42	-1.2827967500015802
1	42	-1.2590467500012892
1	42	-1.2508904999995138
1	42	-1.2422967500024242
1	42	-1.2400780000025406
1	42	-1.0449217500026862
1	42	-0.8804530000015802
1	42	-0.861203000000387
1	42	-0.829140500001813
1	42	-0.708859250000387
1	42	-0.30901550000271527
1	42	-0.15939050000088173
1	42	0.2948907499994675
1	42	0.6094532499992056
1	42	0.6557032499986235
1	42	0.6934522500014282
1	42	0.6981710000000021
1	42	0.7958272500000021
1	42	0.9003272500012827
1	42	0.9235460000018065
1	42	1.1388272500007588
1	42	1.7642960000011954
1	43	-5.692075250000926
1	43	-5.568512750000082
1	43	-5.267981499997404
1	43	-4.944951249995938
1	43	-4.724544999997306
1	43	-4.441013749998092
1	43	-4.336669999996957
1	43	-3.7438887499956763
1	43	-3.7097637499973644
1	43	-3.567232499997772
1	43	-3.438326249997772
1	43	-3.3737324999965494
1	43	-2.9689199999957054
1	43	-2.386170999998285
1	43	-2.310420999998314
1	43	-2.048483499998838
1	43	-1.6237022499990417
1	43	-1.4609209999980521
1	43	-1.415670999998838
1	43	-0.6760460000004969
1	43	-0.5928897499979939
1	43	-0.4427335000000312
1	43	-0.3457647499999439
1	43	-0.3378897500006133
1	43	-0.1772022500008461
1	43	0.2497967500021332
1	43	0.7259530000010272
1	43	0.822765500000969
1	43	0.8933592500034138
1	43	1.22170300000289
1	43	1.396984250000969
1	43	1.8057342500032973
1	44	-5.809981000005791
1	44	-5.519012250002561
1	44	-5.227107000002434
1	44	-4.896919500002696
1	44	-4.807388250002987
1	44	-4.8051070000037726
1	44	-4.250450750001619
1	44	-3.446919500001968
1	44	-2.7728892500053917
1	44	-2.2953580000030342
1	44	-1.5299517500025104
1	44	-1.4153267500041693
1	44	-1.081733000002714
1	44	-0.9931705000053626
1	44	-0.8134205000060319
1	44	-0.06739025000206311
1	44	-0.06548400000247057
1	44	0.027422249997471226
1	44	0.03342224999869359
1	44	0.05235974999595783
1	44	0.07142224999915925
1	44	0.7809222499963653
1	44	0.92676599999686
1	44	0.9503597499970056
1	44	0.9636409999984608
1	44	1.071703499997966
1	44	1.2199847499978205
1	44	1.3966722499972093
1	45	-5.6094512499985285
1	45	-5.4613262499988195
1	45	-5.034451249997801
1	45	-4.330326249997597
1	45	-4.313951249998354
1	45	-4.2727949999971315
1	45	-4.216076249998878
1	45	-4.165294999998878
1	45	-4.07607624999946
1	45	-3.8949199999988195
1	45	-3.5411074999974517
1	45	-3.4587637499971606
1	45	-3.404919999997219
1	45	-2.7317334999970626
1	45	-2.7061397499965096
1	45	-2.5305459999945015
1	45	-2.499045999997179
1	45	-2.315952249995462
1	45	-1.8056084999952873
1	45	-1.5712334999952873
1	45	-1.5561084999972081
1	45	-1.5225459999965096
1	45	-1.2556709999953455
1	45	-1.1908897499961313
1	45	-1.1527647499970044
1	45	-1.0235772499945597
1	45	-0.9580459999961022
1	45	-0.8284209999947052
1	45	-0.8268272499954037
1	45	-0.5269844999966153
1	45	-0.46085949999906006
1	45	-0.366796999998769
1	45	-0.24610949999987497
1	45	-0.21467199999824516
1	45	-0.19810949999737204
1	45	-0.1603282499963825
1	45	0.220890500000678
1	45	0.28389050000259886
1	45	1.5027342500034138
1	45	1.548390500000096
1	45	1.5687030000008235
1	45	1.5831092500011437
1	45	1.9181395000050543
1	46	-5.8985444999998435
1	46	-5.843482000000222
1	46	-5.8417945000001055
1	46	-5.6755757499995525
1	46	-5.563763250000193
1	46	-5.391794499999378
1	46	-4.489169500000571
1	46	-4.424356999999873
1	46	-4.390888249999989
1	46	-3.979139249997388
1	46	-3.7710142500000075
1	46	-3.7209517499977665
1	46	-2.481920499998523
1	46	-2.259232999997039
1	46	-0.7602965000005497
1	46	-0.35273400000005495
1	46	0.3641722499996831
1	46	0.5042972499977623
1	46	1.6396712500027206
1	47	-4.956638749998092
1	47	-4.151794999997946
1	47	-2.779889749999711
1	47	-2.728483500002767
1	47	-2.725202249999711
1	47	-2.7215460000006715
1	47	-2.5168897500007006
1	47	-2.3161085000028834
1	47	-2.2618585000018356
1	47	-2.244202249999944
1	47	-2.1445772500010207
1	47	-2.110671000002185
1	47	-1.765702250002505
1	47	-1.7456397500027379
1	47	-1.6684835000014573
1	47	-1.6274522500025341
1	47	-1.467889750001632
1	47	-1.4503585000020394
1	47	-1.283389750002243
1	47	-1.0972959999999148
1	47	-0.9382657499991183
1	47	-0.93248450000101
1	47	-0.9257657499983907
1	47	-0.5356719999981578
1	47	-0.4110157499999332
1	47	-0.3816719999995257
1	47	-0.35223449999830336
1	47	-0.28195324999978766
1	47	0.00023425000108545646
1	47	0.5456717500019295
1	47	1.1397967500015511
1	47	1.3053592500000377
1	47	1.3255155000006198
1	47	1.379921750001813
1	47	1.4747654999991937
1	47	1.478296749999572
1	47	1.747670749999088
1	47	1.9158895000000484
1	47	1.9282332499969925
1	48	-5.924012999999832
1	48	-5.901262999999744
1	48	-5.8712630000009085
1	48	-5.185231750001549
1	48	-5.140325500000472
1	48	-5.102575500000967
1	48	-5.072106750001694
1	48	-5.008013000002393
1	48	-4.97320050000053
1	48	-4.9493880000009085
1	48	-4.9462005000023055
1	48	-4.7434817499997735
1	48	-4.74151300000085
1	48	-4.215044250002393
1	48	-4.091325500001403
1	48	-4.028294250001636
1	48	-3.985294250000152
1	48	-3.936075500001607
1	48	-3.6393567500017525
1	48	-3.451732749999792
1	48	-3.3595764999990934
1	48	-2.8001702500005194
1	48	-2.280920249999326
1	48	-2.203170249998948
1	48	-2.2009514999990643
1	48	-2.057732749999559
1	48	-2.0473889999993844
1	48	-1.940951500000665
1	48	-1.7671389999995881
1	48	-1.6754827500008105
1	48	-1.520513999999821
1	48	-1.3938264999997045
1	48	-0.5589524999995774
1	48	-0.4783900000002177
1	48	-0.4338587500024005
1	48	0.12954749999698834
1	48	0.44851624999864725
1	48	0.5573287499973958
1	48	0.569172499999695
1	48	0.6969224999993457
1	48	1.021891249998589
1	48	1.2622349999983271
1	48	1.3067974999976286
1	48	1.3099849999998696
1	48	1.347859999998036
1	48	1.4378599999981816
1	48	1.551952750000055
1	48	1.5637652500008699
1	48	1.6506714999995893
1	48	1.6863277500015101
1	49	-5.880169750002096
1	49	-5.871576000001369
1	49	-5.793263499999739
1	49	-5.7025447500018345
1	49	-5.595732249999855
1	49	-5.574482250001893
1	49	-5.1844510000009905
1	49	-5.136826000001747
1	49	-5.07916975000262
1	49	-5.075357249999797
1	49	-4.975701000003028
1	49	-4.359013500001311
1	49	-4.143326000001252
1	49	-4.071607249999943
1	49	-3.9928260000015143
1	49	-3.890919749999739
1	49	-3.37988949999999
1	49	-2.5378270000001066
1	49	-1.957889500001329
1	49	-1.7340144999980112
1	49	-1.5678582500004268
1	49	-1.4794519999995828
1	49	-1.443702000000485
1	49	-1.31470199999967
1	49	-1.0800769999987097
1	49	-0.6142342500024824
1	49	-0.1498280000014347
1	49	0.15832824999961304
1	49	0.23207824999917648
1	49	0.26532824999958393
1	49	1.7849835000015446
1	49	1.9117335000009916
2	4	-0.20948424999733106
2	11	-5.476262750002206
2	11	-5.456575250002061
2	12	-4.932918999998947
2	19	-5.7146690000008675
2	24	-1.321046249999199
2	25	-5.6860122500002035
2	32	-3.5873260000007576
2	35	1.831296750002366
2	35	1.8421717500023078
2	35	1.852890500002104
2	35	1.8631405000014638
2	35	1.87385925000126
2	35	1.8847655000026862
3	1	-3.651295250001567
3	1	-3.6258577500011597
3	1	-0.6033900000002177
3	2	-5.437075750000076
3	2	-3.2965445000008913
3	2	-1.2056392499980575
3	3	-3.8007322499979637
3	3	-3.79870099999971
3	3	-3.578826000000845
3	3	-2.4404519999989134
3	4	-3.9343572499965376
3	4	-0.22335924999788404
3	4	-0.20517174999622512
3	5	-5.945325749999029
3	6	-2.2401705000011134
3	6	-2.22379550000187
3	6	-0.18717150000156835
3	7	-3.660076249998383
3	7	-3.6581699999987904
3	7	-2.1161387499960256
3	7	-1.5511387499973353
3	7	-0.46651474999816855
3	7	-0.45726474999901257
3	8	-1.0984210000024177
3	8	-1.0934835000007297
3	8	-1.0882960000017192
3	8	-1.082108500002505
3	8	-1.0705772500004969
3	9	-3.8937945000034233
3	9	-0.722858000000997
3	10	-2.1080457500029297
3	10	-0.9984842500016384
3	11	-0.07613974999912898
3	12	-1.4619835000012245
3	12	-0.796639749998576
3	13	-5.026263500003552
3	13	-5.022388500001398
3	13	-4.78985725000166
3	13	-4.788138500003697
3	13	-2.8271082499995828
3	13	-1.466514499999903
3	13	-1.4612332500000775
3	13	-1.4565770000008342
3	14	-2.3112017500025104
3	14	0.35817225000209874
3	14	1.8049524999987625
3	14	1.8077024999984133
3	14	1.8112024999973073
3	15	-3.307045499997912
3	15	-0.7669214999987162
3	15	0.15651600000273902
3	16	-2.4974205000035
3	16	-2.1537330000028305
3	16	0.15582849999918835
3	16	0.16045349999694736
3	17	-3.4072324999979173
3	17	-3.392826249997597
3	17	-2.4524210000017774
3	17	-2.4455459999990126
3	17	-2.365295999999944
3	17	-2.359545999999682
3	17	-1.7247334999992745
3	17	-1.7163897499995073
3	17	-1.7092960000009043
3	17	-1.6998897500016028
3	17	-1.6780460000009043
3	17	-0.9711397499995655
3	17	-0.7289210000017192
3	17	-0.7262022499999148
3	18	-2.8703582499983895
3	19	-2.553357500000857
3	19	-2.5079825000029814
3	19	-2.219170000003942
3	19	-2.2119200000015553
3	19	-2.1984512500021083
3	19	-2.1957950000032724
3	20	-1.0940459999983432
3	20	0.1760477499992703
3	20	0.18345400000180234
3	22	-4.537325749999582
3	22	-1.1297027500004333
3	22	-1.1214839999993274
3	22	-1.1009215000012773
3	22	-0.9682339999999385
3	23	-3.7513580000013462
3	23	-1.5097965000022668
3	24	-5.609012999997503
3	24	-4.9732317499983765
3	24	-4.152670249997755
3	24	0.1964537499989092
3	24	0.4414840000026743
3	24	1.8594840000005206
3	24	1.8632965000033437
3	25	-1.8012329999983194
3	25	-1.7862329999989015
3	25	-1.7702642499971262
3	27	-3.115138750003098
3	27	-1.7095147500003804
3	27	-1.7066397500020685
3	27	0.1425154999960796
3	27	0.14429674999701092
3	28	-3.477607500000886
3	28	-0.7621709999984887
3	29	-4.821326000001136
3	29	-1.3323894999994081
3	29	-1.3264520000011544
3	30	-5.35307549999925
3	30	-5.327356749996397
3	30	-5.319606749999366
3	30	-5.302731749998202
3	30	-2.1201702500002284
3	30	-2.115388999998686
3	30	-0.8799837499973364
3	30	0.8390152499996475
3	30	1.3427339999980177
3	30	1.3460777500004042
3	30	1.3482340000009572
3	31	-2.8728270000028715
3	31	-0.1638905000036175
3	31	-0.15654675000405405
3	32	1.7966085000007297
3	34	-4.870263500000874
3	34	-3.8652947500013397
3	34	-3.8579510000017763
3	34	-3.678232250000292
3	34	-3.5507645000034245
3	34	-1.6529832500018529
3	34	-1.6161707500032207
3	34	-0.7973592500020459
3	34	1.1600469999975758
3	34	1.8581397499947343
3	35	-1.5264209999986633
3	35	1.8934217500027444
3	36	1.8059217500012892
3	37	-5.159920249996503
3	37	-4.2770452499971725
3	37	-4.26757649999854
3	37	-4.2631702499966195
3	37	0.46532775000014226
3	38	-4.443888499998138
3	38	-4.420732249996945
3	38	-4.369982249998429
3	38	-2.413170749998244
3	38	-1.6434207499987679
3	38	-0.8757957499983604
3	39	-5.906012499999633
3	39	-5.863262500002747
3	39	-2.58198325000194
3	39	-1.3967957500026387
3	40	-5.218825250001828
3	40	-5.213575249999849
3	40	-2.2582012499988195
3	41	-5.356607000001532
3	41	-5.304450750001706
3	41	-5.241607000003569
3	41	-5.235450750002201
3	41	-5.228075750001153
3	41	-4.689294500003598
3	41	-2.645139250005741
3	41	-1.3257017500036454
3	41	-1.322889250004664
3	41	-1.3202955000051588
3	41	-0.6737955000025977
3	41	-0.49745275000168476
3	42	-2.94935825000357
3	42	-0.3113279999997758
3	42	1.1298585000004095
3	42	1.1352647499988961
3	43	-5.700356499997724
3	43	-5.686762749999616
3	43	-5.353418999999121
3	43	-4.022732499997801
3	44	0.03657849999581231
3	44	0.04226599999674363
3	44	0.04514099999869359
3	44	0.04729724999560858
3	45	-5.24629499999719
3	45	-3.2623887499976263
3	45	-1.5195772499973828
3	45	-0.5347969999966153
3	46	-2.2624829999986105
3	46	1.2707337499996356
3	47	-2.1748585000023013
3	47	-1.742577250002796
3	47	-0.9366407499983325
3	48	-4.943981750002422
3	48	-2.8123889999988023
3	48	-2.017451499999879
3	49	-5.712794750001194
3	49	-5.081076000002213
3	49	-4.0072322500018345
4	1	-5.937387999998464
4	1	-5.250326500001393
4	1	-4.695701500000723
4	1	-4.55945150000116
4	1	-4.313670250001451
4	1	-3.648795250002877
4	1	-3.6128889999999956
4	1	-2.8563275000014983
4	1	-1.9558275000017602
4	1	-1.7804212500013818
4	1	-0.6410150000010617
4	1	-0.6107962499991118
4	1	-0.3438597500025935
4	1	-0.11785975000020699
4	1	0.38160899999638787
4	1	0.3850464999995893
4	1	1.2809527499994147
4	1	1.3422652499975811
4	1	1.6867964999983087
4	2	-5.7673247499988065
4	2	-5.520825750001677
4	2	-5.514544500001648
4	2	-5.442325750002055
4	2	-5.062232000000222
4	2	-2.6242017500007933
4	2	-2.387107999998989
4	2	-2.1798579999995127
4	2	-1.9634517499980575
4	2	-1.2028892499984067
4	2	-1.0062954999993963
4	2	-0.45370275000095717
4	3	-5.819012499996461
4	3	-4.729357249998429
4	3	-4.409326000000874
4	3	-4.056419749998895
4	3	-3.9596385000004375
4	3	-2.6547957499969925
4	3	-2.2790457499977492
4	3	-2.2139832499960903
4	3	-1.9707957499995246
4	3	-1.8017644999963522
4	3	-1.7582332499987388
4	3	-1.742014499996003
4	3	-1.7155457499975455
4	3	-1.3819832499975746
4	3	-1.1959519999982149
4	3	-0.9044519999988552
4	3	0.5392032500021742
4	3	0.8190470000045025
4	3	1.2132345000027271
4	3	1.5140782500056957
4	3	1.9471085000004678
4	4	-5.002169749997847
4	4	-4.646638499994879
4	4	-3.5921082499990007
4	4	-2.5746394999987388
4	4	-2.5708269999995537
4	4	-2.335858249996818
4	4	-2.117639499996585
4	4	-1.9307644999971671
4	4	-0.8439217499981169
4	4	-0.7725779999964288
4	4	-0.20164049999584677
4	4	-0.1979529999953229
4	4	0.6640157500041823
4	5	-5.227856999998039
4	5	-4.232825749997573
4	5	-4.061388250000164
4	5	-3.9756382499981555
4	5	-3.796294499999931
4	5	-3.518389250002656
4	5	-3.164889250001579
4	5	-2.9951392500006477
4	5	-2.549951749999309
4	5	-1.9418267500004731
4	5	-0.6880777500009572
4	5	0.26298474999930477
4	5	0.2930159999996249
4	5	0.5191097499991884
4	6	-5.894044500000746
4	6	-5.616357000002608
4	6	-5.51779450000322
4	6	-4.8215445000023465
4	6	-3.800576749999891
4	6	-3.7641392500008806
4	6	-3.4601392500007933
4	6	-2.9390142500014917
4	6	-2.9260142499988433
4	6	-2.563514249999571
4	6	-2.4551392499997746
4	6	-1.4787017499984358
4	6	-1.1530777500011027
4	6	-0.18342150000171387
4	6	0.5761409999977332
4	6	0.7670472499994503
4	6	1.0785150000010617
4	6	1.4889837499977148
4	7	-4.9387627500000235
4	7	-4.917762749999383
4	7	-4.848387750000256
4	7	-4.404262749998452
4	7	-4.385012750000897
4	7	-3.8908564999983355
4	7	-3.6470449999978882
4	7	-3.6394824999988487
4	7	-2.5612324999965494
4	7	-1.546388749997277
4	7	-1.344388749996142
4	7	-0.9344209999981103
4	7	0.7845477500013658
4	7	1.4076092500035884
4	7	1.4560467500014056
4	8	-5.988419000001159
4	8	-5.328294000002643
4	8	-5.058450250002352
4	8	-5.006231499999558
4	8	-4.412544999999227
4	8	-4.309107499997481
4	8	-4.221451249999518
4	8	-3.8302637499982666
4	8	-3.5392324999993434
4	8	-1.7519522500006133
4	8	-0.9235147500003222
4	8	-0.8406085000024177
4	8	-0.7452022500001476
4	8	-0.715327249999973
4	8	0.2935467499992228
4	8	0.7856717499998922
4	8	1.1568279999992228
4	8	1.3728592500010564
4	8	1.6129842500013183
4	8	1.8001092500016966
4	9	-5.924981000000116
4	9	-5.793762249999418
4	9	-4.72854450000159
4	9	-2.2896079999991343
4	9	-2.2192329999998037
4	9	-2.2147017499992216
4	9	-1.7581080000018119
4	9	-1.6323267500010843
4	9	-1.3172017500000948
4	9	0.8113909999992757
4	9	0.9484847499988973
4	9	1.0990159999964817
4	9	1.9053899999998976
4	10	-5.444107250001252
4	10	-5.256732250003552
4	10	-4.693888500001776
4	10	-4.236201000003348
4	10	-3.9123572500029695
4	10	-3.466639500002202
4	10	-2.4713895000022603
4	10	-2.196389500000805
4	10	0.17554699999527656
4	10	0.7328594999962661
4	10	0.9575782499960042
4	10	1.8241084999972372
4	11	-2.8820762499999546
4	11	-2.7367950000007113
4	11	-2.4881387500026904
4	11	-2.113920000003418
4	11	-0.5154834999993909
4	11	0.14489150000008522
4	11	0.4805477500012785
4	11	1.772702999998728
4	12	-5.714387749998423
4	12	-4.67976274999819
4	12	-4.172232500000973
4	12	-2.5728575000030105
4	12	-2.5016387500036217
4	12	-2.083858500001952
4	12	-1.4572960000004969
4	12	-0.37598350000189384
4	12	-0.23673350000171922
4	12	-0.22282724999968195
4	12	-0.06423350000113714
4	12	0.02445399999851361
4	12	0.4404529999992519
4	12	0.4667654999975639
4	12	0.5133904999966035
4	12	0.769202999996196
4	13	-5.506012500001816
4	13	-5.239576000003581
4	13	-5.0195760000024165
4	13	-4.78613850000329
4	13	-4.784107250001398
4	13	-4.781951000004483
4	13	-4.771669750003639
4	13	-4.106576000001951
4	13	-3.462669750002533
4	13	-3.4097010000041337
4	13	-3.0899822500032315
4	13	-2.4874207499997283
4	13	-2.331670750001649
4	13	-0.586389500000223
4	13	-0.47007700000176555
4	13	-0.3325155000020459
4	13	-0.017140500003733905
4	13	0.014015749995451188
4	13	0.14092199999504373
4	13	0.41123449999577133
4	13	0.44367199999760487
4	13	0.784453249998478
4	13	1.7792344999979832
4	14	-5.462231999998039
4	14	-5.332731999998941
4	14	-5.024106999997457
4	14	-4.835606999997253
4	14	-4.0032944999984466
4	14	-3.726419499998883
4	14	-3.625481999999465
4	14	-3.419295499999862
4	14	-3.223045499998989
4	14	-2.9690142500003276
4	14	-2.655420499999309
4	14	-2.5001392500016664
4	14	-2.303764250002132
4	14	-1.2550142500003858
4	14	-1.1527017500011425
4	14	-0.28329649999795947
4	14	-0.14332775000002584
4	14	0.1257347499995376
4	14	0.54970350000076
4	14	1.8297962500000722
4	15	-5.601200749995769
4	15	-5.522294499998679
4	15	-5.02382574999865
4	15	-4.39979449999737
4	15	-3.870856999998068
4	15	-3.5745132499978354
4	15	-3.485920499999338
4	15	-3.4812329999986105
4	15	-3.2942642499983776
4	15	-1.6485767499980284
4	15	-1.5379829999983485
4	15	-1.2111704999988433
4	15	0.3368285000033211
4	15	0.5658285000026808
4	15	0.8624847500032047
4	15	1.1242035000032047
4	15	1.2559847500015167
4	15	1.5024212499993155
4	16	-5.0384507500020845
4	16	-4.860263250000571
4	16	-4.476419500002521
4	16	-3.6148892500023067
4	16	-3.613170500004344
4	16	-3.5967955000051006
4	16	-3.593951750004635
4	16	-3.5845767500031798
4	16	-3.4590142500019283
4	16	-1.4883902500005206
4	16	-1.4750152500018885
4	16	-0.08745275000183028
4	16	-0.018265250000695232
4	16	0.9866712500006543
4	16	1.62726499999917
4	16	1.737671250000858
4	16	1.78351499999917
4	16	1.8863275000003341
4	17	-5.597512749998714
4	17	-4.816951249998965
4	17	-4.727107499998965
4	17	-4.341232499999023
4	17	-3.9724199999982375
4	17	-1.440764750001108
4	17	-0.7535147500020685
4	17	-0.46173350000026403
4	17	0.7563905000024533
4	17	0.773421750000125
4	17	1.204640500000096
4	17	1.3311092500007362
4	18	-5.593263499995373
4	18	-5.173482249996596
4	18	-5.165825999996741
4	18	-4.2347947499984
4	18	-2.9192645000002813
4	18	-2.894452000000456
4	18	-2.874108249998244
4	18	-2.5928894999997283
4	18	-2.549576999997953
4	18	-2.5321707500006596
4	18	-2.5203269999983604
4	18	-2.3770457499995246
4	18	-1.6284832499986805
4	18	-1.4726394999997865
4	18	-1.052451999999903
4	18	-0.8804519999976037
4	18	-0.30635924999660347
4	18	0.38185950000115554
4	18	0.5494845000030182
4	18	0.6199220000016794
4	18	0.6608595000034256
4	18	1.3342970000012428
4	19	-5.129044000001159
4	19	-4.405856500001391
4	19	-4.269637749999674
4	19	-2.209232500001235
4	19	-2.203138750002836
4	19	-2.1884825000015553
4	19	-1.076358500002243
4	19	-0.5958272499992745
4	19	-0.5068272499993327
4	19	0.8354852499978733
4	19	1.0062967500016384
4	19	1.3170467500021914
4	19	1.5250780000023951
4	20	-5.2648252500002855
4	20	-5.197012749998976
4	20	-4.68245024999851
4	20	-4.661543999998685
4	20	-4.658856499998365
4	20	-4.581012750000809
4	20	-4.3022949999976845
4	20	-2.9503262499965786
4	20	-2.335669999996753
4	20	-1.9450449999967532
4	20	-1.9027012499973353
4	20	-1.4864835000007588
4	20	-1.3394522499984305
4	20	-1.1011709999984305
4	20	-1.0845147500003804
4	20	-0.3699522499991872
4	20	0.1697664999992412
4	20	0.20914149999953224
4	20	1.1388280000028317
4	20	1.5096717500018713
4	21	-5.772075999997469
4	21	-5.6976072500001465
4	21	-4.55407600000035
4	21	-1.6252957500000775
4	21	-1.489233250002144
4	21	-1.0206707500001357
4	21	-0.4792654999982915
4	21	-0.07926550000047428
4	21	0.30685950000042794
4	21	0.46010949999981676
4	21	0.8752657500008354
4	21	1.0225782500019704
4	21	1.093765749999875
4	21	1.2673595000014757
4	21	1.5259522499982268
4	22	-5.05110699999932
4	22	-4.985732000001008
4	22	-3.039483000000473
4	22	-2.0182329999988724
4	22	-2.009576749998814
4	22	-1.7684517499983485
4	22	-1.1045465000024706
4	22	-0.9739840000002005
4	22	-0.7158589999999094
4	22	-0.17454650000217953
4	22	-0.01626525000028778
4	22	0.6953284999981406
4	23	-4.985950750000484
4	23	-4.955482000001211
4	23	-4.8030445000003965
4	23	-4.730107000003045
4	23	-4.649857000000338
4	23	-4.647232000002987
4	23	-4.252200750001066
4	23	-4.178951750000124
4	23	-3.981889250000677
4	23	-3.748576750000211
4	23	-2.4902017499989597
4	23	-0.7419840000038675
4	23	-0.40989025000089896
4	23	0.47679724999761675
4	23	0.7096409999976458
4	23	1.1532024999978603
4	23	1.542983749997802
4	24	-5.602387999999337
4	24	-4.746512999998231
4	24	-4.072638999998162
4	24	-3.5867952499975218
4	24	-2.739357749996998
4	24	-2.2971702499962703
4	24	-1.9986399999979767
4	24	-1.862046250000276
4	24	-0.6086399999985588
4	24	-0.5186712499998976
4	24	-0.3707649999996647
4	24	-0.2814837500009162
4	24	0.2556715000027907
4	24	0.2861402500020631
4	24	1.3395152500015683
4	24	1.8674215000028198
4	25	-5.883043499998166
4	25	-4.149919499999669
4	25	-3.772888250001415
4	25	-3.2535757500008913
4	25	-2.4813579999972717
4	25	-2.456389249997301
4	25	-1.6195142500000657
4	25	-1.4943892499977665
4	25	-1.2174830000003567
4	25	-1.1165142499994545
4	25	-0.9781392499971844
4	25	-0.034765250002237735
4	25	0.05864099999962491
4	25	0.13242225000067265
4	25	0.33867224999994505
4	25	0.8659535000006144
4	25	1.6597347499991884
4	26	-5.66673124999943
4	26	-5.385137499997654
4	26	-4.3207634999998845
4	26	-4.037513499999477
4	26	-3.7627009999996517
4	26	-3.7147947500016016
4	26	-3.5613885000020673
4	26	-3.4047634999988077
4	26	-2.0767957499992917
4	26	-1.8924520000000484
4	26	-1.411014499997691
4	26	-1.0952957499976037
4	26	-0.8410769999973127
4	26	-0.38220199999705073
4	26	-0.23773425000035786
4	26	1.10660949999874
4	26	1.5647657499976049
4	26	1.5956719999994675
4	27	-5.255201250001846
4	27	-5.251451250001992
4	27	-4.352701250001701
4	27	-4.099107500001992
4	27	-3.841920000002574
4	27	-2.51682725000137
4	27	-2.0058585000006133
4	27	-1.7139522500001476
4	27	-1.2163897500031453
4	27	-0.8229210000026796
4	27	-0.6699522500020976
4	27	-0.2534845000045607
4	27	-0.22904700000435696
4	27	0.14676549999785493
4	27	0.4980779999968945
4	27	0.6125779999965744
4	27	1.4639529999949445
4	28	-5.8965127499977825
4	28	-5.8667002500005765
4	28	-5.07382625000173
4	28	-4.317576249999547
4	28	-4.062045000002399
4	28	-3.418388750000304
4	28	-3.2536700000018755
4	28	-2.058358499998576
4	28	-1.804139749998285
4	28	-1.2623897499979648
4	28	-0.9755459999978484
4	28	-0.8187335000002349
4	28	-0.7096397499990417
4	28	0.4622342499969818
4	28	0.6600467499993101
4	29	-5.998606249999284
4	29	-5.806981249999808
4	29	-5.1684197500035225
4	29	-4.2454197500046575
4	29	-4.091044750002766
4	29	-3.9309510000020964
4	29	-3.4165447500017763
4	29	-2.97363949999999
4	29	-2.3019207500001357
4	29	-1.7655145000026096
4	29	-1.7150145000014163
4	29	-0.44395300000178395
4	29	0.10929699999542208
4	29	0.6074844999966444
4	29	1.0134219999963534
4	29	1.0187032499961788
4	30	-5.684325499998522
4	30	-5.443544249999832
4	30	-5.2626067499986675
4	30	-5.249794249997649
4	30	-5.13579424999989
4	30	-4.309201500000199
4	30	-3.472420250000141
4	30	-3.2402327499985404
4	30	-2.674295249998977
4	30	-2.123513999998977
4	30	-1.9871087499996065
4	30	0.37745375000304193
4	30	0.43989125000007334
4	30	0.8338902499999676
4	30	1.337109000000055
4	30	1.3403902499994729
4	31	-5.991949999999633
4	31	-5.288919750004425
4	31	-4.518263500001922
4	31	-4.364701000002242
4	31	-3.9214822500034643
4	31	-3.8372010000020964
4	31	-3.1804197500023292
4	31	-2.643139499999961
4	31	-0.6443895000011253
4	31	-0.3716092500035302
4	31	-0.17029675000230782
4	31	-0.1600780000044324
4	31	0.27067199999510194
4	31	0.5480469999965862
4	31	0.6645157499951893
4	31	1.3884532499978377
4	31	1.4902344999973138
4	32	-5.840076000000408
4	32	-5.62682599999971
4	32	-5.472513500000787
4	32	-4.9547009999987495
4	32	-4.176419750001514
4	32	-3.9737322500004666
4	32	-2.943702000000485
4	32	-2.6322957499978656
4	32	-2.228045749998273
4	32	-1.6491082499996992
4	32	-0.9610467500024242
4	32	-0.6962967500003288
4	32	-0.5192967500006489
4	32	0.06170324999766308
4	32	0.2948594999979832
4	32	0.7309219999988272
4	32	0.9167657500001951
4	32	1.4234844999991765
4	32	1.7567335000021558
4	33	-5.009451249999984
4	33	-4.760076250000566
4	33	-4.661638749999838
4	33	-4.417669999998907
4	33	-4.0465450000010605
4	33	-2.6022960000009334
4	33	0.27126549999957206
4	34	-5.993107250000321
4	34	-5.588513500002591
4	34	-4.710607250002795
4	34	-3.5564207500028715
4	34	-3.547139500002231
4	34	-3.166170750002493
4	34	-2.557827000004181
4	34	-2.095858250002493
4	34	-2.058827000004385
4	34	-1.062265500000649
4	34	-0.21735925000029965
4	34	-0.21145300000353018
4	34	0.026703249997808598
4	34	0.8052657499974885
4	34	0.9507344999983616
4	34	1.6609834999944724
4	35	-5.959231499997259
4	35	-5.709387749997404
4	35	-5.552700249998452
4	35	-4.721951249997801
4	35	-3.0099512499982666
4	35	-2.720732499998121
4	35	-1.9101397499980521
4	35	-1.5234834999973828
4	35	-0.96707724999942
4	35	-0.7838584999990417
4	35	-0.3645147499992163
4	35	-0.36095224999735365
4	35	-0.06329699999696459
4	35	1.7241405000022496
4	36	-5.936856499996793
4	36	-4.763888749996113
4	36	-4.756513749995065
4	36	-4.753294999998616
4	36	-4.731607499998063
4	36	-3.0648574999977427
4	36	-2.992232499997044
4	36	-2.6244834999997693
4	36	-1.9538897499987797
4	36	-1.6655147499986924
4	36	-0.8582959999985178
4	36	0.15389050000158022
4	36	0.39385925000169664
4	36	0.5417342500040832
4	37	-5.959200500001316
4	37	-5.439888000000792
4	37	-5.430294249999861
4	37	-4.623701499996969
4	37	-4.259170249999443
4	37	-4.2532014999997045
4	37	-3.5577014999980747
4	37	-3.4667327499992098
4	37	-3.4324514999971143
4	37	-3.250888999999006
4	37	-2.16120249999949
4	37	-0.25048474999857717
4	37	-0.03860974999770406
4	37	0.06435899999996764
4	37	0.46920275000229594
4	37	0.6141090000019176
4	37	0.7902027500022086
4	37	0.8524215000034019
4	37	1.5579840000027616
4	38	-5.419637499999226
4	38	-4.932263499998953
4	38	-4.30095099999744
4	38	-2.6703269999998156
4	38	-2.4153894999981276
4	38	-2.4049832499986223
4	38	-2.3866082499989716
4	38	-1.868139499998506
4	38	-0.5738270000001648
4	38	-0.5645144999980403
4	38	-0.19120299999849522
4	38	0.2535782500017376
4	38	0.7308282500016503
4	38	1.209422000003542
4	38	1.7877657500030182
4	39	-5.858700000000681
4	39	-4.766013500000554
4	39	-4.401169749999099
4	39	-4.243513499997789
4	39	-4.088607249999768
4	39	-3.5183259999976144
4	39	-2.3058895000031043
4	39	-2.2920145000025514
4	39	-0.6997332499995537
4	39	0.1610782499992638
4	39	0.60435950000101
4	39	0.7489219999988563
4	39	0.959515750000719
4	40	-5.428762750001624
4	40	-5.419918999999936
4	40	-5.063419000001886
4	40	-4.418356500002119
4	40	-4.384044000002177
4	40	-4.280575249998947
4	40	-3.8837949999979173
4	40	-3.033513750000566
4	40	-2.9494825000001583
4	40	-2.4894824999973935
4	40	-1.3206710000013118
4	40	-0.7686397500001476
4	40	-0.10123350000139908
4	40	-0.06657724999968195
4	40	-0.04623350000110804
4	40	0.43170399999871734
4	40	1.1280780000015511
4	40	1.641640500001813
4	41	-5.957731000002241
4	41	-5.224013250001008
4	41	-4.700482000003831
4	41	-2.7580767500039656
4	41	-2.6326705000028596
4	41	-0.2861402500020631
4	41	-0.17548400000305264
4	41	-0.05464025000401307
4	41	0.022828499997558538
4	41	0.5049222499983443
4	41	0.9894847499963362
4	41	0.9985784999989846
4	41	1.0126409999975294
4	41	1.5622659999971802
4	41	1.759297249998781
4	42	-4.474826000001485
4	42	-3.919952000003832
4	42	-3.4223895000031916
4	42	-3.272545750001882
4	42	-0.7264842500007944
4	42	-0.6384529999995721
4	42	-0.3062030000000959
4	42	0.3784532499994384
4	42	0.7993585000003804
4	42	1.4680147500002931
4	43	-5.849575249998452
4	43	-5.231044000000111
4	43	-3.9034199999987322
4	43	-3.5298574999978882
4	43	-3.3633574999985285
4	43	-2.8891387499970733
4	43	-2.6325147499992454
4	43	-2.5934522499992454
4	43	-1.3926709999977902
4	43	-1.3770147499999439
4	43	-0.7800459999998566
4	43	-0.41482724999877973
4	43	0.43626550000044517
4	43	0.5048905000039667
4	43	1.4989217500005907
4	43	1.8995155000011437
4	44	-5.511168500004715
4	44	-4.891888250003831
4	44	-4.8350132500017935
4	44	-4.831638250001561
4	44	-4.780825750003714
4	44	-4.360669500001677
4	44	-3.5172632500034524
4	44	-3.474669500003074
4	44	-3.460357000003569
4	44	-3.439825750003365
4	44	-0.9423580000038783
4	44	0.03076599999621976
4	44	0.7218284999980824
4	44	0.9842659999958414
4	44	1.048890999998548
4	44	1.67798474999654
4	45	-5.832075250000344
4	45	-5.242138749996229
4	45	-4.493638749998354
4	45	-4.369701249997888
4	45	-4.360701249996055
4	45	-4.143076249998558
4	45	-4.053951249996317
4	45	-3.921701249997568
4	45	-3.455201249998936
4	45	-3.3695137499962584
4	45	-2.437795999994705
4	45	-2.4042334999976447
4	45	-2.3182647499961604
4	45	-2.0875147499973536
4	45	-1.645327249996626
4	45	-1.5797334999952
4	45	-1.5159209999947052
4	45	-0.8318897499957529
4	45	-0.5323594999972556
4	45	-0.3336719999970228
4	45	-0.09364074999757577
4	45	0.4497655000013765
4	45	0.5106405000005907
4	45	0.7574217500005034
4	45	0.9984842500016384
4	45	1.285140500000125
4	45	1.3383280000016384
4	45	1.3586717500002123
4	45	1.7732342500021332
4	46	-5.649763249999523
4	46	-5.401606999999785
4	46	-4.565044499999203
4	46	-4.308294499998738
4	46	-3.193764249997912
4	46	-3.073170499999833
4	46	-2.864326749997417
4	46	-2.336139249997359
4	46	-1.0965465000008408
4	46	-0.4931089999990945
4	46	0.7321712500015565
4	46	1.0742649999992864
4	46	1.5787650000020221
4	47	-5.549076249997597
4	47	-5.447045000000799
4	47	-4.989919999999984
4	47	-4.55782624999847
4	47	-4.320919999998296
4	47	-4.309638749997248
4	47	-4.064076250000653
4	47	-3.9712949999993725
4	47	-2.9216085000007297
4	47	-2.240639750001719
4	47	-2.17038975000105
4	47	-2.1513584999993327
4	47	-1.7508584999995946
4	47	-1.287483500000235
4	47	-0.928984499998478
4	47	-0.5253594999994675
4	47	-0.49982824999824516
4	47	0.5987342500011437
4	47	0.6890779999994265
4	47	1.2618592500002705
4	48	-4.942419250000967
4	48	-4.938731750000443
4	48	-4.935638000002655
4	48	-4.476231750002626
4	48	-3.7777005000025383
4	48	-2.3276077499976964
4	48	-1.8514514999988023
4	48	-1.134201500000927
4	48	-1.0995139999977255
4	48	-1.070576499998424
4	48	-0.6181087500008289
4	48	-0.30379625000205124
4	48	-0.23432750000210945
4	48	0.31498499999725027
4	48	0.5335162499977741
4	48	1.2077662499978032
4	49	-5.973763500001951
4	49	-5.784044750002067
4	49	-5.748419750001631
4	49	-5.564201000001049
4	49	-5.559826000000612
4	49	-5.551794750001136
4	49	-5.358919750000496
4	49	-4.453294750001078
4	49	-3.5572009999996226
4	49	-3.1792644999986805
4	49	-3.119608249999146
4	49	-2.7343582499997865
4	49	-2.5313270000006014
4	49	-0.6999842500008526
4	49	-0.12685925000187126
4	49	1.8066709999984596
5	2	-5.518575750000309
5	2	-3.3004507500008913
5	3	-4.761576000000787
5	3	-3.8075134999999136
5	3	-2.2689832499963813
5	3	0.0387032500038913
5	4	-2.587826999999379
5	6	-5.512825750003685
5	6	-0.9019527500022377
5	6	-0.5072340000006079
5	7	-0.4722022499990999
5	7	-0.4622334999985469
5	8	-1.5785460000006424
5	8	-1.1290460000018356
5	8	-1.1107335000015155
5	8	-1.1028272500007006
5	11	-3.654826250000042
5	11	1.1768279999996594
5	13	-5.029919750002591
5	13	-2.245108250001067
5	13	-1.4713270000029297
5	14	-2.3062955000023067
5	14	-1.9718892500022775
5	14	-1.485920499999338
5	15	-3.305108000000473
5	15	0.07542225000361213
5	16	-2.157795500002976
5	16	0.1638909999965108
5	17	-3.4007637499998964
5	17	-2.9619512499994016
5	17	-2.7740449999982957
5	17	-2.448046000001341
5	17	0.1739530000013474
5	19	-2.563951250001992
5	20	0.06567274999906658
5	23	-3.812920500000473
5	23	-1.6333277500016266
5	23	-0.5713277500035474
5	25	0.09826600000087637
5	26	-5.776731250000012
5	26	-2.877669749999768
5	27	-5.964887750003982
5	27	-5.534044000003632
5	27	-1.905389750001632
5	27	-1.7119835000012245
5	27	1.9527654999947117
5	29	-2.3052019999995537
5	29	-1.9509520000028715
5	30	-1.6344524999985879
5	31	-2.411858250001387
5	31	-2.3539207499998156
5	31	-1.6805144999998447
5	31	-0.17235925000204588
5	33	-3.7965137499995762
5	34	-3.5603270000028715
5	34	-1.622670750002726
5	35	-2.3657959999982268
5	35	-2.0482334999978775
5	36	-3.495482499998616
5	36	-1.9086709999974119
5	37	-5.651012999998784
5	37	-5.161420249998628
5	37	-3.1750764999997045
5	38	-5.180200999999215
5	38	-5.160138499999448
5	38	-5.123982249999244
5	38	-4.144919749996916
5	38	-4.135075999998662
5	38	-2.3950457499995537
5	38	-1.65063949999967
5	39	-1.4114832500017656
5	39	-0.703264499999932
5	39	0.4184532500003115
5	40	-5.226606500000344
5	40	-4.301200249999965
5	40	-1.6186387499983539
5	40	1.4846405000025698
5	41	-5.372982000000775
5	41	-0.5449215000007825
5	42	1.0773272500009625
5	43	1.3319842500022787
5	44	-4.838138250001066
5	44	-4.614794500001153
5	44	-3.7483570000040345
5	44	-3.462544500001968
5	45	0.1707967500005907
5	45	0.25092175000099814
5	47	-5.045263749998412
5	47	-3.626451249998354
5	48	0.7720474999987346
5	48	0.7874537499992584
5	48	0.7978287499972794
5	49	-5.948701000001165
5	49	-5.555232250000699
5	49	-5.347107249999681
6	1	-4.133482750003168
6	1	-3.764670250002382
6	1	-3.594639000002644
6	1	-1.56373375000112
6	1	-1.5464212500010035
6	1	-0.12351600000329199
6	1	0.637171499998658
6	1	1.1048589999991236
6	1	1.7338589999963006
6	2	-3.57479450000028
6	2	-3.326732000001357
6	2	-2.462889250000444
6	2	-0.40651525000066613
6	2	0.8636722499977623
6	3	-4.3407010000009905
6	3	-3.8035759999984293
6	3	-2.9053894999960903
6	3	-2.3613894999980403
6	4	-3.515951999997924
6	4	-3.225983249998535
6	4	-2.57885824999903
6	4	-2.567045749998215
6	4	-2.197483249998186
6	4	-1.0032029999965744
6	4	0.9401407500045025
6	4	1.026328250001825
6	4	1.8327022500016028
6	5	-3.9791382500006875
6	5	-2.929983000001812
6	5	-2.4452642500000366
6	5	0.13267225000163307
6	6	-4.403482000001532
6	6	-2.940983000000415
6	6	-2.7757329999985814
6	6	-2.214951750000182
6	6	0.4670159999986936
6	7	-5.925731499999529
6	7	-4.228981500000373
6	7	-3.999450250001246
6	7	-2.1308262499987904
6	7	-1.5693887499983248
6	7	-1.5417012499965494
6	7	-1.0277959999984887
6	7	1.1809530000027735
6	8	-5.3603252499997325
6	8	-5.044293999999354
6	8	-4.901106500001333
6	8	-4.8674190000019735
6	8	-3.9924512500001583
6	8	-1.5690147500026796
6	8	1.1152967500020168
6	9	-5.012044500002958
6	9	-4.176013250002143
6	9	-3.479294500000833
6	9	-2.3357954999992216
6	9	-1.5625767499986978
6	9	0.2437659999995958
6	9	0.9575159999985772
6	9	1.283984749996307
6	10	-3.9743260000032024
6	10	-3.5857332500017947
6	10	-2.8993270000028133
6	10	-2.2026707500008342
6	10	-1.4235145000020566
6	10	-0.46667175000402494
6	10	0.8447344999985944
6	10	1.9643272499997693
6	11	-4.918637750004564
6	11	-4.444482500002778
6	11	-2.9562949999999546
6	11	-1.5959210000000894
6	11	-1.1527022500013118
6	11	-0.9783585000004678
6	11	-0.06567100000029313
6	11	0.8822342499988736
6	11	1.398921749998408
6	11	1.6615467499977967
6	11	1.7867342499994265
6	12	-4.1556075000007695
6	12	-4.05948250000074
6	12	-2.8599512500004494
6	12	-2.8323262500016426
6	12	-1.6888272500000312
6	12	-0.12182725000093342
6	12	0.9599529999977676
6	13	-5.751137499999459
6	13	-5.014357250001922
6	13	-4.133638500003144
6	13	-3.369951000004221
6	13	-2.815202000001591
6	13	-2.134202000001096
6	13	-1.7797332500013
6	13	-1.4823895000008633
6	13	-1.4473582499995246
6	13	-1.3585457500012126
6	13	-0.2864217500027735
6	13	-0.24473425000178395
6	13	0.6236094999985653
6	13	1.5902032499980123
6	14	-5.153075750000426
6	14	-4.168325749997166
6	14	-3.404295500000444
6	14	-2.5133892500016373
6	14	-0.4225777499996184
6	14	0.021109749999595806
6	14	0.6715160000021569
6	15	-4.047919499997079
6	15	-3.86201324999638
6	15	-3.74110699999801
6	15	-3.5576694999981555
6	15	-3.2822329999980866
6	15	-2.636608000000706
6	15	-0.32757774999845424
6	15	1.1639847500009637
6	16	-3.6174517500039656
6	16	-3.600545500004955
6	16	-3.587889250004082
6	16	-1.1125465000004624
6	16	-0.36067150000235415
6	16	0.14851599999747123
6	16	1.2020774999982677
6	16	1.4828899999993155
6	16	1.6682025000009162
6	16	1.7210774999985006
6	17	-4.986357499998121
6	17	-2.366858500001399
6	17	-2.3467647500001476
6	17	-1.6521710000015446
6	17	-0.04673449999972945
6	17	0.986203000000387
6	17	1.7967967500007944
6	17	1.8633279999994556
6	18	-5.468638499998633
6	18	-4.259763499998371
6	18	-3.998544749996654
6	18	-3.147545749998244
6	18	-2.5386394999986805
6	18	-1.7950457499973709
6	18	-0.289452999997593
6	18	1.0495470000023488
6	18	1.54185950000101
6	18	1.5928282500026398
6	19	-5.879293999998481
6	19	-4.146356500001275
6	19	-2.8717950000027486
6	19	-2.26670125000237
6	19	0.7123289999981353
6	19	1.1727654999995138
6	19	1.7884530000010272
6	20	-5.413950250000198
6	20	-5.395731500000693
6	20	-4.304669999997714
6	20	-2.5229199999994307
6	20	0.167485250000027
6	20	0.18745399999897927
6	20	0.19120399999883375
6	20	0.19367274999967776
6	21	-5.088513499998953
6	21	-4.175794749997294
6	21	-3.6934197499977017
6	21	-0.3999530000000959
6	21	0.07282825000220328
6	21	0.35126574999958393
6	22	-4.7363257500001055
6	22	-4.216763249998621
6	22	-4.109013249999407
6	22	-3.8468257499989704
6	22	-2.0137954999991052
6	22	-0.9637340000008408
6	22	1.1346722499984025
6	22	1.2142034999997122
6	22	1.6409837499995774
6	23	-5.59982575000322
6	23	-4.704794500001299
6	23	-4.619513250003365
6	23	-0.02264025000113179
6	23	0.011422249997849576
6	23	0.16926599999715108
6	23	0.5361722499983443
6	23	1.586139999999432
6	24	-5.894231750000472
6	24	-5.105950499997562
6	24	-3.7704514999968524
6	24	-2.432920249997551
6	24	-1.6956712499995774
6	24	-0.08110875000056694
6	24	0.718077750003431
6	25	-4.496169500001997
6	25	-3.648263250001037
6	25	-3.2269507499986503
6	25	-2.2374829999971553
6	25	-1.8111079999980575
6	25	-1.7649517499994545
6	25	-0.8147017499977665
6	25	0.13410975000078906
6	25	0.5263909999994212
6	25	0.6263597500001197
6	26	-5.730387499999779
6	26	-5.47148124999876
6	26	-5.411981249999371
6	26	-4.728607249999186
6	26	-2.8512947499984875
6	26	-2.117514499997924
6	26	-1.8614207499995246
6	26	-1.5874519999997574
6	26	0.2909220000001369
6	26	0.4932032500000787
6	26	1.5994844999986526
6	27	-5.241763750003884
6	27	-3.6305137500021374
6	27	-3.35263875000237
6	27	-2.3630772500000603
6	27	-2.071827250001661
6	27	-1.7212335000003804
6	27	-1.717077250003058
6	27	-0.48854600000049686
6	27	0.06614049999552662
6	27	0.10642174999520648
6	27	0.9775467499966908
6	27	1.224171749996458
6	27	1.5842967499957012
6	27	1.6285154999968654
6	28	-4.73257625000042
6	28	-4.4048887499993725
6	28	-0.8309210000006715
6	28	-0.7877022499997111
6	28	-0.2501095000006899
6	28	-0.23592199999984587
6	29	-4.8002010000018345
6	29	-4.471794750003028
6	29	-3.188419750003959
6	29	-2.7363895000016782
6	29	-1.9608270000026096
6	29	-1.8006707500026096
6	29	-1.3295457500025805
6	29	0.10673449999740114
6	29	0.9633594999977504
6	29	1.0332657499966444
6	29	1.0544844999967609
6	30	-5.98057549999794
6	30	-5.977731749997474
6	30	-4.655825499998173
6	30	-3.5231390000008105
6	30	-2.9263265000008687
6	30	-2.6412327500001993
6	30	-2.5484514999989187
6	30	0.8485465000012482
6	31	-5.9891999999999825
6	31	-5.9852937499999825
6	31	-5.548793750000186
6	31	-5.392607250003493
6	31	-4.558388500001456
6	31	-2.9101697500045702
6	31	-1.434139500001038
6	31	-0.2992342500037921
6	31	0.9971719999957713
6	32	-5.237263499999244
6	32	-4.8719510000009905
6	32	-4.785888500002329
6	32	-3.07910824999999
6	32	-2.3251082499991753
6	32	-2.2448582500001066
6	32	-1.6108894999997574
6	32	1.289484499997343
6	33	-5.6967939999995
6	33	-5.575012749999587
6	33	-5.189951249998558
6	33	-4.287107500000275
6	33	-3.7648887499999546
6	33	-3.657513750000362
6	33	-3.534982500001206
6	33	-3.461794999999256
6	33	-2.755514750002476
6	33	-2.6758272500010207
6	33	-2.3056085000025632
6	33	-0.8495147499997984
6	33	-0.2621407500009809
6	33	0.635265500000969
6	34	-3.363545750002231
6	34	-2.051327000004676
6	34	-1.810795750003308
6	34	-1.628733250003279
6	34	-1.612608250004996
6	34	-0.7940467500011437
6	34	0.4155469999968773
6	35	-3.4520762499960256
6	35	-2.5100772499972663
6	35	-1.533170999999129
6	35	-0.33767099999749917
6	35	0.03664050000224961
6	35	1.0899530000024242
6	35	1.5762030000041705
6	35	1.6785155000034138
6	36	-5.301826249997248
6	36	-4.978951249995589
6	36	-4.025076249996346
6	36	-3.1524199999985285
6	36	-2.0842334999979357
6	36	-1.9791709999990417
6	36	-1.9679522499973245
6	36	-1.948264749997179
6	36	-0.6220772499982559
6	36	-0.14042199999676086
6	36	1.2751092500038794
6	37	-5.433669250000094
6	37	-5.320576499998424
6	37	-4.676388999996561
6	37	-3.6371389999985695
6	37	-2.9263889999965613
6	37	-1.5382024999998976
6	37	-1.4507337499999267
6	37	-1.313014999999723
6	37	-0.12901599999895552
6	37	1.42357775000346
6	37	1.874327750003431
6	38	-3.958888499997556
6	38	-1.258358250001038
6	38	-0.8674832500000775
6	38	-0.5581707499986805
6	38	0.33832825000354205
6	38	1.3791720000008354
6	38	1.4714845000016794
6	38	1.5713907500030473
6	39	-5.899262499999168
6	39	-4.629107249998924
6	39	-4.594638499998837
6	39	-4.3978572499981965
6	39	-3.653888500000903
6	39	-3.6209510000007867
6	39	-2.690639500000543
6	39	-2.313858249999612
6	39	-1.3943895000011253
6	39	-1.3813270000027842
6	39	-0.7053895000026387
6	39	-0.020327999998698942
6	39	0.4153282500010391
6	40	-4.847075249999762
6	40	-2.8735137499970733
6	40	-2.737076249999518
6	40	-2.6649512499971024
6	40	-0.8843584999995073
6	40	-0.782046000000264
6	40	-0.6247335000007297
6	40	0.3111102500006382
6	40	0.8420477500003472
6	40	1.0952030000007653
6	41	-5.652856000004249
6	41	-4.698482000003423
6	41	-4.692482000002201
6	41	-4.6823570000015025
6	41	-4.222513250002521
6	41	-2.63970175000577
6	41	-2.6365767500028596
6	41	-2.0039830000023358
6	41	-1.0259517500053335
6	41	-0.68657675000577
6	42	-4.54376350000166
6	42	1.0410772499999439
6	42	1.1271710000000894
6	42	1.7466397499993036
6	43	-5.088326249999227
6	43	-3.1362012499957928
6	43	-2.9870137499965494
6	43	-1.3638897499986342
6	43	-0.7090459999999439
6	43	-0.6682022499990126
6	43	0.6889530000007653
6	44	-5.516512250003871
6	44	-5.305074750005588
6	44	-4.375857000002725
6	44	-3.4588570000014442
6	44	-1.4882017500058282
6	44	0.024359749997529434
6	44	0.4912347499957832
6	44	1.180453499997384
6	44	1.8017347499990137
6	45	-5.952075249999325
6	45	-4.70626374999847
6	45	-4.379013749996375
6	45	-2.6426084999948216
6	45	-1.6791084999968007
6	45	-1.562358499995753
6	45	-1.0473272499948507
6	45	-0.8356709999970917
6	45	1.2112655000019004
6	45	1.4764217500014638
6	46	-5.042013250000309
6	46	-4.656731999999465
6	46	-4.5229194999992615
6	46	-3.981607999998232
6	46	-0.8173590000005788
6	46	0.9267337500023132
6	47	-3.8645762499982084
6	47	-3.555013749999489
6	47	-2.22367099999974
6	47	-2.1723897500014573
6	47	-2.164733500001603
6	47	-1.9539522500017483
6	47	-1.8639834999994491
6	47	1.9055769999977201
6	48	-3.9239192500026547
6	48	-3.7093567500014615
6	48	-3.6426692500026547
6	48	-3.1145452499986277
6	48	-2.816482750000432
6	48	-2.4842639999988023
6	48	-2.4018264999976964
6	48	-2.3937952499982202
6	48	-1.4115139999994426
6	48	-0.2808275000024878
6	48	-0.22707749999972293
6	48	0.1754537499982689
6	48	0.19589124999765772
6	48	0.9277975000004517
6	49	-4.666919750001398
6	49	-4.6351072500001465
6	49	-3.66588849999971
6	49	-1.3485457499991753
6	49	-1.1933582499987097
6	49	-0.02235925000059069
7	1	-5.468763000000763
7	1	-4.348920250002266
7	1	-4.077264000003197
7	1	-3.622514000002411
7	1	-3.619295250002324
7	1	-3.547232750002877
7	1	-3.527295250001771
7	1	-3.409514000002673
7	1	-2.2534525000010035
7	1	-1.6493274999993446
7	1	-1.6353275000001304
7	1	-1.5084837499998685
7	1	-1.1815774999995483
7	1	-0.11139100000218605
7	1	0.31354649999775575
7	1	0.720233999996708
7	2	-5.608169499999349
7	2	-5.512669499999902
7	2	-5.416575750001357
7	2	-4.950575750001008
7	2	-3.292919499999698
7	2	-2.4602955000009388
7	2	-2.307264250001026
7	2	-2.216982999998436
7	2	-2.023826749998989
7	2	-1.7124517499978538
7	2	-1.6896704999999201
7	2	-1.5034517499989306
7	2	-0.7872329999991052
7	2	-0.07698400000299443
7	2	0.676047249999101
7	2	1.6385784999984025
7	3	-5.352357249998022
7	3	-5.032982249998895
7	3	-4.84295099999872
7	3	-3.979513499998575
7	3	-3.895763500000612
7	3	-3.8822322499981965
7	3	-3.794201000000612
7	3	-3.5613259999990987
7	3	-3.4050759999990987
7	3	-2.3069207499975164
7	3	-2.291983249997429
7	3	-1.7230457499972545
7	3	-1.2882957499969052
7	3	0.1942657500039786
7	3	0.3799220000037167
7	3	1.218359500002407
7	4	-3.92966974999581
7	4	-3.9210759999950824
7	4	-3.912075999996887
7	4	-2.23267074999967
7	4	-2.194514499999059
7	4	-2.0738894999994955
7	4	-1.926733249998506
7	4	-0.887109249997593
7	4	-0.1901404999953229
7	4	-0.18298424999738927
7	4	-0.17632799999773852
7	4	-0.13335924999773852
7	4	-0.10435924999546842
7	4	0.9328282500027854
7	4	1.7351397500024177
7	5	-5.941450750000513
7	5	-5.354263249999349
7	5	-4.227450750000571
7	5	-3.338014250002743
7	5	-3.0272955000000366
7	5	-2.489295499999571
7	5	-2.482920500002365
7	5	-2.431014249999862
7	5	-2.161076750002394
7	5	-1.722358000002714
7	5	-1.6609517500000948
7	5	-1.3143267500017828
7	5	-1.1091715000002296
7	5	-0.6354527500006952
7	5	-0.2952340000010736
7	6	-5.86941950000255
7	6	-5.51516950000223
7	6	-4.009107000001677
7	6	-2.787420500000735
7	6	-2.6482017499984067
7	6	-2.220889249998436
7	6	-2.2047955000016373
7	6	-2.1829517500009388
7	6	-2.174639249999018
7	6	-0.17757775000063702
7	6	0.9767972499976167
7	6	1.0857649999998102
7	7	-4.935637750000751
7	7	-4.740481500000897
7	7	-4.647168999999849
7	7	-3.671607499996753
7	7	-3.665419999997539
7	7	-1.7388887499982957
7	7	-0.93088975000137
7	7	-0.9109209999987797
7	7	-0.4599210000014864
7	7	1.558359250000649
7	8	-5.50295025000014
7	8	-5.313731500002177
7	8	-4.970169000000169
7	8	-4.434326250000595
7	8	-2.772232499999518
7	8	-2.299138750000566
7	8	-1.743296000000555
7	8	-1.5748897500016028
7	8	-1.1882647500024177
7	8	-1.0149522499996237
7	8	0.8490467500014347
7	8	1.850515500002075
7	9	-5.1475132500017935
7	9	-4.1567632500009495
7	9	-4.05282575000092
7	9	-3.9748257500032196
7	9	-3.5613570000023174
7	9	-2.498764250001841
7	9	-1.7682642500003567
7	9	-1.6620767499989597
7	9	-1.5922329999993963
7	9	-0.7198580000003858
7	9	0.07195349999892642
7	9	0.40510974999779137
7	9	0.49626599999828613
7	9	1.8015159999995376
7	10	-5.040826000004017
7	10	-4.611857250001776
7	10	-2.9663895000012417
7	10	-2.777389500002755
7	10	-2.630358250000427
7	10	-1.7928895000004559
7	10	-1.7243895000028715
7	10	-1.7129520000016782
7	10	-1.3215144999994664
7	10	-1.2679530000023078
7	10	-0.8660155000034138
7	10	-0.540171750002628
7	10	-0.4741405000022496
7	10	-0.3567342500027735
7	10	0.41914074999658624
7	10	1.3587022499996237
7	11	-2.217545000003156
7	11	-2.1187012500013225
7	11	-0.19301474999883794
7	11	0.617890499997884
7	11	1.172359249998408
7	12	-2.3360137500021665
7	12	-2.267888750000566
7	12	-1.8387647499985178
7	12	-1.8290459999989253
7	12	-1.7391397499995946
7	12	-0.8082647500013991
7	12	-0.7862334999990708
7	12	-0.5759834999989835
7	12	0.6926717499991355
7	12	1.6674217499967199
7	13	-5.651043750000099
7	13	-4.632044750003843
7	13	-4.581076000002213
7	13	-4.241044750004221
7	13	-2.8112332500022603
7	13	-2.564608250002493
7	13	-2.202420749999874
7	13	-1.7653270000009798
7	13	-1.6707957500002522
7	13	-1.4848582500017073
7	13	-1.430452000000514
7	13	-1.0137332500016782
7	13	-0.4368905000046652
7	13	0.7914219999984198
7	13	0.8289219999969646
7	13	0.9311094999975467
7	14	-5.045888249998825
7	14	-4.757888249998359
7	14	-4.589669499997399
7	14	-4.394231999998738
7	14	-4.278669499999523
7	14	-4.0811069999981555
7	14	-3.7942944999995234
7	14	-3.3993267500009097
7	14	-3.3857642500006477
7	14	1.5427337500004796
7	14	1.8330150000001595
7	15	-5.895106999996642
7	15	-5.360106999996788
7	15	-3.8750132499990286
7	15	-3.5863257499986503
7	15	-3.5793569999987085
7	15	-3.5425757499979227
7	15	-3.384670499999629
7	15	-2.655139250000502
7	15	-2.1402642499997455
7	15	-0.9729527499985124
7	15	0.15364100000078906
7	15	0.16001600000163307
7	15	1.144484750002448
7	16	-5.746450750000804
7	16	-4.618107000002055
7	16	-4.1026392500025395
7	16	-3.5277955000019574
7	16	-3.406451750004635
7	16	-3.216701750003267
7	16	0.1935472499972093
7	16	0.5007034999980533
7	16	1.2307650000002468
7	16	1.4599525000012363
7	16	1.9561712499998976
7	17	-5.943544000001566
7	17	-4.177482499999314
7	17	-4.119794999998703
7	17	-3.8219512499999837
7	17	-2.510171000001719
7	17	-2.0323897500020394
7	17	-1.3789209999995364
7	17	-0.7003272500005551
7	17	0.20317174999945564
7	18	-5.374544749996858
7	18	-5.170794749996276
7	18	-4.019450999996479
7	18	-4.016325999997207
7	18	-4.008857249995344
7	18	-3.9045134999978472
7	18	-3.6656384999987495
7	18	-3.1204832500006887
7	18	-3.102327000000514
7	18	-2.8779832500003977
7	18	-2.609701999997924
7	18	-2.1375457499998447
7	18	-1.8677957500003686
7	18	-1.7618894999977783
7	18	-1.684545749998506
7	18	0.8896407500033092
7	18	1.949796000000788
7	19	-5.0890440000002855
7	19	-2.1920137500019337
7	19	-2.1838575000037963
7	19	-2.168201250002312
7	19	-1.1373272500022722
7	19	-0.014733500000147615
7	19	1.3193280000014056
7	19	1.903859250000096
7	20	-3.9648262499977136
7	20	-3.4194824999976845
7	20	-1.2136084999983723
7	20	-1.0769522500013409
7	20	0.21370400000159862
7	20	0.7248905000014929
7	20	1.9922967500024242
7	21	-5.808513500000117
7	21	-5.449544749997585
7	21	-4.8776072500004375
7	21	-2.2504832500017073
7	21	-0.33685924999736017
7	21	-0.055609249997360166
7	21	0.2081407500008936
7	21	0.5184845000003406
7	22	-5.896700749999582
7	22	-5.434575750001386
7	22	-4.528356999999232
7	22	-2.3305454999972426
7	22	-2.179482999999891
7	22	-1.5722954999982903
7	22	-1.301076749998174
7	22	-0.9791402500013646
7	22	-0.9713589999992109
7	22	-0.34576525000011316
7	22	-0.33648399999947287
7	22	0.43926599999758764
7	23	-4.58157575000223
7	23	-4.509825750003074
7	23	-3.8846080000002985
7	23	-3.8797955000009097
7	23	-3.871389250001812
7	23	-3.7827642500014917
7	23	-3.7287954999992508
7	23	-3.5489517499991052
7	23	-2.6510454999988724
7	23	-2.0870142499989015
7	23	-1.5062965000033728
7	23	-0.38035900000249967
7	23	-0.01129650000075344
7	23	-0.006609000003663823
7	23	0.23445349999747123
7	23	0.2796097499995085
7	23	0.4288597499980824
7	23	1.133233749998908
7	23	1.3086712500007707
7	23	1.9534837499995774
7	24	-5.9259504999972705
7	24	-4.736107749999064
7	24	-4.256701499998599
7	24	-3.269888999995601
7	24	-2.203546249998908
7	24	-0.5029524999990826
7	24	-0.1527337500010617
7	24	0.7986090000013064
7	25	-4.239138249999087
7	25	-1.7830767499981448
7	25	-0.8127329999988433
7	25	-0.8001704999987851
7	25	0.13757849999819882
7	26	-5.404137499997887
7	26	-5.139982249998866
7	26	-4.883232250002038
7	26	-4.432763500000874
7	26	-4.384107249999943
7	26	-2.830794749999768
7	26	-2.6298269999970216
7	26	-2.3022957499997574
7	26	-1.839045749999059
7	26	0.5499532499998168
7	27	-5.826012750003429
7	27	-4.917170000004262
7	27	-3.8498887500027195
7	27	-2.9616387500027486
7	27	-2.514452250001341
7	27	0.13504674999785493
7	27	0.5220154999951774
7	27	0.9700467499969818
7	28	-5.794887749998452
7	28	-5.150388750000275
7	28	-4.825763750002807
7	28	-4.030795000002399
7	28	-4.019263750000391
7	28	-3.964545000002545
7	28	-3.250138750001497
7	28	-2.4922022499995364
7	28	-2.468733499998052
7	28	-1.6037647499979357
7	28	-1.3713585000004969
7	28	-0.23201574999984587
7	28	-0.035203250001359265
7	28	0.06089049999718554
7	28	0.4177342499970109
7	28	0.46739049999814597
7	28	1.988108249999641
7	29	-5.627418750002107
7	29	-5.598450000001321
7	29	-5.250169750001078
7	29	-4.809263500002999
7	29	-3.662826000003406
7	29	-3.4807322500018927
7	29	-3.4718885000038426
7	29	-2.7340457499994955
7	29	-2.367858249999699
7	29	-2.289420749999408
7	29	-2.186389500002406
7	29	-1.3368270000028133
7	29	-0.006671750004898058
7	29	0.031546999995043734
7	29	0.11270324999713921
7	29	0.4375782499955676
7	29	1.0462344999978086
7	29	1.0581719999972847
7	29	1.0616094999968482
7	29	1.0653282499952184
7	30	-5.9696379999986675
7	30	-5.729981749998842
7	30	-5.087106749997474
7	30	-4.4691702499985695
7	30	-4.4407014999997045
7	30	-4.269107749998511
7	30	-3.483389000000898
7	30	-3.4346389999991516
7	30	-2.58929524999985
7	30	-1.6497337499968125
7	30	-1.6258587499978603
7	30	-1.567858749996958
7	30	-1.4066087499995774
7	30	-0.9798274999993737
7	30	1.0907652499990945
7	30	1.3507027499981632
7	30	1.3551402499979304
7	30	1.3706402499992691
7	30	1.3874214999996184
7	31	-5.540918750000856
7	31	-4.32501350000166
7	31	-4.288107250002213
7	31	-4.24201350000294
7	31	-3.750513500002853
7	31	-2.342858250001882
7	31	-1.4994520000000193
7	31	-1.4441707500009215
7	31	-0.6541395000022021
7	31	-0.17679675000181305
7	31	0.8965782499981287
7	32	-5.502513499999623
7	32	-4.56329475000166
7	32	-2.8912332500003686
7	32	-1.7423894999992626
7	32	-1.641483249997691
7	32	-0.9578592500001832
7	32	-0.9518592500025989
7	32	-0.4315779999997176
7	32	-0.20929674999933923
7	32	0.16070324999964214
7	32	0.34195324999745935
7	32	0.4313907499999914
7	32	1.8659834999998566
7	33	-3.834326249998412
7	33	-2.8297022500009916
7	33	-2.2166397500004678
7	33	-1.8601085000009334
7	33	1.7217654999985825
7	34	-5.4415447500032315
7	34	-5.271138500000234
7	34	-3.862451000000874
7	34	-3.541358250004123
7	34	-3.347889500004385
7	34	-2.1731082500045886
7	34	-2.1252020000029006
7	34	-2.09388950000357
7	34	-2.0552645000025223
7	34	-1.9594520000027842
7	34	-1.7466082500031916
7	34	-1.6341707500032499
7	34	-1.602514500002144
7	34	-1.1687020000026678
7	34	-0.9240467500021623
7	34	0.04929699999775039
7	34	1.6551084999955492
7	35	-5.53541899999982
7	35	-5.0015137499976845
7	35	-4.119513749996258
7	35	-3.9017949999979464
7	35	-3.5072637499979464
7	35	-3.449013749996084
7	35	-3.2659199999980046
7	35	-3.184544999996433
7	35	-3.1633262499963166
7	35	-3.1341074999982084
7	35	-2.460827250000875
7	35	-1.5202022499979648
7	35	-0.5760147500004678
7	35	-0.3106084999999439
7	35	0.03904675000376301
7	35	0.5552342500013765
7	35	0.8187342500023078
7	35	0.8686717500022496
7	35	1.0592655000036757
7	35	1.4288905000030354
7	35	1.5295467500036466
7	36	-5.990481499997259
7	36	-5.18282624999847
7	36	-4.261107499998616
7	36	-3.684419999997772
7	36	-3.1376074999971024
7	36	-2.373733500000526
7	36	-2.2479522499997984
7	36	-0.525358499999129
7	36	0.23804675000428688
7	36	0.9263592500028608
7	36	1.1901405000025989
7	36	1.6218592500044906
7	36	1.7640467500023078
7	37	-5.957294249998085
7	37	-5.471231749997969
7	37	-5.443263000001025
7	37	-4.761545249999472
7	37	-4.285920249996707
7	37	-4.282138999999006
7	37	-4.227388999999675
7	37	-4.219732749996183
7	37	-2.1651400000009744
7	37	-2.1101400000006834
7	37	-1.3920462499991118
7	37	-1.14167124999949
7	37	-0.08173474999784958
7	37	0.07135900000139372
7	37	0.3476090000003751
7	38	-5.712293749998935
7	38	-5.084513499998138
7	38	-4.908982249999099
7	38	-4.601575999997294
7	38	-4.093638499998633
7	38	-2.419764499998564
7	38	-0.7863582499994664
7	38	-0.4662644999989425
7	38	-0.3289519999998447
7	38	0.3822657500022615
7	38	0.5351407500020287
7	39	-5.889325000000099
7	39	-5.714293749999342
7	39	-5.56126249999943
7	39	-5.549387499999284
7	39	-4.0980759999984
7	39	-3.128888499999448
7	39	-2.578389500002231
7	39	-2.1747332500017365
7	39	-1.0848582500002522
7	39	-0.7112332500000775
7	39	0.4222970000009809
7	40	-5.7214502499991795
7	40	-3.7091387500004203
7	40	-3.1267012499993143
7	40	-2.5669825000004494
7	40	-2.2204512499993143
7	40	-1.480546000002505
7	40	-1.1277335000013409
7	40	0.5198915000000852
7	40	0.6026727499993285
7	40	0.7450477499987755
7	40	1.4286092500005907
7	40	1.5586092500016093
7	40	1.6823280000025989
7	41	-5.654824750003172
7	41	-5.219013250003627
7	41	-3.81307575000028
7	41	-2.0989205000041693
7	41	-0.11595275000217953
7	41	-0.06520275000366382
7	41	0.25185974999840255
7	41	0.4167972499963071
7	41	0.5206409999991592
7	41	0.8119534999968891
7	41	1.0040784999982861
7	41	1.7859534999988682
7	41	1.9603899999965506
7	42	-5.976794750000408
7	42	-4.519482250001602
7	42	-3.586577000001853
7	42	-2.9464207500022894
7	42	-2.4079832500028715
7	42	-2.1147957500033954
7	42	-2.077139500004705
7	42	-1.8061082500025805
7	42	-1.2472967499998049
7	42	-1.2363592500005325
7	42	-1.0972030000011728
7	42	-0.3247655000013765
7	42	-0.3035154999997758
7	42	0.4720782499971392
7	42	0.6910772500013991
7	42	0.8334209999993618
7	42	0.8541084999997111
7	42	0.8730772500020976
7	42	1.1217959999994491
7	42	1.125483499999973
7	43	-5.551669000000402
7	43	-5.029919999997219
7	43	-4.079576249998354
7	43	-3.779544999997597
7	43	-3.1327949999977136
7	43	-1.8969209999995655
7	43	-1.3699835000006715
7	43	0.2637967500013474
7	43	1.0321092500016675
7	44	-4.785732000003918
7	44	-3.544138250003016
7	44	-3.4509820000021136
7	44	-1.348264250005741
7	44	-1.0905767500044021
7	44	-0.3172340000019176
7	44	-0.0399840000027325
7	45	-4.235013749996142
7	45	-3.0188584999959858
7	45	-2.8813897499967425
7	45	-0.23014074999809964
7	45	-0.09032824999667355
7	45	1.4379217500027153
7	45	1.9976395000048797
7	46	-5.72298199999932
7	46	-4.334825750000164
7	46	-1.9333267500005604
7	46	-1.5652652499993565
7	46	-1.0651402500006952
7	46	-0.5450777500009281
7	46	-0.3733902500025579
7	46	1.4292024999995192
7	47	-5.898701250000158
7	47	-3.9690137500001583
7	47	-2.381858500000817
7	47	-2.289639750000788
7	47	-2.1475147500023013
7	47	-2.0799834999997984
7	47	-1.6037335000000894
7	47	-1.248952250000002
7	47	-1.145639750000555
7	47	1.850358249997953
7	48	-5.820231749999948
7	48	-5.412419250002131
7	48	-3.6471692500017525
7	48	-3.6339817500011122
7	48	-2.8207952499979
7	48	-2.3697952500006068
7	48	-2.2480765000000247
7	48	-1.369826499998453
7	48	-1.1602639999982785
7	48	-0.41467125000053784
7	48	-0.10942125000292435
7	48	0.6190787499981525
7	49	-5.8772947500001465
7	49	-4.965201000002708
7	49	-3.0182957500001066
7	49	-1.7429832499983604
7	49	1.642233499998838
8	1	-5.7252942499981145
8	1	-5.179920250000578
8	1	-4.885732750000898
8	1	-4.871920250003313
8	1	-4.78729525000017
8	1	-4.5099827500016545
8	1	-4.431732750002993
8	1	-4.381451500001276
8	1	-4.297889000001305
8	1	-4.064514000001509
8	1	-3.959045250001509
8	1	-3.743170250003459
8	1	-3.649514000000636
8	1	-3.6226390000010724
8	1	-3.6036390000008396
8	1	-3.5928265000002284
8	1	-3.013639000000694
8	1	-2.9119524999987334
8	1	-2.7864525000004505
8	1	-2.4174212500001886
8	1	-2.379921250001644
8	1	-2.32154625000112
8	1	-2.284046249998937
8	1	-2.224733750001178
8	1	-2.1974212499990244
8	1	-2.185452500001702
8	1	-2.1686399999998685
8	1	-2.1477650000015274
8	1	-1.9527337500003341
8	1	-1.9192962499982968
8	1	-1.8540775000001304
8	1	-1.8341087500011781
8	1	-1.7452962499992282
8	1	-1.6921087500013527
8	1	-1.6695462499992573
8	1	-1.62335874999917
8	1	-1.6155150000013236
8	1	-1.5824212500010617
8	1	-1.5516400000014983
8	1	-1.5287649999991118
8	1	-1.5071712499993737
8	1	-1.4708275000011781
8	1	-1.431546250001702
8	1	-1.3928274999998393
8	1	-1.1884837500001595
8	1	-1.1792337500010035
8	1	-1.0930149999985588
8	1	-0.661702500001411
8	1	-0.6321712499993737
8	1	-0.6065462500009744
8	1	-0.5991399999984424
8	1	-0.30745350000142935
8	1	-0.28170350000073086
8	1	-0.18145350000122562
8	1	0.10345274999781395
8	1	0.16526524999790126
8	1	0.1960464999974647
8	1	0.20648399999845424
8	1	0.23485899999650428
8	1	0.35360899999795947
8	1	0.36195274999772664
8	1	0.36507774999699905
8	1	0.36995274999935646
8	1	0.39082774999769754
8	1	0.8425777499978722
8	1	0.8729527499963297
8	1	0.9477339999975811
8	1	1.0445152499996766
8	1	1.046608999997261
8	1	1.2500152499997057
8	1	1.5657964999991236
8	1	1.6053277499995602
8	1	1.6430152499997348
8	1	1.6544214999994438
8	1	1.700077749999764
8	2	-5.832418499998312
8	2	-5.794699750000291
8	2	-5.776355999998486
8	2	-5.695543499998166
8	2	-5.627888250000979
8	2	-5.61013825000191
8	2	-5.5800757500001055
8	2	-5.567825750000338
8	2	-5.5136695000001055
8	2	-5.425482000002376
8	2	-5.30648199999996
8	2	-5.263388250001299
8	2	-5.243919500000629
8	2	-5.157419499999378
8	2	-5.130794500000775
8	2	-5.105138250000891
8	2	-5.077825750002376
8	2	-5.059513250002055
8	2	-4.972638250001182
8	2	-4.957263250002143
8	2	-4.835450750000746
8	2	-4.563357000002725
8	2	-4.513388250001299
8	2	-4.281982000000426
8	2	-4.211638250002579
8	2	-4.199638250000135
8	2	-3.702857000000222
8	2	-3.6732320000010077
8	2	-3.6625445000026957
8	2	-3.431388249999145
8	2	-3.38235700000223
8	2	-3.3253257500000473
8	2	-3.287263250000251
8	2	-2.9572955000003276
8	2	-2.785982999997941
8	2	-2.7430454999994254
8	2	-2.6944517499978247
8	2	-2.6490142500006186
8	2	-2.63992049999797
8	2	-2.6340767500005313
8	2	-2.6177329999991343
8	2	-2.5872954999977082
8	2	-2.540076749999571
8	2	-2.508951749998232
8	2	-2.4937642500008224
8	2	-2.4729205000003276
8	2	-2.4395142499997746
8	2	-2.4260142499988433
8	2	-2.0127954999989015
8	2	-1.9641080000001239
8	2	-1.9301392499983194
8	2	-1.8984830000008515
8	2	-1.7238267499997164
8	2	-1.672889249999571
8	2	-1.5527017499989597
8	2	-1.5058267499989597
8	2	-1.4625142500008224
8	2	-1.4182330000003276
8	2	-1.3949829999983194
8	2	-1.3684517500005313
8	2	-1.349608000000444
8	2	-1.3232642500006477
8	2	-1.2775142499995127
8	2	-1.2117954999994254
8	2	-1.1989204999990761
8	2	-0.9892954999995709
8	2	-0.9707329999982903
8	2	-0.9220142499980284
8	2	-0.8149205000008806
8	2	-0.7741705000007642
8	2	-0.6660454999982903
8	2	-0.556171500000346
8	2	-0.46629650000249967
8	2	-0.4454839999998512
8	2	-0.42635900000095717
8	2	-0.36920275000011316
8	2	0.0913597500002652
8	2	0.1929222500002652
8	2	0.2763597499979369
8	2	0.28482850000000326
8	2	0.3391097499988973
8	2	0.35123475000000326
8	2	0.3998909999972966
8	2	0.4180159999996249
8	2	0.7415472499997122
8	2	0.7795159999986936
8	2	0.8005159999993339
8	2	0.8200159999978496
8	2	0.893453499997122
8	2	0.8993909999990137
8	2	0.9029847499987227
8	2	0.9877034999990428
8	2	1.0416409999997995
8	2	1.0959535000001779
8	2	1.1975784999995085
8	2	1.241515999998228
8	2	1.2622347500000615
8	2	1.280172249997122
8	2	1.4532347499989555
8	2	1.7121409999999742
8	2	1.9773275000006834
8	3	-5.9896062499974505
8	3	-5.328294750001078
8	3	-5.270950999998604
8	3	-5.110888499999419
8	3	-4.991732250000496
8	3	-4.888326000000234
8	3	-4.692888499997935
8	3	-4.524794749999273
8	3	-4.5118572499995935
8	3	-4.459169750000001
8	3	-4.40166975000102
8	3	-4.301825999998982
8	3	-4.246607249999215
8	3	-4.073107249998429
8	3	-4.037794749998284
8	3	-4.005607250001049
8	3	-3.9937947500002338
8	3	-3.8493259999995644
8	3	-3.8203260000009323
8	3	-3.8099822500007576
8	3	-3.795513500001107
8	3	-3.79191974999776
8	3	-3.565857249999681
8	3	-3.196264499998506
8	3	-3.1536707499981276
8	3	-2.9159832499972254
8	3	-2.896608249997371
8	3	-2.885826999998244
8	3	-2.883889499997167
8	3	-2.721670749997429
8	3	-2.6708269999980985
8	3	-2.6494207499963522
8	3	-2.6035144999987097
8	3	-2.597076999998535
8	3	-2.511545749996003
8	3	-2.464983249996294
8	3	-2.415951999999379
8	3	-2.323639499998535
8	3	-2.264920749996236
8	3	-2.261451999998826
8	3	-2.2239519999966433
8	3	-2.1694832499961194
8	3	-2.0988582499994664
8	3	-2.053295749996323
8	3	-2.026639499996236
8	3	-2.0053269999989425
8	3	-1.9734832499962067
8	3	-1.9669519999988552
8	3	-1.93701449999935
8	3	-1.8959519999989425
8	3	-1.8875457499962067
8	3	-1.8600144999982149
8	3	-1.8014207499982149
8	3	-1.7453269999969052
8	3	-1.730608249996294
8	3	-1.6678269999974873
8	3	-1.624108249998244
8	3	-1.5454207499969925
8	3	-1.5411082499995246
8	3	-1.309764499997982
8	3	-0.9562019999975746
8	3	-0.9332957499973418
8	3	-0.7642332499963231
8	3	-0.6944842499942752
8	3	-0.5754217499961669
8	3	-0.4238904999947408
8	3	-0.373640499994508
8	3	-0.21635924999645795
8	3	-0.1144217499968363
8	3	-0.05595299999549752
8	3	0.03626575000453158
8	3	0.3152657500031637
8	3	0.4339845000031346
8	3	0.5711095000042405
8	3	0.6187657500049681
8	3	0.6775782500044443
8	3	1.1414532500057248
8	3	1.2045470000048226
8	3	1.2093282500027271
8	3	1.3929845000056957
8	3	1.4490782500033674
8	3	1.4608282500048517
8	3	1.4932657500030473
8	3	1.5417345000023488
8	3	1.5727345000050263
8	3	1.6191095000031055
8	3	1.7108282500048517
8	3	1.7612970000045607
8	4	-5.991482249995897
8	4	-5.966669749996072
8	4	-5.951544749997993
8	4	-5.925013499996567
8	4	-5.899169749995053
8	4	-5.869263499997032
8	4	-5.864950999995926
8	4	-5.858357249995606
8	4	-5.826388499997847
8	4	-5.803482249997614
8	4	-5.747419749997789
8	4	-5.636513499997818
8	4	-5.569232249996276
8	4	-5.548857249996217
8	4	-5.43210724999517
8	4	-5.326169749994733
8	4	-5.2134197499945
8	4	-5.184325999995053
8	4	-5.16423224999744
8	4	-5.0442322499948204
8	4	-5.037200999995548
8	4	-5.005669749996741
8	4	-4.971107249995839
8	4	-4.856044749994908
8	4	-4.788263499995082
8	4	-4.743075999995199
8	4	-4.621357249994617
8	4	-4.57707599999776
8	4	-4.542325999995228
8	4	-4.460482249996858
8	4	-4.444763499996043
8	4	-4.421357249997527
8	4	-4.327107249995606
8	4	-4.304950999994617
8	4	-4.280732249997527
8	4	-4.223763499994675
8	4	-4.157263499997498
8	4	-3.9868572499945003
8	4	-3.957325999996101
8	4	-3.9448259999953734
8	4	-3.9257009999964794
8	4	-3.9162634999956936
8	4	-3.5240144999988843
8	4	-3.521014499998273
8	4	-3.515233249996527
8	4	-3.3595769999992626
8	4	-2.879983249997167
8	4	-2.6090769999973418
8	4	-2.56860824999967
8	4	-2.4920769999989716
8	4	-2.412858249997953
8	4	-2.3777332499994372
8	4	-2.348608249998506
8	4	-2.33423324999967
8	4	-2.303170749997662
8	4	-2.273076999998011
8	4	-2.262795749997167
8	4	-2.252389499997662
8	4	-2.2332332499972836
8	4	-2.201108249999379
8	4	-2.075701999998273
8	4	-2.065514499998244
8	4	-2.0357019999974
8	4	-1.9844832499984477
8	4	-1.929733249999117
8	4	-1.9157644999977492
8	4	-1.9070144999968761
8	4	-1.855295749999641
8	4	-1.8352644999977201
8	4	-1.722889499997109
8	4	-1.6675457499986805
8	4	-1.6443894999974873
8	4	-1.5594207499998447
8	4	-1.53345199999967
8	4	-1.449139499996818
8	4	-1.4394207499972254
8	4	-1.414920749997691
8	4	-1.3845769999970798
8	4	-1.3468894999969052
8	4	-1.2995144999986223
8	4	-1.2167644999972254
8	4	-1.1873582499974873
8	4	-1.1146092499948281
8	4	-1.0804842499965162
8	4	-1.0711717499980296
8	4	-1.0452654999971855
8	4	-0.9659217499975057
8	4	-0.9178904999971564
8	4	-0.8475467499956721
8	4	-0.812484249996487
8	4	-0.8054529999972146
8	4	-0.779171749996749
8	4	-0.7386404999961087
8	4	-0.7047029999957886
8	4	-0.6789217499972438
8	4	-0.6621092499954102
8	4	-0.5887654999969527
8	4	-0.2981092499976512
8	4	-0.25692174999494455
8	4	-0.21479674999500276
8	4	-0.19517174999782583
8	4	-0.1886404999968363
8	4	0.21432825000374578
8	4	0.3542970000016794
8	4	0.46742200000517187
8	4	0.5451095000025816
8	4	0.6749220000019704
8	4	0.7402970000039204
8	4	1.050797000003513
8	4	1.1746095000016794
8	4	1.2041095000022324
8	4	1.2876095000028727
8	4	1.4977335000003222
8	4	1.5407335000018065
8	4	1.5556085000025632
8	4	1.5750460000017483
8	4	1.6149834999996528
8	4	1.6479522500012536
8	4	1.7406397500017192
8	4	1.7792960000006133
8	4	1.8245147500019812
8	4	1.9032960000004095
8	4	1.9216085000007297
8	4	1.9562335000009625
8	4	1.9600147500023013
8	4	1.9758585000017774
8	4	1.996483500002796
8	5	-5.949138249998214
8	5	-5.46785699999964
8	5	-5.4018257499992615
8	5	-5.273356999998214
8	5	-5.2228570000006584
8	5	-5.180044500000804
8	5	-5.155700749997777
8	5	-4.574888249997457
8	5	-4.51063824999801
8	5	-4.329575749998185
8	5	-4.061232000000018
8	5	-4.031231999997544
8	5	-3.908544499998243
8	5	-3.707420500002627
8	5	-3.614014250000764
8	5	-3.3240455000013753
8	5	-3.1849830000028305
8	5	-3.163358000001608
8	5	-3.038670500001899
8	5	-2.8149205000008806
8	5	-2.7250767500008806
8	5	-2.627045500001259
8	5	-2.49576425000123
8	5	-2.316201749999891
8	5	-2.1870455000025686
8	5	-2.1590767500019865
8	5	-2.137233000001288
8	5	-1.909326749999309
8	5	-1.2250152499982505
8	5	-1.197921499999211
8	5	-1.177890250000928
8	5	-1.1344527500004915
8	5	-0.8028589999994438
8	5	-0.7200777500002005
8	5	-0.5614527500001714
8	5	-0.22542149999935646
8	5	-0.20364024999798858
8	5	-0.17376524999781395
8	5	-0.16839025000081165
8	5	-0.06310899999880348
8	5	-0.058890249998512445
8	5	-0.030702749998454237
8	5	0.15417225000055623
8	5	0.23882850000154576
8	5	0.32470350000221515
8	5	0.6475160000009055
8	5	0.658266000002186
8	5	0.67079725000076
8	5	0.6992035000002943
8	5	0.7044847500001197
8	5	0.7797035000003234
8	5	1.0696097500003816
8	5	1.3590149999981804
8	5	1.4072649999980058
8	5	1.7287024999968708
8	5	1.994858750000276
8	6	-5.780232000000979
8	6	-5.75076325000191
8	6	-5.71560700000191
8	6	-5.703013250000367
8	6	-5.523669500002143
8	6	-5.515763250001328
8	6	-5.354700750001939
8	6	-5.346763250003278
8	6	-5.2604820000015025
8	6	-5.092669500001648
8	6	-5.028075750000426
8	6	-4.995607000000746
8	6	-4.941294500000367
8	6	-4.80276325000159
8	6	-4.746513250000135
8	6	-4.676107000002958
8	6	-4.656857000001764
8	6	-4.631732000001648
8	6	-4.610450750002201
8	6	-4.542482000000746
8	6	-4.520669500001532
8	6	-4.412982000001648
8	6	-4.33523200000127
8	6	-4.325607000002492
8	6	-4.259919500000251
8	6	-4.06960700000127
8	6	-3.770639250000386
8	6	-3.290483000000677
8	6	-3.16129550000187
8	6	-3.0498267500006477
8	6	-3.0129830000005313
8	6	-2.9070142499986105
8	6	-2.765639249999367
8	6	-2.743951749998814
8	6	-2.66085799999928
8	6	-2.617076750000706
8	6	-2.3859517499986396
8	6	-2.3836704999994254
8	6	-2.348982999999862
8	6	-2.238795500001288
8	6	-2.2267017500016664
8	6	-2.2163267500000075
8	6	-2.2115142500006186
8	6	-2.2087329999994836
8	6	-1.939357999999629
8	6	-1.2510465000013937
8	6	-1.1814215000013064
8	6	-1.1167965000022377
8	6	-1.090609000002587
8	6	-1.05370275000314
8	6	-0.8705465000020922
8	6	-0.8327027500017721
8	6	-0.7989527500030817
8	6	-0.7507965000004333
8	6	-0.7455777500035765
8	6	-0.7263902500017139
8	6	-0.5766715000027034
8	6	-0.5382340000032855
8	6	-0.37382775000151014
8	6	-0.3093902500004333
8	6	-0.28407775000232505
8	6	-0.2611715000020922
8	6	-0.2547027500004333
8	6	0.03085974999703467
8	6	0.08898474999659811
8	6	0.12614099999700557
8	6	0.16807849999895552
8	6	0.2747659999986354
8	6	0.3492347499959578
8	6	0.6862972499984608
8	6	0.8201097499986645
8	6	0.8455472499990719
8	7	-5.442294000000402
8	7	-5.078293999999005
8	7	-4.900262749997637
8	7	-4.8808877499977825
8	7	-4.827356499998132
8	7	-4.6994502499983355
8	7	-4.546512749999238
8	7	-4.445981500000926
8	7	-4.444012749998365
8	7	-4.334075250000751
8	7	-4.303700249998656
8	7	-4.295169000000897
8	7	-4.2420127500008675
8	7	-4.208418999998685
8	7	-3.650013749997015
8	7	-3.638169999998354
8	7	-3.4679199999991397
8	7	-3.1870762499966077
8	7	-3.089357499997277
8	7	-3.0676074999973935
8	7	-2.363013749996753
8	7	-2.346451249999518
8	7	-2.1912637499990524
8	7	-2.1434512499981793
8	7	-2.1230137499987904
8	7	-2.1178574999976263
8	7	-1.9919199999967532
8	7	-1.9574512499966659
8	7	-1.9395449999974517
8	7	-1.9299824999980046
8	7	-1.8452324999962002
8	7	-1.8008887499963748
8	7	-1.648669999998674
8	7	-1.6103574999979173
8	7	-1.55635749999783
8	7	-1.5491074999990815
8	7	-1.5370449999973061
8	7	-1.5327012499983539
8	7	-1.5132949999970151
8	7	-1.3733574999969278
8	7	-1.2903897500000312
8	7	-1.2796397499987506
8	7	-1.2687647499988088
8	7	-1.2159209999990708
8	7	-1.1445772500010207
8	7	-1.0736397500004387
8	7	-1.0593272500009334
8	7	-0.9450460000007297
8	7	-0.9405147500001476
8	7	-0.9326084999993327
8	7	-0.6510459999990417
8	7	-0.5606709999992745
8	7	-0.49467100000038045
8	7	-0.48948350000137
8	7	-0.46204600000055507
8	7	-0.11704599999939092
8	7	0.32645400000183145
8	7	0.37089149999883375
8	7	0.8057352499999979
8	7	0.9281415000004927
8	7	0.97926649999863
8	7	1.3914530000001832
8	7	1.421140500002366
8	7	1.4369530000003579
8	7	1.4532342500024242
8	7	1.4642655000025115
8	7	1.4832967500005907
8	7	1.4957967500013183
8	7	1.5114530000028026
8	7	1.5305780000016966
8	7	1.5437030000030063
8	7	1.5642967500025406
8	7	1.6390467500023078
8	8	-5.9746377500014205
8	8	-5.939825249999558
8	8	-5.866887750002206
8	8	-5.768387750002148
8	8	-5.632544000000053
8	8	-5.483262749999994
8	8	-5.466231500002323
8	8	-5.4448252500005765
8	8	-5.398543999999674
8	8	-5.387356499999441
8	8	-5.361919000002672
8	8	-5.309731500001362
8	8	-5.29879400000209
8	8	-5.183512750001682
8	8	-5.172700250001071
8	8	-5.139325250002003
8	8	-5.084575250002672
8	8	-4.973794000001362
8	8	-4.9468877500003146
8	8	-4.910731500000111
8	8	-4.865075249999791
8	8	-4.847012750000431
8	8	-4.781731499999296
8	8	-4.728919000001042
8	8	-4.6957012499988195
8	8	-4.600451250000333
8	8	-4.568794999999227
8	8	-4.5224825000004785
8	8	-4.393826249997801
8	8	-4.344013750000158
8	8	-4.250107500000013
8	8	-4.029044999999314
8	8	-4.015013749998616
8	8	-3.999294999997801
8	8	-3.75454499999978
8	8	-3.4910449999988487
8	8	-3.4677012499996636
8	8	-3.4292637500002456
8	8	-3.386451250000391
8	8	-3.0676075000010314
8	8	-3.015544999998383
8	8	-2.9445762499999546
8	8	-2.7895449999996345
8	8	-2.71548249999978
8	8	-2.54585749999751
8	8	-2.5425450000002456
8	8	-2.5403574999982084
8	8	-2.536420000000362
8	8	-2.235826249998354
8	8	-1.8354835000027379
8	8	-1.7722960000028252
8	8	-1.5820147500016901
8	8	-1.5687022500023886
8	8	-1.4023897500010207
8	8	-1.2443897500015737
8	8	-1.2389210000001185
8	8	-1.1246397499999148
8	8	-1.0605772500020976
8	8	-1.0178272500015737
8	8	-1.0010147499997402
8	8	-0.9163585000023886
8	8	-0.8556710000011662
8	8	-0.453608499999973
8	8	-0.28373350000038045
8	8	-0.1942960000014864
8	8	-0.16885850000107894
8	8	0.492578000001231
8	8	0.5391405000009399
8	8	0.8728592500010564
8	8	1.0524530000002414
8	8	1.1158905000011146
8	8	1.3386092500004452
8	8	1.358328000002075
8	8	1.4077030000007653
8	8	1.4315467500018713
8	8	1.9761092500011728
8	8	1.9812967500001832
8	9	-5.708481000001484
8	9	-5.554669500001182
8	9	-5.300607000001037
8	9	-4.9337007500034815
8	9	-4.926638250002725
8	9	-4.79513825000322
8	9	-4.723263250001764
8	9	-4.42404450000322
8	9	-4.3704507500006
8	9	-4.360075750002579
8	9	-4.197075750002114
8	9	-4.088763250001648
8	9	-4.055107000000135
8	9	-4.015794500002812
8	9	-3.9925757500022883
8	9	-3.703263250001328
8	9	-3.6634507500020845
8	9	-3.6561695000018517
8	9	-3.618044500002725
8	9	-3.4532320000034815
8	9	-3.326950750000833
8	9	-3.291357000001881
8	9	-3.2635445000014442
8	9	-3.189075750000484
8	9	-3.156919500001095
8	9	-2.6783892499988724
8	9	-2.6445767500008515
8	9	-2.6003579999996873
8	9	-2.311670499999309
8	9	-2.304983000001812
8	9	-1.6163892500007933
8	9	-1.5668267500004731
8	9	-1.5513580000006186
8	9	-1.462576750000153
8	9	-1.3219830000016373
8	9	-1.318264249999629
8	9	-1.3156705000001239
8	9	-1.3098580000005313
8	9	-1.306951750000735
8	9	-1.3007017499985523
8	9	-1.2839830000011716
8	9	-1.1215142500004731
8	9	-1.109264250000706
8	9	-0.7167330000011134
8	9	-0.2601090000025579
8	9	-0.2453590000004624
8	9	-0.2196090000034019
8	9	-0.1507652500004042
8	9	-0.047015250002004905
8	9	0.026078499999130145
8	9	0.08898474999659811
8	9	0.16276599999764585
8	9	0.22470349999639438
8	9	0.49157849999755854
8	9	0.5209534999994503
8	9	0.6485472499989555
8	9	0.6996722499970929
8	9	0.7905784999966272
8	9	0.8188909999989846
8	9	0.8472347499991884
8	9	0.885640999997122
8	9	0.9188597499996831
8	9	0.9717347499972675
8	9	1.2248909999980242
8	9	1.2670784999972966
8	9	1.3664534999988973
8	9	1.4965472499970929
8	9	1.5827659999995376
8	9	1.6377347499983443
8	10	-5.890076000003319
8	10	-5.729294750002737
8	10	-5.684201000003668
8	10	-5.62623225000425
8	10	-5.593263500002649
8	10	-5.534419750001689
8	10	-5.518826000003173
8	10	-4.621982250002475
8	10	-4.590232250004192
8	10	-4.520044750002853
8	10	-4.0859822500024165
8	10	-3.7892332500014163
8	10	-3.735733249999612
8	10	-3.7288270000026387
8	10	-3.4806395000014163
8	10	-3.466233250001096
8	10	-3.440608250002697
8	10	-3.2807020000000193
8	10	-3.2317020000009506
8	10	-2.989764500001911
8	10	-2.897139500000776
8	10	-2.749733250002464
8	10	-2.722389500002464
8	10	-2.707170749999932
8	10	-2.6860457500006305
8	10	-2.658358250002493
8	10	-2.549983250002697
8	10	-2.308639500002755
8	10	-2.2839832499994372
8	10	-2.2663270000011835
8	10	-2.2347957500023767
8	10	-2.199764500001038
8	10	-2.185889500000485
8	10	-1.897764500001358
8	10	-1.7688895000028424
8	10	-1.7320770000005723
8	10	-1.6951707500011253
8	10	-1.6831707500023185
8	10	-1.5930145000020275
8	10	-1.5798895000007178
8	10	-1.5517644999999902
8	10	-1.5297645000027842
8	10	-1.5133582500020566
8	10	-1.4807645000000775
8	10	-1.3478582500029006
8	10	-1.323327000001882
8	10	-1.2958905000014056
8	10	-1.2753280000033556
8	10	-1.2247655000028317
8	10	-1.013953000001493
8	10	-0.9800467500026571
8	10	-0.9699217500019586
8	10	-0.95095300000321
8	10	-0.9347967500034429
8	10	-0.922578000001522
8	10	-0.9046717500023078
8	10	-0.8883280000045488
8	10	-0.8400155000017548
8	10	-0.818953000001784
8	10	-0.7864217500027735
8	10	-0.6936717500029772
8	10	-0.6629842500042287
8	10	-0.5839530000048399
8	10	-0.5354842500019004
8	10	-0.5095780000046943
8	10	-0.49485925000408315
8	10	-0.46989050000411225
8	10	-0.4468280000037339
8	10	-0.4403905000035593
8	10	-0.283703000004607
8	10	-0.18845300000248244
8	10	-0.17445300000326824
8	10	-0.1515467500030354
8	10	-0.14073425000242423
8	10	-0.08645300000353018
8	10	-0.04520300000149291
8	10	0.001015749996440718
8	10	0.05779699999766308
8	10	0.10848449999684817
8	10	0.13229699999646982
8	10	0.16220324999812874
8	10	0.19251574999725563
8	10	0.208078249997925
8	10	0.22710949999600416
8	10	0.26048449999507284
8	10	0.45223449999684817
8	10	0.5068907499953639
8	10	0.6359844999969937
8	10	0.9608594999954221
8	10	1.4107647499986342
8	10	1.537483500000235
8	10	1.7360459999981686
8	10	1.968920999999682
8	11	-5.809419000004709
8	11	-5.608544000002439
8	11	-5.5712627500033705
8	11	-5.497606500004622
8	11	-5.460794000002352
8	11	-5.447856500002672
8	11	-5.379981500002032
8	11	-5.255012750003516
8	11	-5.192762750004476
8	11	-4.7385127500019735
8	11	-4.664794000003894
8	11	-4.409982500001206
8	11	-4.178357500000857
8	11	-4.054513750001206
8	11	-3.9684200000010605
8	11	-3.9320450000013807
8	11	-3.9210137500012934
8	11	-3.873670000000857
8	11	-3.4566700000032142
8	11	-3.222357500002545
8	11	-3.16904500000237
8	11	-3.073732500000915
8	11	-3.002388750002865
8	11	-2.9296387499998673
8	11	-2.8912012500004494
8	11	-2.581951250002021
8	11	-2.397326250000333
8	11	-2.2934825000011188
8	11	-2.1933262500024284
8	11	-2.1816075000024284
8	11	-2.1195450000013807
8	11	-1.8558897500006424
8	11	-1.4770147499984887
8	11	-1.139046000000235
8	11	-1.0775460000004387
8	11	-1.0744210000011662
8	11	-0.07995224999831407
8	11	0.14026649999868823
8	11	0.27398525000171503
8	11	0.42804774999967776
8	11	0.9501404999973602
8	11	1.012515499998699
8	11	1.0763279999991937
8	11	1.0992967499987572
8	11	1.1043904999969527
8	12	-5.990231499999936
8	12	-5.648169000000053
8	12	-5.612200250001479
8	12	-5.512418999998772
8	12	-5.133981499999209
8	12	-5.075606499998685
8	12	-4.385888750002778
8	12	-4.360107500000595
8	12	-3.799670000000333
8	12	-3.5518887500002165
8	12	-3.505888750001759
8	12	-2.9043575000032433
8	12	-2.7340450000010605
8	12	-2.6967012500026613
8	12	-2.6103887500030396
8	12	-2.3593575000013516
8	12	-1.8848897499992745
8	12	-1.8761397500020394
8	12	-1.8436397500008752
8	12	-1.8384210000003804
8	12	-1.8345460000018647
8	12	-1.8306397500018647
8	12	-1.509420999998838
8	12	-1.4702335000001767
8	12	-1.4686397500008752
8	12	-1.460389750001923
8	12	-1.4573272500019812
8	12	-1.4527022500005842
8	12	-1.2819210000016028
8	12	-1.2580147500011662
8	12	-1.0153272499992454
8	12	-0.9649835000018356
8	12	-0.9036397499985469
8	12	-0.8302022499992745
8	12	-0.8138897499993618
8	12	-0.8081710000005842
8	12	-0.8000772500017774
8	12	-0.7865147500015155
8	12	-0.7833897499986051
8	12	-0.7800459999998566
8	12	-0.5012959999985469
8	12	-0.43435849999877973
8	12	-0.09760850000020582
8	12	0.1563602499991248
8	12	0.2291102499984845
8	12	0.4128592499982915
8	12	0.43592174999866984
8	12	0.7324217499990482
8	12	0.9483904999979131
8	12	1.1937967499980005
8	12	1.232296749996749
8	12	1.354515499999252
8	12	1.4089529999982915
8	12	1.6612342499975057
8	12	1.6700779999991937
8	12	1.6722029999982624
8	12	1.6841404999977385
8	13	-5.9530125000019325
8	13	-5.876418750001903
8	13	-5.849043750000419
8	13	-5.7506062499996915
8	13	-5.653106249999837
8	13	-5.624356250002165
8	13	-5.617887500000506
8	13	-5.573543750000681
8	13	-5.5282624999999825
8	13	-5.496918749999168
8	13	-5.4625750000013795
8	13	-5.409388500003843
8	13	-5.349013500002911
8	13	-5.319232250003552
8	13	-5.227263500004483
8	13	-5.200513500003581
8	13	-5.177888500002155
8	13	-5.148732250003377
8	13	-5.095107250002911
8	13	-5.076638500002446
8	13	-5.025951000003261
8	13	-5.020919750004396
8	13	-5.015076000003319
8	13	-4.781982250002329
8	13	-4.597857250002562
8	13	-4.58160725000198
8	13	-4.542951000003086
8	13	-4.489794750003057
8	13	-4.399732250003581
8	13	-4.3726697500023874
8	13	-4.347857250002562
8	13	-4.314044750004541
8	13	-4.202607250001165
8	13	-4.178888500002358
8	13	-4.149326000002475
8	13	-4.118732250004541
8	13	-4.014107250004599
8	13	-3.9806072500032315
8	13	-3.9394822500034934
8	13	-3.911888500002533
8	13	-3.8244510000040464
8	13	-3.3660760000020673
8	13	-3.3018260000026203
8	13	-3.2232010000043374
8	13	-3.199013500001456
8	13	-3.109982250003668
8	13	-3.0137322500013397
8	13	-2.892420750002202
8	13	-2.8623582500003977
8	13	-2.828889500000514
8	13	-2.605608249999932
8	13	-2.6028582500002813
8	13	-2.539201999999932
8	13	-2.5353582500029006
8	13	-2.2503895000008924
8	13	-2.2017957500029297
8	13	-2.180952000002435
8	13	-1.8785769999994955
8	13	-1.7961082500005432
8	13	-1.610233250001329
8	13	-1.600358250001591
8	13	-1.5941082499994081
8	13	-1.5908895000029588
8	13	-1.449764500001038
8	13	-1.445545750000747
8	13	-0.9321395000006305
8	13	-0.903920750002726
8	13	-0.8790770000014163
8	13	-0.8517957500007469
8	13	-0.8200145000009798
8	13	-0.768233250000776
8	13	-0.7046082500019111
8	13	-0.671295750002173
8	13	-0.5343895000005432
8	13	-0.39629675000469433
8	13	-0.34873425000478164
8	13	-0.3047342500030936
8	13	-0.28142175000175484
8	13	-0.24892175000422867
8	13	-0.2101717500045197
8	13	-0.0725155000036466
8	13	-0.0421092500037048
8	13	0.032734499996877275
8	13	0.18648449999818695
8	13	0.3790782499963825
8	13	0.5639844999968773
8	13	1.2414532499969937
8	13	1.301109499996528
8	13	1.3164532499977213
8	13	1.7972344999980123
8	13	1.89939074999711
8	14	-5.949138249998214
8	14	-5.753200749997632
8	14	-5.445856999998796
8	14	-5.424575749999349
8	14	-5.2803257499981555
8	14	-5.274294499999087
8	14	-5.200263249997079
8	14	-5.016419499999756
8	14	-4.733325749999494
8	14	-4.674325749998388
8	14	-4.647700749999785
8	14	-4.560481999997137
8	14	-4.461950749999232
8	14	-4.425138249996962
8	14	-4.41151324999737
8	14	-4.357544499998767
8	14	-4.334731999999349
8	14	-4.290075749999232
8	14	-4.267856999998912
8	14	-4.10726324999996
8	14	-4.090888249997079
8	14	-3.898700749999989
8	14	-3.856638249999378
8	14	-3.4972642499997164
8	14	-3.4334205000013753
8	14	-3.4081705000025977
8	14	-3.2245767500025977
8	14	-3.1023580000000948
8	14	-2.647326750000502
8	14	-2.586670500000764
8	14	-2.569076750001841
8	14	-2.5437642500000948
8	14	-2.5201080000006186
8	14	-2.4753892500011716
8	14	-2.4649205000023358
8	14	-2.4206704999996873
8	14	-2.3904517500013753
8	14	-2.354420499999833
8	14	-2.3399205000023358
8	14	-2.3126704999995127
8	14	-2.309920499999862
8	14	-2.294420500002161
8	14	-2.140014250002423
8	14	-2.0075455000005604
8	14	-1.9840455000012298
8	14	-1.7669205000020156
8	14	-1.4620142500025395
8	14	-1.392170499999338
8	14	-1.3521392500006186
8	14	-1.2301704999990761
8	14	-1.1257642500022484
8	14	-1.1065767500003858
8	14	-1.0587027500005206
8	14	-1.0090464999993856
8	14	-0.9720464999991236
8	14	-0.9309214999993856
8	14	-0.8984527499997057
8	14	-0.8457652500001132
8	14	-0.8041714999999385
8	14	-0.7676089999986289
8	14	-0.6211714999990363
8	14	-0.576421499998105
8	14	0.14879724999991595
8	14	0.5905784999995376
8	14	1.227953500001604
8	14	1.3330472500019823
8	14	1.3541097500019532
8	14	1.3818597499994212
8	14	1.761733749997802
8	14	1.792046250000567
8	14	1.8549837499995192
8	14	1.8872962499990535
8	14	1.8902962499996647
8	15	-5.7995444999978645
8	15	-5.773669499998505
8	15	-5.7295444999981555
8	15	-5.604419499995856
8	15	-5.579200749998563
8	15	-5.516700749998563
8	15	-5.479794499999116
8	15	-5.414169499996206
8	15	-5.365419499998097
8	15	-5.361138249998476
8	15	-5.352200749995973
8	15	-4.83632574999865
8	15	-4.807606999998825
8	15	-4.792606999995769
8	15	-4.660231999998359
8	15	-4.583138249996409
8	15	-4.536200749997079
8	15	-4.5126382499984175
8	15	-4.487513249998301
8	15	-4.475825749996147
8	15	-4.424356999996235
8	15	-4.374731999996584
8	15	-4.200481999996555
8	15	-4.125638249995973
8	15	-3.996356999996351
8	15	-3.9675444999993488
8	15	-3.943731999996089
8	15	-3.9335132499982137
8	15	-3.908544499998243
8	15	-3.8898882499961474
8	15	-3.6189507499984757
8	15	-3.5939507499970205
8	15	-3.5669194999973115
8	15	-3.560294499999145
8	15	-3.52851324999574
8	15	-3.52216949999638
8	15	-3.308389249999891
8	15	-3.290108000001055
8	15	-3.2864517499983776
8	15	-3.2806080000009388
8	15	-3.2777017500011425
8	15	-3.273951750001288
8	15	-3.271357999998145
8	15	-3.2598892499991052
8	15	-3.255545500000153
8	15	-2.9762017499997455
8	15	-2.9653892499991343
8	15	-2.9568580000013753
8	15	-2.420326749997912
8	15	-1.8084517499992216
8	15	-1.6682017499988433
8	15	-1.6537017500013462
8	15	-1.629732999997941
8	15	-1.3799829999989015
8	15	-1.2933892500004731
8	15	-1.2698579999996582
8	15	-1.2439205000009679
8	15	-1.2227954999980284
8	15	-1.153170499997941
8	15	-1.0116705000000366
8	15	-0.9743589999961841
8	15	-0.9481089999972028
8	15	-0.9122027499979595
8	15	-0.8667652499971155
8	15	-0.778108999998949
8	15	-0.3702027499966789
8	15	-0.24560899999778485
8	15	-0.07751524999912363
8	15	-0.05376524999883259
8	15	-0.0201714999966498
8	15	-0.0009527499969408382
8	15	0.030891000002156943
8	15	0.49260975000288454
8	15	0.6449222500014002
8	15	0.6845160000011674
8	15	0.7377660000020114
8	15	0.7775472500034084
8	15	0.8583597500037285
8	15	0.9792347500006144
8	15	1.0010472500034666
8	15	1.0144847500014293
8	15	1.34926600000108
8	15	1.4453285000017786
8	15	1.476265000001149
8	15	1.4810775000005378
8	15	1.4884525000015856
8	15	1.5063587500007998
8	15	1.5169212500004505
8	15	1.5457649999989371
8	15	1.5618275000015274
8	15	1.682358750000276
8	15	1.7315774999988207
8	15	1.8055462500014983
8	15	1.9854837499988207
8	16	-5.736700750003365
8	16	-5.734200750001037
8	16	-5.711575750003249
8	16	-5.577075750003132
8	16	-5.543200750002143
8	16	-4.515200750000076
8	16	-4.4685445000031905
8	16	-4.367608000004111
8	16	-4.161826750005275
8	16	-4.110608000002685
8	16	-4.008639250005217
8	16	-3.979639250002947
8	16	-3.8523267500022484
8	16	-3.775483000004897
8	16	-3.6348267500034126
8	16	-3.586951750003209
8	16	-3.5527955000034126
8	16	-3.527233000004344
8	16	-3.465170500003296
8	16	-3.391014250002627
8	16	-3.3633580000023358
8	16	-3.3056705000053626
8	16	-3.236858000003849
8	16	-3.221608000003471
8	16	-3.0498267500042857
8	16	-2.8552955000050133
8	16	-2.78404550000414
8	16	-2.7028580000041984
8	16	-2.681858000003558
8	16	-2.59013925000545
8	16	-2.5256392500050424
8	16	-2.509764250004082
8	16	-2.498983000004955
8	16	-2.2850142500028596
8	16	-2.2320767500023067
8	16	-2.215576750004402
8	16	-2.188139250003587
8	16	-1.9663580000051297
8	16	-1.8809215000037511
8	16	-1.7747340000023542
8	16	-1.7313902500027325
8	16	-1.6662965000032273
8	16	-1.6449527500008116
8	16	-1.6345465000013064
8	16	-1.6114527500030817
8	16	-1.5897340000010445
8	16	-1.588140250001743
8	16	-1.529952750002849
8	16	-1.5238590000008116
8	16	-1.489046500002587
8	16	-1.47948400000314
8	16	-1.3506715000003169
8	16	-1.3379215000022668
8	16	-1.3353277500027616
8	16	-1.3326090000009572
8	16	-1.2519840000022668
8	16	-1.2468902500004333
8	16	-1.083609000001161
8	16	-1.050015250002616
8	16	-1.0293902500015975
8	16	-1.0055465000004915
8	16	-0.9940152500021213
8	16	-0.9130152500001714
8	16	-0.7722340000036638
8	16	-0.7133902500027034
8	16	-0.6684527500037802
8	16	-0.5847340000036638
8	16	-0.3002340000020922
8	16	-0.15907775000232505
8	16	0.1092347499979951
8	16	0.1420784999972966
8	16	0.5903274999982386
8	16	0.8657337500007998
8	16	0.9722962499981804
8	16	1.966796249998879
8	16	1.9872025000004214
8	17	-5.944856500002061
8	17	-5.917106500000955
8	17	-5.601637750001828
8	17	-5.576794000000518
8	17	-5.4629190000014205
8	17	-5.43020025000078
8	17	-5.333075250000547
8	17	-5.208106500002032
8	17	-5.1052940000008675
8	17	-5.0874189999995
8	17	-5.076826249998703
8	17	-5.061357499998849
8	17	-4.670388749997073
8	17	-4.484669999998005
8	17	-4.394201249997423
8	17	-4.324919999999111
8	17	-3.717951249996986
8	17	-3.475888749999285
8	17	-3.4464200000002165
8	17	-3.1168262499995762
8	17	-3.11104499999783
8	17	-3.100138750000042
8	17	-2.9706699999987904
8	17	-2.717013749999751
8	17	-2.688357499999256
8	17	-2.489389750000555
8	17	-2.4540772500004095
8	17	-2.4501710000004095
8	17	-2.445921000002272
8	17	-2.3606084999992163
8	17	-2.2898897500017483
8	17	-2.282546000002185
8	17	-2.1615147500015155
8	17	-2.093920999999682
8	17	-2.0476085000009334
8	17	-2.016952250000031
8	17	-1.8835147499994491
8	17	-1.8243272500003513
8	17	-1.8162960000008752
8	17	-1.7714835000006133
8	17	-1.6454835000004095
8	17	-1.5915147500018065
8	17	-1.5867959999995946
8	17	-1.3351397500009625
8	17	-1.0086709999995946
8	17	-0.7322334999989835
8	17	-0.7273897500017483
8	17	-0.7224522500000603
8	17	-0.7179835000024468
8	17	-0.4371710000013991
8	17	-0.14838975000020582
8	17	-0.11360849999982747
8	17	-0.020484500000748085
8	17	-0.004640749997633975
8	17	0.011421750001318287
8	17	0.08160925000265706
8	17	0.1357342500014056
8	17	0.21660925000105635
8	17	0.30739050000192947
8	17	0.35014050000245334
8	17	0.36192175000178395
8	17	0.37995299999965937
8	17	0.38439049999942654
8	17	0.455984250002075
8	17	0.5254530000020168
8	17	0.6895467499998631
8	17	0.7327655000008235
8	17	1.0022654999993392
8	17	1.0445155000015802
8	17	1.1353904999996303
8	17	1.7392655000003288
8	18	-5.561013499998808
8	18	-5.440075999995315
8	18	-5.353044749997935
8	18	-4.947294749996217
8	18	-4.7958884999970905
8	18	-4.7419197499984875
8	18	-4.670732249996945
8	18	-4.638388499995926
8	18	-4.45623224999872
8	18	-4.3583884999970905
8	18	-4.108638499998051
8	18	-4.061419749996276
8	18	-4.028607249998458
8	18	-3.9945759999973234
8	18	-3.917013499998575
8	18	-3.913544749997527
8	18	-3.760357249997469
8	18	-3.6832322499976726
8	18	-3.6669509999956063
8	18	-3.5118572499959555
8	18	-3.48063849999744
8	18	-3.4441384999954607
8	18	-3.4260134999967704
8	18	-3.407263499997498
8	18	-3.376857249997556
8	18	-3.3734197499979928
8	18	-3.3599197499970614
8	18	-3.3261707499987097
8	18	-3.3053894999975455
8	18	-3.3027332499987097
8	18	-3.2735145000006014
8	18	-3.257451999998011
8	18	-3.2277644999994664
8	18	-3.201608249997662
8	18	-3.1877019999992626
8	18	-3.163983250000456
8	18	-3.133264500000223
8	18	-3.0988895000009506
8	18	-3.0583582500003104
8	18	-2.8606082500009506
8	18	-2.8170145000003686
8	18	-2.7771082500003104
8	18	-2.74682699999903
8	18	-2.6880457499974
8	18	-2.65167074999772
8	18	-2.6021707500003686
8	18	-2.5827332499975455
8	18	-2.5103894999992917
8	18	-2.45923324999967
8	18	-2.426108249997924
8	18	-2.4065144999985932
8	18	-2.3727332499984186
8	18	-2.368358249997982
8	18	-2.3473582499973418
8	18	-2.334826999998768
8	18	-2.281170750000456
8	18	-2.2300457499986805
8	18	-2.1291082499992626
8	18	-1.927451999999903
8	18	-1.8291082499999902
8	18	-1.7918270000009215
8	18	-1.7232332499988843
8	18	-1.6570769999998447
8	18	-1.4972957499994664
8	18	-1.4942644999973709
8	18	-1.4715770000002522
8	18	-1.4447645000000193
8	18	-1.3582957500002522
8	18	-1.323420749999059
8	18	-1.1651707499986514
8	18	-1.1334207500003686
8	18	-0.8077029999985825
8	18	-0.6261404999968363
8	18	-0.569671749995905
8	18	-0.5334842499978549
8	18	-0.528765499995643
8	18	-0.4112342499975057
8	18	-0.35076549999575946
8	18	-0.23976549999861163
8	18	-0.1307967499960796
8	18	-0.12642174999564304
8	18	0.2136407500038331
8	18	0.4581095000030473
8	18	0.49848450000354205
8	18	0.6559845000010682
8	18	0.9707345000024361
8	18	0.973390750001272
8	18	1.0097345000031055
8	18	1.0245157500030473
8	18	1.030047000003833
8	18	1.0455782500030182
8	18	1.3989845000032801
8	18	1.4328595000042696
8	18	1.4534220000023197
8	18	1.4587657500014757
8	18	1.6337970000022324
8	18	1.6529532500026107
8	18	1.8259834999989835
8	18	1.843202250001923
8	19	-5.93245024999851
8	19	-5.898606499999005
8	19	-5.8752315000019735
8	19	-5.795387750000373
8	19	-5.761668999999529
8	19	-5.731762750001508
8	19	-5.7051065000014205
8	19	-5.65138775000014
8	19	-5.320356500000344
8	19	-4.495700250001391
8	19	-3.9047637500007113
8	19	-3.7530450000012934
8	19	-3.7167950000039127
8	19	-3.358888750000915
8	19	-3.2598575000010896
8	19	-3.154513750003389
8	19	-3.1512637500018172
8	19	-2.9079825000007986
8	19	-2.8167637500009732
8	19	-2.72738875000141
8	19	-2.725888750002923
8	19	-2.6444825000035053
8	19	-2.557263750000857
8	19	-2.518951250003738
8	19	-2.5073575000023993
8	19	-2.386420000002545
8	19	-2.3515137500035053
8	19	-2.298357500003476
8	19	-2.276357500002632
8	19	-2.2364825000040582
8	19	-2.2162325000026613
8	19	-2.2104200000030687
8	19	-2.1928262500005076
8	19	-2.0502637500030687
8	19	-2.044857500000944
8	19	-2.022763750002923
8	19	-1.8332637500025157
8	19	-1.6638262500018755
8	19	-1.6411387500011188
8	19	-1.5188584999996237
8	19	-0.792733500002214
8	19	-0.7035147499991581
8	19	-0.4739522500021849
8	19	-0.4606397499992454
8	19	0.5894227499993576
8	19	0.6002664999978151
8	19	0.656891499998892
8	19	0.7013914999988629
8	19	1.2488279999997758
8	19	1.513859250000678
8	19	1.672265500001231
8	20	-5.9732002499986265
8	20	-5.736293999998452
8	20	-5.671356499999092
8	20	-5.4998252500008675
8	20	-5.002575250000518
8	20	-4.932606499998656
8	20	-4.481481499999063
8	20	-4.098357499999111
8	20	-3.5485762499993143
8	20	-3.4764512499968987
8	20	-2.86123249999946
8	20	-2.796294999996462
8	20	-2.680513749997772
8	20	-2.646732499997597
8	20	-2.6110762499993143
8	20	-2.4564824999979464
8	20	-2.2852324999985285
8	20	-2.257013749996986
8	20	-2.2088262499964912
8	20	-2.1748262499968405
8	20	-2.1285762499974226
8	20	-1.7616085000008752
8	20	-1.3742959999981395
8	20	-1.1507022500009043
8	20	-1.106046000000788
8	20	-1.0917022499997984
8	20	-1.0815772499990999
8	20	-0.9239522499992745
8	20	-0.917327250001108
8	20	-0.9134835000004387
8	20	-0.9084522499979357
8	20	-0.6191397500006133
8	20	-0.5441084999984014
8	20	-0.23942099999840138
8	20	-0.20870224999816855
8	20	-0.1887334999992163
8	20	-0.17617099999915808
8	20	-0.16667099999904167
8	20	-0.08392100000128266
8	20	0.0384852499992121
8	20	0.057297750001453096
8	20	0.37645400000110385
8	20	0.6370790000000852
8	20	0.7360467500002414
8	20	0.925453000003472
8	20	0.9631717500014929
8	20	0.9993905000010272
8	20	1.036984250000387
8	20	1.2722342500019295
8	20	1.9328905000002123
8	20	1.9584842500007653
8	21	-5.14470099999744
8	21	-5.056419749998895
8	21	-4.989732250000088
8	21	-4.638388499999564
8	21	-4.44816974999776
8	21	-4.370263499997236
8	21	-4.335388499999681
8	21	-4.297794750000321
8	21	-4.233044749998953
8	21	-3.860075999997207
8	21	-3.7775760000004084
8	21	-2.820639500001562
8	21	-2.7252332499992917
8	21	-1.879045749999932
8	21	-1.808420749999641
8	21	-1.7883582499998738
8	21	-1.7627644999993208
8	21	-1.7433270000001357
8	21	-1.5774207499998738
8	21	-1.5645145000016782
8	21	-1.4619520000014745
8	21	-1.1402332500001648
8	21	-0.037359250000008615
8	21	0.02726575000269804
8	21	0.26629700000194134
8	21	0.3729220000022906
8	21	0.4886719999994966
8	21	0.5553907499997877
8	21	0.5992970000006608
8	21	0.6106094999995548
8	21	0.629547000000457
8	21	0.7303282499997295
8	21	0.8004844999995839
8	21	0.9202345000012428
8	21	0.9453907500028436
8	21	0.9842657500012137
8	21	1.0391720000006899
8	21	1.046390750001592
8	21	1.0751095000014175
8	21	1.6309834999992745
8	21	1.6921709999987797
8	21	1.8002959999976156
8	22	-5.709638250002172
8	22	-5.261169500001415
8	22	-5.107888250000542
8	22	-5.044325750001008
8	22	-4.574825750001764
8	22	-4.5728882500006875
8	22	-4.560732000001735
8	22	-4.553388250002172
8	22	-4.5501382500006
8	22	-4.546107000001939
8	22	-4.349388250000629
8	22	-4.320732000000135
8	22	-4.2970757500006584
8	22	-3.7946069999998144
8	22	-3.7548569999999017
8	22	-3.6031392499971844
8	22	-3.548014249998232
8	22	-3.4898892499986687
8	22	-3.4661080000005313
8	22	-3.3623267499970098
8	22	-3.2210454999985814
8	22	-3.1793267499997455
8	22	-3.157264249999571
8	22	-3.132482999997592
8	22	-3.120264249999309
8	22	-3.039076749999367
8	22	-2.9222329999975045
8	22	-2.908795499999542
8	22	-2.8642642499980866
8	22	-2.831201749999309
8	22	-2.8022642500000075
8	22	-2.3423579999980575
8	22	-2.18820174999928
8	22	-2.185233000000153
8	22	-2.107295499998145
8	22	-2.0735454999994545
8	22	-2.039889249997941
8	22	-2.017170499999338
8	22	-1.8288892499986105
8	22	-1.8078892499979702
8	22	-1.7763892499970098
8	22	-1.7057329999988724
8	22	-1.5464829999982612
8	22	-1.5042642499975045
8	22	-1.4647017499992216
8	22	-1.4461080000000948
8	22	-1.282076749997941
8	22	-1.2272642499992799
8	22	-1.147826749998785
8	22	-1.106233999998949
8	22	-1.0936402500010445
8	22	-1.0887965000001714
8	22	-0.9628277500014519
8	22	-0.9559215000008408
8	22	-0.9518902500021795
8	22	-0.7962965000006079
8	22	-0.7709214999995311
8	22	-0.7351715000004333
8	22	-0.7307964999999967
8	22	-0.6364840000023833
8	22	-0.5147340000003169
8	22	-0.4087340000005497
8	22	-0.2961089999989781
8	22	-0.21654649999982212
8	22	-0.16998400000011316
8	22	-0.0344527500019467
8	22	-0.022983999999269145
8	22	0.5978909999976167
8	22	0.6056097500004398
8	22	1.5197025000015856
8	22	1.6420150000012654
8	22	1.7217650000020512
8	23	-5.81076325000322
8	23	-5.502200750001066
8	23	-5.459794500002317
8	23	-5.09573200000159
8	23	-4.839888250000513
8	23	-4.831919500000367
8	23	-4.805607000002055
8	23	-4.778669500003161
8	23	-4.728138250000484
8	23	-4.687263250001706
8	23	-4.670450750003511
8	23	-4.597357000002376
8	23	-4.563419500002055
8	23	-4.199701749999804
8	23	-4.167357999998785
8	23	-4.126514250001492
8	23	-4.053451750001841
8	23	-4.050639249999222
8	23	-4.0120767500011425
8	23	-3.8381392500014044
8	23	-3.8137642500005313
8	23	-3.787733000001026
8	23	-3.7342329999992216
8	23	-3.6696392500016373
8	23	-3.654483000002074
8	23	-3.647420500001317
8	23	-3.638858000002074
8	23	-3.6239205000019865
8	23	-3.603295500000968
8	23	-3.574014249999891
8	23	-3.545764250000502
8	23	-3.535545499998989
8	23	-3.5122642499991343
8	23	-3.4890454999986105
8	23	-3.466983000002074
8	23	-3.441389250001521
8	23	-3.4221392500003276
8	23	-3.42013924999992
8	23	-3.3734205000000657
8	23	-3.3582017500011716
8	23	-3.342920499999309
8	23	-3.3116079999999783
8	23	-3.2398892499986687
8	23	-3.2249830000000657
8	23	-3.1794517500020447
8	23	-3.1580455000002985
8	23	-3.1536392500020156
8	23	-3.111201750001783
8	23	-3.082545500001288
8	23	-2.2298892500002694
8	23	-2.1652642500012007
8	23	-1.7922642500016082
8	23	-1.734483000000182
8	23	-1.6469840000027034
8	23	-1.6404527500017139
8	23	-1.5427965000017139
8	23	-1.5100777500010736
8	23	-1.2837965000035183
8	23	-1.230421500004013
8	23	-1.127609000002849
8	23	-1.0957965000015975
8	23	-1.083421500003169
8	23	-1.0616090000039549
8	23	-0.7941715000015392
8	23	-0.7070152500018594
8	23	-0.5751715000005788
8	23	-0.5578590000041004
8	23	-0.4595777500035183
8	23	-0.4304840000040713
8	23	-0.3957027500036929
8	23	-0.38254650000089896
8	23	-0.2952965000040422
8	23	-0.23667150000255788
8	23	-0.17082775000380934
8	23	-0.0602652500019758
8	23	0.017515999996248866
8	23	0.05104724999910104
8	23	0.13220349999755854
8	23	0.1373284999972384
8	23	0.16407849999814061
8	23	0.1710159999965981
8	23	0.2162972499972966
8	23	0.22745349999604514
8	23	0.3789222499981406
8	23	0.4270784999971511
8	23	0.4648597499981406
8	23	0.6030784999966272
8	23	0.6327347499973257
8	23	0.6653909999986354
8	23	0.7078909999981988
8	23	1.030327500000567
8	23	1.0826712499983842
8	23	1.112577500000043
8	23	1.146296250000887
8	23	1.1792024999995192
8	23	1.4507337499999267
8	23	1.560452499998064
8	24	-5.901044250000268
8	24	-5.706263000000035
8	24	-5.69029424999826
8	24	-5.601575500000763
8	24	-5.542012999998406
8	24	-5.539106749998609
8	24	-5.355294249999133
8	24	-5.345294250000734
8	24	-5.3155442499992205
8	24	-5.273700499998085
8	24	-5.21929425000053
8	24	-5.199637999998231
8	24	-4.664607749997231
8	24	-4.506045249996532
8	24	-4.473263999996561
8	24	-3.8429202499974053
8	24	-3.8170139999965613
8	24	-3.7752952499977255
8	24	-3.1111077499990643
8	24	-3.071607749996474
8	24	-2.7530764999974053
8	24	-2.7331389999962994
8	24	-2.3989202499979
8	24	-2.309701499998482
8	24	-2.1438587499978894
8	24	-2.0867962499978603
8	24	-2.04420250000112
8	24	-1.9931712500001595
8	24	-1.383327499999723
8	24	-1.3368899999986752
8	24	-1.0538587499977439
8	24	-0.28335874999902444
8	24	-0.28042124999774387
8	24	-0.06995249999818043
8	24	-0.0345774999987043
8	24	-0.02367125000091619
8	24	0.05473500000152853
8	24	0.2407027500012191
8	24	0.3612027500021213
8	24	0.39514025000244146
8	24	0.42701525000302354
8	24	0.7092652500032273
8	24	0.7281715000026452
8	24	0.7547652500034019
8	24	0.7771715000017139
8	24	0.7947965000021213
8	24	0.8267652500035183
8	24	1.0332652500037511
8	24	1.0423590000027616
8	24	1.2152340000029653
8	24	1.2655465000025288
8	24	1.2697027500034892
8	24	1.2952027500032273
8	24	1.3255152500023542
8	24	1.3389527500039549
8	24	1.386671500004013
8	24	1.4360465000027034
8	24	1.8589527500007534
8	24	1.8773277500040422
8	25	-5.973824749999039
8	25	-5.703730999997788
8	25	-5.631262249997235
8	25	-5.188669499999378
8	25	-5.124700749998738
8	25	-4.7483570000003965
8	25	-4.425232000001415
8	25	-4.071700749998854
8	25	-3.9325444999994943
8	25	-3.6662007500017353
8	25	-3.619513249999727
8	25	-3.3700444999994943
8	25	-3.1887319999987085
8	25	-3.172950750002201
8	25	-3.0860444999998435
8	25	-3.0749507500004256
8	25	-3.0540757500020845
8	25	-3.028325750001386
8	25	-2.808638250000513
8	25	-2.7745757500015316
8	25	-2.7316392499997164
8	25	-2.671983000000182
8	25	-2.5994517500002985
8	25	-2.508233000000473
8	25	-2.2568267499991634
8	25	-1.852889249999862
8	25	-1.8303267499977665
8	25	-1.8023892499986687
8	25	-1.7336704999979702
8	25	-1.670014249997621
8	25	-1.624795499999891
8	25	-1.5730454999975336
8	25	-1.2056392499980575
8	25	-1.1772017499970389
8	25	-1.144639250000182
8	25	-0.9468579999993381
8	25	-0.9067954999991343
8	25	-0.8646704999991925
8	25	-0.8256079999991925
8	25	-0.8141079999986687
8	25	-0.8096079999995709
8	25	-0.7304205000000366
8	25	-0.6125142499986396
8	25	-0.5962330000002112
8	25	-0.4563579999994545
8	25	-0.3977954999973008
8	25	-0.372326749999047
8	25	-0.09157775000130641
8	25	-0.003421500001422828
8	25	0.05998474999796599
8	25	0.13464100000055623
8	25	0.1451722499987227
8	25	0.4412034999986645
8	25	0.4678597499987518
8	25	0.7209847499980242
8	25	0.842984749997413
8	25	1.1299222499983443
8	25	1.155578499998228
8	25	1.3288597499995376
8	25	1.3357660000001488
8	25	1.3540472499989846
8	25	1.3690160000005562
8	25	1.455641000000469
8	25	1.5021410000008473
8	25	1.5148284999995667
8	25	1.5314222499982861
8	25	1.5622034999978496
8	25	1.6141097500003525
8	25	1.698859749998519
8	25	1.7342972500009637
8	25	1.797641000001022
8	25	1.8146410000008473
8	25	1.842172249998839
8	25	1.9924222499976167
8	26	-5.904668749997654
8	26	-5.851293749998149
8	26	-5.768543749996752
8	26	-5.740199999996548
8	26	-5.709949999996752
8	26	-5.6476062499968975
8	26	-5.610356249999313
8	26	-5.56394999999975
8	26	-5.535574999998062
8	26	-5.49985624999681
8	26	-5.4235124999977415
8	26	-5.382543749998149
8	26	-5.3606999999974505
8	26	-5.330199999996694
8	26	-5.279231249998702
8	26	-5.271418749998702
8	26	-5.213482250001107
8	26	-5.2077947500001756
8	26	-5.08123224999872
8	26	-5.018200999998953
8	26	-4.957013499999448
8	26	-4.943388499999855
8	26	-4.929138499999681
8	26	-4.898482249998779
8	26	-4.8910759999998845
8	26	-4.832857249999506
8	26	-4.808357249999972
8	26	-4.693982249998953
8	26	-4.681419749998895
8	26	-4.661607250000088
8	26	-4.651076000001922
8	26	-4.647200999999768
8	26	-4.6247322499984875
8	26	-4.622638500000903
8	26	-4.590138499999739
8	26	-4.5710760000001756
8	26	-4.557013500001631
8	26	-4.5522635000015725
8	26	-4.512232249999215
8	26	-4.444232249999914
8	26	-4.431607250000525
8	26	-4.403857249999419
8	26	-4.3715447499998845
8	26	-4.323451000000205
8	26	-4.296107250000205
8	26	-4.262357250001514
8	26	-4.245951000000787
8	26	-3.5827947500001756
8	26	-3.544607250001718
8	26	-3.5147322500015434
8	26	-3.4841072499984875
8	26	-3.4704197499995644
8	26	-2.8724509999992733
8	26	-2.841701000001194
8	26	-2.82995099999971
8	26	-2.5487020000000484
8	26	-2.317483249997167
8	26	-2.266983249999612
8	26	-2.2292019999986223
8	26	-2.022733249999874
8	26	-1.9969832499991753
8	26	-1.9417332499979238
8	26	-1.9192019999973127
8	26	-1.89282699999967
8	26	-1.8663582499975746
8	26	-1.706139499998244
8	26	-1.6374832499968761
8	26	-1.6163582499975746
8	26	-1.5906082499968761
8	26	-1.5842019999981858
8	26	-1.5218894999998156
8	26	-1.4039832499984186
8	26	-1.3685457499996119
8	26	-1.3337644999992335
8	26	-1.2959207499989134
8	26	-1.27295199999935
8	26	-1.244170750000194
8	26	-1.2268582500000775
8	26	-1.1878269999979238
8	26	-1.1353582499978074
8	26	-1.1040769999999611
8	26	-1.0651707500001066
8	26	-1.0505457500003104
8	26	-1.0294832500003395
8	26	-1.0140457499983313
8	26	-0.9931082499970216
8	26	-0.5487020000000484
8	26	-0.3313269999998738
8	26	-0.31617075000031036
8	26	0.09276574999967124
8	26	0.7035782499988272
8	26	0.8864844999989145
8	26	0.8887345000002824
8	26	0.8904844999997295
8	26	0.8951407499989728
8	26	0.9073595000008936
8	26	0.9121720000002824
8	26	1.2350469999983034
8	26	1.3087969999978668
8	26	1.3254845000010391
8	26	1.3852657499992347
8	26	1.772109499997896
8	26	1.7760469999993802
8	27	-5.983356500004447
8	27	-5.791481500004011
8	27	-5.699981500005379
8	27	-5.5385752500042145
8	27	-5.499731500003691
8	27	-5.485512750005
8	27	-5.404262750005728
8	27	-5.271263750004437
8	27	-5.254076250002981
8	27	-5.244295000004058
8	27	-5.240638750001381
8	27	-4.9073575000038545
8	27	-4.901357500002632
8	27	-4.68851375000304
8	27	-4.6861387500030105
8	27	-4.68363875000432
8	27	-4.6232325000019046
8	27	-4.576826250002341
8	27	-4.558138750002399
8	27	-4.522701250003593
8	27	-4.47929500000464
8	27	-4.47617000000173
8	27	-4.455138750003243
8	27	-4.428670000004786
8	27	-4.405670000003738
8	27	-4.3924512500016135
8	27	-4.381482500004495
8	27	-4.31626375000269
8	27	-4.2912950000027195
8	27	-4.043701250004233
8	27	-3.852201250003418
8	27	-3.8329512500022247
8	27	-3.458795000002283
8	27	-2.975170000001526
8	27	-2.8590450000046985
8	27	-2.7185772500015446
8	27	-2.5781710000010207
8	27	-2.5068897500023013
8	27	-2.3644522499998857
8	27	-2.277421000002505
8	27	-2.2583272500014573
8	27	-2.2270772500014573
8	27	-2.1914522500010207
8	27	-2.1602647500003513
8	27	-2.142639749999944
8	27	-2.132983499999682
8	27	-2.068546000002243
8	27	-2.0374522500023886
8	27	-2.006139750003058
8	27	-1.9155147500023304
8	27	-0.9235147500003222
8	27	-0.35142200000336743
8	27	0.04507799999555573
8	27	0.10551549999581766
8	27	0.11404674999721465
8	27	0.1379217499961669
8	27	0.14464049999514828
8	27	0.14932799999587587
8	27	0.28057799999805866
8	27	0.3067654999977094
8	27	0.3152654999976221
8	27	0.4419217499962542
8	27	0.5939842499974475
8	27	0.6970154999980878
8	27	1.3859529999972438
8	27	1.3913904999972146
8	27	1.4179842499979713
8	27	1.4586092499957886
8	27	1.4964217499982624
8	27	1.7913279999957012
8	27	1.8177029999969818
8	27	1.8648904999972729
8	27	1.889171749997331
8	27	1.9458904999955848
8	27	1.9739842499948281
8	28	-5.46298250000109
8	28	-5.421201249999285
8	28	-5.344451250002749
8	28	-5.3140137500013225
8	28	-5.273545000000013
8	28	-5.1939512499993725
8	28	-5.145138750001934
8	28	-5.125732500000595
8	28	-5.025201250002283
8	28	-5.003920000002836
8	28	-4.989232500000071
8	28	-4.973076250000304
8	28	-4.896420000000944
8	28	-4.721919999999955
8	28	-4.531295000000682
8	28	-4.083326250001846
8	28	-3.916451250002865
8	28	-3.8735450000021956
8	28	-3.6731700000018463
8	28	-3.557263750000857
8	28	-3.5446074999999837
8	28	-3.499107499999809
8	28	-3.47720124999978
8	28	-3.4618262500007404
8	28	-3.441857500001788
8	28	-3.4345762500015553
8	28	-3.413982500002021
8	28	-3.39145125000141
8	28	-3.375857499999256
8	28	-3.3003575000002456
8	28	-3.217857499999809
8	28	-3.2068887500026904
8	28	-3.1334522500001185
8	28	-3.0942959999993036
8	28	-2.9405772499994782
8	28	-2.784077249998518
8	28	-2.6052022500007297
8	28	-2.4180772500003513
8	28	-2.4045459999979357
8	28	-2.255202249998547
8	28	-2.2529209999993327
8	28	-1.944671000001108
8	28	-1.6498897499986924
8	28	-1.5124834999987797
8	28	-1.476420999999391
8	28	-1.204952249998314
8	28	-1.2021397499993327
8	28	-0.9677022500000021
8	28	-0.7051084999984596
8	28	-0.5748907500019413
8	28	-0.28889075000188313
8	28	-0.24510949999967124
8	28	-0.1956720000016503
8	28	-0.19279699999970035
8	28	-0.0206720000023779
8	28	0.07895300000018324
8	28	0.13057800000024145
8	28	0.15567174999887357
8	28	0.18751549999797135
8	28	0.2552654999999504
8	28	0.26507800000035786
8	28	0.5064217500002997
8	28	0.5692029999991064
8	28	0.5989217499991355
8	28	0.8800467499968363
8	28	1.0285154999983206
8	28	1.3317654999991646
8	28	1.3749529999986407
8	28	1.4283592499996303
8	29	-5.985075000000506
8	29	-5.951918750000914
8	29	-5.643012500000623
8	29	-5.511576000004425
8	29	-5.509638500003348
8	29	-5.126669750003202
8	29	-4.825763500004541
8	29	-4.812732250004046
8	29	-4.801263500001369
8	29	-4.520669750003435
8	29	-4.448607250003988
8	29	-4.435388500001864
8	29	-4.413732250002795
8	29	-4.39045100000294
8	29	-4.3630135000021255
8	29	-4.248388500003784
8	29	-4.190763500002504
8	29	-4.128576000002795
8	29	-3.825326000001951
8	29	-3.7821385000024748
8	29	-3.5713885000041046
8	29	-3.500107250001747
8	29	-3.460732250001456
8	29	-3.2739822500043374
8	29	-3.1977010000045993
8	29	-3.064608250002493
8	29	-2.985452000000805
8	29	-2.941764499999408
8	29	-2.791764500001591
8	29	-2.772358250000252
8	29	-2.7436082500025805
8	29	-2.739045750000514
8	29	-2.728858250000485
8	29	-2.5013270000017656
8	29	-2.405170750000252
8	29	-2.3127957500000775
8	29	-2.308951999999408
8	29	-2.303202000002784
8	29	-2.115077000002202
8	29	-2.078139500001271
8	29	-2.073420750002697
8	29	-2.047514500001853
8	29	-2.0176395000016782
8	29	-1.9615457500003686
8	29	-1.8720769999999902
8	29	-1.7524832500021148
8	29	-1.7181082500028424
8	29	-1.7067332500009798
8	29	-1.654639500000485
8	29	-1.574358249999932
8	29	-1.4697957500029588
8	29	-1.4477332500027842
8	29	-1.4382020000011835
8	29	-1.3606707500002813
8	29	-1.3510145000000193
8	29	-1.346358250000776
8	29	-1.3360145000006014
8	29	-1.333295750002435
8	29	-1.321795750001911
8	29	-1.3166082500029006
8	29	-0.953983250001329
8	29	-0.922327000000223
8	29	-0.7114519999995537
8	29	-0.6604520000000775
8	29	-0.5406405000030645
8	29	-0.33564050000495627
8	29	-0.17154675000347197
8	29	-0.07667175000460702
8	29	0.04651574999661534
8	29	0.1039532499962661
8	29	0.10726574999716831
8	29	0.11570324999775039
8	29	0.11823449999792501
8	29	0.12235949999740114
8	29	0.12882824999542208
8	29	0.5334844999961206
8	29	0.9589532499958295
8	29	0.9652657499973429
8	29	1.0450157499981287
8	29	1.0489844999974594
8	29	1.7971407499971974
8	30	-5.849887999997009
8	30	-5.846606749997591
8	30	-5.818106749997241
8	30	-5.7011379999967176
8	30	-5.68498174999695
8	30	-5.655450499998551
8	30	-5.553137999999308
8	30	-5.52495049999925
8	30	-5.520669249999628
8	30	-5.484762999996747
8	30	-5.447106749998056
8	30	-5.441637999996601
8	30	-5.388075499999104
8	30	-5.341825499999686
8	30	-5.219481749998522
8	30	-5.198856749997503
8	30	-5.181919249997009
8	30	-5.130700499998056
8	30	-5.124762999999803
8	30	-5.1191067499967176
8	30	-4.896512999999686
8	30	-4.874325499997212
8	30	-4.84013799999957
8	30	-4.7877942499981145
8	30	-4.402326499999617
8	30	-4.346920250001858
8	30	-4.179420249998657
8	30	-4.170420250000461
8	30	-4.129732749999675
8	30	-4.0995140000013635
8	30	-3.924513999998453
8	30	-3.8657640000019455
8	30	-3.803920250000374
8	30	-3.7427327500008687
8	30	-3.7001702500019746
8	30	-3.6842015000001993
8	30	-3.223357750001014
8	30	-3.18304524999985
8	30	-3.172576500001014
8	30	-3.1523577500011015
8	30	-3.1484202499996172
8	30	-3.1423890000005485
8	30	-3.008607750001829
8	30	-2.9068577500001993
8	30	-2.884013999999297
8	30	-2.874732749998657
8	30	-2.841545250001218
8	30	-2.7122014999986277
8	30	-2.5657952500005194
8	30	-2.543420250000054
8	30	-2.2325139999993553
8	30	-2.227138999998715
8	30	-2.217888999999559
8	30	-2.1817640000008396
8	30	-2.1652014999999665
8	30	-2.1280140000017127
8	30	-2.1220452500019746
8	30	-1.8051399999967543
8	30	-1.7993900000001304
8	30	-1.7797649999993155
8	30	-1.5233274999991409
8	30	-1.4601399999992282
8	30	-1.1485775000001013
8	30	-0.8867337499978021
8	30	-0.8810462499968708
8	30	-0.8690774999995483
8	30	-0.8650774999987334
8	30	-0.8455462499987334
8	30	-0.45210874999975204
8	30	-0.25742124999669613
8	30	-0.1720462499979476
8	30	-0.0025462499979767017
8	30	0.3200162499997532
8	30	0.5733277500003169
8	30	0.5997339999994438
8	30	0.6565777499999967
8	30	0.816046500000084
8	30	0.8414840000004915
8	30	0.8489527499987162
8	30	0.8541089999998803
8	30	0.8840464999993856
8	30	1.8446402500012482
8	30	1.9034527500007243
8	31	-5.992293750001409
8	31	-5.985043749999022
8	31	-5.769387500000448
8	31	-5.761512500001118
8	31	-5.728356250001525
8	31	-5.279888500001107
8	31	-5.251138500003435
8	31	-5.09863850000329
8	31	-4.968607250004425
8	31	-4.923169750003581
8	31	-4.905357250001543
8	31	-4.868044750004628
8	31	-4.861232250001194
8	31	-4.801919750003435
8	31	-4.744826000001922
8	31	-4.732326000001194
8	31	-4.517669750002824
8	31	-4.461513500002184
8	31	-4.1474510000043665
8	31	-4.103294750002533
8	31	-3.8772947500037844
8	31	-3.8577635000037844
8	31	-3.728201000001718
8	31	-3.602701000003435
8	31	-3.5951072500029113
8	31	-3.3035760000020673
8	31	-2.9889510000029986
8	31	-2.931013500001427
8	31	-2.870920749999641
8	31	-2.6680770000020857
8	31	-2.528701999999612
8	31	-2.430358249999699
8	31	-2.4017020000028424
8	31	-2.3849520000003395
8	31	-2.332983250002144
8	31	-2.0817332500009798
8	31	-1.9238270000023476
8	31	-1.8065457500015327
8	31	-1.7334520000003977
8	31	-1.7201395000010962
8	31	-1.6870770000023185
8	31	-1.6512645000002522
8	31	-1.6237332500022603
8	31	-1.4665457500013872
8	31	-0.4327957500026969
8	31	-0.31592175000332645
8	31	-0.30664050000268617
8	31	-0.16823425000256975
8	31	-0.16410925000309362
8	31	-0.1625155000037921
8	31	-0.1583592500028317
8	31	0.11139074999664444
8	31	0.11614074999670265
8	31	0.3362032499971974
8	31	0.3749844999983907
8	31	0.3862344999979541
8	31	0.7890469999983907
8	31	0.9543282499980705
8	31	1.0630157499981578
8	31	1.1866719999961788
8	31	1.2302344999952766
8	31	1.3408594999964407
8	31	1.3513282499952766
8	31	1.4296719999983907
8	31	1.4455782499971974
8	31	1.4480782499958877
8	31	1.7215157499958877
8	32	-5.942607249999128
8	32	-5.925576000001456
8	32	-5.469044749999739
8	32	-5.237451000000874
8	32	-5.22082600000067
8	32	-5.188576000000467
8	32	-5.102857249999943
8	32	-5.080763500001922
8	32	-5.0359197500001756
8	32	-4.7358572500015725
8	32	-4.619669750001776
8	32	-4.571232250000321
8	32	-4.473919750002096
8	32	-4.3953885000009905
8	32	-4.164763500000845
8	32	-3.861826000000292
8	32	-3.8176697500020964
8	32	-3.689544749999186
8	32	-3.480544750000263
8	32	-3.1802957500003686
8	32	-3.034389500000543
8	32	-2.9028582499995537
8	32	-2.8501082500006305
8	32	-2.8132957499983604
8	32	-2.7750769999984186
8	32	-2.343701999998302
8	32	-2.3255145000002813
8	32	-2.306795749998855
8	32	-2.261139499998535
8	32	-1.9999519999983022
8	32	-1.6440144999978656
8	32	-1.5760457500000484
8	32	-1.4028582499995537
8	32	-1.1432644999986223
8	32	-1.1010145000000193
8	32	-1.0481707500002813
8	32	-0.9778894999981276
8	32	-0.9653905000013765
8	32	-0.7768280000018422
8	32	-0.7161092499991355
8	32	-0.5452342499993392
8	32	-0.33464050000111456
8	32	-0.3271717499992519
8	32	-0.3164217500016093
8	32	-0.25407800000175484
8	32	-0.22660924999945564
8	32	-0.17839050000111456
8	32	-0.12345300000015413
8	32	0.17867199999818695
8	32	0.2891407499992056
8	32	0.430734499997925
8	32	0.43654699999751756
8	32	0.6530157499983034
8	32	0.8682970000008936
8	32	1.100234499997896
8	32	1.2042032499994093
8	32	1.580670999999711
8	32	1.5847022500020103
8	32	1.5890460000009625
8	32	1.8192960000014864
8	33	-5.6462002500011295
8	33	-5.038763749998907
8	33	-4.878357499997946
8	33	-4.870201249999809
8	33	-4.785576250000304
8	33	-4.595044999998208
8	33	-4.519669999997859
8	33	-4.492513749999489
8	33	-4.450388749999547
8	33	-4.371919999997772
8	33	-4.040138749998732
8	33	-3.6293887499996345
8	33	-3.3783574999979464
8	33	-2.887857499998063
8	33	-2.759514749999653
8	33	-2.727139750000788
8	33	-2.6919522500029416
8	33	-2.670202250003058
8	33	-2.6527022500013118
8	33	-2.512327250002272
8	33	-2.4783272500026214
8	33	-2.3093272500009334
8	33	-2.2685460000029707
8	33	-2.23948350000137
8	33	-2.2036397500014573
8	33	-2.1766397500032326
8	33	-2.1040460000003804
8	33	-2.092983500002447
8	33	-2.081202250003116
8	33	-1.6924522500012245
8	33	-1.4466710000015155
8	33	-1.324296000002505
8	33	-1.0752960000027088
8	33	-0.9841085000007297
8	33	-0.9443272500029707
8	33	-0.8439522500011662
8	33	-0.8087960000011662
8	33	-0.6096710000019812
8	33	-0.5499210000016319
8	33	-0.3457657500002824
8	33	-0.16914075000022422
8	33	0.6033592499989027
8	33	0.8566092500004743
8	33	0.896359250000387
8	33	0.9792967499997758
8	33	1.1088592500018422
8	33	1.128671750000649
8	33	1.344765500001813
8	33	1.3849217499991937
8	33	1.393796749998728
8	33	1.442921750000096
8	33	1.453828000001522
8	33	1.4750779999994847
8	33	1.4938592500002414
8	33	1.517359249999572
8	33	1.535140500000125
8	33	1.5702654999986407
8	34	-5.997451000002911
8	34	-5.894826000003377
8	34	-5.187982250001369
8	34	-5.184919750001427
8	34	-4.91223225000067
8	34	-4.888076000002911
8	34	-4.804450999999972
8	34	-4.75323225000102
8	34	-4.521576000002824
8	34	-4.457232250002562
8	34	-4.403576000000612
8	34	-4.3563260000009905
8	34	-4.294076000001951
8	34	-4.291857250002067
8	34	-4.287919750000583
8	34	-4.120763500002795
8	34	-3.9214197500004957
8	34	-3.8641385000009905
8	34	-3.740919750001922
8	34	-3.634669750001194
8	34	-3.6097020000052
8	34	-3.565420750004705
8	34	-3.556577000003017
8	34	-3.551327000004676
8	34	-3.545077000002493
8	34	-3.383764500002144
8	34	-3.366420750004181
8	34	-3.331858250003279
8	34	-3.263795750004647
8	34	-3.2401395000051707
8	34	-3.064889500004938
8	34	-2.97651450000194
8	34	-2.9230145000037737
8	34	-2.8927645000039774
8	34	-2.880608250005025
8	34	-2.8054207500026678
8	34	-2.6472020000037446
8	34	-2.6137645000053453
8	34	-2.4069520000048215
8	34	-2.2036395000031916
8	34	-2.177670750003017
8	34	-2.120202000001882
8	34	-2.0703895000042394
8	34	-2.0678270000025805
8	34	-2.0575770000032207
8	34	-1.9537645000018529
8	34	-1.834233250003308
8	34	-1.8170457500018529
8	34	-1.7277645000031043
8	34	-1.671702000003279
8	34	-1.6077020000047924
8	34	-1.4788895000019693
8	34	-1.475889500004996
8	34	-1.3479520000037155
8	34	-1.3085457500019402
8	34	-1.1024530000031518
8	34	-1.0556092500009981
8	34	-1.0018592500018713
8	34	-0.9793592500027444
8	34	-0.9249530000015511
8	34	-0.8884842500010564
8	34	-0.802609250000387
8	34	-0.7991405000029772
8	34	-0.7267655000032391
8	34	-0.5054530000015802
8	34	-0.4216092500028026
8	34	-0.2929217500022787
8	34	-0.26110925000102725
8	34	-0.13851550000254065
8	34	-0.12595300000248244
8	34	-0.11589050000111456
8	34	-0.05354675000126008
8	34	0.012953249999554828
8	34	0.04501574999812874
8	34	0.04882824999731383
8	34	0.0680469999970228
8	34	0.11301574999743025
8	34	0.2664219999969646
8	34	0.32701574999737204
8	34	0.40460949999760487
8	34	0.48648449999745935
8	34	0.6670469999990019
8	34	0.9057032499986235
8	34	0.9095157499978086
8	34	0.9601407499976631
8	34	1.0885782499972265
8	34	1.0928594999968482
8	34	1.116171999998187
8	34	1.1656407499976922
8	34	1.1933282499994675
8	34	1.399233499996626
8	34	1.4622959999942395
8	34	1.4935459999942395
8	34	1.5237647499961895
8	34	1.6576397499957238
8	34	1.7151084999968589
8	34	1.7389522499943268
8	34	1.7736709999953746
8	34	1.8055459999959567
8	34	1.8318584999942686
8	34	1.844233499996335
8	34	1.8617647499959276
8	34	1.8895147499970335
8	34	1.961827249997441
8	35	-5.971012750000227
8	35	-5.300918999997521
8	35	-5.275075249999645
8	35	-5.246200249999674
8	35	-5.01685749999524
8	35	-4.989107499997772
8	35	-4.952982499995414
8	35	-4.885544999997364
8	35	-4.834607499997219
8	35	-4.640232499998092
8	35	-4.627138749998267
8	35	-4.334607499997219
8	35	-4.205638749997888
8	35	-3.8163574999962293
8	35	-3.540201249998063
8	35	-3.5359512499962875
8	35	-3.145076249995327
8	35	-3.102826249996724
8	35	-3.0731387499981793
8	35	-3.0550449999973353
8	35	-2.97926374999588
8	35	-2.963732499996695
8	35	-2.9321074999970733
8	35	-2.9044824999982666
8	35	-2.8799199999957636
8	35	-2.7124512499976845
8	35	-2.701513749998412
8	35	-2.6552012499960256
8	35	-2.6368887499957054
8	35	-2.60938874999556
8	35	-2.5913272500001767
8	35	-2.54788974999974
8	35	-2.5108897499994782
8	35	-2.5006397500001185
8	35	-2.4305459999995946
8	35	-2.4198584999976447
8	35	-2.3597022499998275
8	35	-2.066483499998867
8	35	-1.9521397499993327
8	35	-1.8522959999972954
8	35	-1.727045999999973
8	35	-1.6766084999981103
8	35	-1.6692022499992163
8	35	-1.6626397500003804
8	35	-1.5922959999988961
8	35	-1.5777647499999148
8	35	-1.554452249998576
8	35	-1.549733500000002
8	35	-1.5427022500007297
8	35	-1.5263584999993327
8	35	-1.5202647499972954
8	35	-1.0534522499983723
8	35	-0.8261710000006133
8	35	-0.6525459999975283
8	35	-0.6412959999979648
8	35	-0.625796000000264
8	35	-0.6125147499988088
8	35	-0.5920147500000894
8	35	-0.5740772499993909
8	35	-0.5641084999988379
8	35	-0.5277022499976738
8	35	-0.2606085000006715
8	35	-0.21729599999889615
8	35	0.6022030000021914
8	35	0.6635155000039958
8	35	0.7352655000031518
8	35	0.9383280000038212
8	35	0.9680780000016966
8	36	-5.9639502499994705
8	36	-5.864731499998015
8	36	-5.659856499998568
8	36	-5.544043999998394
8	36	-5.231076249998296
8	36	-4.957669999996142
8	36	-4.5686387499954435
8	36	-4.564701249997597
8	36	-4.557857499996317
8	36	-4.399076249996142
8	36	-4.302732499996637
8	36	-4.2419512499982375
8	36	-4.223357499995473
8	36	-4.1904512499968405
8	36	-4.1226074999976845
8	36	-4.097982499995851
8	36	-4.0917637499951525
8	36	-3.8864824999982375
8	36	-3.8465762499981793
8	36	-3.754326249996666
8	36	-3.548138749996724
8	36	-3.544419999998354
8	36	-3.5407637499956763
8	36	-3.4411699999982375
8	36	-3.3319199999968987
8	36	-3.224857499997597
8	36	-3.1621074999966368
8	36	-3.1499512499976845
8	36	-3.111638749996928
8	36	-3.1048262499971315
8	36	-3.014701249998325
8	36	-2.511389749997761
8	36	-2.496077249998052
8	36	-2.298608499997499
8	36	-2.250702249999449
8	36	-2.2118897500004095
8	36	-2.175233499998285
8	36	-2.147358499998518
8	36	-2.052608499998314
8	36	-2.040264749997732
8	36	-1.9995147499976156
8	36	-1.9248897500001476
8	36	-1.9085459999987506
8	36	-1.880108499997732
8	36	-1.839920999998867
8	36	-1.8223584999977902
8	36	-1.7971397500004969
8	36	-1.7633585000003222
8	36	-1.5680460000003222
8	36	-1.4768584999983432
8	36	-1.457920999997441
8	36	-1.4058584999984305
8	36	-1.0642960000004678
8	36	-0.9600772499979939
8	36	-0.9368584999974701
8	36	-0.8436084999993909
8	36	-0.7627334999997402
8	36	-0.7146709999979066
8	36	-0.3701719999953639
8	36	0.2585467500030063
8	36	0.3577967500023078
8	36	0.5508905000024242
8	36	0.5914530000045488
8	36	1.0182967500040832
8	36	1.3622967500014056
8	36	1.5122967500028608
8	36	1.7101092500015511
8	36	1.79982800000289
8	36	1.8087342500039085
8	37	-5.88579424999989
8	37	-5.6862317499981145
8	37	-5.542513000000326
8	37	-5.531450499998755
8	37	-5.529231749998871
8	37	-5.52276300000085
8	37	-5.517981749999308
8	37	-5.508325499999046
8	37	-5.505012999998144
8	37	-5.488887999999861
8	37	-5.439169249999395
8	37	-5.429606749999948
8	37	-5.260607749998599
8	37	-5.167326499999035
8	37	-5.157857749996765
8	37	-4.959732749997784
8	37	-4.929263999998511
8	37	-4.779263999997056
8	37	-4.744513999998162
8	37	-4.700545249997958
8	37	-4.358826499996212
8	37	-4.296763999998802
8	37	-4.251826499996241
8	37	-3.750357749999239
8	37	-3.651388999998744
8	37	-3.6154514999980165
8	37	-3.5713264999976673
8	37	-3.3921702499974344
8	37	-3.2587639999983367
8	37	-3.2398577499989187
8	37	-3.228763999999501
8	37	-3.2126702499990643
8	37	-3.2009514999990643
8	37	-3.1106389999986277
8	37	-2.956576499997027
8	37	-2.834202499998355
8	37	-2.651733750000858
8	37	-2.308389999998326
8	37	-2.296171250000043
8	37	-2.229546250000567
8	37	-2.227202499998384
8	37	-2.206202500001382
8	37	-2.162514999999985
8	37	-1.5222337500017602
8	37	-1.2639212499998393
8	37	-1.24054624999917
8	37	-0.9576400000005378
8	37	-0.6437650000007125
8	37	-0.5994524999987334
8	37	-0.587077500000305
8	37	-0.5038275000006252
8	37	-0.2865784999994503
8	37	-0.2655472499973257
8	37	-0.2585159999980533
8	37	-0.21351599999979953
8	37	0.03510900000037509
8	37	0.07914024999990943
8	37	0.21142150000014226
8	37	0.24889025000084075
8	37	0.26360900000145193
8	37	0.4572340000013355
8	37	0.4649527500005206
8	37	0.9467652500024997
8	37	1.1941715000029944
8	37	1.4447652500020922
8	37	1.571484000000055
8	37	1.654765250001219
8	37	1.9085465000025579
8	38	-5.990450000001147
8	38	-5.964981249999255
8	38	-5.902043750000303
8	38	-5.877075000000332
8	38	-5.768762499999866
8	38	-5.206857249999302
8	38	-5.151200999996945
8	38	-5.103575999997702
8	38	-5.054294749996188
8	38	-5.031075999999302
8	38	-4.898294749997149
8	38	-4.824044749999302
8	38	-4.786450999996305
8	38	-4.452200999996421
8	38	-4.409232249996421
8	38	-4.389138499998808
8	38	-4.351575999997294
8	38	-4.275357249996887
8	38	-4.2349197499970614
8	38	-4.16570099999808
8	38	-4.052107249997789
8	38	-3.987357249996421
8	38	-3.9455759999982547
8	38	-3.894013499997527
8	38	-3.854732249998051
8	38	-3.8338259999982256
8	38	-3.529982249998284
8	38	-3.4225134999978764
8	38	-3.4022009999971488
8	38	-3.399544749998313
8	38	-3.223982249997789
8	38	-3.145044749999215
8	38	-2.406076999999641
8	38	-2.3953269999983604
8	38	-2.1212645000014163
8	38	-2.118233249999321
8	38	-2.0908582500014745
8	38	-2.0561082499989425
8	38	-1.9076395000010962
8	38	-1.7680770000006305
8	38	-1.701827000000776
8	38	-1.639327000000776
8	38	-1.6357644999989134
8	38	-1.3105457499987097
8	38	-1.0133582499984186
8	38	-0.8167020000000775
8	38	-0.613733250000223
8	38	-0.5581707499986805
8	38	-0.5539519999983895
8	38	-0.5404520000010962
8	38	-0.5050457500001357
8	38	-0.4842644999989716
8	38	-0.4633582499991462
8	38	-0.4033269999999902
8	38	0.06879700000354205
8	38	0.08142200000293087
8	38	0.28426575000048615
8	38	0.5280470000034256
8	38	0.8077032500004862
8	38	0.9448907500009227
8	38	1.0469220000013593
8	38	1.1007970000027854
8	38	1.1251720000036585
8	38	1.1338907500030473
8	38	1.1481720000010682
8	38	1.1642657500015048
8	38	1.1767657500022324
8	38	1.1899532500028727
8	38	1.215265750000981
8	38	1.5528282500017667
8	38	1.7938907500029018
8	38	1.8297657500006608
8	39	-5.943481250000332
8	39	-5.868481249999604
8	39	-5.859731250002369
8	39	-5.71923125000103
8	39	-5.713918749999721
8	39	-5.543043749999924
8	39	-5.498418750001292
8	39	-5.065669749998051
8	39	-5.022419749999244
8	39	-5.019169749997673
8	39	-4.516200999998546
8	39	-4.509951000000001
8	39	-4.495607249999011
8	39	-4.477794750000612
8	39	-4.3928259999993315
8	39	-4.075325999998313
8	39	-4.0565759999990405
8	39	-3.9965134999984
8	39	-3.9502634999989823
8	39	-3.941388499999448
8	39	-3.932138500000292
8	39	-3.8112947499976144
8	39	-3.776794749999681
8	39	-3.6201072500007285
8	39	-3.397200999999768
8	39	-3.3462634999996226
8	39	-2.8950760000006994
8	39	-2.882700999998633
8	39	-2.8297947499995644
8	39	-2.7113270000008924
8	39	-2.645170750001853
8	39	-2.5972332500023185
8	39	-2.5793270000031043
8	39	-2.4706082500015327
8	39	-2.4134520000006887
8	39	-2.3965457500016782
8	39	-2.380264499999612
8	39	-2.374514500002988
8	39	-2.358983250000165
8	39	-2.344608250001329
8	39	-2.332889500001329
8	39	-2.3109207500019693
8	39	-2.2931395000014163
8	39	-2.2400145000028715
8	39	-2.225983250002173
8	39	-2.177358250002726
8	39	-2.1734832500005723
8	39	-1.626264500002435
8	39	-1.6018895000015618
8	39	-1.572920750000776
8	39	-1.4937332500012417
8	39	-1.4587645000028715
8	39	-1.4015145000012126
8	39	-1.3861707500000193
8	39	-1.3816707500009215
8	39	-1.3782645000028424
8	39	-1.1335457500026678
8	39	-0.9980457500023476
8	39	-0.9446082499998738
8	39	-0.7406082500019693
8	39	-0.7356707500002813
8	39	-0.7031707500027551
8	39	-0.494795750000776
8	39	-0.449045749999641
8	39	-0.3587645000006887
8	39	-0.3281707500027551
8	39	-0.1778592500013474
8	39	0.045265749999089167
8	39	0.0885469999993802
8	39	0.2246095000009518
8	39	0.3930157499999041
8	39	0.40835950000109733
8	39	0.41767199999958393
8	39	0.4212970000007772
8	39	1.149078250000457
8	39	1.4740469999997003
8	39	1.7605157500001951
8	39	1.8229844999987108
8	39	1.9093282499998168
8	40	-5.868075250000402
8	40	-5.608294000001479
8	40	-5.5097940000014205
8	40	-5.249950249999529
8	40	-4.8820127500002855
8	40	-4.860419000000547
8	40	-4.8000752500011
8	40	-4.534106499999325
8	40	-4.336356499999965
8	40	-4.1312002500017115
8	40	-4.084106500002235
8	40	-3.727295000000595
8	40	-3.7121387499973935
8	40	-3.662326249999751
8	40	-3.575076249999256
8	40	-3.4178575000005367
8	40	-3.3577949999998964
8	40	-3.291669999998703
8	40	-3.2530762499991397
8	40	-3.2158262499979173
8	40	-3.1230450000002747
8	40	-3.116263749998325
8	40	-3.061701250000624
8	40	-3.0436387499976263
8	40	-3.024170000000595
8	40	-2.9479512500001874
8	40	-2.923138750000362
8	40	-2.9096387499994307
8	40	-2.831857499997568
8	40	-2.819201250000333
8	40	-2.814576249998936
8	40	-2.754451249998965
8	40	-2.6998262499982957
8	40	-2.6566074999973353
8	40	-2.59810749999815
8	40	-2.551544999998441
8	40	-2.520888749997539
8	40	-2.4945449999977427
8	40	-2.4816699999973935
8	40	-2.2880137499996636
8	40	-2.2521075000004203
8	40	-2.248294999997597
8	40	-1.5897949999998673
8	40	-1.0915459999996528
8	40	-0.8652959999999439
8	40	-0.7277334999998857
8	40	-0.6949522499999148
8	40	-0.6565772499998275
8	40	-0.3802335000000312
8	40	-0.3566397499998857
8	40	-0.21945224999944912
8	40	0.25948525000058
8	40	0.3370164999978442
8	40	0.35832899999877554
8	40	0.3603602500006673
8	40	0.3829852499984554
8	40	0.6397977499982517
8	40	0.6687039999997069
8	40	0.71651650000058
8	40	0.7998602499974368
8	40	0.8632352499989793
8	40	0.875547749998077
8	40	0.9520477499972912
8	40	1.004235249998601
8	40	1.0655780000015511
8	40	1.0921405000008235
8	40	1.5832342499998049
8	40	1.8186092500000086
8	40	1.8919842499999504
8	40	1.921640500000649
8	41	-5.524138250002579
8	41	-5.420919500000309
8	41	-5.2952320000003965
8	41	-4.789982000002055
8	41	-4.65682575000028
8	41	-4.540888250001444
8	41	-4.537075750002259
8	41	-4.4323570000015025
8	41	-4.362200750001648
8	41	-4.343700750003336
8	41	-4.1503882500037435
8	41	-4.138357000003452
8	41	-3.877419500000542
8	41	-3.2871382500015898
8	41	-3.2184195000008913
8	41	-3.2129195000015898
8	41	-3.2050757500037435
8	41	-3.199700750003103
8	41	-2.8891080000030342
8	41	-2.8857330000028014
8	41	-2.641764250005508
8	41	-2.638170500005799
8	41	-2.628795500004344
8	41	-1.8870455000032962
8	41	-1.8491705000051297
8	41	-1.5534830000033253
8	41	-1.3190455000039947
8	41	-1.1707642500041402
8	41	-1.1054517500051588
8	41	-1.0761080000047514
8	41	-1.0235142500023358
8	41	-0.9146080000027723
8	41	-0.7091392500042275
8	41	-0.6948892500040529
8	41	-0.5025465000035183
8	41	-0.48417150000386755
8	41	-0.45920275000389665
8	41	-0.4011402500036638
8	41	-0.30432775000372203
8	41	-0.2281402500011609
8	41	-0.20445275000383845
8	41	-0.057452750002994435
8	41	-0.03420275000098627
8	41	0.0075472499993338715
8	41	0.044703499996103346
8	41	0.17948474999866448
8	41	0.1976097499973548
8	41	0.23564099999930477
8	41	0.28220349999901373
8	41	0.5677659999964817
8	41	0.5731722499986063
8	41	0.7381722499958414
8	41	0.9959534999979951
8	42	-5.8757635000001756
8	42	-5.6854822500026785
8	42	-5.607263500001864
8	42	-5.395825999999943
8	42	-4.879200999999739
8	42	-4.800232249999681
8	42	-4.490044750000379
8	42	-4.425794750000932
8	42	-4.347357250000641
8	42	-4.286232250000467
8	42	-4.269951000002038
8	42	-4.235358250003628
8	42	-4.08460825000293
8	42	-4.009014500003104
8	42	-3.9471395000036864
8	42	-3.731452000003628
8	42	-3.689983250002115
8	42	-3.2999207500033663
8	42	-3.2949207500023476
8	42	-3.1557020000036573
8	42	-3.1108270000040648
8	42	-2.9538582500026678
8	42	-2.950077000001329
8	42	-2.5804832500034536
8	42	-2.2351082500026678
8	42	-2.229483250004705
8	42	-2.1978895000029297
8	42	-1.9498895000033372
8	42	-1.9335457500019402
8	42	-1.9074520000031043
8	42	-1.8742957500035118
8	42	-1.8271707500025514
8	42	-1.6061092500021914
8	42	-1.464109250002366
8	42	-1.2963592500018422
8	42	-1.0819842500022787
8	42	-1.0321404999995138
8	42	-1.01857800000289
8	42	-1.0083905000028608
8	42	-0.9905780000008235
8	42	-0.9728592499996012
8	42	-0.9599842500028899
8	42	-0.9482342500014056
8	42	-0.8806404999995721
8	42	-0.7989842500028317
8	42	-0.6829842500010272
8	42	-0.6291405000010855
8	42	-0.561046750000969
8	42	-0.4968280000030063
8	42	-0.3367342500023369
8	42	-0.315359250002075
8	42	-0.29401549999965937
8	42	-0.16170300000158022
8	42	-0.159109250002075
8	42	-0.1568280000028608
8	42	-0.15357800000128918
8	42	-0.15039050000268617
8	42	0.4508282499991765
8	42	0.6675469999972847
8	42	0.84988974999942
8	42	0.8610772499996528
8	42	1.1166085000004387
8	42	1.1205147500004387
8	42	1.1239210000021558
8	42	1.1284522499990999
8	42	1.1307647499997984
8	42	1.137108499999158
8	42	1.7439835000004678
8	42	1.800858499998867
8	42	1.8177335000000312
8	42	1.9578585000017483
8	42	1.9939210000011371
8	43	-5.979637749998801
8	43	-5.912419000000227
8	43	-5.858293999997841
8	43	-5.766294000000926
8	43	-5.733200250000664
8	43	-5.67073149999851
8	43	-5.637825249999878
8	43	-5.624793999999383
8	43	-5.603918999997404
8	43	-5.572950249999849
8	43	-5.5297314999988885
8	43	-5.514575249999325
8	43	-5.478325249998306
8	43	-5.334825249999994
8	43	-5.304293999997753
8	43	-4.957794999998441
8	43	-4.772888749997946
8	43	-4.720513749998645
8	43	-4.680232499998965
8	43	-3.8433887499959383
8	43	-3.5880762499982666
8	43	-3.2128574999987904
8	43	-3.141044999996666
8	43	-2.9369824999957928
8	43	-2.8551387499974226
8	43	-2.4922960000003513
8	43	-2.436546000000817
8	43	-2.281420999999682
8	43	-2.099045999999362
8	43	-2.0407022500003222
8	43	-1.6977647499988961
8	43	-1.5723584999977902
8	43	-1.4603272499989544
8	43	-0.9558897499991872
8	43	-0.9308584999998857
8	43	-0.8393272499997693
8	43	-0.7825459999985469
8	43	-0.7589522499984014
8	43	-0.7405460000009043
8	43	-0.5977022500010207
8	43	-0.5733272500001476
8	43	-0.5416709999990417
8	43	-0.36482724999950733
8	43	-0.34698349999962375
8	43	-0.055046999998012325
8	43	-0.05029699999795412
8	43	-0.04679699999906006
8	43	-0.04485949999798322
8	43	0.14717175000259886
8	43	0.29154675000245334
8	43	0.34614050000163843
8	43	0.7500467500030936
8	43	0.7806092500031809
8	43	0.8829217500024242
8	43	0.9124530000008235
8	43	0.948484250002366
8	43	0.977265500001522
8	43	1.0617342500008817
8	43	1.1280780000015511
8	43	1.1585467500008235
8	43	1.4084217500021623
8	43	1.720984250001493
8	44	-5.860418500004016
8	44	-5.791731000004802
8	44	-5.679574750003667
8	44	-5.167825750002521
8	44	-4.983263250003802
8	44	-4.921482000001561
8	44	-4.905107000002317
8	44	-4.886888250002812
8	44	-4.866450750003423
8	44	-4.850388250000833
8	44	-4.610013250003249
8	44	-4.560044500001823
8	44	-4.517263250003452
8	44	-4.493950750002114
8	44	-4.476044500002899
8	44	-4.460825750004005
8	44	-4.415450750002492
8	44	-4.365107000001444
8	44	-4.264638250002463
8	44	-4.162763250002172
8	44	-4.139950750002754
8	44	-4.125294500001473
8	44	-4.11648200000127
8	44	-4.1056695000006584
8	44	-4.069138250000833
8	44	-3.6827632500026084
8	44	-3.6609820000012405
8	44	-3.606950750003307
8	44	-3.5842945000040345
8	44	-3.5484195000026375
8	44	-3.5383570000012696
8	44	-3.5168882500038308
8	44	-3.491638250001415
8	44	-3.4782320000012987
8	44	-3.4446695000006002
8	44	-3.428794500003278
8	44	-2.787420500004373
8	44	-2.5843267500058573
8	44	-2.5344830000030925
8	44	-2.140201750004053
8	44	-1.979451750004955
8	44	-1.637233000004926
8	44	-1.4809205000055954
8	44	-1.4292642500040529
8	44	-1.4153892500035
8	44	-1.13292050000382
8	44	-1.08604550000382
8	44	-1.010889250002947
8	44	-0.7396392500049842
8	44	-0.5289517500059446
8	44	-0.4897017500043148
8	44	-0.3902642500033835
8	44	-0.1861402500035183
8	44	-0.10276525000153924
8	44	-0.006077750003896654
8	44	0.029015999996772734
8	44	0.03310974999840255
8	44	0.04039099999863538
8	44	0.05385974999808241
8	44	0.4734534999988682
8	44	0.6051409999963653
8	44	1.1510472499976458
8	45	-5.677950249999412
8	45	-5.5550762499988195
8	45	-5.472982499999489
8	45	-5.329701249997015
8	45	-5.272982499998761
8	45	-5.0075762499982375
8	45	-4.580107499998121
8	45	-4.300076249997801
8	45	-4.132544999996753
8	45	-3.9812637499962875
8	45	-3.788982499998383
8	45	-3.489451249999547
8	45	-3.43916999999783
8	45	-3.4027324999988195
8	45	-3.3626387499971315
8	45	-3.3582324999988487
8	45	-3.3265762499977427
8	45	-3.3122637499982375
8	45	-3.202951249997568
8	45	-3.101420999995753
8	45	-3.0991084999950544
8	45	-3.0176084999948216
8	45	-2.9026709999961895
8	45	-2.48085849999552
8	45	-2.4373272499979066
8	45	-2.4056397499953164
8	45	-2.3795459999964805
8	45	-2.338889749997179
8	45	-2.32748349999747
8	45	-2.3229834999947343
8	45	-2.2441709999948216
8	45	-2.2137334999970335
8	45	-2.170202249995782
8	45	-2.137077249997674
8	45	-2.1101397499951418
8	45	-2.081577249995462
8	45	-1.8607022499963932
8	45	-1.8182022499968298
8	45	-1.7627022499946179
8	45	-1.6447959999968589
8	45	-1.5255772499949671
8	45	-1.513545999994676
8	45	-0.9827647499951127
8	45	-0.9534209999947052
8	45	-0.9267334999967716
8	45	-0.8767647499953455
8	45	-0.849577249995491
8	45	-0.8359522499958985
8	45	-0.8292647499947634
8	45	-0.5933907499966153
8	45	-0.5784844999980123
8	45	-0.5716094999988854
8	45	-0.5463594999964698
8	45	-0.531265749999875
8	45	-0.29889074999664444
8	45	-0.09364074999757577
8	45	0.11970300000029965
8	45	0.1341405000021041
8	45	0.16610925000350107
8	45	0.19698425000024145
8	45	0.2194217500036757
8	45	0.23854675000256975
8	45	0.26120300000184216
8	45	0.3132967500023369
8	45	0.38392175000262796
8	45	0.4428592500007653
8	45	0.7168592500020168
8	45	0.9368905000010272
8	45	1.334890500002075
8	45	1.6827342500000668
8	45	1.686765500002366
8	45	1.696015500001522
8	46	-5.9092320000017935
8	46	-5.846107000001211
8	46	-5.675450750000891
8	46	-5.323950750000222
8	46	-4.681044500001008
8	46	-4.537544499999058
8	46	-4.516263249999611
8	46	-4.4461382500012405
8	46	-4.316482000001997
8	46	-4.261607999997068
8	46	-4.090826749998087
8	46	-4.049514250000357
8	46	-4.033295499997621
8	46	-4.001857999999629
8	46	-3.9848579999998037
8	46	-3.6039829999972426
8	46	-2.896295499998814
8	46	-2.614514249999047
8	46	-2.5207329999975627
8	46	-2.2570454999986396
8	46	-1.9099829999977374
8	46	-1.811733999998978
8	46	-1.7678589999995893
8	46	-1.6399215000019467
8	46	-1.5986714999999094
8	46	-1.5289840000004915
8	46	-1.4732027499994729
8	46	-1.371952749999764
8	46	-1.3100465000024997
8	46	-1.2381090000017139
8	46	-1.2138277500016557
8	46	-1.1763277499994729
8	46	-1.0988590000015392
8	46	-1.0395465000001423
8	46	-0.3889527499995893
8	46	-0.0407340000019758
8	46	-0.014921500001946697
8	46	0.019922249997762265
8	46	0.1123909999987518
8	46	0.22173475000090548
8	46	0.3998597499994503
8	46	0.6110472500004107
8	46	0.7790774999994028
8	46	0.8781712500021968
8	46	0.9539837500014983
8	46	1.0826400000005378
8	46	1.2151400000002468
8	46	1.2752337500023714
8	46	1.3428587500020512
8	46	1.3713587500024005
8	46	1.5712650000023132
8	46	1.6799525000024005
8	46	1.7400775000023714
8	46	1.913765000001149
8	47	-5.995668999999907
8	47	-5.862107499997364
8	47	-5.277388750000682
8	47	-5.268919999998616
8	47	-5.223888749998878
8	47	-4.681420000000799
8	47	-4.559888749998208
8	47	-4.495295000000624
8	47	-4.328076249999867
8	47	-4.053294999997888
8	47	-3.998263749999751
8	47	-3.9121699999996054
8	47	-3.886544999997568
8	47	-3.781794999998965
8	47	-3.7325137499974517
8	47	-3.6287012499997218
8	47	-2.9486397500004387
8	47	-2.8782334999996237
8	47	-2.8305147499995655
8	47	-2.7230772500006424
8	47	-2.7160147499998857
8	47	-2.556827250002243
8	47	-2.5221085000011954
8	47	-2.2978272500004095
8	47	-2.2500147499995364
8	47	-2.197014749999653
8	47	-2.193014750002476
8	47	-2.174202250000235
8	47	-2.169577250002476
8	47	-2.16648350000105
8	47	-2.008514749999449
8	47	-1.999046000000817
8	47	-1.971389750000526
8	47	-1.9403897500014864
8	47	-1.8908272500011662
8	47	-1.8500147500017192
8	47	-1.8161397500007297
8	47	-1.6113585000020976
8	47	-1.6071085000003222
8	47	-1.5288897499995073
8	47	-1.5189210000025923
8	47	-1.4832960000021558
8	47	-1.4506710000023304
8	47	-1.3855460000013409
8	47	-1.3224835000000894
8	47	-1.28348349999942
8	47	-1.2564210000018647
8	47	-1.2397647500001767
8	47	-1.2263897500015446
8	47	-1.174514750000526
8	47	-1.1511085000020103
8	47	-1.1249210000023595
8	47	-1.1116397500009043
8	47	-1.0775460000004387
8	47	-0.9972647499998857
8	47	-0.9672022500017192
8	47	-0.9475772500009043
8	47	-0.5578595000006317
8	47	-0.5350782499990601
8	47	-0.36942199999975855
8	47	-0.3402657500009809
8	47	-0.011390749998099636
8	47	0.0583592500006489
8	47	0.06173425000088173
8	47	0.9760467500018422
8	47	1.1376717499988445
8	47	1.1762967499998922
8	47	1.2033279999996012
8	47	1.2122029999991355
8	47	1.2233280000000377
8	47	1.2544842499992228
8	47	1.3023280000015802
8	47	1.4770155000005616
8	47	1.786420749998797
8	48	-5.946794250001403
8	48	-5.8507004999992205
8	48	-5.618419250000443
8	48	-5.602950500000588
8	48	-5.551950500001112
8	48	-5.441106750000472
8	48	-5.369231750002655
8	48	-5.338013000000501
8	48	-5.177981749999162
8	48	-5.15801300000021
8	48	-5.144638000001578
8	48	-5.082388000002538
8	48	-5.03691925000021
8	48	-4.948888000002626
8	48	-4.944919249999657
8	48	-4.865856750002422
8	48	-4.697450499999832
8	48	-4.64013800000248
8	48	-4.637794250000297
8	48	-4.579919250001694
8	48	-4.509075500001927
8	48	-4.454138000000967
8	48	-4.426169250000385
8	48	-4.394200500002626
8	48	-4.355075499999657
8	48	-4.335325500000181
8	48	-4.263138000002073
8	48	-4.232700500000647
8	48	-4.140356750001956
8	48	-4.074356749999424
8	48	-3.9790754999994533
8	48	-3.938419250000152
8	48	-3.882606750001287
8	48	-3.8607630000005884
8	48	-3.8270755000012286
8	48	-3.7489505000012286
8	48	-3.683731749999424
8	48	-3.680013000001054
8	48	-3.6732942500020727
8	48	-3.641044250001869
8	48	-3.6307317499995406
8	48	-3.307638999998744
8	48	-2.9667014999977255
8	48	-2.8352327499997045
8	48	-2.8244515000005777
8	48	-2.818420249997871
8	48	-2.811232749998453
8	48	-2.6134827499990934
8	48	-2.573764000000665
8	48	-2.55413899999985
8	48	-2.4267952499976673
8	48	-2.367763999998715
8	48	-2.2867327499989187
8	48	-2.229701500000374
8	48	-2.1952014999988023
8	48	-2.1906077499988896
8	48	-2.178420249998453
8	48	-2.141607749999821
8	48	-2.0697015000005194
8	48	-2.0564515000005485
8	48	-2.028107750000345
8	48	-1.9912327499987441
8	48	-1.9885140000005777
8	48	-1.794264000000112
8	48	-1.7721390000006068
8	48	-1.7648264999988896
8	48	-1.755201500000112
8	48	-1.6897639999988314
8	48	-1.6427640000001702
8	48	-0.674046250001993
8	48	-0.6555150000021968
8	48	-0.5577650000013818
8	48	-0.45601499999975204
8	48	-0.0007650000006833579
8	48	0.04154749999725027
8	48	0.07826624999870546
8	48	0.16354750000027707
8	48	0.6340474999997241
8	48	0.7021099999983562
8	48	0.8577662499992584
8	49	-5.936669750000874
8	49	-5.914294750000408
8	49	-5.782888500001718
8	49	-5.751388500000758
8	49	-5.65313850000166
8	49	-5.626982249999855
8	49	-5.6155447500023
8	49	-5.549607250002737
8	49	-5.401138500001252
8	49	-5.362638500002504
8	49	-5.3527322500012815
8	49	-5.348638499999652
8	49	-5.345919750001485
8	49	-5.334388500003115
8	49	-5.196513500002766
8	49	-5.194419750001543
8	49	-5.192638500000612
8	49	-5.085138500002358
8	49	-4.897669750000205
8	49	-4.822951000001922
8	49	-4.756357250000292
8	49	-4.732326000001194
8	49	-4.643138499999623
8	49	-4.518201000002591
8	49	-4.497294750002766
8	49	-4.4180135000024165
8	49	-4.3893260000004375
8	49	-4.268482250001398
8	49	-4.242169750003086
8	49	-4.227138500002184
8	49	-4.201200999999855
8	49	-4.172107250000408
8	49	-4.018076000000292
8	49	-3.9835760000023583
8	49	-3.906326000000263
8	49	-3.8592322500007867
8	49	-3.690888500001165
8	49	-2.8643894999986514
8	49	-2.8556707499992626
8	49	-2.670389499999146
8	49	-2.6261395000001357
8	49	-2.6047332499983895
8	49	-2.5612332499986223
8	49	-2.2170770000011544
8	49	-1.967764500001067
8	49	-1.8831394999979238
8	49	-1.8352019999983895
8	49	-1.8103894999985641
8	49	-1.804920750000747
8	49	-1.7408269999978074
8	49	-1.5805145000013
8	49	-1.558420749999641
8	49	-1.5503270000008342
8	49	-1.445764500000223
8	49	-1.4424207499978365
8	49	-1.4177332500003104
8	49	-1.2619832499985932
8	49	-1.2238895000009506
8	49	-1.1724519999988843
8	49	-1.1126394999992044
8	49	-1.109201999999641
8	49	-0.9533905000025698
8	49	-0.6152030000012019
8	49	-0.5489530000013474
8	49	-0.3539842500031227
8	49	-0.22670300000027055
8	49	-0.08457800000178395
8	49	-0.006546750002598856
8	49	0.027265749999060063
8	49	0.05854699999690638
8	49	0.5433594999994966
8	49	0.5828594999984489
8	49	0.6077969999969355
8	49	0.9522969999998168
8	49	1.066734500000166
8	49	1.1465782499981287
8	49	1.1904844999990019
8	49	1.9506709999986924
8	49	1.956795999998576
8	49	1.9938272500003222
9	1	-3.838576500002091
9	1	0.25826524999865796
9	1	1.5500777499983087
9	1	1.9961714999990363
9	2	-2.2019204999996873
9	2	-0.8843579999993381
9	3	-5.792449999997189
9	3	-3.5807322500004375
9	3	-3.559107249999215
9	3	-3.266138499999215
9	4	-5.93235724999613
9	4	-5.8357634999956645
9	4	-4.198607249996712
9	4	-3.919200999996974
9	4	-2.2070144999997865
9	4	-0.19867174999671988
9	5	-5.9400757500006875
9	5	-1.3550767500018992
9	5	-1.2567330000019865
9	5	-0.5867652499982796
9	5	0.4845472500019241
9	6	-5.734732000000804
9	6	-2.229107999999542
9	6	-0.7827027500024997
9	6	-0.39098400000148104
9	6	-0.3775777500013646
9	7	-4.034918999997899
9	7	-3.266044999996666
9	7	-1.3701387499968405
9	7	-0.9285772500006715
9	7	-0.4552335000007588
9	7	0.06332900000052177
9	7	1.5190467500033265
9	7	1.6049217500003579
9	8	-5.538419000000431
9	8	-3.4582325000010314
9	8	-3.446576250000362
9	8	-3.4136387500002456
9	8	-1.4130772500029707
9	8	1.1210155000007944
9	8	1.2020467500005907
9	8	1.3750467499994556
9	9	-0.7141704999994545
9	9	0.6106097499978205
9	9	1.3827347499973257
9	10	-1.5180457500027842
9	10	-0.3922030000030645
9	10	0.17882824999833247
9	10	0.2398282499962079
9	10	1.8157334999996237
9	11	-5.793637750004564
9	11	-5.754825250001886
9	11	-5.7338877500042145
9	11	-5.595450250002614
9	11	-4.482919000001857
9	11	-1.599483499998314
9	12	-1.463983500001632
9	12	1.1763904999970691
9	13	-3.4189197500018054
9	13	-1.9877645000015036
9	13	1.6154844999982743
9	14	-2.8147955000022193
9	14	-2.3031080000000657
9	14	-1.9212017499994545
9	14	-0.4928902499996184
9	14	-0.10957774999769754
9	15	-5.671450749996438
9	15	-3.7992632499990577
9	15	-3.31320174999928
9	16	-5.777888250002434
9	16	-5.721700750000309
9	16	-5.652294500003336
9	16	-3.5311080000028596
9	16	-1.793109000002005
9	16	0.16526599999633618
9	16	1.94264000000112
9	17	-5.107356500000606
9	17	-5.095950250000897
9	17	-5.082794999998441
9	17	-3.693794999999227
9	17	-2.7026074999994307
9	17	-2.4429522499995073
9	17	-0.8389835000016319
9	17	0.039390500001900364
9	17	0.9145467500020459
9	17	1.344046750000416
9	18	-5.164325999998255
9	18	-3.529888499997469
9	18	-1.5685144999988552
9	18	-1.5096707499978947
9	19	-4.773825249998481
9	19	-1.0842960000009043
9	19	-0.0576710000023013
9	19	0.5074227500008419
9	19	1.2686092500007362
9	20	-1.8122335000007297
9	20	-0.9219210000010207
9	21	-5.730482249997294
9	21	-3.84782599999744
9	21	-0.003171749998728046
9	21	0.00745325000025332
9	21	0.017797000000427943
9	22	-2.9331392499989306
9	22	-2.833670500000153
9	23	-4.649794500001008
9	23	-4.642200750000484
9	23	-4.6354820000015025
9	23	-4.622919500001444
9	23	-4.398044500001561
9	23	-2.786482999999862
9	23	-2.447139250001783
9	23	-0.33035900000322727
9	23	-0.02204650000203401
9	24	-0.583889999998064
9	25	-0.6533892499974172
9	25	-0.4415767499995127
9	25	1.1488284999977623
9	26	-5.915356249999604
9	26	-5.48198124999908
9	26	-5.293668749996868
9	26	-4.686107249999623
9	26	-2.862138500000583
9	26	-2.5666707499985932
9	26	1.1435469999996712
9	27	-5.965106500003458
9	27	-2.140514750000875
9	27	1.431515499996749
9	27	1.4417342499982624
9	27	1.4491404999971564
9	27	1.4526404999960505
9	27	1.455671749998146
9	27	1.463890499995614
9	27	1.4702029999971273
9	27	1.485171749995061
9	28	-5.334357499999896
9	28	-1.5049209999997402
9	29	-0.3701092500014056
9	29	-0.36110925000321004
9	29	1.0333594999974594
9	30	-5.703450499997416
9	30	-3.353045250001742
9	30	0.8518277500006661
9	30	0.8567965000002005
9	31	-4.937294750001456
9	31	-0.16982800000187126
9	31	0.36479699999836157
9	31	1.5971719999979541
9	31	1.7085782499962079
9	32	-2.823858249998011
9	32	-2.800920749999932
9	32	-2.7903582500002813
9	32	-0.8066717500005325
9	32	-0.7880780000014056
9	33	-3.3951075000004494
9	33	-2.1420772500023304
9	33	-1.7412022500029707
9	33	-0.6275772500011954
9	33	-0.5851085000031162
9	33	-0.530702250001923
9	33	1.501515500000096
9	34	-3.9598260000020673
9	34	-3.8602635000024748
9	34	-3.3889832500026387
9	34	-2.7310457500025223
9	34	-2.5751082500028133
9	34	-1.6237645000037446
9	34	-0.7449530000012601
9	34	-0.5022030000036466
9	34	-0.027890500001376495
9	34	1.0491094999997586
9	35	-5.7896064999986265
9	35	-2.0155459999987215
9	35	-0.7279522499993618
9	35	1.7590780000027735
9	36	-5.523637749996851
9	36	-4.27370124999652
9	36	-3.7085137499962
9	36	-3.061888749998616
9	36	-3.0546387499962293
9	36	-1.5363272499998857
9	36	-0.0033907499964698218
9	37	-3.8693577499980165
9	38	-4.11248224999872
9	38	-1.3167332500015618
9	38	-0.6495145000008051
9	38	1.4682970000030764
9	39	-5.71673125000234
9	39	-5.127982250000059
9	39	-4.505263499999273
9	39	-3.043450999997731
9	39	-2.937888500000554
9	39	-2.1816395000023476
9	39	-1.3743582500028424
9	39	-0.2830457500022021
9	39	0.4102344999992056
9	39	0.7580469999993511
9	39	1.280859499998769
9	39	1.55973449999874
9	39	1.5886094999987108
9	39	1.7149532500006899
9	39	1.732546999999613
9	39	1.7414219999991474
9	39	1.7512969999988854
9	40	-4.0953252500003146
9	40	-0.4669209999992745
9	41	-5.508669500002725
9	41	-5.226919500000804
9	41	-5.222732000001997
9	41	-1.5798580000046059
9	41	1.6227034999974421
9	42	-3.6602332500042394
9	42	-3.5465770000046177
9	42	-0.3105780000005325
9	43	-4.038794999996753
9	43	-3.270076249998965
9	43	-3.2619824999965203
9	43	-3.2549199999957636
9	43	-2.957763749996957
9	43	-1.4558897499991872
9	43	-0.3434835000007297
9	43	1.4206092500025989
9	44	-4.648044500001561
9	44	-3.475294500003656
9	44	-3.448982000001706
9	44	0.043953499996860046
9	44	0.669359749997966
9	44	1.2945784999974421
9	45	-3.390544999998383
9	45	-0.09679699999833247
9	46	-5.296575749998738
9	46	-5.256075749999582
9	46	-1.9581079999989015
9	46	-1.2876089999990654
9	47	-4.026888749998761
9	47	-2.730546000002505
9	47	-1.7502647500004969
9	47	-0.9236720000008063
9	47	-0.4807657499986817
9	47	0.05510924999907729
9	47	0.567109250001522
9	47	1.191703000000416
9	48	-5.138763000002655
9	48	-2.8483577499973762
9	48	-2.1060765000001993
9	48	-1.9569202499988023
9	48	-1.7666702499991516
9	48	-0.6976712499999849
9	48	-0.6702025000013236
9	48	0.4112662499974249
9	49	-4.959826000002067
9	49	-4.51495100000102
9	49	-2.70532699999967
9	49	-1.4579520000006596
9	49	-1.450889499999903
9	49	-1.4368582499992044
9	49	-0.2599217500028317
10	1	-5.0959202500016545
10	1	-4.363764000001538
10	1	-3.645514000003459
10	1	-3.623295250003139
10	1	-1.2632024999984424
10	1	0.31420274999618414
10	1	0.3413902499996766
10	2	-4.52766949999932
10	2	-2.5577017499999783
10	2	-0.8192642499998328
10	3	-2.811014499999146
10	3	1.3888282500047353
10	4	-1.9453894999969634
10	6	-5.8438570000034815
10	6	-5.340075750002143
10	6	-4.614450750003016
10	6	-2.2412330000006477
10	7	-3.663169999996171
10	7	-2.1268262499979755
10	8	-5.83541900000273
10	8	-5.071512750000693
10	8	-2.2442950000004203
10	9	-4.850357000002987
10	9	-3.902169500001037
10	9	-3.2872007500009204
10	10	-5.807826000003843
10	10	1.5353584999975283
10	11	-0.0669522499993036
10	11	-0.06413975000032224
10	12	-5.777700250000635
10	12	0.4597967499976221
10	12	0.5662029999984952
10	13	-5.447575000001962
10	13	-5.424200000001292
10	13	-4.778419750004105
10	13	-2.827139500001067
10	13	-2.3823895000023185
10	14	1.8060149999982968
10	14	1.8414212499992573
10	15	-4.358888249997108
10	15	-4.304981999997835
10	15	0.1586097500003234
10	15	0.7722035000006144
10	16	-1.806171500000346
10	16	-0.706359000003431
10	16	0.0577972499995667
10	16	0.07445349999761675
10	16	0.3234222499995667
10	17	0.6158592499996303
10	18	-5.775825999997323
10	18	-3.981075999996392
10	18	-3.596388499998284
10	18	-2.855295749999641
10	18	-1.7583582499974
10	18	-0.23492174999773852
10	18	0.5306720000007772
10	19	-2.201388750003389
10	19	-1.5453897500010498
10	20	-2.2019512499973644
10	21	0.6842032500026107
10	22	-1.2706392500003858
10	22	-1.0891090000004624
10	23	-4.4962007500034815
10	23	-3.6325455000005604
10	23	-0.5232027500023833
10	24	-5.751169249997474
10	24	-4.403826499998104
10	24	-3.0310764999958337
10	24	0.40364025000235415
10	24	0.6061715000032564
10	24	1.8291402500035474
10	25	-0.15926525000031688
10	25	0.012109749997762265
10	25	0.6693285000001197
10	26	-5.896918749996985
10	26	-5.118482249999943
10	26	-5.096169749998808
10	26	-4.721732250000059
10	26	-4.694982249999157
10	26	-4.6272009999993315
10	26	-4.613607250001223
10	26	-4.47979475000102
10	26	-4.465169750001223
10	26	-4.3666072500018345
10	26	-4.349451000001864
10	26	-4.264888500001689
10	26	-3.7528884999992442
10	26	-3.7271072500006994
10	26	-3.6707635000020673
10	26	-3.369732250001107
10	26	-3.324732249999215
10	26	-3.2707947499984584
10	26	-2.855888500002038
10	26	-2.5227019999983895
10	26	-2.4502332499978365
10	26	-2.4047019999998156
10	26	-1.9094519999998738
10	26	-1.5013269999981276
10	26	-1.4711082499998156
10	26	-0.6687644999983604
10	26	-0.6404832499974873
10	26	-0.6063894999970216
10	26	-0.44201450000036857
10	27	-1.705264750002243
10	28	-5.533732500000042
10	28	-1.537889749997703
10	28	-1.0612022499990417
10	28	-0.5297344999999041
10	28	0.19854674999805866
10	29	-0.7634520000028715
10	30	-2.257357750000665
10	30	0.5645777499994438
10	30	0.5807339999992109
10	30	1.349234000001161
10	30	1.3517339999998512
10	31	-5.987231250001059
10	31	-5.009857250002824
10	31	-4.741794750003464
10	31	-1.5382645000026969
10	32	-2.046920749999117
10	32	0.29054700000051525
10	33	-5.711606500000926
10	34	-3.8678260000015143
10	34	1.1591094999967027
10	35	0.007171750003180932
10	36	-3.8903887499982375
10	36	-2.11532724999779
10	36	-1.5319834999972954
10	36	-0.9531397499995364
10	37	-4.278638999996474
10	37	1.003640250000899
10	38	-4.363107249999302
10	38	-3.737638499998866
10	38	-1.640451999999641
10	38	-0.6224207499981276
10	38	1.1089220000030764
10	38	1.1336720000035712
10	39	-3.383732250000321
10	39	-3.266513499998837
10	39	-2.7482645000018238
10	39	-2.587514500002726
10	41	-4.69338825000159
10	41	0.9258284999959869
10	42	-4.426326000000699
10	42	-3.07435825000357
10	42	-1.2320467500030645
10	42	-1.0369217500010564
10	44	-3.8230132500029868
10	45	-3.764638749998994
10	45	-0.9124209999972663
10	45	-0.5333594999974594
10	46	-0.17935900000156835
10	47	-4.3409512500002165
10	47	-0.9319532499976049
10	48	1.300047499997163
10	49	-5.566826000002038
10	49	-2.187139499998011
11	1	-3.653232750002644
11	1	-3.648826500000723
11	1	-0.6015149999984715
11	1	0.38307774999702815
11	2	-5.443919500001357
11	2	-3.306388249999145
11	2	-3.299607000000833
11	3	-3.5559509999984584
11	3	1.2081095000030473
11	3	1.2118282500050555
11	4	-3.92985724999744
11	4	-2.5825144999980694
11	4	-2.57104574999903
11	4	-0.22629674999552662
11	4	-0.20845299999564304
11	6	-5.517700750002405
11	6	-5.512982000000193
11	6	-5.508169500000804
11	6	-5.503075750002608
11	6	-2.219076749999658
11	7	-3.670138749996113
11	7	-2.1232012499967823
11	7	-2.1144824999973935
11	7	-1.5522949999976845
11	7	-0.9337960000011662
11	7	-0.47345225000026403
11	7	-0.4692647500014573
11	10	-1.9687332499997865
11	11	-2.1145137500025157
11	11	-0.07432725000035134
11	12	-1.4651709999998275
11	12	-1.4541710000012245
11	12	-0.7914522499995655
11	13	-4.799263500004599
11	13	-2.8255457500017656
11	13	-2.8222332500008633
11	13	-2.8188582500006305
11	13	-1.4581707500001357
11	13	-1.4510770000015327
11	14	0.35732850000204053
11	14	1.8272962499977439
11	15	-3.487451749999309
11	15	-3.481889250000677
11	15	-3.29654550000123
11	16	-3.616858000004868
11	16	-3.591608000002452
11	16	-2.4967642500050715
11	16	-2.1562955000044894
11	16	0.1514534999987518
11	17	-3.3987012500001583
11	17	-2.451233499999944
11	17	-0.7283585000004678
11	17	-0.7222335000005842
11	18	-5.172450999998546
11	18	-3.9124509999965085
11	19	-2.2047325000021374
11	19	-2.190076250000857
11	19	-1.0742334999995364
11	20	-1.1064522499982559
11	20	-1.086827250001079
11	22	-4.55501324999932
11	22	-2.020764249999047
11	22	-1.0990152500016848
11	22	-0.9673277500005497
11	23	-4.554763250001997
11	25	0.126390999997966
11	25	0.13492224999936298
11	26	-1.8630457500003104
11	27	-5.24492000000464
11	27	-2.5154210000000603
11	27	-1.7077960000024177
11	27	0.1363279999968654
11	27	0.14357799999561394
11	29	-4.806076000004396
11	29	-2.2998270000025514
11	29	-1.3278270000009798
11	29	1.0383907499963243
11	30	-5.14195049999762
11	30	-5.136544249999133
11	30	-2.11785774999953
11	30	0.8366089999981341
11	30	0.8402027499978431
11	30	0.8461089999982505
11	30	1.3381090000002587
11	31	-5.992856249999022
11	31	-0.64179575000162
11	34	-3.8564510000032897
11	34	-2.0567020000053162
11	34	-1.6283895000051416
11	35	0.03664050000224961
11	36	-4.758451249996142
11	37	-4.281232749999617
11	37	0.46689025000159745
11	38	-2.418014499999117
11	38	-2.3972644999994372
11	38	-1.6495457499986514
11	39	-2.2988895000016782
11	39	-1.3947957500022312
11	40	-5.068731499999558
11	40	-2.258982499999547
11	41	-5.23641950000092
11	41	-5.231013250002434
11	41	-5.226325750001706
11	41	-5.222357000002376
11	41	-4.698232000002463
11	41	-4.689013250001153
11	41	-4.678294500001357
11	41	-2.641326750002918
11	41	-2.631076750003558
11	41	-2.627670500005479
11	41	-1.3271392500028014
11	42	-2.9551395000016782
11	42	-2.9432645000015327
11	42	-0.3076405000028899
11	44	-4.838732000003802
11	44	-4.829263250001532
11	44	-3.4627007500021136
11	44	0.04451599999811151
11	45	-0.8330459999961022
11	45	-0.09164074999716831
11	47	-2.727264749999449
11	47	-2.173702250001952
11	47	-1.749764750002214
11	47	-0.9245782500001951
11	48	-2.8216389999979583
11	48	-2.8117639999982202
11	49	-5.352794750000612
12	1	-2.5289212499992573
12	1	-2.4731087500003923
12	2	-2.2551705000005313
12	2	-0.7018267499988724
12	2	-0.6732955000006768
12	2	-0.6520152500015683
12	2	-0.2994527500013646
12	2	0.9259534999982861
12	3	-1.679826999996294
12	3	0.328453250003804
12	3	0.36964075000287266
12	3	1.6865782500026398
12	4	-5.347857249995286
12	4	-2.5736082499970507
12	4	-2.464483249998011
12	4	-1.7810457499981567
12	4	-1.7142019999992044
12	4	-0.8717342499949154
12	6	-2.222951750001812
12	6	0.5545159999965108
12	7	-5.4917002500005765
12	7	-5.328543999999965
12	8	-4.8296064999995
12	9	-2.408733000000211
12	10	-0.3367342500023369
12	10	-0.1772342500044033
12	11	-3.2442325000010896
12	11	-3.1122012500018172
12	12	-1.46317099999942
12	14	-1.3766080000023067
12	14	-1.352170500002103
12	14	-1.23160800000187
12	15	-0.9046402499989199
12	16	-2.240139250003267
12	16	-1.9181715000013355
12	17	-5.791637750000518
12	17	-5.493825249999645
12	17	-2.9614512499974808
12	17	-2.054577250000875
12	17	-2.0207022499998857
12	17	-1.7945147499995073
12	18	-3.3363884999962465
12	19	-2.1984825000035926
12	21	-1.420889500001067
12	22	0.10885974999837345
12	23	-4.253888250001182
12	23	-3.149170500000764
12	23	-0.2140465000011318
12	23	-0.011265250002907123
12	24	-4.881044249999832
12	24	-4.766170249997231
12	24	-3.376295249996474
12	24	0.39601525000398397
12	24	0.5975777500025288
12	26	-5.404981249997945
12	27	-4.336857500002225
12	27	-2.1431085000003804
12	28	-5.143201250000857
12	28	-3.099670999999944
12	28	-3.0490460000000894
12	28	-3.0161397499978193
12	34	0.526328249998187
12	37	-3.2118577499968524
12	40	0.7779539999974077
12	46	-2.61892049999733
12	48	-4.981856750000588
12	48	-0.8582962500004214
12	48	-0.8013900000005378
12	48	0.32039124999937485
12	48	0.3465474999975413
13	1	-3.62713900000017
13	1	-0.6048274999993737
13	1	0.36448399999790126
13	2	-3.113889249998465
13	2	-0.7708579999998619
13	2	-0.7579829999995127
13	2	-0.7413892500007933
13	2	0.905078499999945
13	3	-3.7989822499985166
13	3	-3.5666697499982547
13	3	-1.7601707499961776
13	4	-4.269544749997294
13	4	-3.9325134999962756
13	4	-3.9262009999947622
13	4	-3.9222947499947622
13	4	-1.7992332499998156
13	4	-0.8153904999962833
13	7	-1.5493887499978882
13	7	-1.5466387499982375
13	7	-1.5439512499979173
13	7	-0.936546000000817
13	7	-0.4600460000001476
13	7	0.5591727499995613
13	9	1.7879222499977914
13	10	-0.43698425000184216
13	10	-0.33920300000318093
13	11	-2.117295000000013
13	13	-1.4772332499996992
13	15	-3.483982999998261
13	15	-3.4792017500003567
13	15	0.15264100000058534
13	17	-0.7243897500011371
13	17	0.590953000002628
13	19	-2.2133575000007113
13	19	1.5487967500012019
13	22	-4.55776324999897
13	22	-2.0421704999971553
13	22	-1.0931090000012773
13	23	-3.501232999999047
13	23	-0.36689025000305264
13	23	-0.014734000003954861
13	24	-5.597200500000326
13	24	-3.342482749998453
13	26	-5.24138849999872
13	26	-5.189826000001631
13	26	-5.178450999999768
13	26	-5.168700999998691
13	26	-5.132794749999448
13	26	-5.059575999999652
13	26	-4.985669749999943
13	26	-4.851075999999011
13	26	-4.543076000001747
13	26	-4.226075999999011
13	26	-3.9836072500002047
13	26	-3.772607250000874
13	26	-3.5889822499993898
13	26	-3.520357249999506
13	26	-3.4966385000006994
13	26	-3.111732249999477
13	26	-2.505983249997371
13	26	-2.4903269999995246
13	26	-2.4729207499985932
13	26	-2.4273894999969343
13	26	-1.9274832499977492
13	26	-1.552451999999903
13	26	-1.5247957499996119
13	26	-1.2103895000000193
13	26	-0.6572332499999902
13	26	-0.5700457499988261
13	26	0.2985469999985071
13	27	-2.5196710000018356
13	28	-3.023295999999391
13	28	-1.0766084999995655
13	29	-1.3361082500014163
13	31	-5.995137500001874
13	31	-3.293388500002038
13	32	-0.957421750001231
13	34	-0.7992342500001541
13	35	-4.72285749999719
13	35	-4.707794999998441
13	35	-2.361077249999653
13	37	-4.258201499997085
13	38	-2.4157019999984186
13	38	-1.6534519999986514
13	39	-5.860450000000128
13	39	-1.3835145000011835
13	40	-4.3453252500003146
13	40	-3.0070762499999546
13	40	-2.8832949999996345
13	40	-0.28998350000256323
13	41	-1.3325767500027723
13	42	1.1202647499994782
13	43	-1.1132022499987215
13	44	-5.5158872500032885
13	44	-3.494825750003656
13	44	-3.4803570000040054
13	45	-3.727419999999256
13	45	-1.6684209999948507
13	45	-1.6423897499953455
13	45	-1.5134522499974992
13	46	-2.5640142499978538
13	48	-4.430512999999337
13	48	-3.641138000002684
13	48	-2.81463900000017
13	48	-0.18273374999989755
14	1	-5.997450499999104
14	1	-5.864356750000297
14	1	-5.473044250000385
14	1	-4.352982750002411
14	1	-4.165139000000636
14	1	-4.134920250002324
14	1	-4.124045250002382
14	1	-3.645295250000345
14	1	-3.636076500002673
14	1	-3.6146077500015963
14	1	-3.6040140000004612
14	1	-2.476796250000916
14	1	-1.5907025000014983
14	1	-1.5537962499984133
14	1	-1.459921249999752
14	1	-1.1559212499996647
14	1	-0.9858587499984424
14	1	-0.8757962499985297
14	1	-0.7891400000007707
14	1	-0.591390000001411
14	1	0.061233999997057253
14	1	0.0826714999966498
14	1	0.37314024999795947
14	1	0.8574214999971446
14	1	1.104077749998396
14	1	1.126890249997814
14	1	1.1383277499990072
14	1	1.753015249996679
14	1	1.8810464999987744
14	2	-5.9704497499988065
14	2	-5.87623099999837
14	2	-5.544638250001299
14	2	-5.529450750000251
14	2	-5.521357000001444
14	2	-5.519450750001852
14	2	-4.789700749999611
14	2	-4.655450750000455
14	2	-4.283419499999582
14	2	-3.9627007500021136
14	2	-3.9475757500003965
14	2	-3.812263250001706
14	2	-3.4818257500010077
14	2	-3.460169500001939
14	2	-3.299388250001357
14	2	-3.297013250001328
14	2	-2.9582955000005313
14	2	-2.879326750000473
14	2	-2.61154549999992
14	2	-2.1699829999997746
14	2	-2.148014250000415
14	2	-2.098576749998756
14	2	-1.9045767499992508
14	2	-1.879201749998174
14	2	-1.5922954999987269
14	2	-1.4173267500009388
14	2	-1.2644204999996873
14	2	-1.2406080000000657
14	2	-1.1943267499991634
14	2	-0.978826750000735
14	2	-0.728920499997912
14	2	-0.3334214999995311
14	2	-0.31598400000075344
14	2	-0.23110900000028778
14	2	-0.0336715000012191
14	2	0.04060974999811151
14	2	0.08204724999814061
14	2	0.4163597499973548
14	2	0.41826599999694736
14	2	0.42129724999904283
14	2	0.739266000000498
14	2	0.8508909999982279
14	2	0.9710159999995085
14	2	1.207297249999101
14	2	1.3700472499986063
14	2	1.4877347500005271
14	2	1.539828499997384
14	2	1.5582972499978496
14	2	1.8233909999980824
14	2	1.8784212499995192
14	2	1.917765000001964
14	2	1.986546250001993
14	3	-5.8869187499985856
14	3	-5.813324999999168
14	3	-5.760324999995646
14	3	-5.608825999999681
14	3	-5.518200999998953
14	3	-5.298576000001049
14	3	-5.2312322500001756
14	3	-5.13995100000102
14	3	-5.071263499998167
14	3	-4.923232249999273
14	3	-4.884825999997702
14	3	-4.691888499997731
14	3	-4.621763499999361
14	3	-4.6162010000007285
14	3	-4.21257599999808
14	3	-4.166763500001252
14	3	-4.045388499998808
14	3	-4.006263499999477
14	3	-3.991638499999681
14	3	-3.799825999998575
14	3	-3.797669749998022
14	3	-3.338888499998575
14	3	-3.2469510000009905
14	3	-3.2141082499983895
14	3	-2.886951999997109
14	3	-2.625951999998506
14	3	-2.6176082499987388
14	3	-2.6053582499989716
14	3	-2.5950769999981276
14	3	-2.330201999997371
14	3	-2.3116394999960903
14	3	-2.2432019999978365
14	3	-2.1967332499989425
14	3	-2.186076999998477
14	3	-2.1688582499991753
14	3	-1.601608249999117
14	3	-1.5393894999979238
14	3	-1.4616707499990298
14	3	-1.2827644999961194
14	3	-1.234826999996585
14	3	-1.2109207499961485
14	3	-1.1427644999967015
14	3	-1.1234519999961776
14	3	-0.9933582499979821
14	3	-0.7617957499969634
14	3	-0.5489529999977094
14	3	-0.5014529999971273
14	3	-0.48601549999511917
14	3	-0.24757799999497365
14	3	-0.22748424999736017
14	3	-0.003359249996719882
14	3	0.03673450000496814
14	3	0.12185950000275625
14	3	0.14623450000362936
14	3	0.16467200000261073
14	3	0.18217200000435696
14	3	0.3076407500047935
14	3	0.5994845000022906
14	3	0.6599845000055211
14	3	0.8492970000042988
14	3	0.9941095000031055
14	3	1.2195470000042405
14	3	1.7864835000036692
14	3	1.883514750003087
14	3	1.9339522500013118
14	3	1.9625147500009916
14	4	-5.91941974999645
14	4	-5.668607249997876
14	4	-5.635575999996945
14	4	-5.580450999997993
14	4	-5.266950999997789
14	4	-5.154669749997993
14	4	-5.001482249997935
14	4	-4.916638499995315
14	4	-4.3119197499945585
14	4	-4.247513499994966
14	4	-4.242794749996392
14	4	-4.240669749997323
14	4	-4.2333884999970905
14	4	-4.225544749995606
14	4	-4.194763499996043
14	4	-4.0179197499965085
14	4	-3.5919832499967015
14	4	-3.5521082499981276
14	4	-3.365764499998477
14	4	-3.2161707499981276
14	4	-3.1599519999981567
14	4	-3.1332957499980694
14	4	-3.1060457499988843
14	4	-3.0700144999973418
14	4	-2.785608249996585
14	4	-2.5169207499966433
14	4	-2.503639499998826
14	4	-2.4223582499980694
14	4	-2.3317019999994955
14	4	-2.2019832499972836
14	4	-2.082483249996585
14	4	-2.0601394999976037
14	4	-2.048545749999903
14	4	-1.857764499996847
14	4	-1.4794519999995828
14	4	-1.4346394999993208
14	4	-1.3580144999978074
14	4	-1.2995457499964687
14	4	-1.1934207499980403
14	4	-0.8598592499947699
14	4	-0.7086717499951192
14	4	-0.6947029999973893
14	4	-0.6773279999979422
14	4	-0.6345154999980878
14	4	-0.4050154999968072
14	4	-0.19673424999564304
14	4	-0.1769217499968363
14	4	0.9630782500025816
14	4	1.030234500001825
14	4	1.1117032500042114
14	4	1.568733500000235
14	4	1.6417647500020394
14	5	-5.9407632500006
14	5	-5.937669499999174
14	5	-4.800106999999116
14	5	-4.7725132499981555
14	5	-4.416419499997573
14	5	-4.404263249998621
14	5	-3.42404549999992
14	5	-3.235701749999862
14	5	-3.186076750000211
14	5	-2.8126392500016664
14	5	-2.6251704999995127
14	5	-2.590139250001812
14	5	-2.3038892500007933
14	5	-1.7720142500002112
14	5	-1.5608892500022193
14	5	-0.9437340000004042
14	5	-0.41351524999845424
14	5	-0.029671500000404194
14	5	0.6220472499990137
14	5	0.8007035000009637
14	5	0.831266000001051
14	5	0.9288285000002361
14	5	1.3137649999989662
14	5	1.3398899999992864
14	5	1.6561712499969872
14	5	1.8148587499999849
14	5	1.8621399999974528
14	6	-5.986075750002783
14	6	-5.6095757500006584
14	6	-5.51376325000092
14	6	-5.489982000002783
14	6	-4.713763250001648
14	6	-4.7010757500029285
14	6	-3.6112642500011134
14	6	-3.5814517500002694
14	6	-2.3754829999998037
14	6	-2.3615767500014044
14	6	-2.2076080000006186
14	6	-2.2034830000011425
14	6	-0.6066090000022086
14	6	-0.45829650000086986
14	6	-0.18692150000060792
14	6	1.232639999998355
14	6	1.8025149999994028
14	7	-4.049512749999849
14	7	-3.6712324999971315
14	7	-3.6625137499977427
14	7	-3.660169999999198
14	7	-3.648044999998092
14	7	-2.1207324999959383
14	7	-1.6992637499970442
14	7	-1.6053574999968987
14	7	-1.040577249998023
14	7	-0.9299834999983432
14	7	-0.49017100000128266
14	7	-0.4694522499994491
14	7	0.8059227500016277
14	7	0.8183602499993867
14	7	0.8386102500007837
14	8	-5.742919000000256
14	8	-5.706106500001624
14	8	-5.404856500001188
14	8	-5.37941900000078
14	8	-5.36354399999982
14	8	-5.323137750001479
14	8	-5.281450250000489
14	8	-5.265200249999907
14	8	-5.0257315000017115
14	8	-5.005794000000606
14	8	-3.5400762499994016
14	8	-2.540826249998645
14	8	-2.107796000000235
14	8	-1.7736397500011662
14	8	-1.758514750003087
14	8	-1.5819522500023595
14	8	-1.5752334999997402
14	8	-1.5668585000021267
14	8	-1.200733500001661
14	8	-0.7076085000007879
14	8	-0.2403897500007588
14	8	-0.22373350000270875
14	8	-0.2006085000029998
14	8	-0.10410849999971106
14	8	-0.09676475000014761
14	8	0.35804674999963026
14	8	0.8083592500006489
14	8	1.256859249999252
14	8	1.6085467500015511
14	8	1.6352342499994847
14	8	1.6543280000005325
14	9	-5.972949750001135
14	9	-5.96363724999901
14	9	-5.589887250000174
14	9	-4.94626325000354
14	9	-4.023294500002521
14	9	-3.830419500001881
14	9	-3.5573570000015025
14	9	-3.4542320000000473
14	9	-1.8467017500006477
14	9	-1.4695142499986105
14	9	-1.4665767500009679
14	9	-1.455889249999018
14	9	-1.1301080000012007
14	9	-1.1211392500008515
14	9	-1.1168267499997455
14	9	-1.109170499999891
14	9	0.24170349999621976
14	9	1.7520784999978787
14	9	1.7948597499962489
14	9	1.797140999999101
14	10	-5.6641072500024165
14	10	-5.653857250003057
14	10	-4.4468885000023874
14	10	-4.019169750001311
14	10	-4.00591975000134
14	10	-1.970233250001911
14	10	-1.9686707500004559
14	10	-1.9606395000009798
14	10	-1.8774520000006305
14	10	-1.7603582500014454
14	10	-1.746545750000223
14	10	-1.738420749999932
14	10	-1.7280769999997574
14	10	-1.6535457499994664
14	10	-1.261703000003763
14	10	-1.237859250002657
14	10	-0.9291717500018422
14	10	-0.8562967500038212
14	10	-0.838078000004316
14	10	-0.8237655000048107
14	10	-0.5392030000039085
14	10	-0.2263592500021332
14	10	-0.12445300000399584
14	10	-0.10617175000152201
14	10	0.4484844999969937
14	10	0.48098449999815784
14	10	1.228889750000235
14	10	1.4761397499969462
14	10	1.976733499999682
14	11	-5.646950250004011
14	11	-4.901731500001915
14	11	-3.9690450000016426
14	11	-3.957888750002894
14	11	-3.9476700000013807
14	11	-3.9356387500010896
14	11	-3.8153262500018172
14	11	-3.75082625000141
14	11	-3.723420000002079
14	11	-3.4711075000013807
14	11	-3.1981700000033015
14	11	-3.1498262500026613
14	11	-3.0141700000021956
14	11	-2.9533887500001583
14	11	-2.9345137500022247
14	11	-2.886951250002312
14	11	-1.9887022500006424
14	11	-1.0337335000003804
14	11	-0.30079599999953643
14	11	-0.1614835000000312
14	11	-0.06148350000148639
14	11	0.4039227499997651
14	11	1.1585779999986698
14	11	1.1738279999990482
14	11	1.1753279999975348
14	11	1.823796749999019
14	12	-5.653794000001653
14	12	-5.509043999998539
14	12	-5.27126275000046
14	12	-3.5157012500021665
14	12	-3.480920000001788
14	12	-3.0452950000035344
14	12	-2.548045000003185
14	12	-2.5346075000015844
14	12	-2.5244512500030396
14	12	-2.4961700000021665
14	12	-1.5389834999987215
14	12	-0.31026475000180653
14	12	0.2533602500006964
14	12	0.3824217499968654
14	12	0.7644217499982915
14	12	0.9944529999993392
14	12	1.0289529999972729
14	12	1.0358279999963997
14	12	1.319577999998728
14	12	1.6412342499970691
14	12	1.6520779999991646
14	12	1.6693279999963124
14	13	-5.857074999999895
14	13	-5.696012500000506
14	13	-5.6799812499994005
14	13	-5.66985625000234
14	13	-5.58885625000039
14	13	-5.578450000000885
14	13	-5.1598885000021255
14	13	-3.6021385000021837
14	13	-3.0021072500021546
14	13	-2.8198582500008342
14	13	-2.815608250002697
14	13	-2.5934520000009798
14	13	-2.5384520000006887
14	13	-2.1941707500009215
14	13	-1.9097020000008342
14	13	-1.9073895000001357
14	13	-1.4760457500015036
14	13	-0.05332800000178395
14	14	-5.301138249997166
14	14	-5.263138250000338
14	14	-5.233263250000164
14	14	-5.184919499999523
14	14	-4.641357000000426
14	14	-4.5807944999978645
14	14	-2.3407017499994254
14	14	-2.303576750000502
14	14	-2.29757674999928
14	14	-1.9867955000008806
14	14	-1.8639517500014335
14	14	-1.85782675000155
14	14	-1.7211392499993963
14	14	0.3508910000018659
14	14	1.8043274999981804
14	14	1.8463899999987916
14	14	1.883014999999432
14	14	1.8884212499979185
14	15	-5.832075749996875
14	15	-5.416075749995798
14	15	-5.412763249998534
14	15	-5.3641069999976025
14	15	-5.356794499995885
14	15	-4.689356999999291
14	15	-4.382856999996875
14	15	-4.256419499997719
14	15	-4.2072319999970205
14	15	-3.627919499998825
14	15	-3.296482999998261
14	15	-3.2932330000003276
14	15	-3.285764249998465
14	15	-3.280326749998494
14	15	-3.2772642499985523
14	15	-2.6578579999986687
14	15	-2.642045500000677
14	15	-1.7729517500010843
14	15	-1.0627642500003276
14	15	-1.0455767499988724
14	15	-0.6839839999993274
14	15	-0.6732964999973774
14	15	-0.6629214999993565
14	15	-0.6427964999966207
14	15	-0.6269527499971446
14	15	-0.44245274999775575
14	15	0.16064100000221515
14	15	1.3647347500009346
14	15	1.4038285000024189
14	15	1.411047250003321
14	15	1.6090150000018184
14	16	-3.5982330000042566
14	16	-3.5869205000053626
14	16	-3.4673580000053335
14	16	-3.4587330000031216
14	16	-3.3709205000050133
14	16	-3.009233000004315
14	16	-2.958670500003791
14	16	-2.69560800000545
14	16	-2.6833580000020447
14	16	-2.2310142500027723
14	16	-2.2163580000051297
14	16	-2.1579517500031216
14	16	-2.147514250002132
14	16	-1.9753892500048096
14	16	-1.7338277500020922
14	16	-1.5838902500036056
14	16	-1.5779527500017139
14	16	-1.5677340000002005
14	16	-1.4864527500030817
14	16	-1.4844527500026743
14	16	-1.3438590000005206
14	16	-1.1885152500035474
14	16	-1.100890250003431
14	16	-1.080015250001452
14	16	-1.058734000002005
14	16	-1.0300465000036638
14	16	-0.08148400000209222
14	16	0.02620349999779137
14	16	0.10092224999971222
14	16	0.11889099999825703
14	16	0.15748474999782047
14	16	0.16764099999636528
14	16	1.1097337499995774
14	17	-5.9177940000008675
14	17	-4.116482499997801
14	17	-4.082763749996957
14	17	-4.073795000000246
14	17	-3.436076250000042
14	17	-3.402357499999198
14	17	-3.3840137499973935
14	17	-2.949451249998674
14	17	-2.9019200000002456
14	17	-2.8972637499973644
14	17	-2.589232499998616
14	17	-2.5705459999990126
14	17	-2.5506085000015446
14	17	-2.531420999999682
14	17	-2.1710459999994782
14	17	-2.1586397499995655
14	17	-2.1513272500014864
14	17	-2.138233500001661
14	17	-1.7931085000018356
14	17	-1.5860460000003513
14	17	-1.4970147500025632
14	17	-0.3780772499994782
14	17	0.546234249999543
14	17	0.5591092499998922
14	17	1.8282342500024242
14	18	-5.937324999998964
14	18	-5.175544749996334
14	18	-5.1553572499979055
14	18	-4.417544749998342
14	18	-3.91301349999776
14	18	-3.4782634999974107
14	18	-3.458638499996596
14	18	-3.4453259999972943
14	18	-3.39451349999581
14	18	-3.3685447499956354
14	18	-2.774701999998797
14	18	-2.5794207500002813
14	18	-2.5661707500003104
14	18	-2.541889500000252
14	18	-2.517201999999088
14	18	-1.6993269999984477
14	18	-0.6031092499979422
14	18	-0.5941717499990773
14	18	-0.4238279999990482
14	18	0.39607825000348384
14	18	0.49845325000205776
14	18	0.9542032500030473
14	18	1.059640750001563
14	19	-4.263106499998685
14	19	-3.674076250001235
14	19	-3.648982500002603
14	19	-3.1831387500023993
14	19	-3.1670137500004785
14	19	-3.1445137500013516
14	19	-2.6337012500007404
14	19	-2.510826250003447
14	19	-2.5048887500015553
14	19	-2.289295000002312
14	19	-2.2579825000029814
14	19	-2.2419512500018755
14	19	-2.219076250003127
14	19	-2.2108262500005367
14	19	-2.0147637500012934
14	19	-1.5737647499990999
14	19	-1.0766709999988961
14	19	-0.05076475000169012
14	19	1.607703000001493
14	19	1.7314217500024824
14	19	1.9316405000026862
14	19	1.9680467500002123
14	19	1.9893279999996594
14	20	-1.1001397500003804
14	20	-0.9163897500002349
14	20	0.058516500001132954
14	20	0.7262967500028026
14	20	1.1046717500030354
14	21	-5.368419749996974
14	21	-5.357388499996887
14	21	-5.3473884999984875
14	21	-5.3232322499970905
14	21	-4.363919749997876
14	21	-1.5223582500002522
14	21	-0.4677967499992519
14	21	-0.45032799999899
14	21	-0.00389050000012503
14	21	0.028828250000515254
14	21	0.5663907500020287
14	21	1.0945470000006026
14	21	1.1144532500002242
14	21	1.1170469999997295
14	22	-4.573544499999116
14	22	-4.569544500001939
14	22	-4.563607000000047
14	22	-3.8496070000001055
14	22	-3.831794500001706
14	22	-2.8641704999972717
14	22	-2.0377955000003567
14	22	-2.0260454999988724
14	22	-2.0140142499985814
14	22	-1.9064204999995127
14	22	-1.902451750000182
14	22	-1.808389249999891
14	22	-1.443045500000153
14	22	-1.232826749997912
14	22	-1.090608999998949
14	22	-1.088765250002325
14	22	-0.5530152499995893
14	22	-0.3391402500019467
14	22	-0.3305152499997348
14	22	-0.32457775000148104
14	22	-0.31754650000220863
14	23	-4.564388250000775
14	23	-4.557294500002172
14	23	-3.0802017499991052
14	23	-3.0309830000005604
14	23	-3.016139250001288
14	23	-3.009233000000677
14	23	-3.0001704999995127
14	23	-2.4734517500000948
14	23	-1.5137340000037511
14	23	-1.5087027500012482
14	23	-1.4032027500034019
14	23	-1.0777965000015683
14	23	-0.5184215000008408
14	23	-0.38329650000378024
14	23	-0.06526525000299443
14	23	-0.052577750000637025
14	23	-0.03926525000133552
14	23	-0.007484000001568347
14	23	0.03326599999854807
14	23	0.049453499996161554
14	23	0.12707849999787868
14	23	0.21417224999822793
14	23	0.7531722499988973
14	23	0.7557347499969183
14	23	1.4567024999996647
14	24	-5.971637999999075
14	24	-5.636637999999948
14	24	-5.245638000000326
14	24	-3.7842639999980747
14	24	-3.517826499995863
14	24	-2.7229827499977546
14	24	-2.2954514999983076
14	24	-2.293357749997085
14	24	-0.2863587499996356
14	24	-0.28195249999771477
14	24	-0.2720774999979767
14	24	0.05745374999969499
14	24	0.1888600000020233
14	24	0.19079749999946216
14	24	0.4477340000012191
14	24	1.2611090000027616
14	24	1.7240152500016848
14	25	-3.8983257500003674
14	25	-3.8891695000020263
14	25	-3.880794500000775
14	25	-2.502545499999542
14	25	-2.2047017499971844
14	25	-1.181232999999338
14	25	-1.1215454999983194
14	25	-0.8565142499974172
14	25	-0.8499517499985814
14	25	0.0967659999987518
14	25	0.9887659999985772
14	25	1.744515999998839
14	26	-5.758199999996577
14	26	-5.6554187499968975
14	26	-5.30448124999748
14	26	-5.295606249997945
14	26	-5.285981249999168
14	26	-5.260637499999575
14	26	-4.816732250001223
14	26	-4.732732249998662
14	26	-4.69201350000003
14	26	-4.674732250001398
14	26	-2.8316384999998263
14	26	-2.3001707499970507
14	26	-2.274826999997458
14	26	-2.267108249998273
14	26	-2.0339207500001066
14	26	-2.0046082499975455
14	26	-1.9193582499974582
14	26	-1.7073270000000775
14	26	-1.694733249998535
14	26	-1.6781082499983313
14	26	-1.646108249999088
14	26	-1.6217020000003686
14	26	-1.5784832499994081
14	26	-1.5329519999977492
14	26	-1.5206394999986514
14	26	-1.4825457499973709
14	26	-1.479889499998535
14	26	-1.4275144999992335
14	26	-1.1357019999995828
14	26	0.2688594999999623
14	26	0.28254699999888544
14	26	0.2938907499992638
14	26	0.3104844999979832
14	27	-5.973137750006572
14	27	-5.689981500003341
14	27	-5.679950250003458
14	27	-5.672887750006339
14	27	-5.664544000006572
14	27	-5.324326250003651
14	27	-5.31229500000336
14	27	-5.305013750003127
14	27	-5.298045000003185
14	27	-5.253013750003447
14	27	-5.2447325000030105
14	27	-4.899295000002894
14	27	-4.6839825000024575
14	27	-4.110701250003331
14	27	-4.102138750004087
14	27	-4.095920000003389
14	27	-4.02963875000205
14	27	-4.024357500002225
14	27	-4.018701250002778
14	27	-3.8494825000016135
14	27	-3.836982500004524
14	27	-2.849264750002476
14	27	-2.5188272500017774
14	27	-2.1881397500001185
14	27	-2.142733500000759
14	27	-2.117796000002272
14	27	-1.7087960000026214
14	27	0.15135924999776762
14	27	0.7407029999958468
14	27	1.6236092499966617
14	27	1.6460779999979422
14	27	1.6523904999958177
14	27	1.9984529999965162
14	28	-5.908012749998306
14	28	-5.657168999998248
14	28	-5.605170000002545
14	28	-5.538232500002778
14	28	-5.330701250000857
14	28	-4.742607500000304
14	28	-2.8837647500004095
14	28	-2.7803272499986633
14	28	-1.5356709999978193
14	28	-0.7172022499980812
14	28	-0.19901575000039884
14	29	-5.913418750002165
14	29	-5.895918750000419
14	29	-5.863356249999924
14	29	-5.620856249999633
14	29	-5.416201000003639
14	29	-4.828607250001369
14	29	-4.811357250004221
14	29	-4.166419750003115
14	29	-4.152044750004279
14	29	-4.121388500003377
14	29	-4.112919750001311
14	29	-3.865857250002591
14	29	-3.279482250003639
14	29	-3.2025447500018345
14	29	-2.7804207500012126
14	29	-2.7416707500015036
14	29	-2.7390770000019984
14	29	-2.313170749999699
14	29	-2.304733250002755
14	29	-2.0275145000014163
14	29	-2.013702000000194
14	29	-1.5526082500000484
14	29	-1.330014499999379
14	29	-1.328170750002755
14	29	-1.3138270000017656
14	29	-0.6489207500017073
14	29	-0.6379832500024349
14	29	-0.6312332500019693
14	29	-0.616920750002464
14	29	-0.4117342500030645
14	29	0.10764074999678996
14	29	0.1111094999978377
14	29	0.11298449999594595
14	29	0.11667199999646982
14	29	0.119671999997081
14	29	1.0406407499976922
14	30	-5.978825499998493
14	30	-5.9742629999964265
14	30	-5.945356749998609
14	30	-5.526950499999657
14	30	-5.400481749999017
14	30	-5.364700499998435
14	30	-5.134450499997911
14	30	-5.131387999997969
14	30	-4.2340765000008105
14	30	-3.8607327499994426
14	30	-3.1806077500004903
14	30	-3.1711702499997045
14	30	-3.1621077499985404
14	30	-3.1522327499988023
14	30	-2.9034827499999665
14	30	-2.2790139999997336
14	30	-2.116920249998657
14	30	-1.9603900000001886
14	30	-1.6360774999993737
14	30	-1.5053274999991118
14	30	-1.39679624999917
14	30	-0.9502025000001595
14	30	-0.8873899999998685
14	30	-0.006702499998937128
14	30	0.8341714999987744
14	30	0.8357964999995602
14	30	0.8385464999992109
14	30	0.8459215000002587
14	30	0.8538589999989199
14	30	0.8605152499985707
14	30	1.3480777500008116
14	31	-5.99363749999975
14	31	-5.77923125000234
14	31	-4.746607250002853
14	31	-4.724826000001485
14	31	-3.8812010000037844
14	31	-3.298607250002533
14	31	-3.2902322500012815
14	31	-3.2782010000046284
14	31	-3.2686697500030277
14	31	-2.9860760000010487
14	31	-2.8835145000011835
14	31	-2.563045750001038
14	31	-2.0459207500025514
14	31	-2.0274207500006014
14	31	-1.987295750001067
14	31	-1.9845770000029006
14	31	-1.9242957500027842
14	31	-1.4769832500023767
14	31	-0.7077957500005141
14	31	-0.1686092500021914
14	31	-0.16045300000405405
14	31	-0.15570300000399584
14	31	0.8092657499983034
14	31	1.5495782499965571
14	31	1.8387657499952184
14	32	-5.76476349999939
14	32	-5.493232249998982
14	32	-5.265263500001311
14	32	-2.439295749998564
14	32	-2.4295457499974873
14	32	-2.42017074999967
14	32	-1.9042957499987097
14	32	-1.8328582499998447
14	32	-1.5129207499994664
14	32	-1.4997957499981567
14	32	-1.2951394999981858
14	32	-1.1402644999980112
14	32	-0.9878895000001648
14	32	-0.7040154999995138
14	32	-0.6918279999990773
14	32	0.16617199999745935
14	32	0.17389075000028242
14	32	0.21179699999993318
14	32	0.2328907499977504
14	32	1.0707970000003115
14	32	1.1455470000000787
14	32	1.1712344999978086
14	32	1.1909845000009227
14	32	1.2464532499980123
14	33	-4.150013750000653
14	33	-4.131419999997888
14	33	-4.098920000000362
14	33	-3.992232500000682
14	33	-2.545514749999711
14	33	-2.2501085000003513
14	33	-2.090108500000497
14	33	0.5231405000013183
14	33	0.587359249999281
14	33	0.6049530000018422
14	33	0.7199217500019586
14	34	-3.867669750001369
14	34	-3.651419750000059
14	34	-3.547952000004443
14	34	-2.6325770000039483
14	34	-2.604358250002406
14	34	-2.554952000002231
14	34	-2.3773582500034536
14	34	-2.0760770000051707
14	34	-2.071983250003541
14	34	-2.062233250002464
14	34	-1.9840770000046177
14	34	-1.9520145000024058
14	34	-1.776670750004996
14	34	-1.7339207500044722
14	34	-1.6168582500031334
14	34	-1.3927957500054617
14	34	-1.3098895000039192
14	34	-0.26529675000347197
14	34	-0.25810925000041607
14	34	0.13717199999882723
14	34	0.3065469999964989
14	34	0.32476574999964214
14	34	0.3642969999964407
14	34	0.8077969999976631
14	34	1.066515749997052
14	34	1.4520772499963641
14	34	1.5373272499964514
14	34	1.5569522499972663
14	34	1.6607022499956656
14	34	1.8890147499951127
14	35	-5.767137749997346
14	35	-4.996701249998296
14	35	-4.976451249996899
14	35	-4.955482499997743
14	35	-4.916826249998849
14	35	-3.6856387499974517
14	35	-2.836169999998674
14	35	-2.6973574999974517
14	35	-2.6768887499965786
14	35	-2.5119209999975283
14	35	-1.5800772500006133
14	35	-1.5239834999993036
14	35	-0.9762334999977611
14	35	-0.9642022499974701
14	35	0.034953000002133194
14	35	0.047109250001085456
14	35	1.4387655000027735
14	36	-5.525168999996822
14	36	-4.772013749996404
14	36	-3.3858887499955017
14	36	-3.361357499998121
14	36	-3.352607499997248
14	36	-3.344076249995851
14	36	-3.2080449999957636
14	36	-2.941201249996084
14	36	-2.8991387499954726
14	36	-2.719014750000497
14	36	-2.2225459999972372
14	36	-1.6906084999973245
14	36	-1.6793897499992454
14	36	-1.6567647499978193
14	36	-1.5642960000004678
14	36	-1.4419209999978193
14	36	-1.4322959999990417
14	36	-1.4132334999994782
14	36	-1.3940147499997693
14	36	-0.9217959999987215
14	36	-0.9140772499995364
14	36	-0.9104522499983432
14	36	-0.9016709999996237
14	36	-0.8922334999988379
14	36	-0.8788585000002058
14	36	-0.8636709999991581
14	36	-0.831795999998576
14	36	-0.8004834999992454
14	36	-0.7806397499989544
14	36	-0.725608499997179
14	36	-0.7131397499979357
14	36	-0.5376084999988961
14	36	-0.2283907499986526
14	36	-0.18401574999734294
14	36	-0.09579699999812874
14	36	0.018328000001929468
14	36	0.09873425000114366
14	36	0.3851092500044615
14	36	0.5567655000013474
14	36	0.659421750002366
14	36	0.8122342500028026
14	36	1.0953280000030645
14	36	1.7281717500045488
14	36	1.8160467500019877
14	36	1.8224217500028317
14	37	-5.168982749997667
14	37	-5.162670249999792
14	37	-5.153607749998628
14	37	-5.151920249998511
14	37	-5.07738899999822
14	37	-4.895076499997231
14	37	-4.837701499996911
14	37	-3.104107749997638
14	37	-3.0883889999968233
14	37	-3.0649514999968233
14	37	-2.1708274999982677
14	37	-1.1845462499986752
14	37	0.4690465000021504
14	38	-5.938262499999837
14	38	-5.836512499998207
14	38	-4.722544749998633
14	38	-4.719482249998691
14	38	-4.717263499998808
14	38	-4.7089197499990405
14	38	-4.382450999997673
14	38	-2.4214519999986805
14	38	-2.4199207499987097
14	38	-2.2207957499995246
14	38	-1.6533582500014745
14	38	-1.6488582499987388
14	38	-1.1207332499980112
14	38	-0.8845457499992335
14	38	-0.798451999999088
14	38	-0.4853269999985059
14	38	-0.33179575000031036
14	39	-5.951137500000186
14	39	-5.8631687500019325
14	39	-5.427012500000274
14	39	-5.012669749998167
14	39	-4.6318260000007285
14	39	-4.625638499997876
14	39	-4.623450999999477
14	39	-3.9915135000010196
14	39	-3.9688884999995935
14	39	-3.8126697500010778
14	39	-3.7947634999982256
14	39	-3.7805447499995353
14	39	-2.7745457500022894
14	39	-2.5875457500005723
14	39	-2.5817019999994955
14	39	-2.2238582500031043
14	39	-2.1847332500001357
14	39	-2.1770145000009506
14	39	-2.1666395000029297
14	39	-1.1238895000024058
14	39	-0.7084520000025805
14	39	-0.7042332500022894
14	39	-0.7014832500026387
14	39	-0.6988582500016491
14	39	-0.4084519999996701
14	39	0.4219532499992056
14	40	-5.400606499999412
14	40	-5.265481500002352
14	40	-5.083544000000984
14	40	-4.782169000001886
14	40	-4.738575250001304
14	40	-4.38435649999883
14	40	-2.9300449999973353
14	40	-2.874107499999809
14	40	-2.8709512499990524
14	40	-2.8131074999982957
14	40	-2.7004199999973935
14	40	-2.667701250000391
14	40	-2.6558887499995762
14	40	-2.649263749997772
14	40	-2.62954499999978
14	40	-2.59438874999978
14	40	-2.406388749997859
14	40	-2.3932949999980337
14	40	-2.2495449999987613
14	40	-1.4912022499993327
14	40	-0.6824835000006715
14	40	-0.6675772500020685
14	40	-0.6603585000011662
14	40	-0.16685850000067148
14	40	1.2419217499991646
14	40	1.2619217499996012
14	40	1.7946717500017257
14	40	1.9466092500006198
14	41	-5.261732000002667
14	41	-5.2149507500034815
14	41	-4.687419500001852
14	41	-4.366075750003802
14	41	-4.132732000001852
14	41	-4.122794500002783
14	41	-3.8756070000017644
14	41	-2.7017330000053335
14	41	-2.643826750005246
14	41	-1.6021080000027723
14	41	-1.5951705000043148
14	41	-1.1828580000037618
14	41	-0.6891080000023067
14	41	-0.6703267500051879
14	41	-0.49117150000165566
14	41	-0.4752027500035183
14	41	-0.3797965000012482
14	41	-0.3712027500041586
14	41	-0.2689840000020922
14	41	0.2512347499978205
14	41	0.4332972499978496
14	41	0.8217347499958123
14	41	0.845140999997966
14	41	1.2380159999993339
14	41	1.9585149999948044
14	42	-3.456452000002173
14	42	-2.957358250001562
14	42	-2.9519520000030752
14	42	-2.3119832500015036
14	42	-2.2997332500017365
14	42	-2.2597332500045013
14	42	-1.7532342500016966
14	42	-1.2949530000005325
14	42	-1.1465467500020168
14	42	-1.1355467499997758
14	42	-0.9930467500016675
14	42	-0.8462655000002997
14	42	-0.7225155000014638
14	42	-0.6881717500000377
14	42	-0.3746405000019877
14	42	-0.358328000002075
14	42	-0.34714050000184216
14	42	-0.31726550000166753
14	42	-0.3081092499996885
14	42	-0.16829675000190036
14	42	-0.162296750000678
14	42	0.637047000000166
14	42	0.6916710000004969
14	42	0.8197022499989544
14	42	1.1193585000000894
14	42	1.1262334999992163
14	43	-5.758856500000547
14	43	-5.109013749995938
14	43	-5.066419999999198
14	43	-4.024357499998587
14	43	-4.021388749995822
14	43	-3.736982499998703
14	43	-0.4967022499986342
14	43	-0.4879522499977611
14	43	-0.4710147500009043
14	43	-0.4584522500008461
14	43	1.13967175000289
14	43	1.149765500002104
14	43	1.9550155000033556
14	44	-5.517981000004511
14	44	-4.938044500002434
14	44	-4.906857000001764
14	44	-4.892263250003452
14	44	-4.844638250000571
14	44	-4.809200750001764
14	44	-4.693544500001735
14	44	-4.659169500002463
14	44	-4.347888250002143
14	44	-4.3321382500034815
14	44	-3.4812007500040636
14	44	-2.5165767500038783
14	44	-1.3803892500036454
14	44	-1.3538892500037036
14	44	-1.0801080000055663
14	44	0.04879724999773316
14	45	-5.2504824999959965
14	45	-5.246201249996375
14	45	-3.1649512499971024
14	45	-2.9535459999970044
14	45	-2.3866397499950835
14	45	-2.379795999997441
14	45	-2.37313974999779
14	45	-2.3662959999965096
14	45	-2.3516709999967134
14	45	-2.039139749995229
14	45	-1.9996084999947925
14	45	-1.8136709999962477
14	45	-1.7528272499948798
14	45	-1.677608499994676
14	45	-1.5186084999950253
14	45	-1.2475772499965387
14	45	-0.9513584999949671
14	45	-0.943733499996597
14	45	-0.8645459999970626
14	45	-0.6799209999953746
14	45	-0.539390749996528
14	45	-0.5235157499992056
14	45	0.21798425000088173
14	45	0.2310780000007071
14	45	0.23623425000187126
14	45	0.2591405000021041
14	45	0.5340780000005907
14	45	0.5469842500024242
14	45	0.557546750002075
14	45	0.9250155000008817
14	45	0.9476092500008235
14	45	1.0296717500023078
14	45	1.8549520000051416
14	46	-5.842544499999349
14	46	-4.489138249999087
14	46	-3.9861705000002985
14	46	-3.9846079999988433
14	46	-3.9784517499974754
14	46	-2.2626705000002403
14	46	0.10476600000038161
14	46	1.3074212499996065
14	46	1.4111712500016438
14	46	1.6108587500020803
14	46	1.7027650000018184
14	46	1.7161087500026042
14	46	1.8589837500003341
14	46	1.892171250001411
14	47	-5.976356499999383
14	47	-5.13857624999946
14	47	-4.776076250000187
14	47	-4.769544999999198
14	47	-2.1479209999997693
14	47	-1.9736085000004095
14	47	-1.3594835000003513
14	47	-1.1822960000026796
14	47	-0.9998897500008752
14	47	-0.9334219999982452
14	47	-0.9260782499986817
14	47	-0.9156719999991765
14	47	1.4778279999991355
14	48	-5.7225130000006175
14	48	-5.685481750002509
14	48	-5.6514817499992205
14	48	-5.575700500001403
14	48	-5.572856750000938
14	48	-5.543981750000967
14	48	-5.509169249999104
14	48	-5.3407317500023055
14	48	-5.316044250001141
14	48	-5.2480130000003555
14	48	-5.101325499999803
14	48	-5.0630755000020145
14	48	-5.0189817499995115
14	48	-4.942544249999628
14	48	-4.871200500001578
14	48	-4.864138000000821
14	48	-3.887669250001636
14	48	-3.856731750001927
14	48	-3.6351380000014615
14	48	-2.9690764999977546
14	48	-2.555857749997813
14	48	-2.08417025000017
14	48	-1.9400764999991225
14	48	0.06907874999888008
14	48	0.8128599999981816
14	48	0.8325162500004808
14	48	0.9271412499983853
14	48	1.6015777499997057
14	48	1.9097652500022377
14	49	-5.5651072500004375
14	49	-5.520169750001514
14	49	-5.489607250001427
14	49	-4.831701000002795
14	49	-4.810451000001194
14	49	-4.193576000001485
14	49	-3.112608250001358
14	49	-2.6547332500013
14	49	-2.54517074999967
14	49	-1.9902957499980403
14	49	-1.9414832500006014
14	49	-1.7475144999989425
14	49	-1.7384832499992626
14	49	-1.5531394999998156
14	49	-1.5501707500006887
14	49	-1.5426707500009798
14	49	-1.3404832499982149
14	49	-1.186827000001358
14	49	-1.1651395000008051
14	49	-1.1550769999994372
14	49	-1.134701999999379
14	49	-0.8405155000000377
14	49	-0.6997342499998922
14	49	-0.5541092500025115
14	49	-0.5512030000027153
14	49	-0.5448592500033556
14	49	-0.04270300000280258
14	49	0.09592199999678996
14	49	0.1643594999986817
14	49	0.5490782499982743
15	1	-5.281045250001625
15	1	-3.634107750000112
15	1	-3.631732750000083
15	1	-3.626826499999879
15	1	-3.6228265000027022
15	1	-1.6100462499998685
15	1	-0.5976712500014401
15	1	0.38554649999787216
15	2	-5.514169500002026
15	2	-5.444138250000833
15	2	-5.439169500001299
15	2	-5.434263250001095
15	2	-3.744794500002172
15	2	-3.290544499999669
15	2	-2.4697017500002403
15	2	-1.8742017500007933
15	2	0.760640999997122
15	2	1.9399212499993155
15	3	-4.320544750000408
15	3	-3.808482249998633
15	3	-3.8045447500007867
15	3	-1.5362019999993208
15	3	1.062515750003513
15	3	1.1358595000056084
15	3	1.213015750003251
15	4	-4.9845134999959555
15	4	-4.958138499994675
15	4	-3.936888499996712
15	4	-3.9331072499953734
15	4	-3.9310447499956354
15	4	-3.9216072499948496
15	4	-3.9143259999946167
15	4	-2.5721395000000484
15	4	-2.1948582499971963
15	4	-1.297108249997109
15	4	-0.2252967499953229
15	4	-0.21473424999567214
15	4	-0.20332799999596318
15	4	-0.1885467499960214
15	4	-0.1814842499952647
15	5	-5.955013250000775
15	5	-5.951200749997952
15	5	-5.934013250000135
15	5	-0.566046500000084
15	5	-0.5640464999996766
15	5	-0.16576524999982212
15	5	0.25732849999985774
15	6	-5.516044500000135
15	6	-5.50735700000223
15	6	-2.238170500000706
15	6	-2.229107999999542
15	6	-2.222982999999658
15	6	-2.2182329999996
15	6	-2.214545499999076
15	6	-2.2112955000011425
15	6	-2.1950767499984067
15	6	-0.182202750002034
15	6	1.2484837499978312
15	7	-3.6550762499973644
15	7	-3.6417012499987322
15	7	-2.1276387499965494
15	7	-1.552544999998645
15	7	-1.5487637499973061
15	7	-1.5458262499960256
15	7	-0.9362022499990417
15	7	-0.9331085000012536
15	7	-0.4647647499987215
15	7	-0.4616710000009334
15	8	-2.5375762500007113
15	8	-1.578921000000264
15	8	-1.4080460000004678
15	8	-1.2466085000014573
15	8	-0.23310850000052596
15	9	-4.932732000001124
15	9	-1.5673580000002403
15	9	-1.5628892499989888
15	9	-1.4637954999998328
15	9	-1.3168267500004731
15	9	-1.3146080000005895
15	9	-1.3109205000000657
15	9	-0.7155767500007642
15	9	-0.7114829999991343
15	10	-1.4823270000015327
15	10	-0.46107800000390853
15	10	0.008828249996440718
15	11	-2.123888750000333
15	11	-2.0040762500029814
15	11	-1.0253897500006133
15	12	-1.8266084999995655
15	12	-1.4644210000005842
15	12	-1.4622022500007006
15	12	-1.4601397500009625
15	12	-0.7922959999996237
15	12	-0.788827249998576
15	12	1.6609217499972146
15	12	1.671452999999019
15	13	-5.651637499999197
15	13	-5.032638500004396
15	13	-5.028169750003144
15	13	-5.024544750001951
15	13	-4.7948572500026785
15	13	-4.7891072500024165
15	13	-4.775044750003872
15	13	-4.770794750002096
15	13	-4.767013500004396
15	13	-2.8280145000026096
15	13	-2.1978895000029297
15	13	-1.4627020000007178
15	13	-1.452951999999641
15	13	-1.43310824999935
15	14	-3.4077642500014917
15	14	-2.2999205000014626
15	14	0.35448475000157487
15	14	0.363234750002448
15	14	1.8105149999973946
15	14	1.814264999997249
15	14	1.836671249999199
15	15	-5.483606999998301
15	15	-4.2352007499976025
15	15	-4.221700749996671
15	15	-3.3092642499977956
15	15	-3.2994829999988724
15	15	-2.6526080000003276
15	15	-0.43548399999781395
15	15	0.15195350000067265
15	16	-3.579358000002685
15	16	-3.5321080000030634
15	16	-3.5223580000019865
15	16	-3.463201750004373
15	16	-2.498951750003471
15	16	0.160828499996569
15	17	-3.387576249999256
15	17	-2.4415147500003513
15	17	-2.438483500001894
15	17	-2.3624835000009625
15	17	-2.3584522500023013
15	17	-0.7241085000023304
15	17	-0.7175459999998566
15	18	-5.356575999998313
15	18	-5.353982249998808
15	18	-5.350388499995461
15	18	-3.9051697499962756
15	19	-2.216420000000653
15	19	-2.2079200000007404
15	19	-1.515296000001399
15	20	-1.0960147500009043
15	20	-1.0931397499989544
15	20	0.18898524999895017
15	21	1.1025470000022324
15	21	1.1067345000010391
15	21	1.110015750000457
15	22	-4.5615757500017935
15	22	-4.559638250000717
15	22	-4.556606999998621
15	22	-4.553075750001881
15	22	-2.0181392499980575
15	22	-1.0940152500006661
15	23	-4.5853257500020845
15	23	-4.552169500002492
15	23	-1.5037340000017139
15	23	-0.28170275000229594
15	23	-0.026859000001422828
15	23	-0.017546500002936227
15	23	-0.014734000003954861
15	23	-0.010140250004042173
15	23	0.2774534999989555
15	24	-3.7806389999968815
15	24	-0.28032750000056694
15	24	0.18529750000016065
15	24	1.862515250002616
15	25	0.12689099999988684
15	25	0.13526599999750033
15	25	0.13779724999767495
15	25	0.1413284999980533
15	26	-5.27616874999876
15	26	-4.889388499999768
15	26	-4.688013499999215
15	26	-2.8355447499998263
15	26	-1.8604519999971671
15	26	1.3237344999979541
15	27	-5.258170000004611
15	27	-5.24985750000269
15	27	-5.2408262500030105
15	27	-3.8461075000013807
15	27	-2.522171000000526
15	27	-2.5126397500025632
15	27	-1.906827250000788
15	27	-1.8994210000018938
15	27	-1.7230772500006424
15	27	-1.7061397500001476
15	27	0.1354842499968072
15	27	0.1394842499976221
15	27	0.1432654999953229
15	27	0.9657654999973602
15	28	-1.370139750000817
15	28	-0.7151085000004969
15	28	-0.19457825000063167
15	28	1.5389529999993101
15	29	-4.823701000001165
15	29	-4.820013500004279
15	29	-4.807982250003988
15	29	-4.632919750001747
15	29	-4.136263500004134
15	29	-3.8794510000043374
15	29	-2.7442020000016782
15	29	-1.3369520000014745
15	29	-1.3253270000022894
15	29	-0.3616405000029772
15	29	0.1047032499955094
15	29	1.0295469999982743
15	30	-5.937200499996834
15	30	-2.554639000001771
15	30	-2.5507639999996172
15	30	-2.546639000000141
15	30	-2.121138999998948
15	30	0.8414840000004915
15	30	0.857265250000637
15	30	1.3447652499999094
15	30	1.3506090000009863
15	30	1.3645152499993856
15	31	-5.984137499999633
15	31	-5.9813874999999825
15	31	-5.770106250001845
15	31	-2.3496707500016782
15	31	-1.438358250001329
15	31	-0.6495457500022894
15	31	-0.17120300000169664
15	32	-5.485294750000321
15	32	-5.237794749999011
15	32	-0.696734249999281
15	32	-0.4249530000015511
15	32	0.2886094999994384
15	33	-5.576794000000518
15	33	-5.572387750002235
15	33	-3.8013575000004494
15	33	-3.795982499999809
15	34	-5.445826000002853
15	34	-5.0934822500021255
15	34	-4.288732250002795
15	34	-4.285107250001602
15	34	-3.8629197500013106
15	34	-3.542202000004181
15	34	-2.5574520000045595
15	34	-2.0537645000040357
15	34	-1.9571082500042394
15	34	-1.6280770000048506
15	34	-1.623702000004414
15	34	-1.6192020000053162
15	34	-1.6147332500040648
15	34	-0.25489050000032876
15	34	1.8910772499948507
15	35	-3.455294999996113
15	35	-2.5083272499978193
15	35	-1.5279522499986342
15	35	0.03085925000414136
15	36	-5.518262749999849
15	36	-4.765326249995269
15	36	-3.3339824999966368
15	36	-1.4259834999975283
15	36	-0.6834209999979066
15	36	-0.6796397500002058
15	36	1.7409530000040832
15	37	-4.278451499998482
15	37	-4.274920249998104
15	37	-4.266201499998715
15	37	-4.25810774999627
15	37	-4.247826499999064
15	37	-2.164702499998384
15	38	-2.4036707499981276
15	38	-2.3989519999995537
15	38	-2.395389500001329
15	38	-1.640358249998826
15	38	-1.636139499998535
15	38	0.8341407500010973
15	38	1.5157657500021742
15	39	-4.637357249997876
15	39	-2.5838582500000484
15	39	-2.298858250000194
15	39	-1.382951999999932
15	39	-1.378327000002173
15	39	0.4197032500014757
15	40	-5.071544000002177
15	40	-5.067075250000926
15	40	-2.8884512499971606
15	40	-2.6626074999985576
15	40	-2.614732499998354
15	40	-2.2562637499977427
15	40	-1.4889522500016028
15	40	-1.481264750000264
15	40	-1.475514750000002
15	41	-5.229513250000309
15	41	-5.225357000002987
15	41	-4.692450750000717
15	41	-4.53488825000386
15	41	-3.8845757500021136
15	41	-2.6297017500037327
15	41	-0.6829517500045768
15	41	-0.4040465000034601
15	41	1.9541087499965215
15	42	-2.9496082500045304
15	42	-2.9457020000045304
15	42	-1.2445155000023078
15	42	-0.33682799999951385
15	42	-0.3124530000022787
15	43	-3.1386387499987904
15	43	-0.34932724999816855
15	44	-4.838857000002463
15	44	-4.835263250002754
15	44	-3.453919500003394
15	44	-2.513889250003558
15	44	-2.504608000002918
15	44	-2.5007955000037327
15	44	-1.344889250005508
15	45	-5.24245124999652
15	45	-1.5154522499979066
15	45	-1.5119834999968589
15	45	-0.8234834999966552
15	45	0.9594217500016384
15	45	0.982296750000387
15	45	1.6849530000035884
15	46	-2.2651079999996
15	46	1.3234837500021968
15	47	-2.7272960000009334
15	47	-2.7241085000023304
15	47	-2.1697335000026214
15	47	-2.16507724999974
15	47	-0.995546000001923
15	47	-0.9286094999988563
15	47	-0.9231407500010391
15	47	-0.9197032499978377
15	47	1.481484250001813
15	48	-4.939763000002131
15	48	-2.8219514999982493
15	48	-2.8159827499985113
15	48	-2.8120139999991807
15	49	-5.3555135000024165
15	49	-5.344669750000321
15	49	-2.536826999999903
15	49	-1.8055144999998447
15	49	-1.7331082499986223
15	49	-0.8207342500027153
15	49	-0.8113280000034138
16	1	-4.675826500002586
16	1	-3.6159514999999374
16	1	-3.6085452500010433
16	1	-3.364670250000927
16	1	-3.2965765000008105
16	1	-0.7948900000010326
16	1	-0.7855149999995774
16	1	-0.739827500001411
16	1	-0.6002025000016147
16	1	0.5099839999966207
16	1	1.395296499998949
16	1	1.8747027499994147
16	2	-5.495950750002521
16	2	-5.166950750000979
16	2	-5.142388250002114
16	2	-2.3697954999988724
16	2	-2.3466704999991634
16	2	-2.129826749998756
16	2	-0.4140777499997057
16	2	0.2162972499972966
16	3	-5.880762499997218
16	3	-5.298482250000234
16	3	-3.9472947499998554
16	3	-3.9384822499996517
16	3	-3.93254474999776
16	3	-3.356888499998604
16	3	-2.6051707499973418
16	3	-2.120201999998244
16	3	-1.2031082499961485
16	3	-0.400265499996749
16	3	-0.3902342499968654
16	3	-0.380015499995352
16	3	0.006734500002494315
16	3	0.5297032500056957
16	3	0.5501720000029309
16	3	1.3045782500048517
16	3	1.6247345000047062
16	4	-5.9282634999945
16	4	-5.094794749995344
16	4	-5.068482249997032
16	4	-3.802513499995257
16	4	-1.27954574999967
16	4	-0.8748904999956721
16	4	-0.19698424999660347
16	4	-0.18998424999517738
16	4	-0.1784842499982915
16	4	0.03635950000170851
16	4	0.0902032500016503
16	4	0.09285950000412413
16	4	0.38817200000266894
16	4	0.4338595000044734
16	4	1.3085470000041823
16	4	1.6732647500029998
16	5	-3.118233000001055
16	5	-2.5956392500011134
16	5	-1.9468892500008224
16	5	0.06557850000172039
16	5	0.0882034999995085
16	5	1.642483749998064
16	6	-4.238638250000804
16	6	-2.8730142499989597
16	6	-2.4316079999989597
16	6	-2.2081079999989015
16	6	-2.1949517499997455
16	6	0.19254724999700557
16	6	0.9739534999971511
16	6	1.0171399999999267
16	6	1.0219212499978312
16	6	1.8482337499990535
16	7	-5.422731499998918
16	7	-5.319481499998801
16	7	-4.098700250000547
16	7	-3.61904499999946
16	7	-3.6109824999984994
16	7	-3.5067324999981793
16	7	-3.4629512499959674
16	7	-1.4553262499975972
16	7	-1.4463887499987322
16	7	0.3824227500008419
16	7	0.4018915000015113
16	7	0.41695400000025984
16	7	1.1278905000035593
16	8	-2.7691075000002456
16	8	-2.3471387499994307
16	8	-0.15567100000043865
16	8	-0.15392100000099163
16	9	-5.413294500001939
16	9	-5.403044500002579
16	9	-5.382888250001997
16	9	-4.091919500002405
16	9	-4.035044500000367
16	9	-3.3867320000026666
16	9	-3.3621382500023174
16	9	-2.964108000000124
16	9	-2.2339204999989306
16	9	-2.107232999998814
16	9	-1.850326750001841
16	9	-1.311170500001026
16	9	-0.744139250000444
16	9	-0.7234830000015791
16	9	-0.7027329999982612
16	9	-0.33160900000075344
16	9	0.25270349999846076
16	9	0.7981722499971511
16	9	1.0106722499986063
16	9	1.052890999999363
16	9	1.151672249998228
16	9	1.9512337499982095
16	10	-5.809419750003144
16	10	-5.783357250002155
16	11	-5.999762750005175
16	11	-3.047607500000595
16	11	0.5812654999972438
16	12	-5.8457315000014205
16	12	-5.339762750001682
16	12	-5.3201377500008675
16	12	-2.895263750000595
16	12	-1.631858500000817
16	12	-1.4201084999986051
16	12	-1.2806397499989544
16	12	0.0015789999997650739
16	12	0.7181717499988736
16	12	1.5908904999960214
16	12	1.9792342499968072
16	13	-5.90404375000071
16	13	-4.773826000004192
16	13	-4.767232250003872
16	13	-4.759951000003639
16	13	-4.655794750004134
16	13	-4.017607250003493
16	13	-3.7276072500026203
16	13	-2.9484510000038426
16	13	-2.905858250000165
16	13	-2.6496707500009506
16	13	-2.199045749999641
16	13	-2.171795750000456
16	13	-2.163264500002697
16	13	-1.9253895000001648
16	13	-1.446264500002144
16	13	-0.7490770000003977
16	13	-0.683733249999932
16	13	0.2735469999970519
16	14	-4.4095444999984466
16	14	-3.9697944999970787
16	14	-3.2657017500023358
16	14	-3.179701749999367
16	14	-2.2732954999992216
16	14	-1.3494517500002985
16	14	-0.8317027499979304
16	14	-0.784796500000084
16	14	1.9026087499987625
16	14	1.9561712499998976
16	15	-5.993856999997661
16	15	-4.583075749997079
16	15	-1.2007955000008224
16	15	-0.2069839999967371
16	15	0.19279725000160397
16	15	0.2663910000010219
16	15	1.4473597500036703
16	16	-4.500075750001997
16	16	-4.351764250004635
16	16	-4.315389250004955
16	16	-3.2298892500039074
16	16	-2.5056080000031216
16	17	-5.833981499999936
16	17	-5.715200250000635
16	17	-5.704137749999063
16	17	-5.306106500000169
16	17	-5.240544000000227
16	17	-4.520044999997481
16	17	-4.2873887499990815
16	17	-4.278232499997102
16	17	-2.7630449999996927
16	17	-2.692763749997539
16	17	-2.3389522500001476
16	17	-2.0124522500009334
16	17	-0.9526397500012536
16	17	-0.2498272500015446
16	17	-0.22067099999912898
16	17	-0.20654600000125356
16	17	-0.13785850000203936
16	18	-5.314044749997265
16	18	-4.86204474999613
16	18	-4.5867947499973525
16	18	-4.574169749997964
16	18	-2.566639500000747
16	18	-0.4009529999966617
16	18	1.261328250002407
16	18	1.5935470000040368
16	18	1.6308282500031055
16	19	-4.82576274999883
16	19	-4.2473565000000235
16	19	-3.857232500002283
16	19	-2.776045000002341
16	19	-1.8922325000021374
16	19	-0.3202022500008752
16	19	-0.10017100000186474
16	19	0.2009227499984263
16	20	-4.979294000000664
16	20	-2.921794999998383
16	20	-0.804858499999682
16	20	0.20051650000095833
16	20	0.2042665000008128
16	21	-5.747794749997411
16	21	-4.849419750000379
16	21	-3.7853885000004084
16	21	-2.6838895000000775
16	21	-0.18232799999896088
16	21	0.5346720000015921
16	21	0.969078250000166
16	22	-4.548794499998621
16	22	-4.5424507499992615
16	22	-4.53938824999932
16	22	-2.0664517499972135
16	22	-1.6408892500003276
16	22	-0.9292027500014228
16	22	-0.06154650000098627
16	23	-4.963388250002026
16	23	-4.92898200000127
16	23	-3.435326750000968
16	23	-2.3954830000002403
16	23	-1.277296500004013
16	23	-0.5261090000021795
16	24	-5.6873567500006175
16	24	-5.024794249999104
16	24	-3.9036077499986277
16	24	0.6425777500007825
16	25	-5.717512249997526
16	25	-3.921200749999116
16	25	-2.837825750000775
16	25	-1.8913579999971262
16	25	-1.8181704999988142
16	25	-0.7223267499975918
16	25	0.23014100000000326
16	26	-5.959449999998469
16	26	-4.9826697499993315
16	26	-4.4649822499995935
16	26	-4.434826000000612
16	26	-2.416889500000252
16	26	0.3133907499977795
16	27	-5.788294000005408
16	27	-5.143013750002865
16	27	-5.133107500001643
16	27	-4.340357500004757
16	27	-3.3649825000029523
16	27	-3.327545000003738
16	27	-1.6513585000029707
16	27	-1.5289210000009916
16	27	-0.026703250005084556
16	27	0.00495299999602139
16	27	1.348765499995352
16	28	-5.3062012500013225
16	28	-4.726482500002021
16	28	-4.711638750002749
16	28	-2.6007334999994782
16	28	-0.9334835000008752
16	28	0.7493904999973893
16	28	1.8033904999974766
16	29	-4.794482250003057
16	29	-4.788701000001311
16	29	-3.7136385000012524
16	29	-3.685419750003348
16	29	-3.1362635000041337
16	29	-0.6483270000026096
16	29	-0.6288582500019402
16	29	-0.6074832500016782
16	29	1.7739844999960042
16	29	1.8865157499967609
16	29	1.8950772499993036
16	29	1.9025772499990126
16	30	-5.765825499998755
16	30	-4.7093567499978235
16	30	-3.9573577500013926
16	30	-2.0350452499988023
16	30	1.365171499997814
16	31	-5.913512499999342
16	31	-4.711576000001514
16	31	-3.3685760000043956
16	31	-2.695545750000747
16	31	-0.783233250000194
16	31	-0.499826999999641
16	31	-0.49510825000106706
16	31	0.08910949999699369
16	31	0.09960949999731383
16	31	0.5067657499967027
16	31	1.1965469999959168
16	31	1.2048594999978377
16	31	1.243546999998216
16	32	-5.104982249999011
16	32	-4.872107250001136
16	32	-1.2149519999984477
16	32	-0.20020300000032876
16	32	-0.046609249999164604
16	32	1.1706720000001951
16	32	1.503358500001923
16	32	1.8402647500006424
16	33	-5.336169999998674
16	33	-4.240294999999605
16	33	-3.05635749999783
16	33	-2.4884210000018356
16	33	-2.1911085000028834
16	33	0.7306405000017548
16	33	0.8595467500017548
16	33	1.1115780000000086
16	33	1.6874217500007944
16	33	1.6987342499996885
16	33	1.78626549999899
16	34	-3.977076000002853
16	34	-2.8938895000028424
16	34	-2.311014500002784
16	34	-1.7542332500051998
16	34	-1.3661082500038901
16	34	0.22170324999751756
16	34	1.2933594999994966
16	35	-5.939637749997928
16	35	-5.102262749998772
16	35	-4.3214199999965786
16	35	-3.3536699999967823
16	35	-1.8162334999979066
16	35	-1.7989522499992745
16	35	1.5513592500028608
16	35	1.9085467500008235
16	36	-5.798294000000169
16	36	-2.584764749997703
16	36	-2.050014749998809
16	36	1.5820780000030936
16	37	-5.554388000000472
16	37	-5.002670249996299
16	37	-4.975670249998075
16	37	-4.642607749996387
16	37	-4.252263999998831
16	37	-3.7472327499963285
16	37	-1.4740774999991118
16	37	0.6831402500029071
16	38	-5.42723124999975
16	38	-3.7449197499990987
16	38	-3.672075999998924
16	38	-2.394889499999408
16	38	-2.3782957500006887
16	38	-2.25098324999999
16	38	-1.6271707499981858
16	38	0.6265157500019995
16	39	-3.432763500000874
16	39	-1.099639500000194
16	39	-0.8492020000012417
16	39	0.49835950000124285
16	39	1.6618907500014757
16	40	-4.564981499999703
16	40	-4.303106499999558
16	40	-3.5407012499999837
16	40	-3.0535449999988487
16	40	-2.4295449999990524
16	40	-0.4507022500001767
16	40	-0.43917100000180653
16	40	-0.42838975000267965
16	41	-3.982357000000775
16	41	-3.9742007500026375
16	41	-3.872669500000484
16	41	-2.722451750003529
16	41	-2.0890455000044312
16	41	-1.2885767500047223
16	41	-0.9933580000033544
16	41	-0.9730455000026268
16	41	-0.5539215000026161
16	41	-0.5299215000013646
16	41	1.0769222499984608
16	42	-5.702076000001398
16	42	-4.913013500001398
16	42	-3.1358582500033663
16	42	-2.3360457500020857
16	42	-2.2057020000029297
16	42	-2.1982020000032207
16	42	-2.1840770000017073
16	42	-2.078764500001853
16	42	-1.7838905000025989
16	42	-0.8149217500031227
16	42	-0.8041092500025115
16	43	-5.8279502500008675
16	43	-4.646482499996637
16	43	-3.1206387499987613
16	43	-2.340827249998256
16	43	-1.727358500000264
16	43	-1.4561084999986633
16	43	1.1194530000029772
16	43	1.507484250003472
16	44	-5.361824750005326
16	44	-5.355106000002706
16	44	-5.021607000002405
16	44	-4.195950750003249
16	44	-3.4126070000020263
16	44	-3.398263250001037
16	44	-2.9292945000015607
16	44	-2.3225142500050424
16	44	-1.9795767500036163
16	44	-1.624701750002714
16	44	-1.575451750002685
16	44	-0.24432775000241236
16	44	-0.1985777500012773
16	44	0.06207849999918835
16	44	0.9482659999957832
16	44	1.2454847499975585
16	45	-3.6605137499973353
16	45	-2.9440772499947343
16	45	-2.9065772499961895
16	45	-1.127733499997703
16	45	-0.4416094999978668
16	45	1.4549842500018713
16	45	1.4753280000004452
16	45	1.8347957500045595
16	46	-5.072763250002026
16	46	-4.981075750001764
16	46	-4.238357999998698
16	46	-4.161514249997708
16	46	-3.6979204999988724
16	46	-1.2344840000005206
16	46	-0.827140249999502
16	46	0.1882034999980533
16	46	0.6230159999977332
16	46	0.630297249997966
16	47	-5.4063262499985285
16	47	-5.361107500000799
16	47	-4.993763750000653
16	47	-4.643982499997946
16	47	-2.9730772500006424
16	47	-2.139671000000817
16	47	-2.132670999999391
16	47	-2.1272022500015737
16	47	-1.9040147500018065
16	47	-0.36148450000109733
16	48	-5.951606750000792
16	48	-5.922950500000297
16	48	-5.908544249999977
16	48	-5.858919250000326
16	48	-5.830856750002567
16	48	-5.199106750002102
16	48	-5.1216692500020145
16	48	-5.091669249999541
16	48	-5.077606750000996
16	48	-5.0680130000000645
16	48	-4.453544250001869
16	48	-4.4184505000011995
16	48	-4.407013000000006
16	48	-3.8982942500006175
16	48	-3.883763000001636
16	48	-3.8779192500005593
16	48	-2.8971077499991225
16	48	-2.8162014999979874
16	48	-2.3933890000007523
16	48	-2.363013999998657
16	48	-2.3453264999989187
16	48	-2.340951499998482
16	48	-2.063295249998191
16	48	-2.028732750000927
16	48	-1.8796077499973762
16	48	-0.5351087500021094
16	48	-0.12348375000146916
16	48	0.5417974999982107
16	48	1.2433912499982398
16	49	-5.7607322500007285
16	49	-5.47863850000067
16	49	-5.466982250000001
16	49	-5.130857250002009
16	49	-4.179201000002649
16	49	-4.165669750000234
16	49	-4.152669750001223
16	49	-3.9096697500026494
16	49	-3.9037010000029113
16	49	-1.9527332500001648
16	49	-1.096045750000485
16	49	-0.7272030000021914
17	1	-3.6181077500004903
17	2	0.3727347499989264
17	3	-5.376013500001136
17	3	-5.284982249999302
17	3	-5.27526349999971
17	3	-3.9441072500012524
17	3	-2.582983249998506
17	3	-2.5704832499977783
17	4	-5.081325999995897
17	4	-5.057575999995606
17	4	-1.3727019999969343
17	4	-0.39223424999727285
17	4	1.8242647500010207
17	6	-2.2120142499989015
17	6	-0.8270777500038093
17	6	-0.7998590000024706
17	6	-0.21148400000311085
17	6	0.17120349999822793
17	6	0.18132849999892642
17	7	-5.684293999998772
17	7	-5.663918999998714
17	7	-4.031637749998481
17	7	-3.9852314999989176
17	7	-3.629044999997859
17	7	-3.62154499999815
17	7	-3.6136387499973353
17	7	0.39111024999874644
17	7	0.41076650000104564
17	7	1.1335467500030063
17	7	1.144421750002948
17	7	1.1504530000020168
17	9	-5.392825750001066
17	9	-4.506200750001881
17	9	-4.490700750000542
17	9	-2.958045499999571
17	9	-2.9494517499988433
17	9	-2.566107999999076
17	9	-2.557545499999833
17	9	-0.5582652500015683
17	9	-0.34489025000220863
17	10	-5.798294750002242
17	10	-5.7443885000029695
17	10	-1.592764500001067
17	10	-1.5838895000015327
17	12	-5.301168999998481
17	12	-5.279231500000606
17	12	-2.3996387500010314
17	12	-2.394451250002021
17	12	-2.3837325000022247
17	12	-1.1306084999996528
17	12	-1.1234834999995655
17	12	-0.021108500000991626
17	12	-0.008921000000555068
17	12	0.7613592499983497
17	13	-2.9249822500023583
17	13	-2.67676449999999
17	13	-2.674170750000485
17	13	-2.670889500001067
17	13	-2.6596395000015036
17	13	-2.2376395000028424
17	13	-2.19238949999999
17	13	-1.8503270000001066
17	13	-1.4292645000023185
17	13	-0.7143895000008342
17	13	-0.6576707500025805
17	13	0.22157824999521836
17	13	0.24964074999661534
17	13	0.2626407499956258
17	14	-3.2905767500014917
17	14	-3.2455455000017537
17	14	-3.234483000000182
17	14	-2.4869830000025104
17	14	-1.21598300000187
17	14	0.9950785000000906
17	14	1.0042347500020696
17	15	-3.8367632499976025
17	15	-1.7798267500002112
17	15	-1.7745455000003858
17	15	1.4575472500036994
17	15	1.4679222500017204
17	15	1.4821087499985879
17	16	-1.724859000001743
17	16	-1.5538590000032855
17	16	-1.5453277500018885
17	16	-1.5358590000032564
17	16	-0.7383902500005206
17	16	0.9572337499994319
17	16	0.9621712500011199
17	16	0.9678899999998976
17	16	0.9785462500003632
17	17	-5.342325249999703
17	17	-5.325669000001653
17	17	-5.314637750001566
17	17	-5.282043999999587
17	17	-5.268044000000373
17	17	-4.535982499997772
17	17	-4.157107499999256
17	17	-2.7136699999973644
17	17	-2.7025762499979464
17	17	-2.6841074999974808
17	17	-2.3447022500004095
17	17	-2.3407960000004095
17	17	-2.334077250001428
17	17	-2.3236085000025923
17	17	-0.17142099999909988
17	18	-5.326919749997614
17	18	-4.882169749998866
17	18	-4.576732249995985
17	18	-4.168169749998924
17	19	-3.8429200000027777
17	19	-0.3457647499999439
17	20	-5.817762750000838
17	20	0.20707899999979418
17	20	0.21079775000180234
17	22	-4.54616950000127
17	22	-4.021013249999669
17	22	-2.262139250000473
17	22	-2.249670499997592
17	22	-2.0553579999977956
17	22	-2.0507017499985523
17	22	-0.4929840000004333
17	22	-0.4851715000004333
17	23	-5.395575750000717
17	23	-5.388794500002405
17	23	-5.373888250000164
17	23	-4.984325750003336
17	23	-4.972513250002521
17	23	-2.6747954999991634
17	23	-2.668576749998465
17	23	-1.8699205000011716
17	23	-1.860607999999047
17	23	-0.2087027500019758
17	23	1.3478274999979476
17	23	1.3532962499994028
17	24	-2.328920249998191
17	24	-2.302795249997871
17	24	-1.0363274999981513
17	24	-0.010046249997685663
17	24	-0.0038275000006251503
17	24	1.1635777500014228
17	25	-3.185513250002259
17	25	-1.8508579999979702
17	25	-1.8399204999986978
17	25	-1.827701750000415
17	25	1.9613597499992466
17	25	1.9747347499978787
17	26	-4.9987010000004375
17	26	-2.487202000000252
17	26	-1.8342644999975164
17	27	-3.669013750004524
17	27	-3.6582950000047276
17	27	-3.6531387500035635
17	27	-3.646420000004582
17	27	-3.6392637500030105
17	27	-3.6306075000029523
17	27	-1.6557334999997693
17	27	-0.31395325000266894
17	27	0.3629217499947117
17	27	1.1899217499958468
17	27	1.2207342499968945
17	27	1.2312029999957304
17	27	1.2399217499951192
17	28	-5.986575249997259
17	28	-5.981512750000547
17	28	-5.287951250000333
17	28	-5.278263750002225
17	28	-0.9789835000010498
17	29	-4.790607250004541
17	29	-4.786357250002766
17	29	-0.6622957500003395
17	29	-0.6374520000026678
17	29	1.0537032499960333
17	29	1.0641094999955385
17	29	1.39157824999711
17	29	1.872234499995102
17	30	-0.7248899999976857
17	30	-0.7171712499985006
17	30	-0.7063899999993737
17	30	-0.6983899999977439
17	30	-0.6824524999974528
17	30	-0.32317124999826774
17	30	0.2527037500003644
17	30	1.3692652499994438
17	30	1.3802652499980468
17	31	-5.549418750000768
17	31	-2.8030457500026387
17	31	-2.7810145000003104
17	31	-0.8141082500005723
17	31	-0.8023895000005723
17	31	-0.7917957499994372
17	31	-0.7515457500012417
17	31	0.010359499996411614
17	31	0.034234499995363876
17	31	0.06435949999649893
17	31	0.7103282499956549
17	32	-4.563482249999652
17	32	1.5383272500002931
17	32	1.5437022500009334
17	32	1.5513897500022722
17	32	1.5663897500016901
17	33	-4.012295000000449
17	33	-4.0043887499996345
17	33	-3.992232500000682
17	33	-3.983888750000915
17	33	-3.4949200000010023
17	33	-3.4817637499982084
17	33	-3.474138749999838
17	33	-3.466919999998936
17	33	-3.0649512499985576
17	33	-2.8259835000026214
17	33	-2.787608500002534
17	33	-2.780108500002825
17	33	-2.4679522500009625
17	34	-4.011169750003319
17	34	-4.004607250000845
17	34	-0.4382342500030063
17	35	-5.929106499999762
17	35	-4.843544999996084
17	35	-2.331795999998576
17	35	-2.324389749999682
17	35	1.5343905000008817
17	35	1.5425780000041414
17	36	-3.3948262499980046
17	36	-0.01542199999676086
17	36	-0.009171999998216052
17	37	-5.4575130000011995
17	37	-5.449294250000094
17	37	-5.439294249998056
17	37	-5.423700499999541
17	37	-5.405512999997882
17	37	-5.089795249998133
17	37	-5.079795249999734
17	37	-5.06151399999726
17	37	-4.994607749998977
17	37	-4.986888999999792
17	37	-4.245013999996445
17	37	-1.8312337499992282
17	37	-1.522827500000858
17	37	-1.5127337500016438
17	37	-1.4665774999994028
17	37	-0.38995250000152737
17	37	-0.373515999999654
17	37	1.9380152500016266
17	37	1.9454840000034892
17	37	1.9640152500032855
17	38	-3.758200999996916
17	38	-3.731075999996392
17	38	-3.7232322499985457
17	38	-2.3871394999987388
17	38	-0.9925145000015618
17	38	-0.9866082500011544
17	38	0.16398450000269804
17	38	0.1947345000007772
17	39	-2.926888499998313
17	39	-2.91960724999808
17	39	-1.0876707500028715
17	39	0.5042969999994966
17	40	-4.740356500002235
17	40	-4.72701275000145
17	40	-4.724012750000838
17	40	-4.717481499999849
17	40	-4.698825250001391
17	40	-3.93648249999751
17	40	-3.930638750000071
17	40	0.3434227500001725
17	40	0.3509227499998815
17	40	0.36129774999790243
17	40	1.1210155000007944
17	40	1.1272967500008235
17	41	-3.9636070000015025
17	41	-2.754545500003587
17	41	-2.7428580000050715
17	41	-1.0471080000024813
17	41	-1.0416080000031798
17	41	-1.0326392500028305
17	42	-3.1283582500036573
17	42	-3.119295750002493
17	42	-1.4605780000019877
17	42	-1.4522655000000668
17	42	-1.0921092500029772
17	42	-1.0836717500023951
17	42	-1.0773592500008817
17	42	-0.5245155000011437
17	42	-0.5058905000005325
17	42	-0.37226550000195857
17	42	1.571827250001661
17	42	1.5792647500020394
17	43	-3.1114824999967823
17	43	-3.104669999996986
17	44	-5.364731000005122
17	44	-5.3586060000052385
17	44	-5.033450750001066
17	44	-3.4091070000031323
17	44	-1.964014250002947
17	44	-0.5771392500028014
17	44	-0.2581090000021504
17	44	-0.2525465000035183
17	44	-0.2392027500027325
17	44	-0.22232775000156835
17	44	-0.20629650000410038
17	44	0.06898474999616155
17	44	1.6410784999970929
17	45	-3.6256699999976263
17	45	-3.2864512499982084
17	45	-0.0767344999985653
17	45	-0.0532969999985653
17	45	-0.037703249996411614
17	45	-0.030703249998623505
17	46	0.6175784999977623
17	47	-5.400201249998645
17	47	-3.7315762500002165
17	47	-1.8485772500025632
17	48	-5.22466925000117
17	48	-4.439044250000734
17	48	-3.9180442500000936
17	48	-3.5157005000000936
17	48	-2.372607749999588
17	48	-2.2502952499999083
17	48	-2.009013999999297
17	49	-5.771076000000903
17	49	-5.73785725000198
17	49	-5.473294750001514
17	49	-3.9147010000015143
17	49	-2.744701999999961
17	49	-2.7402020000008633
17	49	-2.7328582500013
17	49	-2.6737020000000484
18	1	-5.0540765000005194
18	1	-4.305170250001538
18	1	-3.9988577500007523
18	1	-3.598545250002644
18	1	-3.3037640000002284
18	1	-3.274420250003459
18	1	-2.9161712499990244
18	1	-2.89410874999885
18	1	-2.6554837500007125
18	1	-2.630233749998297
18	1	-1.264702500000567
18	1	-0.7502337500009162
18	1	-0.6737962500010326
18	1	-0.3446722500011674
18	1	-0.031641000001400243
18	1	-0.02632850000372855
18	1	0.2109527499997057
18	1	0.2475152499973774
18	1	1.0473902499979886
18	2	-5.038763250002376
18	2	-4.034357000000455
18	2	-3.850075750000542
18	2	-2.9882017499985523
18	2	-2.2733579999985523
18	2	0.6772659999987809
18	2	0.6845159999975294
18	2	0.7045472499994503
18	2	1.1230784999970638
18	3	-5.855824999998731
18	3	-2.564670749998186
18	3	-2.5540457499992044
18	3	-2.5470769999992626
18	3	-2.0311394999989716
18	3	-0.012890499994682614
18	3	0.6218595000027562
18	3	1.2710782500034838
18	4	-5.724700999995548
18	4	-4.510075999995024
18	4	-2.7051394999980403
18	4	-2.6501394999977492
18	4	-2.453170749999117
18	5	-4.741513249999116
18	5	-4.733606999998301
18	5	-2.845170500000677
18	5	1.5150775000001886
18	6	-4.081263250001939
18	6	-0.6602965000020049
18	6	0.30642224999610335
18	6	1.906764999999723
18	7	-5.21388775000014
18	7	-3.2014512499990815
18	7	-1.0757647499995073
18	7	0.49267274999874644
18	7	1.2904530000014347
18	7	1.438109250000707
18	8	-5.914481499999965
18	8	-1.0969210000002931
18	8	0.3091405000013765
18	8	0.5254842499998631
18	8	0.6711092500008817
18	8	1.0767342500002997
18	9	-1.9292329999989306
18	9	0.4452347499973257
18	9	1.0278284999985772
18	9	1.8548284999997122
18	10	-3.4121082500023476
18	10	-3.335045750001882
18	10	-3.319952000001649
18	10	-2.789608250001038
18	10	-0.8297342500045488
18	11	-0.047795999998925254
18	11	1.3103904999989027
18	12	-5.748669000000518
18	12	-5.728887749999558
18	12	-4.144045000000915
18	12	-3.17660750000141
18	12	-2.907826250000653
18	12	-1.4127335000011954
18	12	-1.4059835000007297
18	12	-1.3530147499986924
18	12	0.9046717499986698
18	13	-4.585638500004279
18	13	-3.8970447500032606
18	13	-1.222795749999932
18	13	-0.24723425000411225
18	13	-0.22532800000408315
18	13	1.3867032499983907
18	14	-4.083700749997661
18	14	-3.556232999999338
18	14	-2.675983000000997
18	14	-1.3666704999996
18	14	0.6317972500000906
18	14	0.8511722500006726
18	15	-5.910700749998796
18	15	-5.716169499995885
18	15	-4.364294499999232
18	15	-2.9701080000013462
18	15	-2.935732999998436
18	15	-0.3717964999996184
18	16	-5.413481999999931
18	16	-4.753325749999931
18	16	-4.183639250004489
18	16	-3.4283892500025104
18	16	-2.0496080000048096
18	16	0.9673274999986461
18	17	-5.913637749999907
18	17	-4.782138749997102
18	17	-3.9970137499985867
18	17	-3.0183887499988487
18	17	-2.4158585000004678
18	17	-2.288639750000584
18	17	-1.9908585000011954
18	17	-1.4477647500025341
18	17	0.3295780000007653
18	17	1.2072967500025698
18	17	1.4096092500003579
18	18	-4.929544749997149
18	18	-3.6881697499957227
18	18	-3.6742634999973234
18	18	-2.1620144999978947
18	18	-2.0218582499983313
18	18	-2.0115769999974873
18	18	-1.2696394999984477
18	18	1.1100470000019413
18	18	1.2660157500031346
18	19	-5.699106500000198
18	19	-5.0797002500003146
18	19	-4.905262749998656
18	19	-3.8842012500026613
18	19	-3.528107500002079
18	19	-3.283857500002341
18	19	-2.0987637500038545
18	19	1.7592655000007653
18	19	1.7853280000017548
18	20	-2.1568574999982957
18	20	-2.147951249997277
18	20	-2.1018262499965203
18	20	-0.7940459999990708
18	20	0.8037967500022205
18	20	0.8247030000020459
18	21	-5.710013500000059
18	21	-0.6428592499978549
18	21	-0.5811717500000668
18	21	1.1136719999994966
18	22	-2.2710142500000075
18	22	-0.8969214999997348
18	22	-0.6013902500017139
18	22	-0.44982775000244146
18	22	-0.4421402500011027
18	23	-4.415732000001299
18	23	-2.544920500000444
18	23	-2.0864829999991343
18	23	-0.1696715000034601
18	23	0.8580775000009453
18	24	0.3968277500025579
18	25	-4.367075750000367
18	25	-1.2723579999983485
18	25	0.1999847500010219
18	26	-3.8874822500001756
18	26	-1.7705144999999902
18	26	-1.7514207499989425
18	26	-1.0647332499975164
18	26	0.298640749999322
18	26	0.32179700000051525
18	27	-2.037608500002534
18	27	-1.8758585000032326
18	27	-1.705670999999711
18	27	-0.022797000005084556
18	28	-3.32485749999978
18	28	-2.571295999998256
18	28	-2.306014750000031
18	28	-0.07695325000167941
18	28	-0.0277345000031346
18	28	-0.007109500002115965
18	29	-5.891887500001758
18	29	-5.041138500004308
18	29	0.7305157499977213
18	29	0.9660157499965862
18	29	1.4280782499954512
18	30	-5.812262999999803
18	30	-3.1795764999988023
18	30	-0.09851499999786029
18	30	1.4028277500001423
18	30	1.4273277499996766
18	30	1.8833277499979886
18	31	-4.355544750003901
18	31	-2.902419750003901
18	31	-2.580545750002784
18	31	-1.2953895000027842
18	31	-0.01567175000309362
18	31	1.9426094999980705
18	31	1.953546999997343
18	31	1.9610782499985362
18	32	-4.366544749998866
18	32	-3.1377332499978365
18	33	-4.397044999997888
18	34	-3.93707600000198
18	34	-3.283045750002202
18	35	-5.123762749997695
18	35	-4.69673249999687
18	35	-3.3269824999988487
18	35	1.8304842500037921
18	36	-5.4063262499985285
18	36	-5.397013749996404
18	36	-4.077388749996317
18	36	1.6272030000036466
18	38	-5.072013499997411
18	38	-5.066513499998109
18	38	-5.06395099999645
18	38	-2.9450134999970032
18	38	-1.618764499999088
18	38	0.2527657500031637
18	39	-1.2052645000003395
18	39	1.6023282499991183
18	39	1.610109500001272
18	39	1.6602344999992056
18	40	-3.543794999997772
18	40	-1.5187637499984703
18	41	-5.462950750003074
18	41	-1.7198267500025395
18	42	-3.197514500003308
18	42	-3.1702957500019693
18	42	-1.7817342500020459
18	42	-1.7615155000021332
18	42	-1.618515500002104
18	42	-1.0914217500030645
18	42	-0.10635924999951385
18	44	-3.9707007500037435
18	44	-2.386608000004344
18	45	-4.7749199999962
18	45	-3.898232499996084
18	45	0.8195155000030354
18	46	-3.368232999997417
18	46	-1.4061402500010445
18	46	-0.04395275000206311
18	47	-1.056608500002767
18	47	-1.045827250000002
18	47	-1.0223585000021558
18	47	-0.24842200000057346
18	47	0.032859250000910833
18	47	0.21267174999957206
18	47	0.22732800000085263
18	48	-2.927982749999501
18	48	-2.917732750000141
18	48	-2.9027639999985695
18	48	-2.825732749999588
18	48	-2.8077014999980747
18	48	1.476234999998269
19	1	-5.968012999997882
19	1	-4.778545250002935
19	1	-4.760014000003139
19	1	-3.4786390000008396
19	1	-3.239889000000403
19	1	-1.9269837499996356
19	1	-1.1839837500010617
19	1	-0.44998375000068336
19	1	0.07817149999755202
19	1	0.5563902499961841
19	2	-5.561138249999203
19	2	-5.418450749999465
19	2	-5.379075749999174
19	2	-5.3282319999998435
19	2	-5.246232000001328
19	2	-5.149825750002492
19	2	-5.080482000001211
19	2	-4.084857000001648
19	2	-2.502545499999542
19	2	-2.2899517500009097
19	2	-1.8995142499989015
19	2	-0.005140250003023539
19	2	0.31345349999901373
19	2	0.9661097499993048
19	3	-5.724731249996694
19	3	-5.29113850000067
19	3	-5.1911384999984875
19	3	-5.07751350000035
19	3	-5.062544749998779
19	3	-4.973607249998167
19	3	-4.483950999998342
19	3	-4.309575999999652
19	3	-4.290482249998604
19	3	-4.100388499999099
19	3	-2.766264499998215
19	3	-2.3803269999989425
19	3	-2.1982957499967597
19	3	-1.2257957499969052
19	3	-0.5243592499973602
19	3	-0.3987654999946244
19	3	-0.32573424999645795
19	3	0.14404700000523007
19	3	0.2136407500038331
19	3	0.2372345000039786
19	3	0.5065470000045025
19	3	0.5529532500040659
19	3	0.5737345000052301
19	3	1.7866085000023304
19	4	-5.731357249995199
19	4	-5.708638499996596
19	4	-5.518732249995082
19	4	-4.9056697499945585
19	4	-4.037419749995024
19	4	-3.6294832499988843
19	4	-2.3189832499992917
19	4	-2.0140457499983313
19	4	-1.801014499997109
19	4	-0.8824217499968654
19	4	-0.43979674999718554
19	4	1.5252959999997984
19	5	-5.520669499997894
19	5	-5.489419499997894
19	5	-5.18641949999801
19	5	-3.56857674999992
19	5	-3.2256704999999783
19	5	-3.208983000000444
19	5	-3.1131080000013753
19	5	-2.1919830000006186
19	5	-2.1181392500002403
19	5	-2.0601705000008224
19	5	-1.3418579999997746
19	5	-0.8029527500002587
19	5	-0.18310899999778485
19	5	1.4222649999974237
19	5	1.7637025000003632
19	5	1.9378274999980931
19	6	-5.459982000000309
19	6	-5.348357000002579
19	6	-5.298263250002492
19	6	-5.0626070000034815
19	6	-4.9014195000017935
19	6	-4.455450750003365
19	6	-4.415107000000717
19	6	-3.9280767499985814
19	6	-3.689451750000444
19	6	-3.3925142500011134
19	6	-3.2834517500014044
19	6	-2.9381392499999492
19	6	-2.5149830000009388
19	6	-2.439357999999629
19	6	-2.410232999998698
19	6	-2.115732999998727
19	6	-1.6229830000011134
19	6	-1.5489830000005895
19	6	-1.4654527500024415
19	6	-1.3585152500018012
19	6	-0.9717965000018012
19	6	-0.7590777500008699
19	6	-0.6608902500011027
19	6	-0.4423590000005788
19	6	-0.17685900000287802
19	6	-0.08414025000092806
19	7	-5.8625752500011
19	7	-5.629887750001217
19	7	-5.499575249999907
19	7	-5.310950250001042
19	7	-4.2012002499977825
19	7	-2.9668887499974517
19	7	-2.5305137499963166
19	7	-2.2309824999974808
19	7	-2.182669999998325
19	7	-2.180826249998063
19	7	-2.0923887499993725
19	7	-1.857857499999227
19	7	-1.4252637499994307
19	7	-1.3448262499987322
19	7	-0.41279600000052596
19	7	-0.19260850000136998
19	7	0.28195400000186055
19	7	0.5039227500019479
19	7	1.616859250003472
19	7	1.6880780000028608
19	8	-5.066075250000722
19	8	-5.02516900000046
19	8	-4.700826249998499
19	8	-3.884794999998121
19	8	-2.5108887499991397
19	8	-2.356013749998965
19	8	-1.0371397500020976
19	8	-1.032358500000555
19	8	-0.5496710000006715
19	8	0.038391499998397194
19	8	0.08498524999959045
19	9	-5.898106000000553
19	9	-4.717138250001881
19	9	-4.40310700000191
19	9	-4.147138250002172
19	9	-3.929950749999989
19	9	-3.848638250001386
19	9	-2.9856704999983776
19	9	-2.833764250000968
19	9	-1.6913580000000366
19	9	-1.341483000000153
19	9	-1.3059829999983776
19	9	-1.253295499998785
19	9	-0.9414204999993672
19	9	-0.6010767500010843
19	9	-0.05198400000153924
19	9	1.5082347499992466
19	9	1.5832034999984899
19	9	1.9032650000008289
19	10	-5.238888500003668
19	10	-5.147982250004134
19	10	-5.1151697500026785
19	10	-4.894013500001165
19	10	-4.20391975000166
19	10	-3.1238582500009215
19	10	-2.971670750001067
19	10	-2.8521395000025223
19	10	-2.475170749999961
19	10	-1.9717020000025514
19	10	-1.7812332499997865
19	10	-1.493139500002144
19	10	-1.3533582500022021
19	10	-1.257171750003181
19	10	-1.222953000004054
19	10	-1.2063280000038503
19	10	-0.5573592500040832
19	10	-0.031046750002133194
19	10	0.5914219999976922
19	10	0.9478907499978959
19	10	1.0176719999981287
19	10	1.068265749996499
19	10	1.2476397499995073
19	11	-5.816419000002497
19	11	-5.4721690000042145
19	11	-5.428106500003196
19	11	-5.267512750004244
19	11	-5.260075250003865
19	11	-4.7871377500050585
19	11	-4.621731500003079
19	11	-4.151513750002778
19	11	-4.056576250000944
19	11	-3.415013750000071
19	11	-3.3883574999999837
19	11	-3.217951250000624
19	11	-3.141982500001177
19	11	-3.0298887500030105
19	11	-2.643513750001148
19	11	-1.8987960000013118
19	11	-0.9832959999985178
19	11	-0.9335772500016901
19	11	-0.1983585000016319
19	11	0.18123524999828078
19	11	0.20514149999871734
19	11	1.0476092499993683
19	11	1.049640499997622
19	12	-5.707637750001595
19	12	-5.546762750000198
19	12	-5.498919000001479
19	12	-4.117826250003418
19	12	-4.028982500003622
19	12	-3.4010762500001874
19	12	-3.3128887500024575
19	12	-3.044232500000362
19	12	-2.449857500003418
19	12	-2.275951250001526
19	12	-2.2509200000022247
19	12	-2.165420000001177
19	12	-2.1466700000019046
19	12	-1.8884834999989835
19	12	-1.3073897499998566
19	12	-0.9478897500011954
19	12	-0.7281397500009916
19	12	-0.6732960000008461
19	12	-0.6345147499996528
19	12	-0.6202022500001476
19	12	-0.60379599999942
19	12	-0.11320224999872153
19	12	0.05476650000127847
19	12	0.26561025000046357
19	12	0.3855467499961378
19	12	1.0491404999993392
19	12	1.9078279999994265
19	13	-5.9022312500019325
19	13	-5.886856249999255
19	13	-5.65379374999975
19	13	-4.481357250002475
19	13	-4.020732250002766
19	13	-3.4513260000021546
19	13	-3.002232250004454
19	13	-2.216545750001387
19	13	-2.203889500000514
19	13	-2.168827000001329
19	13	-1.9368895000006887
19	13	-1.298764499999379
19	13	-1.2878894999994372
19	13	-1.137670750002144
19	13	0.9128594999965571
19	13	1.1643282499971974
19	13	1.1733907499983616
19	13	1.8492032499962079
19	14	-5.322481999999582
19	14	-3.6272632500003965
19	14	-3.5619829999996
19	14	-3.2014205000014044
19	14	-3.0766392500008806
19	14	-2.634764250000444
19	14	-1.6507642500000657
19	14	-1.3725142500006768
19	14	-1.0581715000007534
19	14	-0.6412652500002878
19	14	0.4976722499995958
19	14	0.8781722500025353
19	14	0.9134222499997122
19	14	1.3237347499998577
19	14	1.6223900000004505
19	14	1.8518587500002468
19	15	-5.648669499998505
19	15	-5.634794499997952
19	15	-5.5839819999964675
19	15	-5.163044499997341
19	15	-4.364731999998185
19	15	-4.26870074999897
19	15	-4.15760699999737
19	15	-4.153731999998854
19	15	-3.7321069999961765
19	15	-3.4702642499978538
19	15	-3.4109517500000948
19	15	-3.3872642499991343
19	15	-3.3561079999999492
19	15	-3.275201749998814
19	15	-2.524170500000764
19	15	-2.5122017499998037
19	15	-2.369639249998727
19	15	-2.366451750000124
19	15	-1.9213267499981157
19	15	-1.6861392499995418
19	15	-0.9534839999978431
19	15	-0.7972964999971737
19	15	0.05864100000326289
19	15	0.18273475000387407
19	15	0.2703910000018368
19	15	0.6579222500004107
19	15	1.149516000001313
19	15	1.2202972500017495
19	16	-5.290388250003161
19	16	-4.313014250004926
19	16	-3.5599830000028305
19	16	-3.0336392500030342
19	16	-2.3950142500034417
19	16	-2.0849517500028014
19	16	-1.516702750002878
19	16	-1.1357965000024706
19	16	-1.1081402500021795
19	16	-1.0826090000009572
19	16	-0.6402340000022377
19	16	-0.2455777500035765
19	16	-0.11617150000165566
19	16	-0.03967150000244146
19	16	-0.007859000001189997
19	16	0.9954524999993737
19	16	1.3323275000002468
19	16	1.3458900000005087
19	17	-5.79841899999883
19	17	-5.522794000000431
19	17	-5.049201249999896
19	17	-4.451357499998267
19	17	-4.025794999997743
19	17	-2.67476374999751
19	17	-2.6499512499976845
19	17	-2.2688584999996237
19	17	-1.9945772499995655
19	17	-1.8805460000003222
19	17	-1.2685147500014864
19	17	-0.9128584999998566
19	17	-0.8311397500001476
19	17	-0.7330460000011954
19	17	0.2544842499992228
19	17	0.786984250000387
19	18	-5.536450999996305
19	18	-5.263200999997935
19	18	-5.110607249996974
19	18	-4.944919749996188
19	18	-4.833794749996741
19	18	-4.7618572499959555
19	18	-4.631075999997847
19	18	-4.287857249997614
19	18	-4.275982249997469
19	18	-4.179763499996625
19	18	-3.752138499996363
19	18	-1.4581082500008051
19	18	-1.4175145000008342
19	18	-1.3764520000004268
19	18	-0.6290154999987863
19	18	-0.405921749996196
19	18	-0.36948424999718554
19	18	-0.2824529999961669
19	18	0.1596720000015921
19	18	0.28998450000290177
19	18	1.1854532500037749
19	18	1.2942657500025234
19	18	1.312203250003222
19	19	-5.987356500001624
19	19	-5.614293999999063
19	19	-4.083295000004
19	19	-2.5158262500008277
19	19	-1.9377950000016426
19	19	-1.9127012500030105
19	19	-1.4898585000009916
19	19	-1.3116709999994782
19	19	-0.6792334999990999
19	19	-0.67698350000137
19	19	0.11873524999828078
19	19	0.8414852499990957
19	19	1.5726092500008235
19	20	-5.697918999998365
19	20	-5.608262749999994
19	20	-5.419106499997724
19	20	-3.3724199999960547
19	20	-2.8245137499980046
19	20	-2.210013749998325
19	20	-2.0900137499993434
19	20	-1.1882335000009334
19	20	-0.994827250000526
19	20	-0.20185850000052596
19	20	0.3198914999993576
19	20	0.4596727499992994
19	20	0.7000155000023369
19	20	1.1940155000011146
19	20	1.4132655000030354
19	20	1.557234250001784
19	20	1.84260925000126
19	21	-5.730794749997585
19	21	-5.706013499999244
19	21	-5.563857249999273
19	21	-5.0643884999990405
19	21	-4.6656384999987495
19	21	-4.350013499999477
19	21	-4.085294749998866
19	21	-4.0256384999993315
19	21	-2.933733249999932
19	21	-2.871952000001329
19	21	-1.990264500000194
19	21	-1.1555457499998738
19	21	-0.6532029999980296
19	21	-0.3175467500004743
19	21	-0.27507799999875715
19	21	-0.24401550000038696
19	21	1.6128585000005842
19	21	1.9675459999998566
19	22	-5.657763250001153
19	22	-5.416919499999494
19	22	-5.380732000001444
19	22	-4.867200749999029
19	22	-3.430076749998989
19	22	-3.4118579999994836
19	22	-3.118201749999571
19	22	-2.5609829999993963
19	22	-2.381795499997679
19	22	-2.068545499998436
19	22	-1.8633267499972135
19	22	-1.8289829999994254
19	22	-0.7487340000006952
19	22	0.3485159999981988
19	22	0.42148475000067265
19	22	1.0601722499995958
19	22	1.6680462500007707
19	22	1.893608750000567
19	23	-5.590075750002143
19	23	-5.0945757500012405
19	23	-4.805075750002288
19	23	-4.70632575000127
19	23	-4.688763250000193
19	23	-4.645857000003161
19	23	-4.5807945000015025
19	23	-4.503544500003045
19	23	-4.0912329999991925
19	23	-4.013264249999338
19	23	-4.001108000000386
19	23	-2.339639249999891
19	23	-1.3048590000034892
19	23	-0.6097965000008116
19	23	-0.5110152500019467
19	23	0.7587337500008289
19	23	0.9764524999991409
19	23	1.375014999997802
19	23	1.5458899999975984
19	24	-5.079262999999628
19	24	-4.9378567499989
19	24	-4.476451499998802
19	24	-4.274326499999006
19	24	-3.490201499997056
19	24	-3.3257952499989187
19	24	-3.0668889999979
19	24	-2.9034827499963285
19	24	-2.726638999996794
19	24	-2.367357749997609
19	24	-2.21979624999949
19	24	-1.916233749998355
19	24	-1.8223900000011781
19	24	-0.8824837499996647
19	24	-0.816108750001149
19	24	-0.21232749999762746
19	24	0.03629749999890919
19	24	0.350890250003431
19	24	0.7314840000035474
19	24	0.8000777500019467
19	24	1.0704840000034892
19	24	1.1193277500024124
19	24	1.183327750000899
19	24	1.4750465000033728
19	25	-5.500918499998079
19	25	-5.060263250001299
19	25	-4.790982000002259
19	25	-4.643575750000309
19	25	-4.408263249999436
19	25	-2.6511392499996873
19	25	-2.589201749997301
19	25	-2.2712017499979993
19	25	-2.186764250000124
19	25	-2.031982999997126
19	25	-1.9849204999991343
19	25	-1.8958267499983776
19	25	-1.7003579999982321
19	25	-1.2170142499999201
19	25	-1.1921079999992799
19	25	-0.2837027499990654
19	25	0.23307849999764585
19	25	0.8389534999987518
19	25	0.8431722499990428
19	25	1.270828500000789
19	26	-5.99223124999844
19	26	-5.944106249997276
19	26	-5.283574999997654
19	26	-4.533732250001776
19	26	-4.333294749998458
19	26	-4.02673225000035
19	26	-3.8848260000013397
19	26	-3.044888500000525
19	26	-2.349951999996847
19	26	-2.346951999999874
19	26	-1.9236082499992335
19	26	-1.6208582500003104
19	26	-1.3860457499977201
19	26	-1.132858249999117
19	26	-1.0492019999983313
19	26	-0.9877644999978656
19	26	-0.8609832499969343
19	26	-0.8177957499974582
19	26	-0.4078894999984186
19	26	-0.40295200000036857
19	26	-0.09248424999896088
19	26	-0.026921749999019084
19	26	0.612890749998769
19	26	0.6272969999990892
19	26	1.0415157499992347
19	26	1.0538594999998168
19	26	1.4522969999998168
19	27	-5.833137750003516
19	27	-4.477451250004378
19	27	-4.442951250002807
19	27	-4.398170000004029
19	27	-3.2084512500041455
19	27	-2.536764750002476
19	27	-1.5981085000021267
19	27	-1.5462647500025923
19	27	-1.127952250000817
19	27	-1.1142335000004095
19	27	-0.7613584999999148
19	27	0.47560924999561394
19	27	1.432234249998146
19	27	1.4742029999979422
19	28	-5.9497627499986265
19	28	-5.867637749997812
19	28	-5.824825249997957
19	28	-5.553357500000857
19	28	-5.276107500001672
19	28	-5.115982499999518
19	28	-3.6308262500024284
19	28	-2.5583272500007297
19	28	-2.550545999998576
19	28	-2.241639749998285
19	28	-2.1726397499987797
19	28	-2.1273584999980812
19	28	-1.982796000000235
19	28	-1.0822647499990126
19	28	-0.9693584999986342
19	28	-0.7183272500005842
19	28	-0.5680157500028145
19	28	-0.5258595000013884
19	28	-0.2809845000010682
19	28	0.45476549999875715
19	28	0.48682799999733106
19	28	0.6504842499998631
19	28	1.0116092499993101
19	28	1.9002020000007178
19	28	1.9452332500004559
19	29	-5.8905125000019325
19	29	-5.616887500000303
19	29	-5.590481250001176
19	29	-5.1747947500043665
19	29	-4.923013500003435
19	29	-4.8321697500032315
19	29	-4.315169750003406
19	29	-4.057451000004221
19	29	-4.049263500004599
19	29	-3.919794750003348
19	29	-2.5760457500000484
19	29	-2.519170750001649
19	29	-2.5026395000022603
19	29	-1.9184832499995537
19	29	-1.8172957500028133
19	29	-1.6458270000002813
19	29	-0.8963895000015327
19	29	-0.8637645000017073
19	29	-0.41645300000163843
19	29	0.5050469999951019
19	29	1.1862657499950728
19	29	1.2234532499969646
19	29	1.9285459999991872
19	30	-5.992231749998609
19	30	-5.9501067499986675
19	30	-4.696356749998813
19	30	-4.6529192499983765
19	30	-4.187951500000054
19	30	-3.148201500000141
19	30	-2.540139000000636
19	30	-2.516389000000345
19	30	-0.7401712499995483
19	30	-0.5572337499979767
19	30	0.31204750000324566
19	30	0.6644840000008116
19	30	0.9259839999976975
19	30	1.8732339999987744
19	31	-5.459731250000914
19	31	-3.6690447500041046
19	31	-3.6098260000035225
19	31	-3.5215135000034934
19	31	-3.331826000001456
19	31	-3.0479510000041046
19	31	-2.7504207500023767
19	31	-2.2886082500008342
19	31	-1.9046082500026387
19	31	-1.6722645000008924
19	31	-1.5239519999995537
19	31	-1.356327000001329
19	31	-0.5302957500025514
19	31	0.013203249996877275
19	31	0.9183594999958586
19	31	1.5578282499955094
19	31	1.7472032499972556
19	31	1.8949219999958586
19	32	-5.541638499998953
19	32	-5.31988850000198
19	32	-5.131044750000001
19	32	-4.964763500000117
19	32	-4.931544750001194
19	32	-4.263450999998895
19	32	-4.218107249998866
19	32	-3.5140135000001465
19	32	-3.334951999997429
19	32	-2.7799207499992917
19	32	-2.64673324999967
19	32	-1.4465144999994664
19	32	-1.2450457499980985
19	32	-1.2348582499980694
19	32	-1.086076999999932
19	32	-1.0114832500003104
19	32	-0.9141092499994556
19	32	-0.7400467500010564
19	32	-0.6943905000007362
19	32	-0.20479675000024145
19	32	0.8195782500006317
19	32	1.7162334999993618
19	33	-5.991981499999383
19	33	-5.203326250000828
19	33	-5.007076249999955
19	33	-4.579138749999402
19	33	-3.809857500000362
19	33	-3.7491387499976554
19	33	-3.5758262499984994
19	33	-2.938857500001177
19	33	-2.886826250000013
19	33	-2.444264750000002
19	33	0.820703000001231
19	33	1.1341404999984661
19	33	1.1756405000014638
19	33	1.345265500000096
19	33	1.4256092499999795
19	33	1.7623592499985534
19	34	-5.961263500001223
19	34	-5.868482249999943
19	34	-5.586044750001747
19	34	-5.21685725000134
19	34	-4.735701000001427
19	34	-4.627982250000059
19	34	-4.486357249999855
19	34	-2.057170750002115
19	34	-1.4085770000019693
19	34	-1.2762957500053744
19	34	-1.1667020000022603
19	34	-0.09720300000117277
19	34	1.31754699999874
19	34	1.358984499998769
19	34	1.8100459999950544
19	34	1.819358499997179
19	34	1.9544522499963932
19	35	-5.884762749999936
19	35	-5.482575250000082
19	35	-5.457731499998772
19	35	-5.014044999996258
19	35	-4.878638749996753
19	35	-4.843732499997714
19	35	-4.830451249996258
19	35	-4.5735762499971315
19	35	-3.896732499997597
19	35	-3.2101074999955017
19	35	-3.2073262499980046
19	35	-2.7538887499977136
19	35	-2.011608500000875
19	35	-0.3597334999976738
19	35	0.528765500002919
19	35	1.5535780000027444
19	36	-5.801075249997666
19	36	-4.729732499996317
19	36	-4.506919999996171
19	36	-3.7937637499962875
19	36	-3.407513749996724
19	36	-3.3732012499967823
19	36	-3.0130137499982084
19	36	-2.4056397499989544
19	36	-2.3056084999989253
19	36	-2.1695147499995073
19	36	-1.6697647500004678
19	36	-1.3999210000001767
19	36	-1.1159834999998566
19	36	-0.302234499995393
19	36	-0.013078249998216052
19	36	0.012359250002191402
19	36	0.13445300000239513
19	36	0.13698425000256975
19	37	-5.892419249998056
19	37	-5.658856750000268
19	37	-5.131732749996445
19	37	-4.691982749998715
19	37	-4.095138999997289
19	37	-4.0587014999982785
19	37	-3.847920249998424
19	37	-2.440671249998559
19	37	-2.275796249999985
19	37	-1.8617024999985006
19	37	-1.4125462500014692
19	37	-0.7964524999988498
19	37	0.05567150000206311
19	37	0.38942150000002584
19	37	0.5047340000019176
19	37	0.511359000000084
19	37	0.525952750002034
19	37	1.6881402500002878
19	38	-5.610668749999604
19	38	-5.597293750000972
19	38	-5.195575999998255
19	38	-5.118482249996305
19	38	-5.0509197499959555
19	38	-4.874888499998633
19	38	-4.868450999998458
19	38	-4.755575999995926
19	38	-4.08238849999907
19	38	-3.8847947499962174
19	38	-3.4537947499993606
19	38	-3.3185759999978472
19	38	-2.408420749998186
19	38	-2.3738269999994372
19	38	-2.2629207499994664
19	38	-0.3885770000015327
19	38	-0.3805769999999029
19	38	0.24060950000057346
19	38	0.2527032500001951
19	38	1.111234500000137
19	38	1.755047000002378
19	39	-5.926231249999546
19	39	-5.743575000000419
19	39	-5.553825000002689
19	39	-5.540106250002282
19	39	-5.536762499999895
19	39	-4.6329509999995935
19	39	-3.8206384999975853
19	39	-3.215325999997731
19	39	-3.2122322499999427
19	39	-1.7760145000029297
19	39	-0.36620200000106706
19	39	0.6273282500005735
19	39	1.6707032500016794
19	40	-5.178356500000518
19	40	-4.682231499999034
19	40	-3.4178575000005367
19	40	-3.382732499998383
19	40	-2.1493262499971024
19	40	-0.7640147500023886
19	40	-0.7588585000012245
19	40	-0.1919522499993036
19	40	0.7994227499984845
19	40	1.1507029999993392
19	40	1.9823280000018713
19	41	-5.979793500002415
19	41	-5.959793500001979
19	41	-5.94960600000195
19	41	-5.004700750003394
19	41	-4.916700750003656
19	41	-4.884732000002259
19	41	-4.487169500003802
19	41	-3.7775757500021427
19	41	-3.390700750001997
19	41	-2.7591392500035
19	41	-1.3312330000044312
19	41	-1.2100767500051006
19	41	-0.7115455000057409
19	41	-0.4803902500025288
19	41	-0.2290465000041877
19	41	0.4867659999981697
19	41	1.6112034999969183
19	42	-5.117888500000845
19	42	-4.720482250002533
19	42	-4.204045750004298
19	42	-3.9216707500017947
19	42	-2.7844207500020275
19	42	-2.0843895000034536
19	42	-1.0244217500003288
19	42	-0.9254842500013183
19	42	-0.5474842500007071
19	42	-0.2693905000014638
19	42	-0.22992175000035786
19	42	0.043859499997779494
19	42	0.41851574999964214
19	42	0.5978594999978668
19	42	0.7593584999995073
19	42	0.9307022499997402
19	42	0.9327960000009625
19	42	1.3039522500002931
19	42	1.320170999999391
19	43	-5.9707314999977825
19	43	-5.909950249999383
19	43	-5.702918999999383
19	43	-5.472637749997375
19	43	-5.176200249999965
19	43	-4.899763749996055
19	43	-4.31173249999847
19	43	-4.07735749999847
19	43	-3.5292637499987904
19	43	-3.4079512499956763
19	43	-2.350389749997703
19	43	-2.187358499999391
19	43	-1.40457724999942
19	43	-1.1660147500006133
19	43	-0.37207724999825587
19	43	0.012546750003821217
19	43	0.04645300000265706
19	43	0.268796750002366
19	44	-5.733449750005093
19	44	-5.500106000003143
19	44	-5.21804450000127
19	44	-5.189857000001211
19	44	-4.97732575000191
19	44	-4.9209507500017935
19	44	-4.365794500001357
19	44	-4.099263250001968
19	44	-4.057638250003947
19	44	-3.7666695000007167
19	44	-3.6239820000009786
19	44	-3.5732007500009786
19	44	-2.5299830000039947
19	44	-1.6652642500048387
19	44	-0.9218267500036745
19	44	-0.5204830000038783
19	44	0.42514099999607424
19	44	0.4960784999966563
19	44	1.3101409999981115
19	44	1.7006722499972966
19	44	1.8047972499989555
19	44	1.8400472499961325
19	45	-5.468544999996084
19	45	-5.309294999999111
19	45	-5.293326249997335
19	45	-5.225138749996404
19	45	-5.064107499998499
19	45	-5.023857499996666
19	45	-4.901951249998092
19	45	-4.734669999998005
19	45	-4.374576249996608
19	45	-4.045451249996404
19	45	-3.230388749998383
19	45	-2.8406709999944724
19	45	-2.8243272499967134
19	45	-2.704545999997208
19	45	-2.6401397499976156
19	45	-1.3856709999963641
19	45	-1.28963974999715
19	45	-1.1508897499952582
19	45	-0.9727959999945597
19	45	-0.6719522499952291
19	45	-0.5079844999963825
19	45	-0.2672969999985071
19	45	-0.17551574999743025
19	45	-0.13810949999970035
19	45	1.6183905000034429
19	46	-5.929856999999174
19	46	-5.901356999998825
19	46	-5.572638249999727
19	46	-5.430669500001386
19	46	-5.405982000000222
19	46	-5.224075750000338
19	46	-5.162044500000775
19	46	-4.984200750001037
19	46	-4.80116949999865
19	46	-4.147107999997388
19	46	-4.02170174999992
19	46	-3.6217329999999492
19	46	-3.6198267500003567
19	46	-2.8056704999980866
19	46	-2.5561705000000075
19	46	-2.545420499998727
19	46	-2.3341079999991052
19	46	-2.312608000000182
19	46	-2.199201749997883
19	46	-2.10988924999765
19	46	-1.5755152500023542
19	46	-1.1197652500013646
19	46	-1.0635465000013937
19	46	-1.0311089999995602
19	46	-0.8781402499989781
19	46	-0.5498902500003169
19	46	-0.48960900000020047
19	46	0.3677659999993921
19	46	0.518765999997413
19	46	0.580234749999363
19	46	0.7502650000024005
19	46	1.109077500001149
19	46	1.4383587500014983
19	47	-5.336607499997626
19	47	-5.241794999998092
19	47	-5.19716999999946
19	47	-4.82998249999946
19	47	-4.027263749998383
19	47	-2.26292100000137
19	47	-2.1706397500020103
19	47	-2.093702250000206
19	47	-1.9114210000007006
19	47	-1.446733500000846
19	47	-0.903078249997634
19	47	-0.032359500000893604
19	47	0.20532800000000861
19	47	0.2597654999990482
19	47	0.5870780000004743
19	47	1.7339519999986805
19	47	1.7825769999981276
19	47	1.907201999998506
19	48	-5.946481750001112
19	48	-5.855387999999948
19	48	-5.130294250000588
19	48	-4.92120050000085
19	48	-4.578231750001578
19	48	-4.470013000001927
19	48	-4.315888000000996
19	48	-3.6619817499995406
19	48	-3.6211692500000936
19	48	-3.3108577499988314
19	48	-3.189826499998162
19	48	-3.0155452500002866
19	48	-2.566857750000054
19	48	-2.51238899999953
19	48	-2.426357749998715
19	48	-2.3601077499988605
19	48	-2.2862014999991516
19	48	-1.3837327500004903
19	48	-1.136482750000141
19	48	-0.5531087500021385
19	48	-0.3582650000025751
19	48	-0.35398375000295346
19	48	-0.3159525000010035
19	48	-0.26495250000152737
19	48	-0.2603587500016147
19	48	0.09404749999885098
19	48	0.15776624999853084
19	48	0.8409224999995786
19	48	0.8897349999970174
19	48	0.9997662499990838
19	48	1.3949537499975122
19	48	1.6521402500002296
19	49	-5.328107250003086
19	49	-5.198763500000496
19	49	-5.151419750000059
19	49	-4.901982250001311
19	49	-4.300794750000932
19	49	-4.270107250002184
19	49	-4.170919750002213
19	49	-2.5494207499978074
19	49	-2.5381395000003977
19	49	-1.2382020000004559
19	49	-1.1894519999987097
19	49	-1.179514499999641
19	49	-0.9944842500008235
19	49	-0.39714050000111456
19	49	0.1165782499992929
20	1	-5.388076500003081
20	1	-5.2439515000005485
20	1	-5.226107750000665
20	1	-4.763514000002033
20	1	-4.761764000002586
20	1	-4.756639000002906
20	1	-4.749045250002382
20	1	-3.437045250000665
20	1	-1.2744525000016438
20	1	-1.2632024999984424
20	1	-0.5660462499981804
20	1	-0.5377025000016147
20	1	-0.2772660000009637
20	1	-0.2711410000010801
20	1	0.29098399999929825
20	1	0.29882774999714456
20	1	0.5218589999967662
20	2	-5.651981999999407
20	2	-5.641232000001764
20	2	-5.51101325000127
20	2	-5.494075750000775
20	2	-5.488732000001619
20	2	-5.447388250002405
20	2	-5.4447944999992615
20	2	-5.2700445000009495
20	2	-5.1719819999998435
20	2	-5.153138249999756
20	2	-4.074575750000804
20	2	-4.0725757500003965
20	2	-3.9861382500021136
20	2	-3.3132944999997562
20	2	-3.27957575000255
20	2	-3.213138250001066
20	2	-2.3599517500006186
20	2	-2.3582954999983485
20	2	-0.48554650000005495
20	2	-0.09504650000235415
20	2	1.2080472499983443
20	2	1.2262659999978496
20	3	-5.706888500000787
20	3	-5.693075999999564
20	3	-5.327888499999972
20	3	-5.312169749999157
20	3	-5.293201000000408
20	3	-4.923169749999943
20	3	-4.313075999998546
20	3	-4.198294750000059
20	3	-3.7552634999992733
20	3	-2.751483249998273
20	3	-2.739670749997458
20	3	-2.735858249998273
20	3	-2.6416394999978365
20	3	-2.3619519999992917
20	3	-2.345858249998855
20	3	-0.8695144999983313
20	3	-0.516327999997884
20	3	0.8111720000051719
20	3	0.9426720000046771
20	3	1.712390750002669
20	3	1.7938897500025632
20	4	-5.711263499997585
20	4	-5.646232249997411
20	4	-4.7750134999951115
20	4	-4.7647322499979055
20	4	-4.752544749997469
20	4	-4.235169749998022
20	4	-3.636451999998826
20	4	-2.9143269999985932
20	4	-2.5146707499989134
20	4	-2.480608249999932
20	4	-2.4419207499995537
20	4	-2.005076999997982
20	4	-2.0015144999997574
20	4	0.905859500002407
20	4	1.365202250002767
20	4	1.5456397500020103
20	4	1.550639750003029
20	5	-5.549919499997486
20	5	-5.5473882499973115
20	5	-3.612670500002423
20	5	-3.5975767500021902
20	5	-3.549951749999309
20	5	-3.0975142500028596
20	5	-2.395545499999571
20	5	-0.5658277500006079
20	5	-0.40198400000008405
20	5	-0.3744215000006079
20	5	-0.20485899999766843
20	5	1.810358749997249
20	6	-5.308169500003714
20	6	-5.305794500003685
20	6	-5.302607000001444
20	6	-4.898700750003627
20	6	-4.450325750003685
20	6	-3.9307642499989015
20	6	-3.9222330000011425
20	6	-3.600951749998785
20	6	-3.4573892500011425
20	6	-2.5878579999989597
20	6	-2.2667017499989015
20	6	-1.6662954999992508
20	6	-1.6036392499991052
20	6	-1.3120465000029071
20	6	-1.2699215000029653
20	6	-0.43885900000168476
20	7	-2.178076249998412
20	7	-2.0647324999990815
20	7	-2.0521699999990233
20	7	-1.8561699999991106
20	7	-1.8545449999983248
20	7	-1.8389824999976554
20	7	-1.8054512499984412
20	7	-1.4231074999988778
20	7	-1.3401709999998275
20	7	-1.2496084999984305
20	7	-1.1447647499990126
20	7	-1.1157647500003804
20	7	-1.0624522500002058
20	7	0.39454775000194786
20	7	1.198984250000649
20	7	1.981890500002919
20	8	-5.1052940000008675
20	8	-4.696482499999547
20	8	-2.338232499998412
20	8	-1.5673585000004095
20	8	-1.5550147499998275
20	8	-1.0272647500023595
20	8	-0.5233897500002058
20	8	0.03420399999959045
20	8	0.05457899999964866
20	8	0.8715467500005616
20	8	1.6100155000021914
20	8	1.6298280000009981
20	9	-5.441700750001473
20	9	-5.169607000003452
20	9	-5.159138250000979
20	9	-4.606669500000862
20	9	-4.4255757500031905
20	9	-4.048294500000338
20	9	-4.035138250001182
20	9	-2.0840454999997746
20	9	-1.6852642500016373
20	9	-1.2972955000004731
20	9	-0.9732954999999492
20	9	-0.9616705000007642
20	9	-0.5815142499996
20	10	-2.4712957500014454
20	10	-1.3168270000023767
20	10	-1.3090145000023767
20	10	-1.2172655000031227
20	10	-1.2134530000039376
20	10	-1.208453000002919
20	10	1.2457959999992454
20	10	1.7060147499978484
20	11	-5.2825127500036615
20	11	-5.2654502500045055
20	11	-4.735825250001653
20	11	-4.2816387500024575
20	11	-4.275201250002283
20	11	-3.829076250000071
20	11	-3.8047637500021665
20	11	-3.459295000000566
20	11	-3.4232012500033306
20	11	-3.421576250002545
20	11	-3.407701250001992
20	11	-3.133576250002079
20	11	-3.097763750000013
20	11	-2.793826250002894
20	11	-1.6969522500003222
20	11	-1.4173584999989544
20	11	-1.0177335000007588
20	11	-0.9455459999990126
20	11	-0.9011710000013409
20	11	-0.8812022499987506
20	11	-0.38776475000122446
20	11	-0.3841397500000312
20	11	1.0110467499980587
20	12	-4.112982500002545
20	12	-3.566513750003651
20	12	-3.5404512500026613
20	12	-3.434045000001788
20	12	-3.354170000002341
20	12	-3.296076250000624
20	12	-1.8202647500002058
20	12	-1.7827335000001767
20	12	-0.7997959999993327
20	12	-0.7772022499993909
20	12	-0.775264750001952
20	12	-0.46170224999877973
20	12	-0.4575460000014573
20	12	-0.10632724999959464
20	13	-5.893481250001059
20	13	-5.87766874999943
20	13	-5.388419750001049
20	13	-5.362544750001689
20	13	-2.99854475000393
20	13	-2.2058895000009215
20	13	-1.8004832500009798
20	13	-1.2517645000007178
20	13	0.6009532499956549
20	13	0.8740157499960333
20	13	1.8519219999980123
20	14	-3.5503267500025686
20	14	-3.221514249999018
20	14	-3.216389249999338
20	14	-3.2094204999993963
20	14	-1.8786079999990761
20	14	0.48251600000003236
20	14	0.5246409999999742
20	14	0.9689222500019241
20	14	1.8492649999971036
20	14	1.8561399999998685
20	15	-5.818763249997573
20	15	-5.144888249997166
20	15	-4.189481999997952
20	15	-3.8514507499967294
20	15	-3.472639249997883
20	15	-3.3897642499978247
20	15	-3.348482999997941
20	15	-2.382389250000415
20	15	-1.8968580000000657
20	15	-1.6760142499988433
20	15	-0.6258277499982796
20	15	-0.6085777499974938
20	15	-0.1756714999974065
20	15	-0.17192149999755202
20	15	-0.170171499998105
20	15	0.12214100000346662
20	15	0.12489100000311737
20	15	1.1119847500012838
20	16	-4.336108000003151
20	16	-4.140951750003296
20	16	-3.614108000005217
20	16	-3.0842642500028887
20	16	-2.128889250005159
20	16	-1.3101402500033146
20	16	-1.0957965000015975
20	16	-1.0908590000035474
20	16	-0.9013277500016557
20	16	-0.7654527500017139
20	16	-0.65526525000314
20	16	-0.6518590000014228
20	16	-0.6355777500029944
20	16	-0.6330152500013355
20	16	-0.49667150000095717
20	16	0.19851599999674363
20	16	0.4501097499996831
20	17	-5.527200249998714
20	17	-5.4248877499994705
20	17	-5.013419999999314
20	17	-4.956638749998092
20	17	-4.453482499997335
20	17	-2.9792949999973644
20	17	-2.9577012499976263
20	17	-2.010639750002156
20	17	-2.0080147500011662
20	17	-1.897171000000526
20	17	-0.5051710000007006
20	17	0.6931092500017257
20	17	1.0654217500014056
20	18	-4.947388499997032
20	18	-4.282013499996538
20	18	-2.665733249999903
20	18	-1.3952644999990298
20	18	-1.198639499998535
20	18	-0.4942029999983788
20	18	-0.2730154999990191
20	18	-0.26573424999878625
20	18	-0.19204674999855342
20	18	-0.18132799999875715
20	18	1.3165470000021742
20	19	-3.2393887500038545
20	19	-3.2124512500013225
20	19	-3.163170000003447
20	19	-2.83432625000205
20	19	-2.513888750003389
20	19	-2.495107500002632
20	19	-2.480482500002836
20	19	-1.4581084999990708
20	19	-1.4560147500014864
20	19	-1.3057335000012245
20	19	-0.4999210000023595
20	20	-5.262544000001071
20	20	-5.241793999997753
20	20	-3.611982499998703
20	20	-3.359701249999489
20	20	-1.53738974999942
20	20	-0.20476475000032224
20	20	0.21211024999865913
20	20	0.34432899999956135
20	21	-5.710825999998633
20	21	-5.654857249999623
20	21	-5.6474509999970905
20	21	-5.628919749997294
20	21	-3.7830135000003793
20	21	-3.768076000000292
20	21	-3.765200999998342
20	21	-0.7678280000000086
20	21	-0.33926549999887357
20	21	-0.23264049999852432
20	21	1.1163282500019704
20	21	1.6103897499997402
20	22	-3.2860142499994254
20	22	-3.030951749999076
20	22	-1.976670500000182
20	22	-1.8133579999994254
20	22	-0.6752027500006079
20	22	-0.3632340000003751
20	22	-0.3471090000020922
20	22	-0.34260899999935646
20	22	1.7774212500007707
20	22	1.7969525000007707
20	23	-4.8111695000006875
20	23	-4.8008882500034815
20	23	-3.196951750000153
20	23	-2.3628267499989306
20	23	-2.1912642499992216
20	23	-1.8232017500013171
20	23	-1.7315767500003858
20	23	-1.313265250002587
20	23	-0.819952750003722
20	23	0.3695159999988391
20	23	0.7618899999979476
20	23	1.3841712499997811
20	23	1.4060150000004796
20	23	1.5135149999987334
20	23	1.543483749999723
20	23	1.5589212499980931
20	24	-5.814294249998056
20	24	-5.795137999997678
20	24	-5.711638000000676
20	24	-3.3510452499976964
20	24	-2.7551702499986277
20	24	-2.735670249996474
20	24	-2.3637639999979
20	24	-2.3337952499969106
20	24	-0.5401400000009744
20	24	-0.20976499999960652
20	24	-0.20767124999838416
20	24	-0.06254624999928637
20	24	-0.010702499999752035
20	24	0.04032875000120839
20	24	0.7469840000012482
20	24	1.076109000001452
20	24	1.1241402500018012
20	24	1.1317027500008408
20	25	-4.228794499998912
20	25	-2.757076750000124
20	25	-2.7413267499978247
20	25	-2.563514249999571
20	25	-1.9819204999985232
20	25	-1.2818892499999492
20	25	-1.180514249997941
20	25	-1.1789204999986396
20	25	-1.1693579999991925
20	25	-0.38332674999765004
20	25	0.14785974999904283
20	25	0.3157035000003816
20	25	0.4006722499980242
20	26	-4.839294749999681
20	26	-3.6757947500009323
20	26	-3.6712947500018345
20	26	-2.0974207500003104
20	26	-1.9112957500001357
20	26	-1.9077957499976037
20	26	-1.7532019999998738
20	26	-1.614451999997982
20	26	-0.03973425000003772
20	26	0.6086407500006317
20	26	0.6232344999989436
20	26	1.0581720000009227
20	26	1.4563594999999623
20	27	-5.80185650000567
20	27	-5.624075250005262
20	27	-4.4492950000021665
20	27	-1.8225772500009043
20	27	-1.246983500001079
20	27	-1.2012960000029125
20	27	-1.1870772500005842
20	27	-1.1814522500026214
20	27	-0.3223595000017667
20	27	0.3833279999962542
20	27	1.8091717499955848
20	27	1.9071717499973602
20	28	-5.5433575000024575
20	28	-5.119701250001526
20	28	-3.6643262500001583
20	28	-3.321045000000595
20	28	-3.039452249999158
20	28	-2.5643584999997984
20	28	-2.3681397500004095
20	28	-2.1755772500000603
20	28	-2.154483499998605
20	28	-1.4554834999980812
20	28	-1.2607334999993327
20	28	-1.2523897499995655
20	28	-1.1160459999991872
20	28	-1.085702249998576
20	28	-0.864077250000264
20	28	-0.6407345000006899
20	28	-0.5847032500023488
20	28	-0.42029700000057346
20	29	-5.990700000002107
20	29	-5.950106250002136
20	29	-5.938012500002515
20	29	-5.634543750002194
20	29	-5.5997000000024855
20	29	-5.584512500001438
20	29	-5.283794750001107
20	29	-5.239669750004396
20	29	-4.084419750004599
20	29	-4.059888500003581
20	29	-3.9421697500038135
20	29	-2.6348582499995246
20	29	-2.1358582499997283
20	29	-2.0809832500017365
20	29	-2.0668895000017073
20	29	-2.058920750001562
20	29	-2.0190145000015036
20	29	-1.7073582500015618
20	29	-1.073952000002464
20	29	-0.4334217500036175
20	29	-0.3613905000020168
20	29	0.11810949999562581
20	29	1.8912959999979648
20	30	-5.980700499996601
20	30	-4.941012999999657
20	30	-4.937512999997125
20	30	-4.757575499999803
20	30	-4.538231749997067
20	30	-3.4402952499985986
20	30	-3.3750140000011015
20	30	-1.9101399999999558
20	30	-1.201077499998064
20	30	-1.1863587499974528
20	30	-0.3471087500001886
20	30	0.9328277499989781
20	30	1.7592340000010154
20	31	-5.508574999999837
20	31	-1.9883895000020857
20	31	-0.5348582500009798
20	31	-0.40351550000195857
20	31	0.2368907499985653
20	31	0.2455157499971392
20	31	0.3267969999978959
20	31	1.0685469999953057
20	31	1.0704532499985362
20	32	-5.527857249999215
20	32	-5.114482249999128
20	32	-5.067357250001805
20	32	-5.004544750001514
20	32	-4.983263500002067
20	32	-4.9755760000007285
20	32	-4.9460760000001756
20	32	-4.273200999999972
20	32	-3.5870135000004666
20	32	-1.2402332499987097
20	32	-1.0998894999975164
20	32	-0.8627967499996885
20	32	-0.3067342499998631
20	32	-0.3004842500013183
20	32	-0.29310925000027055
20	32	1.501765749999322
20	33	-5.625606500001595
20	33	-4.9745762499987904
20	33	-4.971513749998849
20	33	-4.941419999999198
20	33	-4.366013750001002
20	33	-3.783232499998121
20	33	-3.7034825000009732
20	33	-3.655044999999518
20	33	-2.6543272500020976
20	33	-2.637296000000788
20	33	-2.4283585000011954
20	33	-1.2472335000020394
20	34	-5.9642635000018345
20	34	-5.373263500001485
20	34	-4.834763500002737
20	34	-4.744669750001776
20	34	-4.610919750000903
20	34	-4.471763500001543
20	34	-3.9781697500002338
20	34	-3.283014500004356
20	34	-3.280483250004181
20	34	-2.182483250002406
20	34	-1.6364832500039483
20	34	-1.266795750005258
20	34	-0.9010467500011146
20	34	-0.1124217500037048
20	34	-0.11023425000166753
20	34	-0.10229675000300631
20	34	1.0847657499980414
20	34	1.8334209999957238
20	34	1.8426709999948798
20	34	1.8547647499945015
20	34	1.9687959999973828
20	34	1.9714522499962186
20	35	-5.542137749998801
20	35	-4.935857499996928
20	35	-4.930294999998296
20	35	-4.865044999998645
20	35	-4.826388749996113
20	35	-3.875826249997772
20	35	-3.328169999997044
20	35	-3.22657624999556
20	35	-3.2023887499963166
20	35	-1.9828584999995655
20	35	-1.9660772499992163
20	35	-1.1965459999992163
20	35	1.812390500002948
20	36	-5.892450249997637
20	36	-4.750576249996811
20	36	-3.488701249996666
20	36	-3.4817949999960547
20	36	-3.4762012499959383
20	36	-3.1971074999964912
20	36	-3.1852324999963457
20	36	-2.161577249997208
20	36	-2.0668272500006424
20	36	-1.8672022499995364
20	36	-1.7638897500000894
20	36	-1.1032647499996528
20	36	-0.37957824999830336
20	36	-0.11160949999612058
20	37	-5.647356749999744
20	37	-5.105357749998802
20	37	-4.039513999996416
20	37	-2.3203587499992864
20	37	-2.2969525000007707
20	37	-2.2607337500012363
20	37	-2.1720150000001013
20	37	-1.983046249999461
20	37	-1.1619837500002177
20	37	-0.8296399999999267
20	37	0.026484000001801178
20	37	0.13701525000215042
20	37	1.698140250002325
20	37	1.7233902500011027
20	38	-5.1681072499959555
20	38	-4.895013499997731
20	38	-4.870544749996043
20	38	-4.630200999996305
20	38	-3.595075999997789
20	38	-2.4293895000009798
20	38	-1.7354207499993208
20	38	-0.3656082499983313
20	38	0.23692200000368757
20	38	0.2465470000024652
20	38	1.116797000002407
20	38	1.7617970000028436
20	39	-5.762262500000361
20	39	-5.57201250000071
20	39	-5.564668750001147
20	39	-5.468793750002078
20	39	-4.314825999997993
20	39	-4.223982249997789
20	39	-2.303577000002406
20	39	-1.924577000001591
20	39	-1.773576999999932
20	39	-1.7685144999995828
20	39	-1.0813269999998738
20	39	-1.0585457500019402
20	39	-0.369483250000485
20	39	0.18367199999920558
20	40	-5.342637749999994
20	40	-4.0840127500014205
20	40	-4.016481499998918
20	40	-3.3681699999979173
20	40	-3.310357499998645
20	40	-3.0354512499980046
20	40	-3.0289824999999837
20	40	-2.996138750000682
20	40	-2.395482500000071
20	40	-0.8037647500023013
20	40	-0.7505147500014573
20	40	0.28332899999804795
20	40	1.9224217500013765
20	41	-5.988074750002852
20	41	-5.9616060000043944
20	41	-5.946356000004016
20	41	-5.426450750001095
20	41	-4.952888250001706
20	41	-3.7572945000028994
20	41	-3.4918570000008913
20	41	-3.480513250000513
20	41	-3.477419500002725
20	41	-3.083264250002685
20	41	-2.9492642500044894
20	41	-2.7931392500031507
20	41	-1.1564205000031507
20	41	-0.7045455000043148
20	41	-0.21667150000212132
20	41	0.6359222499959287
20	42	-5.165169750001951
20	42	-2.8321395000020857
20	42	-2.087608250003541
20	42	-1.4036405000006198
20	42	0.05073449999690638
20	42	0.5741094999975758
20	42	0.5800157499979832
20	42	1.3253897499998857
20	42	1.333639749998838
20	42	1.3378897500006133
20	42	1.3480147500013118
20	42	1.590421000000788
20	42	1.6543272500020976
20	42	1.6929522499995073
20	42	1.6946397499996237
20	43	-5.902544000000489
20	43	-5.476450250000198
20	43	-4.324263749997044
20	43	-4.316357499996229
20	43	-4.286138749997917
20	43	-1.4205772499990417
20	43	-1.3023272499995073
20	43	-1.292014750000817
20	43	-1.2747647500000312
20	43	-1.1438272499981395
20	43	-0.6924209999997402
20	43	-0.4686084999993909
20	43	-0.07317199999670265
20	43	-0.04845324999769218
20	43	0.44251550000262796
20	43	1.984359250003763
20	44	-4.346294500002841
20	44	-4.221263250001357
20	44	-3.763513250003598
20	44	-2.8990445000017644
20	44	-2.644201750004868
20	44	-2.508451750003587
20	44	-1.7993267500060028
20	44	-1.7806080000045768
20	44	-1.6159830000033253
20	44	-1.2006392500043148
20	44	-1.198389250002947
20	44	-1.1912642500028596
20	44	1.91235974999654
20	45	-5.302076249998208
20	45	-4.738201249998383
20	45	-4.510326249997888
20	45	-4.3378574999987904
20	45	-4.147388749996026
20	45	-4.040951249997306
20	45	-3.39229499999783
20	45	-3.299263749999227
20	45	-2.84970224999779
20	45	-2.080264749994967
20	45	-1.391733499996917
20	45	-1.1529522499949962
20	45	-1.1428897499972663
20	45	-0.6665147499952582
20	45	-0.4431094999963534
20	45	-0.4415469999985362
20	46	-5.951575750001211
20	46	-5.1822632500006875
20	46	-5.178263249999873
20	46	-3.666920499999833
20	46	-2.8268580000003567
20	46	-2.1720142499980284
20	46	-1.8976704999986396
20	46	-1.7764840000018012
20	46	-1.7538902500018594
20	46	0.4857972499994503
20	46	1.6334525000020221
20	46	1.8942024999996647
20	46	1.9399525000007998
20	47	-5.483263750000333
20	47	-5.443670000000566
20	47	-5.192482499998732
20	47	-4.886201249999431
20	47	-4.848794999998063
20	47	-3.209139750000759
20	47	-2.7087022500018065
20	47	-2.591233499999362
20	47	-2.5178272500015737
20	47	-2.493702250001661
20	47	-2.395327250000264
20	47	-2.3681397500004095
20	47	-2.057046000001719
20	47	-2.014171000002534
20	47	-2.0102960000003804
20	47	-1.9632022500009043
20	47	-1.839921000002505
20	47	-1.8303272500015737
20	47	-0.0806407499985653
20	47	1.7304207499983022
20	47	1.9768582500000775
20	48	-5.700169250001636
20	48	-4.588075499999832
20	48	-3.3200140000008105
20	48	-3.313920249998773
20	48	-3.302295249999588
20	48	-3.0356389999979
20	48	-1.1418889999986277
20	48	-0.943983749999461
20	48	-0.36157749999983935
20	48	-0.28135875000225496
20	48	0.9096412500002771
20	49	-5.004169750001893
20	49	-4.18176350000067
20	49	-4.133544750002329
20	49	-4.122201000001951
20	49	-2.5532332500006305
20	49	-2.2494520000000193
20	49	-2.141702000000805
20	49	-2.12451449999935
20	49	-0.9622967499999504
20	49	-0.6385780000018713
20	49	0.12639074999970035
20	49	0.18120324999836157
20	49	1.5152022500005842
21	1	-5.385545250002906
21	1	-4.7507327500024985
21	1	-1.1149525000000722
21	1	-0.5706087500002468
21	1	-0.0788910000010219
21	2	-5.661980999997468
21	2	-4.651981999999407
21	2	-3.520200750001095
21	2	-3.3217632500018226
21	2	-2.3546705000007933
21	2	-0.11398399999961839
21	2	0.1084534999972675
21	2	0.3506722499987518
21	2	0.6215159999992466
21	3	-5.326138500000525
21	3	-4.2174510000004375
21	3	-3.854138499998953
21	3	-2.672733249997691
21	3	-0.36267174999738927
21	3	1.7207970000054047
21	3	1.7722647500013409
21	3	1.8572647500004678
21	4	-5.653232249995199
21	4	-3.6124207499997283
21	4	-2.533670749999146
21	4	-2.5249519999997574
21	4	-2.4781707499969343
21	4	-2.224451999998564
21	4	-2.016264499998215
21	4	0.9919220000047062
21	4	1.2582657500024652
21	4	1.553733500000817
21	5	-3.5619517500017537
21	5	-1.2497642500020447
21	5	-0.5681089999998221
21	5	0.017890999999508495
21	5	1.7546712499970454
21	6	-5.300419500003045
21	6	-2.55929549999928
21	6	-2.4439205000016955
21	6	-1.5979829999996582
21	6	-1.323952750000899
21	6	0.10495349999837345
21	7	-5.603075250000984
21	7	-5.589106499999616
21	7	-4.883387750000111
21	7	-1.4663574999976845
21	7	-1.2895147499984887
21	7	-1.0856397499992454
21	7	0.2876102500013076
21	7	0.3176415000016277
21	7	0.9042665000015404
21	8	-4.006951249997655
21	8	-2.5211699999999837
21	8	-2.3288262499991106
21	8	-2.124577250000584
21	8	-0.9249835000009625
21	8	-0.5277335000027961
21	8	0.030516499999066582
21	8	1.8336092499994265
21	9	-5.536669500001153
21	9	-4.69235700000354
21	9	-4.044075750000047
21	9	-1.1808267499982321
21	9	-0.6028267500005313
21	9	1.5312659999981406
21	10	-3.809201000003668
21	10	-3.518139499999961
21	10	-3.2106395000009798
21	10	-2.89838950000194
21	10	-1.7405145000011544
21	10	-1.5219207500013
21	10	-1.464889500002755
21	10	-1.3215144999994664
21	10	0.3867657499977213
21	10	1.7021084999978484
21	11	-5.545731500002148
21	11	-5.304387750002206
21	11	-4.110138750002079
21	11	-3.8002012500001
21	11	-3.137982500000362
21	11	-1.0069210000001476
21	11	-0.2818272500007879
21	12	-5.800575249999383
21	12	-5.501450250001653
21	12	-4.164388750003127
21	12	-3.8219512500036217
21	12	-3.3601700000035635
21	12	-2.28085750000173
21	12	-2.1034522500012827
21	12	-1.7783272500018938
21	12	-1.6782022500010498
21	12	-1.3211397500017483
21	12	-0.09926474999883794
21	12	1.1830467499967199
21	13	-5.365982250001252
21	13	-5.358669750003173
21	13	-1.80420199999935
21	13	-1.3675145000015618
21	13	-0.09635925000475254
21	13	0.37929699999585864
21	13	0.5737969999972847
21	13	0.6095469999963825
21	13	1.1557344999964698
21	13	1.6285782499980996
21	13	1.842328249997081
21	14	-5.506106999997428
21	14	-5.358919499998592
21	14	-2.7711080000008224
21	14	-1.86173300000155
21	14	-1.0329527499998221
21	14	1.9481400000004214
21	15	-5.831888249998883
21	15	-5.771856999996089
21	15	-5.576263249997282
21	15	-4.7279819999967
21	15	-3.37857675000123
21	15	-2.039483000000473
21	15	-1.903889249999338
21	15	-0.012765249997755745
21	16	-5.089544500002376
21	16	-5.029544500001066
21	16	-4.339576750004198
21	16	-4.0634830000053626
21	16	-3.1138267500027723
21	16	-3.095701750004082
21	16	-3.092733000004955
21	16	-2.5151705000025686
21	16	-2.1578580000023067
21	16	-1.987264250004955
21	16	-1.8479215000006661
21	16	-1.334546500002034
21	16	-1.2815152500006661
21	16	-1.0932340000035765
21	16	-0.9062652500033437
21	16	-0.7685777500009863
21	16	-0.5549527500006661
21	16	-0.05935900000258698
21	16	1.6092962500006252
21	16	1.6885149999980058
21	17	-5.746856500001741
21	17	-4.736701249999896
21	17	-2.9111387499979173
21	17	-2.169077250000555
21	17	-2.0172960000018065
21	17	-1.7519835000020976
21	17	-1.496577249999973
21	17	-0.5455460000011954
21	17	-0.27829600000040955
21	17	0.24482800000259886
21	18	-5.578857249998691
21	18	-4.791169749998517
21	18	-2.720639499999379
21	18	-2.669639499999903
21	18	-2.6557332499978656
21	18	0.889922000002116
21	19	-4.231168999998772
21	19	-4.214450250001391
21	19	-3.045232500000566
21	19	-2.9469200000021374
21	19	-2.7562325000035344
21	19	-1.627076250002574
21	19	-1.4603272499989544
21	19	0.8707352499986882
21	20	-5.630543999999645
21	20	-4.947731500000373
21	20	-3.513482499998645
21	20	-3.346544999996695
21	20	-2.334607499997219
21	20	-2.030669999996462
21	20	-1.540670999998838
21	20	-0.5380772499993327
21	20	1.0884530000002997
21	20	1.6097342500033847
21	21	-4.5807322500004375
21	21	-4.374700999997003
21	21	-3.3918582500009506
21	21	-2.553608250000252
21	21	-2.5391395000006014
21	21	-2.184858250002435
21	21	-0.7351717499986989
21	21	1.4867032500005735
21	22	-3.2285454999982903
21	22	-3.225545499997679
21	22	-2.1885767499989015
21	22	-2.1724517499969807
21	22	0.8825785000008182
21	22	1.8992962500014983
21	23	-5.522544500003278
21	23	-3.243107999998756
21	23	-3.2007955000008224
21	23	-2.3601392499986105
21	23	-2.121514250000473
21	23	-1.925576749999891
21	23	-1.8292330000003858
21	23	-1.3367340000040713
21	23	-0.21767150000232505
21	23	0.7724524999975984
21	24	-5.893575499998406
21	24	-5.7491379999992205
21	24	-5.716544249997241
21	24	-4.292857749998802
21	24	-2.8992639999960375
21	24	-2.695670249995601
21	24	-0.9281712499978312
21	24	-0.544514999997773
21	24	0.7576715000031982
21	24	1.4933277500022086
21	25	-5.858480999999301
21	25	-4.656669500000135
21	25	-3.87845075000223
21	25	-3.619825750000018
21	25	-2.7235454999972717
21	25	-2.6313267499972426
21	25	-2.1662642499977665
21	25	-1.997733000000153
21	25	-1.7035142499989888
21	25	-1.3005142500005604
21	25	-0.2947329999988142
21	25	0.4735472499996831
21	26	-5.126857250001194
21	26	-4.946919750000234
21	26	-4.497638500000903
21	26	-3.678544750000583
21	26	-3.668388500002038
21	26	-2.7917947499990987
21	26	-2.3310144999995828
21	26	-2.272326999998768
21	26	-1.6331082500000775
21	26	-0.6779519999981858
21	26	-0.6415457499970216
21	26	-0.49310824999702163
21	26	0.2877970000008645
21	26	0.6500782500006608
21	26	1.3310782500011555
21	26	1.4582970000010391
21	26	1.5562657499976922
21	27	-2.4190147500012245
21	27	-1.9517335000018647
21	27	-1.209889750000002
21	27	-0.600608500000817
21	27	-0.3017970000037167
21	27	0.3236717499967199
21	27	1.9823592499960796
21	28	-5.568388750001759
21	28	-5.49795124999946
21	28	-3.0427959999979066
21	28	-2.1710772500009625
21	28	-1.9544522500000312
21	28	-1.2744834999975865
21	28	-1.1064834999997402
21	28	-1.079420999998547
21	28	-0.9663897499995073
21	28	-0.6747657500018249
21	28	-0.4785782500002824
21	28	1.9063270000006014
21	29	-5.882356250000157
21	29	-5.610137499999837
21	29	-5.293826000004628
21	29	-5.058794750002562
21	29	-3.589201000002504
21	29	-3.4390760000023874
21	29	-2.6077957500019693
21	29	-2.5941395000008924
21	29	-2.070139499999641
21	29	1.199234499996237
21	29	1.9198584999976447
21	30	-3.0486077499990643
21	30	-2.328388999998424
21	30	-2.21838900000148
21	30	-1.9030149999998685
21	30	-1.1927649999997811
21	30	-0.6362337499995192
21	30	-0.3736087500001304
21	30	1.7093590000004042
21	31	-5.704293750000943
21	31	-3.7814822500040464
21	31	-3.708951000004163
21	31	-3.6497010000020964
21	31	-3.3375447500038717
21	31	-3.2836385000045993
21	31	-2.647639500002697
21	31	-1.7034207500000775
21	31	-0.5628270000015618
21	31	0.2929219999969064
21	31	0.46695324999745935
21	31	1.5477969999956258
21	31	1.8731094999966444
21	32	-5.6318260000007285
21	32	-5.0568884999993315
21	32	-5.052825999999186
21	32	-2.6193270000003395
21	32	-2.5961082499998156
21	32	-1.158139499999379
21	32	-1.0068895000003977
21	32	-0.2966092499991646
21	32	1.4958907500003988
21	32	1.7491709999994782
21	33	-4.9283262499993725
21	33	-4.916545000000042
21	33	-3.819919999998092
21	33	-3.6990762499990524
21	33	-3.6420137499990233
21	33	-2.4398897500032035
21	33	-0.8709522500030289
21	33	0.7713279999989027
21	33	1.3763905000014347
21	34	-4.878826000000117
21	34	-4.482576000002155
21	34	-4.015888500001893
21	34	-3.9947947500004375
21	34	-3.2877020000050834
21	34	-2.138420750005025
21	34	-2.0629832500053453
21	34	-1.6389832500026387
21	34	0.4698594999972556
21	34	0.8350157499990019
21	34	1.0101719999984198
21	34	1.812670999996044
21	35	-3.7922324999963166
21	35	-3.2044512499960547
21	35	-2.562170999997761
21	35	-1.1718897499995364
21	36	-4.954294999995909
21	36	-4.920232499996928
21	36	-3.2423574999957054
21	36	-3.181982499998412
21	36	-3.1525137499957054
21	36	-2.3119210000004387
21	36	-2.2605147499998566
21	36	-1.9747647499971208
21	36	-1.9572960000004969
21	36	-1.8161397499970917
21	36	-1.3276084999997693
21	36	-0.5208897499978775
21	36	0.16207800000120187
21	36	0.42298425000262796
21	36	1.1143280000032973
21	36	1.7127967500018713
21	36	1.7436717500022496
21	37	-5.1645452499979
21	37	-5.086326499997085
21	37	-2.873013999997056
21	37	-2.182452500001091
21	37	-0.8175149999988207
21	37	-0.38907749999998487
21	37	0.0290152500019758
21	37	1.6853277500013064
21	38	-5.590824999999313
21	38	-5.046950999996625
21	38	-4.763263499997265
21	38	-1.750139499999932
21	38	-1.4712332499984768
21	38	-1.3056082500006596
21	38	-1.2940457500008051
21	38	-1.2914207499998156
21	38	-0.5510770000000775
21	38	0.2386407500016503
21	38	1.746328250002989
21	38	1.7666095000022324
21	39	-5.737075000000914
21	39	-5.439918750002107
21	39	-4.6237010000004375
21	39	-4.618294749998313
21	39	-3.206700999999157
21	39	-2.3077332499997283
21	39	-1.9143895000015618
21	39	-0.23623424999823328
21	39	1.2372969999996712
21	40	-3.232638749999751
21	40	-3.0667012499980046
21	40	-3.032107499999256
21	40	-2.9712637499978882
21	40	-2.8528574999982084
21	40	-2.622638749999169
21	40	-0.7570772500002931
21	40	0.2586102499990375
21	40	0.7385790000007546
21	40	1.9287655000007362
21	41	-5.602950750002492
21	41	-4.96291950000159
21	41	-4.936325750000833
21	41	-4.295763250003802
21	41	-3.9780132500018226
21	41	-3.7510132500028703
21	41	-3.7173882500028412
21	41	-2.9364205000056245
21	41	-2.8139830000036454
21	41	-2.492608000004111
21	41	-0.4944527500010736
21	41	0.7840472499992757
21	42	-4.73888850000003
21	42	-2.7498582500047632
21	42	-2.1202645000012126
21	42	-2.0909832500037737
21	42	-2.0815145000015036
21	42	-1.7696405000024242
21	42	-1.7602967500024533
21	42	-0.5509842499996012
21	42	0.04214074999981676
21	42	0.04845324999769218
21	42	0.37870325000039884
21	42	1.9680772499996237
21	43	-5.474262749998161
21	43	-4.758419999998296
21	43	-2.3796709999987797
21	43	-2.0407334999981686
21	43	-0.6057959999998275
21	43	-0.08210949999920558
21	44	-5.539168500003143
21	44	-3.8953570000012405
21	44	-3.4213882500007458
21	44	-2.9275445000021136
21	44	-1.7748267500028305
21	44	-1.5421705000044312
21	44	-0.6542017500032671
21	44	-0.29751525000392576
21	44	1.9202659999973548
21	45	-4.514107499999227
21	45	-2.1034209999961604
21	45	-1.1471084999975574
21	45	0.12376550000044517
21	45	1.6219217500001832
21	46	-5.832263250002143
21	46	-5.1660132500001055
21	46	-5.062575750001997
21	46	-3.4854517499989015
21	46	-2.9204829999980575
21	46	-2.6860142499972426
21	46	-2.643420500000502
21	46	-0.5214527499992982
21	46	1.931140000000596
21	47	-5.262857499998063
21	47	-5.188169999997626
21	47	-4.790857500000129
21	47	-4.476482499998383
21	47	-2.6581084999997984
21	47	-2.48929599999974
21	47	-2.4455460000026505
21	47	-1.8355460000020685
21	47	-1.6721085000026505
21	47	0.6306092500017257
21	48	-5.8177004999997735
21	48	-5.653606750001927
21	48	-4.222575499999948
21	48	-4.037263000001985
21	48	-3.30638899999758
21	48	-2.47332649999953
21	48	-2.1355765000007523
21	48	-1.365388999998686
21	48	-0.9380149999997229
21	48	0.9031724999986182
21	48	1.7052027499994438
21	48	1.8912339999988035
21	48	1.9147027500002878
21	49	-4.763107250000758
21	49	-4.1257635000001756
21	49	-3.1532332499991753
21	49	-2.5412020000003395
21	49	-1.2535769999994955
21	49	-0.6287655000014638
21	49	-0.07132800000181305
22	1	-5.788637999998173
22	1	-5.6503567500003555
22	1	-5.198295250000228
22	1	-4.774326500002644
22	1	-4.435107750003226
22	1	-4.312107749999996
22	1	-4.2831077500013635
22	1	-4.229357750002237
22	1	-4.212763999999879
22	1	-4.020795250002266
22	1	-3.950732750003226
22	1	-3.8055140000033134
22	1	-3.797639000000345
22	1	-3.790545250001742
22	1	-3.559076500001538
22	1	-3.303639000001567
22	1	-3.277389000002586
22	1	-2.786889999999403
22	1	-2.7762962499982677
22	1	-2.510577500001091
22	1	-2.458577500001411
22	1	-2.085733749998326
22	1	-1.6002650000009453
22	1	-1.3591087499989953
22	1	-0.9029212499990535
22	1	-0.7232025000012072
22	1	-0.5421712499992282
22	1	-0.399422250000498
22	1	-0.3813910000026226
22	1	0.10632774999976391
22	1	0.25401524999688263
22	1	0.2778277499965043
22	1	0.3912339999988035
22	1	0.429733999997552
22	1	0.608390249999502
22	1	0.7947027499976684
22	1	0.8692339999979595
22	1	0.9941089999992982
22	1	1.365796499998396
22	1	1.6298589999969408
22	1	1.6835777499982214
22	1	1.8486714999962715
22	1	1.9791089999962423
22	2	-5.4564195000020845
22	2	-5.429013250002754
22	2	-5.076982000002317
22	2	-5.070669500000804
22	2	-4.933263250000891
22	2	-4.923575749999145
22	2	-4.915419500001008
22	2	-4.912982000001648
22	2	-4.777013250000891
22	2	-4.762638250002055
22	2	-4.66604450000159
22	2	-4.434950750001008
22	2	-4.13704449999932
22	2	-4.105325750002521
22	2	-4.081919500000367
22	2	-3.7885757500007458
22	2	-3.72732575000191
22	2	-3.687138249999407
22	2	-3.4955757499992615
22	2	-3.4046070000003965
22	2	-3.108982999998261
22	2	-2.8846080000002985
22	2	-2.385170499997912
22	2	-2.3779204999991634
22	2	-2.335951749999367
22	2	-2.333045499999571
22	2	-2.2685767500006477
22	2	-2.2187955000008515
22	2	-1.9524517499994545
22	2	-1.643201750001026
22	2	-1.4781392500008224
22	2	-0.3126714999998512
22	2	-0.1844215000019176
22	2	0.044922249999217456
22	2	0.5259847499983152
22	2	0.5610472499975003
22	2	0.6865472499994212
22	2	0.7175472499984608
22	2	1.2200159999993048
22	2	1.4284534999969765
22	2	1.5713597499998286
22	2	1.574078499997995
22	2	1.5947659999983443
22	2	1.8563587499993446
22	2	1.8699525000010908
22	3	-5.956293749997712
22	3	-5.6162947499979055
22	3	-5.365138500001194
22	3	-5.291638499998953
22	3	-5.273044749999826
22	3	-5.152388499998779
22	3	-5.1364509999984875
22	3	-5.10876350000035
22	3	-4.899826000000758
22	3	-4.84307600000102
22	3	-4.580700999998953
22	3	-4.575763500000903
22	3	-4.359888499999215
22	3	-4.254794749998837
22	3	-4.215950999998313
22	3	-4.141701000000467
22	3	-3.631044750000001
22	3	-3.526826000001165
22	3	-3.133451999998215
22	3	-2.8343894999961776
22	3	-2.803264499998477
22	3	-2.74542074999772
22	3	-2.730826999999408
22	3	-2.5955769999964104
22	3	-2.570326999997633
22	3	-2.2008582499984186
22	3	-1.9212644999970507
22	3	-1.6798894999992626
22	3	-1.349545749999379
22	3	-1.283139499999379
22	3	-0.8640144999990298
22	3	-0.38126549999651616
22	3	-0.25460924999788404
22	3	-0.24439049999637064
22	3	-0.22717174999706913
22	3	-0.10967174999677809
22	3	0.202015750004648
22	3	0.26570325000284356
22	3	0.5445470000049681
22	3	0.5787345000026107
22	3	0.7391407500035712
22	3	0.8289532500057248
22	3	0.8545782500041241
22	3	0.902265750002698
22	3	0.9157345000021451
22	3	0.9238907500039204
22	3	1.0189220000029309
22	3	1.0431720000051428
22	3	1.0668595000024652
22	3	1.1807032500037167
22	3	1.2491720000034547
22	3	1.25464075000491
22	3	1.326922000003833
22	3	1.5117970000028436
22	3	1.5685470000025816
22	3	1.6411720000032801
22	3	1.666765750003833
22	3	1.7305782500043279
22	3	1.7874210000009043
22	4	-5.986732249995839
22	4	-5.7199197499976435
22	4	-5.607669749995694
22	4	-5.478825999995024
22	4	-5.368138499994529
22	4	-5.286232249996829
22	4	-5.110419749995344
22	4	-5.014107249997323
22	4	-4.568857249996654
22	4	-4.4710447499965085
22	4	-4.4479197499967995
22	4	-4.402419749996625
22	4	-4.380138499996974
22	4	-4.3194197499979055
22	4	-4.263919749995694
22	4	-4.101107249996858
22	4	-3.9165447499945003
22	4	-3.8593259999979637
22	4	-3.716482249994442
22	4	-3.2538894999997865
22	4	-3.203264499999932
22	4	-3.187826999997924
22	4	-2.4490144999981567
22	4	-2.4207019999994372
22	4	-2.126983249996556
22	4	-1.9742644999969343
22	4	-1.4388582499996119
22	4	-1.4181707499992626
22	4	-1.3938269999998738
22	4	-1.2786707499981276
22	4	-0.9608904999950028
22	4	-0.6070467499957886
22	4	-0.18895299999712734
22	4	0.5992970000042988
22	4	0.6560782500018831
22	4	0.8027345000045898
22	4	0.8418595000039204
22	4	1.1497657500040077
22	4	1.1575470000025234
22	4	1.181859500004066
22	4	1.3250470000020869
22	4	1.410546000002796
22	4	1.860889750001661
22	5	-5.975169499997719
22	5	-5.475575749998825
22	5	-5.439794499998243
22	5	-5.237731999997777
22	5	-4.479357000000164
22	5	-4.1901694999978645
22	5	-4.144138249997923
22	5	-3.9952945000004547
22	5	-3.9732632499981264
22	5	-3.7452945000004547
22	5	-3.551701750002394
22	5	-3.5305767499994545
22	5	-3.441389250001521
22	5	-2.8122330000005604
22	5	-2.7927955000013753
22	5	-2.780326750002132
22	5	-2.7688579999994545
22	5	-2.3534830000025977
22	5	-2.099295500000153
22	5	-1.4992955000016082
22	5	-1.1905152500003169
22	5	-1.1482340000002296
22	5	-0.992640249998658
22	5	-0.8705777499999385
22	5	-0.857358999997814
22	5	-0.8520465000001423
22	5	-0.8295465000010154
22	5	-0.4945152500004042
22	5	-0.479796499999793
22	5	-0.41614024999944377
22	5	-0.3000152499989781
22	5	-0.02017150000028778
22	5	0.003453500001342036
22	5	0.3767347499997413
22	5	0.5306097499997122
22	5	0.5787034999993921
22	5	0.7676722500000324
22	5	0.8617347500003234
22	5	0.9976410000017495
22	5	1.0271410000023025
22	5	1.048984749999363
22	5	1.052484750001895
22	5	1.075203500000498
22	5	1.2952024999976857
22	5	1.317233750000014
22	5	1.7559837499975401
22	6	-5.977200750003249
22	6	-5.904138250003598
22	6	-5.849263250001968
22	6	-5.833732000002783
22	6	-5.815513250003278
22	6	-5.791138250002405
22	6	-5.783450750001066
22	6	-5.633607000003394
22	6	-5.621575750003103
22	6	-5.595450750002783
22	6	-5.589607000001706
22	6	-5.440888250002899
22	6	-5.382982000002812
22	6	-5.358294500001648
22	6	-5.303138250001211
22	6	-5.056325750003452
22	6	-5.048669500003598
22	6	-5.041607000002841
22	6	-4.8534195000029285
22	6	-4.436513250002463
22	6	-4.434388250003394
22	6	-4.4128257500015025
22	6	-4.32913825000287
22	6	-4.288700750003045
22	6	-4.262075750000804
22	6	-4.222638250001182
22	6	-3.8377330000002985
22	6	-3.7470767500017246
22	6	-3.68717050000123
22	6	-3.679076749998785
22	6	-3.5833892500013462
22	6	-3.4953267499986396
22	6	-3.360201750001579
22	6	-3.299014249998436
22	6	-2.8114205000019865
22	6	-2.769326749999891
22	6	-2.7465767499998037
22	6	-2.4443267499991634
22	6	-2.3226392500000657
22	6	-1.8985142499986978
22	6	-1.7568580000006477
22	6	-1.741982999999891
22	6	-1.6022642499992799
22	6	-1.5769517500011716
22	6	-1.145296500002587
22	6	-1.0835465000018303
22	6	-0.9424215000035474
22	6	0.008515999998053303
22	6	0.16742224999688915
22	6	0.7587034999960451
22	6	1.3234212499992282
22	6	1.6320774999985588
22	7	-5.966793999999936
22	7	-5.829293999999209
22	7	-5.553200250000373
22	7	-5.530231500000809
22	7	-5.379044000001159
22	7	-4.467075249998743
22	7	-4.155950249998568
22	7	-4.100012750001042
22	7	-3.7440137499979755
22	7	-3.630169999996724
22	7	-3.3016699999971024
22	7	-3.0956699999987904
22	7	-3.067763749997539
22	7	-2.9278887499967823
22	7	-2.8493574999993143
22	7	-2.7392637499979173
22	7	-2.690294999996695
22	7	-2.654919999997219
22	7	-2.62788874999751
22	7	-2.5026387499965494
22	7	-2.333576249999169
22	7	-2.176607499997772
22	7	-1.8749824999977136
22	7	-1.4456074999980046
22	7	-1.3768574999994598
22	7	-1.17698350000137
22	7	-1.1478585000004387
22	7	-1.133389750000788
22	7	-1.083327249998547
22	7	-1.0793584999992163
22	7	-0.5646397499986051
22	7	-0.3381085000000894
22	7	-0.32651474999875063
22	7	0.03586025000186055
22	7	0.24657899999874644
22	7	0.6213602499992703
22	7	0.6771727500017732
22	7	0.844391499998892
22	7	1.0823290000007546
22	7	1.381453000001784
22	7	1.4937967500009108
22	7	1.7839217500004452
22	7	1.9766092500030936
22	7	1.9907655000024533
22	8	-5.983356500000809
22	8	-5.752200250000897
22	8	-5.68820025000241
22	8	-5.408512750000227
22	8	-5.386512749999383
22	8	-5.332106500001828
22	8	-5.206200250002439
22	8	-4.947075250001944
22	8	-4.681044999997539
22	8	-4.613482500000828
22	8	-4.171169999997801
22	8	-4.124576250000246
22	8	-3.980607499997859
22	8	-3.97841999999946
22	8	-3.7002324999994016
22	8	-3.6375137499999255
22	8	-3.471857500000624
22	8	-3.1651387499987322
22	8	-2.9330762499994307
22	8	-2.8470762500001
22	8	-2.813326249997772
22	8	-2.7349512500004494
22	8	-2.7115449999982957
22	8	-2.6363887500010605
22	8	-2.0311710000023595
22	8	-2.0048272500025632
22	8	-1.994327250002243
22	8	-1.962858500002767
22	8	-1.661577250000846
22	8	-1.6370772500013118
22	8	-0.995546000001923
22	8	-0.5077022500008752
22	8	-0.19323350000195205
22	8	0.43910925000091083
22	8	0.7622655000013765
22	8	0.9281092499986698
22	8	0.9379217499990773
22	8	1.0092967499986116
22	8	1.0272342499993101
22	8	1.1637967499991646
22	8	1.3143592500018713
22	8	1.5554217499993683
22	8	1.8659842500019295
22	9	-5.977981
22	9	-5.635605999999825
22	9	-5.361575750001066
22	9	-5.343482000000222
22	9	-5.332044500002667
22	9	-5.265607000001182
22	9	-4.988263250001182
22	9	-4.538950750000367
22	9	-4.265544500001852
22	9	-3.956044500002463
22	9	-3.6691070000015316
22	9	-3.3604195000007167
22	9	-3.34823200000028
22	9	-3.1175757500022883
22	9	-2.809701750000386
22	9	-2.2870455000011134
22	9	-2.2107954999992216
22	9	-2.203201749998698
22	9	-2.087576750000153
22	9	-1.9567017500012298
22	9	-1.9104829999996582
22	9	-1.8800454999982321
22	9	-1.7894517499989888
22	9	-1.2216079999998328
22	9	-0.8020767499983776
22	9	-0.7455767499996
22	9	-0.7410454999990179
22	9	-0.7284204999996291
22	9	-0.061515250003139954
22	9	0.033078499996918254
22	9	0.1975159999965399
22	9	0.2640472499988391
22	9	0.3090472499970929
22	9	0.5213909999984025
22	9	0.660422249999101
22	9	0.6887034999963362
22	9	0.8120472499977041
22	9	0.8951722499987227
22	9	1.0692972499964526
22	9	1.3817972499964526
22	9	1.580234749999363
22	10	-5.959794750004221
22	10	-5.580294750001485
22	10	-5.079826000001049
22	10	-5.034263500001543
22	10	-4.986888500003261
22	10	-4.775919750001776
22	10	-4.336544750003668
22	10	-4.312107250003464
22	10	-4.118451000002096
22	10	-3.831701000002795
22	10	-3.765264500001649
22	10	-3.677889500002493
22	10	-3.6206707500023185
22	10	-3.3470145000028424
22	10	-3.2885457500015036
22	10	-3.262264500001038
22	10	-3.229358250002406
22	10	-2.7018582500022603
22	10	-2.4020457500009798
22	10	-2.3875145000019984
22	10	-1.9315457500015327
22	10	-1.700077000001329
22	10	-1.660702000001038
22	10	-1.619170750000194
22	10	-1.4909207500022603
22	10	-1.2583592500013765
22	10	-1.17751550000321
22	10	-1.166203000004316
22	10	-1.1629842500042287
22	10	-0.8010467500025698
22	10	-0.6705467500032682
22	10	-0.49407800000335556
22	10	-0.0002655000025697518
22	10	0.03539074999571312
22	10	0.0657344999963243
22	10	0.11029699999562581
22	10	0.3391094999969937
22	10	0.36057824999807053
22	10	0.3641719999977795
22	10	0.40432824999516015
22	10	0.6191094999958295
22	10	0.6602344999955676
22	10	0.8747657499952766
22	10	0.8823594999958004
22	10	1.0057344999986526
22	10	1.1496407499980705
22	10	1.6146085000000312
22	11	-5.588450250004826
22	11	-5.550544000005175
22	11	-5.520262750003894
22	11	-5.1837315000047965
22	11	-4.850606500003778
22	11	-4.669387750003807
22	11	-4.649012750003749
22	11	-4.215013750002981
22	11	-4.049951250002778
22	11	-4.016045000000304
22	11	-3.7150137500029814
22	11	-3.4785762500032433
22	11	-3.4636075000016717
22	11	-3.40976375000173
22	11	-3.3261387500024284
22	11	-2.9494200000008277
22	11	-2.880482500000653
22	11	-2.770670000001701
22	11	-2.7686075000019628
22	11	-2.7153262500032724
22	11	-2.582263750002312
22	11	-2.486888750001526
22	11	-2.365545000000566
22	11	-2.304732500000682
22	11	-2.203670000002603
22	11	-2.1043887500018172
22	11	-2.08285750000141
22	11	-1.9954512500007695
22	11	-1.1178897499994491
22	11	-0.6763897499986342
22	11	-0.32367099999828497
22	11	-0.3163897500016901
22	11	-0.03492099999857601
22	11	0.18045400000119116
22	11	0.4760477499985427
22	11	0.6708592499962833
22	11	0.7121717499976512
22	11	0.8237967499990191
22	11	0.8753592499997467
22	11	0.8864529999991646
22	11	0.9633592499994847
22	11	1.1098279999969236
22	11	1.329140499998175
22	11	1.4810779999970691
22	11	1.5769217499982915
22	11	1.638234249996458
22	11	1.6920154999970691
22	11	1.9240779999963706
22	12	-5.906606500000635
22	12	-5.29841899999883
22	12	-5.276106500001333
22	12	-5.249981500001013
22	12	-5.127981500001624
22	12	-5.110044000000926
22	12	-5.003075249998801
22	12	-4.962106499999209
22	12	-4.830075249999936
22	12	-4.597856500000489
22	12	-4.2308575000024575
22	12	-3.4352325000036217
22	12	-3.17417000000205
22	12	-3.0145450000018172
22	12	-2.650607500003389
22	12	-2.361263750000944
22	12	-2.2125762500036217
22	12	-2.1455137500015553
22	12	-2.0165772500004095
22	12	-1.9346084999997402
22	12	-1.8956084999990708
22	12	-1.8185147500007588
22	12	-1.7338584999997693
22	12	-1.7248272500000894
22	12	-1.5823272500019812
22	12	-1.5177335000007588
22	12	-1.4449209999984305
22	12	-1.340733500001079
22	12	-0.6959209999986342
22	12	-0.5036084999992454
22	12	-0.47745225000107894
22	12	-0.45026475000122446
22	12	-0.4053897500016319
22	12	-0.3527959999992163
22	12	-0.2287022499986051
22	12	0.03601649999836809
22	12	0.12339150000116206
22	12	0.1922664999983681
22	12	0.20526650000101654
22	12	0.3305477499998233
22	12	0.5338279999959923
22	12	0.8978279999973893
22	12	0.9296404999986407
22	12	1.1632654999993974
22	12	1.1681404999981169
22	12	1.586015499997302
22	12	1.6624529999971855
22	12	1.9942029999983788
22	13	-5.973200000000361
22	13	-5.950575000002573
22	13	-5.703918750001321
22	13	-5.612606250000681
22	13	-5.4317312500024855
22	13	-5.1634822500018345
22	13	-5.134451000001718
22	13	-5.116169750002882
22	13	-4.677513500002533
22	13	-4.664669750003668
22	13	-4.642357250002533
22	13	-4.590107250001893
22	13	-4.582888500004628
22	13	-4.4603572500018345
22	13	-4.026482250003028
22	13	-3.9713572500040755
22	13	-3.954857250002533
22	13	-3.9402947500020673
22	13	-3.8432010000033188
22	13	-3.5635447500026203
22	13	-3.5412322500014852
22	13	-3.529294750002009
22	13	-3.506263500003115
22	13	-3.1637947500021255
22	13	-3.1053885000037553
22	13	-3.0767010000017763
22	13	-2.990857250002591
22	13	-2.9685760000029404
22	13	-2.9070457500019984
22	13	-2.8438582500020857
22	13	-2.58692074999999
22	13	-2.4718270000012126
22	13	-2.406577000001562
22	13	-1.9092020000025514
22	13	-1.8693270000003395
22	13	-1.7636707500023476
22	13	-1.5287332500010962
22	13	-1.450795750002726
22	13	-1.2448582500001066
22	13	-1.2363895000016782
22	13	-1.210045750001882
22	13	-1.1142957500014745
22	13	-1.0989520000002813
22	13	-0.8328582499998447
22	13	-0.8000145000005432
22	13	-0.5500769999998738
22	13	-0.49742075000176555
22	13	-0.46610825000243494
22	13	-0.4256717500029481
22	13	-0.3863592500019877
22	13	-0.32282800000393763
22	13	-0.06167175000155112
22	13	-0.026984250001987675
22	13	0.005703249997168314
22	13	0.433609499996237
22	13	0.4921719999983907
22	13	0.5362969999951019
22	13	0.7619219999978668
22	13	1.118640749995393
22	13	1.5588594999971974
22	13	1.5739844999952766
22	13	1.7383282499977213
22	13	1.7568282499960333
22	13	1.7686719999983325
22	13	1.7737032499971974
22	14	-5.760013249997428
22	14	-5.64466949999769
22	14	-5.4213569999992615
22	14	-5.363513249998505
22	14	-5.285513249997166
22	14	-5.055981999998039
22	14	-4.905669499999931
22	14	-4.489919499999814
22	14	-4.435263249997661
22	14	-4.361731999997573
22	14	-4.325388249999378
22	14	-4.315825749999931
22	14	-4.290950749997137
22	14	-4.1829819999984466
22	14	-4.158481999998912
22	14	-3.8096382499970787
22	14	-3.6653882499995234
22	14	-3.5954194999976608
22	14	-3.579700750000484
22	14	-3.472233000000415
22	14	-3.1681392499995127
22	14	-2.994014250001783
22	14	-2.4535767500019574
22	14	-2.1251392500016664
22	14	-1.8381392500014044
22	14	-1.6989830000020447
22	14	-1.6830142500002694
22	14	-1.6618892500009679
22	14	-1.5810454999991634
22	14	-1.4719829999994545
22	14	-1.46720175000155
22	14	-1.4646705000013753
22	14	-1.261108000002423
22	14	-1.2302017500005604
22	14	-1.1822017500016955
22	14	-0.9684527499994147
22	14	-0.8888589999987744
22	14	-0.8592027499980759
22	14	-0.25964024999848334
22	14	-0.231233999998949
22	14	-0.19229649999761023
22	14	-0.12857774999793037
22	14	0.3522660000016913
22	14	0.39498475000073086
22	14	0.47601600000052713
22	14	1.0879222500007018
22	14	1.4941712500003632
22	14	1.5268899999973655
22	14	1.5802024999975401
22	14	1.9232649999976275
22	15	-5.972513249998883
22	15	-5.945794499995827
22	15	-5.910388249998505
22	15	-5.673200749995885
22	15	-5.57295074999638
22	15	-5.561950749997777
22	15	-5.510856999997486
22	15	-5.423544499997661
22	15	-5.415044499997748
22	15	-5.330231999996613
22	15	-5.113263249997544
22	15	-4.730356999996729
22	15	-4.36463824999737
22	15	-4.112106999997195
22	15	-3.9040132499976608
22	15	-3.7457632499972533
22	15	-3.6932319999978063
22	15	-3.690731999999116
22	15	-3.5273569999990286
22	15	-3.51826324999638
22	15	-3.4167955000011716
22	15	-3.357108000000153
22	15	-3.0045767499977956
22	15	-3.001451749998523
22	15	-2.1006080000006477
22	15	-2.09732675000123
22	15	-2.0549204999988433
22	15	-1.7877955000003567
22	15	-1.7686392499999783
22	15	-1.7646080000013171
22	15	-1.665389249999862
22	15	-1.4753579999996873
22	15	-1.4677017499998328
22	15	-1.4430767499979993
22	15	-1.2547642499994254
22	15	-1.1364517500005604
22	15	-0.7982652499995311
22	15	-0.17754649999915273
22	15	-0.10707774999900721
22	15	1.7528587500019057
22	16	-5.850075750000542
22	16	-5.730919500001619
22	16	-5.622982000000775
22	16	-5.172763250000571
22	16	-4.921357000002899
22	16	-4.8303882500003965
22	16	-4.534294500001124
22	16	-4.307701750003616
22	16	-4.249764250002045
22	16	-4.222139250003238
22	16	-4.134889250002743
22	16	-4.1178580000050715
22	16	-3.876233000002685
22	16	-3.7877642500025104
22	16	-3.576295500002743
22	16	-3.3155142500036163
22	16	-3.284420500003762
22	16	-3.260389250004664
22	16	-3.221920500003762
22	16	-3.2004830000041693
22	16	-2.868201750003209
22	16	-2.642045500004315
22	16	-2.61607675000414
22	16	-2.438951750002161
22	16	-2.3195142500044312
22	16	-2.239389250004024
22	16	-1.8700777500016557
22	16	-1.8155777500032855
22	16	-1.8021090000002005
22	16	-1.675421500003722
22	16	-1.1650152500005788
22	16	-0.892421500000637
22	16	-0.846265250002034
22	16	-0.8275777500020922
22	16	-0.7552652500016848
22	16	-0.24217150000185939
22	16	-0.21351525000136462
22	16	-0.06735900000057882
22	16	0.06354724999982864
22	16	0.1163909999995667
22	16	0.16892224999901373
22	16	0.7329524999986461
22	16	0.8123899999991409
22	16	1.0102650000007998
22	16	1.053264999998646
22	16	1.1252962500002468
22	16	1.4622337500004505
22	16	1.563952500000596
22	16	1.6303899999984424
22	16	1.874390000000858
22	16	1.959702500000276
22	17	-5.750200250000489
22	17	-5.08491999999751
22	17	-5.025701250000566
22	17	-4.774826249999023
22	17	-4.645419999997102
22	17	-4.4614199999996345
22	17	-4.4468262499976845
22	17	-4.4382949999999255
22	17	-4.325201249997917
22	17	-4.30263874999946
22	17	-4.284045000000333
22	17	-4.135419999998703
22	17	-4.116638749997946
22	17	-4.091263750000508
22	17	-3.9971074999994016
22	17	-3.3369512499994016
22	17	-3.2259825000001
22	17	-2.912544999999227
22	17	-2.897826249998616
22	17	-2.867326249997859
22	17	-2.846138749999227
22	17	-2.688638749998063
22	17	-2.592044999997597
22	17	-2.449171000000206
22	17	-2.2509522500004095
22	17	-2.027421000002505
22	17	-1.9541710000012245
22	17	-1.8816084999998566
22	17	-1.8572334999989835
22	17	-1.7567335000021558
22	17	-1.742764750000788
22	17	-1.649546000000555
22	17	-1.6342960000001767
22	17	-1.4012335000006715
22	17	-1.3376710000011371
22	17	-1.2253897500013409
22	17	-0.8743897500025923
22	17	-0.6106084999992163
22	17	-0.5562960000024759
22	17	-0.5462022499996237
22	17	-0.5137022500020976
22	17	-0.5022022500015737
22	17	0.22135925000111456
22	17	0.43129675000091083
22	17	0.7351717500023369
22	17	0.7558905000005325
22	17	0.7719217500016384
22	17	0.8222342500012019
22	17	0.8527030000004743
22	17	0.9497342499998922
22	17	1.5899842500002705
22	17	1.6483279999993101
22	18	-5.6890759999987495
22	18	-5.671575999997003
22	18	-5.662950999998429
22	18	-5.628169749998051
22	18	-5.55076349999581
22	18	-4.96629474999645
22	18	-4.954138499997498
22	18	-4.951950999995461
22	18	-4.941482249996625
22	18	-4.815388499995606
22	18	-4.537357249995694
22	18	-4.284544749996712
22	18	-4.2579509999959555
22	18	-3.6748884999979055
22	18	-3.5868884999981674
22	18	-3.516732249998313
22	18	-3.4080447499982256
22	18	-3.241826999998011
22	18	-3.2305769999984477
22	18	-3.1078269999998156
22	18	-2.9197957500000484
22	18	-2.916451999997662
22	18	-2.7639832499990007
22	18	-2.67676449999999
22	18	-2.6384207499977492
22	18	-2.578139499997633
22	18	-2.5613269999994372
22	18	-2.5269207499986805
22	18	-2.500014499997633
22	18	-2.391889499998797
22	18	-2.169639499999903
22	18	-1.7519207500008633
22	18	-1.7004520000009506
22	18	-1.5415145000006305
22	18	-1.3517332499977783
22	18	-1.1856394999995246
22	18	-1.1551707500002522
22	18	-0.7863592499961669
22	18	-0.3810154999991937
22	18	-0.29407799999899
22	18	-0.22107799999866984
22	18	-0.04957799999829149
22	18	0.29082825000296
22	18	0.4128907500016794
22	18	0.6383282500028145
22	18	0.7057345000030182
22	18	1.1759532500036585
22	18	1.4012657500024943
22	18	1.6619532500008063
22	18	1.8476397500016901
22	19	-5.616731499998423
22	19	-5.533137750000606
22	19	-5.392575249999936
22	19	-5.328106500001013
22	19	-5.1170127500008675
22	19	-4.991856500000722
22	19	-4.6867002500002855
22	19	-4.568544000001566
22	19	-4.54079400000046
22	19	-4.296762750000198
22	19	-4.259887749998597
22	19	-3.995607500000915
22	19	-3.595232500003476
22	19	-3.2621075000024575
22	19	-2.52592000000368
22	19	-2.039795000000595
22	19	-2.023670000002312
22	19	-1.638482500002283
22	19	-1.4735772499989253
22	19	-1.3177647500015155
22	19	-1.2222335000005842
22	19	-1.199389749999682
22	19	-0.909608500001923
22	19	-0.5480147500020394
22	19	-0.3935147500014864
22	19	0.16445399999793153
22	19	0.167485250000027
22	19	0.4439539999984845
22	19	0.4837664999977278
22	19	0.488516499997786
22	19	0.7556414999999106
22	19	0.7642977499999688
22	19	0.7737352500007546
22	19	0.7888290000009874
22	19	1.0782967500017548
22	19	1.4511405000012019
22	19	1.5990467500014347
22	19	1.666296750001493
22	19	1.8000780000002123
22	20	-5.982543999998597
22	20	-5.969543999999587
22	20	-5.832606500000111
22	20	-5.44148149999819
22	20	-5.262450250000256
22	20	-4.791231499999412
22	20	-4.713450250001188
22	20	-4.653043999998772
22	20	-4.503168999999616
22	20	-4.451794000000518
22	20	-3.952857499996753
22	20	-3.916232499996113
22	20	-3.617326249997859
22	20	-3.5830449999994016
22	20	-3.5598262499988778
22	20	-3.5298574999978882
22	20	-3.291544999996404
22	20	-3.266763749998063
22	20	-2.479794999999285
22	20	-2.1104512499987322
22	20	-1.8350137499983248
22	20	-1.8251397499989253
22	20	-1.5972959999999148
22	20	-0.17651475000093342
22	20	0.9698905000004743
22	20	1.636609250002948
22	20	1.6437342500030354
22	20	1.9568592500036175
22	21	-5.433607249997294
22	21	-5.216169749997789
22	21	-5.1669822499970905
22	21	-4.919075999998313
22	21	-4.909482249997382
22	21	-4.644451000000117
22	21	-4.588825999999244
22	21	-4.258638499999506
22	21	-4.135138499997993
22	21	-4.093325999998342
22	21	-3.9168572499984293
22	21	-3.895669749999797
22	21	-3.845075999997789
22	21	-3.6482634999993024
22	21	-3.5829822499981674
22	21	-3.5580134999981965
22	21	-3.504732249999506
22	21	-3.2624207500011835
22	21	-3.228139499999088
22	21	-3.1926082499994664
22	21	-2.8947332499992626
22	21	-2.8003270000008342
22	21	-2.098295750001853
22	21	-1.1742957499991462
22	21	-0.9080154999974184
22	21	-0.8401717499982624
22	21	-0.6224842499977967
22	21	-0.5450467499977094
22	21	-0.5282342499995138
22	21	-0.18270299999858253
22	21	-0.16585924999890267
22	21	0.040765749999991385
22	21	0.08292200000141747
22	21	0.10904700000173762
22	21	0.43039074999978766
22	21	0.8593595000020287
22	21	0.9260782500023197
22	21	1.0809845000003406
22	21	1.0957657500002824
22	21	1.1645782500017958
22	21	1.2022032500026398
22	21	1.2725470000004862
22	21	1.343140749999293
22	21	1.4029220000011264
22	21	1.4234532500013302
22	21	1.4255157500010682
22	21	1.4508595000006608
22	21	1.7262647499992454
22	21	1.739483499997732
22	22	-5.802138250001008
22	22	-5.775107000001299
22	22	-5.68807575000028
22	22	-5.673544500001299
22	22	-5.482169499999145
22	22	-5.46023200000127
22	22	-5.220950750001066
22	22	-4.925700750001852
22	22	-4.823138250001648
22	22	-4.324200750001182
22	22	-4.088856999998825
22	22	-3.3132955000000948
22	22	-3.193670499997097
22	22	-3.0275142499995127
22	22	-2.432764249999309
22	22	-2.3587955000002694
22	22	-2.33663924999928
22	22	-2.3161704999984067
22	22	-2.298107999999047
22	22	-1.7824204999997164
22	22	-1.6434829999998328
22	22	-1.4413267499985523
22	22	-1.41970174999733
22	22	-1.4022955000000366
22	22	-1.2358580000000075
22	22	-1.0431402499998512
22	22	-0.9927339999994729
22	22	-0.9487965000007534
22	22	-0.9384214999990945
22	22	-0.876796500000637
22	22	-0.8322027499998512
22	22	-0.8216715000016848
22	22	-0.6327027500010445
22	22	-0.1085464999996475
22	22	-0.09317150000060792
22	22	-0.06217150000156835
22	22	-0.03645275000235415
22	22	0.0991722500002652
22	22	0.1070472499995958
22	22	0.16610975000003236
22	22	0.46270349999758764
22	22	0.5327347499987809
22	22	0.5923284999989846
22	22	0.6371409999992466
22	22	0.7000784999981988
22	22	0.7235784999975294
22	22	0.8386409999984608
22	22	0.8565159999998286
22	22	0.99892225000076
22	22	1.2075784999979078
22	22	1.2287035000008473
22	22	1.2769535000006726
22	22	1.4407649999993737
22	22	1.748046250002517
22	22	1.9042337499995483
22	23	-5.957763250000426
22	23	-5.90554450000127
22	23	-5.839794500003336
22	23	-5.830888250002317
22	23	-5.6851382500026375
22	23	-5.478575750003074
22	23	-5.1475132500017935
22	23	-5.143794500003423
22	23	-4.894888250000804
22	23	-4.617357000002812
22	23	-4.446388250002201
22	23	-4.417857000000367
22	23	-4.314982000003511
22	23	-4.157857999998669
22	23	-4.031264249999367
22	23	-4.029420499999105
22	23	-3.843545499999891
22	23	-3.8098580000005313
22	23	-3.558295499999076
22	23	-3.376014249999571
22	23	-2.8984830000008515
22	23	-2.6275142500016955
22	23	-2.5191704999997455
22	23	-2.4979830000011134
22	23	-2.4877642499996
22	23	-2.4490767499992216
22	23	-2.2750142500008224
22	23	-2.264795499999309
22	23	-1.9589205000011134
22	23	-1.7699204999989888
22	23	-1.5876090000019758
22	23	-1.5189215000027616
22	23	-1.5008902500012482
22	23	-1.1301715000008699
22	23	-1.098109000002296
22	23	-0.8201402500017139
22	23	-0.7976090000011027
22	23	-0.2788590000018303
22	23	-0.25910900000235415
22	23	-0.21364025000366382
22	23	0.24589099999866448
22	23	0.43454724999901373
22	23	0.4710784999988391
22	23	0.6932659999984025
22	23	0.7422972499989555
22	23	0.9161400000011781
22	23	0.9399837499986461
22	23	0.9632649999985006
22	23	1.3251087499993446
22	23	1.6096087500009162
22	23	1.6742649999978312
22	23	1.844171249998908
22	24	-5.999231750000035
22	24	-5.909669249998842
22	24	-5.876950499998202
22	24	-5.866825499997503
22	24	-5.730387999999948
22	24	-5.254606750000676
22	24	-5.181387999997241
22	24	-5.159700500000326
22	24	-4.93638799999826
22	24	-4.892669249999017
22	24	-4.840700500000821
22	24	-4.818200499998056
22	24	-4.52642024999659
22	24	-4.505513999996765
22	24	-4.03423274999659
22	24	-3.6350764999988314
22	24	-3.607607749996532
22	24	-3.5346389999976964
22	24	-3.2998577499965904
22	24	-2.9998889999988023
22	24	-2.9734827499960375
22	24	-2.805795249998482
22	24	-2.7618264999982785
22	24	-2.564513999997871
22	24	-2.4205764999969688
22	24	-2.1194212499976857
22	24	-1.8345462500001304
22	24	-1.3403899999975692
22	24	-0.9889837499977148
22	24	-0.6841712499990535
22	24	-0.5718274999999267
22	24	-0.23954624999896623
22	24	-0.1720774999994319
22	24	-0.11379624999972293
22	24	-0.014108749997831183
22	24	-0.012202499998238636
22	24	0.29989025000395486
22	24	0.3451715000010154
22	24	0.468077750003431
22	24	0.4828902500012191
22	24	0.5748277500024415
22	24	0.5878902500007825
22	24	0.780984000000899
22	24	0.8542965000015101
22	24	1.4121090000007825
22	24	1.6057027500028198
22	24	1.6404840000031982
22	24	1.7982027500038384
22	24	1.878859000004013
22	25	-5.87476224999773
22	25	-5.748387249997904
22	25	-5.73188725
22	25	-5.1712320000006
22	25	-4.965513250001095
22	25	-4.955044500002259
22	25	-4.900981999999203
22	25	-4.354357000000164
22	25	-4.149825749998854
22	25	-3.969200750001619
22	25	-3.9394820000015898
22	25	-3.7580132500006584
22	25	-3.7457632500008913
22	25	-3.7333257499994943
22	25	-3.7133882500020263
22	25	-3.182325750000018
22	25	-2.4359829999993963
22	25	-2.3895454999983485
22	25	-2.375201749997359
22	25	-2.2886079999989306
22	25	-2.1695767499986687
22	25	-2.0835454999978538
22	25	-2.019607999998698
22	25	-1.6002955000003567
22	25	-1.4758267500001239
22	25	-1.1527954999983194
22	25	-1.0069204999999783
22	25	-0.8886079999974754
22	25	-0.7997642499976791
22	25	-0.6142954999995709
22	25	-0.599608000000444
22	25	-0.3145142499997746
22	25	-0.14817150000089896
22	25	-0.11067150000235415
22	25	-0.061296500000025844
22	25	0.009547249999741325
22	25	0.17739099999744212
22	25	0.28473474999918835
22	25	0.5176409999985481
22	25	0.6062972500003525
22	25	0.6139847499980533
22	25	0.7910159999992175
22	25	0.9958909999986645
22	25	1.2046722499981115
22	25	1.2248284999986936
22	25	1.9253597499991884
22	26	-5.824293749999924
22	26	-5.605168749996665
22	26	-5.430481249997683
22	26	-5.342012499997509
22	26	-5.230701000000408
22	26	-4.813419750000321
22	26	-4.695513499998924
22	26	-4.617451000001893
22	26	-4.614544749998458
22	26	-4.350201000001107
22	26	-4.293544749998546
22	26	-3.2915447500017763
22	26	-3.1078884999988077
22	26	-2.985919750000903
22	26	-2.5969207499983895
22	26	-2.37823324999772
22	26	-2.36817074999999
22	26	-2.262170750000223
22	26	-2.2534832499986805
22	26	-2.2103895000000193
22	26	-2.100076999999146
22	26	-2.034764500000165
22	26	-2.0313269999969634
22	26	-1.9097645000001648
22	26	-1.8324519999987388
22	26	-1.6955769999985932
22	26	-1.1231394999995246
22	26	-1.0139519999975164
22	26	-1.0097332499972254
22	26	-1.0005769999988843
22	26	0.5527032499994675
22	26	0.6468595000005735
22	26	0.8625470000006317
22	26	0.8720157499992638
22	26	1.1006720000004862
22	26	1.6552657499996712
22	26	1.6710469999998168
22	26	1.7988282500009518
22	26	1.933296999999584
22	27	-5.6025127500033705
22	27	-5.541825250005786
22	27	-5.5164815000061935
22	27	-5.504106500004127
22	27	-5.369512750003196
22	27	-5.359981500005233
22	27	-5.355669000004127
22	27	-4.972888750002312
22	27	-4.962701250002283
22	27	-4.758795000001555
22	27	-4.350576250002632
22	27	-4.109670000001643
22	27	-3.9055137500035926
22	27	-3.532513750004
22	27	-3.417263750001439
22	27	-3.271388750003098
22	27	-3.2319825000049605
22	27	-3.2209825000027195
22	27	-3.1027950000025157
22	27	-3.0317325000032724
22	27	-3.025201250002283
22	27	-3.0190137500030687
22	27	-2.987607500002923
22	27	-2.0688897500003804
22	27	-1.9387335000028543
22	27	-1.732608500002243
22	27	-1.6713584999997693
22	27	-1.6070460000009916
22	27	-1.584358500000235
22	27	-1.3052335000029416
22	27	-0.9824834999999439
22	27	-0.5515147500009334
22	27	-0.5078585000010207
22	27	-0.40738975000203936
22	27	-0.05892200000380399
22	27	0.4550467499975639
22	27	1.0776092499982042
22	27	1.2136404999982915
22	27	1.3058592499983206
22	28	-5.882262749997608
22	28	-5.7197002499997325
22	28	-5.551638749999256
22	28	-5.536076250002225
22	28	-5.471482500001002
22	28	-5.315482500001963
22	28	-5.055920000002516
22	28	-4.8154512500004785
22	28	-4.604170000002341
22	28	-4.5192012500010605
22	28	-4.416326250000566
22	28	-3.9298887500008277
22	28	-3.865045000002283
22	28	-3.750045000000682
22	28	-3.7081387500002165
22	28	-3.6862325000001874
22	28	-3.43857625000237
22	28	-3.3692325000010896
22	28	-2.980139749997761
22	28	-2.852233499997965
22	28	-2.7307022499990126
22	28	-2.2708897499978775
22	28	-1.9517022500003804
22	28	-1.4523584999988088
22	28	-0.6393907500023488
22	28	-0.617828250000457
22	28	-0.4198907500031055
22	28	-0.39360950000263983
22	28	-0.3790470000021742
22	28	-0.3659532500023488
22	28	-0.28282825000133016
22	28	-0.2508594999999332
22	28	-0.23273450000124285
22	28	-0.2010157500008063
22	28	0.2826092499999504
22	28	0.6488592499990773
22	28	0.9746717499983788
22	28	1.1291092499996012
22	28	1.170827999998437
22	28	1.321327999998175
22	28	1.433984249997593
22	28	1.5160779999969236
22	28	1.5242655000001832
22	28	1.7486717499996303
22	28	1.802515499999572
22	29	-5.9877625000008265
22	29	-5.922200000000885
22	29	-5.82298124999943
22	29	-5.769449999999779
22	29	-5.700512499999604
22	29	-5.373232250003639
22	29	-5.368076000002475
22	29	-5.344763500001136
22	29	-5.328107250003086
22	29	-4.904013500003202
22	29	-4.6985447500046575
22	29	-4.457357250001223
22	29	-4.4436072500029695
22	29	-4.426982250002766
22	29	-4.413544750001165
22	29	-4.388951000004454
22	29	-3.918044750003901
22	29	-3.807044750003115
22	29	-2.7097644999994372
22	29	-2.515764499999932
22	29	-2.373577000002115
22	29	-2.265045750002173
22	29	-2.04785824999999
22	29	-1.90185824999935
22	29	-1.8897644999997283
22	29	-1.4805457500006014
22	29	-1.358170750001591
22	29	-1.35107699999935
22	29	-1.2783582500014745
22	29	-1.2232332500025223
22	29	-1.037139500000194
22	29	-0.9992645000020275
22	29	-0.9729832500015618
22	29	-0.9220457500014163
22	29	-0.42767175000335556
22	29	-0.05301550000149291
22	29	0.10310949999620789
22	29	0.1055782499970519
22	29	0.2094219999962661
22	29	0.27951574999678996
22	29	0.33410949999597506
22	29	0.35276574999807053
22	29	0.5318282499974885
22	29	0.6728594999985944
22	29	0.7234219999954803
22	29	0.829578249995393
22	29	0.8431719999971392
22	29	0.876453249995393
22	29	0.9533907499971974
22	29	1.1230157499958295
22	29	1.1323594999958004
22	29	1.2312344999954803
22	29	1.4790782499985653
22	29	1.8457969999981287
22	29	1.9823272499997984
22	29	1.9897022499972081
22	30	-5.675106749997212
22	30	-5.48716924999826
22	30	-5.127950499998406
22	30	-4.988544249998085
22	30	-4.868356749997474
22	30	-4.854856749996543
22	30	-4.730262999997649
22	30	-4.672137999998085
22	30	-4.038420249999035
22	30	-3.965920250000636
22	30	-3.8489202499986277
22	30	-3.7996390000007523
22	30	-3.433139000000665
22	30	-3.162888999999268
22	30	-3.0197327499990934
22	30	-2.9586077499989187
22	30	-2.8989827500008687
22	30	-2.8371702500007814
22	30	-2.6764202500016836
22	30	-2.193232749999879
22	30	-2.0247952499994426
22	30	-1.7420774999991409
22	30	-1.5196087499971327
22	30	-1.4449212499966961
22	30	-1.1957962499982386
22	30	-0.702921249998326
22	30	-0.6221399999994901
22	30	-0.6055149999992864
22	30	-0.13710874999742373
22	30	-0.04876499999954831
22	30	0.26101625000228523
22	30	0.32911000000240165
22	30	0.5713277499999094
22	30	0.6798902499976975
22	30	0.7129527500001132
22	30	0.7240152499980468
22	30	0.7304527499982214
22	30	1.0847964999993565
22	30	1.8706715000007534
22	31	-5.895387500000652
22	31	-5.287451000003784
22	31	-5.202919750001456
22	31	-5.194544750003843
22	31	-5.075607250004396
22	31	-4.955919750002067
22	31	-4.9184197500035225
22	31	-4.715419750002184
22	31	-4.551013500004046
22	31	-4.273294750004425
22	31	-4.150794750003115
22	31	-4.089951000001747
22	31	-4.08135725000102
22	31	-4.062763500001893
22	31	-3.8105760000034934
22	31	-3.6752947500026494
22	31	-3.321138500003144
22	31	-3.308482250002271
22	31	-3.1508572500024457
22	31	-3.0920447500029695
22	31	-2.8302645000003395
22	31	-2.702420749999874
22	31	-2.6534520000022894
22	31	-2.6088582500015036
22	31	-2.511733250001271
22	31	-2.5094207500005723
22	31	-2.46435824999935
22	31	-2.4615457500003686
22	31	-2.433202000000165
22	31	-2.3199832499994955
22	31	-2.147327000002406
22	31	-2.111983250000776
22	31	-2.067264500001329
22	31	-2.0530145000011544
22	31	-1.99048324999967
22	31	-1.9408582500000193
22	31	-1.8526082499993208
22	31	-1.7341707500017947
22	31	-1.5044207499995537
22	31	-1.273483250002755
22	31	-1.1991395000004559
22	31	-1.1548270000021148
22	31	-1.0016395000020566
22	31	-0.875139499999932
22	31	-0.7858895000026678
22	31	-0.5181394999999611
22	31	-0.4610457500020857
22	31	-0.3233280000022205
22	31	-0.31210925000414136
22	31	-0.006890500004374189
22	31	0.14951574999577133
22	31	0.17092199999751756
22	31	0.20760949999748846
22	31	0.4445469999955094
22	31	0.5812657499955094
22	31	0.6517657499971392
22	31	0.6554532499976631
22	31	0.7104844999958004
22	31	0.8941094999972847
22	31	0.9264532499983034
22	31	0.9712657499985653
22	31	1.2184844999974302
22	31	1.2273594999969646
22	31	1.4351094999983616
22	31	1.500734499997634
22	31	1.7582657499951893
22	31	1.9930469999962952
22	32	-5.820638500001223
22	32	-5.54088849999971
22	32	-5.509919750002155
22	32	-5.498951000001398
22	32	-5.404576000000816
22	32	-5.357638500001485
22	32	-5.3524197500009905
22	32	-5.184544750001805
22	32	-5.162857250001252
22	32	-5.148513500000263
22	32	-5.097294750001311
22	32	-5.088388500000292
22	32	-5.072951000001922
22	32	-4.882669750000787
22	32	-4.859326000001602
22	32	-4.845794749999186
22	32	-4.842200999999477
22	32	-4.829451000001427
22	32	-4.797794750000321
22	32	-4.429576000002271
22	32	-3.9672634999988077
22	32	-3.7134197500017763
22	32	-3.440108249997138
22	32	-2.748264499998186
22	32	-2.742233249999117
22	32	-2.636764499999117
22	32	-2.585889499998302
22	32	-2.2092957499990007
22	32	-2.2057957500001066
22	32	-2.2012332499980403
22	32	-1.8367332499983604
22	32	-1.6882332499990298
22	32	-1.4360769999984768
22	32	-1.1310144999988552
22	32	-1.0723269999980403
22	32	-1.066139499998826
22	32	-1.0127957499971671
22	32	-0.9927332499974
22	32	-0.7697655000010855
22	32	-0.11010924999936833
22	32	0.2769220000009227
22	32	0.5235470000006899
22	32	0.5257969999984198
22	32	0.6593282499998168
22	32	0.6974219999974594
22	32	0.8688594999985071
22	32	0.9042970000009518
22	32	0.9842969999990601
22	32	1.0179219999990892
22	32	1.1312032499990892
22	32	1.146203249998507
22	32	1.1530469999997877
22	32	1.2808282500009227
22	32	1.4699532499980705
22	32	1.4738282500002242
22	32	1.5555147500017483
22	32	1.835389750001923
22	33	-5.879200250001304
22	33	-5.83498150000014
22	33	-5.2767012500007695
22	33	-5.246763749997626
22	33	-4.830732499998703
22	33	-4.808138749998761
22	33	-4.747357500000362
22	33	-4.6676387500010605
22	33	-4.6257949999999255
22	33	-4.575951250000799
22	33	-4.288045000001148
22	33	-4.261357499999576
22	33	-4.011263749998761
22	33	-3.9339824999988195
22	33	-3.662420000000566
22	33	-3.1555137499999546
22	33	-3.121857499998441
22	33	-3.0037637499990524
22	33	-2.456670999999915
22	33	-2.363952250001603
22	33	-2.155702250001923
22	33	-2.1532960000004095
22	33	-2.076577250001719
22	33	-1.9012022500028252
22	33	-1.1810772500029998
22	33	-0.9633897500025341
22	33	-0.6535772500028543
22	33	-0.5867647500017483
22	33	-0.3571095000006608
22	33	-0.05204700000103912
22	33	0.03801549999843701
22	33	0.062234249999164604
22	33	0.08204675000160933
22	33	0.32682800000111456
22	33	0.45776549999936833
22	33	0.5464842500005034
22	33	0.5787029999992228
22	33	0.695296750000125
22	33	0.7019217500019295
22	33	0.783390500000678
22	33	0.8147342500014929
22	33	1.016640500001813
22	33	1.0717030000014347
22	33	1.193859250000969
22	33	1.2764842500000668
22	33	1.5750467500001832
22	33	1.6038279999993392
22	33	1.6663904999986698
22	33	1.68860924999899
22	33	1.859359250000125
22	34	-5.761013500003173
22	34	-5.506232250001631
22	34	-5.4752635000004375
22	34	-5.381451000001107
22	34	-5.252232250000816
22	34	-5.152669750001223
22	34	-5.129544750001514
22	34	-4.532451000002766
22	34	-4.390919750003377
22	34	-4.144763500000408
22	34	-3.956701000002795
22	34	-3.949513500003377
22	34	-3.851763500002562
22	34	-3.8265135000001465
22	34	-3.787013500001194
22	34	-3.7796697500016307
22	34	-3.5628270000052
22	34	-3.5423582500043267
22	34	-3.522983250004472
22	34	-3.2318895000025805
22	34	-3.179202000002988
22	34	-3.1034832500045013
22	34	-3.087327000004734
22	34	-2.8990145000025223
22	34	-2.715202000003046
22	34	-2.5528270000031625
22	34	-2.5301082500045595
22	34	-2.4682332500051416
22	34	-2.465608250004152
22	34	-2.435483250003017
22	34	-2.353545750003832
22	34	-2.3256707500040648
22	34	-2.220420750003541
22	34	-2.1459520000025805
22	34	-1.9738582500031043
22	34	-1.6608582500048215
22	34	-1.5887645000038901
22	34	-1.5361707500051125
22	34	-1.4094207500020275
22	34	-1.2881082500025514
22	34	-0.8531717500009108
22	34	-0.5669842500028608
22	34	-0.5097030000033556
22	34	-0.44323425000038696
22	34	-0.43539050000254065
22	34	-0.1685467500028608
22	34	-0.1412030000028608
22	34	0.1962032499977795
22	34	0.4227032499984489
22	34	0.6697657499971683
22	34	0.7829532499963534
22	34	0.8026094999986526
22	34	0.9146407499974885
22	34	0.9501719999971101
22	34	1.2755782499989436
22	34	1.298546999998507
22	34	1.4591397499971208
22	34	1.501514749994385
22	34	1.5540772499953164
22	34	1.565139749996888
22	35	-5.983450249997986
22	35	-5.817262749998918
22	35	-5.698200249997171
22	35	-5.663700249999238
22	35	-5.573575250000431
22	35	-4.950107499997102
22	35	-4.670763749996695
22	35	-4.660482499995851
22	35	-4.609888749997481
22	35	-4.55885749999652
22	35	-4.465169999995851
22	35	-4.393982499997946
22	35	-3.624732499996753
22	35	-3.13941999999588
22	35	-3.0419199999960256
22	35	-2.6022022500001185
22	35	-2.4335147499987215
22	35	-2.347733499998867
22	35	-1.6250459999973828
22	35	-1.2127022499989835
22	35	-1.1567647499978193
22	35	-0.9016085000002931
22	35	-0.8005772500000603
22	35	0.39151550000315183
22	35	0.45960925000326824
22	35	0.5106092500027444
22	35	1.08210925000094
22	35	1.1003280000040832
22	35	1.403359250001813
22	35	1.5700780000042869
22	35	1.78132800000094
22	36	-5.728887749999558
22	36	-5.631950249997317
22	36	-5.595262749997346
22	36	-5.367294999996375
22	36	-4.388826249996782
22	36	-4.264044999996258
22	36	-4.174544999998034
22	36	-4.154701249997743
22	36	-4.053701249995356
22	36	-3.9283262499957345
22	36	-3.8949199999951816
22	36	-3.574544999995851
22	36	-3.5485137499963457
22	36	-3.3503887499973644
22	36	-3.2527637499952107
22	36	-2.7332647500006715
22	36	-2.5570459999980812
22	36	-2.365014749997499
22	36	-2.071920999998838
22	36	-1.9704834999974992
22	36	-1.9649522500003513
22	36	-1.377733499997703
22	36	-1.3393584999976156
22	36	-1.3221709999997984
22	36	-1.2705459999997402
22	36	-1.2579210000003513
22	36	-1.2304210000002058
22	36	-1.1821084999974119
22	36	-1.1579834999974992
22	36	-1.1078272499980812
22	36	-0.9160772499999439
22	36	-0.8995772499984014
22	36	-0.5922959999988961
22	36	-0.5828897499995946
22	36	-0.5155772500002058
22	36	-0.45473349999883794
22	36	-0.36057824999807053
22	36	0.014296750003268244
22	36	0.1318905000043742
22	36	0.23642175000350107
22	36	0.3007342500022787
22	36	0.6751405000031809
22	36	0.7652342500041414
22	36	1.5969530000038503
22	36	1.6331405000019004
22	36	1.8490155000035884
22	36	1.9096092500039958
22	36	1.9889217500021914
22	37	-5.841887999999017
22	37	-5.727512999997998
22	37	-5.168857749999006
22	37	-5.082232749999093
22	37	-4.921763999998802
22	37	-4.8278264999971725
22	37	-4.689732749997347
22	37	-4.564701499999501
22	37	-4.452951499999472
22	37	-4.256295249997493
22	37	-4.11626399999659
22	37	-4.042013999998744
22	37	-3.968482749998657
22	37	-3.908170249997056
22	37	-3.896545249997871
22	37	-3.854607749999559
22	37	-3.3452952499974344
22	37	-3.3223889999972016
22	37	-3.136170249996212
22	37	-3.0876077499997336
22	37	-2.6963900000009744
22	37	-2.632296250001673
22	37	-2.2440150000002177
22	37	-1.664264999999432
22	37	-1.1652649999996356
22	37	-0.8838900000009744
22	37	-0.8722024999988207
22	37	-0.8594525000007707
22	37	-0.8572024999994028
22	37	-0.8227962499986461
22	37	-0.7947649999987334
22	37	-0.6240462499990826
22	37	-0.5300150000002759
22	37	-0.506796249999752
22	37	-0.5052337499982968
22	37	-0.24401599999691825
22	37	-0.20645349999904283
22	37	-0.134203499997966
22	37	0.48792150000008405
22	37	0.5162340000024415
22	37	0.7970777500013355
22	37	1.023390250000375
22	37	1.0764840000010736
22	37	1.2047652500004915
22	37	1.2352340000034019
22	37	1.412265250000928
22	37	1.440109000002849
22	38	-5.964137499999197
22	38	-5.908262500001001
22	38	-5.83495000000039
22	38	-5.714762499999779
22	38	-5.378512499999488
22	38	-5.29441874999975
22	38	-5.181513499996072
22	38	-4.954263499996159
22	38	-4.777982249997876
22	38	-4.509232249998604
22	38	-3.973857249999128
22	38	-3.896450999996887
22	38	-3.607419749998371
22	38	-3.5292322499990405
22	38	-3.204232249998313
22	38	-2.966888499999186
22	38	-2.7662009999985457
22	38	-2.2415770000006887
22	38	-1.9650145000014163
22	38	-1.8980144999986805
22	38	-1.8810144999988552
22	38	-1.490170749999379
22	38	-1.3977332499998738
22	38	-1.3493894999992335
22	38	-1.0981707499995537
22	38	-0.8557645000000775
22	38	-0.7589207499986514
22	38	-0.7170144999981858
22	38	-0.5592644999996992
22	38	0.5873282500033383
22	38	0.6862970000001951
22	38	1.061703250001301
22	38	1.1134845000015048
22	38	1.2469532500035712
22	38	1.3034845000001951
22	38	1.7686720000019704
22	38	1.8357657500018831
22	38	1.9140157500005444
22	38	1.954172000001563
22	39	-5.827856250001787
22	39	-5.215169749997585
22	39	-4.987325999998575
22	39	-4.606450999999652
22	39	-4.476482250000117
22	39	-4.41832599999907
22	39	-4.412825999999768
22	39	-3.7347947499984
22	39	-3.687607249998109
22	39	-3.2091384999985166
22	39	-3.19470100000035
22	39	-3.014263499997469
22	39	-3.005857249998371
22	39	-2.9473885000006703
22	39	-2.876513499999419
22	39	-2.7387957499995537
22	39	-2.699983250000514
22	39	-2.6544832500003395
22	39	-2.6187332500012417
22	39	-2.5782332500020857
22	39	-2.3111707500029297
22	39	-2.2953582500013
22	39	-2.2826707500025805
22	39	-2.2508269999998447
22	39	-2.2400145000028715
22	39	-2.224139500001911
22	39	-1.7878270000001066
22	39	-1.77460825000162
22	39	-1.5865145000025223
22	39	-1.574358249999932
22	39	-1.539827000000514
22	39	-1.3740457500025514
22	39	-1.3358895000019402
22	39	-1.2551395000009506
22	39	-0.9252957500029879
22	39	-0.7322957500000484
22	39	-0.34732699999949546
22	39	-0.33651450000252225
22	39	-0.2253592499982915
22	39	0.3207345000009809
22	39	0.5321407500014175
22	39	1.6057345000008354
22	39	1.6723595000003115
22	39	1.6846095000000787
22	39	1.935265750002145
22	39	1.957672000000457
22	40	-5.708075250000547
22	40	-5.633293999999296
22	40	-5.615950250001333
22	40	-5.441294000000198
22	40	-5.382918999999674
22	40	-5.374387750001915
22	40	-5.3337002500011295
22	40	-5.318200249999791
22	40	-4.784793999999238
22	40	-4.5422627500011
22	40	-4.507450249999238
22	40	-4.437668999999005
22	40	-4.312606499999674
22	40	-3.910576250000304
22	40	-3.6013262499982375
22	40	-3.5049199999994016
22	40	-2.7461699999985285
22	40	-2.5570449999977427
22	40	-2.4914199999984703
22	40	-2.3403262499996345
22	40	-2.1459512500005076
22	40	-1.947607499998412
22	40	-1.9223887499974808
22	40	-1.8212324999985867
22	40	-1.8140449999991688
22	40	-1.7230137499973353
22	40	-1.556763749998936
22	40	-1.226014750001923
22	40	-0.9257647500016901
22	40	-0.7989835000007588
22	40	-0.765795999999682
22	40	-0.4709522500015737
22	40	-0.28288975000032224
22	40	0.2298914999992121
22	40	0.41479774999970687
22	40	0.7054852500004927
22	40	0.865672749998339
22	40	0.997047749999183
22	40	1.0504842500013183
22	40	1.2581717499997467
22	40	1.2873592500000086
22	40	1.3127342500010855
22	40	1.4954842500010272
22	40	1.5278905000013765
22	40	1.5805467499994847
22	40	1.6458904999999504
22	40	1.7948592499997176
22	40	1.8294842499999504
22	40	1.9444530000000668
22	41	-5.8486372500046855
22	41	-5.8052622500035795
22	41	-5.779981000003318
22	41	-5.579450750003161
22	41	-5.5324820000023465
22	41	-5.205232000000251
22	41	-4.625857000002725
22	41	-3.888232000001153
22	41	-3.1722632500022883
22	41	-2.712045500004024
22	41	-2.705295500003558
22	41	-2.6763267500027723
22	41	-2.499576750004053
22	41	-2.238920500003587
22	41	-2.182451750002656
22	41	-2.1392642500031798
22	41	-2.1338892500025395
22	41	-2.130951750004897
22	41	-1.9052642500028014
22	41	-1.3443267500042566
22	41	-1.2562017500058573
22	41	-1.1911392500041984
22	41	-1.023858000004111
22	41	-0.5828902500034019
22	41	-0.5411090000015975
22	41	-0.5360777500027325
22	41	0.01364099999773316
22	41	0.02032849999886821
22	41	0.24395349999758764
22	41	0.3271722499994212
22	41	0.712640999998257
22	41	0.7617347499981406
22	41	1.2155472499980533
22	41	1.3205159999961325
22	41	1.8260784999984025
22	42	-5.986107250002533
22	42	-5.80035725000198
22	42	-5.508544750002329
22	42	-5.265544750000117
22	42	-5.252138500000001
22	42	-5.214013500000874
22	42	-5.184701000001951
22	42	-4.604732250001689
22	42	-4.19276450000325
22	42	-4.059577000003628
22	42	-3.7520457500031625
22	42	-3.446889500002726
22	42	-3.209639500004414
22	42	-3.071577000002435
22	42	-2.867639500003861
22	42	-2.6200457500017365
22	42	-2.5185770000025514
22	42	-2.3387957500017365
22	42	-2.253108250002697
22	42	-2.2447332500014454
22	42	-2.221983250001358
22	42	-1.8559520000017073
22	42	-1.8540145000042685
22	42	-1.7963582500015036
22	42	-1.7103905000003579
22	42	-1.6555467500002123
22	42	-1.2428592500000377
22	42	-1.1497030000027735
22	42	-1.0560780000014347
22	42	-0.9899530000002414
22	42	-0.8759217500009981
22	42	-0.6663905000023078
22	42	-0.634953000000678
22	42	-0.5976717500016093
22	42	-0.43842175000099814
22	42	-0.15639050000027055
22	42	-0.1458280000006198
22	42	-0.1413592500030063
22	42	0.41614074999961304
22	42	0.5159844999980123
22	42	0.817921000001661
22	42	0.8466709999993327
22	42	1.1736710000004678
22	42	1.3941397500020685
22	42	1.4807022499990126
22	42	1.5254522499999439
22	42	1.7074522500006424
22	43	-5.7921690000002855
22	43	-5.7882627500002855
22	43	-5.763919000000897
22	43	-5.350200249999034
22	43	-5.329106499997579
22	43	-5.303856499998801
22	43	-5.192825250000169
22	43	-4.861701249996258
22	43	-4.849638749998121
22	43	-4.207263749998674
22	43	-4.144419999996899
22	43	-4.130669999998645
22	43	-3.8282012499985285
22	43	-3.796919999997044
22	43	-3.4497012499959965
22	43	-3.3271699999968405
22	43	-3.3247949999968114
22	43	-3.3100137499968696
22	43	-3.133138749995851
22	43	-2.2045772499986924
22	43	-1.462858499999129
22	43	-0.5572647500011954
22	43	-0.5288897499995073
22	43	-0.020734499998070532
22	43	-0.018671999998332467
22	43	0.03220300000248244
22	43	0.059421750003821217
22	43	0.11685925000347197
22	43	0.16045300000041607
22	43	0.19160925000323914
22	43	0.19785925000178395
22	43	0.4200467500013474
22	43	0.719453000001522
22	43	0.8398592500016093
22	43	1.0180155000016384
22	43	1.1103592500039667
22	43	1.4316405000026862
22	43	1.483640500002366
22	43	1.7202967500015802
22	43	1.921765500002948
22	44	-5.973449750003056
22	44	-5.849074750003638
22	44	-5.579699750003783
22	44	-5.4772310000043944
22	44	-4.914388250002958
22	44	-4.8250445000012405
22	44	-4.265200750003714
22	44	-4.236513250001735
22	44	-4.201232000003074
22	44	-4.144857000002958
22	44	-4.133294500003103
22	44	-3.679450750001706
22	44	-3.5748570000032487
22	44	-3.4637007500023174
22	44	-3.390263250003045
22	44	-3.3825132500023756
22	44	-3.3504195000023174
22	44	-3.088044500003889
22	44	-3.0692632500031323
22	44	-2.860575750000862
22	44	-2.8221382500014442
22	44	-2.7878892500048096
22	44	-2.4079205000052752
22	44	-2.3036080000056245
22	44	-2.2466392500027723
22	44	-1.9381705000050715
22	44	-1.6918892500034417
22	44	-1.631983000002947
22	44	-1.599295500003791
22	44	-1.0979830000032962
22	44	-1.0827017500050715
22	44	-1.0698892500040529
22	44	-0.9051080000026559
22	44	-0.8005455000056827
22	44	-0.6907017500052461
22	44	-0.13948400000299443
22	44	-0.08807775000241236
22	44	-0.07885900000110269
22	44	0.0010472499961906578
22	44	0.35735974999624887
22	44	0.5201097499957541
22	44	0.6063909999975294
22	44	0.6798284999968018
22	44	0.7390159999958996
22	44	0.9100472499958414
22	44	0.9897659999987809
22	44	1.046109749997413
22	44	1.0717659999972966
22	44	1.124734749995696
22	44	1.4046409999973548
22	44	1.5857034999971802
22	44	1.9912659999972675
22	45	-5.847356499998568
22	45	-5.4479512499965494
22	45	-5.180544999999256
22	45	-4.75020124999719
22	45	-4.165138749998732
22	45	-3.569638749999285
22	45	-3.5433574999988195
22	45	-3.474826249996113
22	45	-3.375326249999489
22	45	-3.3712949999971897
22	45	-2.977045999996335
22	45	-2.743514749996393
22	45	-2.58485849999488
22	45	-1.945170999995753
22	45	-1.897170999996888
22	45	-1.8430459999945015
22	45	-1.2817959999956656
22	45	-1.06698349999715
22	45	-0.4923907499978668
22	45	-0.29026574999807053
22	45	-0.18648449999818695
22	45	0.10482800000318093
22	45	0.17935925000347197
22	45	0.24101550000341376
22	45	0.3677030000035302
22	45	0.7579530000002705
22	45	0.7782030000016675
22	45	0.8004217500019877
22	45	1.1722967500027153
22	45	1.43245300000126
22	45	1.437171750003472
22	45	1.4487030000018422
22	46	-5.971107000001211
22	46	-5.769450750001852
22	46	-5.654888249999203
22	46	-4.885731999998825
22	46	-4.767138250001153
22	46	-4.741638250001415
22	46	-4.735419500000717
22	46	-4.717982000001939
22	46	-4.655919500000891
22	46	-4.634513249999145
22	46	-4.1836392499972135
22	46	-4.085920499997883
22	46	-3.8840767500005313
22	46	-3.8722642499997164
22	46	-3.8180767499979993
22	46	-3.691701749998174
22	46	-3.6394204999996873
22	46	-3.2251704999980575
22	46	-2.835545499998261
22	46	-2.6990767499992216
22	46	-2.349201749999338
22	46	-2.3151392500003567
22	46	-1.7637340000001132
22	46	-1.34770275000119
22	46	-1.1697339999991527
22	46	-0.7150777499991818
22	46	-0.6620465000014519
22	46	-0.28270275000249967
22	46	-0.2584527500002878
22	46	-0.23320275000151014
22	46	-0.11842149999938556
22	46	0.46585974999834434
22	46	0.7515149999999267
22	46	0.7988900000018475
22	46	0.9559525000004214
22	46	1.2805775000015274
22	46	1.2969212499992864
22	46	1.412733749999461
22	46	1.5376712500001304
22	46	1.5773587500007125
22	47	-5.996012750001682
22	47	-5.700857499999984
22	47	-5.6730762499973935
22	47	-5.485982499998499
22	47	-5.358169999999518
22	47	-5.215607499998441
22	47	-5.196169999999256
22	47	-4.569888750000246
22	47	-4.333263749998878
22	47	-4.150857500000711
22	47	-4.026920000000246
22	47	-3.5578574999999546
22	47	-3.4867324999977427
22	47	-3.459826250000333
22	47	-3.4056397500025923
22	47	-2.9358897500023886
22	47	-2.726733499999682
22	47	-1.9158272500026214
22	47	-1.9033897500012245
22	47	-1.8943272500000603
22	47	-1.8689522500026214
22	47	-1.716358500001661
22	47	-1.5933897499999148
22	47	-1.5888272500014864
22	47	-1.4232335000015155
22	47	-0.9904835000015737
22	47	-0.5154220000003988
22	47	-0.49298450000060257
22	47	-0.3705469999986235
22	47	-0.2283595000008063
22	47	-0.15470324999841978
22	47	-0.09539075000066077
22	47	0.5296717500023078
22	47	1.1820155000023078
22	47	1.2662029999992228
22	47	1.3700779999999213
22	47	1.3753280000019004
22	47	1.4748592500000086
22	47	1.9481707499980985
22	48	-5.959200500001316
22	48	-5.941794250000385
22	48	-5.654888000000938
22	48	-5.6273255000014615
22	48	-5.57060674999957
22	48	-5.474888000000647
22	48	-5.344388000001345
22	48	-5.22466925000117
22	48	-4.845419249999395
22	48	-4.7661067500011995
22	48	-4.751856750001025
22	48	-4.7174817500017525
22	48	-4.217044249999162
22	48	-3.8377317500016943
22	48	-3.782919249999395
22	48	-3.4708265000008396
22	48	-3.3247014999979
22	48	-3.3220765000005485
22	48	-2.8065764999992098
22	48	-2.7769202499985113
22	48	-2.7246390000000247
22	48	-2.611482749998686
22	48	-1.9160452500000247
22	48	-1.9131702499980747
22	48	-1.7366702500003157
22	48	-1.7281077499974344
22	48	-1.6885452499991516
22	48	-1.4537639999980456
22	48	-1.3877639999991516
22	48	-1.3123264999994717
22	48	-1.1282014999997045
22	48	-0.9722962500018184
22	48	-0.9650462499994319
22	48	-0.9011400000017602
22	48	0.15142249999917112
22	48	0.17648499999995693
22	48	0.4346724999995786
22	48	0.4841412499990838
22	48	0.5544224999975995
22	48	0.923609999998007
22	48	1.0462037500001315
22	48	1.1221724999995786
22	48	1.1591724999998405
22	48	1.5597027500007243
22	48	1.7102027500004624
22	48	1.7349839999988035
22	49	-5.753888500003086
22	49	-5.4674510000004375
22	49	-5.347326000002795
22	49	-5.285450999999739
22	49	-5.240669750000961
22	49	-4.988451000001078
22	49	-4.83916975000102
22	49	-4.561138500001107
22	49	-3.9619822500026203
22	49	-3.9576072500021837
22	49	-3.769419750002271
22	49	-3.722857250002562
22	49	-3.68316975000198
22	49	-3.3784520000008342
22	49	-3.0756394999989425
22	49	-3.061701999999059
22	49	-3.012264500001038
22	49	-3.007045750000543
22	49	-2.8935144999995828
22	49	-2.4885770000000775
22	49	-2.3827957499997865
22	49	-2.3264520000011544
22	49	-2.197826999999961
22	49	-2.1484207499997865
22	49	-2.0546707499997865
22	49	-1.9937019999997574
22	49	-1.921202000001358
22	49	-1.60498324999935
22	49	-1.6015770000012708
22	49	-1.4215770000009798
22	49	-1.4159207499978947
22	49	-1.3979207499978656
22	49	-1.2236707499978365
22	49	-0.9446405000016966
22	49	-0.9077030000007653
22	49	-0.7589530000004743
22	49	-0.6872030000013183
22	49	-0.6797030000016093
22	49	-0.45326550000027055
22	49	-0.30251550000321004
22	49	-0.012421750001522014
22	49	0.17695324999658624
22	49	0.3688907499999914
22	49	0.6139532499983034
22	49	0.7235469999977795
22	49	0.758859499997925
22	49	0.8238594999966153
22	49	0.9658282499985944
22	49	1.0777657499966153
22	49	1.8050460000013118
22	49	1.988452249999682
23	1	-5.170170250003139
23	1	-4.904982750002091
23	1	-4.248732750002091
23	1	-4.167451500001334
23	1	-4.129857750001975
23	1	-4.118982750002033
23	1	-3.0867952500011597
23	1	-3.0819202500024403
23	1	-2.7181087499993737
23	1	-2.6999212500013527
23	1	-2.5609212499985006
23	1	-2.236858749998646
23	1	-2.166452500001469
23	1	-2.1367962500007707
23	1	-1.9456712499995774
23	1	-1.8418587499982095
23	1	-1.5189524999987043
23	1	-1.1402649999981804
23	1	-0.6268275000002177
23	1	-0.5891400000000431
23	1	-0.5527337499988789
23	1	-0.32389100000364124
23	1	0.4436402499995893
23	1	0.5534839999963879
23	1	0.8550152499992691
23	1	0.9500777499997639
23	1	0.9793277499993565
23	1	1.0064527499962423
23	1	1.0946714999990945
23	1	1.8641714999976102
23	2	-4.879982000002201
23	2	-4.067356999999902
23	2	-4.033982000000833
23	2	-3.50179449999996
23	2	-3.174857999998494
23	2	-3.097982999999658
23	2	-3.070389249998698
23	2	-2.8862642499989306
23	2	-2.490045499998814
23	2	-1.1647329999977956
23	2	-0.19514025000171387
23	2	0.2523909999981697
23	2	0.5995472499998868
23	2	0.7643909999969765
23	2	1.0040159999989555
23	2	1.6351722500003234
23	2	1.867389999999432
23	3	-5.706825999997818
23	3	-5.347669750000932
23	3	-5.144825999999739
23	3	-5.1180447500009905
23	3	-4.976857249999739
23	3	-4.769794749998255
23	3	-4.752107249998517
23	3	-4.561075999998138
23	3	-4.189013499999419
23	3	-2.1163269999960903
23	3	-1.6305144999969343
23	3	-0.9463269999978365
23	3	-0.0808592499961378
23	4	-5.498544749996654
23	4	-5.381950999995752
23	4	-5.103294749995257
23	4	-4.931919749997178
23	4	-4.550169749996712
23	4	-4.4315759999954025
23	4	-2.3762957499966433
23	4	-1.252389499997662
23	4	-1.1363592499983497
23	4	0.256703250004648
23	4	0.28045325000493904
23	4	0.3576407500040659
23	4	0.3863907500017376
23	4	0.6722345000016503
23	4	0.8541407500051719
23	4	1.3130782500047644
23	4	1.3481710000014573
23	4	1.3578272500017192
23	4	1.3745460000027379
23	5	-5.853763249997428
23	5	-5.504700749999756
23	5	-4.559731999997894
23	5	-4.016794499999378
23	5	-3.5820767500008515
23	5	-2.608139250001841
23	5	-2.068451750001259
23	5	-1.985389249999571
23	5	-1.092671499998687
23	5	-1.0592964999996184
23	5	0.40120350000142935
23	6	-5.573075750002317
23	6	-5.3672945000034815
23	6	-5.2867007500026375
23	6	-5.093794500000513
23	6	-4.985888250001153
23	6	-4.656982000000426
23	6	-4.371888250003394
23	6	-3.6216392499991343
23	6	-2.6174517500003276
23	6	-2.2547955000009097
23	6	-2.178951750000124
23	6	-1.6707017500011716
23	6	-1.0242965000034019
23	6	-0.5127027500020631
23	6	-0.49039025000092806
23	6	0.134203499997966
23	6	0.15835974999936298
23	6	0.48782849999770406
23	6	1.3596712500002468
23	6	1.5623899999991409
23	7	-5.417950250001013
23	7	-4.5644814999977825
23	7	-4.546575249998568
23	7	-2.808294999998907
23	7	-2.7535449999959383
23	7	-2.6652949999988778
23	7	-2.3844199999984994
23	7	-2.0108574999976554
23	7	-1.504138749998674
23	7	0.31536024999877554
23	7	0.7995164999992994
23	7	0.8141102500012494
23	7	1.0162977500003763
23	7	1.151296750002075
23	7	1.5154842500014638
23	8	-5.623418999999558
23	8	-5.612200250001479
23	8	-5.549419000002672
23	8	-5.312419000001682
23	8	-5.264075250001042
23	8	-5.172762750000402
23	8	-4.70229499999914
23	8	-4.629419999997481
23	8	-3.624294999997801
23	8	-3.512982500000362
23	8	-3.3685762499990233
23	8	-3.239732499998354
23	8	-2.7960137499976554
23	8	-2.751169999999547
23	8	-2.0556085000025632
23	8	-1.9561397500001476
23	8	-1.933452250003029
23	8	-1.2742647500017483
23	8	-1.0169522500000312
23	8	-0.909514750001108
23	8	-0.5273897500010207
23	8	-0.5210772499995073
23	8	0.3843592500015802
23	8	0.4061092500014638
23	8	0.7251404999988154
23	8	1.3007030000007944
23	8	1.512015500000416
23	8	1.8237342499996885
23	9	-5.777668499998981
23	9	-5.3694507500003965
23	9	-5.154982000000018
23	9	-4.500482000003103
23	9	-4.479950750002899
23	9	-4.025075750003452
23	9	-3.675638250002521
23	9	-3.432419500000833
23	9	-3.2243257500012987
23	9	-2.9451704999992216
23	9	-2.9000454999986687
23	9	-2.710732999999891
23	9	-2.6733892500014917
23	9	-1.8827955000015208
23	9	-1.8426392500005022
23	9	-1.1877955000018119
23	9	-0.1704215000027034
23	9	-0.07329650000247057
23	9	0.016297249996569008
23	9	0.7282347499967727
23	9	0.801140999996278
23	9	0.9158597499990719
23	10	-5.3421072500023
23	10	-5.23048225000457
23	10	-4.979638500004512
23	10	-4.346388500001922
23	10	-4.13257600000361
23	10	-4.106388500003959
23	10	-3.742233250002755
23	10	-3.5512957499995537
23	10	-2.100889500001358
23	10	-1.147796750003181
23	10	-0.7924842500033265
23	10	-0.4716717500014056
23	10	0.6830469999986235
23	10	0.8800782499965862
23	10	1.096859499997663
23	11	-5.553450250004971
23	11	-5.298544000004767
23	11	-5.282169000001886
23	11	-5.237137750002148
23	11	-5.064106500001799
23	11	-4.794294000002992
23	11	-4.687075250003545
23	11	-3.888201250003476
23	11	-3.4970137500022247
23	11	-2.732857500002865
23	11	-2.550795000002836
23	11	-2.496826250000595
23	11	-1.7128897500006133
23	11	-1.4228897499997402
23	11	-1.0607334999986051
23	11	-1.0214210000012827
23	11	-0.6251085000003513
23	11	-0.0920460000015737
23	11	0.01904775000002701
23	11	0.29270399999950314
23	11	0.360328999999183
23	11	0.6428279999963706
23	11	0.6603904999974475
23	11	0.827484249999543
23	11	1.1830154999988736
23	12	-4.866512749998947
23	12	-4.215326250003272
23	12	-3.573951250000391
23	12	-1.8971085000011954
23	12	-1.829420999998547
23	12	-0.7655459999987215
23	12	-0.7336084999988088
23	12	-0.715327249999973
23	12	-0.5812335000009625
23	12	0.18501649999961955
23	12	0.8057654999975057
23	12	1.1170779999993101
23	12	1.6224217499984661
23	13	-5.9096375000008265
23	13	-5.883262499999546
23	13	-5.065951000004134
23	13	-4.3811697500023
23	13	-3.894201000002795
23	13	-3.8211697500046284
23	13	-3.2601072500037844
23	13	-3.1880447500043374
23	13	-2.0504832500009798
23	13	-1.8380145000010089
23	13	-1.8120770000023185
23	13	-0.9776395000008051
23	13	-0.8484520000019984
23	13	-0.7184520000009798
23	13	-0.5263269999995828
23	13	-0.46773324999958277
23	13	-0.3061405000044033
23	13	-0.15801550000469433
23	13	-0.14926550000382122
23	13	1.296796999995422
23	13	1.4016094999969937
23	13	1.6519844999966153
23	13	1.791953249998187
23	14	-5.901919500000076
23	14	-5.312731999998505
23	14	-4.410231999998359
23	14	-4.380106999997224
23	14	-3.835982000000513
23	14	-3.787356999997428
23	14	-2.4362954999996873
23	14	-2.170014250001259
23	14	-2.1302017500020156
23	14	-2.0463579999996
23	14	-2.0385767500010843
23	14	-1.8127642500003276
23	14	-1.696233000002394
23	14	-1.641545500002394
23	14	-0.5877652499984833
23	14	-0.40042149999862886
23	14	-0.347702749997552
23	14	-0.21939025000028778
23	14	-0.10010899999906542
23	14	0.08692225000049802
23	14	0.2523597500003234
23	14	0.5632972500025062
23	14	0.713672249999945
23	14	0.7826722499994503
23	14	0.8626722500011965
23	14	0.8777972499992757
23	14	1.2414535000025353
23	14	1.8997337500004505
23	15	-5.999638249995769
23	15	-5.754263249997166
23	15	-5.663513249997777
23	15	-5.4675132499978645
23	15	-5.121106999999029
23	15	-4.961794499999087
23	15	-4.153606999996555
23	15	-4.076106999997137
23	15	-3.7866694999975152
23	15	-3.6814194999969914
23	15	-3.6749819999968167
23	15	-1.6013267499984067
23	15	-0.927577749996999
23	15	0.285422250002739
23	15	0.8188910000026226
23	15	0.9103597500034084
23	15	1.249234750001051
23	15	1.507921249998617
23	15	1.5509212500001013
23	16	-5.094357000001764
23	16	-4.832732000002579
23	16	-4.744825750000018
23	16	-4.66482575000191
23	16	-4.0748892500050715
23	16	-3.6587642500053335
23	16	-3.655920500004868
23	16	-3.644233000002714
23	16	-3.3482330000042566
23	16	-3.189639250002074
23	16	-2.7885767500047223
23	16	-2.5492017500037036
23	16	-2.041514250002365
23	16	-2.0331392500047514
23	16	-1.9493277500005206
23	16	-1.5482340000016848
23	16	-1.4073902500022086
23	16	-1.3438277500026743
23	16	-1.269671500002005
23	16	-1.133265250002296
23	16	-0.8085152500025288
23	16	-0.5807027500013646
23	16	0.10107849999621976
23	16	0.43154724999840255
23	16	1.0661712500004796
23	16	1.767796249998355
23	17	-5.608512750000955
23	17	-5.075638750000508
23	17	-4.6502637499979755
23	17	-4.354794999999285
23	17	-4.271419999997306
23	17	-4.053420000000187
23	17	-3.7457637499974226
23	17	-3.0911387499982084
23	17	-2.0415772500018647
23	17	-1.9523272500009625
23	17	-1.7229522500019812
23	17	-1.3736085000018647
23	17	-1.1440147499997693
23	17	-0.9084210000000894
23	17	-0.8965459999999439
23	17	-0.33132725000177743
23	17	0.2748280000014347
23	17	0.4122342500013474
23	17	0.4903279999998631
23	17	0.8454842499995721
23	17	1.0536092500005907
23	17	1.3277655000019877
23	17	1.3807030000025406
23	17	1.6089217500011728
23	17	1.7839842499997758
23	17	1.9410467500019877
23	18	-5.696200999998837
23	18	-5.678544749996945
23	18	-4.859294749996479
23	18	-4.609638499998255
23	18	-2.9331707499986805
23	18	-2.663358249999874
23	18	-2.6449207500008924
23	18	-2.614733250000427
23	18	-2.3229519999986223
23	18	-2.0303270000003977
23	18	-1.7276395000008051
23	18	-1.6553894999997283
23	18	-1.5189207500006887
23	18	-1.4054207499975746
23	18	-1.1318582499989134
23	18	-0.900733250000485
23	18	0.5678282500011846
23	18	1.5086407500020869
23	19	-5.556512750001275
23	19	-5.0520440000000235
23	19	-2.860138750002079
23	19	-2.5496075000010023
23	19	-2.2412637500019628
23	19	-1.6172012500028359
23	19	-0.6811397500023304
23	19	-0.4600772500016319
23	19	-0.1310147500007588
23	19	0.5470165000006091
23	19	0.7999227500004054
23	19	1.1095779999996012
23	19	1.7234842500001832
23	19	1.7433280000004743
23	20	-5.455418999998074
23	20	-4.42195024999819
23	20	-4.416856499999994
23	20	-4.264419999999518
23	20	-3.593044999997801
23	20	-3.366482499997801
23	20	-2.7082324999973935
23	20	-2.3639824999991106
23	20	-1.4471709999997984
23	20	-1.04026475000137
23	20	0.8853905000032682
23	21	-5.978168749999895
23	21	-5.054544749997149
23	21	-2.991389499999059
23	21	-1.9982645000018238
23	21	-1.2463895000000775
23	21	-0.9124842499986698
23	21	-0.8991092500000377
23	21	-0.5861092499981169
23	21	-0.5161092499984079
23	21	-0.26567174999945564
23	21	0.4908595000015339
23	21	0.589140750002116
23	21	1.1039845000013884
23	21	1.31139075000101
23	21	1.4947657500015339
23	21	1.6201084999993327
23	21	1.8596397500004969
23	22	-5.997232000001532
23	22	-5.799513250000018
23	22	-5.727669500000047
23	22	-4.939419499998621
23	22	-4.676013250002143
23	22	-4.42488824999964
23	22	-4.298700750001444
23	22	-3.176701749998756
23	22	-2.3262017499982903
23	22	-2.127139249998436
23	22	-2.0027329999975336
23	22	-1.9174517499996
23	22	-1.6225454999985232
23	22	-1.018858999999793
23	22	-0.5640777500011609
23	22	0.17376599999988684
23	22	1.178828500000236
23	22	1.2168910000000324
23	22	1.2871097499992175
23	22	1.3198909999991884
23	22	1.7267025000001013
23	22	1.8369525000016438
23	23	-5.360700750003161
23	23	-4.9219820000034815
23	23	-4.007639250001375
23	23	-3.6691705000012007
23	23	-3.506170500000735
23	23	-3.4298267500016664
23	23	-3.4145142500019574
23	23	-2.290108000001055
23	23	-1.7911705000005895
23	23	-1.4473277500037511
23	23	-1.068202750000637
23	23	-0.9566402500022377
23	23	-0.2972027500036347
23	23	0.1241097499987518
23	23	0.25635974999750033
23	23	1.3380150000011781
23	24	-5.932356749999599
23	24	-5.695762999999715
23	24	-5.393575499998406
23	24	-4.191232749995834
23	24	-4.049201499998162
23	24	-3.533138999995572
23	24	-3.5173577499990643
23	24	-3.392857749997347
23	24	-3.2496077499963576
23	24	-3.0429827499974635
23	24	-2.607388999997056
23	24	-2.0771399999975984
23	24	-1.7789212499992573
23	24	-1.5230774999981804
23	24	-1.3544212499982677
23	24	-1.074233749997802
23	24	-0.3870150000002468
23	24	-0.29445249999844236
23	24	0.23332775000380934
23	24	0.44335900000078254
23	24	0.7793277500022668
23	24	0.8702652500032855
23	24	1.4973277500030235
23	25	-5.485293499998079
23	25	-4.784575749999931
23	25	-4.768544499998825
23	25	-4.319763250001415
23	25	-3.986294500002259
23	25	-3.782513250000193
23	25	-3.1091694999995525
23	25	-2.6263579999977082
23	25	-2.276951749998261
23	25	-1.7382017499985523
23	25	-1.6310454999984358
23	25	-1.4321705000002112
23	25	-0.8398579999993672
23	25	0.5388910000001488
23	26	-5.236169750001864
23	26	-5.143794750001689
23	26	-5.114919750001718
23	26	-4.257513500000641
23	26	-3.868732250000903
23	26	-3.80407600000035
23	26	-3.7525134999996226
23	26	-3.5444510000015725
23	26	-3.3257947499987495
23	26	-3.2359822500002338
23	26	-2.2722020000001066
23	26	-2.2160457499994664
23	26	-2.192170749996876
23	26	-2.0418269999972836
23	26	-1.803170749997662
23	26	-1.6764207499982149
23	26	-1.3227332499991462
23	26	-1.2467332499982149
23	26	-0.5627332499971089
23	26	-0.5452957499983313
23	26	1.6683594999994966
23	26	1.779828250000719
23	26	1.906578250000166
23	26	1.9274844999999914
23	27	-5.496356500003458
23	27	-4.581232500004262
23	27	-3.8600762500027486
23	27	-3.637888750003185
23	27	-3.5197325000044657
23	27	-3.459920000004786
23	27	-3.4232012500033306
23	27	-3.400201250002283
23	27	-3.3538262500042038
23	27	-2.1626397500003804
23	27	-2.1524835000018356
23	27	-2.0790460000025632
23	27	-1.910233500002505
23	27	-1.7218897500024468
23	27	-1.6835147500023595
23	27	-1.6404210000000603
23	27	0.7581404999982624
23	27	1.1877342499974475
23	28	-5.045826249999664
23	28	-4.797170000001643
23	28	-4.774045000001934
23	28	-4.139951249999285
23	28	-3.8522637500027486
23	28	-3.844482500000595
23	28	-3.3856387500018172
23	28	-3.0102022499995655
23	28	-1.7946397499981686
23	28	-1.5267647500004387
23	28	-0.6305470000006608
23	28	-0.6071407500021451
23	28	-0.4128907500016794
23	28	-0.18417200000112643
23	28	-0.09710950000226148
23	28	0.20142175000000861
23	28	0.5998279999985243
23	28	0.7539217499979713
23	28	1.3877967499975057
23	28	1.812984249998408
23	29	-5.877293749999808
23	29	-5.8637000000017
23	29	-5.5932312500008265
23	29	-5.388232250003057
23	29	-5.330888500004221
23	29	-5.272982250004134
23	29	-4.866701000002649
23	29	-4.254919750001136
23	29	-4.227669750001951
23	29	-3.6082010000027367
23	29	-3.1864197500035516
23	29	-2.7444520000026387
23	29	-2.3465145000009215
23	29	-1.972077000002173
23	29	-1.3742645000020275
23	29	-0.8488895000009506
23	29	0.12229699999807053
23	29	0.2619219999978668
23	29	0.9486719999986235
23	29	1.3531094999962079
23	29	1.376046999997925
23	30	-5.32451299999957
23	30	-5.240575499996339
23	30	-5.23185674999695
23	30	-5.09404424999957
23	30	-4.646262999998726
23	30	-4.537137999999686
23	30	-4.523012999998173
23	30	-4.238982750001014
23	30	-4.131732750000083
23	30	-4.060076500001742
23	30	-3.48260775000017
23	30	-3.130420249999588
23	30	-3.0504827500008105
23	30	-2.593076500001189
23	30	-2.1188577499997336
23	30	-1.969671249997191
23	30	-0.9545149999976275
23	30	-0.3250774999978603
23	30	-0.09735874999751104
23	31	-5.954481250002573
23	31	-5.554668749999109
23	31	-5.476075000002311
23	31	-4.527732250004192
23	31	-4.519232250004279
23	31	-4.348669750001136
23	31	-3.664138500003901
23	31	-1.7435145000017656
23	31	-1.2492332500005432
23	31	-1.0564520000007178
23	31	-0.7253582500015909
23	31	-0.5400145000021439
23	31	-0.29942175000178395
23	31	0.4759532499956549
23	31	0.5402657499980705
23	31	1.301828249997925
23	32	-5.128919750000932
23	32	-4.949419749998924
23	32	-4.926450999999361
23	32	-3.413889499999641
23	32	-2.740264500000194
23	32	-2.4728269999977783
23	32	-1.741389499999059
23	32	-1.6645769999995537
23	32	-1.5913894999976037
23	32	-1.1660769999980403
23	32	-0.00929675000224961
23	32	0.3900470000007772
23	32	0.612578249998478
23	32	0.6156095000005735
23	32	0.6791095000007772
23	32	1.044828250000137
23	32	1.4995469999994384
23	32	1.5347647500020685
23	32	1.8167022500019812
23	32	1.9154210000015155
23	33	-4.788576250000915
23	33	-4.716076249998878
23	33	-4.643857499999285
23	33	-4.568826250000711
23	33	-3.909357500000624
23	33	-3.8485450000007404
23	33	-3.7893262500001583
23	33	-3.1676387500010605
23	33	-2.850514750000002
23	33	-2.4211710000017774
23	33	-2.172264750002796
23	33	-2.1110147500003222
23	33	-1.4488272500020685
23	33	-0.5238272500027961
23	33	0.05345300000044517
23	33	1.1106092500012892
23	33	1.1798904999996012
23	33	1.6485780000002705
23	34	-4.37988850000329
23	34	-4.212263500001427
23	34	-4.071701000000758
23	34	-4.057419750002737
23	34	-3.5388270000039483
23	34	-3.5047957500028133
23	34	-3.3726395000048797
23	34	-2.9994520000036573
23	34	-2.984295750004094
23	34	-2.819202000002406
23	34	-2.696889500002726
23	34	-2.1677645000054326
23	34	-1.4891707500028133
23	34	-0.9149530000031518
23	34	-0.6955780000025698
23	34	-0.46435925000332645
23	34	-0.18232800000259886
23	34	1.3714209999961895
23	34	1.5938897499945597
23	35	-5.992575249998481
23	35	-5.345950249997259
23	35	-5.272794000000431
23	35	-4.283138749997306
23	35	-4.202857499996753
23	35	-4.196044999996957
23	35	-4.184451249995618
23	35	-3.533513749996928
23	35	-3.304919999998674
23	35	-2.938638749998063
23	35	-0.8912022500007879
23	35	-0.4644834999999148
23	35	0.32923425000262796
23	35	0.335203000002366
23	35	0.8390467500030354
23	35	1.1736717500025406
23	35	1.1927030000042578
23	36	-5.861575249997259
23	36	-5.72170025000014
23	36	-5.613043999997899
23	36	-5.319857499995123
23	36	-4.496388749998005
23	36	-4.075919999995676
23	36	-3.503638749996753
23	36	-3.4810762499982957
23	36	-3.413576249997277
23	36	-2.580858499997703
23	36	-2.5362334999990708
23	36	-2.4062959999973828
23	36	-2.3452335000001767
23	36	-2.227858499998547
23	36	-1.7059210000006715
23	36	-1.643483500000002
23	36	-1.5585147499987215
23	36	-1.297983500000555
23	36	-0.5715459999992163
23	36	0.024484250003297348
23	36	0.24485925000408315
23	36	0.37435925000318093
23	36	0.6460467500037339
23	36	0.7466092500035302
23	36	0.9080467500025406
23	36	0.9302342500013765
23	36	0.9689530000032391
23	37	-4.2365452499980165
23	37	-3.945045249998657
23	37	-3.859732749999239
23	37	-3.832420249997085
23	37	-3.7117639999996754
23	37	-2.862140000001091
23	37	-2.710421250001673
23	37	-1.187608749998617
23	37	-0.9901087500002177
23	37	-0.27785975000006147
23	37	0.14635900000212132
23	37	0.6543590000001132
23	37	0.8287340000024415
23	37	0.8315152499999385
23	37	1.4287965000003169
23	37	1.6495777500022086
23	37	1.8336402500026452
23	38	-5.925637500000448
23	38	-5.730574999997771
23	38	-4.988919749997876
23	38	-4.881232249997993
23	38	-4.541450999997323
23	38	-2.0201395000003686
23	38	-0.25198325000019395
23	38	0.5406095000034838
23	38	0.5487032500022906
23	38	0.7283907500022906
23	38	1.1520782500010682
23	38	1.6321407500036003
23	39	-5.814606250001816
23	39	-5.142575999998371
23	39	-4.022294750000583
23	39	-3.6723259999998845
23	39	-3.5752009999996517
23	39	-3.170607249998284
23	39	-2.7663582500026678
23	39	-2.5039832500006014
23	39	-1.9196707500013872
23	39	-1.810077000001911
23	39	-0.7661082500017073
23	39	-0.6462332500013872
23	39	-0.5998582499996701
23	39	-0.5767020000021148
23	39	-0.3111082499999611
23	39	-0.2859520000019984
23	39	-0.1918279999990773
23	39	0.004890749998594401
23	39	0.2652032500009227
23	39	0.42879700000048615
23	39	0.6109844999991765
23	39	1.1835782500020287
23	40	-4.276825249999092
23	40	-3.189794999998412
23	40	-2.681451249998645
23	40	-2.554388749998907
23	40	-2.414888749997772
23	40	-2.317544999998063
23	40	-1.5870450000002165
23	40	-0.8492960000003222
23	40	-0.49551475000043865
23	40	0.12954774999889196
23	40	0.4447665000006964
23	40	1.1606717499998922
23	40	1.498234250000678
23	41	-5.91323100000227
23	41	-5.887949750002008
23	41	-5.641418500003056
23	41	-5.6016695000034815
23	41	-5.476513250003336
23	41	-3.0921705000037036
23	41	-2.8094830000045476
23	41	-2.2672955000052752
23	41	-2.227170500005741
23	41	-2.118108000002394
23	41	-1.8840767500041693
23	41	-1.7406080000037036
23	41	-1.7304205000036745
23	41	-1.3772017500050424
23	41	-0.6963267500032089
23	41	-0.3874527500011027
23	41	0.5495472499969765
23	41	1.0576409999994212
23	41	1.236797249996016
23	41	1.582797249997384
23	41	1.6443284999986645
23	41	1.872890999999072
23	42	-5.207919750002475
23	42	-4.980982249999215
23	42	-4.301701000000321
23	42	-3.1864520000017365
23	42	-3.1625457500013
23	42	-2.7731082500031334
23	42	-1.2202342500022496
23	42	-0.4308280000004743
23	42	1.0798897499989835
23	42	1.9836710000017774
23	43	-5.939512749999267
23	43	-5.700262750000547
23	43	-5.423700249997637
23	43	-5.2825127500000235
23	43	-4.845326249997015
23	43	-4.077201249998325
23	43	-2.558483500000875
23	43	-2.3901709999991
23	43	-1.8987960000013118
23	43	-1.6449834999984887
23	43	-0.8998272499993618
23	43	0.1646405000028608
23	43	0.48373425000318093
23	43	1.004609250001522
23	43	1.9662030000035884
23	44	-5.965856000002532
23	44	-5.65176225000323
23	44	-5.567793500005791
23	44	-5.12966950000191
23	44	-1.5118892500031507
23	44	-0.8230455000048096
23	44	-0.6341705000049842
23	44	0.055828499997005565
23	44	0.16654724999898463
23	44	0.76270349999686
23	44	1.0350784999973257
23	44	1.0843909999966854
23	44	1.1047659999967436
23	44	1.3436409999958414
23	44	1.5168597499978205
23	44	1.5357659999972384
23	44	1.611484749995725
23	45	-5.8357627500008675
23	45	-5.215482499996142
23	45	-2.3780147499965096
23	45	-2.186108499994589
23	45	-2.03720224999779
23	45	-1.6179209999972954
23	45	-0.9289522499966552
23	45	-0.6287657499997295
23	45	-0.455609499997081
23	45	-0.33026574999894365
23	45	-0.3128594999980123
23	45	0.12320300000283169
23	45	0.18089050000344287
23	45	0.19464050000169664
23	45	0.4707967500035011
23	45	1.0327967500015802
23	45	1.6113592500005325
23	46	-5.578544500000135
23	46	-5.0569507500003965
23	46	-4.738231999999698
23	46	-4.7266694999998435
23	46	-4.179482999999891
23	46	-3.8329204999972717
23	46	-3.7508892499972717
23	46	-3.644545499999367
23	46	-3.1249517500000366
23	46	-2.3245767499975045
23	46	-2.135889249999309
23	46	-2.131045499998436
23	46	-0.9611089999998512
23	46	-0.22404649999953108
23	46	0.48607849999825703
23	46	0.5889847500002361
23	46	0.6905150000020512
23	46	0.9086400000014692
23	46	1.2334212500027206
23	46	1.4001087500000722
23	46	1.6968899999992573
23	47	-3.3304210000023886
23	47	-0.7680469999977504
23	47	0.18842175000099814
23	47	0.448890499999834
23	47	0.5133905000002414
23	47	0.6716092499991646
23	47	1.293671750001522
23	47	1.395234250001522
23	47	1.9651707499979238
23	48	-5.7473879999997735
23	48	-5.670700500002567
23	48	-5.623294249999162
23	48	-5.586888000001636
23	48	-4.956419250000181
23	48	-4.246950500000821
23	48	-4.103294250002364
23	48	-4.027294250001432
23	48	-3.1283264999983658
23	48	-2.8436389999988023
23	48	-2.5422639999997045
23	48	-2.164420249999239
23	48	-1.2802014999979292
23	48	-1.2226389999996172
23	48	-1.1491389999973762
23	48	-1.0358577499973762
23	48	0.1316412499982107
23	48	0.5858912499970756
23	48	0.8210474999978032
23	48	1.3413287499970465
23	48	1.7693590000017139
23	49	-5.965076000000408
23	49	-5.683138500000496
23	49	-5.436044750000292
23	49	-5.2945447500023874
23	49	-5.036607250000088
23	49	-4.3151072500004375
23	49	-4.102638500000467
23	49	-4.079857250002533
23	49	-4.051263500001369
23	49	-3.9472010000026785
23	49	-3.641013500000554
23	49	-3.0089207499986514
23	49	-2.993045750001329
23	49	-2.509920749998855
23	49	-2.301639500001329
23	49	-2.183827000000747
23	49	-1.978139499999088
23	49	-1.243045750001329
23	49	-0.5773592500008817
23	49	-0.38157800000044517
23	49	0.6166094999971392
23	49	0.8000469999969937
23	49	1.070328249999875
24	1	-5.715075500000239
24	1	-5.696794250001403
24	1	-5.5861067500009085
24	1	-5.159732750002149
24	1	-4.963670250002906
24	1	-4.550982750002731
24	1	-4.472170250002819
24	1	-4.46570150000116
24	1	-4.447295250000025
24	1	-3.597639000003255
24	1	-2.8142962499987334
24	1	-2.77960874999917
24	1	-2.771702499998355
24	1	-2.7371087499996065
24	1	-2.7102650000015274
24	1	-2.045139999998355
24	1	-1.0716087500004505
24	1	-0.9613900000003923
24	1	-0.899983750001411
24	1	-0.5791087500001595
24	1	-0.5061400000013236
24	1	-0.44588999999905354
24	1	-0.35342225000204053
24	1	-0.03182850000303006
24	1	0.13926524999624235
24	1	0.2420152499980759
24	1	0.9417027499985124
24	1	1.0153902499987453
24	1	1.3507652499974938
24	1	1.4025152499962132
24	2	-5.6910434999990684
24	2	-5.540732000001299
24	2	-5.53816949999964
24	2	-5.501888250000775
24	2	-4.8562945000012405
24	2	-4.847232000000076
24	2	-4.374325750002754
24	2	-4.1070132500026375
24	2	-3.394169499999407
24	2	-3.3424195000006875
24	2	-2.397389249999833
24	2	-1.9314830000002985
24	2	-1.8846392499981448
24	2	-1.0811704999978247
24	2	-1.0707954999998037
24	2	-0.6534527500007243
24	2	-0.4112027500013937
24	2	-0.1571715000027325
24	2	0.3684847499971511
24	2	1.256234749998839
24	2	1.8725149999991118
24	3	-5.601232249999157
24	3	-5.392294749999564
24	3	-4.737357250000059
24	3	-4.35051349999776
24	3	-4.325419749999128
24	3	-4.278450999998313
24	3	-4.258044750000408
24	3	-3.4788572500001465
24	3	-3.2096707499986223
24	3	-3.119795749997138
24	3	-2.8794519999974
24	3	-2.786201999999321
24	3	-2.7622957499988843
24	3	-2.7430769999991753
24	3	-1.21826449999935
24	3	-1.0699207499965269
24	3	-0.043359249997593
24	3	0.18501575000482262
24	3	1.7800460000034946
24	3	1.8075772500014864
24	4	-5.698919749997003
24	4	-5.3392634999945585
24	4	-4.821794749997935
24	4	-4.815294749994791
24	4	-4.5591384999970614
24	4	-4.507607249997818
24	4	-4.377732249995461
24	4	-4.261013499995897
24	4	-3.931294749996596
24	4	-3.895138499996392
24	4	-2.1746082499994372
24	4	-1.3664832499998738
24	4	-1.3341707499967015
24	4	-0.6205154999952356
24	4	0.1987970000045607
24	4	0.5839845000045898
24	4	0.7672345000028145
24	4	1.247234500002378
24	4	1.2837032500028727
24	5	-5.480231999998068
24	5	-5.296544500000891
24	5	-5.185888249998243
24	5	-4.133356999998796
24	5	-3.5485455000016373
24	5	-3.438201750002918
24	5	-2.696857999999338
24	5	-2.3764830000000075
24	5	-2.0268580000010843
24	5	-1.4889517500014335
24	5	-0.4468902500011609
24	5	-0.30664025000078254
24	5	1.1745159999991301
24	5	1.4588274999987334
24	5	1.6917962499974237
24	6	-5.866794500001561
24	6	-5.471794500001124
24	6	-5.449700750003103
24	6	-5.4337007500034815
24	6	-5.41116950000287
24	6	-5.336232000001473
24	6	-5.3137320000023465
24	6	-5.1936695000003965
24	6	-5.155482000001939
24	6	-5.078732000001764
24	6	-4.6955132500006584
24	6	-3.5139205000014044
24	6	-3.210107999999309
24	6	-3.1426392499997746
24	6	-3.109701749999658
24	6	-2.7561392499992508
24	6	-2.421576749999076
24	6	-2.268389249999018
24	6	-0.5683590000007825
24	6	-0.013890250003896654
24	6	0.9147972499995376
24	7	-5.985575250000693
24	7	-5.677856499998597
24	7	-5.663668999997753
24	7	-5.633950249997724
24	7	-5.253700249999383
24	7	-4.671606500000053
24	7	-3.56416999999783
24	7	-2.7982012499960547
24	7	-2.048638749998645
24	7	-1.2552335000000312
24	7	-1.1707647500006715
24	7	-1.151077250000526
24	7	-1.1222647499998857
24	7	-1.1119522500011954
24	7	-1.0972022499990999
24	7	-1.0682960000012827
24	7	-0.9188272499995946
24	7	-0.780702249998285
24	7	-0.6196397499988961
24	7	-0.6085147499979939
24	7	-0.32438974999968195
24	7	-0.12057724999976926
24	7	0.024797750000288943
24	7	0.34264149999944493
24	7	0.7476415000019188
24	7	1.0072977499985427
24	7	1.1177040000002307
24	8	-4.96041900000273
24	8	-4.927294000000984
24	8	-4.903325250001217
24	8	-4.861981500002003
24	8	-4.46010749999914
24	8	-4.439826249999896
24	8	-4.213013749998936
24	8	-3.6792324999987613
24	8	-3.6737012499979755
24	8	-3.492951249998441
24	8	-2.86226374999751
24	8	-1.9802647500000603
24	8	-1.8721710000027088
24	8	-1.4726085000002058
24	8	-0.9633585000010498
24	8	-0.3968897500017192
24	8	0.9530154999993101
24	9	-5.346357000002172
24	9	-5.320482000002812
24	9	-5.248107000003074
24	9	-5.101513250003336
24	9	-4.822732000000542
24	9	-4.3836382500012405
24	9	-2.5937955000008515
24	9	-2.3820142500007933
24	9	-2.3141705000016373
24	9	-1.5578580000001239
24	9	-1.5510767500018119
24	9	-1.3813579999987269
24	9	-1.092420500001026
24	9	-0.7618892499995127
24	9	-0.029359000003751134
24	9	0.22820349999892642
24	9	0.7468909999988682
24	9	0.8045472499979951
24	9	0.8666097499990428
24	9	1.3665784999975585
24	9	1.4605472499970347
24	10	-5.4858572500015725
24	10	-5.474263500003872
24	10	-5.4589197500026785
24	10	-5.371576000001369
24	10	-4.629919750001136
24	10	-3.847732250003901
24	10	-3.790545750001911
24	10	-3.568076999999903
24	10	-3.2270769999995537
24	10	-2.5729832500001066
24	10	-2.441545749999932
24	10	-2.309951999999612
24	10	-1.8512332499994955
24	10	-1.6815145000000484
24	10	-1.586702000000514
24	10	-0.8621717500027444
24	10	-0.3108592500029772
24	10	0.05551574999844888
24	10	0.32551574999524746
24	10	0.38104699999530567
24	10	0.9274219999970228
24	11	-5.908669000004011
24	11	-5.376450250001653
24	11	-5.364981500002614
24	11	-4.221795000001293
24	11	-3.7374200000012934
24	11	-3.523263750001206
24	11	-3.422326250001788
24	11	-3.395982500001992
24	11	-3.3828887500021665
24	11	-2.9565762500023993
24	11	-2.557201250001526
24	11	-2.3476387500013516
24	11	-2.0650450000030105
24	11	-2.0022325000027195
24	11	-1.0729834999983723
24	11	-1.0517647499982559
24	11	-0.7079835000004095
24	11	-0.5591085000014573
24	11	-0.5350147499993909
24	11	-0.29092099999979837
24	11	-0.1451085000007879
24	11	0.3470789999992121
24	11	0.7493279999980587
24	11	0.7983592499986116
24	11	0.8098592499991355
24	11	1.4678904999964288
24	12	-5.8272314999994705
24	12	-5.570075250001537
24	12	-5.016981500000838
24	12	-4.228513750000275
24	12	-4.173482500002137
24	12	-2.326201250001759
24	12	-2.2965450000010605
24	12	-2.2769200000002456
24	12	-2.2214825000010023
24	12	-1.7733897500002058
24	12	-1.7697647499990126
24	12	-1.5517959999997402
24	12	-1.4403272499985178
24	12	-1.4208897499993327
24	12	-1.3380147499992745
24	12	-0.842796000000817
24	12	-0.6815459999997984
24	12	-0.5994522500004678
24	12	-0.5663585000002058
24	12	-0.1178585000016028
24	12	-0.08895225000014761
24	12	0.16442275000008522
24	12	0.796546749996196
24	12	1.0752654999960214
24	12	1.9259842499959632
24	13	-5.73729375000039
24	13	-5.052044750002096
24	13	-5.013857250003639
24	13	-4.683826000004046
24	13	-3.641013500004192
24	13	-3.552638500001194
24	13	-2.8473582500009798
24	13	-2.27851450000162
24	13	-1.2512332500009506
24	13	-0.8163270000004559
24	13	-0.5756707500004268
24	13	-0.1919530000013765
24	13	0.2742969999962952
24	13	0.49895324999670265
24	13	1.2128282499979832
24	13	1.532921999998507
24	13	1.7802969999975176
24	13	1.9252969999979541
24	14	-5.473450749999756
24	14	-5.4141694999998435
24	14	-5.397482000000309
24	14	-4.966825749997952
24	14	-4.9401694999978645
24	14	-4.422575749998941
24	14	-3.4742642500023067
24	14	-3.3210767500022484
24	14	-2.7974204999991343
24	14	-2.6078579999993963
24	14	-2.2464517500011425
24	14	-0.7157027499997639
24	14	-0.41914025000005495
24	14	0.06329725000250619
24	14	0.11079724999945029
24	14	0.318109750001895
24	14	0.3655472499995085
24	14	0.7739222500022152
24	14	1.7782337499993446
24	15	-5.513231999997515
24	15	-5.262013249997835
24	15	-3.5041705000003276
24	15	-2.0253267500011134
24	15	-0.5573589999985415
24	15	0.22648475000096369
24	15	0.37848475000282633
24	15	0.9674535000012838
24	15	1.2148910000032629
24	15	1.2340472500036412
24	15	1.5039524999992864
24	15	1.5469212499992864
24	15	1.7496712499996647
24	16	-5.265575750003336
24	16	-5.1922320000012405
24	16	-4.6041382500006875
24	16	-4.450233000003209
24	16	-3.9589517500025977
24	16	-3.300983000004635
24	16	-2.816608000004635
24	16	-2.2252955000039947
24	16	-2.03917050000382
24	16	-1.855421500000375
24	16	0.28623474999767495
24	16	0.4039534999974421
24	16	0.8217962499984424
24	16	0.8622025000004214
24	16	1.6005775000012363
24	16	1.6280462499998976
24	17	-5.970075249999354
24	17	-5.943981500000518
24	17	-5.922512749999441
24	17	-5.786044000000402
24	17	-5.559669000002032
24	17	-5.526012750000518
24	17	-5.060919999999896
24	17	-4.255888749998121
24	17	-3.72554499999751
24	17	-3.7125762499999837
24	17	-3.501982499998121
24	17	-3.4667950000002747
24	17	-2.9343887499999255
24	17	-2.8834199999982957
24	17	-2.6227324999999837
24	17	-2.167202250002447
24	17	-1.8717647500016028
24	17	-1.6625147500017192
24	17	-1.6320147500009625
24	17	-1.3816084999998566
24	17	-0.9480772499991872
24	17	-0.6396085000014864
24	17	-0.45107724999979837
24	17	0.25867175000166753
24	18	-4.938419749996683
24	18	-3.276358249997429
24	18	-2.71807699999772
24	18	-2.311920749998535
24	18	-2.2395145000009506
24	18	-2.082389499999408
24	18	-1.993358249997982
24	18	-1.9757019999997283
24	18	-1.621233249999932
24	18	-1.4234207499976037
24	18	-0.8513582499981567
24	18	-0.4033279999966908
24	18	-0.3698279999989609
24	18	-0.28498424999634153
24	18	-0.20767174999855342
24	18	-0.04432799999631243
24	18	0.848297000004095
24	18	1.4191407500038622
24	19	-5.830231500000082
24	19	-5.129575250000926
24	19	-5.082637750001595
24	19	-4.9998252500008675
24	19	-4.248950249999325
24	19	-4.218356500001391
24	19	-3.9355137500024284
24	19	-3.9244200000030105
24	19	-3.2006387500005076
24	19	-2.6187012500013225
24	19	-2.5888887500004785
24	19	-2.560263750001468
24	19	-2.0487950000024284
24	19	-1.6940762500016717
24	19	-1.6199200000010023
24	19	-1.5233272500008752
24	19	-1.2048272499996528
24	19	-1.060014750000846
24	19	-0.8460147500009043
24	19	-0.8208272500014573
24	19	-0.2638897500000894
24	19	0.39520400000037625
24	19	0.61598524999863
24	19	1.048390500000096
24	19	1.0682655000018713
24	20	-5.276231499999994
24	20	-5.245981500000198
24	20	-5.179825250001159
24	20	-5.176262749999296
24	20	-5.062481500001013
24	20	-4.252169999996113
24	20	-3.648982499998965
24	20	-3.3619199999993725
24	20	-3.3123887499968987
24	20	-3.2516074999984994
24	20	-3.238388749996375
24	20	-1.7695459999995364
24	20	-0.8269209999998566
24	20	-0.5967334999986633
24	20	0.053766500001074746
24	20	0.14057899999897927
24	20	0.1581727500015404
24	20	0.2712664999999106
24	20	1.9909217500025989
24	21	-5.48723224999776
24	21	-4.309075999997731
24	21	-3.8858259999979055
24	21	-3.842107249998662
24	21	-3.6676697499970032
24	21	-3.523107249999157
24	21	-2.6756395000011253
24	21	-1.5947957499993208
24	21	-1.1568895000018529
24	21	-0.40548424999724375
24	21	-0.11651549999805866
24	21	-0.019546749997971347
24	21	0.01735950000147568
24	21	0.02976575000138837
24	21	0.053171999999904074
24	21	1.100140750000719
24	22	-5.807419500000833
24	22	-5.75320075000127
24	22	-5.5417320000015025
24	22	-4.684638250000717
24	22	-3.308170500000415
24	22	-2.460545499998261
24	22	-2.395264249997126
24	22	-2.2809829999969224
24	22	-2.2707329999975627
24	22	-2.261076749997301
24	22	-2.130326749997039
24	22	-1.9329204999994545
24	22	-0.9826402500002587
24	22	-0.9795465000024706
24	22	-0.6308902500022668
24	22	-0.31835900000078254
24	22	0.5597659999984899
24	22	0.9891097500003525
24	22	1.2650785000005271
24	23	-5.355638250002812
24	23	-4.931263250000484
24	23	-4.905388250001124
24	23	-4.646888250001211
24	23	-4.63210700000127
24	23	-4.5332007500037435
24	23	-4.325075750002725
24	23	-4.062764250000328
24	23	-3.7566079999996873
24	23	-3.4434204999997746
24	23	-3.4176079999997455
24	23	-3.0811705000014626
24	23	-1.3757027500032564
24	23	-1.1693902500010154
24	23	-1.150234000000637
24	23	-0.9924840000021504
24	24	-4.620607749995543
24	24	-4.0846077499991225
24	24	-4.0703264999974635
24	24	-4.059763999997813
24	24	-3.5206702499963285
24	24	-2.9479202499969688
24	24	-2.9106389999979
24	24	-2.079077499998675
24	24	-2.0646087499990244
24	24	-1.98273374999917
24	24	-1.7805149999985588
24	24	-1.3607024999982968
24	24	-1.32257749999917
24	24	-1.145671250000305
24	24	-0.9977962499979185
24	24	-0.6792024999995192
24	24	0.16189125000164495
24	24	0.5608277500032273
24	24	1.0321402500012482
24	24	1.3812652500018885
24	24	1.4606402500030526
24	24	1.5294840000024124
24	25	-5.239169500000571
24	25	-5.2302632499995525
24	25	-4.919794500001444
24	25	-4.497200750000047
24	25	-4.141638249999232
24	25	-3.289013249999698
24	25	-3.2282007499998144
24	25	-3.1472944999986794
24	25	-2.780169500001648
24	25	-2.405607999997301
24	25	-2.285889249997126
24	25	-1.7716079999991052
24	25	-1.674139249997097
24	25	-1.2646392499991634
24	25	-0.8861392500002694
24	25	-0.48798299999907613
24	25	-0.11301525000089896
24	25	0.18835974999819882
24	25	0.22776599999997416
24	25	0.2867034999981115
24	25	0.9851410000010219
24	25	1.1172659999974712
24	26	-4.834013499999855
24	26	-3.5202947500001756
24	26	-2.6740145000003395
24	26	-2.286201999999321
24	26	-2.226576999997633
24	26	-1.812639499999932
24	26	-1.5522019999989425
24	26	-1.256201999996847
24	26	-1.0302332499995828
24	26	-0.7430769999991753
24	26	1.1305157499991765
24	26	1.1394532499980414
24	26	1.2138907500011555
24	27	-5.530825250003545
24	27	-5.4760752500042145
24	27	-5.4688877500047965
24	27	-4.953357500002312
24	27	-4.862576250001439
24	27	-4.369888750003156
24	27	-3.6618575000029523
24	27	-3.4906075000035344
24	27	-3.0645137500032433
24	27	-2.867607500003942
24	27	-2.1377960000027088
24	27	-2.0593585000024177
24	27	-1.9256710000008752
24	27	-1.3594210000010207
24	27	0.46007799999642884
24	27	0.48507799999788404
24	27	0.7123904999971273
24	27	1.2547967499958759
24	28	-5.7853877499983355
24	28	-5.686825249998947
24	28	-5.675450250000722
24	28	-5.094482500000595
24	28	-4.445732500000304
24	28	-4.182013749999896
24	28	-4.157170000002225
24	28	-3.8097950000010314
24	28	-3.763513750000129
24	28	-3.3295137500026613
24	28	-3.3171075000027486
24	28	-3.31088875000205
24	28	-3.3027325000002747
24	28	-3.301107499999489
24	28	-3.0371085000006133
24	28	-2.318233499998314
24	28	-2.2004522499992163
24	28	-1.5285772499992163
24	28	-1.4485147499981395
24	28	-1.319046000000526
24	28	-0.5697657500022615
24	28	-0.5256719999997586
24	28	-0.0838907500001369
24	28	0.9644217499990191
24	29	-5.682575000002544
24	29	-5.597168750002311
24	29	-5.339451000003464
24	29	-4.946669750002911
24	29	-4.835326000003988
24	29	-4.752419750002446
24	29	-4.2057322500040755
24	29	-3.752763500004221
24	29	-3.3750135000045702
24	29	-2.659577000002173
24	29	-2.505608250001387
24	29	-2.319608249999874
24	29	-1.621545750000223
24	29	-1.0147957500012126
24	29	-0.933420749999641
24	29	-0.818389500000194
24	29	-0.17851550000341376
24	29	-0.12348425000163843
24	29	0.0030157499968481716
24	29	0.15439074999812874
24	29	0.28182824999748846
24	29	0.9699844999959168
24	29	1.3432657499979541
24	30	-5.646637999998347
24	30	-5.4185442499983765
24	30	-5.0669817499983765
24	30	-5.061356749996776
24	30	-4.624887999998464
24	30	-4.371388999999908
24	30	-2.380826500000694
24	30	-2.346607750001567
24	30	-2.0423889999983658
24	30	-1.9466087499968125
24	30	-1.6292649999995774
24	30	-1.5464837499966961
24	30	-1.52960874999917
24	30	-0.06604624999818043
24	30	-0.010577499997452833
24	30	0.01051625000036438
24	30	0.05582875000254717
24	30	0.5095777499991527
24	30	1.5740464999980759
24	30	1.9050465000000258
24	31	-5.617731250000361
24	31	-4.730951000001369
24	31	-4.485107250002329
24	31	-3.876419750002242
24	31	-3.510482250003406
24	31	-3.4208885000043665
24	31	-2.76123324999935
24	31	-2.532108250001329
24	31	-2.5232020000003104
24	31	-2.515451999999641
24	31	-2.4744832500000484
24	31	-2.114545750002435
24	31	-2.096764500001882
24	31	-1.0587957500029006
24	31	-0.9768582500000775
24	31	-0.47617075000016484
24	31	-0.3382967500037921
24	31	0.0028594999967026524
24	31	0.6863594999958877
24	31	1.055421999997634
24	32	-5.201076000001194
24	32	-4.808138500000496
24	32	-4.711326000000554
24	32	-4.373013500000525
24	32	-4.3499197500023
24	32	-3.910669749999215
24	32	-3.789544750001369
24	32	-3.7342322500007867
24	32	-3.5552635000021837
24	32	-3.464013500000874
24	32	-3.0477957499970216
24	32	-2.7574832499994955
24	32	-2.4842332499974873
24	32	-1.8336707499984186
24	32	-1.7502957500000775
24	32	-1.4321395000006305
24	32	-1.3353895000000193
24	32	-1.0575457499980985
24	32	-0.7307030000010855
24	32	-0.556109249999281
24	32	-0.45029675000114366
24	32	-0.06576549999954295
24	32	1.029734499999904
24	32	1.5325147500007006
24	32	1.5414835000010498
24	32	1.5508897500003513
24	32	1.5645460000014282
24	33	-5.516637750002701
24	33	-5.179701249999198
24	33	-5.159076249998179
24	33	-5.146076249999169
24	33	-4.433076249999431
24	33	-4.129982499998732
24	33	-4.119982500000333
24	33	-3.711482499998965
24	33	-3.6517012500007695
24	33	-3.415326250000362
24	33	-2.8662960000001476
24	33	-2.459264750003058
24	33	-1.8687647500009916
24	33	-1.190858500001923
24	33	-0.9231085000028543
24	33	-0.5886710000013409
24	33	-0.3090157500009809
24	33	-0.17139074999795412
24	33	0.52845299999899
24	33	0.964109249998728
24	33	0.9731092500005616
24	33	1.0196404999987863
24	33	1.0659217499996885
24	33	1.546234249999543
24	33	1.6981405000005907
24	34	-5.822732250002446
24	34	-5.748044750002009
24	34	-5.686044750000292
24	34	-5.103732250001485
24	34	-4.7682322500004375
24	34	-4.369044750001194
24	34	-4.350826000001689
24	34	-4.092076000000816
24	34	-3.903169750003144
24	34	-3.2660145000045304
24	34	-2.5783270000029006
24	34	-2.576014500002202
24	34	-2.481858250004734
24	34	-1.8998582500025805
24	34	-1.2562645000034536
24	34	-0.8772030000036466
24	34	-0.5728280000002997
24	34	-0.17648425000152201
24	34	-0.10120300000198768
24	34	0.10495324999646982
24	34	0.15270324999801232
24	34	0.16704699999900186
24	34	0.360421999997925
24	34	1.19626574999711
24	34	1.5198584999961895
24	35	-5.477793999998539
24	35	-5.467012749999412
24	35	-5.266637749999063
24	35	-4.587513749997015
24	35	-4.369357499996113
24	35	-2.270952250000846
24	35	-1.2800459999998566
24	35	-0.3732647500000894
24	35	-0.09492199999658624
24	35	-0.03357824999693548
24	35	1.812390500002948
24	36	-5.305763749995094
24	36	-5.293013749997044
24	36	-4.540638749997015
24	36	-4.3846387499979755
24	36	-4.020607499995094
24	36	-3.5437637499962875
24	36	-1.6451397499986342
24	36	-0.6274209999974119
24	36	-0.5381710000001476
24	36	-0.18407824999667355
24	36	0.040953000003355555
24	36	0.24251550000190036
24	36	0.31820300000254065
24	36	0.393484250002075
24	36	0.43298425000102725
24	36	0.5896092500042869
24	36	0.9387655000027735
24	36	1.3253592500041123
24	36	1.339203000003181
24	36	1.4192030000012892
24	36	1.618703000003734
24	36	1.6381092500014347
24	36	1.827390500002366
24	37	-5.7217942499992205
24	37	-4.860201499999675
24	37	-4.824607749997085
24	37	-4.575326499998482
24	37	-4.111388999997871
24	37	-3.1393264999969688
24	37	-2.3908899999987625
24	37	-2.259890000001178
24	37	-1.684108749999723
24	37	-1.6619524999987334
24	37	-1.6469837500007998
24	37	-1.637046250001731
24	37	-1.4552650000005087
24	37	-0.9020149999996647
24	37	-0.5432337499987625
24	37	-0.5146400000012363
24	37	-0.2295784999987518
24	37	0.23829650000334368
24	37	0.42192150000119
24	37	0.792296500003431
24	37	1.4586402500026452
24	37	1.7339840000022377
24	38	-5.284950000001118
24	38	-5.268074999999953
24	38	-4.54973224999776
24	38	-4.33738849999645
24	38	-2.707483250000223
24	38	-2.641170750001038
24	38	-2.311920749998535
24	38	-2.0128582500001357
24	38	-1.461889499998506
24	38	-1.1785457500009215
24	38	-1.0877332499985641
24	38	-0.4983270000011544
24	38	-0.4898270000012417
24	38	1.1664845000013884
24	38	1.593265750001592
24	38	1.8036407500003406
24	38	1.8239845000025525
24	39	-5.5705125000022235
24	39	-5.206825999997818
24	39	-5.152732250000554
24	39	-5.094013499998255
24	39	-5.0477322500009905
24	39	-2.7830770000000484
24	39	-2.6969520000020566
24	39	-2.264139500002784
24	39	-1.776670750001358
24	39	-0.8727644999999029
24	39	-0.4852957500006596
24	39	-0.2534217499996885
24	39	0.21314075000191224
24	39	0.35160950000135927
24	39	1.146921999999904
24	39	1.17692199999874
24	40	-5.182137750001857
24	40	-4.323825250001391
24	40	-3.9963252500019735
24	40	-2.3246074999988195
24	40	-0.9462960000018938
24	40	-0.9333272500007297
24	40	-0.9316710000020976
24	40	-0.05242100000032224
24	40	0.20311025000046357
24	40	0.21773525000025984
24	40	0.25982899999871734
24	40	0.28273524999895017
24	40	0.4385789999978442
24	40	1.6314842499996303
24	41	-5.8845122500024445
24	41	-3.291169500000251
24	41	-3.2819820000004256
24	41	-3.053639250003471
24	41	-3.0486705000039365
24	41	-2.8647955000051297
24	41	-1.98057675000382
24	41	-1.3302330000042275
24	41	-1.1606080000055954
24	41	-1.0717330000043148
24	41	-0.7337955000039074
24	41	-0.5386402500007534
24	41	-0.515265250003722
24	41	-0.3580152500035183
24	41	0.9327347499965981
24	41	1.1048909999990428
24	42	-5.908763499999623
24	42	-4.679919750000408
24	42	-4.381419749999623
24	42	-4.270982250000088
24	42	-3.539733250003337
24	42	-2.8832957500017073
24	42	-0.8706405000011728
24	42	-0.5648592500001541
24	42	0.4565782499994384
24	42	1.110796000000846
24	42	1.1129834999992454
24	42	1.1524835000018356
24	43	-5.922919000000547
24	43	-5.3403877499986265
24	43	-4.9081699999987904
24	43	-4.890576249996229
24	43	-4.177763749998121
24	43	-3.6957012499988195
24	43	-3.5613574999988487
24	43	-3.465482499996142
24	43	-3.122451249997539
24	43	-2.6775137499971606
24	43	-1.7436397499986924
24	43	-1.5006397500001185
24	43	-1.494733499999711
24	43	-0.22457724999912898
24	43	-0.21210849999988568
24	43	0.007828000001609325
24	43	0.01020300000163843
24	43	0.18789050000123098
24	43	0.9746717500020168
24	43	1.9291405000039958
24	44	-5.608043500003987
24	44	-5.593512250005006
24	44	-5.46323100000518
24	44	-5.422981000003347
24	44	-5.093919500002812
24	44	-5.047982000003685
24	44	-4.857138250001299
24	44	-4.537700750002841
24	44	-4.48635700000159
24	44	-4.163232000002608
24	44	-3.772544500003278
24	44	-3.481263250003394
24	44	-2.4378580000047805
24	44	-2.4281080000037036
24	44	-2.417264250005246
24	44	-2.334076750004897
24	44	-2.319983000004868
24	44	-2.021264250004606
24	44	-1.953545500004111
24	44	-1.9443267500028014
24	44	-1.614826750002976
24	44	-1.6132017500058282
24	44	-0.7347330000047805
24	44	-0.632201750006061
24	44	-0.11539025000092806
24	44	-0.015452750001713866
24	44	0.1318284999979369
24	44	0.55464099999881
24	44	0.5744222499961325
24	44	0.5864222499985772
24	44	0.8494222499975876
24	44	0.8578284999966854
24	44	1.0779222499986645
24	44	1.3584847499987518
24	44	1.7334534999972675
24	44	1.8739534999986063
24	45	-5.5803574999990815
24	45	-3.0638584999978775
24	45	-3.014358499996888
24	45	-2.9977334999966843
24	45	-2.645858499996393
24	45	-2.218420999997761
24	45	-0.9945772499959276
24	45	-0.6620459999976447
24	45	-0.6446407499970519
24	45	-0.30442199999743025
24	45	0.24935925000318093
24	45	0.27360925000175484
24	45	0.5367030000015802
24	45	0.7064842500003579
24	45	0.8756405000021914
24	45	1.5535155000034138
24	45	1.5995467500033556
24	46	-5.986825750002026
24	46	-5.267763250001735
24	46	-5.082638250001764
24	46	-4.770200750001095
24	46	-4.649325750000571
24	46	-3.938951749998523
24	46	-3.932545499999833
24	46	-3.800451749997592
24	46	-3.7065454999974463
24	46	-3.66623299999992
24	46	-3.2847954999997455
24	46	-3.242264249998698
24	46	-2.9592329999977665
24	46	-2.814264249998814
24	46	-2.760608000000502
24	46	-2.713733000000502
24	46	-2.264264249999542
24	46	-1.4415777499998512
24	46	-1.118671500000346
24	46	-1.0204527499990945
24	46	-0.7292027500006952
24	46	-0.6306714999991527
24	46	-0.28635900000153924
24	46	0.6828587500021968
24	46	0.7953274999999849
24	46	0.8103587500008871
24	46	0.8417962500025169
24	46	1.0432025000009162
24	46	1.2139837499998976
24	46	1.4892650000001595
24	46	1.8477962500001013
24	46	1.9068275000026915
24	47	-5.397044999997888
24	47	-4.940513749999809
24	47	-4.554513749997568
24	47	-4.362201249998179
24	47	-4.157576249999693
24	47	-4.051138749997335
24	47	-4.037326249999751
24	47	-3.9450762499982375
24	47	-3.4779825000005076
24	47	-3.137014750001981
24	47	-2.9402022499998566
24	47	-2.700827250002476
24	47	-2.383702250001079
24	47	-1.7570460000024468
24	47	-1.3968897500017192
24	47	-1.2489210000021558
24	47	-0.9466397500000312
24	47	-0.6204532499978086
24	47	-0.40920325000115554
24	47	0.49879675000192947
24	47	0.7729529999996885
24	47	1.7781707499998447
24	47	1.8813894999984768
24	48	-5.928356750002422
24	48	-5.596950499999366
24	48	-5.211856750000152
24	48	-4.794544250002218
24	48	-3.884981750001316
24	48	-3.878325500001665
24	48	-3.5030442499992205
24	48	-3.3582639999985986
24	48	-3.3358577500002866
24	48	-3.249138999999559
24	48	-3.2298577500005194
24	48	-2.853763999999501
24	48	-2.8347014999999374
24	48	-2.499138999999559
24	48	-2.242576500000723
24	48	-1.9265764999981911
24	48	-1.7220139999990351
24	48	-1.7122639999979583
24	48	-1.3800764999978128
24	48	-1.3650452500005485
24	48	-1.3571389999997336
24	48	-1.3526077499991516
24	48	-1.0391702499982785
24	48	-0.9195462500028952
24	48	-0.7498587500012945
24	48	-0.4081399999995483
24	48	-0.2961712500000431
24	48	0.022953749998123385
24	48	0.3168599999989965
24	48	0.5308599999989383
24	48	0.8147037499984435
24	48	1.1727037499986182
24	48	1.7823902500022086
24	48	1.7936090000002878
24	48	1.84379650000119
24	49	-5.9939187499985565
24	49	-5.984669749999739
24	49	-5.692138500002329
24	49	-5.210857250000117
24	49	-5.109732250002708
24	49	-4.628701000001456
24	49	-3.9645760000021255
24	49	-3.8229197500004375
24	49	-3.6794197500021255
24	49	-3.1915144999984477
24	49	-2.9424207499978365
24	49	-2.232170750001387
24	49	-1.434452000001329
24	49	-1.394983250000223
24	49	-0.8215780000027735
24	49	-0.579546750002919
24	49	0.2804532499976631
24	49	1.7817959999993036
25	1	-5.688419250000152
25	1	-5.538637999998173
25	1	-4.729982750002819
25	1	-3.973014000002877
25	1	-3.6977015000011306
25	1	-1.488389999998617
25	1	-0.6068587500012654
25	1	0.8581089999970573
25	1	1.7797964999990654
25	2	-5.697356000000582
25	2	-3.710075750001124
25	2	-3.100139250000211
25	2	-2.930420500000764
25	2	-2.058607999999367
25	2	-1.260389250001026
25	2	-1.2026704999989306
25	2	-0.8552329999984067
25	2	-0.8387954999998328
25	2	-0.6362652500029071
25	2	-0.15339025000139372
25	2	0.6946409999982279
25	2	0.8520472499985772
25	3	-5.564232249998895
25	3	-4.758638499999506
25	3	-3.891513499998837
25	3	-3.128139499996905
25	3	-3.0797332499969343
25	3	-2.874233249996905
25	3	-2.126170749997982
25	3	-1.3091082499995537
25	3	-0.1199529999976221
25	3	-0.026984249994711718
25	3	0.7546095000034256
25	3	1.459109500003251
25	3	1.9228272500004095
25	4	-5.983950999994704
25	4	-4.267044749994966
25	4	-4.172263499996916
25	4	-4.133544749995053
25	4	-2.7573582499971963
25	4	-2.7051394999980403
25	4	-0.9913592499979131
25	4	-0.22076549999474082
25	4	0.6617970000042988
25	4	0.7287345000040659
25	4	0.7330470000051719
25	4	0.791140750003251
25	4	1.2683595000016794
25	4	1.759733500002767
25	4	1.7825147500007006
25	5	-5.354700749998301
25	5	-4.923919499997282
25	5	-4.744013249997806
25	5	-3.6793267499997455
25	5	-3.0511392500011425
25	5	-0.7315777500007243
25	5	-0.34348400000089896
25	5	-0.28470274999926914
25	5	-0.06245275000037509
25	5	-0.037546499999734806
25	5	1.5266087499985588
25	5	1.9177962499998102
25	5	1.9294212499989953
25	6	-5.9642007500006
25	6	-5.8215445000023465
25	6	-5.400325750000775
25	6	-0.831765250000899
25	6	-0.09757775000252877
25	6	1.0208275000004505
25	7	-4.803669000000809
25	7	-4.787012749999121
25	7	-2.7048574999971606
25	7	-1.3606074999988778
25	7	-1.3280772500002058
25	7	-1.2432647499990708
25	7	-1.229608499997994
25	7	-1.114795999998023
25	7	-0.08607724999819766
25	7	-0.07695225000134087
25	7	-0.059889749998546904
25	7	0.30682900000101654
25	7	1.0141727500013076
25	7	1.1265780000030645
25	7	1.1413592500030063
25	7	1.1916717500025698
25	7	1.3445155000008526
25	8	-5.6933877500014205
25	8	-4.232013749999169
25	8	-4.198763749998761
25	8	-3.6447012499993434
25	8	-3.1681387499993434
25	8	-3.0720137499993143
25	8	-2.788169999999809
25	8	-1.9733272500016028
25	8	-1.814014750001661
25	8	-1.4945460000017192
25	8	-1.2996397500028252
25	8	-1.280921000001399
25	8	-0.8919522500000312
25	8	-0.878671000002214
25	8	-0.5331084999997984
25	8	-0.40879599999971106
25	8	-0.40176475000043865
25	8	-0.3841397500000312
25	8	0.5951092499999504
25	8	0.8174529999996594
25	8	1.063296749998699
25	8	1.0886092500004452
25	8	1.617796750000707
25	9	-3.0381704999999783
25	9	-3.0258580000008806
25	9	-2.339951750000182
25	9	-0.7916079999995418
25	9	-0.2422965000005206
25	9	0.4748284999986936
25	9	0.5365159999964817
25	10	-5.6378885000012815
25	10	-5.324763500004337
25	10	-0.5906092500044906
25	10	-0.5585467500022787
25	10	-0.41895300000396674
25	10	0.028453249997255625
25	10	0.21132824999585864
25	10	0.368640749995393
25	10	0.8031407499984198
25	10	0.8295157499960624
25	10	0.845109499998216
25	10	1.228170999998838
25	11	-4.181420000000799
25	11	-2.617920000000595
25	11	-2.479982500000915
25	11	-2.419857500000944
25	11	-2.3968574999998964
25	11	-1.092889750001632
25	11	-1.031420999999682
25	11	-0.7618272500003513
25	11	-0.7488584999991872
25	11	-0.2972022499998275
25	11	0.06517275000078371
25	11	0.36939150000034715
25	11	0.7590779999991355
25	11	1.3672967499987863
25	11	1.4185779999970691
25	11	1.4775154999988445
25	12	-5.019825250001304
25	12	-4.9540752499997325
25	12	-3.823732500000915
25	12	-2.3668575000010605
25	12	-2.2532637500007695
25	12	-1.6042647499998566
25	12	-0.7627647500012245
25	12	-0.21595225000055507
25	12	0.1735789999984263
25	12	0.513140499999281
25	12	0.5403279999991355
25	12	1.8545779999985825
25	13	-5.111544750001485
25	13	-4.633419750003668
25	13	-1.229889500002173
25	14	-4.713638249999349
25	14	-1.5084517499999492
25	14	-0.6489215000001423
25	14	-0.3217027499995311
25	14	1.0081410000020696
25	14	1.017328500001895
25	15	-5.049263249999058
25	15	-3.4034204999989015
25	15	-2.2479830000011134
25	15	0.34504725000078906
25	15	1.462953500002186
25	16	-5.950013250003394
25	16	-5.8445757500012405
25	16	-5.567544500001532
25	16	-5.53720075000092
25	16	-2.8797955000045476
25	16	-1.9343902500004333
25	16	-1.0062027500025579
25	16	-0.5873590000010154
25	16	0.2958597499964526
25	16	0.3559222499970929
25	16	1.3585774999992282
25	16	1.757921249998617
25	17	-5.53170025000145
25	17	-3.4259512499993434
25	17	-1.8846085000004678
25	17	0.1850780000022496
25	17	0.3404530000007071
25	17	1.344046750000416
25	18	-4.61223224999776
25	18	-4.2106697499984875
25	18	-2.84204574999967
25	18	-2.4717019999989134
25	18	-1.9785144999987097
25	18	-0.18989049999800045
25	18	-0.11404674999721465
25	18	0.2447657500015339
25	18	0.775515750003251
25	18	0.7880782500033092
25	18	0.9537345000026107
25	18	1.7296397499994782
25	19	-5.826325250000082
25	19	-4.99532525000177
25	19	-4.028607500004
25	19	-4.019420000000537
25	19	-2.9392012500029523
25	19	-2.913576250000915
25	19	-2.8870137500016426
25	19	-1.0708272500014573
25	19	-0.8521084999993036
25	19	-0.7147960000002058
25	19	-0.2467022500022722
25	19	0.09245399999781512
25	19	0.2415477499998815
25	19	0.7095789999984845
25	19	0.7195165000011912
25	19	0.7422039999983099
25	20	-5.233137749997695
25	20	-5.081481499997608
25	20	-4.952106500000809
25	20	-4.8468565000002855
25	20	-2.785169999999198
25	20	-2.223294999996142
25	20	-2.1497637499960547
25	20	-1.2058585000013409
25	20	-0.6567647500014573
25	20	-0.2871709999999439
25	20	0.012485250001191162
25	20	0.14417274999868823
25	20	0.4200477500016859
25	20	0.9575780000013765
25	20	1.0968280000015511
25	20	1.3003905000005034
25	20	1.8425467500019295
25	20	1.873546750000969
25	21	-5.69470100000035
25	21	-5.689357249997556
25	21	-5.262450999998691
25	21	-5.02404475000003
25	21	-4.9027634999984
25	21	-4.762200999997731
25	21	-4.431107249998604
25	21	-4.127419749998808
25	21	-3.768607250000059
25	21	-3.626138499999797
25	21	-3.3587332499992044
25	21	-2.3431082499992044
25	21	-0.23467175000041607
25	21	-0.022546749998582527
25	21	1.3747345000010682
25	21	1.4727032500013593
25	22	-4.397763249999116
25	22	-3.032358000000386
25	22	-2.76242049999928
25	22	-2.7562017499985814
25	22	-2.4674830000003567
25	22	-2.430607999998756
25	22	-1.940264249999018
25	22	-1.5773892500001239
25	22	-1.4107954999999492
25	22	-0.6698902499992982
25	22	-0.166577750002034
25	22	0.46054725000067265
25	22	0.9180784999989555
25	23	-5.735263250000571
25	23	-5.701825750002172
25	23	-4.04488924999896
25	23	-3.7737955000011425
25	23	-2.765014249998785
25	23	-0.7858590000032564
25	23	-0.30979650000153924
25	23	0.31970349999755854
25	23	0.6899847499989846
25	23	0.877577499999461
25	23	0.8899837499993737
25	23	1.0634524999986752
25	23	1.4146399999990535
25	23	1.43585874999917
25	23	1.643514999999752
25	24	-5.620137999998406
25	24	-3.825326499998482
25	24	-2.3117952499960666
25	24	-1.494139999998879
25	24	-1.3574525000003632
25	24	-1.2784212500009744
25	24	-0.379014999998617
25	24	-0.3650774999987334
25	24	0.8727340000041295
25	24	1.1273902500033728
25	24	1.8909215000021504
25	24	1.9674840000006952
25	25	-5.803887250000116
25	25	-5.182513250001648
25	25	-1.3147954999985814
25	25	-0.7835767500000657
25	25	0.34876599999915925
25	25	0.3669847499986645
25	25	0.7525472499983152
25	25	1.4297972499989555
25	25	1.5924222499997995
25	25	1.7462659999982861
25	26	-5.696199999998498
25	26	-5.686824999997043
25	26	-5.676918749999459
25	26	-5.222857249998924
25	26	-5.124513499999011
25	26	-3.713513499998953
25	26	-2.8482322499985457
25	26	-2.7027957499994955
25	26	-2.684264499999699
25	26	-2.2740144999988843
25	26	-1.533951999997953
25	27	-4.798326250001992
25	27	-4.785638750003272
25	27	-2.769921000002796
25	27	-0.2540470000021742
25	27	-0.10310950000348384
25	28	-5.834106499998597
25	28	-5.0355450000024575
25	28	-3.872763750001468
25	28	-3.527669999999489
25	28	0.040140499997505685
25	28	1.4447967499982042
25	29	-5.774075000001176
25	29	-2.189983250002115
25	29	-2.1807957500022894
25	29	-1.045889500001067
25	29	-0.8698270000022603
25	29	-0.5722030000033556
25	29	-0.4357030000028317
25	29	0.30129699999815784
25	29	0.36545324999678996
25	29	1.1418282499980705
25	29	1.3010157499957131
25	29	1.7033282499978668
25	29	1.7141094999969937
25	30	-5.478919249999308
25	30	-3.4402640000007523
25	30	-3.086201499998424
25	30	-1.7601712499999849
25	30	-0.1143274999994901
25	30	-0.07410874999914085
25	30	0.5212652500013064
25	31	-4.622638500004541
25	31	-4.313513500001136
25	31	-4.243044750004628
25	31	-3.7950760000021546
25	31	-3.655607250002504
25	31	-3.6377010000032897
25	31	-2.0892957500000193
25	31	-0.7179520000026969
25	31	-0.585045750001882
25	31	-0.35801550000178395
25	31	-0.03492175000428688
25	31	0.19976574999600416
25	31	1.04904699999679
25	31	1.215890749997925
25	32	-5.883638499999506
25	32	-5.755138500000612
25	32	-5.751951000002009
25	32	-5.740950999999768
25	32	-4.07335724999939
25	32	-4.027044750000641
25	32	-3.4255769999981567
25	32	-2.6401707499971963
25	32	-2.4653269999980694
25	32	-2.411420749998797
25	32	-2.3911707499974
25	32	-0.6116404999993392
25	32	-0.11985925000044517
25	32	0.6482657499982452
25	32	1.8449834999992163
25	33	-5.913200250000955
25	33	-5.874387750001915
25	33	-5.4849190000022645
25	33	-5.1816074999987904
25	33	-4.052919999998267
25	33	-3.1402637499995762
25	33	0.056577999999717576
25	33	0.9198592499997176
25	33	0.9666404999989027
25	33	0.987234249998437
25	33	1.0820779999994556
25	34	-5.498201000002155
25	34	-5.389763500003028
25	34	-4.515638500000932
25	34	-4.381951000003028
25	34	-4.180013500001223
25	34	-2.583202000005258
25	34	1.6483897499965678
25	34	1.7062959999966552
25	35	-5.123825249997026
25	35	-4.653638749998208
25	35	-2.355233499998576
25	35	0.5989217500027735
25	35	1.3919217500042578
25	35	1.8103592500010564
25	36	-5.885137749999558
25	36	-5.873950249999325
25	36	-5.730575249999674
25	36	-5.619543999997404
25	36	-4.212826249997306
25	36	-2.7452647499994782
25	36	-2.7373897500001476
25	36	-2.5445459999973536
25	36	-2.246452249997674
25	36	-2.2334522499986633
25	36	-1.327577249998285
25	36	-1.1247960000000603
25	36	-1.0321084999995946
25	36	-1.022077249999711
25	36	-0.10660949999873992
25	36	-0.0836407499955385
25	36	-0.034328249996178783
25	36	1.3708592500042869
25	36	1.7456405000011728
25	37	-5.130482749998919
25	37	-5.117045249997318
25	37	-5.0522327499966195
25	37	-5.011607749998802
25	37	-4.999513999999181
25	37	-4.915888999996241
25	37	-4.632482749999326
25	37	-4.333326499996474
25	37	-3.9421389999988605
25	37	-1.6394837500010908
25	37	-1.0059524999996938
25	37	-1.000108749998617
25	37	-0.8813274999993155
25	37	-0.5017025000015565
25	37	0.297952750002878
25	37	0.4750465000033728
25	37	0.9309527500008699
25	37	0.9511715000007825
25	38	-5.265012500000012
25	38	-4.80491974999677
25	38	-4.554794749998109
25	38	-3.8852947499981383
25	38	-3.874482249997527
25	38	-3.3748259999993024
25	38	-3.3390759999965667
25	38	-0.22514049999881536
25	38	-0.14592174999779672
25	38	0.19782825000220328
25	38	1.5080157500015048
25	38	1.9263907500026107
25	39	-5.111826000000292
25	39	-0.9794207500017365
25	39	-0.9549520000000484
25	39	-0.9198895000008633
25	39	-0.3291395000014745
25	39	-0.289201999999932
25	39	0.31723450000208686
25	39	1.008547000001272
25	40	-5.642512750000606
25	40	-5.259012750000693
25	40	-3.9924190000019735
25	40	-3.539201249997859
25	40	-2.419732499998645
25	40	-1.8307324999987031
25	40	-0.9053897500016319
25	40	-0.8982647500015446
25	40	-0.577889750002214
25	40	-0.2879835000021558
25	40	0.6925789999986591
25	40	1.2217655000022205
25	40	1.3480779999990773
25	40	1.8637655000020459
25	41	-5.939856000004511
25	41	-4.2565757500015025
25	41	-4.2466070000009495
25	41	-2.890233000005537
25	41	-2.177514250004606
25	41	-1.9552642500057118
25	41	-1.2382642500051588
25	41	-1.2190455000054499
25	41	-1.1261080000040238
25	41	-0.5879215000022668
25	41	-0.06204650000290712
25	41	-0.0031090000011317898
25	41	0.4208284999986063
25	41	1.6735159999989264
25	42	-5.790138500000467
25	42	-5.640888500001893
25	42	-5.0434197499998845
25	42	-3.0678582500040648
25	42	-2.584452000002784
25	42	-2.510233250002784
25	42	-1.41310925000289
25	42	-1.3384530000002997
25	42	-0.5197030000017548
25	42	1.9569210000008752
25	43	-4.638982499996928
25	43	-4.212388749998354
25	43	-2.750732499996957
25	43	-2.3882960000009916
25	43	-1.9843272500002058
25	43	-1.9058584999984305
25	43	-1.8897959999994782
25	43	-1.8627960000012536
25	43	-1.7794834999986051
25	43	-0.6306084999996528
25	43	0.01973425000323914
25	43	0.04632800000399584
25	43	0.07689050000044517
25	43	0.09260925000126008
25	43	0.20079675000306452
25	43	0.7523280000023078
25	43	1.840546750001522
25	43	1.9680780000016966
25	44	-5.919762250003259
25	44	-5.525324750004074
25	44	-5.251575750000484
25	44	-4.860044500001095
25	44	-4.590138250001473
25	44	-4.551888250003685
25	44	-4.533732000003511
25	44	-4.168857000000571
25	44	-3.9016382500012696
25	44	-3.8689195000006293
25	44	-3.650013250000484
25	44	-2.409951750003529
25	44	-2.0179517500037036
25	44	-1.503076750002947
25	44	-1.278983000003791
25	44	-0.915608000002976
25	44	1.063078499995754
25	44	1.4294534999971802
25	44	1.6771409999964817
25	45	-5.494669999996404
25	45	-4.595201249998354
25	45	-4.018482499996026
25	45	-2.754389749996335
25	45	-2.5964209999947343
25	45	-2.3021397499978775
25	45	-0.7965772499956074
25	45	-0.7717959999972663
25	45	0.1702030000014929
25	45	0.5027342500034138
25	45	0.7664530000001832
25	45	1.4920155000036175
25	46	-5.856263249999756
25	46	-5.275981999999203
25	46	-4.411794499999814
25	46	-4.151732999998785
25	46	-3.9963580000003276
25	46	-3.6191704999982903
25	46	-2.127670499998203
25	46	0.8717962500013527
25	46	1.7542962500010617
25	46	1.781358750002255
25	47	-5.746701249998296
25	47	-4.592201249997743
25	47	-4.434669999998732
25	47	-4.421482499998092
25	47	-4.344076249999489
25	47	-4.320888750000449
25	47	-4.088638749999518
25	47	-4.069919999998092
25	47	-3.96157624999978
25	47	-3.389577250000002
25	47	-3.3811710000009043
25	47	-3.2415772500025923
25	47	-2.4830772500026796
25	47	-1.8420460000015737
25	47	-1.4381397500001185
25	47	-0.5315469999986817
25	47	-0.24282825000045705
25	47	0.47367175000181305
25	47	0.5112655000011728
25	47	1.1279842500007362
25	47	1.2902654999998049
25	47	1.30579674999899
25	47	1.3227967499988154
25	47	1.3723905000006198
25	48	-5.955794249999599
25	48	-5.241075500001898
25	48	-5.234981749999861
25	48	-4.977950500000588
25	48	-3.8465754999997444
25	48	-2.945701500000723
25	48	-2.9117952499982493
25	48	-2.787170249997871
25	48	-2.328388999998424
25	48	-1.730232750000141
25	48	-1.4826702499995008
25	48	-1.472920249998424
25	48	-0.9547650000022259
25	48	-0.705296250001993
25	48	0.4261100000003353
25	48	0.6167349999996077
25	48	0.7923599999994622
25	48	1.1980162500003644
25	48	1.8977965000012773
25	49	-5.871919749999506
25	49	-4.021888500003115
25	49	-4.010669750001398
25	49	-3.8359822500024165
25	49	-3.671669750001456
25	49	-3.6583260000006703
25	49	-3.608326000001398
25	49	-3.569576000001689
25	49	-3.244358249998186
25	49	-3.203670750001038
25	49	-2.8963582500000484
25	49	-2.875951999998506
25	49	-2.608170749997953
25	49	-2.541670750000776
25	49	-2.523576999999932
25	49	-1.9905145000011544
25	49	-0.14457800000309362
25	49	-0.034265500002220506
25	49	0.05304699999760487
25	49	0.07157824999740114
25	49	0.18589074999908917
25	49	0.21217199999955483
25	49	0.8212969999985944
25	49	1.0112344999979541
26	1	-5.70732549999957
26	1	-5.0625140000011015
26	1	-4.9776077500027895
26	1	-4.950764000001072
26	1	-3.998951500001567
26	1	-2.9753264999999374
26	1	-1.7520149999982095
26	1	-0.38485975000367034
26	1	0.20739024999784306
26	1	0.4125777499975811
26	1	0.48620274999848334
26	2	-4.953763249999611
26	2	-4.734419500000513
26	2	-3.15285799999765
26	2	-1.683170500000415
26	3	-4.746044749997964
26	3	-3.1976707499961776
26	3	-2.391295749996061
26	3	-1.6959207499967306
26	3	-1.3055769999991753
26	3	-1.2440457499978947
26	3	-1.0599832499974582
26	3	0.4955782500037458
26	3	1.5030157500041241
26	3	1.5718907500049681
26	4	-5.702794749995519
26	4	-5.533200999994733
26	4	-4.801138499995432
26	4	-4.2759197499945
26	4	-3.23510824999903
26	4	-1.6166395000000193
26	4	-0.5408279999974184
26	4	0.12723450000339653
26	4	0.49517200000263983
26	4	1.1722657500031346
26	4	1.3644210000020394
26	5	-5.851388249997399
26	5	-5.4046070000003965
26	5	-4.813888249998854
26	5	-3.621826750000764
26	5	-3.5281392500000948
26	5	-3.3342330000014044
26	5	-0.8466090000001714
26	5	0.05510974999924656
26	6	-5.131013250000251
26	6	-4.355450750001182
26	6	-0.9316090000029362
26	6	0.23767224999755854
26	6	0.45979724999779137
26	6	1.700983750000887
26	7	-5.511418999998568
26	7	-4.6796064999980445
26	7	-4.521731500000897
26	7	-3.9317627499985974
26	7	-2.8427949999968405
26	7	-2.7720449999978882
26	7	-1.5227949999971315
26	7	-1.482763749998412
26	7	-1.420357499999227
26	7	0.28751650000049267
26	7	1.128671750000649
26	7	1.1754842500013183
26	7	1.6257342500030063
26	8	-5.635794000001624
26	8	-5.620262750002439
26	8	-4.721419000001333
26	8	-4.664326250000158
26	8	-2.9491699999998673
26	8	-1.8964210000012827
26	8	-0.9737335000027088
26	8	1.1508280000016384
26	8	1.4461405000001832
26	9	-5.915793500000291
26	9	-4.347357000002376
26	9	-3.920575750002172
26	9	-2.5793267500012007
26	9	-2.1038579999985814
26	9	-1.9181392499995127
26	9	-0.2353590000020631
26	9	1.462734749999072
26	9	1.6157347499975003
26	10	-5.471294750001107
26	10	-1.6053582500026096
26	10	-0.46198425000329735
26	11	-5.902325250004651
26	11	-5.713419000003341
26	11	-1.8710460000002058
26	11	-0.7530772499994782
26	11	-0.3654522500000894
26	11	-0.3356397499992454
26	11	0.14057899999897927
26	11	1.787077999997564
26	12	-4.740075249999791
26	12	-3.5866387500027486
26	12	-0.46660849999898346
26	12	-0.3652647499984596
26	12	0.2540164999991248
26	12	0.3414852499990957
26	13	-5.415419750002911
26	13	-3.4286072500035516
26	13	-3.2902322500012815
26	13	-2.1145145000009506
26	13	-0.3327030000036757
26	13	0.1843907499969646
26	13	1.458796999995684
26	14	-5.777700749997166
26	14	-5.720044499998039
26	14	-4.333450750000338
26	14	-3.7094819999983883
26	14	-3.540889250001783
26	14	-3.3364829999991343
26	14	-2.592639250000502
26	14	-2.388576749999629
26	14	-1.036546499999531
26	14	-0.7487340000006952
26	14	0.3427972499994212
26	14	0.41842225000073086
26	14	0.8903597499993339
26	15	-5.41054449999865
26	15	-4.551575749996118
26	15	-3.2835767500000657
26	15	-3.274483000001055
26	15	-2.458983000000444
26	15	0.0984847500003525
26	15	0.5980160000035539
26	15	0.8415160000004107
26	15	1.9283900000009453
26	16	-5.79866949999996
26	16	-3.7903580000020156
26	16	-1.22557775000314
26	16	0.1960472499995376
26	16	1.3602337500014983
26	16	1.6819212500013236
26	16	1.7553899999984424
26	17	-5.008419999998296
26	17	-4.626732499997161
26	17	-3.770263749996957
26	17	-2.0142960000011954
26	17	-0.4380147500014573
26	17	1.300359250002657
26	17	1.9531717499994556
26	18	-4.100732249997236
26	18	-3.6284197499953734
26	18	-2.5748270000003686
26	18	-2.5524207499984186
26	18	-1.6598582499973418
26	18	-0.3566717499961669
26	19	-1.6575450000018463
26	19	-1.6135450000037963
26	19	-1.2460147500023595
26	19	-0.8316709999999148
26	19	-0.8245772500013118
26	19	1.2330467499996303
26	19	1.4672030000001541
26	19	1.7470780000003288
26	20	-4.2174824999965494
26	20	-1.7715459999999439
26	20	-1.0880772499986051
26	20	-0.9470147499996528
26	20	-0.34773349999886705
26	20	0.5667352499986009
26	21	-4.9600447499979055
26	21	-2.542264499999874
26	21	-1.9623895000004268
26	21	-1.8110770000021148
26	21	-1.8066082500008633
26	21	0.9840470000017376
26	22	-5.573263250000309
26	22	-5.310700750000251
26	22	-2.3485454999972717
26	23	-5.732919500002026
26	23	-5.092263250000542
26	23	-4.661263250003685
26	23	-4.629575750001095
26	23	-2.1922017500000948
26	23	-2.182982999998785
26	23	-0.5522340000024997
26	23	0.9329524999993737
26	24	-5.819700500000181
26	24	-3.5679827499989187
26	24	-2.816857749996416
26	24	-1.433796249999432
26	24	-0.37495249999847147
26	24	0.5854527500014228
26	25	-5.179294500001561
26	25	-4.950138250002055
26	25	-3.924482000002172
26	25	-2.6806704999980866
26	25	-2.4561392499999783
26	25	-0.7509829999980866
26	25	-0.2999829999971553
26	26	-4.747419750001427
26	26	-2.06592074999935
26	26	-0.3240144999981567
26	26	1.987984499999584
26	27	-4.347232500003884
26	27	-3.8192637500033015
26	27	-0.22064075000525918
26	27	1.280296749995614
26	28	-4.4776700000002165
26	28	-3.297920000000886
26	28	-1.810014750000846
26	28	-1.427702249999129
26	28	-0.3979532500015921
26	28	-0.2690157500001078
26	29	-5.00366975000361
26	29	-4.915732250003202
26	29	-3.925451000002795
26	29	-3.7354197500026203
26	29	-3.154294750002009
26	29	-2.17573325000194
26	29	-1.8309520000002522
26	29	-1.1239520000017365
26	29	-0.9247332500017365
26	29	0.004921999996440718
26	29	0.20189074999507284
26	29	0.8837657499971101
26	29	0.9363594999958877
26	30	-5.0470442499972705
26	30	-4.144295250000141
26	30	-3.7793265000000247
26	30	-1.9847649999974237
26	30	-0.3953274999985297
26	30	-0.007764999998471467
26	31	-5.516262500001176
26	31	-3.707638500003668
26	31	-2.7289207499998156
26	31	-1.5451395000018238
26	31	0.7996407499958877
26	32	-5.963919750000059
26	32	-4.243169749999652
26	32	-3.287983250000252
26	32	-2.992545749999408
26	32	-1.7713582500000484
26	32	0.6255469999996421
26	33	-3.6969199999984994
26	33	-3.4916699999994307
26	33	-1.6369522500026505
26	34	-3.487077000005229
26	34	-3.04970200000389
26	34	-2.7177332500032207
26	34	-1.836389500003861
26	34	-1.4169520000032207
26	34	-1.3280770000019402
26	34	-0.8350155000007362
26	34	-0.658078000000387
26	34	-0.555390500001522
26	34	0.48632824999731383
26	34	0.8078282499991474
26	35	-5.826856499999849
26	35	-4.498138749997452
26	35	-3.4126699999978882
26	35	-2.6313574999985576
26	35	-0.8843584999995073
26	35	0.3272967500015511
26	35	1.1950780000042869
26	36	-5.357201249997161
26	36	-5.2188262499985285
26	36	-4.446451249998063
26	36	0.8014217500021914
26	37	-5.737700499998027
26	37	-5.729887999998027
26	37	-5.659669249998842
26	37	-4.133357749997231
26	37	-3.879482749998715
26	37	-2.534858750001149
26	37	0.4632340000025579
26	37	0.7862965000022086
26	38	-2.2780457500011835
26	38	-2.271295750000718
26	38	-0.31217074999949546
26	38	0.11139075000028242
26	38	1.921078250001301
26	39	-3.5618260000010196
26	39	-3.167857249998633
26	39	-2.818669749998662
26	39	-2.203670750001038
26	39	-1.2824520000031043
26	39	-1.1852332500020566
26	39	0.1971407499986526
26	39	0.2963907500015921
26	39	0.814984500000719
26	39	1.282609500001854
26	40	-4.632575250001537
26	40	-3.517169999999169
26	40	-1.708794999998645
26	40	1.1475780000000668
26	40	1.511296749999019
26	40	1.8134217500009981
26	41	-3.0382017500051006
26	41	-2.980264250003529
26	41	-1.7367017500037036
26	42	-4.201764500001445
26	42	-3.5055457500020566
26	42	-3.4849520000025223
26	42	-0.6057967500019004
26	42	1.5933272500005842
26	43	-5.964418999999907
26	43	-5.01441999999588
26	43	-4.766669999997248
26	44	-5.917418500004715
26	44	-3.7492945000012696
26	44	-2.7944517500036454
26	44	-1.625826750005217
26	44	1.1013909999965108
26	45	-4.511044999999285
26	45	-3.5781074999977136
26	45	-3.3398262499977136
26	45	-2.361295999995491
26	45	-2.2262959999970917
26	45	-2.2100147499950253
26	45	0.29476550000254065
26	45	0.3036092500005907
26	46	-5.839794499999698
26	46	-3.779482999998436
26	46	-3.2901392499989015
26	46	-2.7723579999983485
26	46	-2.3922329999986687
26	46	-2.030826750000415
26	46	-0.4115464999995311
26	46	0.21373474999927566
26	46	0.754327500002546
26	47	-4.930701249999402
26	47	-4.443826250000711
26	47	-2.86942099999942
26	47	-2.452077250000002
26	47	-2.0202960000024177
26	47	-0.4071407499977795
26	47	0.7282967499995721
26	48	-5.477638000000297
26	48	-3.4951702500002284
26	48	1.707702750001772
26	49	-5.316576000001078
26	49	-4.563388500002475
26	49	-4.041107250002824
26	49	-2.9566082499986805
26	49	-2.7607019999995828
26	49	-1.8366707499990298
26	49	-1.5597332500001357
26	49	-1.372264499997982
26	49	-0.5952342500022496
26	49	0.16917199999807053
27	1	-5.422670250001829
27	1	-5.397326500002237
27	1	-5.338607749999937
27	1	-5.288639000002149
27	1	-5.2741702500024985
27	1	-4.832420250000723
27	1	-4.644326500001625
27	1	-4.477014000000054
27	1	-4.4359202500018
27	1	-4.2926702500008105
27	1	-4.283701500000461
27	1	-4.198295250000228
27	1	-4.058732750003401
27	1	-3.923170250000112
27	1	-3.8883890000033716
27	1	-3.8756077500001993
27	1	-3.453295250001247
27	1	-3.2733265000024403
27	1	-2.8059837500004505
27	1	-2.715264999998908
27	1	-2.6817024999982095
27	1	-2.557858749998559
27	1	-2.489108750000014
27	1	-2.123264999998355
27	1	-2.0814524999987043
27	1	-2.0763274999990244
27	1	-2.03395250000176
27	1	-2.0148587500007125
27	1	-1.8370150000009744
27	1	-1.6785462500010908
27	1	-1.6638275000004796
27	1	-1.6036400000011781
27	1	-1.315077499999461
27	1	-1.2937337500006834
27	1	-1.2118587500008289
27	1	-1.1119212500016147
27	1	-1.0696712499993737
27	1	-1.0414525000014692
27	1	-0.9912337499990826
27	1	-0.905952500001149
27	1	-0.7347650000010617
27	1	-0.7162649999991118
27	1	-0.664171249998617
27	1	-0.15129725000224425
27	1	0.12535899999784306
27	1	0.2562339999967662
27	1	0.45198399999935646
27	1	0.5271089999987453
27	1	0.5427339999987453
27	1	0.637890249996417
27	1	0.6864527499965334
27	1	0.7221714999977848
27	1	0.7747339999987162
27	1	0.8089839999993274
27	1	0.8891714999990654
27	1	0.9468902499975229
27	1	0.9686714999988908
27	1	1.0552652499973192
27	1	1.0806714999962423
27	1	1.104702749998978
27	1	1.315327749998687
27	1	1.336702749998949
27	1	1.3394527499985998
27	1	1.3460777499967662
27	1	1.3632964999997057
27	1	1.3684214999993856
27	1	1.3757339999974647
27	1	1.3904214999965916
27	1	1.831671499996446
27	1	1.838452749998396
27	1	1.8769839999986289
27	1	1.9436402499995893
27	1	1.9497339999979886
27	1	1.9977652499983378
27	2	-5.804605999997875
27	2	-5.779418499998428
27	2	-5.770824749997701
27	2	-5.75654349999968
27	2	-5.703262249997351
27	2	-5.551700750002055
27	2	-5.50223200000255
27	2	-5.411544500002492
27	2	-5.201669500002026
27	2	-5.048607000000629
27	2	-4.5182945000015025
27	2	-4.509732000002259
27	2	-4.3907319999998435
27	2	-4.369294500000251
27	2	-4.06307575000028
27	2	-4.0477007500012405
27	2	-3.875888250000571
27	2	-3.732357000000775
27	2	-3.711200749999989
27	2	-3.693700750001881
27	2	-3.6195757500026957
27	2	-3.5046070000025793
27	2	-3.4712319999998726
27	2	-3.4433882500015898
27	2	-3.3647007500003383
27	2	-3.3551382500008913
27	2	-3.312981999999465
27	2	-3.0801392499997746
27	2	-3.0342017500006477
27	2	-2.8978892499981157
27	2	-2.8831704999975045
27	2	-2.7083892499977082
27	2	-2.687389250000706
27	2	-2.68185799999992
27	2	-1.9786392499991052
27	2	-1.9611704999988433
27	2	-1.8302954999999201
27	2	-1.7114829999991343
27	2	-1.6548892499995418
27	2	-1.646389249999629
27	2	-1.5911392499983776
27	2	-1.3958892499977082
27	2	-1.2612329999974463
27	2	-1.216701749999629
27	2	-1.1572955000010552
27	2	-1.153983000000153
27	2	-0.855670500000997
27	2	-0.8516080000008515
27	2	-0.8436079999992216
27	2	-0.8387954999998328
27	2	-0.8299205000002985
27	2	-0.7111704999988433
27	2	-0.572515250001743
27	2	-0.5614840000016557
27	2	-0.5502965000014228
27	2	-0.48551525000220863
27	2	-0.458515250000346
27	2	-0.4281402500018885
27	2	-0.3494215000027907
27	2	-0.27157775000159745
27	2	-0.1945152500011318
27	2	-0.1258277500019176
27	2	-0.09342150000156835
27	2	0.14332849999846076
27	2	0.21529724999709288
27	2	0.23626599999988684
27	2	0.38476599999921746
27	2	0.4110159999981988
27	2	0.5670472499987227
27	2	0.5812347499995667
27	2	0.6085160000002361
27	2	0.7051409999985481
27	2	0.7510472499998286
27	2	0.7962659999975585
27	2	0.8487034999998286
27	2	0.8517347499982861
27	2	0.898078499998519
27	2	0.9393284999969183
27	2	1.0466097499993339
27	2	1.0646722499986936
27	2	1.2260160000005271
27	2	1.2631722499972966
27	2	1.463672249999945
27	2	1.5832034999984899
27	2	1.6325784999971802
27	2	1.6683909999992466
27	2	1.6914847499974712
27	2	1.7065159999983734
27	2	1.7134847499983152
27	2	1.9115462500012654
27	3	-5.891512499998498
27	3	-5.705544749998808
27	3	-5.459263500000816
27	3	-5.420513500001107
27	3	-4.7887947499984875
27	3	-4.64635724999971
27	3	-4.5608885000001465
27	3	-4.528044750000845
27	3	-4.514044749997993
27	3	-4.438169749999361
27	3	-4.219294750000699
27	3	-4.17638850000003
27	3	-3.9530447500001173
27	3	-3.775576000000001
27	3	-3.754794749998837
27	3	-3.734669749999739
27	3	-3.7314509999996517
27	3	-3.729232249999768
27	3	-3.7012009999998554
27	3	-3.6873259999993024
27	3	-3.462857250000525
27	3	-3.2966072499984875
27	3	-3.2936072499978764
27	3	-3.240732250000292
27	3	-3.2224519999981567
27	3	-3.17529574999935
27	3	-3.1713582499978656
27	3	-2.9088894999986223
27	3	-2.8246082499972545
27	3	-2.652358249997633
27	3	-2.624639499998011
27	3	-2.588045749998855
27	3	-2.4784832499972254
27	3	-2.4029519999967306
27	3	-1.947201999999379
27	3	-1.9442332499966142
27	3	-1.90185824999935
27	3	-1.806045749995974
27	3	-1.530045749997953
27	3	-1.424483249997138
27	3	-1.009483249996265
27	3	-0.8354519999993499
27	3	-0.7846707499993499
27	3	-0.570702999997593
27	3	-0.5466717499948572
27	3	-0.5047967499958759
27	3	-0.4872029999969527
27	3	-0.38660924999567214
27	3	-0.36092174999430426
27	3	-0.343109249995905
27	3	-0.2746092499946826
27	3	-0.21882799999730196
27	3	-0.20220299999709823
27	3	-0.11723424999581766
27	3	-0.0956092499945953
27	3	-0.039859249995060964
27	3	0.41557825000563753
27	3	0.4222657500031346
27	3	0.6469845000028727
27	3	0.8690470000037749
27	3	0.8710782500056666
27	3	0.8950470000054338
27	3	0.9088282500051719
27	3	0.9169845000033092
27	3	0.920047000003251
27	3	0.9230782500053465
27	3	0.9273282500034838
27	3	0.9298907500051428
27	3	1.275109500002145
27	3	1.3512970000047062
27	3	1.4842032500055211
27	3	1.4876407500050846
27	3	1.4974220000040077
27	3	1.704078250004386
27	3	1.7528595000039786
27	3	1.8191397500013409
27	4	-5.694888499994704
27	4	-5.315263499996945
27	4	-5.070513499995286
27	4	-4.961982249995344
27	4	-4.809263499995723
27	4	-4.628575999995519
27	4	-4.515982249995432
27	4	-4.413419749995228
27	4	-4.387763499995344
27	4	-4.371513499994762
27	4	-4.340419749994908
27	4	-4.315638499996567
27	4	-3.9409197499953734
27	4	-3.4019207499986805
27	4	-3.3989207499980694
27	4	-3.3511082499971963
27	4	-2.82129574999999
27	4	-2.7971707499964396
27	4	-2.7665144999991753
27	4	-2.7054832499998156
27	4	-2.6942644999980985
27	4	-2.55645199999708
27	4	-2.541983249997429
27	4	-2.5164519999998447
27	4	-2.4380769999988843
27	4	-2.3801394999973127
27	4	-2.3467957499997283
27	4	-2.3029207499967015
27	4	-2.2874832499983313
27	4	-2.283733249998477
27	4	-2.2149519999984477
27	4	-2.1273582499998156
27	4	-2.1229519999978947
27	4	-2.100076999999146
27	4	-2.0978582499992626
27	4	-2.093483249998826
27	4	-2.05542074999903
27	4	-1.7208582499988552
27	4	-1.7102957499992044
27	4	-1.6474832499989134
27	4	-1.6289207499976328
27	4	-1.5572644999992917
27	4	-1.4748894999975164
27	4	-1.4712644999999611
27	4	-1.4667019999978947
27	4	-1.4464207499986514
27	4	-1.297108249997109
27	4	-1.2559519999995246
27	4	-1.2145457499973418
27	4	-1.1881394999982149
27	4	-1.1847019999986514
27	4	-0.8098279999976512
27	4	-0.734765499997593
27	4	-0.524859249995643
27	4	-0.4910779999954684
27	4	-0.4363592499976221
27	4	-0.3894529999961378
27	4	-0.32742174999657436
27	4	-0.2622029999947699
27	4	-0.24454674999651616
27	4	-0.24148424999657436
27	4	-0.21939049999491544
27	4	-0.2135779999953229
27	4	0.017765750002581626
27	4	0.02645325000412413
27	4	0.04492200000458979
27	4	0.06314075000409503
27	4	0.12335950000488083
27	4	0.7260470000037458
27	4	1.0416407500051719
27	4	1.2007345000019995
27	4	1.2215782500024943
27	4	1.3513585000000603
27	4	1.774546000000555
27	4	1.877327250000235
27	4	1.9215772500028834
27	4	1.9979835000012827
27	5	-5.9636069999978645
27	5	-5.912481999999727
27	5	-5.86898199999996
27	5	-5.149231999999756
27	5	-4.9131382499981555
27	5	-4.621106999999029
27	5	-4.514106999999058
27	5	-4.294888249998621
27	5	-3.779638249998243
27	5	-3.709076750001259
27	5	-3.7046080000000075
27	5	-3.6854830000011134
27	5	-3.680514250001579
27	5	-3.6683267500011425
27	5	-3.6284205000010843
27	5	-3.484389249999367
27	5	-3.2800454999996873
27	5	-3.1288267500021902
27	5	-2.774889250002161
27	5	-2.7140767500022775
27	5	-2.5793892500005313
27	5	-2.5697642500017537
27	5	-2.5307329999996
27	5	-2.5143580000003567
27	5	-2.4189517500017246
27	5	-2.2262017499997455
27	5	-2.1237954999996873
27	5	-1.8263580000020738
27	5	-1.7096392500025104
27	5	-1.6026080000010552
27	5	-1.5486080000009679
27	5	-1.477483000002394
27	5	-1.3662017500028014
27	5	-1.2024214999983087
27	5	-0.9166714999992109
27	5	-0.7340464999979304
27	5	-0.6582652500001132
27	5	-0.5042964999993274
27	5	-0.4584214999995311
27	5	-0.35673400000086986
27	5	-0.21451524999793037
27	5	0.016328500001691282
27	5	0.32367225000052713
27	5	0.3538909999988391
27	5	0.36207850000209874
27	5	0.37717225000233157
27	5	0.41276600000128383
27	5	0.6599222500008182
27	5	1.0176722500000324
27	5	1.3017962499980058
27	5	1.6645462499982386
27	5	1.6688274999978603
27	5	1.7067962499968417
27	5	1.7250462499978312
27	5	1.7662962499998685
27	6	-5.946294500001386
27	6	-5.6525445000006584
27	6	-5.588544500002172
27	6	-5.55813825000223
27	6	-5.4163257500003965
27	6	-5.349794500001735
27	6	-5.0775132500020845
27	6	-5.064232000000629
27	6	-4.982575750000251
27	6	-4.890607000001182
27	6	-4.685919500003365
27	6	-4.667450750002899
27	6	-4.5860445000034815
27	6	-4.4983570000003965
27	6	-4.476607000000513
27	6	-4.402825750003103
27	6	-4.236013250003452
27	6	-4.202544500003569
27	6	-4.09201325000322
27	6	-4.052575750003598
27	6	-4.035638250003103
27	6	-4.025888250002026
27	6	-4.009325750001153
27	6	-4.003825750001852
27	6	-3.9861382500021136
27	6	-3.9612320000014734
27	6	-3.837795499999629
27	6	-3.7591080000020156
27	6	-3.617920500000764
27	6	-3.449014249999891
27	6	-3.332545500001288
27	6	-3.057982999998785
27	6	-3.038764249999076
27	6	-3.023014250000415
27	6	-2.8481080000019574
27	6	-2.800076750001608
27	6	-2.7703267500000948
27	6	-2.6417954999997164
27	6	-2.6157955000016955
27	6	-2.175576749999891
27	6	-2.023232999999891
27	6	-1.9397954999985814
27	6	-1.925670500000706
27	6	-1.9150455000017246
27	6	-1.8124204999985523
27	6	-1.8045142500013753
27	6	-1.5192017500012298
27	6	-1.317984000001161
27	6	-1.229796500003431
27	6	-1.2186402500010445
27	6	-1.2054840000018885
27	6	-1.0419527500016557
27	6	-1.0295777500032273
27	6	-0.9568902500031982
27	6	-0.918734000002587
27	6	-0.6328902500026743
27	6	-0.6050465000007534
27	6	-0.5849840000009863
27	6	-0.5620152500014228
27	6	-0.542296500003431
27	6	-0.5309527500030526
27	6	-0.5190152500035765
27	6	-0.49576525000156835
27	6	-0.38092150000375113
27	6	-0.27339025000401307
27	6	-0.09657775000232505
27	6	0.15960974999688915
27	6	0.1835159999973257
27	6	0.19876599999770406
27	6	0.4240784999965399
27	6	0.4359222499988391
27	6	0.6341409999986354
27	6	0.6517659999990428
27	6	0.6837347499968018
27	6	0.7739847499979078
27	6	0.8382659999988391
27	6	0.9878284999977041
27	6	1.0014222499994503
27	6	1.3570462499992573
27	6	1.3722024999988207
27	6	1.3908587500009162
27	6	1.3963587500002177
27	6	1.4600774999998976
27	6	1.4629524999982095
27	6	1.6587025000007998
27	6	1.9010774999987916
27	6	1.98951500000112
27	7	-5.759700250000606
27	7	-5.680356500000926
27	7	-5.2554815000003146
27	7	-5.244356499999412
27	7	-4.975387750000664
27	7	-4.874356500000431
27	7	-4.692387750001217
27	7	-4.599731499998597
27	7	-4.562950249997812
27	7	-4.382356499998423
27	7	-4.122106499999063
27	7	-3.886293999999907
27	7	-3.86066899999787
27	7	-3.808919999999489
27	7	-3.8018887499965786
27	7	-3.7858262499976263
27	7	-3.5547637499985285
27	7	-3.509576249998645
27	7	-3.443669999996928
27	7	-3.153294999996433
27	7	-3.1195449999977427
27	7	-2.865888749998703
27	7	-2.8490449999990233
27	7	-2.351263749998907
27	7	-2.3099199999960547
27	7	-2.1822324999993725
27	7	-1.7642637499993725
27	7	-1.7472949999973935
27	7	-1.7298887499964621
27	7	-1.2893897499998275
27	7	-1.2751710000011371
27	7	-1.1300772499998857
27	7	-1.0606397500014282
27	7	-1.0045460000001185
27	7	-0.9868585000003804
27	7	-0.6680772500003513
27	7	-0.27207724999971106
27	7	-0.20570225000119535
27	7	-0.0824834999984887
27	7	-0.06732724999892525
27	7	0.03876650000165682
27	7	0.04954775000078371
27	7	0.11286024999935762
27	7	0.29892275000020163
27	7	0.3313914999998815
27	7	0.5511102499986009
27	7	0.760922749999736
27	7	0.9055790000020352
27	7	1.0589540000000852
27	7	1.0700477499995031
27	7	1.0952040000011039
27	7	1.2932342500025698
27	7	1.379203000000416
27	7	1.386078000003181
27	7	1.4757342500015511
27	7	1.6587342500024533
27	7	1.852265500001522
27	7	1.8767030000017257
27	7	1.9201405000021623
27	8	-5.806075250002323
27	8	-5.791481500000373
27	8	-5.645856499999354
27	8	-5.4366064999994705
27	8	-5.014512749999994
27	8	-4.96016900000177
27	8	-4.9370127500005765
27	8	-4.920544000000518
27	8	-4.876012750002701
27	8	-4.757387749999907
27	8	-4.675919999997859
27	8	-4.642763749998267
27	8	-4.1033887499979755
27	8	-4.037326249999751
27	8	-3.994263749998936
27	8	-3.9669512500004203
27	8	-3.7934824999974808
27	8	-3.382638749997568
27	8	-3.293388750000304
27	8	-3.1760450000001583
27	8	-3.1081075000001874
27	8	-3.0605450000002747
27	8	-3.0435450000004494
27	8	-2.6590762499981793
27	8	-2.3852325000007113
27	8	-2.290857500000129
27	8	-2.151796000001923
27	8	-1.9552960000000894
27	8	-1.7740772500001185
27	8	-1.65745225000137
27	8	-1.2058585000013409
27	8	-1.190045999999711
27	8	-1.1288585000002058
27	8	-1.068733500000235
27	8	-1.0541085000004387
27	8	-0.9686085000030289
27	8	-0.7522647500009043
27	8	-0.7499522500002058
27	8	-0.6105147500020394
27	8	-0.48760849999962375
27	8	-0.41745224999976926
27	8	-0.3567647500021849
27	8	-0.04513975000008941
27	8	-0.03204600000026403
27	8	-0.010014750001573702
27	8	0.36495300000024145
27	8	0.5052654999999504
27	8	0.5462030000016966
27	8	0.5689842499996303
27	8	0.5935467500021332
27	8	0.6759217500002705
27	8	0.9331405000011728
27	8	1.077078000002075
27	8	1.1263592499999504
27	8	1.1307655000018713
27	8	1.1552655000014056
27	8	1.1676092500019877
27	8	1.3352342500002123
27	8	1.4697342500003288
27	8	1.7686717500000668
27	8	1.7839842499997758
27	8	1.834890500002075
27	8	1.8899217500002123
27	9	-5.951168499999767
27	9	-5.86988724999901
27	9	-5.727668499999709
27	9	-5.552700750002259
27	9	-5.512763250000717
27	9	-5.479513250000309
27	9	-5.3830132500006584
27	9	-5.317544500001532
27	9	-5.210356999999931
27	9	-4.961607000001095
27	9	-4.94198200000028
27	9	-4.8183570000001055
27	9	-4.504982000002201
27	9	-4.406669500000135
27	9	-4.3836382500012405
27	9	-4.185482000000775
27	9	-3.9939195000006293
27	9	-3.253044500001124
27	9	-3.0388267499984067
27	9	-2.913232999999309
27	9	-2.659014249999018
27	9	-2.6302642500013462
27	9	-2.2965142499997455
27	9	-2.1852954999994836
27	9	-1.9548267499994836
27	9	-1.7983580000000075
27	9	-1.790389249999862
27	9	-1.595607999999629
27	9	-1.4856704999983776
27	9	-1.4725142499992216
27	9	-1.3113267500011716
27	9	-1.1218579999986105
27	9	-0.9647330000007059
27	9	-0.9491392499985523
27	9	-0.8484204999986105
27	9	-0.740951750001841
27	9	-0.6807330000010552
27	9	-0.4765777500033437
27	9	-0.21304650000092806
27	9	-0.015015250002761604
27	9	0.011047249998227926
27	9	0.3414222499995958
27	9	0.35654724999767495
27	9	0.3985159999974712
27	9	0.5572034999968309
27	9	0.9281722499981697
27	9	0.9600472499987518
27	9	0.9711097499966854
27	9	1.0257034999995085
27	9	1.214890999999625
27	9	1.5160784999970929
27	9	1.5367972499989264
27	9	1.8659847499984608
27	9	1.9712650000001304
27	10	-5.494919750002737
27	10	-5.458857250003348
27	10	-5.236357250003493
27	10	-5.210107250004512
27	10	-5.192607250002766
27	10	-5.049951000004512
27	10	-4.6740760000029695
27	10	-4.517451000003348
27	10	-3.9484510000038426
27	10	-3.761858249999932
27	10	-3.7437019999997574
27	10	-3.722577000000456
27	10	-3.381702000002406
27	10	-3.2959520000003977
27	10	-3.008889500000805
27	10	-2.956670750001649
27	10	-2.888389499999903
27	10	-2.8500144999998156
27	10	-2.668295750001562
27	10	-2.4862020000000484
27	10	-2.47363949999999
27	10	-2.262577000001329
27	10	-2.211389500000223
27	10	-2.108795750002173
27	10	-2.094608250001329
27	10	-2.0922019999998156
27	10	-1.9806395000014163
27	10	-1.8858895000012126
27	10	-1.8358895000019402
27	10	-1.7115770000018529
27	10	-1.4607957500011253
27	10	-1.3938269999998738
27	10	-1.3492020000012417
27	10	-1.3219520000020566
27	10	-0.8785155000041414
27	10	-0.7235155000016675
27	10	-0.509234250002919
27	10	-0.41035925000323914
27	10	0.2643594999972265
27	10	0.2704219999977795
27	10	0.27320324999527656
27	10	0.9839219999958004
27	10	1.0621407499966153
27	10	1.1010782499979541
27	10	1.1823282499972265
27	10	1.5557022499997402
27	10	1.7630460000000312
27	10	1.7981084999992163
27	10	1.8536709999971208
27	10	1.8817334999985178
27	11	-5.842669000005117
27	11	-5.814981500003341
27	11	-5.755356500001653
27	11	-5.632544000003691
27	11	-5.60470025000177
27	11	-5.5921377500017115
27	11	-5.566044000002876
27	11	-5.402137750003021
27	11	-5.359387750002497
27	11	-5.1862940000028175
27	11	-5.136825250003312
27	11	-5.115856500004156
27	11	-5.105012750002061
27	11	-5.056419000004098
27	11	-4.90591900000436
27	11	-4.857794000003196
27	11	-4.709075250004389
27	11	-4.571794000003138
27	11	-4.280076250001002
27	11	-4.082982500000071
27	11	-4.06992000000173
27	11	-3.9472325000024284
27	11	-3.895263750000595
27	11	-3.8177325000033306
27	11	-3.6618887500007986
27	11	-3.530951250002545
27	11	-3.517295000001468
27	11	-3.340076250002312
27	11	-3.2416075000001
27	11	-3.125326250003127
27	11	-2.8378887500002747
27	11	-2.7420450000026904
27	11	-2.588732500000333
27	11	-2.5567012500032433
27	11	-2.5094512499999837
27	11	-2.418920000000071
27	11	-2.3705450000015844
27	11	-2.306763750002574
27	11	-2.2590450000025157
27	11	-2.1321700000007695
27	11	-2.123576250000042
27	11	-2.122045000000071
27	11	-2.1188262499999837
27	11	-2.0498262500004785
27	11	-2.0315450000016426
27	11	-1.9372022499992454
27	11	-1.9072960000012245
27	11	-1.8457022500006133
27	11	-1.8032959999982268
27	11	-1.7140772499988088
27	11	-1.6076084999986051
27	11	-1.5683585000006133
27	11	-1.540358499998547
27	11	-1.5056084999996528
27	11	-1.4198272499997984
27	11	-1.3203585000010207
27	11	-1.1161710000014864
27	11	-0.9947022499982268
27	11	-0.9362647499983723
27	11	-0.6947022499989544
27	11	-0.6782334999988961
27	11	-0.380827249999129
27	11	-0.31642099999953643
27	11	-0.2951710000015737
27	11	-0.15926475000014761
27	11	-0.1506397500015737
27	11	-0.03707724999912898
27	11	0.7344217499994556
27	11	0.8967967499993392
27	11	0.9158592499989027
27	11	0.9369842499982042
27	11	0.9807654999967781
27	11	1.025171749999572
27	11	1.071015499997884
27	11	1.1023279999972146
27	11	1.3924217499989027
27	11	1.4146404999992228
27	11	1.4248904999985825
27	11	1.8441092499997467
27	11	1.8684529999991355
27	11	1.8707967499976803
27	11	1.8738279999997758
27	12	-5.918262750001304
27	12	-5.782231500001217
27	12	-5.690012750001188
27	12	-5.559231499999441
27	12	-5.406231500001013
27	12	-5.357918999998219
27	12	-5.227544000001217
27	12	-5.133856500000547
27	12	-4.705794000001333
27	12	-4.579732500002137
27	12	-4.5078887500021665
27	12	-4.476982500000304
27	12	-4.432013750003534
27	12	-4.099201250002807
27	12	-4.074357500001497
27	12	-3.8319200000005367
27	12	-3.805107500000304
27	12	-3.78207625000141
27	12	-3.7793575000032433
27	12	-3.7723575000018172
27	12	-3.769670000001497
27	12	-3.754638750000595
27	12	-3.744357500003389
27	12	-3.7415450000007695
27	12	-3.7376387500007695
27	12	-3.733763750002254
27	12	-3.7171700000035344
27	12	-3.6957012500024575
27	12	-3.275951250001526
27	12	-3.123982500001148
27	12	-2.735732500001177
27	12	-2.7105762500032142
27	12	-2.60117000000173
27	12	-2.494170000001759
27	12	-2.3748575000026904
27	12	-2.130076250003185
27	12	-2.114264750001894
27	12	-2.10007725000105
27	12	-2.078014750000875
27	12	-1.9102647500003513
27	12	-1.7580459999990126
27	12	-1.710296000001108
27	12	-1.5211085000009916
27	12	-1.4216710000000603
27	12	-1.1811397499986924
27	12	-1.1702647499987506
27	12	-0.8994210000018938
27	12	-0.8215459999992163
27	12	-0.6093897499995364
27	12	-0.5906084999987797
27	12	-0.5439522500018938
27	12	-0.46976474999974016
27	12	-0.1920772500016028
27	12	-0.15307725000093342
27	12	0.25595400000020163
27	12	0.34114150000095833
27	12	0.3473290000001725
27	12	0.46579674999884446
27	12	0.48742174999642884
27	12	0.5158904999989318
27	12	0.5659217499960505
27	12	0.5958279999977094
27	12	0.6535467499961669
27	12	0.8943592499963415
27	12	0.9332342499983497
27	12	0.9579217499995138
27	12	1.1998279999970691
27	12	1.3137967499969818
27	12	1.4551717499962251
27	12	1.567609249996167
27	12	1.7602967499988154
27	12	1.8864217499976803
27	12	1.9278592499977094
27	13	-5.614043749999837
27	13	-5.53045000000202
27	13	-5.480262500001118
27	13	-5.330232250002155
27	13	-5.070263500001602
27	13	-4.965076000004046
27	13	-4.946451000003435
27	13	-4.806232250004541
27	13	-4.79888850000134
27	13	-4.775044750003872
27	13	-4.739576000003581
27	13	-4.715544750004483
27	13	-4.616982250001456
27	13	-4.524732250003581
27	13	-4.384482250003202
27	13	-4.37457600000198
27	13	-4.027701000002708
27	13	-3.9590135000034934
27	13	-3.9062635000045702
27	13	-3.737763500001165
27	13	-3.5243260000024748
27	13	-3.2027635000013106
27	13	-3.1746072500027367
27	13	-3.1079822500032606
27	13	-3.054763500003901
27	13	-3.018701000004512
27	13	-2.863295750001271
27	13	-2.6472957500009215
27	13	-2.501795750002202
27	13	-2.3457957499995246
27	13	-2.333827000002202
27	13	-2.2209832500011544
27	13	-2.21313949999967
27	13	-2.147233250001591
27	13	-2.1163269999997283
27	13	-1.856233250000514
27	13	-1.7928270000011253
27	13	-1.6262019999994664
27	13	-1.612389500001882
27	13	-1.5982645000003686
27	13	-1.4810457500025223
27	13	-1.4037332500010962
27	13	-1.4012645000002522
27	13	-1.3985457500020857
27	13	-1.229889500002173
27	13	-1.1882957500019984
27	13	-1.1392332499999611
27	13	-1.1042332500001066
27	13	-1.0883270000013
27	13	-0.6750457500020275
27	13	-0.3242655000030936
27	13	-0.3132655000044906
27	13	-0.307859250002366
27	13	-0.23832800000309362
27	13	0.049421999996411614
27	13	0.07689074999507284
27	13	0.22314074999667355
27	13	0.3134219999956258
27	13	0.3462969999964116
27	13	0.5548594999963825
27	13	0.7331719999965571
27	13	0.7799532499957422
27	13	0.8888282499974594
27	13	0.977921999998216
27	13	1.0060469999953057
27	13	1.0330469999971683
27	13	1.0587969999978668
27	13	1.3287969999983034
27	13	1.5223594999952184
27	13	1.6297344999984489
27	13	1.9223907499981578
27	14	-5.841169499999523
27	14	-5.788294499998301
27	14	-5.544388250000338
27	14	-5.476607000000513
27	14	-5.264888249999785
27	14	-4.967169499999727
27	14	-4.7923569999984466
27	14	-4.721669499998825
27	14	-4.591169499999523
27	14	-4.4223882499973115
27	14	-4.25838825000028
27	14	-4.214544499998738
27	14	-4.204294499999378
27	14	-4.0165444999984175
27	14	-3.8026382499992906
27	14	-3.6645757499973115
27	14	-3.4301704999998037
27	14	-3.2904517499991925
27	14	-3.0938892500016664
27	14	-2.9944830000022193
27	14	-2.9409517500025686
27	14	-2.826483000000735
27	14	-2.7462330000016664
27	14	-2.712358000000677
27	14	-2.710107999999309
27	14	-2.688233000000764
27	14	-2.6800455000011425
27	14	-2.4731392499998037
27	14	-2.462795499999629
27	14	-2.4375767500023358
27	14	-2.4137017499997455
27	14	-2.297795500002394
27	14	-2.2805767499994545
27	14	-2.256982999999309
27	14	-2.117795500002103
27	14	-1.972764250000182
27	14	-1.9246080000011716
27	14	-1.8818267499991634
27	14	-1.7048580000009679
27	14	-1.5668580000019574
27	14	-1.5133892500016373
27	14	-1.2666705000010552
27	14	-1.0849517499991634
27	14	-0.9943590000002587
27	14	-0.8452027499988617
27	14	-0.675515250000899
27	14	-0.6703277499982505
27	14	-0.2077652499974647
27	14	-0.10957774999769754
27	14	-0.06201524999778485
27	14	0.02664100000038161
27	14	0.11695350000081817
27	14	0.15298475000236067
27	14	0.4827660000009928
27	14	0.6262347500014585
27	14	0.6979222500012838
27	14	0.7407972500004689
27	14	0.861078500001895
27	14	0.8665472499997122
27	14	1.0837659999997413
27	14	1.093297250001342
27	14	1.103891000002477
27	14	1.490764999998646
27	14	1.5592649999998685
27	14	1.586452499999723
27	14	1.6371087499974237
27	14	1.7786087499989662
27	14	1.8044525000004796
27	14	1.8083274999989953
27	14	1.9975149999991118
27	15	-5.982794499996089
27	15	-5.861856999996235
27	15	-5.5328882499961765
27	15	-5.4994819999992615
27	15	-5.3972007499978645
27	15	-5.363138249998883
27	15	-5.337263249995885
27	15	-5.258763249996264
27	15	-5.22791949999737
27	15	-5.139513249996526
27	15	-5.130013249996409
27	15	-5.065231999997195
27	15	-5.061075749996235
27	15	-5.030075749997195
27	15	-5.0022632499967585
27	15	-4.995450749996962
27	15	-4.688513249999232
27	15	-4.610825749998185
27	15	-4.275263249997806
27	15	-4.1791694999992615
27	15	-3.5219819999983883
27	15	-3.1414829999994254
27	15	-3.011732999999367
27	15	-2.8794830000006186
27	15	-2.6431392499980575
27	15	-2.5841392500005895
27	15	-2.545107999998436
27	15	-2.495670500000415
27	15	-2.1156704999993963
27	15	-2.031451750000997
27	15	-1.929982999998174
27	15	-1.4929830000000948
27	15	-1.4808267500011425
27	15	-1.4558580000011716
27	15	-1.1171392500000366
27	15	-1.0945455000000948
27	15	-1.0928579999999783
27	15	-1.0855767499997455
27	15	-1.0495142500003567
27	15	-1.0258892499987269
27	15	-0.9941714999986289
27	15	-0.883983999996417
27	15	-0.532421499996417
27	15	-0.3154527499973483
27	15	-0.09407774999635876
27	15	-0.009858999997959472
27	15	0.046203500001865905
27	15	0.13179725000372855
27	15	0.4008285000018077
27	15	0.49592225000378676
27	15	0.6638910000037868
27	15	0.6829222500018659
27	15	0.9293285000021569
27	15	1.195578500002739
27	15	1.2599535000008473
27	16	-5.901763249999931
27	16	-5.816294500000367
27	16	-5.444107000002987
27	16	-5.431107000000338
27	16	-5.41751325000223
27	16	-5.25710700000127
27	16	-5.1525445000006584
27	16	-5.078919500003394
27	16	-5.0174820000029285
27	16	-4.81570075000127
27	16	-4.7285132500001055
27	16	-4.680107000000135
27	16	-4.620294500000455
27	16	-4.376889250004751
27	16	-4.312076750004053
27	16	-4.216264250004315
27	16	-3.9622017500041693
27	16	-3.82042050000382
27	16	-3.7969517500023358
27	16	-3.6782955000053335
27	16	-3.673608000004606
27	16	-3.6575767500035
27	16	-3.3278580000041984
27	16	-3.3242642500044894
27	16	-3.305420500004402
27	16	-3.1210142500021902
27	16	-3.04020175000187
27	16	-2.995264250002947
27	16	-2.7758580000045185
27	16	-2.600420500002656
27	16	-2.4665142500052752
27	16	-2.2398892500023067
27	16	-2.211983000004693
27	16	-2.0285455000048387
27	16	-2.010889250002947
27	16	-2.0075455000041984
27	16	-1.7314215000005788
27	16	-1.6043277500029944
27	16	-1.5890465000011318
27	16	-1.3897965000032855
27	16	-1.308734000002005
27	16	-1.167202750002616
27	16	-1.0962965000035183
27	16	-1.014952750003431
27	16	-1.0076715000031982
27	16	-1.0018277500021213
27	16	-0.9914215000026161
27	16	-0.8382340000025579
27	16	-0.7577340000025288
27	16	-0.4718902500026161
27	16	-0.07229650000226684
27	16	0.13773474999834434
27	16	0.436422249997122
27	16	0.4395472499963944
27	16	0.49095349999697646
27	16	0.61945249999917
27	16	0.7778587499997229
27	16	0.7839212500002759
27	16	0.892171250001411
27	16	1.163546249998035
27	16	1.1756087499998102
27	16	1.2939525000001595
27	16	1.316514999998617
27	16	1.3681087500008289
27	16	1.4307962499988207
27	16	1.5467024999998102
27	16	1.5621712499996647
27	16	1.591796249998879
27	16	1.6948274999995192
27	16	1.7102024999985588
27	16	1.7421087500006252
27	16	1.8664524999985588
27	16	1.9395775000011781
27	16	1.9857962499991118
27	17	-5.908669000000373
27	17	-5.79060649999883
27	17	-5.680856499999209
27	17	-5.658200249999936
27	17	-5.506887750001624
27	17	-5.487044000001333
27	17	-5.472700250000344
27	17	-5.413762750002206
27	17	-5.382262750001246
27	17	-5.272012749999703
27	17	-5.1287315000008675
27	17	-4.730451249997714
27	17	-4.610388749999402
27	17	-4.593763749999198
27	17	-3.9808574999988195
27	17	-3.915951249997306
27	17	-3.7958262499996636
27	17	-3.7678574999990815
27	17	-3.743763749997015
27	17	-3.703232500000013
27	17	-3.670357499999227
27	17	-3.578232500000013
27	17	-3.5269200000002456
27	17	-3.5037950000005367
27	17	-3.396732499997597
27	17	-3.3157637499971315
27	17	-3.2741074999976263
27	17	-3.1208887499997218
27	17	-2.9396387499982666
27	17	-2.708482499998354
27	17	-2.554983500001981
27	17	-2.5410147500006133
27	17	-2.300733500000206
27	17	-2.2496085000020685
27	17	-2.162170999999944
27	17	-2.0764210000015737
27	17	-2.049827250000817
27	17	-2.0400147500004095
27	17	-2.0292960000006133
27	17	-1.9519209999998566
27	17	-1.8697022500018647
27	17	-1.655202250000002
27	17	-1.6412335000022722
27	17	-1.6152335000006133
27	17	-1.5802022499992745
27	17	-1.5703585000010207
27	17	-1.4518272499990417
27	17	-1.421327250001923
27	17	-1.3937960000002931
27	17	-1.3877022500018938
27	17	-1.3754522500021267
27	17	-1.3674209999990126
27	17	-1.0882335000023886
27	17	-1.0308897499999148
27	17	-1.0124835000024177
27	17	-1.000577250000788
27	17	-0.7037647500001185
27	17	-0.6669210000000021
27	17	-0.6632022500016319
27	17	-0.658170999999129
27	17	-0.6462959999989835
27	17	-0.6302959999993618
27	17	-0.23073350000049686
27	17	0.02439050000248244
27	17	0.14395300000251154
27	17	0.18242174999977578
27	17	0.2924842499996885
27	17	0.42889049999939743
27	17	0.4786717499991937
27	17	0.48679674999948475
27	17	0.49470300000029965
27	17	0.5166092500003288
27	17	0.6550467500019295
27	17	0.7725467500022205
27	17	0.8099217500021041
27	17	0.8509842500025115
27	17	1.0496717499991064
27	17	1.082328000000416
27	17	1.4396092499991937
27	17	1.7441717500005325
27	17	1.8139530000007653
27	17	1.8482342499992228
27	18	-4.7899197499973525
27	18	-4.762044749997585
27	18	-4.685075999997935
27	18	-4.420950999996421
27	18	-4.410075999996479
27	18	-4.3946697499959555
27	18	-4.365763499998138
27	18	-4.35320099999808
27	18	-4.086419749997731
27	18	-3.311202000000776
27	18	-3.0365769999989425
27	18	-2.4707019999987097
27	18	-2.1880457499974
27	18	-2.1235457500006305
27	18	-2.0876707499992335
27	18	-1.849952000000485
27	18	-1.8423894999978074
27	18	-1.818795749997662
27	18	-1.6337957499999902
27	18	-1.606233250000514
27	18	-1.5657332499977201
27	18	-1.419858249999379
27	18	-1.4024519999984477
27	18	-1.324045749999641
27	18	-1.3163270000004559
27	18	-1.1875144999976328
27	18	-0.794484249996458
27	18	-0.5745154999967781
27	18	-0.5609529999965162
27	18	-0.5516717499958759
27	18	-0.5173592499959341
27	18	-0.4932654999975057
27	18	-0.48360924999724375
27	18	-0.38039049999861163
27	18	-0.219140499997593
27	18	-0.20932799999718554
27	18	-0.18307799999820418
27	18	-0.1730467499983206
27	18	-0.16179674999875715
27	18	0.08595325000351295
27	18	0.2868907500014757
27	18	0.2927032500010682
27	18	0.32173450000118464
27	18	0.5800470000031055
27	18	0.6052970000018831
27	18	0.6287345000018831
27	18	0.8274845000014466
27	18	0.9117032500034838
27	18	0.9223907500017958
27	18	0.9582970000010391
27	18	0.9723907500010682
27	18	1.075890750002145
27	18	1.129140750002989
27	18	1.136422000003222
27	18	1.1382657500034838
27	18	1.1436407500041241
27	18	1.226890750003804
27	18	1.2399220000042988
27	18	1.2700157500039495
27	18	1.2763595000033092
27	18	1.3112345000008645
27	18	1.3952345000034256
27	18	1.4727657500043279
27	18	1.5285782500031928
27	18	1.6079220000028727
27	18	1.6994522499990126
27	18	1.8816397500013409
27	18	1.9031710000017483
27	19	-5.860012749999441
27	19	-5.82466900000145
27	19	-5.666512750001857
27	19	-5.501012749999063
27	19	-5.478387750001275
27	19	-5.307419000000664
27	19	-5.183387749999383
27	19	-5.153981499999645
27	19	-5.151481500000955
27	19	-5.140356500000053
27	19	-5.10329400000046
27	19	-4.894325249999383
27	19	-4.849606499999936
27	19	-4.821200250000402
27	19	-4.817169000001741
27	19	-4.804325249999238
27	19	-4.416575250001188
27	19	-4.379825250001886
27	19	-4.0785137500024575
27	19	-3.905982500004029
27	19	-3.8034200000038254
27	19	-3.716201250001177
27	19	-3.702451250002923
27	19	-3.5857325000033597
27	19	-3.5257637500035344
27	19	-3.483576250000624
27	19	-3.4639200000019628
27	19	-3.328232500003651
27	19	-3.270482500003709
27	19	-3.0892012500007695
27	19	-3.0433262500009732
27	19	-2.6477012500035926
27	19	-2.6041075000030105
27	19	-2.5765450000035344
27	19	-2.547201250003127
27	19	-2.2963262500015844
27	19	-2.245513750003738
27	19	-2.1722637500024575
27	19	-2.1491075000012643
27	19	-2.124420000003738
27	19	-2.103420000003098
27	19	-2.0976075000035053
27	19	-2.0777012500038836
27	19	-2.071451250001701
27	19	-2.055857500003185
27	19	-2.0148575000021083
27	19	-2.0114825000018755
27	19	-1.792076250003447
27	19	-1.5952959999995073
27	19	-1.4891397499995946
27	19	-1.3490147500015155
27	19	-1.2087022500018065
27	19	-1.1214209999998275
27	19	-1.095670999999129
27	19	-1.0907960000004095
27	19	-1.0879835000014282
27	19	-1.064639750002243
27	19	-0.9618272500010789
27	19	-0.8959522500008461
27	19	-0.8567647500021849
27	19	-0.7092335000015737
27	19	-0.5686085000015737
27	19	-0.44938974999968195
27	19	-0.3585459999994782
27	19	-0.2577335000023595
27	19	-0.14345225000215578
27	19	-0.1348272499999439
27	19	0.043110250000609085
27	19	0.4418602500009001
27	19	0.5152039999993576
27	19	0.5285789999979897
27	19	0.5950789999988046
27	19	0.5980477499979315
27	19	0.7531727499990666
27	19	0.7677977499988629
27	19	1.0045780000000377
27	19	1.0293280000005325
27	19	1.1706717500019295
27	19	1.2462967499996012
27	19	1.2521717500021623
27	19	1.5565779999997176
27	19	1.8922342500009108
27	20	-5.882418999997753
27	20	-5.7910439999977825
27	20	-5.7680127499988885
27	20	-5.653793999998015
27	20	-5.6057002499983355
27	20	-5.490887749998365
27	20	-5.420200249998743
27	20	-5.398606499999005
27	20	-5.265168999998423
27	20	-5.199825249997957
27	20	-4.756356499998219
27	20	-4.581106499997986
27	20	-4.275826249999227
27	20	-4.2142012499971315
27	20	-4.015076249997946
27	20	-3.964982499997859
27	20	-3.8482324999968114
27	20	-3.6312324999962584
27	20	-3.455107499998121
27	20	-3.4236699999964912
27	20	-3.2761074999980337
27	20	-3.2194512499991106
27	20	-3.186919999996462
27	20	-3.04195124999751
27	20	-3.038857499996084
27	20	-2.880794999997306
27	20	-2.735326249996433
27	20	-2.6362012499994307
27	20	-2.51607624999815
27	20	-2.356232499998441
27	20	-2.216294999998354
27	20	-2.034982499997568
27	20	-1.832669999996142
27	20	-1.7716397500007588
27	20	-1.676889750000555
27	20	-1.527733499999158
27	20	-1.4334835000008752
27	20	-1.3493584999996528
27	20	-1.2425147499998275
27	20	-1.1906710000002931
27	20	-1.1748584999986633
27	20	-1.140702249998867
27	20	-1.12620225000137
27	20	-0.9926397499984887
27	20	-0.7956397499983723
27	20	-0.6353272499982268
27	20	-0.4247335000000021
27	20	-0.39476474999901257
27	20	-0.3355772499999148
27	20	-0.2957334999991872
27	20	-0.17335850000017672
27	20	-0.1521397500000603
27	20	-0.13985849999880884
27	20	-0.12095224999939092
27	20	0.008172750000085216
27	20	0.01889149999988149
27	20	0.09023525000156951
27	20	0.2745790000008128
27	20	0.30195399999865913
27	20	0.33026650000101654
27	20	0.3673602499984554
27	20	0.5179227500011621
27	20	0.5614539999987755
27	20	0.6189852499992412
27	20	0.7011717500026862
27	20	0.7288280000029772
27	20	0.898828000001231
27	20	1.3909842500033847
27	20	1.4589217500033556
27	20	1.5942655000035302
27	20	1.6058280000033847
27	20	1.6771717500014347
27	20	1.8312030000015511
27	20	1.8412342500014347
27	20	1.8508592500002123
27	20	1.9418592500005616
27	20	1.9588905000018713
27	21	-5.8732947499993315
27	21	-5.7899197499973525
27	21	-5.37420099999872
27	21	-5.123450999999477
27	21	-4.994044749997556
27	21	-4.965794749998167
27	21	-4.9382635000001756
27	21	-4.936419749999914
27	21	-4.678263499998138
27	21	-4.564888499997323
27	21	-4.55895099999907
27	21	-4.167857249998633
27	21	-4.0246072499976435
27	21	-3.5773259999987204
27	21	-3.560325999998895
27	21	-3.4997322499984875
27	21	-3.497107249997498
27	21	-3.220233250001911
27	21	-3.0200145000017073
27	21	-2.6194519999990007
27	21	-2.6053582499989716
27	21	-2.418639499999699
27	21	-2.363420749999932
27	21	-2.1005457499995828
27	21	-2.0817957500003104
27	21	-1.9705457500022021
27	21	-1.9431394999992335
27	21	-1.5504207500016491
27	21	-1.4336707500006014
27	21	-1.2346707500000775
27	21	-1.15845199999967
27	21	-0.87610924999899
27	21	-0.6462342499980878
27	21	-0.1497967499999504
27	21	-0.12989050000032876
27	21	0.07648450000124285
27	21	0.1926095000017085
27	21	0.4477657499992347
27	21	0.5122970000011264
27	21	0.5227970000014466
27	21	0.5354532500023197
27	21	0.7906094999998459
27	21	0.8112657500023488
27	21	0.8415469999999914
27	21	0.8440470000023197
27	21	0.9237969999994675
27	21	0.9767032500021742
27	21	0.9806720000015048
27	21	1.0139220000019122
27	21	1.0227032500006317
27	21	1.2258907499999623
27	21	1.2467657500019413
27	21	1.2605782499995257
27	21	1.2644844999995257
27	21	1.2826407499997003
27	21	1.4940782500016212
27	21	1.5083594999996421
27	21	1.5250772500003222
27	21	1.5838897499997984
27	21	1.6981085000006715
27	21	1.7336084999988088
27	21	1.7881710000001476
27	22	-5.956888249998883
27	22	-5.519107000000076
27	22	-5.468450749998738
27	22	-5.081356999999116
27	22	-4.980294500001037
27	22	-4.718419500000891
27	22	-4.679638249999698
27	22	-4.447231999998621
27	22	-4.233200750000833
27	22	-4.217669500001648
27	22	-4.206450749999931
27	22	-4.124325749999116
27	22	-3.8766695000012987
27	22	-3.8686070000003383
27	22	-3.866825749999407
27	22	-3.8167319999993197
27	22	-3.8058257500015316
27	22	-3.7722944999986794
27	22	-3.740388250000251
27	22	-3.579982999999629
27	22	-3.2821079999994254
27	22	-2.415170500000386
27	22	-2.1664517499993963
27	22	-2.082107999998698
27	22	-1.8799829999989015
27	22	-1.458357999999862
27	22	-1.4547954999979993
27	22	-1.4457954999998037
27	22	-1.0599215000002005
27	22	-0.9610152499990363
27	22	-0.9445777500004624
27	22	-0.8842027499995311
27	22	-0.8481402500001423
27	22	-0.48235900000145193
27	22	-0.45514025000011316
27	22	-0.1962965000020631
27	22	-0.08932774999993853
27	22	0.03467224999985774
27	22	0.07635975000084727
27	22	0.12060974999985774
27	22	0.3639847499980533
27	22	0.3710785000002943
27	22	0.39004724999904283
27	22	0.6291097499997704
27	22	0.6336097499988682
27	22	0.7670785000009346
27	22	1.3360775000001013
27	22	1.3512025000018184
27	22	1.3712337500001013
27	22	1.3957962500026042
27	22	1.4052962500027206
27	22	1.4292337500010035
27	22	1.573296250000567
27	22	1.612171250002575
27	22	1.6755462500004796
27	22	1.7866712499999267
27	23	-5.93954450000092
27	23	-5.934450750002725
27	23	-5.8957632500023465
27	23	-5.859982000001764
27	23	-5.822857000002841
27	23	-5.769700750002812
27	23	-5.713388250002026
27	23	-5.631982000002608
27	23	-5.545700750000833
27	23	-5.49807575000159
27	23	-5.4667007500029285
27	23	-5.448075750002317
27	23	-5.442482000002201
27	23	-5.189232000000629
27	23	-5.159607000001415
27	23	-5.156200750003336
27	23	-5.092232000002696
27	23	-5.0579820000020845
27	23	-4.845419500001299
27	23	-4.694013250002172
27	23	-4.257638250001037
27	23	-3.9387642500005313
27	23	-3.883233000000473
27	23	-3.8632017499985523
27	23	-3.835920500001521
27	23	-3.766139250001288
27	23	-3.738264250001521
27	23	-3.371514250000473
27	23	-3.3139830000000075
27	23	-3.2686392499999783
27	23	-2.981389249998756
27	23	-2.6920767500014335
27	23	-2.6597954999997455
27	23	-2.60904550000123
27	23	-2.5429205000000366
27	23	-1.9488579999997455
27	23	-1.6140152500011027
27	23	-1.5919840000024124
27	23	-1.2520777500030817
27	23	-1.231546500002878
27	23	-1.1845152500027325
27	23	-0.9447965000035765
27	23	-0.5468590000018594
27	23	-0.49817150000308175
27	23	-0.48626525000145193
27	23	-0.4108277500017721
27	23	-0.3859215000011318
27	23	-0.260327750002034
27	23	-0.19167150000066613
27	23	-0.1548902500035183
27	23	-0.12104650000401307
27	23	-0.06073400000241236
27	23	-0.03804650000165566
27	23	-0.014609000001655659
27	23	0.005047249997005565
27	23	0.26910974999918835
27	23	0.35342224999840255
27	23	0.3882972499959578
27	23	0.45029724999767495
27	23	0.46657849999610335
27	23	0.47517224999683094
27	23	0.8563900000008289
27	23	1.1342024999976275
27	23	1.3168899999982386
27	23	1.4181399999979476
27	23	1.9501087499993446
27	23	1.987764999998035
27	24	-5.764075499999308
27	24	-5.620263000000705
27	24	-5.50566925000021
27	24	-5.49273175000053
27	24	-5.377481749997969
27	24	-5.335169250000035
27	24	-5.319013000000268
27	24	-5.2933254999989
27	24	-5.2659817499989
27	24	-5.1522005000006175
27	24	-5.073887999998988
27	24	-4.73217024999758
27	24	-4.526888999997027
27	24	-4.5241702499988605
27	24	-4.404545249995863
27	24	-4.402420249996794
27	24	-4.0239202499979
27	24	-3.858513999995921
27	24	-3.8326389999965613
27	24	-3.8192952499957755
27	24	-3.7945139999974344
27	24	-3.7874514999966777
27	24	-3.631545249998453
27	24	-3.6241077499980747
27	24	-3.2937952499960375
27	24	-3.046326499996212
27	24	-2.882888999996794
27	24	-2.838357749998977
27	24	-2.68632649999563
27	24	-2.6489202499979
27	24	-2.620826499998657
27	24	-2.606138999995892
27	24	-2.5771077499957755
27	24	-2.5625139999974635
27	24	-2.5087639999983367
27	24	-2.437263999996503
27	24	-2.4150139999983367
27	24	-2.3891702499968233
27	24	-2.363232749998133
27	24	-2.1623899999976857
27	24	-1.9473587499996938
27	24	-1.8724212499982968
27	24	-1.653796250000596
27	24	-1.3529837499991118
27	24	-1.3445462499985297
27	24	-1.261921249999432
27	24	-1.2350774999977148
27	24	-1.1962962500001595
27	24	-1.1817024999982095
27	24	-1.1373899999998685
27	24	-1.0844212499978312
27	24	-1.070827499999723
27	24	-1.0264524999984133
27	24	-0.9577024999998685
27	24	-0.9400150000001304
27	24	-0.7538275000006252
27	24	-0.7253899999996065
27	24	-0.7029837499976566
27	24	-0.6684212500003923
27	24	-0.40151499999774387
27	24	-0.3958275000004505
27	24	-0.33285875000001397
27	24	-0.27398374999756925
27	24	-0.2432024999980058
27	24	-0.1853274999994028
27	24	-0.017921250000654254
27	24	0.057516249999025604
27	24	0.3672652500026743
27	24	0.5446090000041295
27	24	0.5463277500020922
27	24	0.6702652500025579
27	24	0.7161402500023542
27	24	0.8073590000021795
27	24	1.1007340000032855
27	24	1.1358590000018012
27	24	1.3759527500005788
27	24	1.9970465000005788
27	25	-5.962043499999709
27	25	-5.626512249997177
27	25	-5.403262249998079
27	25	-4.469044500001473
27	25	-3.9651694999993197
27	25	-3.7361070000006293
27	25	-3.730950749999465
27	25	-3.6441070000000764
27	25	-3.5258882500020263
27	25	-3.3435444999995525
27	25	-3.3147632500003965
27	25	-3.3072319999992033
27	25	-3.0682632499992906
27	25	-3.0403882499995234
27	25	-2.8547319999997853
27	25	-2.8495132499992906
27	25	-2.8373882500018226
27	25	-2.8307007500006875
27	25	-2.8280132500003674
27	25	-2.8254507499987085
27	25	-2.808419500001037
27	25	-2.804763250001997
27	25	-2.80154450000191
27	25	-2.782544500001677
27	25	-2.4511079999974754
27	25	-2.4472017499974754
27	25	-2.427014249999047
27	25	-2.4154204999977082
27	25	-2.4122329999991052
27	25	-2.408107999999629
27	25	-2.3152329999975336
27	25	-2.254514249998465
27	25	-2.237951749997592
27	25	-2.020139249998465
27	25	-1.845076749999862
27	25	-1.810951749997912
27	25	-1.8012017500004731
27	25	-1.7872954999984358
27	25	-1.7856079999983194
27	25	-1.7639204999977665
27	25	-1.7138892499970098
27	25	-1.683482999997068
27	25	-1.6786704999976791
27	25	-1.266545499998756
27	25	-1.2492642500001239
27	25	-1.2299829999974463
27	25	-1.0054204999978538
27	25	-0.9258892500001821
27	25	-0.841076749999047
27	25	-0.812295499999891
27	25	-0.8096392499974172
27	25	-0.8066704999982903
27	25	-0.7990767499977665
27	25	-0.7933892500004731
27	25	-0.7842642499999783
27	25	-0.7803579999999783
27	25	-0.7780767499971262
27	25	-0.7250767499972426
27	25	-0.7147955000000366
27	25	-0.7086392499986687
27	25	-0.5189829999981157
27	25	-0.09229649999906542
27	25	0.015766000000439817
27	25	0.058891000000585336
27	25	0.09232849999898463
27	25	1.0889222500009055
27	25	1.1161722500000906
27	25	1.2319847500002652
27	25	1.2695160000002943
27	25	1.39345350000076
27	25	1.4057347499983734
27	25	1.4174847499998577
27	25	1.6634847499990428
27	25	1.7160472499999742
27	25	1.7463284999976167
27	25	1.842265999999654
27	25	1.8508284999988973
27	25	1.8714847499977623
27	25	1.874547249997704
27	25	1.8915784999990137
27	25	1.9748284999986936
27	25	1.987109749999945
27	26	-5.898887499999546
27	26	-5.759356249996927
27	26	-5.635324999999284
27	26	-5.274387499997829
27	26	-5.263106249996781
27	26	-5.260856249999051
27	26	-5.228732250001485
27	26	-5.122013500000321
27	26	-5.065357250001398
27	26	-4.9599510000007285
27	26	-3.9115447500007576
27	26	-3.6010759999990114
27	26	-3.1105447500012815
27	26	-3.029607249998662
27	26	-2.9775447499996517
27	26	-2.6865457499989134
27	26	-2.554514499999641
27	26	-2.170045749997371
27	26	-1.8985144999969634
27	26	-1.7488269999994372
27	26	-1.739545749998797
27	26	-1.7351082499990298
27	26	-1.732045749999088
27	26	-1.7266707499984477
27	26	-1.723608249998506
27	26	-1.4095144999992044
27	26	-1.381608249997953
27	26	-1.3734207499983313
27	26	-1.3717957499975455
27	26	-1.3660457499972836
27	26	-1.3553582499989716
27	26	-1.3387019999972836
27	26	-1.3364207499980694
27	26	-1.3299832499978947
27	26	-1.0939519999992626
27	26	-0.8721394999993208
27	26	-0.8663269999997283
27	26	-0.8315457499993499
27	26	-0.6498269999974582
27	26	-0.4975457499967888
27	26	-0.22595300000102725
27	26	-0.18207800000163843
27	26	-0.08514049999939743
27	26	0.01632824999978766
27	26	0.07410950000121375
27	26	0.11523450000095181
27	26	0.5361720000000787
27	26	0.829484499998216
27	26	0.855078249998769
27	26	0.9054219999998168
27	26	1.070734500000981
27	26	1.293609500000457
27	26	1.2996407499995257
27	26	1.3031095000005735
27	26	1.4555469999977504
27	26	1.4903282499981287
27	26	1.7505469999996421
27	26	1.7580782500008354
27	26	1.7735782499985362
27	27	-5.927856500005873
27	27	-5.8215752500036615
27	27	-5.459356500003196
27	27	-5.364919000003283
27	27	-5.3356075000046985
27	27	-5.313232500004233
27	27	-4.839013750002778
27	27	-4.560638750004728
27	27	-3.343263750004553
27	27	-3.2505137500047567
27	27	-3.1337325000022247
27	27	-2.9870450000016717
27	27	-2.8898887500035926
27	27	-2.785046000000875
27	27	-2.728264749999653
27	27	-2.4088585000026796
27	27	-2.3245772500013118
27	27	-2.307327250000526
27	27	-2.281546000001981
27	27	-2.261264750002738
27	27	-2.008421000002272
27	27	-1.821202250001079
27	27	-1.7849835000015446
27	27	-1.781639750002796
27	27	-1.7699835000021267
27	27	-1.7152022500013118
27	27	-1.4962960000011662
27	27	-1.4941710000020976
27	27	-1.4601710000024468
27	27	-1.3168272500006424
27	27	-1.227452250001079
27	27	-1.204546000000846
27	27	-1.181608500002767
27	27	-0.9792960000013409
27	27	-0.9713272500011954
27	27	-0.8462335000003804
27	27	-0.7088897499997984
27	27	-0.5174210000004678
27	27	-0.43770225000116625
27	27	-0.4037647500008461
27	27	-0.37354600000253413
27	27	-0.2082032500038622
27	27	-0.13507825000488083
27	27	-0.030640750002930872
27	27	-0.027172000001883134
27	27	0.009171749996312428
27	27	0.21126549999826238
27	27	0.4706404999960796
27	27	0.5997029999962251
27	27	0.738359249997302
27	27	0.9604217499982042
27	27	1.3744842499982042
27	27	1.3844529999951192
27	27	1.4333904999948572
27	28	-5.9543877500000235
27	28	-5.73298149999755
27	28	-5.64170125000237
27	28	-5.616763750000246
27	28	-5.540451250002661
27	28	-5.387451250000595
27	28	-4.972701250000682
27	28	-4.921607500000391
27	28	-4.713794999999664
27	28	-4.575919999999314
27	28	-4.505795000000944
27	28	-4.485295000002225
27	28	-4.358045000000857
27	28	-4.31845125000109
27	28	-4.294982499999605
27	28	-4.265263749999576
27	28	-4.250138750001497
27	28	-4.014419999999518
27	28	-3.80429500000173
27	28	-3.7535449999995762
27	28	-3.706420000002254
27	28	-3.4075450000018463
27	28	-3.156952249999449
27	28	-3.0678584999986924
27	28	-2.9703272500009916
27	28	-2.401170999997703
27	28	-2.218608499999391
27	28	-2.0178897500009043
27	28	-1.9729210000004969
27	28	-1.9396710000000894
27	28	-1.8135147499997402
27	28	-1.8006710000008752
27	28	-1.4523584999988088
27	28	-1.4441084999998566
27	28	-1.4349522499978775
27	28	-1.4242647499995655
27	28	-1.4133272500002931
27	28	-1.3639834999994491
27	28	-1.0740459999979066
27	28	-0.8475772499987215
27	28	-0.770014749999973
27	28	-0.7621084999991581
27	28	-0.737327250000817
27	28	-0.7181397499989544
27	28	-0.71317099999942
27	28	-0.7112334999983432
27	28	-0.706389750001108
27	28	-0.7027647499999148
27	28	-0.6981397499985178
27	28	-0.30314075000205776
27	28	-0.2864220000010391
27	28	-0.2637657500017667
27	28	-0.25626575000205776
27	28	-0.24279700000261073
27	28	-0.2026720000030764
27	28	0.10848424999858253
27	28	0.12239049999698182
27	28	0.1269217499975639
27	28	0.3472967499983497
27	28	0.4683279999990191
27	28	0.5238904999969236
27	28	0.5272967499986407
27	28	0.5998592500000086
27	28	0.6471092499996303
27	28	0.7005467499984661
27	28	0.8858904999979131
27	28	0.8965467499983788
27	28	0.9349842499977967
27	28	0.96985924999899
27	28	0.9791404999996303
27	28	1.0654842499970982
27	28	1.2154842499985534
27	28	1.2802654999977676
27	28	1.3850155000000086
27	28	1.6744842499974766
27	28	1.801265499998408
27	28	1.9719207500020275
27	29	-5.756418749999284
27	29	-5.718168750001496
27	29	-5.713262500001292
27	29	-5.709012499999517
27	29	-5.33985725000457
27	29	-5.178263500001776
27	29	-5.068951000001107
27	29	-5.029201000001194
27	29	-4.952482250002504
27	29	-4.882763500001602
27	29	-4.851169750003464
27	29	-4.842638500002067
27	29	-4.800013500003843
27	29	-4.6967947500015725
27	29	-4.593294750004134
27	29	-4.445201000002271
27	29	-4.405232250002882
27	29	-4.080107250003493
27	29	-4.035044750002271
27	29	-3.9714510000012524
27	29	-3.9131697500015434
27	29	-3.86060725000425
27	29	-3.8209822500029986
27	29	-3.808076000001165
27	29	-3.742169750003086
27	29	-3.7079822500018054
27	29	-3.706107250003697
27	29	-3.6665447500017763
27	29	-3.354638500004512
27	29	-2.9788895000019693
27	29	-2.8950145000017073
27	29	-2.7630145000002813
27	29	-2.6151395000015327
27	29	-2.4241082500011544
27	29	-2.4121707500016782
27	29	-2.404233249999379
27	29	-2.334827000002406
27	29	-2.327139500001067
27	29	-2.3219207500005723
27	29	-2.235858250001911
27	29	-2.155452000002697
27	29	-2.137264500001038
27	29	-1.7543270000023767
27	29	-1.4471395000000484
27	29	-1.4052957500025514
27	29	-1.2867020000012417
27	29	-1.191233249999641
27	29	-1.17407699999967
27	29	-1.170983250001882
27	29	-1.1489207500017073
27	29	-1.1224519999996119
27	29	-1.0872332500002813
27	29	-1.02070200000162
27	29	-1.003327000002173
27	29	-0.9207957500002522
27	29	-0.7263582500017947
27	29	-0.6331395000015618
27	29	-0.6075457500010089
27	29	-0.5497967500014056
27	29	-0.5183280000019295
27	29	-0.29717175000405405
27	29	-0.20164050000312272
27	29	-0.18223425000178395
27	29	-0.13860925000335556
27	29	-0.13467175000187126
27	29	-0.11504675000469433
27	29	0.04507824999745935
27	29	0.09098449999510194
27	29	0.8351407499976631
27	29	0.8950157499966735
27	29	0.910171999996237
27	29	0.9349844999960624
27	29	0.9759844999971392
27	29	1.068265749996499
27	29	1.2407344999955967
27	29	1.3492657499955385
27	29	1.3592032499982452
27	29	1.3981094999980996
27	29	1.4176094999966153
27	29	1.4210469999961788
27	29	1.4534219999950437
27	29	1.4588282499971683
27	29	1.7818282499974885
27	29	1.7956407499950728
27	29	1.8155782499961788
27	30	-5.951419249999162
27	30	-5.916575499999453
27	30	-5.849794249999832
27	30	-5.761012999999366
27	30	-5.477294249998522
27	30	-5.383794249999482
27	30	-5.356387999996514
27	30	-5.293419249999715
27	30	-5.203356749996601
27	30	-5.1698879999967176
27	30	-5.160700499996892
27	30	-5.071575499998289
27	30	-4.898637999998755
27	30	-4.878825499999948
27	30	-4.619012999999541
27	30	-4.54307549999794
27	30	-4.45788900000116
27	30	-4.440763999999035
27	30	-4.352514000001975
27	30	-4.061357750000752
27	30	-3.8858890000010433
27	30	-3.8424202499991225
27	30	-3.524013999998715
27	30	-3.4153264999986277
27	30	-3.192201500001829
27	30	-3.148920250001538
27	30	-3.061545249998744
27	30	-2.8650452500005485
27	30	-2.816889000001538
27	30	-2.580545249998977
27	30	-2.4744202500005485
27	30	-2.3985452500019164
27	30	-2.169045250000636
27	30	-2.0540765000005194
27	30	-1.981296250000014
27	30	-1.75617124999917
27	30	-1.7524212499993155
27	30	-1.6440774999973655
27	30	-1.5803587499976857
27	30	-1.5570149999985006
27	30	-1.5264524999984133
27	30	-1.4678899999998976
27	30	-0.9842962499969872
27	30	-0.9810462499990535
27	30	-0.9572962499987625
27	30	-0.9494212499994319
27	30	-0.9000774999985879
27	30	-0.7473899999968125
27	30	-0.4434524999996938
27	30	-0.42573374999847147
27	30	-0.416639999999461
27	30	-0.39820249999684165
27	30	-0.3837337499971909
27	30	-0.24729624999963562
27	30	-0.13313999999809312
27	30	0.21395375000065542
27	30	0.2753912500011211
27	30	0.35398500000155764
27	30	0.47304649999932735
27	30	0.7778589999979886
27	30	0.8354214999999385
27	30	1.0803902500010736
27	30	1.6095464999998512
27	30	1.964265250000608
27	30	1.9834840000003169
27	31	-5.866168750002544
27	31	-5.826731249999284
27	31	-5.800074999999197
27	31	-5.682231250000768
27	31	-5.677012500000274
27	31	-5.659981250002602
27	31	-5.650981250000768
27	31	-5.564231250002194
27	31	-5.552950000001147
27	31	-5.196982250003202
27	31	-4.975638500003697
27	31	-4.805263500002184
27	31	-4.768451000003552
27	31	-4.603232250003202
27	31	-4.417951000003086
27	31	-4.1194510000023
27	31	-4.059169750002184
27	31	-3.974607250002009
27	31	-3.7968260000016016
27	31	-3.7716385000021546
27	31	-3.6569197500029986
27	31	-3.630357250003726
27	31	-3.6268885000026785
27	31	-3.539451000004192
27	31	-3.4878260000041337
27	31	-3.4813260000046284
27	31	-3.295951000003697
27	31	-3.242607250002038
27	31	-3.1179510000038135
27	31	-3.0960135000023
27	31	-3.085201000001689
27	31	-3.053419750001922
27	31	-3.042357250003988
27	31	-2.966701000001194
27	31	-2.6950145000009798
27	31	-2.635420750000776
27	31	-2.5709207500003686
27	31	-2.4240457500018238
27	31	-2.108577000002697
27	31	-2.096358250000776
27	31	-2.0849832500025514
27	31	-2.0536707499995828
27	31	-1.7112957499994081
27	31	-1.7075457499995537
27	31	-1.6929520000012417
27	31	-1.5641082500005723
27	31	-1.549577000001591
27	31	-1.5288582499997574
27	31	-1.4014832499997283
27	31	-1.3009520000014163
27	31	-0.9990457500025514
27	31	-0.98554575000162
27	31	-0.9762645000009798
27	31	-0.9021395000017947
27	31	-0.89179575000162
27	31	-0.8826082500017947
27	31	-0.7463582500022312
27	31	-0.7033895000022312
27	31	-0.6377019999999902
27	31	-0.5060457500003395
27	31	-0.4384832499999902
27	31	-0.060640500003501074
27	31	-0.05445300000428688
27	31	-0.04851550000239513
27	31	-0.008484250003675697
27	31	0.044390749997546664
27	31	0.2526094999957422
27	31	0.39351574999818695
27	31	0.49432824999530567
27	31	0.560359499995684
27	31	0.5707657499951893
27	31	0.6012969999974302
27	31	0.6909844999972847
27	31	0.7193282499974885
27	31	0.7459532499960915
27	31	1.1256094999953348
27	31	1.3473907499974302
27	31	1.446984499998507
27	31	1.541453249996266
27	31	1.5482032499967318
27	31	1.71701574999679
27	32	-5.811325999999099
27	32	-5.650888500000292
27	32	-5.487326000002213
27	32	-5.483419750002213
27	32	-4.532701000000088
27	32	-4.467076000000816
27	32	-4.349794750000001
27	32	-4.220857250002155
27	32	-4.059575999999652
27	32	-4.020794750002096
27	32	-3.919169749999128
27	32	-3.8412009999992733
27	32	-3.682763500000874
27	32	-3.6646072500006994
27	32	-3.4995134999990114
27	32	-2.9850769999975455
27	32	-2.727608249999321
27	32	-2.6276394999986223
27	32	-2.479764499999874
27	32	-2.3315769999971963
27	32	-2.31182699999772
27	32	-2.254545749998215
27	32	-2.153201999997691
27	32	-1.984514499999932
27	32	-1.8827644999983022
27	32	-1.7313582499991753
27	32	-1.4379832499980694
27	32	-1.1744207499978074
27	32	-0.8972342500019295
27	32	-0.8253905000019586
27	32	-0.7377342500003579
27	32	-0.7045155000014347
27	32	-0.6625467500016384
27	32	-0.5935779999999795
27	32	-0.5861717500010855
27	32	-0.5497967500014056
27	32	-0.5069842500015511
27	32	-0.47448425000038696
27	32	-0.2504217499990773
27	32	-0.01267175000248244
27	32	0.07376574999943841
27	32	0.10585949999949662
27	32	0.26954699999987497
27	32	0.3183595000009518
27	32	0.36689074999958393
27	32	0.48342199999751756
27	32	0.4891719999977795
27	32	0.5083907499974885
27	32	0.8131719999983034
27	32	1.1609844999984489
27	32	1.6864210000021558
27	32	1.7721397499990417
27	32	1.7969835000003513
27	32	1.8172647499995946
27	32	1.8344209999995655
27	33	-5.578262750001159
27	33	-5.435294000002614
27	33	-5.417387749999762
27	33	-5.306482500000129
27	33	-5.197013749999314
27	33	-5.113388750000013
27	33	-5.110451249998732
27	33	-5.082607500000449
27	33	-4.742013750001206
27	33	-4.6900449999993725
27	33	-4.459607500000857
27	33	-4.314138749999984
27	33	-4.011107499998616
27	33	-3.8587325000007695
27	33	-3.7714825000002747
27	33	-3.452138749998994
27	33	-3.3595449999993434
27	33	-3.0943262500004494
27	33	-3.054076249998616
27	33	-3.0003575000009732
27	33	-2.9781699999984994
27	33	-2.830171000001428
27	33	-2.726327250002214
27	33	-2.6291085000011662
27	33	-2.452077250000002
27	33	-2.446702250003
27	33	-2.430671000001894
27	33	-2.1651085000012245
27	33	-2.1136397500013118
27	33	-2.096514750002825
27	33	-1.8810772500000894
27	33	-1.7441710000020976
27	33	-1.6479209999997693
27	33	-1.6195772500032035
27	33	-1.5746710000021267
27	33	-1.4979835000012827
27	33	-1.419389750000846
27	33	-1.3772960000023886
27	33	-1.3413897500031453
27	33	-1.176264749999973
27	33	-1.0590147500006424
27	33	-1.0131085000029998
27	33	-0.7691397500020685
27	33	-0.6813585000018065
27	33	-0.6163897500009625
27	33	-0.4303585000016028
27	33	-0.3742344999991474
27	33	-0.3299220000008063
27	33	0.010765499999251915
27	33	0.5153905000006489
27	33	0.5956404999997176
27	33	0.6172655000009399
27	33	0.8323280000004161
27	33	0.9052967499992519
27	33	0.9487030000018422
27	33	0.988671750001231
27	33	1.0851092500015511
27	33	1.2495154999996885
27	33	1.4622654999984661
27	33	1.4657342499995138
27	33	1.4952029999985825
27	33	1.5047967499995138
27	33	1.5271404999984952
27	33	1.620046749998437
27	34	-5.910263500001747
27	34	-5.803857250000874
27	34	-5.793513500000699
27	34	-5.675419750001311
27	34	-5.669232250002096
27	34	-5.397607250000874
27	34	-5.314044750000903
27	34	-5.130326000002242
27	34	-5.060638500002824
27	34	-4.551044750001893
27	34	-4.351107250000496
27	34	-4.255107250002766
27	34	-4.086201000001893
27	34	-3.8727635000032024
27	34	-3.8465447500020673
27	34	-3.717826000000059
27	34	-3.668076000001747
27	34	-3.652013500002795
27	34	-3.496858250004152
27	34	-3.4951395000025514
27	34	-3.450983250004356
27	34	-3.409045750002406
27	34	-3.3128270000052
27	34	-2.995608250002988
27	34	-2.9570457500049088
27	34	-2.9183895000023767
27	34	-2.876702000005025
27	34	-2.623170750004647
27	34	-2.5888270000032207
27	34	-2.4763582500054326
27	34	-2.4735770000042976
27	34	-2.372264500005258
27	34	-2.3703582500020275
27	34	-2.3082645000031334
27	34	-2.2015770000034536
27	34	-2.173952000004647
27	34	-2.1715770000046177
27	34	-1.9871082500030752
27	34	-1.9752957500022603
27	34	-1.9366395000033663
27	34	-1.874014500004705
27	34	-1.857764500004123
27	34	-1.4484520000041812
27	34	-1.4212332500028424
27	34	-1.2959520000040357
27	34	-1.025484250003501
27	34	-0.9944842500008235
27	34	-0.9813280000016675
27	34	-0.8335467500037339
27	34	-0.756046750000678
27	34	-0.6918592500005616
27	34	-0.5139217500036466
27	34	-0.3083905000021332
27	34	-0.2732342500021332
27	34	-0.19245300000329735
27	34	-0.18526550000024145
27	34	-0.0630467500013765
27	34	0.12154699999882723
27	34	0.1501719999978377
27	34	0.3875157499969646
27	34	0.42882824999833247
27	34	0.5413907499969355
27	34	0.6149844999963534
27	34	0.6222969999980705
27	34	0.6472657499980414
27	34	0.6703282499984198
27	34	0.8803282499975467
27	34	0.9377344999993511
27	34	1.00382824999906
27	34	1.3084219999982452
27	34	1.3183594999973138
27	34	1.34098449999874
27	34	1.4276709999976447
27	34	1.4512647499977902
27	34	1.5070459999951709
27	34	1.5587959999975283
27	34	1.611702249996597
27	34	1.6359209999973245
27	34	1.778545999997732
27	34	1.8784834999969462
27	35	-5.758950249997724
27	35	-5.711762749997433
27	35	-5.696450249997724
27	35	-5.463825249997171
27	35	-5.439137749999645
27	35	-5.337106499999209
27	35	-5.192793999998685
27	35	-5.129950250000547
27	35	-4.971107499997743
27	35	-4.883544999996957
27	35	-4.7810137499982375
27	35	-4.722201249998761
27	35	-4.592576249997364
27	35	-4.531388749997859
27	35	-4.255076249995909
27	35	-4.144357499997568
27	35	-4.084888749996026
27	35	-4.081701249997423
27	35	-3.8803262499968696
27	35	-3.859794999996666
27	35	-3.7925449999966077
27	35	-3.481607499998063
27	35	-3.3207012499988195
27	35	-3.3066387499966368
27	35	-3.0285449999973935
27	35	-2.9715762499981793
27	35	-2.8817324999981793
27	35	-2.7988887499959674
27	35	-2.796919999997044
27	35	-2.5277959999984887
27	35	-2.3952959999987797
27	35	-2.279983500000526
27	35	-2.2412647499986633
27	35	-2.207389749997674
27	35	-1.4087335000003804
27	35	-0.891421000000264
27	35	-0.8509835000004387
27	35	-0.8315772499990999
27	35	-0.7578584999973828
27	35	-0.47276475000035134
27	35	-0.4591084999992745
27	35	-0.43220224999822676
27	35	-0.015484499996091472
27	35	-0.00932824999836157
27	35	0.11454675000277348
27	35	0.20676550000280258
27	35	0.24173425000117277
27	35	0.27757800000108546
27	35	0.5917030000018713
27	35	0.6141092500038212
27	35	0.7601092500008235
27	35	0.8982655000036175
27	35	0.9239842500028317
27	35	0.9275780000025406
27	35	0.9412342500036175
27	35	0.9540780000024824
27	35	1.0024842500024533
27	35	1.0076405000036175
27	35	1.2050467500012019
27	35	1.2120780000041123
27	35	1.2333905000014056
27	35	1.3209530000021914
27	35	1.3451405000014347
27	35	1.498140500003501
27	35	1.606578000002628
27	35	1.7420155000036175
27	35	1.7946092500023951
27	35	1.908796750001784
27	35	1.9287030000014056
27	36	-5.751950249999936
27	36	-5.687950249997812
27	36	-5.638918999997259
27	36	-5.521043999997346
27	36	-5.518762749998132
27	36	-5.061919999996462
27	36	-4.969451249995473
27	36	-4.961482499995327
27	36	-4.7742324999962875
27	36	-4.627138749998267
27	36	-4.572263749996637
27	36	-4.446451249998063
27	36	-4.346138749995589
27	36	-4.214669999997568
27	36	-4.183951249997335
27	36	-4.074732499997481
27	36	-4.01588874999652
27	36	-3.9997637499982375
27	36	-3.8080449999979464
27	36	-3.7892637499971897
27	36	-3.7438887499956763
27	36	-3.7107012499982375
27	36	-3.690513749996171
27	36	-3.6189199999971606
27	36	-3.5037949999968987
27	36	-3.1962324999985867
27	36	-3.004763749995618
27	36	-2.922294999996666
27	36	-2.7687334999973245
27	36	-2.737014750000526
27	36	-2.666170999997121
27	36	-2.591171000000031
27	36	-2.497795999999653
27	36	-2.4758897499996237
27	36	-2.469858500000555
27	36	-2.4670147500000894
27	36	-2.461108499999682
27	36	-2.4333272499970917
27	36	-2.3868584999981977
27	36	-2.382045999998809
27	36	-2.3533272499989835
27	36	-2.0786397499978193
27	36	-2.0684834999992745
27	36	-2.023389750000206
27	36	-2.0100772499972663
27	36	-1.966045999997732
27	36	-1.95248349999747
27	36	-1.9490459999979066
27	36	-1.8983584999987215
27	36	-1.7858272499979648
27	36	-1.5933272500005842
27	36	-1.580045999999129
27	36	-1.5754522499992163
27	36	-1.5679834999973536
27	36	-1.4198272499997984
27	36	-1.1210772499980521
27	36	-0.8807022500004678
27	36	-0.7424834999983432
27	36	-0.5974834999979066
27	36	-0.5437334999987797
27	36	-0.4045459999979357
27	36	-0.12951574999897275
27	36	0.18410925000353018
27	36	0.27439050000248244
27	36	0.35567175000323914
27	36	0.3897342500022205
27	36	0.4435155000028317
27	36	0.5512342500041996
27	36	0.5723592500035011
27	36	0.7104842500011728
27	36	0.7534530000011728
27	36	1.0967342500043742
27	36	1.145140500004345
27	36	1.154890500001784
27	36	1.3316405000041414
27	36	1.9032967500024824
27	37	-5.679356749998988
27	37	-5.447544250000647
27	37	-4.795388999998977
27	37	-4.770763999997143
27	37	-4.663201499999559
27	37	-4.652076499998657
27	37	-4.625451499996416
27	37	-4.548607749999064
27	37	-4.530107749997114
27	37	-4.33904524999889
27	37	-4.0786077499979
27	37	-4.021138999996765
27	37	-3.485545249997813
27	37	-3.0268577499991807
27	37	-2.685577500000363
27	37	-2.642171250001411
27	37	-2.6216400000012072
27	37	-2.6023275000006834
27	37	-2.423640000000887
27	37	-2.4197649999987334
27	37	-2.4173274999993737
27	37	-2.3981087499996647
27	37	-2.394015000001673
27	37	-2.3872650000012072
27	37	-2.3774212499993155
27	37	-2.374390000000858
27	37	-2.337796250001702
27	37	-2.336171250000916
27	37	-2.2628900000017893
27	37	-2.252765000001091
27	37	-2.2375150000007125
27	37	-2.170546249999461
27	37	-2.025483749999694
27	37	-1.9625774999985879
27	37	-1.871514999998908
27	37	-1.3621712499989371
27	37	-1.2272650000013527
27	37	-1.0953587500007416
27	37	-1.0552649999990535
27	37	-0.8812025000006543
27	37	-0.6700149999996938
27	37	-0.6636712500003341
27	37	-0.6423900000008871
27	37	-0.5482337499997811
27	37	-0.2702972499973839
27	37	-0.16829724999843165
27	37	-0.08717224999782047
27	37	0.08342150000316906
27	37	0.1556402500027616
27	37	0.21392150000247057
27	37	0.24401525000212132
27	37	0.28573400000095717
27	37	0.30751525000232505
27	37	0.33804650000092806
27	37	0.3447027500005788
27	37	0.3482965000002878
27	37	0.3532340000019758
27	37	0.5294527500009281
27	37	0.5592965000032564
27	37	0.8792965000029653
27	37	0.9449215000022377
27	37	1.0211715000004915
27	37	1.0281402500004333
27	37	1.044140250000055
27	37	1.0557965000007243
27	37	1.1447965000006661
27	37	1.220640250001452
27	37	1.403015250001772
27	37	1.443921500002034
27	37	1.4562027500032855
27	37	1.756734000002325
27	37	1.7986402500027907
27	37	1.9374215000025288
27	38	-5.991575000000012
27	38	-5.965231250000215
27	38	-5.706012499998906
27	38	-5.525324999998702
27	38	-5.50291875000039
27	38	-5.216857249997702
27	38	-4.747513499998604
27	38	-4.616763499998342
27	38	-4.587982249999186
27	38	-4.512357249997876
27	38	-3.911482249997789
27	38	-3.8020759999963047
27	38	-3.7649509999973816
27	38	-3.6178572499993606
27	38	-3.5584509999971488
27	38	-3.5375759999988077
27	38	-3.2499509999979637
27	38	-3.1100447499993606
27	38	-3.0857947499971488
27	38	-2.4398895000013
27	38	-2.4174207500000193
27	38	-2.379983250000805
27	38	-2.2807957500008342
27	38	-2.09595199999967
27	38	-2.0413269999990007
27	38	-1.9822644999985641
27	38	-1.9690457500000775
27	38	-1.78345199999967
27	38	-1.649920749998273
27	38	-1.6448582500015618
27	38	-1.6378269999986514
27	38	-1.4163269999990007
27	38	-1.3834832499996992
27	38	-1.3657644999984768
27	38	-1.2615144999981567
27	38	-1.2590144999994664
27	38	-1.2371707499987679
27	38	-1.1870457500008342
27	38	-1.1462644999992335
27	38	-1.108483249998244
27	38	-1.104264499997953
27	38	-0.6049207500000193
27	38	-0.4171395000012126
27	38	-0.37229574999946635
27	38	-0.30657699999937904
27	38	-0.15482799999881536
27	38	-0.08507799999642884
27	38	0.007922000000689877
27	38	0.3485470000014175
27	38	0.5568282500025816
27	38	0.6381720000026689
27	38	0.7419220000010682
27	38	0.8638282500032801
27	38	0.9622345000025234
27	38	1.0538282500019704
27	38	1.0832657500031928
27	38	1.1358595000019704
27	38	1.1560782500018831
27	38	1.1828595000006317
27	38	1.1998282500026107
27	38	1.2132345000027271
27	38	1.4209845000004862
27	38	1.4944532500012428
27	38	1.598609500000748
27	38	1.704984500000137
27	38	1.9230470000002242
27	39	-5.995481250000012
27	39	-5.914918750000652
27	39	-5.891825000002427
27	39	-5.887918750002427
27	39	-5.873200000001816
27	39	-5.856512500002282
27	39	-5.851699999999255
27	39	-5.681918750000477
27	39	-5.511887500000739
27	39	-5.4664812500013795
27	39	-5.372825000002194
27	39	-5.255575999999564
27	39	-5.240201000000525
27	39	-5.22716975000003
27	39	-5.043357250000554
27	39	-5.00323225000102
27	39	-4.98620099999971
27	39	-4.841388500000903
27	39	-4.78307599999971
27	39	-4.667607249997673
27	39	-4.640825999998924
27	39	-4.622294749999128
27	39	-4.611169749998226
27	39	-4.494982249998429
27	39	-4.444138499999099
27	39	-4.379607250000845
27	39	-4.370075999999244
27	39	-4.2898260000001756
27	39	-4.26988849999907
27	39	-4.223138499997731
27	39	-4.147419749999244
27	39	-4.13566974999776
27	39	-4.066732249997585
27	39	-4.023950999999215
27	39	-3.9483259999979055
27	39	-3.8785447499976726
27	39	-3.820825999999215
27	39	-3.6910134999998263
27	39	-3.6386072499990405
27	39	-3.5353260000010778
27	39	-3.5263259999992442
27	39	-3.401513500000874
27	39	-3.362982250000641
27	39	-3.322982249999768
27	39	-3.2067634999984875
27	39	-3.090732249998837
27	39	-3.066388499999448
27	39	-3.0338572500004375
27	39	-3.031951000000845
27	39	-3.001732249998895
27	39	-2.996919749999506
27	39	-2.99279475000003
27	39	-2.960700999999972
27	39	-2.893888499998866
27	39	-2.671889500001271
27	39	-2.6384520000028715
27	39	-2.624202000002697
27	39	-2.587389500000427
27	39	-2.567170750000514
27	39	-2.4169207500017365
27	39	-2.355514500002755
27	39	-2.2142332500006887
27	39	-2.0730457500030752
27	39	-2.0561082500025805
27	39	-2.009202000001096
27	39	-1.947202000003017
27	39	-1.6608895000026678
27	39	-1.498077000000194
27	39	-1.4565145000015036
27	39	-1.3682020000014745
27	39	-1.199452000000747
27	39	-1.1973270000016782
27	39	-1.1790770000006887
27	39	-1.1740145000003395
27	39	-1.1237645000001066
27	39	-1.0667020000000775
27	39	-1.061827000001358
27	39	-0.8528895000017656
27	39	-0.8446395000028133
27	39	-0.738733250000223
27	39	-0.7182332500015036
27	39	-0.7065145000015036
27	39	-0.7033270000029006
27	39	-0.5479207500029588
27	39	-0.5262957500017365
27	39	-0.5220457499999611
27	39	-0.48010825000164914
27	39	-0.4688270000006014
27	39	-0.46210825000162004
27	39	-0.4390457500012417
27	39	-0.26004674999785493
27	39	0.17389075000028242
27	39	0.27273450000211596
27	39	0.38648449999891454
27	39	0.44273450000036974
27	39	0.5836407499991765
27	39	0.6408907500008354
27	39	0.7652032500009227
27	39	0.9564219999992929
27	39	1.0832345000017085
27	39	1.0943594999989728
27	39	1.2442032500002824
27	39	1.3471407500001078
27	39	1.3824532500002533
27	39	1.3916094999985944
27	39	1.4002345000008063
27	39	1.417359499999293
27	39	1.4294845000003988
27	39	1.4319844999990892
27	39	1.4384219999992638
27	39	1.587390749999031
27	39	1.777046999999584
27	39	1.9224219999996421
27	40	-5.8808877500014205
27	40	-5.7805440000011
27	40	-5.691356499999529
27	40	-5.624075250001624
27	40	-5.558012749999762
27	40	-5.509512749998976
27	40	-5.380981500002235
27	40	-5.361918999999034
27	40	-5.356137750000926
27	40	-5.34420025000145
27	40	-5.035168999998859
27	40	-4.97420024999883
27	40	-4.942294000000402
27	40	-4.940075250000518
27	40	-4.924950249998801
27	40	-4.737294000002294
27	40	-4.7075752500022645
27	40	-4.675169000001915
27	40	-4.601294000000053
27	40	-4.533481500002381
27	40	-4.524512750002032
27	40	-4.468387749999238
27	40	-4.430325249999441
27	40	-4.308231499999238
27	40	-4.206825249999383
27	40	-4.196294000001217
27	40	-4.09810650000145
27	40	-4.079169000000547
27	40	-4.055450250001741
27	40	-4.028075250000256
27	40	-3.776669999999285
27	40	-3.6576387499990233
27	40	-3.3706387499987613
27	40	-3.3612949999987904
27	40	-3.1858262499990815
27	40	-3.0190762499987613
27	40	-2.9073262499987322
27	40	-2.7388887499982957
27	40	-2.663888749997568
27	40	-2.5475449999976263
27	40	-2.2283887499979755
27	40	-2.1946699999971315
27	40	-2.0649512499985576
27	40	-1.8138887499990233
27	40	-1.6222949999973935
27	40	-1.3603897499997402
27	40	-0.9653897499993036
27	40	-0.9227960000025632
27	40	-0.9212647500025923
27	40	-0.7919522500014864
27	40	-0.44023350000134087
27	40	-0.4323897499998566
27	40	-0.37895225000102073
27	40	-0.3678272500001185
27	40	-0.14570224999988568
27	40	0.003891500000463566
27	40	0.10836025000025984
27	40	0.5523914999976114
27	40	0.5573289999992994
27	40	0.7585164999982226
27	40	0.789610249998077
27	40	0.91964150000058
27	40	0.9741102499974659
27	40	1.3552655000021332
27	40	1.4976717499994265
27	40	1.7799217499996303
27	40	1.7838279999996303
27	40	1.8072654999996303
27	41	-5.7967310000021826
27	41	-5.591513250001299
27	41	-5.36813825000354
27	41	-5.218450750002376
27	41	-4.922169500001473
27	41	-4.876419500000338
27	41	-4.856888250000338
27	41	-4.646263250000629
27	41	-4.50985700000092
27	41	-4.492357000002812
27	41	-4.428232000002026
27	41	-4.362544500003423
27	41	-4.350200750002841
27	41	-4.341575750000629
27	41	-4.328263250001328
27	41	-4.231200750000426
27	41	-4.187825750002958
27	41	-4.154669500003365
27	41	-4.039138250001997
27	41	-3.748013250002259
27	41	-3.7214195000015025
27	41	-3.643857000002754
27	41	-3.212107000003016
27	41	-3.1942007500038017
27	41	-3.0303892500051006
27	41	-2.9050767500048096
27	41	-2.8237330000047223
27	41	-2.399451750003209
27	41	-2.188545500004693
27	41	-2.163639250004053
27	41	-2.142670500004897
27	41	-2.085233000005246
27	41	-2.0724205000042275
27	41	-2.013451750004606
27	41	-1.9234830000023067
27	41	-1.853514250004082
27	41	-1.7384205000053043
27	41	-1.6659830000025977
27	41	-1.6200455000034708
27	41	-1.58995175000382
27	41	-1.5867330000037327
27	41	-1.5674830000025395
27	41	-1.5356080000055954
27	41	-1.362670500002423
27	41	-1.2187330000051588
27	41	-1.2051392500034126
27	41	-1.1975455000028887
27	41	-1.188014250004926
27	41	-1.1850767500036454
27	41	-1.0034830000040529
27	41	-0.9606392500027141
27	41	-0.8306705000031798
27	41	-0.7668267500048387
27	41	-0.7490142500028014
27	41	-0.7375455000037618
27	41	-0.4835465000032855
27	41	-0.34098400000220863
27	41	-0.3282027500026743
27	41	-0.29798400000072434
27	41	-0.29276525000386755
27	41	-0.2891715000041586
27	41	0.14929724999819882
27	41	0.2413597499980824
27	41	0.25745349999851896
27	41	0.39314099999683094
27	41	0.5481409999993048
27	41	0.568109749998257
27	41	0.6657972499961033
27	41	0.7136409999984608
27	41	0.8577972499988391
27	41	1.1510784999991301
27	41	1.154765999996016
27	41	1.2354847499991592
27	41	1.25385974999881
27	41	1.7626097499960451
27	41	1.7753909999992175
27	41	1.786453499997151
27	41	1.9354212499965797
27	41	1.9402649999938149
27	41	1.9587024999964342
27	41	1.9602962499957357
27	41	1.992389999995794
27	42	-5.948013500001252
27	42	-5.517044750002242
27	42	-5.249044750002213
27	42	-5.110326000001805
27	42	-4.832325999999739
27	42	-4.822701000000961
27	42	-4.579513500000758
27	42	-4.381888500000059
27	42	-4.37023224999939
27	42	-4.287732250002591
27	42	-4.245920750003279
27	42	-4.18104575000325
27	42	-4.1384520000028715
27	42	-4.122045750002144
27	42	-4.0642332500028715
27	42	-3.9757332500012126
27	42	-3.930639500002144
27	42	-3.391264500001853
27	42	-3.3443582500040065
27	42	-3.312045750004472
27	42	-3.2038270000048215
27	42	-3.1074832500016782
27	42	-3.0759520000028715
27	42	-3.0175457500045013
27	42	-2.775920750002115
27	42	-2.7116395000048215
27	42	-2.6703270000034536
27	42	-2.632327000002988
27	42	-2.496358250002231
27	42	-2.341327000001911
27	42	-2.3053895000048215
27	42	-2.210483250004472
27	42	-2.1868895000043267
27	42	-2.1458270000039192
27	42	-2.1200770000032207
27	42	-2.097889500004385
27	42	-1.9710145000026387
27	42	-1.8179520000012417
27	42	-1.810889500004123
27	42	-1.7998270000025514
27	42	-1.4636405000019295
27	42	-1.4403904999999213
27	42	-1.4217029999999795
27	42	-1.4052342499999213
27	42	-1.3527967500012892
27	42	-0.9004217500005325
27	42	-0.8681717500003288
27	42	-0.8472030000011728
27	42	-0.6860780000024533
27	42	-0.6583592500028317
27	42	-0.6440155000018422
27	42	-0.6078592500016384
27	42	-0.6049217500003579
27	42	-0.5926092500012601
27	42	-0.373953000002075
27	42	-0.3668905000013183
27	42	-0.2733905000022787
27	42	-0.2585780000008526
27	42	-0.25104674999965937
27	42	-0.2293905000005907
27	42	0.14598449999903096
27	42	0.44335949999731383
27	42	0.5225470000004862
27	42	0.6310782500004279
27	42	0.6782969999985653
27	42	0.7256397499986633
27	42	0.772796000001108
27	42	0.7776085000004969
27	42	0.8424522499990417
27	42	0.8688897499996528
27	42	1.0407022500003222
27	42	1.2033897500004969
27	42	1.225296000000526
27	42	1.2450147500021558
27	42	1.2659210000019812
27	42	1.7433272500020394
27	43	-5.944262749999325
27	43	-5.866919000000053
27	43	-5.834606500000518
27	43	-5.7963877500005765
27	43	-5.770637749999878
27	43	-5.7686377499994705
27	43	-5.715293999997812
27	43	-5.455043999998452
27	43	-5.212450250000984
27	43	-5.175106499998947
27	43	-5.038169999996171
27	43	-4.835357499996462
27	43	-4.831357499999285
27	43	-4.78041999999914
27	43	-4.48335749999751
27	43	-4.472576249998383
27	43	-4.4439512499957345
27	43	-4.417857499996899
27	43	-4.089482499995938
27	43	-3.7917949999973644
27	43	-3.7865762499968696
27	43	-3.5507637499977136
27	43	-3.4541387499957636
27	43	-3.226076249997277
27	43	-3.0087949999979173
27	43	-2.958576249999169
27	43	-2.8630449999982375
27	43	-2.8149199999970733
27	43	-2.703263749997859
27	43	-2.547264749999158
27	43	-2.345077250000031
27	43	-2.163639750000584
27	43	-2.125077249998867
27	43	-2.112546000000293
27	43	-1.5799210000004678
27	43	-1.460077249997994
27	43	-1.3751085000003513
27	43	-1.1703897500010498
27	43	-1.1233585000009043
27	43	-1.1123897500001476
27	43	-1.1041397500011954
27	43	-1.1005459999978484
27	43	-1.0958585000007588
27	43	-1.0896709999979066
27	43	-1.0433897500006424
27	43	-0.8746709999977611
27	43	-0.84988974999942
27	43	-0.5676710000007006
27	43	-0.33913974999813945
27	43	-0.19788975000119535
27	43	-0.10926574999757577
27	43	0.30114050000338466
27	43	0.36585925000326824
27	43	0.4113905000012892
27	43	0.8258905000038794
27	43	1.0992655000009108
27	43	1.4071717500009981
27	43	1.4251092500016966
27	43	1.5375780000031227
27	43	1.5552655000028608
27	43	1.5687030000008235
27	43	1.5901092500025698
27	43	1.732921750000969
27	43	1.7647342500022205
27	43	1.7897030000021914
27	43	1.9319842500008235
27	44	-5.625731000003725
27	44	-5.289481000003434
27	44	-5.149513250002201
27	44	-5.110169500003394
27	44	-5.050919500001328
27	44	-4.894200750000891
27	44	-4.848982000003161
27	44	-4.8083882500031905
27	44	-4.785138250001182
27	44	-4.751075750002201
27	44	-4.700013250003394
27	44	-4.6447320000006584
27	44	-4.605419500003336
27	44	-4.506607000002987
27	44	-4.318482000002405
27	44	-4.315669500003423
27	44	-4.30173200000354
27	44	-4.297794500002055
27	44	-4.294763250003598
27	44	-4.289357000001473
27	44	-4.277200750002521
27	44	-4.270450750002055
27	44	-4.267357000000629
27	44	-3.7878570000029868
27	44	-3.351825750003627
27	44	-3.188669500003016
27	44	-3.1483570000018517
27	44	-3.087732000003598
27	44	-3.0295132500032196
27	44	-3.0188257500012696
27	44	-2.8754195000037726
27	44	-2.799233000005188
27	44	-2.72442050000609
27	44	-2.6409830000047805
27	44	-2.303983000005246
27	44	-2.1777955000034126
27	44	-2.069983000004868
27	44	-2.039889250005217
27	44	-1.9846080000061193
27	44	-1.9733892500044021
27	44	-1.9621392500048387
27	44	-1.9375767500059737
27	44	-1.8919205000056536
27	44	-1.8685455000049842
27	44	-1.8508267500037618
27	44	-1.8214830000033544
27	44	-1.8078892500052461
27	44	-1.7799517500025104
27	44	-1.715764250006032
27	44	-1.6992017500051588
27	44	-1.4923267500053043
27	44	-1.3973267500041402
27	44	-1.342920500002947
27	44	-1.2583892500042566
27	44	-1.2158267500053626
27	44	-1.160764250005741
27	44	-1.0342955000051006
27	44	-0.9462642500038783
27	44	-0.8504517500041402
27	44	-0.7971392500039656
27	44	-0.7445767500030342
27	44	-0.60167050000382
27	44	-0.5731705000034708
27	44	-0.5490455000035581
27	44	-0.5394517500026268
27	44	-0.5330767500054208
27	44	-0.5024205000045185
27	44	-0.14473400000133552
27	44	-0.11379650000162655
27	44	-0.06592150000142283
27	44	0.0639847499987809
27	44	0.09498474999782047
27	44	0.10432849999779137
27	44	0.15229724999881
27	44	0.1723909999964235
27	44	0.18229724999764585
27	44	0.18910974999744212
27	44	0.21214099999633618
27	44	0.2303284999979951
27	44	0.23317224999846076
27	44	0.471890999997413
27	44	0.4864534999978787
27	44	0.5747659999979078
27	44	0.8886722499955795
27	44	1.049390999996831
27	44	1.053609749997122
27	44	1.2379534999963653
27	44	1.5042972499977623
27	44	1.5066722499977914
27	44	1.5286722499986354
27	44	1.5406097499981115
27	44	1.9272972499966272
27	45	-5.984075249998568
27	45	-5.954950250001275
27	45	-5.031419999999343
27	45	-4.948544999999285
27	45	-4.936513749998994
27	45	-4.730607499997859
27	45	-4.402701249997335
27	45	-4.3229512499965494
27	45	-4.284263749996171
27	45	-4.248169999998936
27	45	-4.209763749997364
27	45	-4.18013874999815
27	45	-4.092326249996404
27	45	-4.066919999997481
27	45	-3.845201249998354
27	45	-3.42232624999815
27	45	-3.159763749998092
27	45	-2.774764749996393
27	45	-2.705545999997412
27	45	-2.2236084999967716
27	45	-2.218733499994414
27	45	-2.20492099999683
27	45	-1.9935147499963932
27	45	-1.7823272499954328
27	45	-1.6727959999952873
27	45	-1.6370459999961895
27	45	-1.4506709999950544
27	45	-1.4350772499965387
27	45	-1.384639749994676
27	45	-1.3696397499952582
27	45	-1.2831084999961604
27	45	-1.2190459999947052
27	45	-1.2123584999972081
27	45	-1.142858499995782
27	45	-1.1046709999973245
27	45	-1.067514749996917
27	45	-1.0555459999959567
27	45	-0.9302647499971499
27	45	-0.7619834999968589
27	45	-0.6110782499963534
27	45	-0.5547657499992056
27	45	-0.5480782499980705
27	45	-0.5392969999993511
27	45	-0.3987969999980123
27	45	-0.11514074999649893
27	45	-0.0869219999985944
27	45	0.11904675000187126
27	45	0.2013280000028317
27	45	0.21657800000321004
27	45	0.22851550000268617
27	45	0.24642175000190036
27	45	0.46120300000256975
27	45	0.47148425000341376
27	45	0.5245780000004743
27	45	0.5968592500030354
27	45	0.6998905000036757
27	45	0.9797967500016966
27	45	1.0718592500015802
27	45	1.2826092500035884
27	45	1.2893280000025698
27	45	1.6369217500032391
27	45	1.806203000000096
27	45	1.996327000004385
27	46	-5.977731999999378
27	46	-5.763825750000251
27	46	-5.640357000000222
27	46	-5.471107000001211
27	46	-5.415450749998854
27	46	-5.393075750002026
27	46	-5.373888250000164
27	46	-5.360575750000862
27	46	-5.344606999999087
27	46	-5.243044499999087
27	46	-5.196982000001299
27	46	-5.145794500000193
27	46	-5.087513250000484
27	46	-5.051513250000426
27	46	-4.992731999998796
27	46	-4.9876695000020845
27	46	-4.925825750000513
27	46	-4.7668569999987085
27	46	-4.4844819999998435
27	46	-4.049264249999396
27	46	-3.708857999998145
27	46	-3.698170499999833
27	46	-3.546857999997883
27	46	-3.4164517499993963
27	46	-3.4086704999972426
27	46	-3.3959204999991925
27	46	-3.3934517499983485
27	46	-3.366545499997301
27	46	-3.3543892499983485
27	46	-3.321232999998756
27	46	-3.12673299999733
27	46	-2.8914829999994254
27	46	-2.8498579999977665
27	46	-2.8020767499983776
27	46	-2.787514249997912
27	46	-2.7505454999991343
27	46	-2.177420500000153
27	46	-1.9011704999975336
27	46	-1.537765249999211
27	46	-1.4771715000024415
27	46	-1.3943902499995602
27	46	-1.18364025000119
27	46	-0.9910777500008408
27	46	-0.8900152499991236
27	46	-0.3876715000005788
27	46	-0.3142027499998221
27	46	-0.27682774999993853
27	46	-0.26370275000226684
27	46	-0.16035900000133552
27	46	-0.14004650000060792
27	46	-0.08514025000113179
27	46	0.15210975000081817
27	46	0.4390784999995958
27	46	0.5123285000008764
27	46	0.5560159999986354
27	46	0.5737034999983734
27	46	0.6686722499980533
27	46	0.809015000002546
27	46	0.8585149999998976
27	46	0.9641400000000431
27	46	1.1672337500021968
27	46	1.1884212500008289
27	46	1.3741399999998976
27	46	1.4506399999991118
27	46	1.454890000000887
27	46	1.4586712500022259
27	46	1.4779212499997811
27	46	1.488796249999723
27	46	1.5062337500021385
27	46	1.5256712500013236
27	46	1.5302650000012363
27	46	1.9601399999992282
27	46	1.9802337500004796
27	46	1.9927650000026915
27	46	1.9991712500013818
27	47	-5.995106500002294
27	47	-5.932732499997655
27	47	-5.775888749998558
27	47	-5.586544999998296
27	47	-5.5540450000007695
27	47	-5.284701249998761
27	47	-5.189701249997597
27	47	-5.003544999999576
27	47	-4.858138749998034
27	47	-4.5792325000002165
27	47	-4.535701249998965
27	47	-4.514138750000711
27	47	-4.270544999999402
27	47	-3.696794999999838
27	47	-3.634388750000653
27	47	-3.6188887499993143
27	47	-3.5969199999999546
27	47	-3.442451249997248
27	47	-3.0362335000027088
27	47	-2.8354209999997693
27	47	-2.820077250002214
27	47	-2.591889750001428
27	47	-2.553139750001719
27	47	-2.4394522500006133
27	47	-2.261077250001108
27	47	-2.1290147500003513
27	47	-2.1243897500025923
27	47	-2.09617100000105
27	47	-2.0917335000012827
27	47	-2.083952250002767
27	47	-2.0752960000027088
27	47	-1.9414522500010207
27	47	-1.8912960000016028
27	47	-1.7120772500020394
27	47	-1.682733500001632
27	47	-1.5992335000009916
27	47	-1.5876085000018065
27	47	-1.580452250000235
27	47	-1.561546000000817
27	47	-1.5560147500000312
27	47	-1.513546000001952
27	47	-1.3807022500004678
27	47	-0.8399219999992056
27	47	-0.82701575000101
27	47	-0.8253594999987399
27	47	-0.7472032500008936
27	47	-0.7019844999995257
27	47	-0.5557032500000787
27	47	-0.5348282499980996
27	47	-0.5257032499976049
27	47	-0.5230157500009227
27	47	-0.5200782499996421
27	47	0.10514049999983399
27	47	0.37276550000024145
27	47	0.49148425000021234
27	47	0.5673905000003288
27	47	0.6507967500001541
27	47	0.994015500000387
27	47	1.0927655000014056
27	47	1.2615467499999795
27	47	1.4535780000005616
27	47	1.6082332499972836
27	47	1.6200457499980985
27	47	1.9282019999991462
27	48	-5.792981750000763
27	48	-5.592356749999453
27	48	-5.428700500000559
27	48	-5.3737317500017525
27	48	-5.363481750002393
27	48	-5.3617005000014615
27	48	-5.060763000001316
27	48	-4.951294250000501
27	48	-4.803013000000647
27	48	-4.772388000001229
27	48	-4.727544249999482
27	48	-4.407794250000734
27	48	-4.3502942500017525
27	48	-4.23388800000248
27	48	-3.9211067500000354
27	48	-3.9126692499994533
27	48	-3.8582942499997444
27	48	-3.839762999999948
27	48	-3.6616692499992496
27	48	-3.5168255000025965
27	48	-3.4640139999974053
27	48	-3.461201499998424
27	48	-3.1879202499985695
27	48	-2.979076499999792
27	48	-2.8268265000006068
27	48	-2.757763999998133
27	48	-2.7506389999980456
27	48	-2.7401389999977255
27	48	-2.449388999997609
27	48	-2.195076500000141
27	48	-2.096795249999559
27	48	-1.8857327500008978
27	48	-1.883076499998424
27	48	-1.838170250000985
27	48	-1.73895149999953
27	48	-1.6956077499999083
27	48	-1.625170249997609
27	48	-1.6054827499974635
27	48	-1.6019515000007232
27	48	-1.5947952499991516
27	48	-1.512701499999821
27	48	-1.3810452500001702
27	48	-1.3237014999976964
27	48	-1.3147952500003157
27	48	-1.2887327499993262
27	48	-1.282232749999821
27	48	-1.1898577499996463
27	48	-0.976983750002546
27	48	-0.5478275000023132
27	48	-0.3612649999995483
27	48	-0.30470250000144006
27	48	-0.03295250000155647
27	48	0.0886724999982107
27	48	0.11214124999969499
27	48	0.2942349999975704
27	48	0.29685999999855994
27	48	0.37251624999771593
27	48	0.4451100000005681
27	48	0.5080162499980361
27	48	0.5676724999975704
27	48	0.6320474999993166
27	48	0.7187974999978906
27	48	0.9357037499976286
27	48	1.0051099999982398
27	48	1.0684849999997823
27	48	1.1667037499973958
27	48	1.3169224999983271
27	48	1.3517350000001898
27	48	1.428141249998589
27	49	-5.972107249999681
27	49	-5.9202322500023
27	49	-5.8907634999995935
27	49	-5.875263500001893
27	49	-5.65807599999971
27	49	-5.557107250002446
27	49	-5.548419750000903
27	49	-5.544513500000903
27	49	-5.5419822500007285
27	49	-5.469482250002329
27	49	-5.327169750002213
27	49	-5.289357249999739
27	49	-5.019419750002271
27	49	-4.971826000000874
27	49	-4.686388500002067
27	49	-4.508201000000554
27	49	-4.47082600000067
27	49	-4.462857250000525
27	49	-4.339388500000496
27	49	-4.295951000000059
27	49	-4.074513499999739
27	49	-4.057044750003115
27	49	-3.9112010000026203
27	49	-3.7962947500018345
27	49	-3.743013499999506
27	49	-3.5836385000002338
27	49	-3.2450457499980985
27	49	-3.2394832499994664
27	49	-3.0096707499978947
27	49	-3.003514500000165
27	49	-2.9127019999978074
27	49	-2.79760824999903
27	49	-2.676233250000223
27	49	-2.662670749999961
27	49	-2.6522332499989716
27	49	-2.373608249999961
27	49	-2.240889500000776
27	49	-2.09057699999903
27	49	-1.9913582500012126
27	49	-1.5633894999991753
27	49	-1.504764500001329
27	49	-1.4986082499999611
27	49	-1.4930144999998447
27	49	-1.3155770000012126
27	49	-1.1788269999997283
27	49	-1.1508582499991462
27	49	-1.0963894999986223
27	49	-1.0674207499978365
27	49	-0.9843905000016093
27	49	-0.955984250002075
27	49	-0.9398280000023078
27	49	-0.8111717500032682
27	49	-0.7990467500021623
27	49	-0.4163280000029772
27	49	-0.410859250001522
27	49	-0.31132800000341376
27	49	-0.11176550000163843
27	49	0.040390749996731756
27	49	0.0743282499970519
27	49	0.3867969999992056
27	49	0.40220324999972945
27	49	0.5746407499973429
27	49	0.6677344999989145
27	49	0.8173907499985944
27	49	0.8245782499980123
27	49	0.8357657499982452
27	49	1.2578907499992056
27	49	1.5350772499987215
27	49	1.6824835000006715
28	1	-3.766514000002644
28	1	-3.6205140000020037
28	1	-2.283233750000363
28	1	-2.0555774999993446
28	1	-0.604858750000858
28	1	-0.6019212499995774
28	1	-0.5988587499996356
28	1	0.3763589999980468
28	1	0.3827652499967371
28	1	0.3864839999987453
28	1	1.0383589999983087
28	2	-5.441013250001561
28	2	-5.437669499999174
28	2	-3.3089820000022883
28	2	-3.3061382500018226
28	2	-3.3021069999995234
28	2	-3.2978257499999017
28	2	-3.29476324999996
28	2	-1.2130142499991052
28	2	-1.2075142499998037
28	2	-1.2042642499982321
28	3	-4.761013499999535
28	3	-3.8069822500001465
28	3	-3.80241974999808
28	3	-3.799513499998284
28	3	-3.577826000000641
28	3	-3.5631697499993606
28	3	-3.5607634999978472
28	3	-3.543888500000321
28	3	-2.2683894999972836
28	3	-0.9354207499964104
28	3	0.03926575000514276
28	4	-4.353888499997993
28	4	-3.936357249996945
28	4	-3.9332322499976726
28	4	-3.931419749995257
28	4	-3.9289197499965667
28	4	-3.9259197499959555
28	4	-3.922669749998022
28	4	-3.9172634999958973
28	4	-2.5872332499966433
28	4	-2.577326999999059
28	4	-2.573451999996905
28	4	-2.569233249996614
28	4	-2.2321082499984186
28	4	-1.8402332499972545
28	4	-1.7127019999970798
28	4	-1.2972019999979238
28	4	-1.1843582499968761
28	4	-0.22164049999628332
28	4	-0.22020299999712734
28	4	-0.21573424999587587
28	4	-0.2103592499952356
28	4	-0.20867174999511917
28	4	-0.2059529999969527
28	4	-0.20395299999654526
28	4	-0.19917174999500276
28	4	-0.1894217499975639
28	5	-5.952325750000455
28	5	-2.153795500002161
28	5	-2.1422955000016373
28	5	-1.5445455000008224
28	5	-0.6769214999985707
28	5	1.3664212499970745
28	6	-5.5164507500012405
28	6	-5.506450750002841
28	6	-3.0217642499992508
28	6	-2.238701750000473
28	6	-2.221951750001608
28	6	-2.2200455000020156
28	6	-2.2172329999993963
28	6	-0.90135900000314
28	6	-0.5066402500015101
28	6	-0.1877340000028198
28	6	0.5769847499977914
28	7	-3.6589824999973644
28	7	-3.648169999996753
28	7	-3.645388749999256
28	7	-3.6412949999976263
28	7	-2.1171699999977136
28	7	-2.1140762499962875
28	7	-1.553482499999518
28	7	-1.5519512499995471
28	7	-1.5497324999960256
28	7	-1.547107499998674
28	7	-1.5447637499964912
28	7	-0.9360459999988961
28	7	-0.9320772499995655
28	7	-0.5541709999997693
28	7	-0.4715147499991872
28	7	-0.46729599999889615
28	7	-0.4647022499993909
28	7	-0.46117099999901257
28	8	-5.300669000000198
28	8	-5.059012749999965
28	8	-4.990825250002672
28	8	-4.9004190000014205
28	8	-1.5777335000020685
28	8	-1.5674209999997402
28	8	-1.1284522500027379
28	8	-1.1102022500017483
28	8	-1.0975460000008752
28	8	-1.0691397500013409
28	8	0.4301717500020459
28	8	0.7667030000011437
28	9	-3.8926695000009204
28	9	-2.2477642500016373
28	9	-1.5638580000013462
28	9	-1.5614204999983485
28	9	-1.4590454999997746
28	9	-1.3178267500006768
28	9	-1.3139205000006768
28	9	-0.7237954999982321
28	9	-0.7212017499987269
28	9	1.795797249997122
28	10	-1.9691395000008924
28	10	-0.9979530000018713
28	10	-0.5500155000045197
28	10	-0.43551550000483985
28	11	-3.6542637500024284
28	11	-3.197295000001759
28	11	-2.124201250000624
28	11	-2.118138750000071
28	11	-1.1521397500000603
28	11	-1.1348585000014282
28	11	-0.40098349999971106
28	11	-0.07510850000107894
28	11	-0.06710849999944912
28	11	-0.06485850000171922
28	11	0.6355467499997758
28	11	1.1741404999993392
28	11	1.1777654999968945
28	12	-1.8265147499987506
28	12	-1.4632022500009043
28	12	-1.4609522499995364
28	12	-1.4585772499995073
28	12	-1.4419210000014573
28	12	-0.7992022500002349
28	12	-0.7953897500010498
28	12	1.669702999995934
28	12	1.675140499999543
28	13	-5.028888500004541
28	13	-5.024451000001136
28	13	-5.020826000003581
28	13	-4.795201000004454
28	13	-4.791576000003261
28	13	-4.788576000002649
28	13	-4.786888500002533
28	13	-4.781451000002562
28	13	-4.775763500001631
28	13	-2.825483250002435
28	13	-2.8221707500015327
28	13	-2.818202000002202
28	13	-2.813889500001096
28	13	-2.5766707500006305
28	13	-2.2445457499998156
28	13	-2.2002332500014745
28	13	-1.481733250002435
28	13	-1.4708895000003395
28	13	-1.468983250000747
28	13	-1.4576707500018529
28	13	-1.4531082499997865
28	14	-3.287420500000735
28	14	-2.3102642500016373
28	14	-2.3046080000021902
28	14	-1.97110800000155
28	14	-1.7616392500021902
28	14	-1.485201750001579
28	14	0.3555159999996249
28	14	0.3593910000017786
28	14	1.8060149999982968
28	14	1.809514999997191
28	14	1.8124212500006252
28	14	1.8321712500001013
28	14	1.8386712499996065
28	15	-5.668075749996206
28	15	-5.478606999997282
28	15	-3.874544499998592
28	15	-3.4842017500013753
28	15	-3.4821392499979993
28	15	-3.479733000000124
28	15	-3.3085455000000366
28	15	-3.295514249999542
28	15	-3.2881704999999783
28	15	-3.281545499998174
28	15	-0.7643277499992109
28	15	0.15545350000320468
28	15	0.1579847500033793
28	16	-4.102045500003442
28	16	-3.928951750003762
28	16	-3.5993580000031216
28	16	-3.5893892500025686
28	16	-3.3193580000042857
28	16	-2.4961392500044894
28	16	-2.158920500005479
28	16	-2.1555767500030925
28	16	-2.1522017500028596
28	16	0.14701599999898463
28	16	0.14951599999767495
28	16	0.15520349999860628
28	16	0.16264099999898463
28	16	0.165453499997966
28	17	-3.40010749999783
28	17	-3.3962324999993143
28	17	-3.394576249997044
28	17	-3.3916387499994016
28	17	-3.3881387500005076
28	17	-3.385419999998703
28	17	-2.96138874999815
28	17	-2.7733887499998673
28	17	-2.453014750000875
28	17	-2.4503897499998857
28	17	-2.442827250000846
28	17	-2.3662960000001476
28	17	-2.3638272499993036
28	17	-2.360889750001661
28	17	-2.3582647500006715
28	17	-1.7153585000014573
28	17	-0.722733500002505
28	17	0.17460924999977578
28	18	-5.352607249995344
28	18	-5.171919749998779
28	18	-5.167544749998342
28	18	-3.9062947499987786
28	18	-3.6651384999968286
28	18	-2.8693270000003395
28	18	-2.6090769999973418
28	18	-1.9751707499999611
28	18	-1.6090457499994955
28	18	-1.4982019999988552
28	19	-3.01132625000173
28	19	-2.5058575000039127
28	19	-2.265951250003127
28	19	-2.2139825000012934
28	19	-2.211076250001497
28	19	-2.207263750002312
28	19	-2.201107500000944
28	19	-2.196795000003476
28	19	-2.1932325000016135
28	19	-1.0848272500006715
28	19	-0.1873897500008752
28	20	-1.1020147499984887
28	20	-1.08323350000137
28	20	0.06636024999897927
28	20	0.16220400000020163
28	20	0.17161024999950314
28	20	0.17507900000055088
28	20	0.1767665000006673
28	20	0.18482900000162772
28	20	0.18826650000119116
28	20	0.19189149999874644
28	20	0.19861025000136578
28	21	1.8119210000004387
28	22	-4.57454449999932
28	22	-4.556763249998767
28	22	-4.5523257499989995
28	22	-4.216013249999378
28	22	-3.6299507500007167
28	22	-2.020264249997126
28	22	-1.0991090000024997
28	22	-1.0899214999990363
28	22	-0.9856402500008699
28	22	-0.9748277500002587
28	22	-0.9730464999993274
28	22	-0.9701715000010154
28	23	-4.70413825000287
28	23	-3.8124517500000366
28	23	-1.632546500000899
28	23	-1.508171500001481
28	23	-1.5017340000013064
28	23	-1.1144215000022086
28	23	-0.5706402500036347
28	23	-0.010734000003139954
28	24	-5.607762999999977
28	24	-5.603356749998056
28	24	-5.5964817499989294
28	24	-3.7726077499974053
28	24	-3.7694514999966486
28	24	-2.2909202499977255
28	24	-2.287357749995863
28	24	-2.2848577499971725
28	24	0.19107875000190688
28	24	0.19723499999963678
28	24	1.86107775000346
28	24	1.8690465000036056
28	25	-1.8004204999997455
28	25	-1.1188579999979993
28	25	-1.1143579999989015
28	25	-0.8137954999983776
28	25	0.09889099999782047
28	25	0.1257347499995376
28	25	0.14042224999866448
28	25	1.759109750000789
28	26	-5.776137499997276
28	26	-4.892326000001049
28	26	-4.889357250001922
28	26	-2.8771072499985166
28	26	-1.8632332499983022
28	26	-1.860545749997982
28	26	-1.8384519999999611
28	27	-5.964106500003254
28	27	-5.764481500005786
28	27	-5.533512750003865
28	27	-5.245420000002923
28	27	-5.24101375000464
28	27	-3.849326250001468
28	27	-3.837420000003476
28	27	-3.114326250004524
28	27	-2.5156397500031744
28	27	-2.124233500002447
28	27	-1.720577250001952
28	27	-1.7083897500015155
28	27	-1.705358500003058
28	27	0.14532799999506096
28	27	0.9783592499952647
28	27	1.9533592499974475
28	28	-3.5672012499999255
28	28	-2.7752022499989835
28	28	-0.7115147500007879
28	28	-0.7078584999981103
28	28	-0.2495157500015921
28	28	-0.23720325000249431
28	29	-4.822701000004599
28	29	-4.819263500001398
28	29	-4.808107250002649
28	29	-4.80201350000425
28	29	-4.7990760000029695
28	29	-2.7357020000017656
28	29	-2.311420750000252
28	29	-2.303920750000543
28	29	-2.296701999999641
28	29	-1.9502645000029588
28	29	-1.3339832500023476
28	29	-1.3310144999995828
28	29	-1.3284832499994081
28	29	-1.3252645000029588
28	29	0.10801574999641161
28	29	1.0255782499953057
28	29	1.0322344999985944
28	29	1.035078249995422
28	29	1.0388594999967609
28	29	1.0416094999964116
28	29	1.0553594999983034
28	30	-5.9800129999966884
28	30	-5.977075499999046
28	30	-5.351981749998231
28	30	-5.32841924999957
28	30	-5.318512999998347
28	30	-5.311794249999366
28	30	-5.132575499999803
28	30	-3.4342015000001993
28	30	-2.5499515000010433
28	30	-2.5472015000013926
28	30	-2.544264000000112
28	30	-2.121576500001538
28	30	-2.118482750000112
28	30	-2.116732750000665
28	30	-0.8823587499973655
28	30	-0.878608749997511
28	30	0.8403902499994729
28	30	0.8426402500008408
28	30	0.8467027500009863
28	30	1.3358277500010445
28	30	1.3387027499993565
28	30	1.3447339999984251
28	30	1.3495152499999676
28	30	1.3528589999987162
28	31	-5.992575000000215
28	31	-5.990668750000623
28	31	-5.986512499999662
28	31	-5.984637500001554
28	31	-2.871764499999699
28	31	-2.41132700000162
28	31	-2.352327000000514
28	31	-2.345733250000194
28	31	-2.3406395000019984
28	31	-2.238951999999699
28	31	-1.4327645000012126
28	31	-1.4257957500012708
28	31	-0.17367175000254065
28	31	-0.1717967500044324
28	31	-0.1687342500044906
28	31	-0.1648280000044906
28	31	-0.1585467500044615
28	31	-0.1561092500014638
28	32	-0.9678280000007362
28	32	-0.9640155000015511
28	32	-0.6978280000002997
28	32	0.9180469999992056
28	32	1.0452657499990892
28	33	-3.7959200000004785
28	34	-5.2213572500004375
28	34	-4.288294750000205
28	34	-3.8673572500010778
28	34	-3.86407600000166
28	34	-3.860294750000321
28	34	-3.856388500000321
28	34	-3.677419750001718
28	34	-3.5596082500051125
28	34	-3.557608250004705
28	34	-3.551327000004676
28	34	-3.5490457500054617
28	34	-3.545670750005229
28	34	-2.057608250004705
28	34	-2.0536395000053744
28	34	-1.9589832500023476
28	34	-1.8314832500036573
28	34	-1.7801707500038901
28	34	-1.6522645000040939
28	34	-1.6297957500028133
28	34	-1.6278895000032207
28	34	-1.6237645000037446
28	34	-1.6218895000019984
28	34	-1.6149207500020566
28	34	-1.6117332500034536
28	34	-0.7993592500024533
28	34	-0.7964842500005034
28	34	-0.7929217500022787
28	34	1.1607344999974885
28	35	-3.4002324999964912
28	35	-2.5086397499981103
28	35	-2.3651397499997984
28	35	-2.047452250000788
28	35	-1.5313897499981977
28	35	-1.5278897499993036
28	35	-1.5254522499999439
28	35	-1.5184522499985178
28	35	0.03435925000303541
28	35	0.03710925000268617
28	35	0.7284842500012019
28	35	1.84279675000289
28	35	1.8841717500035884
28	35	1.8858280000022205
28	36	-4.7749512499976845
28	36	-4.762294999996811
28	36	-3.4948262499965494
28	36	-3.1655449999962
28	36	-1.9081397499976447
28	36	-1.848139749999973
28	36	1.8081092500033265
28	36	1.8122030000013183
28	36	1.8168280000027153
28	37	-5.160857749997376
28	37	-5.158451499999501
28	37	-5.151482749999559
28	37	-4.268951499998366
28	37	-4.266607749996183
28	37	-4.264482749997114
28	37	-4.2578264999974635
28	37	-4.253888999999617
28	37	-3.1744827499969688
28	37	0.4670152500002587
28	38	-5.179669749999448
28	38	-5.1595759999981965
28	38	-5.123325999997178
28	38	-4.442513499998313
28	38	-4.144294749996334
28	38	-2.427451999999903
28	38	-2.4174207500000193
28	38	-2.4145457499980694
28	38	-2.4113582499994664
28	38	-2.4032332499991753
28	38	-2.4015145000012126
28	38	-2.394483249998302
28	38	-2.384983249998186
28	38	-1.6523582500012708
28	38	-1.644670749999932
28	38	-1.641889499998797
28	38	-0.397139500000776
28	39	-5.905231250002544
28	39	-5.861543750001147
28	39	-5.714950000001409
28	39	-4.628138500000205
28	39	-3.0113572499976726
28	39	-2.5839520000008633
28	39	-2.580608250002115
28	39	-1.4016394999998738
28	39	-1.3959520000025805
28	39	-1.3892332499999611
28	39	-1.3851707499998156
28	39	-1.3831395000015618
28	39	-0.7077957500005141
28	39	-0.7025770000000193
28	40	-5.225981499999762
28	40	-4.300575249999383
28	40	-3.0327637499976845
28	40	-2.883638749997772
28	40	-2.880263749997539
28	40	-2.664482500000304
28	40	-2.258763750000071
28	40	-2.2566387499973644
28	40	-2.253232499999285
28	40	-2.2505762500004494
28	40	-1.6180762499971024
28	40	-1.4862334999997984
28	40	-0.6240772500023013
28	40	1.4579530000009981
28	40	1.4852030000001832
28	41	-5.620481000005384
28	41	-5.372450750001008
28	41	-5.234294500001852
28	41	-5.226232000000891
28	41	-4.6972632500037435
28	41	-4.689700750001066
28	41	-4.687263250001706
28	41	-4.684857000003831
28	41	-4.6816382500037435
28	41	-3.8997945000010077
28	41	-3.2024820000006002
28	41	-2.6444830000036745
28	41	-2.641139250004926
28	41	-2.638170500005799
28	41	-2.633858000004693
28	41	-1.605983000004926
28	41	-1.3237642500025686
28	41	-1.3220142500031216
28	41	-1.0252642500054208
28	41	-0.9054517500044312
28	41	-0.6757955000030051
28	41	-0.6730767500048387
28	41	-0.5443277500016848
28	41	-0.49660900000162655
28	41	0.2522972499973548
28	41	1.9556399999964924
28	42	-5.039701000001514
28	42	-2.9507332500033954
28	42	-2.947389500004647
28	42	-1.286671750000096
28	42	-1.258515500001522
28	42	-0.3137967500006198
28	42	-0.3100467500007653
28	42	-0.3077967500030354
28	42	-0.3028905000028317
28	42	0.8557647500019812
28	42	1.122702249998838
28	42	1.1276710000020103
28	42	1.1358897499994782
28	43	-5.68757524999819
28	43	-4.0213574999979755
28	43	-3.1352324999970733
28	43	-1.4152022499984014
28	43	-0.34451474999877973
28	43	-0.33932724999976926
28	43	1.3325780000013765
28	44	-5.518418500003463
28	44	-5.515981000004103
28	44	-4.839044500004093
28	44	-4.80673200000092
28	44	-4.7863882500023465
28	44	-4.614200750002055
28	44	-4.3752007500006584
28	44	-3.747794500002783
28	44	-3.4616382500025793
28	44	-3.450419500000862
28	44	-2.986575750001066
28	44	-1.9502330000032089
28	44	0.02054724999834434
28	44	0.031328499997471226
28	44	0.03473474999918835
28	44	0.037484749998839106
28	44	0.04345349999857717
28	44	0.046203499998227926
28	45	-5.245732499999576
28	45	-3.4583262499982084
28	45	-3.261451249996753
28	45	-2.498514749997412
28	45	-1.580452249996597
28	45	-1.5213272499968298
28	45	-1.5185459999956947
28	45	-0.8330772499975865
28	45	-0.8294834999978775
28	45	-0.5334844999997586
28	45	-0.09185949999664444
28	45	-0.08979699999690638
28	45	0.17135925000184216
28	45	0.2515467500015802
28	45	1.6918592500005616
28	46	-5.8425132500015025
28	46	-2.260889249999309
28	46	-1.253546500000084
28	47	-5.044763750000129
28	47	-3.6258887500007404
28	47	-2.727952249999362
28	47	-2.723639750001894
28	47	-2.1736397500026214
28	47	-2.171233500001108
28	47	-2.1689210000004095
28	47	-2.1655147500023304
28	47	-2.1494835000012245
28	47	-2.1456085000027088
28	47	-1.7513585000015155
28	47	-1.7478585000026214
28	47	-1.7447022500018647
28	47	-1.7415147499996237
28	47	-1.096796000001632
28	47	-0.9295782499975758
28	47	-0.927234499999031
28	47	1.4798592500010272
28	48	-5.296825500001432
28	48	-4.9479505000017525
28	48	-4.9454817500009085
28	48	-4.942888000001403
28	48	-4.940575500000705
28	48	-4.936669250000705
28	48	-3.644731750002393
28	48	-3.638294250002218
28	48	-3.635169249999308
28	48	-2.818920249999792
28	48	-2.815138999998453
28	48	-2.8109514999996463
28	48	-1.4106077500000538
28	48	-0.41404624999995576
28	48	0.7725787499985017
28	48	0.7880162500005099
28	48	1.4185162499998114
28	49	-5.948044750002737
28	49	-5.71173225000166
28	49	-5.573107250002067
28	49	-5.554669750003086
28	49	-5.346169750002446
28	49	-4.9645760000021255
28	49	-4.0065135000004375
28	49	-2.5366707499997574
28	49	-2.532201999998506
29	1	-3.647170250002091
29	1	-0.6052024999989953
29	1	0.3764214999973774
29	1	0.3822027499991236
29	2	-3.296107000001939
29	2	-3.2922632500012696
29	2	-1.2013892499999201
29	3	-5.791387499997654
29	3	-3.8029822499993315
29	3	-3.5787947499993606
29	3	-3.5567947499985166
29	4	-3.9313884999974107
29	4	-3.9272634999979346
29	4	-3.9239509999970323
29	4	-3.5139519999975164
29	4	-0.20020299999669078
29	4	-0.19704674999593408
29	4	-0.19129674999567214
29	5	-5.944357000000309
29	5	-1.4709517500014044
29	6	-2.210920500001521
29	7	-3.661201249997248
29	7	-3.652763749996666
29	7	-1.5535449999988487
29	7	-0.45401475000107894
29	7	0.0642039999984263
29	8	-4.0132324999976845
29	8	-4.0103574999993725
29	9	-1.3084205000013753
29	9	-0.7222642499982612
29	12	-1.8330772500012245
29	12	-1.4672647500010498
29	12	-0.7962960000004387
29	12	1.5039529999994556
29	12	1.6733592499986116
29	13	-2.524202000000514
29	13	-2.1798582500014163
29	13	-1.5925769999994372
29	13	-0.910295749999932
29	14	-3.405107999999018
29	14	-2.3006080000013753
29	14	1.8832962499982386
29	15	-3.315295500000502
29	15	-3.305826749998232
29	15	-3.2885767500010843
29	15	-0.3717027499988035
29	16	-5.7103257500020845
29	16	-1.3338590000021213
29	16	0.1522659999973257
29	17	-3.400201249998645
29	17	-3.396076249999169
29	17	-3.3895449999981793
29	17	-3.112576249997801
29	17	-2.359327250000206
29	18	-3.4626072499959264
29	19	-2.2115137500004494
29	20	-0.9186397499979648
29	20	0.18086024999865913
29	22	-4.571794499999669
29	22	-4.563419500002055
29	22	-4.551513250000426
29	23	1.0057024999987334
29	24	-5.537731749998784
29	24	-2.293045249996794
29	24	0.9145465000037802
29	25	0.1312035000009928
29	25	1.149828499997966
29	27	-5.245920000004844
29	27	-1.7156085000024177
29	27	1.4647654999971564
29	27	1.4862654999960796
29	28	-0.5687969999999041
29	29	-5.124951000001602
29	29	-4.820107250001456
29	29	-2.74170199999935
29	29	-2.3056082500006596
29	29	-1.3319832500019402
29	29	0.10542199999690638
29	29	1.0298594999985653
29	30	-5.84898174999762
29	30	-5.139575499997591
29	30	-3.146764000000985
29	30	-3.1437015000010433
29	30	0.8424527499992109
29	30	0.8498902499995893
29	31	-4.936419750003552
29	31	-4.743263500004105
29	31	-3.5932010000033188
29	31	-0.16695300000355928
29	31	-0.16126550000262796
29	31	0.41473449999830336
29	31	0.4336719999955676
29	31	0.4440157499957422
29	31	0.45148449999760487
29	31	0.47254699999757577
29	34	-3.862138500000583
29	34	-3.3882332500033954
29	34	-0.5036717500006489
29	34	-0.12748425000245334
29	35	-1.53060849999747
29	35	-1.52567099999942
29	36	-4.778419999995094
29	37	-5.52501299999858
29	37	-5.159576499998366
29	37	-4.267045249998773
29	37	-4.253951499998948
29	37	-2.168796250000014
29	38	-4.595544749998226
29	38	-1.6470144999984768
29	38	-1.642295749999903
29	38	-1.313045750001038
29	39	-5.721481250002398
29	39	-5.715012500000739
29	39	-1.384389500002726
29	40	-1.546701249997568
29	40	-1.5401700000002165
29	40	-1.5309199999974226
29	40	-1.5233887499998673
29	41	-5.233888250000746
29	41	-4.788950750000367
29	41	-4.69357575000322
29	41	-3.892919500001881
29	41	-3.878950750000513
29	41	-2.887951750002685
29	41	-2.6407017500023358
29	41	-1.6021080000027723
29	41	-1.5979517500054499
29	42	-0.1606092500005616
29	43	-1.4551084999984596
29	44	-2.5086705000030634
29	44	-1.3433580000055372
29	44	0.041484749996016035
29	45	-1.5119834999968589
29	45	-0.09248449999722652
29	47	-5.267232499998499
29	47	0.05301550000149291
29	47	0.056515500000386965
29	48	-4.950481750001927
29	48	-2.8228889999991225
29	49	-5.344482250002329
29	49	-5.333294750002096
29	49	-5.190263500000583
29	49	-2.5378270000001066
29	49	-1.8040457499992044
29	49	-1.8007644999997865
29	49	-1.7352957500006596
29	49	-1.4752332499992917
29	49	-1.469202000000223
29	49	-1.4628582500008633
29	49	-1.4569207499989716
30	1	-1.4703274999992573
30	2	-3.286732000000484
30	2	-1.2106079999975918
30	3	-2.8852644999969925
30	3	-1.5356707499995537
30	4	-5.431669749996217
30	4	-4.855325999997149
30	4	-3.5254519999980403
30	4	-2.2063894999992044
30	4	-1.532920749999903
30	5	-0.05839025000022957
30	5	1.0701410000001488
30	6	-2.2280767500014917
30	7	-4.03420025000014
30	7	-3.640138749997277
30	7	-2.117326249997859
30	7	-1.555951249996724
30	7	-0.9434209999999439
30	8	-5.30904400000145
30	8	-2.5443887500005076
30	8	-1.414858500000264
30	8	-1.4122647500007588
30	8	1.116546749999543
30	9	-2.3112017499988724
30	10	-1.9667645000008633
30	11	-1.5987959999984014
30	12	-0.43382724999901257
30	12	1.6617029999979422
30	13	-4.784638500001165
30	13	-4.148732250003377
30	13	-3.9389822500015725
30	13	-1.986983250000776
30	13	-1.596670750001067
30	13	-1.471045750000485
30	14	-5.134700749997137
30	15	-5.728981999996904
30	15	-3.486951750001026
30	15	-3.302014249999047
30	15	-3.273420499997883
30	15	-0.973827749996417
30	15	1.5074212500003341
30	16	-2.1543267500019283
30	16	-1.649515250002878
30	16	-1.0495465000021795
30	16	0.16673474999697646
30	17	-3.116294999999809
30	17	-2.897826249998616
30	17	-2.452796000001399
30	17	-1.5773897500002931
30	17	-0.7314834999997402
30	18	-3.3048894999992626
30	18	-3.2569832499975746
30	18	-1.4710769999983313
30	19	-2.5184512500018172
30	19	-2.3859825000035926
30	19	-1.0813584999996237
30	19	1.2494842500018422
30	20	-4.097888749998674
30	20	0.04004775000066729
30	20	0.17542274999868823
30	21	-3.8471697499990114
30	22	-2.022014250000211
30	22	-1.9577329999992799
30	22	-0.7337965000006079
30	22	-0.16479650000110269
30	22	1.7222025000010035
30	23	-4.648888250001619
30	23	-3.8130767500006186
30	23	0.13801599999715108
30	25	0.13595349999741302
30	25	0.14282850000017788
30	26	-4.88995100000102
30	26	-4.80773224999939
30	26	-3.514169750000292
30	26	0.09326574999795412
30	26	0.8869845000008354
30	27	-4.688013750004757
30	27	-4.405170000001817
30	27	-1.7100147500023013
30	27	0.28123424999648705
30	27	1.4429529999979422
30	28	-5.024732500001846
30	28	-0.5757970000013302
30	29	-5.511076000002504
30	29	-3.5708885000021837
30	29	-3.196857250004541
30	29	-2.7394832499994664
30	29	-2.0470457500014163
30	29	0.12289074999716831
30	30	-5.836387999999715
30	30	-5.130169249998289
30	30	-3.865295250001509
30	30	-3.7417014999991807
30	31	-5.760949999999866
30	31	-5.726825000001554
30	31	-2.081233250002697
30	31	0.19435949999751756
30	31	0.42642199999681907
30	31	0.45901574999516015
30	31	0.935359499995684
30	32	-0.8059529999991355
30	33	-2.103389750001952
30	33	-0.5301085000028252
30	33	1.5707655000005616
30	34	-3.8579510000017763
30	34	-3.5502332500036573
30	34	-3.3312957500020275
30	34	-2.4088270000029297
30	34	-2.406483250004385
30	34	-2.057108250002784
30	34	-1.6231707500046468
30	34	-1.6060770000040065
30	34	-0.02679675000035786
30	35	-3.539701249996142
30	35	-3.144263749996753
30	35	-1.0525147499974992
30	36	-3.0612637499980337
30	37	-5.532387999999628
30	37	-4.276388999998744
30	37	-4.251201499999297
30	37	-2.1654525000012654
30	37	-1.5217650000013236
30	38	-1.6377957500008051
30	38	-0.6487332500000775
30	39	-5.859231250000448
30	39	-4.508763499998167
30	39	-2.9367322500002047
30	39	-1.3904832500011253
30	39	-1.3802332500017656
30	39	-1.1051394999994955
30	39	-0.4485457500013581
30	39	0.4032345000014175
30	39	0.40617199999906006
30	39	0.4113282500002242
30	40	-2.2590137499973935
30	40	-1.5533887499987031
30	40	-0.3796084999994491
30	40	0.8760789999978442
30	41	-4.699138250001852
30	41	-4.149700750003831
30	41	-2.6272955000058573
30	42	-2.951920750001591
30	42	-2.2298582500043267
30	42	-0.9723905000028026
30	42	-0.1553592500022205
30	42	1.1347647500006133
30	43	-3.2693887499990524
30	43	-0.7401397499997984
30	43	-0.34526474999802304
30	43	-0.04435949999606237
30	44	-4.90457575000255
30	44	-3.4747007500009204
30	44	-3.4683257500037143
30	44	-3.462513250000484
30	44	-3.450919500002783
30	44	-3.4428570000018226
30	44	-1.9548267500031216
30	44	0.048234749996481696
30	45	-5.272263749997364
30	45	1.680796750002628
30	46	1.5717962500020803
30	47	-2.297358499999973
30	47	-2.1748585000023013
30	47	-1.7410772500006715
30	47	-1.1707022500013409
30	47	-0.9271719999997003
30	47	1.478296749999572
30	48	-3.6726692500014906
30	48	-2.8137639999986277
30	49	-5.193326000000525
30	49	-4.417419749999681
30	49	-1.4847645000008924
30	49	-1.4801082499980112
30	49	-1.4488582499980112
31	1	-3.63885775000017
31	1	-3.6351390000018
31	1	-3.630389000001742
31	1	-3.6281077500025276
31	1	-3.6247015000008105
31	1	-2.1829524999993737
31	1	-1.609077500001149
31	1	-0.609171249998326
31	1	-0.605577499998617
31	1	-0.5963587500009453
31	1	-0.5908587500016438
31	1	0.3865777499995602
31	1	1.7537652499995602
31	2	-5.520575750000717
31	2	-5.512169500001619
31	2	-5.445669500000804
31	2	-5.437325750001037
31	2	-5.432607000002463
31	2	-5.4302007500009495
31	2	-3.307325750000018
31	2	-3.303825750001124
31	2	-3.300107000002754
31	2	-1.208264249999047
31	2	-1.2040767500002403
31	2	0.4172347499988973
31	3	-3.8066697499998554
31	3	-3.8031072499979928
31	3	-3.7985760000010487
31	3	-2.8862019999978656
31	3	-2.8764207499989425
31	3	0.6003595000038331
31	3	1.2150157500036585
31	4	-3.929794749994471
31	4	-3.920107249996363
31	4	-2.5743269999984477
31	4	-1.2985144999984186
31	4	-0.21764049999546842
31	4	-0.20445299999482813
31	5	-5.9539507499976025
31	6	-5.518575750000309
31	6	-5.5093570000026375
31	6	-2.239108000001579
31	6	-2.2301079999997455
31	6	-2.2240142500013462
31	6	-2.2197017500002403
31	6	-2.210014249998494
31	6	-0.18617150000136462
31	7	-3.6487012499965203
31	7	-2.1264824999962
31	7	-2.121232499997859
31	7	-1.5508574999985285
31	7	-1.547732499999256
31	7	-1.5443887499968696
31	7	-0.934389750000264
31	7	-0.4630772499986051
31	7	-0.46051475000058417
31	8	-1.577264750001632
31	9	-3.8369507500028703
31	9	-3.8354195000028994
31	9	-3.55648199999996
31	9	-1.565264249999018
31	9	-1.4686079999992216
31	9	-1.4652954999983194
31	9	-1.4619205000017246
31	9	-1.3157017500016082
31	9	-1.3124517500000366
31	9	-1.308483000000706
31	9	-0.7138579999991634
31	10	-1.8767957500022021
31	10	-1.4811082500018529
31	10	1.977452249997441
31	11	-2.125638750003418
31	11	-0.07667099999889615
31	11	-0.07288975000119535
31	11	-0.06876475000171922
31	11	1.1723279999969236
31	12	-1.83426474999942
31	12	-1.4665147500018065
31	12	-0.7933897500006424
31	12	-0.7910459999984596
31	12	1.6677029999991646
31	12	1.6701717499963706
31	12	1.6731717499969818
31	13	-5.02691975000198
31	13	-4.796107250003843
31	13	-4.7905447500015725
31	13	-4.783732250001776
31	13	-4.781638500004192
31	13	-4.776232250002067
31	13	-2.8215144999994664
31	13	-2.2002332500014745
31	13	-1.4724207500003104
31	13	-1.4639832499997283
31	13	-1.4612645000015618
31	13	-1.4513895000018238
31	13	-1.4486707500000193
31	13	-1.4459520000018529
31	14	-3.4050454999996873
31	14	-2.311670499999309
31	14	-2.308576750001521
31	14	-2.3048267500016664
31	14	-2.29904549999992
31	14	-1.9724830000013753
31	14	0.3576722500001779
31	14	1.812514999997802
31	14	1.8794524999975692
31	14	1.8860462499978894
31	14	1.889202499998646
31	15	-5.36360699999932
31	15	-3.4854517499989015
31	15	-3.4786705000005895
31	15	-3.3105767499982903
31	15	-3.3079204999994545
31	15	-3.3034829999996873
31	15	-3.294701750000968
31	15	-3.286264250000386
31	15	-3.2785455000012007
31	15	0.15726600000198232
31	15	0.15923475000090548
31	16	-3.5853892500053917
31	16	-3.530826750004053
31	16	-3.461576750003587
31	16	-3.2304205000036745
31	16	-2.4969830000045476
31	16	-2.159420500003762
31	16	-2.1539517500023067
31	16	-1.4877965000014228
31	16	-1.482671500001743
31	16	-1.4793590000008408
31	16	0.15192224999918835
31	16	0.1539222499995958
31	16	0.16182849999677273
31	16	0.16535974999715108
31	17	-3.392201249997015
31	17	-2.43992100000105
31	17	-2.3645460000007006
31	17	-2.3593897499995364
31	17	-2.356264750000264
31	18	-5.176138499995432
31	18	-5.168482249995577
31	18	-5.164982249996683
31	18	-3.911075999996683
31	19	-2.504013750003651
31	19	-2.2176075000024866
31	19	-2.214545000002545
31	19	-2.2100762500012934
31	19	-2.2064825000015844
31	19	-2.0141387500007113
31	19	-1.5166397499997402
31	19	-1.085389750001923
31	19	-1.075827249998838
31	20	-1.1010772500012536
31	20	-1.0968897499988088
31	20	-1.0941085000013118
31	20	-1.0914835000003222
31	20	-1.088577250000526
31	20	-1.0843897499980812
31	20	0.17007899999953224
31	20	0.17407900000034715
31	20	0.17907900000136578
31	20	0.18098525000095833
31	20	0.19073525000203517
31	21	0.5671720000027562
31	21	1.1042032500008645
31	21	1.1078282500020578
31	22	-4.570794499999465
31	22	-4.565263249998679
31	22	-4.558263250000891
31	22	-4.55526325000028
31	22	-4.551513250000426
31	22	-1.1017339999998512
31	22	-1.092046500001743
31	22	-0.9728277499998512
31	23	-4.562763250003627
31	23	-4.558419500001037
31	23	-4.550544500001706
31	23	-0.026077750000695232
31	23	-0.01648400000340189
31	23	0.2147347499994794
31	23	0.2883284999988973
31	24	-2.296826499998133
31	24	-2.2897014999980456
31	24	0.18964124999911292
31	24	0.450296500002878
31	24	1.8589527500007534
31	25	-1.1189517499988142
31	25	0.12982849999752943
31	25	0.13332850000006147
31	26	-4.888450999998895
31	26	-1.8591395000003104
31	27	-5.969419000004564
31	27	-5.966231500005961
31	27	-5.2592325000041455
31	27	-5.257451250003214
31	27	-5.254263750004611
31	27	-5.250920000002225
31	27	-5.246388750001643
31	27	-5.239482500004669
31	27	-4.899826250002661
31	27	-3.8488887500025157
31	27	-3.8468262500027777
31	27	-2.848452250000264
31	27	-2.5142022500003804
31	27	-1.8985460000003513
31	27	-1.720577250001952
31	27	-1.715014749999682
31	27	-1.6909210000012536
31	27	0.137109249997593
31	27	0.14126549999491544
31	27	0.14545299999736017
31	28	-2.7808584999984305
31	28	-1.3685772499993618
31	28	-0.7165147499981686
31	28	-0.7137960000000021
31	28	1.5403904999984661
31	29	-5.8951374999996915
31	29	-5.12598225000329
31	29	-5.121451000002708
31	29	-4.959794750004221
31	29	-4.809169750002184
31	29	-4.806419750002533
31	29	-2.7427957500003686
31	29	-2.3115770000003977
31	29	-2.306983250000485
31	29	-2.3026395000015327
31	29	-2.299295750002784
31	29	-2.297545749999699
31	29	-1.3405770000026678
31	29	-1.3380770000003395
31	29	-1.3340457500016782
31	29	-1.328983250001329
31	29	-1.3262957500010089
31	29	-1.3238894999994955
31	29	0.10304699999687728
31	29	0.1064532499985944
31	29	0.1150157499978377
31	29	1.0229219999964698
31	29	1.0286407499952475
31	29	1.0314219999963825
31	29	1.0364844999967318
31	29	1.039171999997052
31	30	-5.980137999998988
31	30	-5.936356749996776
31	30	-5.13291924999794
31	30	-2.5528577500008396
31	30	-2.122513999998773
31	30	-2.1192327499993553
31	30	-2.114670250000927
31	30	-1.959702500000276
31	30	-1.6351712499999849
31	30	-0.8893587499987916
31	30	-0.8846400000002177
31	30	0.8335777499996766
31	30	1.337734000000637
31	30	1.341327750000346
31	30	1.3465465000008408
31	31	-5.9832312500002445
31	31	-5.778387500002282
31	31	-4.74220100000457
31	31	-4.738701000002038
31	31	-2.3542020000022603
31	31	-2.3518582500000775
31	31	-2.348420750000514
31	31	-2.34326449999935
31	31	-1.4323582500001066
31	31	-0.6380145000002813
31	31	-0.16989050000483985
31	31	-0.16679675000341376
31	32	-5.49254474999907
31	32	-0.6909530000011728
31	32	-0.4225155000021914
31	32	0.43510949999836157
31	33	-4.13076374999946
31	33	-3.7997324999996636
31	33	-2.249358500001108
31	33	-2.089202250001108
31	34	-4.286576000002242
31	34	-3.8654510000014852
31	34	-3.554920750004385
31	34	-3.5502645000051416
31	34	-2.556577000003017
31	34	-2.0524207500020566
31	34	-1.9583582500054035
31	34	-1.6264207500025805
31	34	-1.6182020000051125
31	34	-1.6133895000020857
31	34	-0.2536092500013183
31	34	1.8922334999952
31	35	-2.51498349999747
31	35	-2.509921000000759
31	35	-2.5030772499994782
31	35	-1.5327335000001767
31	35	-1.5262022499991872
31	35	0.03685925000172574
31	36	-5.524450249999063
31	36	-4.778419999995094
31	36	-4.774794999997539
31	36	-4.7668262499973935
31	36	-4.759357499995531
31	36	-1.441170999998576
31	36	-1.4250772499981395
31	36	1.8101405000015802
31	36	1.8169530000013765
31	37	-5.434106749999046
31	37	-5.161545249997289
31	37	-5.159201499998744
31	37	-4.2767327499968815
31	37	-4.267232749996765
31	37	-2.1673274999993737
31	37	-2.1637025000018184
31	37	0.4619215000020631
31	37	0.4664840000004915
31	38	-4.7178572499979055
31	38	-2.4209207499989134
31	38	-2.4175457499986805
31	38	-2.407201999998506
31	38	-2.404764499999146
31	38	-2.400014499999088
31	38	-2.3975145000003977
31	38	-1.6524519999984477
31	38	-1.6463582500000484
31	39	-5.8624500000005355
31	39	-5.012107250000554
31	39	-4.402388499998779
31	39	-4.398232249997818
31	39	-3.8120447500004957
31	39	-2.3060145000017656
31	39	-1.3934520000002522
31	39	-1.3848895000010089
31	39	-0.7091082500010089
31	39	-0.4077957500012417
31	39	0.4174845000015921
31	39	0.4214219999994384
31	40	-5.072919000002003
31	40	-5.070012750002206
31	40	-2.870295000000624
31	40	-2.814295000000129
31	40	-2.6997950000004494
31	40	-2.2588887499987322
31	41	-5.23513825000191
31	41	-5.231763250001677
31	41	-5.227888250003161
31	41	-5.224013250001008
31	41	-5.221388250003656
31	41	-4.699107000000367
31	41	-4.694950750003045
31	41	-4.534200750000309
31	41	-4.121825750000426
31	41	-3.8775757500006875
31	41	-3.2087632500006293
31	41	-3.2058257500029868
31	41	-2.638858000005712
31	41	-2.630951750004897
31	41	-2.6272955000058573
31	41	-1.6040767500053335
31	41	-1.3158580000053917
31	41	-0.6814205000046059
31	41	1.9527649999945424
31	41	1.9567649999953574
31	42	-2.9482020000032207
31	42	-2.311202000004414
31	42	-1.2941405000019586
31	42	-1.287202999999863
31	42	-0.31120300000111456
31	42	-0.16379675000280258
31	42	0.6898907499999041
31	42	1.1215147500006424
31	42	1.1245772500005842
31	43	-4.0249199999962
31	43	-4.02260749999914
31	43	-3.141982499997539
31	43	-0.34785850000116625
31	44	-5.518481000002794
31	44	-5.514949750002415
31	44	-4.861200750001444
31	44	-3.466544500002783
31	44	-3.460357000003569
31	44	-2.5125767500030634
31	44	-2.505951750004897
31	44	-2.5035455000033835
31	44	-1.9534517500032962
31	44	-1.3441080000047805
31	44	-1.0790767500038783
31	44	0.03717224999854807
31	44	0.03989099999671453
31	44	0.042015999995783204
31	44	0.04498474999854807
31	44	0.047640999997383915
31	45	-1.520827249994909
31	45	-1.5138897499964514
31	45	-0.8322334999975283
31	45	-0.5299219999978959
31	45	-0.09607824999693548
31	45	-0.09367199999906006
31	45	1.6838280000010855
31	46	-3.985389249999571
31	46	-2.264170499998727
31	47	-2.726233500001399
31	47	-2.1738272500006133
31	47	-2.167514750002738
31	47	-2.1472022500020103
31	47	-0.9323594999987108
31	47	-0.9181719999978668
31	47	1.4771404999992228
31	47	1.4792029999989609
31	47	1.482515499999863
31	48	-5.574981750000006
31	48	-4.950887999999395
31	48	-4.940638000000035
31	48	-4.937731750000239
31	48	-4.862231750001229
31	48	-2.820263999998133
31	48	-2.8172327499996754
31	48	-2.8141389999982493
31	48	-2.8109827499974926
31	48	0.8331412499974249
31	49	-5.348950999999943
31	49	-5.346169750002446
31	49	-5.343294750000496
31	49	-2.5353270000014163
31	49	-1.7355145000001357
32	1	-0.9852962500008289
32	1	-0.602390000000014
32	1	0.37673399999766843
32	3	1.210234500002116
32	4	-3.924513499994646
32	4	-3.9132009999957518
32	4	-0.20845299999564304
32	4	-0.20226549999642884
32	5	-0.5650777499977266
32	6	-2.236858000000211
32	6	-2.217108000000735
32	7	-3.6619824999979755
32	7	-0.46901475000049686
32	7	-0.4668584999999439
32	8	-1.5711397500017483
32	8	-1.4073897500020394
32	9	-1.1204204999994545
32	9	-0.7221705000010843
32	10	-1.9697332499999902
32	11	-2.885420000002341
32	11	-2.1223262500025157
32	11	1.1759529999981169
32	12	-1.4639209999986633
32	12	-1.4614834999993036
32	12	-1.458858500001952
32	12	-0.7989835000007588
32	13	-3.001544750004541
32	13	-2.826920750001591
32	14	-2.341264250000677
32	14	1.8819524999998976
32	14	1.8836087499985297
32	15	-3.3062017499978538
32	15	-3.298514250000153
32	15	-3.281764250001288
32	15	0.16120350000346662
32	16	0.1561409999994794
32	17	-3.398138749998907
32	17	-0.7284209999997984
32	18	-3.9045447499956936
32	19	-2.5103575000030105
32	19	-2.2122637500033306
32	19	-1.5147022500023013
32	22	-4.563044499998796
32	22	-1.4460454999971262
32	24	-5.538262999998551
32	24	-2.292826499997318
32	24	-0.2814524999994319
32	25	0.12754724999831524
32	26	-2.2742644999998447
32	27	-5.249107500003447
32	27	-2.5182960000020103
32	27	-1.7175147500020103
32	27	-1.7123897500023304
32	27	0.9667342499960796
32	28	-5.656606500000635
32	28	-2.784608499998285
32	29	-4.8193260000043665
32	29	0.1172969999970519
32	29	1.0336719999977504
32	30	0.8363277499993274
32	31	-0.1638592500021332
32	33	-2.0870772500020394
32	34	-4.288201000003028
32	34	1.0670782499983034
32	35	-2.5127647499975865
32	35	-1.5234209999980521
32	36	-5.521543999999267
32	37	0.4647652500025288
32	38	-2.41479574999903
32	38	-1.6427957499981858
32	39	-2.223326999999699
32	39	-2.176420750001853
32	39	-1.3877645000029588
32	39	-0.7037332500003686
32	40	-1.4906709999995655
32	41	-1.3263267500042275
32	42	-3.4558895000045595
32	42	-0.1614842500021041
32	42	1.1306084999996528
32	44	-4.834419500002696
32	44	-3.4806695000006584
32	44	0.034265999998751795
32	45	0.23160925000047428
32	46	-2.2620767499975045
32	47	-2.1644210000013118
32	47	-1.7499835000016901
32	47	-0.9340469999988272
32	47	-0.927234499999031
32	48	-4.948575500002335
32	48	-3.856106750001345
32	49	-5.3573572500026785
32	49	-2.5399832500006596
33	1	-5.6919817499983765
33	1	-4.72913900000276
33	1	-0.6217337499983842
33	1	-0.5270774999989953
33	2	-5.696605999997701
33	2	-5.690355999999156
33	2	-4.105888250000135
33	2	-3.0992642499986687
33	3	-4.324138500000117
33	3	-2.7853269999977783
33	3	-2.763108249997458
33	4	-5.698044749995461
33	4	-5.283607249995839
33	4	-3.9582947499948204
33	4	-1.8379832499995246
33	4	0.4912032500033092
33	5	-3.744388249997428
33	5	-0.3427339999980177
33	5	-0.10289025000020047
33	5	0.7670785000009346
33	6	-5.298513250003452
33	6	1.0215462499982095
33	7	-3.596544999996695
33	7	-2.7041074999979173
33	7	-2.6263262499960547
33	7	-2.305326249996142
33	7	-2.0267949999979464
33	7	-1.7575137499989069
33	7	-1.4767324999993434
33	7	1.14235925000321
33	8	-1.9792960000013409
33	8	-1.4714522499998566
33	8	-0.5069835000031162
33	8	-0.3834522500001185
33	8	-0.21563975000026403
33	8	-0.19413975000134087
33	9	-3.9199195000001055
33	9	-2.9917017500010843
33	9	-2.7070767500008515
33	9	-2.3808267499989597
33	9	-2.287701749999542
33	9	-2.2776080000003276
33	9	-1.879014250000182
33	9	-0.6766705000009097
33	9	0.22976599999674363
33	9	0.7012972499978787
33	9	1.4614847499979078
33	10	-5.486857250001776
33	10	-5.324076000004425
33	10	-1.492014499999641
33	10	-0.6695780000045488
33	10	0.8039219999955094
33	10	0.8304844999984198
33	10	1.228889750000235
33	11	-4.2209825000027195
33	11	-2.0809825000033015
33	11	-1.0917960000006133
33	11	-0.729920999998285
33	12	-4.303795000003447
33	12	-4.230045000000246
33	12	-4.1055450000021665
33	12	-2.9437637500013807
33	12	-2.3254200000010314
33	12	0.17176649999964866
33	12	0.2065790000015113
33	13	-1.9307645000008051
33	13	-1.8365457500003686
33	13	-1.6999207500011835
33	13	-1.2290457500021148
33	13	-1.2268270000022312
33	13	-0.8149207500027842
33	14	-5.5274507499998435
33	14	-5.36610699999801
33	14	-4.712388249998185
33	14	-3.0733267499999783
33	14	-2.578108000001521
33	14	-2.455389250000735
33	14	-0.5862027500006661
33	14	1.0183285000020987
33	15	-4.398200749998068
33	15	-4.366231999996671
33	15	0.37932850000288454
33	15	0.8202035000031174
33	15	1.753702499998326
33	16	-5.566857000001619
33	16	-1.2245152500036056
33	16	1.3592962500006252
33	16	1.5134524999994028
33	17	-5.9692940000022645
33	17	-0.895014749999973
33	17	-0.6388897500000894
33	17	0.25957800000105635
33	18	-5.589950999998109
33	18	-3.6739509999970323
33	18	-0.8497019999995246
33	18	-0.05557799999587587
33	19	-2.847670000002836
33	19	-2.048138750004
33	19	1.0309530000013183
33	19	1.5972030000011728
33	20	-5.275325250000606
33	20	-4.953918999999587
33	20	-0.6555459999981395
33	20	0.013422750002064276
33	20	0.13248525000017253
33	20	1.660859250001522
33	21	-5.650607249997847
33	21	-5.261763499998779
33	22	-5.728325750002114
33	22	-2.4315767499974754
33	22	-1.939451750000444
33	22	-1.4204204999987269
33	22	-0.16576524999982212
33	23	0.32048474999828613
33	23	1.4788587500006543
33	24	-1.2551087499996356
33	24	-0.913858749998326
33	24	1.370827750000899
33	24	1.7795152500038967
33	25	-5.384762249999767
33	25	-4.769138250001561
33	25	-2.2851080000000366
33	26	-5.787606249999953
33	26	-5.22198225000102
33	26	-5.0750760000009905
33	26	-2.674483249997138
33	26	0.4977657499985071
33	26	0.5119219999978668
33	27	-4.784732500003884
33	27	-1.140077250001923
33	28	-4.4170137500004785
33	28	-3.5607325000019046
33	28	-1.1828272499988088
33	28	-1.1769209999984014
33	28	-0.6385157500008063
33	28	-0.2346720000023197
33	28	1.1168904999976803
33	29	-3.1871072500034643
33	29	-2.3022020000025805
33	29	-0.5069842500015511
33	29	0.21070324999527656
33	30	-3.6549515000006068
33	30	-1.7594524999985879
33	30	-0.7699837499967543
33	31	-4.399544750001951
33	31	-4.242357250001078
33	31	-3.8326072500021837
33	31	-3.4199510000034934
33	31	-2.0597020000022894
33	31	-1.6474207499995828
33	31	-0.8901707500008342
33	31	-0.7167645000008633
33	31	-0.5840769999995246
33	31	-0.5390145000019402
33	32	-2.3897020000003977
33	32	0.5936719999990601
33	33	-5.91207525000209
33	33	-5.180763749998732
33	33	-4.533138750000944
33	33	-3.69576374999815
33	33	-2.7522960000023886
33	33	-2.458421000003
33	33	1.5471404999989318
33	34	-5.49713850000262
33	34	-3.2308895000023767
33	34	-2.9657332500028133
33	34	-2.4347332500037737
33	34	-2.027795750003861
33	34	-1.2286395000046468
33	34	-1.0361092500024824
33	34	-0.7657967500017548
33	34	-0.6190780000033556
33	34	-0.40948425000169664
33	34	1.7016397499974119
33	35	-4.804732499997044
33	35	-4.37135749999652
33	35	-4.144826249998005
33	35	-0.8739834999978484
33	35	0.33679675000166753
33	35	1.3926405000020168
33	35	1.4068280000028608
33	35	1.8115780000043742
33	36	-4.019701249995705
33	36	-2.4423585000004095
33	36	-2.240608500000235
33	36	-1.6442334999992454
33	36	-1.3266084999995655
33	36	-0.5372959999986051
33	37	-4.859357749999617
33	37	-4.32842024999627
33	37	-3.9130452499994135
33	37	-2.390015000000858
33	37	-2.270452500000829
33	37	-2.161171250001644
33	37	-2.1484212499999558
33	37	-1.691514999998617
33	37	-1.6632024999998976
33	37	-0.5058900000003632
33	37	0.8778590000001714
33	37	1.3022340000024997
33	38	-2.653108250000514
33	38	-1.8796394999990298
33	39	-4.510482249999768
33	39	-4.428419749998284
33	39	-2.9632322500001465
33	39	-0.2145779999991646
33	39	0.19845324999914737
33	40	-5.258231499999965
33	40	-4.828700250000111
33	40	-2.6821074999970733
33	40	-2.1769824999973935
33	40	0.691235250000318
33	41	-3.1151070000014442
33	41	-1.4196705000031216
33	41	-1.3926392500034126
33	41	-1.2372017500056245
33	41	0.9873909999987518
33	42	-5.042513500000496
33	42	-4.486607250000816
33	42	-2.5095457500028715
33	42	-2.2348582500017073
33	42	-1.5079842500017548
33	42	-1.3371092500019586
33	43	-4.911201249997248
33	43	-2.387702249998256
33	43	-2.3790459999981977
33	43	-1.778545999997732
33	43	-1.5137022499984596
33	43	-1.5118584999981977
33	43	0.008859250003297348
33	43	1.949921750001522
33	44	-5.919012250004016
33	44	-5.0355757500037726
33	44	-4.536575750003976
33	44	-3.8680132500012405
33	44	-2.4089830000048096
33	44	-1.6141705000045476
33	44	-0.744139250004082
33	45	-5.834231500000897
33	45	-5.165451249999023
33	45	-2.186639749994356
33	45	1.4927030000035302
33	45	1.7870467500033556
33	46	-4.672825749999902
33	46	-3.891451749997941
33	46	-3.7802954999970098
33	46	-3.445389249998698
33	46	-3.3037954999999783
33	46	-2.8136704999997164
33	46	-0.7283902500021213
33	46	0.683702500002255
33	46	1.491171249999752
33	47	-4.664419999997335
33	47	-4.553701249998994
33	47	-4.087919999998121
33	47	-1.058358500002214
33	47	-0.20042199999807053
33	47	0.5282967499988445
33	48	-5.9550442500003555
33	48	-5.940700499999366
33	48	-4.221294250000938
33	48	-2.8906389999974635
33	48	-2.7864827499979583
33	48	-1.925639000000956
33	48	-1.918857749999006
33	48	-1.878764000000956
33	48	-1.5557640000006359
33	48	0.7931412500001898
33	48	0.8046412499970756
33	48	1.8986402500013355
33	49	-5.473388500002329
33	49	-4.2973259999998845
33	49	-3.919919750002009
33	49	-3.6072635000018636
33	49	-3.137358249998215
33	49	-2.89526449999903
33	49	-2.2348582499980694
33	49	-0.1842342500021914
34	1	-4.3945452500011015
34	1	-1.4877024999987043
34	1	-0.3523597500025062
34	1	1.632140249999793
34	1	1.78067149999697
34	2	-3.7091695000017353
34	2	-1.2017329999980575
34	2	-0.854545499998494
34	2	-0.8379517499997746
34	2	-0.6529215000009572
34	2	0.36901599999691825
34	2	1.8733900000006543
34	3	-4.757888500000263
34	3	-4.349513500001194
34	3	-3.078983249997691
34	3	-2.873576999998477
34	3	-1.3082957499973418
34	3	-0.025484249996225117
34	4	-5.9829509999945
34	4	-4.266357249995053
34	4	-4.132857249995141
34	4	-3.930575999995199
34	4	-2.704389499998797
34	4	0.12789075000182493
34	4	0.5846720000045025
34	4	0.7294220000039786
34	4	0.7337345000050846
34	4	0.7918907500024943
34	5	-5.353982000000542
34	5	-4.743263249998563
34	5	-3.050358000000415
34	5	-2.810420500001783
34	5	-2.695733000000473
34	5	-0.30576524999924004
34	5	-0.28398399999787216
34	5	-0.036734000001160894
34	5	1.4596399999973073
34	6	-5.866013250000833
34	6	-5.820794500003103
34	6	-5.618950750002114
34	6	-5.448544500002754
34	6	-5.43288825000127
34	6	-3.513264249999338
34	6	-2.8108892499985814
34	6	-2.4206704999996873
34	6	-0.09679650000180118
34	6	0.031640999997762265
34	7	-5.676793999999063
34	7	-1.3599512499968114
34	7	-1.2423897500011662
34	7	-1.2284522500012827
34	7	-1.1504209999984596
34	7	-1.1137960000014573
34	7	-0.7799210000011954
34	7	-0.11995224999918719
34	7	-0.08523349999813945
34	7	-0.07620224999845959
34	7	0.3078602499990666
34	7	1.0149227500005509
34	7	1.127234250001493
34	8	-5.692731499999354
34	8	-5.52388775000145
34	8	-5.384450249999645
34	8	-4.2312637499999255
34	8	-4.1978574999993725
34	8	-3.643607499998325
34	8	-3.1674512499994307
34	8	-3.07076374999815
34	8	-2.861669999998412
34	8	-2.029983500000526
34	8	-1.9726085000002058
34	8	-1.4938585000018065
34	8	-1.2990460000000894
34	8	-1.2801085000028252
34	8	-0.8912960000016028
34	8	-0.40801475000262144
34	8	1.0640467500015802
34	8	1.089609250000649
34	9	-5.345857000000251
34	9	-5.319575750003423
34	9	-5.2469195000012405
34	9	-3.0374830000000657
34	9	-3.0247955000013462
34	9	-2.66867049999928
34	9	-2.3393267499996
34	9	-0.7909829999989597
34	9	-0.6739830000005895
34	9	0.4755472499964526
34	9	0.5373284999986936
34	9	0.8674847499969474
34	10	-5.637294750002184
34	10	-5.472763500001747
34	10	-5.3708260000021255
34	10	-3.2259207500028424
34	10	-1.1767655000039667
34	10	-0.5900155000017548
34	10	-0.5577030000022205
34	10	-0.4928592500036757
34	10	0.3695469999984198
34	11	-3.7140762500021083
34	11	-2.4794200000033015
34	11	-1.050139750001108
34	11	-0.761077250001108
34	11	-0.748014749999129
34	11	-0.2965460000013991
34	11	-0.28995225000107894
34	11	0.37029774999973597
34	11	0.7597654999990482
34	11	0.8105779999968945
34	11	1.4790467499988154
34	12	-5.019012749999092
34	12	-4.9533564999983355
34	12	-2.3659200000001874
34	12	-1.6035459999984596
34	12	-1.550952249999682
34	12	-1.337046000000555
34	12	-0.7619835000004969
34	12	-0.5654834999986633
34	12	0.1745164999992994
34	12	0.5140779999965162
34	13	-4.663044750002882
34	13	0.2749219999968773
34	13	0.7632969999976922
34	14	-4.433482000000367
34	14	-0.6482340000002296
34	14	0.36676599999918835
34	14	0.7746097500021278
34	14	1.0094847500004107
34	15	-5.048575749999145
34	15	-3.002982999998494
34	15	-2.2472955000012007
34	15	-1.9023267499978829
34	15	-1.786389249999047
34	15	0.34567225000137114
34	15	1.250672250003845
34	15	1.463672250003583
34	15	1.7505774999990535
34	16	-5.949263250000513
34	16	-3.7893267500039656
34	16	-3.3309517500019865
34	16	-2.879108000004635
34	16	-2.6095455000031507
34	16	-1.9337027500005206
34	16	0.29707849999977043
34	16	0.4046722499988391
34	17	-5.530856500001391
34	17	-3.425169999998616
34	17	-1.883702250001079
34	17	-0.9474522500022431
34	17	0.3412029999999504
34	17	1.3447342500003288
34	18	-4.611450999997032
34	18	-2.2388895000003686
34	18	-0.18901549999645795
34	18	-0.11345299999811687
34	18	0.77623450000101
34	18	0.7889532500012137
34	18	0.9544532500040077
34	18	1.0707970000039495
34	19	-5.825512750001508
34	19	-5.1287315000008675
34	19	-4.994544000001042
34	19	-4.027857500001119
34	19	-2.9385137500030396
34	19	-2.912670000001526
34	19	-2.8863575000032142
34	19	-1.0702335000023595
34	19	-0.7141085000002931
34	19	-0.6804522499987797
34	19	-0.6636397500005842
34	19	-0.2631710000023304
34	19	0.7428602500003763
34	19	1.0490780000000086
34	20	-5.080793999997695
34	20	-4.95076274999883
34	20	-2.1489512499974808
34	20	-1.0788272499994491
34	20	0.14489150000008522
34	20	1.3013592500028608
34	20	1.8432967500011728
34	20	1.8743280000016966
34	20	1.9213280000003579
34	21	-5.688232249998691
34	21	-4.831888499997149
34	21	-4.761419749997003
34	21	-4.430419749998691
34	21	-4.256700999998429
34	21	-4.126700999997411
34	21	-3.7679197500001465
34	21	-3.666732249999768
34	21	-3.5819510000001173
34	21	-3.357952000002115
34	21	-2.674702000000252
34	21	-2.3422957500006305
34	21	-1.5941082499994081
34	21	1.3753595000016503
34	21	1.4240782500019122
34	22	-2.761826750000182
34	22	-2.7550767499997164
34	22	-2.4298267499980284
34	22	-2.2603267499980575
34	22	-2.129732999997941
34	22	-1.5766704999987269
34	22	-1.410045499997068
34	22	0.46123475000058534
34	22	0.9188284999981988
34	22	1.3760150000016438
34	22	1.7492337500007125
34	23	-5.142919500001881
34	23	-4.62332575000255
34	23	-4.615419500001735
34	23	-3.08029549999992
34	23	-2.764264249999542
34	23	-1.374234000002616
34	23	-1.1684840000016266
34	23	-0.7849840000017139
34	23	-0.30864025000119
34	23	0.6907972499975585
34	23	0.8909212500002468
34	23	1.0642024999979185
34	23	1.4153587500004505
34	24	-3.8247327499957464
34	24	-2.311013999998977
34	24	-2.078421250000247
34	24	-1.4933899999996356
34	24	-1.2777024999995774
34	24	-1.1449212500010617
34	24	-0.36404625000068336
34	24	0.8733902500025579
34	24	1.032734000003984
34	24	1.1282027500019467
34	24	1.1323590000029071
34	24	1.4612340000021504
34	24	1.968390250003722
34	25	-5.229169500002172
34	25	-5.181763249998767
34	25	-4.900013250000484
34	25	-3.2881382500017935
34	25	-0.7828267499971844
34	25	1.7469534999981988
34	26	-5.695481249997101
34	26	-5.123607249999623
34	26	-3.712888500002009
34	26	-2.8475760000001173
34	26	-2.702139499997429
34	26	-2.2253270000001066
34	26	-1.5332019999987097
34	27	-5.475169000004826
34	27	-5.368387750004331
34	27	-5.358231500005786
34	27	-5.354387750005117
34	27	-4.797638750002079
34	27	-3.0637012500046694
34	27	-2.7692647500007297
34	27	-1.925139750001108
34	27	-0.10235950000424054
34	27	-0.0980782500046189
34	27	-0.04795325000304729
34	27	0.7132654999950319
34	28	-5.833168999997724
34	28	-1.5279835000001185
34	28	-0.6274220000013884
34	28	-0.39739075000034063
34	28	-0.2316095000023779
34	28	-0.08320325000022422
34	28	0.04079674999957206
34	28	1.322765499997331
34	28	1.4457342499990773
34	29	-5.773293750000448
34	29	-5.591856250001001
34	29	-5.338701000004221
34	29	-3.7520135000013397
34	29	-2.3187957500013
34	29	-2.3133269999998447
34	29	-0.8690457500015327
34	29	-0.435015500002919
34	29	0.9635157499978959
34	29	1.1425157499979832
34	29	1.30173449999711
34	29	1.7039532499984489
34	29	1.7149844999985362
34	30	-5.478294249998726
34	30	-3.4395765000008396
34	30	-3.0855452499999956
34	30	-2.0413890000018
34	30	-1.5287337499976275
34	30	-1.0694212499984133
34	30	-0.07338999999774387
34	30	0.5219839999990654
34	30	0.715608999998949
34	31	-5.6170750000019325
34	31	-4.312794750003377
34	31	-3.6547635000024457
34	31	-0.1365780000014638
34	31	0.20039074999658624
34	31	1.2166719999986526
34	32	-5.754419749999215
34	32	-5.751232250000612
34	32	-5.740013499998895
34	32	-5.508794749999652
34	32	-5.200482250002096
34	32	-2.464139499999874
34	32	-1.0555144999998447
34	32	-0.6108280000007653
34	32	0.6490469999989728
34	32	1.5523585000009916
34	32	1.565764750001108
34	32	1.8458585000007588
34	33	-5.1872637499982375
34	33	-4.2870762499987904
34	33	-4.0522949999976845
34	33	-3.650701250000566
34	33	-3.620169999998325
34	33	-3.1395762499996636
34	33	-2.8656710000032035
34	33	0.057265499999630265
34	33	0.9648592500016093
34	33	0.9676092500012601
34	33	0.987952999999834
34	33	1.084077999999863
34	34	-5.389044750001631
34	34	-2.5824207500045304
34	34	-2.481233250004152
34	34	-2.4667957500023476
34	34	-2.302858250004647
34	34	-0.8765467500015802
34	34	0.1681407499963825
34	34	1.497295999997732
34	34	1.5206084999954328
34	34	1.6491397499958111
34	34	1.7071397499967134
34	35	-5.123168999998597
34	35	-4.653013749997626
34	35	-2.3545459999986633
34	36	-5.884325249997346
34	36	-5.729856499998277
34	36	-3.5425137499951234
34	36	-2.736514749998605
34	36	-2.727983499997208
34	36	-2.5796085000001767
34	36	-1.1240147499993327
34	36	-0.10592199999882723
34	36	-0.03351574999760487
34	36	0.24339050000344287
34	36	0.3942655000028026
34	36	1.598453000002337
34	37	-5.05107649999627
34	37	-5.010638999996445
34	37	-4.998545249996823
34	37	-4.332420249997085
34	37	-3.0861702499969397
34	37	-1.6610150000014983
34	37	-1.6388587500005087
34	37	-1.4539837500014983
34	37	-0.8802337499982968
34	37	-0.47579625000071246
34	37	0.4759215000012773
34	37	0.9520152500008408
34	37	1.734827750002296
34	38	-5.713543750000099
34	38	-5.264325000000099
34	38	-5.180357249999361
34	38	-4.804138499996043
34	38	-4.554138499996043
34	38	-3.8738259999990987
34	38	-2.311295749997953
34	38	-0.48854574999859324
34	38	-0.22448424999674899
34	38	1.5087970000022324
34	38	1.593984500002989
34	39	-5.576043749999371
34	39	-5.111232249997556
34	39	-5.093294750000496
34	39	-3.193357249998371
34	39	-2.263389499999903
34	39	-1.7728895000000193
34	39	-0.9540457500006596
34	39	-0.328264499999932
34	39	-0.28798325000025216
34	39	1.6853907500008063
34	40	-5.413856499999383
34	40	-3.991668999999092
34	40	-3.538576249997277
34	40	-2.419107499998063
34	40	-1.8299824999994598
34	40	-1.8117637499999546
34	40	-0.9456085000019812
34	40	-0.9048272500003804
34	40	-0.8976084999994782
34	40	-0.2872334999992745
34	40	-0.2811710000023595
34	40	1.2224530000021332
34	41	-5.8471997500055295
34	41	-4.2558570000037435
34	41	-4.245607000000746
34	41	-3.886544500001037
34	41	-2.88951425000414
34	41	-2.8641705000045476
34	41	-2.678545500002656
34	41	-2.1760455000039656
34	41	-1.407889250003791
34	41	-1.2182955000025686
34	41	-0.6977017500030342
34	41	-0.5871715000030235
34	41	-0.0024527500027033966
34	41	0.4216409999971802
34	42	-3.445233250004094
34	42	-2.2519520000023476
34	42	-1.4124842500023078
34	42	-0.5189217500010272
34	42	-0.4371405000019877
34	42	-0.14398425000035786
34	42	1.1113897499999439
34	42	1.1140459999987797
34	43	-5.757293999999092
34	43	-4.638326249998499
34	43	-3.560763749996113
34	43	-2.7502012499971897
34	43	-1.9836397500002931
34	43	-1.9050459999998566
34	43	-1.8620459999983723
34	43	0.02032800000233692
34	43	0.047265500001230976
34	43	0.07757800000399584
34	43	0.20170300000245334
34	43	1.8412342500014347
34	43	1.9667655000012019
34	43	1.9689217500017548
34	44	-5.475887250002415
34	44	-5.2508257500012405
34	44	-4.859357000001182
34	44	-4.532857000001968
34	44	-4.144357000001037
34	44	-3.771825750001881
34	44	-3.480607000001328
34	44	-3.3490757500039763
34	44	-2.0172330000059446
34	44	-0.6313892500038492
34	44	1.0637347499978205
34	44	1.6779222499972093
34	45	-4.0178574999990815
34	45	-2.7535147499947925
34	45	-2.595670999995491
34	45	-1.5574522499955492
34	45	-0.795920999997179
34	45	0.24370300000009593
34	45	0.5036092500013183
34	46	-5.970138249998854
34	46	-5.275169500000629
34	46	-3.618107999998756
34	46	-1.1178902499996184
34	46	-0.4101402500018594
34	46	1.0090149999996356
34	46	1.7822337500001595
34	46	1.84870249999949
34	47	-5.746013749998383
34	47	-4.591482499999984
34	47	-4.433919999999489
34	47	-4.343263749997277
34	47	-4.068982500000857
34	47	-3.9607324999997218
34	47	-3.944326249998994
34	47	-3.4770449999996345
34	47	-3.380327250000846
34	47	-3.128264750001108
34	47	-1.8413897499995073
34	47	-1.4374210000023595
34	47	-0.6196094999977504
34	47	-0.40851574999760487
34	47	0.47445299999890267
34	47	0.4997342499991646
34	47	1.306734249999863
34	47	1.3237342499996885
34	47	1.3733905000008235
34	48	-5.240388000001985
34	48	-3.8457942500026547
34	48	-2.911138999999821
34	48	-2.326951499999268
34	48	-1.7293265000007523
34	48	-0.7046087500020803
34	48	0.17714124999838532
34	48	0.4268287499980943
34	48	0.5317662499983271
34	48	0.6174224999995204
34	48	1.9296715000018594
34	49	-5.8712322499995935
34	49	-5.502388500000961
34	49	-4.295357250000961
34	49	-4.009732250000525
34	49	-3.202452000001358
34	49	-2.8751082499984477
34	49	-2.5410769999980403
34	49	-2.5228270000006887
34	49	0.213421999997081
34	49	0.8219219999991765
35	1	-5.958419250000588
35	1	-5.6919817499983765
35	1	-5.5577317499992205
35	1	-2.8306712500016147
35	1	-0.9732650000005378
35	1	-0.6242962500000431
35	1	0.2077339999996184
35	2	-3.2206069999992906
35	2	-1.9540142500009097
35	3	-3.0849207499995828
35	4	-5.755575999995926
35	4	-5.283575999997993
35	4	-3.9582947499948204
35	4	-1.8379832499995246
35	4	-1.8262957499973709
35	5	-2.9189517500017246
35	5	-0.10289025000020047
35	7	-4.945450250001159
35	7	-3.580201249998936
35	7	-2.026763749996462
35	7	-1.7575449999967532
35	7	-0.07260849999875063
35	8	-0.21557725000093342
35	8	-0.1943272500029707
35	9	-2.9767329999995127
35	9	-2.741170500001317
35	9	-0.844357999998465
35	9	0.7012972499978787
35	9	1.5662347499965108
35	10	-5.486857250001776
35	10	-5.472638500003086
35	10	-5.16338850000102
35	10	-0.04804675000195857
35	11	-5.766012750002119
35	11	-3.323326250003447
35	11	-1.3337022499981686
35	12	-4.888075250000838
35	12	-4.303826250001293
35	12	-3.7107325000033597
35	12	-3.6693887500005076
35	12	-3.370420000002923
35	12	-2.9438575000021956
35	12	0.08011025000087102
35	12	1.1908904999982042
35	12	1.2071404999987863
35	13	-1.9307020000014745
35	13	-1.699983250000514
35	13	-1.1375145000019984
35	14	-5.5274507499998435
35	14	-3.9242319999975734
35	14	-3.073295500002132
35	14	-2.5780767500000366
35	14	-2.4554205000022193
35	14	-1.7006079999991925
35	14	-0.08026524999877438
35	14	0.25748475000000326
35	15	-4.398138249998738
35	15	-3.48117049999928
35	15	-3.0129205000012007
35	15	-1.7601079999985814
35	15	1.2504847500022152
35	16	-2.6096080000024813
35	16	0.42670349999752943
35	16	1.513483750000887
35	16	1.5357337499990535
35	16	1.5460149999998976
35	17	-5.058701250000013
35	17	-1.385858500001632
35	17	1.9272342500007653
35	18	-1.2405144999975164
35	18	-0.8497019999995246
35	18	-0.8397332499989716
35	18	1.0707970000039495
35	19	-5.710575249999238
35	19	-2.847670000002836
35	19	-0.6805147500017483
35	19	-0.6637022499999148
35	19	1.597234250002657
35	20	-1.0788272499994491
35	20	0.11095399999976507
35	20	0.13251650000165682
35	20	0.5135789999985718
35	21	-3.8882947499987495
35	21	-0.6251405000002705
35	21	1.0704845000000205
35	22	-5.26991949999865
35	22	0.08339100000011967
35	23	1.4789212499999849
35	24	-1.7542962500010617
35	24	-1.6948899999988498
35	24	-1.2550774999981513
35	24	-0.24817125000117812
35	24	1.3708902500038675
35	24	1.7794840000024124
35	25	-5.792668499998399
35	25	-5.384730999998283
35	25	-3.286044500000571
35	25	0.8577034999980242
35	26	-5.482481249997363
35	26	-5.0750760000009905
35	26	-3.2602322499988077
35	26	-2.323827000000165
35	26	0.4977657499985071
35	26	1.1731407500010391
35	27	-4.777638750001643
35	27	-4.634826250003243
35	27	-2.674327250002534
35	27	-1.140077250001923
35	27	-0.3881085000029998
35	28	-5.124732500000391
35	28	-5.11313875000269
35	28	-5.105263749999722
35	28	-4.416982500002632
35	28	-0.4135782500015921
35	28	1.1169217499991646
35	28	1.8353895000000193
35	29	-3.509138500001427
35	29	-1.1236395000014454
35	29	-0.5069530000037048
35	30	-5.490012999998726
35	30	-3.717701500001567
35	30	-3.6549515000006068
35	30	-3.1852639999997336
35	30	-2.1807327499991516
35	30	-2.1696077500018873
35	30	-2.0414202499996463
35	30	-1.4504212499996356
35	30	-0.7700149999982386
35	31	-3.0664197500045702
35	31	-2.059670750000805
35	31	-1.6473582500002522
35	31	1.1918594999951893
35	32	-5.202826000000641
35	32	-4.481857250000758
35	32	-3.4007019999990007
35	32	-3.309639499999321
35	32	-0.6172655000009399
35	32	0.5937032500005444
35	33	-3.620169999998325
35	34	-5.89801350000198
35	34	-5.889732250001543
35	34	-5.209763500002737
35	34	-3.641044750002038
35	34	-2.9657332500028133
35	34	-2.0402645000031043
35	34	-2.0277332500045304
35	34	-1.2286395000046468
35	34	-1.1024217500016675
35	34	-1.0361405000003288
35	34	-1.0252342500025406
35	34	-0.409421750002366
35	34	1.25382824999906
35	35	-5.865575249998074
35	35	-4.8047637499985285
35	35	-4.797576249995473
35	35	-4.361138749998645
35	35	-3.4705449999964912
35	35	-0.8739522500000021
35	35	-0.2770147499977611
35	35	0.04885925000417046
35	36	-4.7881074999968405
35	36	-2.4423585000004095
35	36	-2.2405772499987506
35	36	-2.2282334999981686
35	37	-4.738638999999239
35	37	-4.32842024999627
35	37	-3.913107749998744
35	37	-2.283327500001178
35	37	-2.2705150000001595
35	37	-1.6914837500007707
35	37	-1.5870462499988207
35	37	0.8913590000011027
35	37	0.9121090000007825
35	37	1.302265250000346
35	37	1.5162652500002878
35	38	-3.7970134999959555
35	38	-2.9185447499985457
35	39	-4.510450999998284
35	39	-4.508388499998546
35	39	-2.934919749997789
35	39	-0.5599207500017656
35	39	-0.2145779999991646
35	39	0.12401574999967124
35	39	0.12570324999978766
35	39	1.9589532499994675
35	40	-4.286294000001362
35	40	-2.1769824999973935
35	40	-0.9781710000024759
35	41	-3.115169500000775
35	41	-2.1922955000045476
35	41	-1.4196392500052752
35	41	-1.407889250003791
35	41	-1.3926080000055663
35	41	-0.10273400000369293
35	41	0.9873597499972675
35	41	0.9989847499964526
35	42	-4.4865759999993315
35	42	-4.244420750004792
35	42	-2.4887645000017073
35	42	-1.5079530000002705
35	43	-5.4196377499974915
35	43	-4.911232499998732
35	43	-4.629951249997248
35	43	-2.053827249997994
35	43	-1.5137022499984596
35	43	-1.5118584999981977
35	43	-1.5050459999984014
35	44	-4.780669500003569
35	44	-0.7441705000055663
35	44	-0.7362330000032671
35	44	0.12854724999851896
35	44	0.3656722499981697
35	45	-5.165388749996055
35	45	-4.903513749999547
35	45	-4.857826249997743
35	45	-2.186639749994356
35	45	-0.5421407499998168
35	45	1.7870155000018713
35	46	-4.195420500000182
35	46	-4.149701750000531
35	46	-3.8914829999994254
35	46	-3.8801705000005313
35	46	-3.6297017500000948
35	46	-3.4453579999972135
35	46	-3.3038267499978247
35	46	-3.248951749999833
35	46	-0.4100777500025288
35	46	0.5737972499991884
35	46	1.491171249999752
35	46	1.5132025000020803
35	48	-5.991106749999744
35	48	-4.221262999999453
35	48	-3.8938880000023346
35	48	-2.905295249998744
35	48	-2.9023264999996172
35	48	-1.9187952499996754
35	48	-1.5557952499984822
35	48	-0.6431712500016147
35	48	-0.6334525000020221
35	48	0.11545375000059721
35	48	0.447359999998298
35	48	0.8046412499970756
35	49	-5.473326000002999
35	49	-5.457732250000845
35	49	-5.410232250000263
35	49	-3.919888500000525
35	49	-3.137358249998215
35	49	-3.129951999999321
35	49	-2.455014499999379
36	1	-5.958419250000588
36	1	-5.6919817499983765
36	1	-0.9732650000005378
36	1	0.2077339999996184
36	2	-3.537357000001066
36	2	-3.220638250000775
36	2	-2.796951749998698
36	2	-0.007890250002674293
36	3	-3.6019197499990696
36	4	-5.755607249997411
36	4	-5.283575999997993
36	4	-3.9814197499945294
36	4	-3.3209207499967306
36	4	-1.8379832499995246
36	4	-1.8262644999995246
36	4	0.4912345000047935
36	4	0.6326720000033674
36	5	-0.10292149999804678
36	6	-2.81095175000155
36	6	0.2625159999988682
36	7	-4.945450250001159
36	7	-3.5965137499988487
36	7	-3.580201249998936
36	7	-2.0267949999979464
36	7	-1.7575449999967532
36	7	-1.4767324999993434
36	7	-0.07260849999875063
36	8	-5.699950250000256
36	8	-0.19423350000215578
36	9	-2.707107999998698
36	9	-2.6496392500012007
36	9	-2.2876705000016955
36	9	-2.277639250001812
36	9	-1.7688892500009388
36	9	-0.844357999998465
36	9	0.7012972499978787
36	9	1.5662034999986645
36	10	-5.7738885000035225
36	10	-5.486919750001107
36	10	-0.04804675000195857
36	11	-5.766044000003603
36	11	-4.190545000001293
36	11	-1.3337022499981686
36	12	-4.303826250001293
36	12	-3.7107950000026904
36	12	-2.379763750002894
36	12	-1.3712960000011662
36	12	0.08011025000087102
36	12	1.1908904999982042
36	12	1.207109249997302
36	13	-4.390419750001456
36	13	-1.9307020000014745
36	13	-1.9230145000001357
36	13	-1.699983250000514
36	13	1.781671999997343
36	14	-5.52748199999769
36	14	-5.366075750000164
36	14	-3.9242319999975734
36	14	-2.5780767500000366
36	14	-2.455389250000735
36	14	-1.7006079999991925
36	14	-0.08026524999877438
36	14	0.25748475000000326
36	15	-4.398138249998738
36	15	-3.481201750000764
36	15	-3.006701750000502
36	16	-2.609576750004635
36	16	-2.1770455000041693
36	16	0.42670349999752943
36	16	1.513483750000887
36	16	1.5357650000005378
36	16	1.5459212499990826
36	17	1.9272655000022496
36	18	-2.5512644999980694
36	18	-1.2405144999975164
36	18	-0.8497332499973709
36	18	-0.8397332499989716
36	19	-5.995575249999092
36	19	-5.710606500000722
36	19	-2.8476387500013516
36	19	-0.6636710000020685
36	19	1.0309842500028026
36	19	1.597234250002657
36	20	-1.0788272499994491
36	20	0.13254774999950314
36	20	0.5135789999985718
36	21	-5.650576000000001
36	21	-3.9467009999971197
36	21	-3.888232249999419
36	21	1.0704532500021742
36	22	0.08339100000011967
36	23	0.5017347499961033
36	23	1.4789212499999849
36	24	-5.424075499999162
36	24	-3.312763999998424
36	24	-1.792671250001149
36	24	-1.754327499998908
36	24	-0.9138275000004796
36	24	-0.24823375000050873
36	24	1.370827750000899
36	24	1.7794840000024124
36	25	-5.384730999998283
36	25	0.8576722500001779
36	26	-5.482543749996694
36	26	-5.0750760000009905
36	26	0.4977345000006608
36	26	0.5119219999978668
36	27	-4.777576250002312
36	27	-4.634826250003243
36	27	-2.674327250002534
36	27	-2.171952250002505
36	27	-1.140077250001923
36	27	-0.39463975000035134
36	28	-5.362982500002545
36	28	-5.124732500000391
36	28	-5.11313875000269
36	28	-5.105295000001206
36	28	-4.4170137500004785
36	28	-3.27016999999978
36	28	-1.4758897499996237
36	28	-1.1827022500001476
36	28	1.835358249998535
36	29	-3.2283572500018636
36	29	-2.3022020000025805
36	29	-1.1236395000014454
36	29	-0.5069530000037048
36	30	-5.490075499998056
36	30	-3.6549515000006068
36	30	-2.1856389999993553
36	30	-2.0414202499996463
36	30	-1.450452499997482
36	30	-0.7699837499967543
36	31	-4.399513500004105
36	31	-1.6473582500002522
36	32	-5.202826000000641
36	32	-4.481857250000758
36	32	0.5936719999990601
36	32	1.1412032499974885
36	33	-5.157295000000886
36	33	-4.533138750000944
36	33	-4.141357500000595
36	33	-4.127638750000187
36	33	-3.620169999998325
36	34	-5.898044749999826
36	34	-5.889732250001543
36	34	-5.209732250001252
36	34	-3.641013500000554
36	34	-3.2308895000023767
36	34	-2.965702000004967
36	34	-2.0277645000023767
36	34	-1.5280770000026678
36	34	-1.2286082500031625
36	34	-1.0361405000003288
36	34	-1.0252967500018713
36	34	-0.619015500000387
36	34	-0.409421750002366
36	34	-0.3637967500035302
36	35	-4.797576249995473
36	35	-3.4705762499979755
36	35	-1.954639749998023
36	35	-0.8739209999985178
36	35	-0.8624209999979939
36	35	-0.2769834999999148
36	36	-4.7881074999968405
36	36	-2.4423585000004095
36	36	-2.240608500000235
36	36	-1.0257334999987506
36	37	-4.7387014999985695
36	37	-4.328451499997755
36	37	-3.913107749998744
36	37	-2.283327500001178
36	37	-2.270483749998675
36	37	-1.691514999998617
36	37	-1.5870462499988207
36	37	0.8778590000001714
36	37	0.8913277500032564
36	37	0.9121402500022668
36	37	1.3022340000024997
36	38	-3.7970134999959555
36	38	-2.918575999996392
36	38	-2.653108250000514
36	39	-4.510450999998284
36	39	-4.508357250000699
36	39	-2.963200999998662
36	39	-2.934919749997789
36	39	-1.8704520000028424
36	39	-0.2146092500006489
36	40	-4.828700250000111
36	40	-4.286325249999209
36	40	-2.803576250000333
36	40	-2.1770137499988778
36	40	-1.2599835000000894
36	40	1.8354842500011728
36	41	-3.1151382500029285
36	41	-1.4196705000031216
36	41	-1.4078580000023067
36	41	-1.3926080000055663
36	41	-0.10276525000153924
36	41	0.9873909999987518
36	41	0.9989847499964526
36	42	-2.4887957500031916
36	42	-1.5079530000002705
36	42	-0.7829530000017257
36	42	1.7617647500010207
36	43	-5.419575249998161
36	43	-4.911169999995764
36	43	-4.629982499998732
36	43	-2.053827249997994
36	43	-1.5137022499984596
36	43	-1.5118584999981977
36	44	-4.780700750001415
36	44	-3.073044500000833
36	44	-0.744139250004082
36	44	-0.7362017500054208
36	44	0.3656722499981697
36	44	0.8850159999965399
36	45	-4.903513749999547
36	45	1.7870467500033556
36	46	-4.149701750000531
36	46	-3.891451749997941
36	46	-3.445420500000182
36	46	-3.324951749997126
36	46	-3.303764249998494
36	46	-0.4101402500018594
36	46	1.491171249999752
36	46	1.513171250000596
36	47	-1.0583897500000603
36	48	-5.991106749999744
36	48	-5.981106750001345
36	48	-4.221294250000938
36	48	-1.9188264999975218
36	48	-0.643202499999461
36	48	0.10210999999981141
36	48	0.11548499999844353
36	48	0.4473912499997823
36	48	0.8046724999985599
36	49	-5.473357250000845
36	49	-5.457701000002999
36	49	-5.410263500001747
36	49	-3.9199822500013397
36	49	-3.2143895000008342
36	49	-3.137358249998215
36	49	-3.129951999999321
37	1	-5.557700500001374
37	1	-5.22863900000084
37	1	-1.3749524999984715
37	1	-0.6216712499990535
37	2	-4.189419500002259
37	2	-3.253982000001997
37	2	-2.3665142499994545
37	2	1.8851712499999849
37	3	-4.870263500000874
37	4	-3.958263499996974
37	4	-2.0887019999972836
37	5	-1.288451750002423
37	6	-4.198982000001706
37	6	-2.5338579999988724
37	6	-2.239201749998756
37	6	0.37442224999904283
37	7	-2.680326249996142
37	8	-5.393544000002294
37	8	-5.022325249999994
37	8	-4.947137750001275
37	8	-0.2156085000024177
37	9	-3.6590445000001637
37	9	-2.976764250000997
37	9	-2.741170500001317
37	9	-0.05554650000340189
37	10	1.228889750000235
37	11	-5.4111065000033705
37	11	-5.389387750004971
37	11	-4.909169000002294
37	12	-4.234326250003505
37	13	-5.826387500001147
37	13	-4.64923225000166
37	13	-2.160483250001562
37	14	-3.0733267499999783
37	15	-4.405950749998738
37	15	-4.366200749998825
37	15	-3.009639249998145
37	15	-3.0029204999991634
37	16	1.1425462500010326
37	17	-1.3858897499994782
37	17	-1.0476397500024177
37	17	-0.05042200000025332
37	18	-2.8492019999976037
37	18	-2.0487020000000484
37	18	1.0707657500024652
37	20	-1.1122022499985178
37	20	0.11095399999976507
37	23	-5.435388250003598
37	24	1.0815152500035765
37	25	-5.492793499997788
37	25	-5.375168499998836
37	25	-1.690795499998785
37	26	0.48745324999981676
37	27	-0.09795325000231969
37	27	0.7383279999958177
37	28	-3.5607325000019046
37	28	-2.271858500000235
37	30	-3.717764000000898
37	30	-3.528107750000345
37	31	-3.8326072500021837
37	31	-3.5908885000026203
37	33	-0.29035949999888544
37	34	-2.2916082500050834
37	34	-1.1024530000031518
37	34	-0.7658280000032391
37	34	1.2538594999969064
37	35	-5.881575249997695
37	35	-5.0306074999971315
37	35	-4.8047637499985285
37	35	-4.371326249998674
37	35	0.048921750003501074
37	36	-5.6242002500002855
37	36	-5.0565137499979755
37	36	-3.1276387499965494
37	39	-2.9218885000009323
37	39	-1.5997957500003395
37	39	-0.5599519999996119
37	39	-0.4712332500021148
37	39	0.12564075000045705
37	39	0.5635782499994093
37	41	-1.3834517500035872
37	42	-4.486607250000816
37	42	-4.244420750004792
37	42	-1.1384842500010564
37	43	-5.807543999999325
37	43	0.02026550000300631
37	44	-4.229794500002754
37	44	-2.413326750003762
37	44	0.12848474999918835
37	44	0.15632849999747123
37	45	-5.962262749999354
37	45	-5.165451249999023
37	46	-3.6936392499992508
37	46	0.5737659999977041
37	46	1.00904625000112
37	46	1.01295250000112
37	47	-0.20042199999807053
37	48	-3.893919250000181
37	48	-2.8906389999974635
37	48	-1.878764000000956
37	48	-1.5557952499984822
37	48	-0.9470462499994028
37	49	-5.233544750000874
37	49	-2.4549832499978947
38	1	-5.958419250000588
38	1	-5.6919817499983765
38	1	-0.6242962500000431
38	1	0.2077339999996184
38	2	-3.5374195000003965
38	2	-3.2206069999992906
38	2	-2.796951749998698
38	2	-1.9539829999994254
38	2	-0.007859000001189997
38	2	1.8852650000007998
38	4	-5.755607249997411
38	4	-5.283575999997993
38	4	-3.981357249995199
38	4	-3.958263499996974
38	4	-2.0887019999972836
38	4	-1.8379519999980403
38	4	-1.8262644999995246
38	4	0.4912345000047935
38	5	-2.9189517500017246
38	5	-0.10289025000020047
38	5	1.436171249999461
38	6	-2.1906080000007933
38	6	0.2624534999995376
38	7	-4.945418999999674
38	7	-3.596544999996695
38	7	-2.6803887499991106
38	7	-1.7575137499989069
38	7	-1.4767324999993434
38	7	-0.07257725000090431
38	8	-0.21557725000093342
38	9	-2.7070767500008515
38	9	-2.6496079999997164
38	9	-2.2876705000016955
38	9	-2.2776080000003276
38	9	-0.844357999998465
38	9	0.7012972499978787
38	9	1.5662347499965108
38	10	-0.05526550000286079
38	10	-0.04804675000195857
38	11	-5.766044000003603
38	11	-3.323326250003447
38	11	-1.3337022499981686
38	11	-0.2412022499993327
38	12	-4.913981500001682
38	12	-4.303795000003447
38	12	-4.234263750000537
38	12	-3.7107950000026904
38	12	-2.379763750002894
38	12	0.08011025000087102
38	12	1.2071404999987863
38	13	-4.39045100000294
38	13	-2.160514499999408
38	13	-1.6999520000026678
38	14	-5.5274507499998435
38	14	-5.379513249998126
38	14	-5.36610699999801
38	14	-3.924294500000542
38	14	-3.0732642500006477
38	14	-2.578108000001521
38	14	-2.4554517500000657
38	14	-1.7006392500006768
38	14	-0.08029650000025867
38	15	-4.398138249998738
38	15	-3.4812329999986105
38	15	-3.0096080000002985
38	16	-2.6096080000024813
38	16	0.42673474999901373
38	16	1.513483750000887
38	16	1.5357650000005378
38	16	1.545952500000567
38	17	-1.3858897499994782
38	18	-2.0487020000000484
38	18	-0.8496707499980403
38	19	-5.710544000001391
38	19	-2.847670000002836
38	19	-0.6805459999995946
38	19	1.0309842500028026
38	19	1.597234250002657
38	20	-2.3684824999982084
38	20	-1.0788272499994491
38	20	0.13251650000165682
38	20	0.5136102500000561
38	21	-5.650576000000001
38	21	-3.9466697499992733
38	21	-0.17410924999785493
38	21	1.0704532500021742
38	23	1.4788899999985006
38	24	-3.312763999998424
38	24	-1.7542649999995774
38	24	-1.3967337499998393
38	24	-1.2550774999981513
38	24	0.1373912500021106
38	24	1.3708590000023833
38	25	-5.384762249999767
38	25	-3.288107000000309
38	25	-3.2860757500020554
38	25	-1.6908579999981157
38	25	0.8577034999980242
38	26	-3.260263500000292
38	26	0.5119219999978668
38	27	-4.777607500003796
38	27	-4.634826250003243
38	27	-2.1719210000010207
38	27	-1.1400147500025923
38	27	-0.3881397500008461
38	27	-0.06132825000167941
38	28	-5.1247637500018755
38	28	-5.11313875000269
38	28	-5.105295000001206
38	28	-3.5607012500004203
38	28	-1.4758897499996237
38	28	1.1169217499991646
38	28	1.8354207500015036
38	29	-3.509138500001427
38	29	-3.2283572500018636
38	29	-2.302170750001096
38	29	-1.1236395000014454
38	29	-0.5069530000037048
38	30	-3.6549202499991225
38	30	-3.1852327500018873
38	30	-2.1856389999993553
38	30	-2.1696077500018873
38	30	-2.0414515000011306
38	30	-1.4504837499989662
38	30	-0.7699837499967543
38	31	-4.399576000003435
38	32	-5.202826000000641
38	32	-4.481857250000758
38	32	-0.07207800000105635
38	32	0.2534845000009227
38	32	0.5936719999990601
38	32	1.1298282499992638
38	32	1.946108500000264
38	33	-5.157326249998732
38	33	-4.533201250000275
38	33	-4.127638750000187
38	33	-3.620169999998325
38	33	-1.9785147500006133
38	34	-5.898076000001311
38	34	-5.209794750000583
38	34	-3.234608250004385
38	34	-3.2308895000023767
38	34	-2.965702000004967
38	34	-2.3067020000053162
38	34	-2.0277332500045304
38	34	-1.2286082500031625
38	34	-1.0361405000003288
38	34	-1.025265500000387
38	34	-0.7657967500017548
38	34	-0.40945300000021234
38	34	1.2538594999969064
38	35	-5.881543999999849
38	35	-4.8047637499985285
38	35	-4.797576249995473
38	35	-2.435733499998605
38	35	-1.954639749998023
38	35	-0.8739522500000021
38	35	-0.2770459999992454
38	35	0.048921750003501074
38	36	-5.087669999997161
38	36	-5.080232499996782
38	36	-5.056482499996491
38	36	-4.7881074999968405
38	36	-4.448513749997801
38	36	-2.4423585000004095
38	36	-1.0257334999987506
38	37	-4.738670249997085
38	37	-3.91307649999726
38	37	-2.2833587499990244
38	37	-2.270483749998675
38	37	-1.6914837500007707
38	37	-1.5870462499988207
38	37	0.8778590000001714
38	37	0.8912652500002878
38	37	0.9120777500029362
38	37	1.302265250000346
38	37	1.5162652500002878
38	38	-3.796982249998109
38	38	-2.653108250000514
38	39	-4.510450999998284
38	39	-4.508388499998546
38	39	-4.506388499998138
38	39	-2.963200999998662
38	39	-2.9349509999992733
38	39	-2.1745145000022603
38	39	-1.8704520000028424
38	39	-0.2145779999991646
38	39	0.12398450000182493
38	40	-4.286325249999209
38	40	-2.1770137499988778
38	41	-1.4196705000031216
38	41	-1.4078580000023067
38	41	-1.3926392500034126
38	41	0.9873909999987518
38	41	0.9989847499964526
38	42	-4.4865759999993315
38	42	-4.480075999999826
38	42	-2.4887957500031916
38	42	-1.7163905000015802
38	42	-1.5079530000002705
38	42	1.187577249998867
38	42	1.761795999998867
38	43	-5.749887750000198
38	43	-5.419606499999645
38	43	-4.911201249997248
38	43	-4.629982499998732
38	43	-2.3523272499987797
38	43	-2.053827249997994
38	43	-1.5137022499984596
38	43	-1.5118584999981977
38	43	1.949921750001522
38	44	-3.073044500000833
38	44	-0.7361705000039365
38	44	0.12854724999851896
38	44	0.15632849999747123
38	44	0.36573474999750033
38	45	-5.962294000000838
38	45	-5.165451249999023
38	45	-4.903513749999547
38	45	-4.857826249997743
38	45	-0.5421094999983325
38	45	0.24373425000158022
38	45	1.7870467500033556
38	46	-4.149701750000531
38	46	-3.891451749997941
38	46	-3.8802017499983776
38	46	-3.6296704999986105
38	46	-3.445420500000182
38	46	-3.324951749997126
38	46	-3.3037954999999783
38	46	-0.4101090000003751
38	46	0.5737659999977041
38	46	1.513171250000596
38	47	-2.621702250002272
38	48	-5.991138000001229
38	48	-5.981106750001345
38	48	-4.576794250002422
38	48	-4.221325500002422
38	48	-3.8938880000023346
38	48	-2.890670249998948
38	48	-1.9188264999975218
38	48	-1.8787327499994717
38	48	-1.5557952499984822
38	48	-0.6432337500009453
38	48	0.11545375000059721
38	48	0.1957349999975122
38	48	0.447359999998298
38	49	-5.473388500002329
38	49	-5.457701000002999
38	49	-5.4102947499995935
38	49	-3.9199509999998554
38	49	-3.2144207499986805
38	49	-3.137358249998215
38	49	-2.455014499999379
39	1	-5.958387999999104
39	1	-5.6919817499983765
39	1	-5.5577317499992205
39	1	-2.8306400000001304
39	1	-2.82423375000144
39	1	-0.6217025000005378
39	1	0.2077339999996184
39	1	0.2648277499974938
39	2	-4.9717320000017935
39	2	-4.189419500002259
39	2	-3.5374195000003965
39	2	-3.2205757500014442
39	2	-2.796983000000182
39	2	-1.9539829999994254
39	2	-0.007827749999705702
39	2	1.8852650000007998
39	3	0.2159220000030473
39	4	-5.755607249997411
39	4	-5.283575999997993
39	4	-3.981357249995199
39	4	-3.9757634999950824
39	4	-3.9582947499948204
39	4	-1.8379519999980403
39	4	-1.8262957499973709
39	4	0.4912032500033092
39	5	-2.918982999999571
39	5	-0.10292149999804678
39	6	-5.379888250001386
39	6	-4.392232000001968
39	6	-2.8109829999993963
39	6	-2.533795499999542
39	6	-2.2393579999989015
39	6	-1.1820777500033728
39	6	0.2624534999995376
39	7	-4.945450250001159
39	7	-3.5965137499988487
39	7	-3.5802324999967823
39	7	-2.680419999996957
39	7	-2.026763749996462
39	7	-1.7575449999967532
39	7	-1.4767324999993434
39	7	-0.07254599999942002
39	8	-5.39357525000014
39	8	-5.022325249999994
39	8	-4.947106499999791
39	8	-0.21563975000026403
39	9	-3.6590445000001637
39	9	-3.316482000001997
39	9	-2.976764250000997
39	9	-2.741170500001317
39	9	-2.707107999998698
39	9	-2.287701749999542
39	9	-2.2776080000003276
39	9	-1.219982999999047
39	9	-0.844357999998465
39	9	-0.05551525000191759
39	9	0.7012659999963944
39	9	1.5662034999986645
39	10	-5.773951000002853
39	10	-0.048015500004112255
39	10	1.2288272499972663
39	11	-5.801950250002847
39	11	-5.766044000003603
39	11	-5.41104400000404
39	11	-5.389387750004971
39	11	-4.917731500005175
39	11	-4.889544000005117
39	11	-3.3233575000012934
39	11	-1.3336710000003222
39	11	-0.2411710000014864
39	12	-4.888106499998685
39	12	-4.303795000003447
39	12	-3.710763750001206
39	12	-3.6693887500005076
39	12	-3.370420000002923
39	12	-2.943795000002865
39	12	-2.37973250000141
39	12	0.08011025000087102
39	12	1.1909217499960505
39	12	1.2071404999987863
39	13	-4.39038850000361
39	13	-3.1557635000026494
39	13	-2.160483250001562
39	13	-1.9307332500029588
39	13	-1.6999520000026678
39	13	-1.1375145000019984
39	13	-0.20945300000312272
39	14	-5.52748199999769
39	14	-5.379513249998126
39	14	-5.366138249999494
39	14	-5.0892319999984466
39	14	-3.9242632499990577
39	14	-3.073295500002132
39	14	-2.578108000001521
39	14	-2.4554517500000657
39	14	-1.7006079999991925
39	14	-0.08026524999877438
39	14	0.25751600000148755
39	15	-4.665450749998854
39	15	-4.398169499996584
39	15	-3.4812329999986105
39	15	-3.0093267499978538
39	16	-4.568294500000775
39	16	-2.6095455000031507
39	16	-2.189764250004373
39	16	-2.1771080000035
39	16	-1.506515250002849
39	16	0.42670349999752943
39	16	1.1425462500010326
39	16	1.5135149999987334
39	16	1.5357337499990535
39	16	1.5459837499984133
39	17	-5.058732499997859
39	17	-1.3858897499994782
39	17	-1.047671000000264
39	17	1.9272342500007653
39	18	-4.937450999997964
39	18	-2.0487332499978947
39	18	-1.2405144999975164
39	18	-1.2278894999981276
39	18	-0.8497332499973709
39	18	-0.8397332499989716
39	18	1.070734500000981
39	19	-5.710575249999238
39	19	-2.847701250000682
39	19	-0.6805147500017483
39	19	-0.6636710000020685
39	19	1.0309530000013183
39	19	1.597234250002657
39	20	-1.0788585000009334
39	20	0.11095399999976507
39	20	0.13251650000165682
39	20	0.5136102500000561
39	21	-5.650544749998517
39	21	-3.9466697499992733
39	21	-3.888263499997265
39	21	-0.6252029999996012
39	21	1.0704532500021742
39	22	-3.2702017499977956
39	22	-2.4351704999971844
39	22	0.08339100000011967
39	23	1.4789212499999849
39	24	-5.424075499999162
39	24	-3.3149827499983076
39	24	-1.7542962500010617
39	24	-1.2550774999981513
39	24	-0.24820249999902444
39	24	1.3708902500038675
39	24	1.7795152500038967
39	25	-5.384730999998283
39	25	-3.286044500000571
39	25	-1.6908267500002694
39	25	0.8577034999980242
39	26	-5.4825124999988475
39	26	-5.075044749999506
39	26	-4.304669749999448
39	26	-3.2602322499988077
39	26	0.4874844999976631
39	26	0.4977345000006608
39	26	0.5119532499993511
39	26	1.5320782499984489
39	27	-4.777607500003796
39	27	-4.634826250003243
39	27	-2.674327250002534
39	27	-2.1719210000010207
39	27	-1.1400460000004387
39	27	-0.3881085000029998
39	27	-0.31957825000426965
39	27	-0.09823450000476441
39	27	0.7384529999981169
39	28	-5.362919999999576
39	28	-5.1247637500018755
39	28	-5.11313875000269
39	28	-5.10532625000269
39	28	-4.416982500002632
39	28	-3.5607325000019046
39	28	-3.5314199999993434
39	28	-3.27016999999978
39	28	-1.4758897499996237
39	28	-1.1826709999986633
39	28	1.116952999997011
39	28	1.8354207500015036
39	29	-3.5091072500035807
39	29	-3.449419750002562
39	29	-3.228388500003348
39	29	-2.302170750001096
39	29	-1.1251707500014163
39	29	-1.1236082499999611
39	29	-0.5069530000037048
39	30	-5.490012999998726
39	30	-3.707295249998424
39	30	-3.654889000001276
39	30	-3.1852327500018873
39	30	-2.1807327499991516
39	30	-2.169576500000403
39	30	-2.0414202499996463
39	30	-1.450452499997482
39	30	-0.7699837499967543
39	31	-4.399544750001951
39	31	-3.832638500003668
39	31	-3.5909197500041046
39	31	-3.127982250003697
39	31	-2.0597020000022894
39	31	-1.6473895000017365
39	32	-5.202794749999157
39	32	-4.481857250000758
39	32	-3.400733250000485
39	32	-3.30957699999999
39	32	-0.6172655000009399
39	32	-0.07207800000105635
39	32	0.5936719999990601
39	32	1.946108500000264
39	33	-4.533201250000275
39	33	-4.127576250000857
39	33	-3.620169999998325
39	33	-0.29035949999888544
39	33	1.0917030000018713
39	33	1.8884842500010564
39	34	-5.898076000001311
39	34	-5.889763500003028
39	34	-3.641044750002038
39	34	-3.2345457500050543
39	34	-3.2308895000023767
39	34	-2.9657645000042976
39	34	-2.306764500004647
39	34	-2.2916082500050834
39	34	-2.0402957500045886
39	34	-2.027795750003861
39	34	-1.5280457500048215
39	34	-1.2286395000046468
39	34	-1.1024530000031518
39	34	-1.0361405000003288
39	34	-1.025265500000387
39	34	-0.7658592500010855
39	34	-0.6190780000033556
39	34	-0.409421750002366
39	34	0.5956407499979832
39	34	1.2538594999969064
39	34	1.7016709999952582
39	34	1.8919834999942395
39	35	-5.8725752499995
39	35	-5.865575249998074
39	35	-4.804732499997044
39	35	-4.797544999997626
39	35	-4.3612012499979755
39	35	-3.4705762499979755
39	35	-2.4464834999998857
39	35	-1.9546709999995073
39	35	-0.8739209999985178
39	35	-0.2770147499977611
39	35	0.04889050000201678
39	36	-5.624168999998801
39	36	-5.087669999997161
39	36	-5.080201249995298
39	36	-5.056482499996491
39	36	-4.7881074999968405
39	36	-2.44242099999974
39	36	-2.2405772499987506
39	36	-1.8367959999995946
39	36	-1.0257022499972663
39	37	-4.738638999999239
39	37	-4.32842024999627
39	37	-3.913107749998744
39	37	-2.2833587499990244
39	37	-2.270483749998675
39	37	-1.767483750001702
39	37	-1.6914837500007707
39	37	-1.5870462499988207
39	37	0.877827750002325
39	37	0.8912652500002878
39	37	0.9120777500029362
39	37	1.3022340000024997
39	37	1.516296500001772
39	38	-3.7970134999959555
39	38	-2.653108250000514
39	38	1.168922000000748
39	39	-5.045419750000292
39	39	-4.510482249999768
39	39	-4.508388499998546
39	39	-4.506388499998138
39	39	-2.963169750000816
39	39	-2.9349509999992733
39	39	-2.9218259999979637
39	39	-1.8704832500006887
39	39	-1.5998270000018238
39	39	-0.4712020000006305
39	39	-0.2145779999991646
39	39	0.12401574999967124
39	39	0.12570324999978766
39	39	0.5635157500000787
39	40	-4.286325249999209
39	40	-2.232951250000042
39	40	-2.176919999998063
39	40	-2.038451249998616
39	40	-0.9782647499996528
39	41	-3.9036695000031614
39	41	-3.890450750001037
39	41	-3.1151382500029285
39	41	-2.1922955000045476
39	41	-1.4196705000031216
39	41	-1.4078580000023067
39	41	-1.392670500004897
39	41	-0.10276525000153924
39	41	0.9873909999987518
39	41	0.9989847499964526
39	42	-5.347982250001223
39	42	-4.4865759999993315
39	42	-4.244452000002639
39	42	-2.4887957500031916
39	42	-1.5079217500024242
39	42	1.187577249998867
39	42	1.761795999998867
39	43	-5.807481499999994
39	43	-5.7499189999980445
39	43	-5.419606499999645
39	43	-4.911232499998732
39	43	-4.629951249997248
39	43	-2.134202249999362
39	43	-2.053827249997994
39	43	-1.5136710000006133
39	43	-1.5118584999981977
39	43	0.020203000003675697
39	43	0.023703000002569752
39	43	0.7946405000038794
39	43	1.949921750001522
39	44	-5.035544500002288
39	44	-3.0730132500029868
39	44	-0.744139250004082
39	44	-0.7362017500054208
39	44	0.12854724999851896
39	44	0.3656722499981697
39	45	-5.165451249999023
39	45	-4.903482499998063
39	45	-0.5136094999979832
39	45	0.24364050000076531
39	45	0.26682800000344287
39	45	0.6749217500000668
39	45	1.7870155000018713
39	46	-4.149701750000531
39	46	-3.891451749997941
39	46	-3.8801705000005313
39	46	-3.6708892499991634
39	46	-3.6296704999986105
39	46	-3.445420500000182
39	46	-3.324951749997126
39	46	-3.3037954999999783
39	46	-2.892576750000444
39	46	-0.315421499999502
39	46	0.5737659999977041
39	46	1.00904625000112
39	46	1.491171249999752
39	46	1.5132025000020803
39	47	-5.71920124999815
39	47	-4.146138749998499
39	47	-3.51235749999978
39	47	-1.0583897500000603
39	47	-0.20042199999807053
39	47	1.8045769999989716
39	48	-5.991138000001229
39	48	-5.981137999999191
39	48	-4.807794250002189
39	48	-4.797575500000676
39	48	-4.221294250000938
39	48	-3.8938880000023346
39	48	-2.905295249998744
39	48	-2.8906389999974635
39	48	-1.9188264999975218
39	48	-1.8787327499994717
39	48	-0.643202499999461
39	48	-0.6335150000013527
39	48	0.10207874999832711
39	48	0.11548499999844353
39	48	0.4473912499997823
39	48	0.8046412499970756
39	49	-5.473357250000845
39	49	-5.457732250000845
39	49	-5.410263500001747
39	49	-3.9199509999998554
39	49	-3.2144207499986805
39	49	-3.137358249998215
39	49	-2.4549832499978947
39	49	-1.7490770000003977
