unit_id	trial	spike_time
1	1	-2.8522325000012643
1	1	-0.5311710000023595
1	1	1.6647342499963997
1	2	-5.4865755000028
1	2	-5.478044250001403
1	2	-3.9604514999991807
1	2	-3.9487327499991807
1	2	-3.7849827499994717
1	2	0.3827964999982214
1	2	0.389640249999502
1	2	0.4040464999998221
1	2	1.539733999998134
1	2	1.7898902499982796
1	3	-3.892138999999588
1	3	-1.49220250000144
1	3	-0.3883900000000722
1	4	-5.609731500000635
1	4	-5.5989190000000235
1	4	-4.958607500000653
1	4	-4.946076249998441
1	4	0.9861092499995721
1	5	-4.422857249996014
1	5	-3.747139499999321
1	5	-3.101389499999641
1	5	-1.7858269999996992
1	5	-1.7772654999971564
1	5	1.1406085000016901
1	5	1.859046000001399
1	5	1.873733500000526
1	6	-4.598763250000047
1	6	-3.3151695000015025
1	6	-1.407076750001579
1	6	-1.3938267500016082
1	6	-1.3879205000012007
1	6	-0.7684517499983485
1	6	-0.1214517500011425
1	6	-0.10435800000050222
1	7	-5.458012999995844
1	7	-3.8382952499960084
1	7	-2.829513999997289
1	7	-2.8263889999980165
1	7	-2.706888999997318
1	7	-1.8730774999967252
1	7	-0.5664212499941641
1	8	-5.429106499999762
1	8	-4.654419000002235
1	8	-0.029452250000758795
1	8	-0.02595225000186474
1	8	-0.021858500000234926
1	8	1.3794842499955848
1	9	-4.6206065000005765
1	9	-4.616606499999762
1	9	-4.60451275000014
1	9	-4.6003565000028175
1	9	-1.4053585000001476
1	9	-0.9068585000022722
1	9	0.7622655000013765
1	10	-1.6618275000000722
1	10	-1.0542337500010035
1	10	-1.0361087500023132
1	10	0.07442249999803607
1	10	0.16032875000018976
1	11	-5.219168749998062
1	11	-5.2137000000002445
1	11	-4.088825999999244
1	11	-2.793357250000554
1	11	-2.77423225000166
1	11	-0.07848324999940814
1	11	-0.06226450000031036
1	12	-2.5294517499969515
1	12	0.8453285000032338
1	12	0.8495160000056785
1	12	0.8521097500051837
1	12	1.7698900000032154
1	13	-4.9235439999974915
1	13	-4.917356499998277
1	13	-4.048326250001992
1	13	-2.41367000000173
1	13	-1.7621075000024575
1	13	-1.7242960000003222
1	13	0.9951404999992519
1	14	-3.4426705000005313
1	14	0.31767224999930477
1	14	0.3235472499982279
1	14	0.3420784999980242
1	14	0.34717224999621976
1	15	-4.6485452499982785
1	15	-3.3858889999974053
1	16	-5.711918999997579
1	16	-5.110762749998685
1	16	-5.102356499999587
1	16	-5.090700249998918
1	16	-5.087294000000838
1	16	-3.01254500000141
1	16	-1.6466084999992745
1	17	-5.052169499998854
1	17	-5.04476324999996
1	17	-4.935139249999338
1	17	-3.8648579999971844
1	17	-1.225984000000608
1	17	-0.2217339999988326
1	17	-0.19004649999988033
1	17	1.5945150000006834
1	17	1.6061087500020221
1	17	1.7155462500013527
1	18	-5.664324999997916
1	18	-5.533387499999662
1	18	-4.903357249997498
1	18	-4.09295099999872
1	18	-3.848888499996974
1	18	-1.7560769999981858
1	18	-1.655451999999059
1	18	-0.19057799999791314
1	18	-0.1816092499975639
1	18	-0.163015499998437
1	18	0.7864532500025234
1	18	0.9342657500019413
1	19	-4.9652004999989
1	19	-3.713950500001374
1	19	-3.6882630000000063
1	19	-1.879795250002644
1	19	-0.6435774999990826
1	19	0.1598599999997532
1	19	0.8312975000008009
1	19	0.953734999999142
1	20	-4.419607499999984
1	20	-2.6556700000001
1	20	-2.6516074999999546
1	20	-1.5425147499990999
1	20	0.27907799999957206
1	20	0.28614050000032876
1	20	1.658484250001493
1	20	1.673296750002919
1	21	-5.042669500002376
1	21	-3.248107000003074
1	21	-1.382201749998785
1	21	0.2819847499958996
1	21	0.28910974999598693
1	21	1.0909847499970056
1	21	1.0993284999967727
1	21	1.1134534999982861
1	22	-4.240637750001042
1	22	-3.8066387500002747
1	22	-3.802357500000653
1	22	-0.6597022500027379
1	22	0.207985249999183
1	22	0.9871102500001143
1	22	1.1543592500020168
1	23	-5.448449999999866
1	23	-4.365950999999768
1	24	-5.083294499996555
1	24	-4.30726324999705
1	24	-0.0522964999981923
1	24	1.2202972500017495
1	25	-5.456481249999342
1	25	-5.371106250000594
1	25	-3.812294750001456
1	25	-2.833076999999321
1	25	-2.177545750000718
1	25	-1.9044519999988552
1	25	-0.867014499999641
1	25	-0.177203000002919
1	25	0.4376094999970519
1	25	1.4610782499985362
1	25	1.4707657499966444
1	26	-5.5202947500038135
1	26	-4.240826000001107
1	26	-2.346264499999961
1	26	-2.326514500000485
1	26	0.4230470000002242
1	27	-4.216356999997515
1	27	-3.801826750001055
1	27	-0.8440464999985124
1	27	-0.8301714999979595
1	27	-0.8209839999981341
1	27	-0.15017149999766843
1	27	0.29795350000131293
1	28	-5.059700500001782
1	28	-2.603701500003808
1	28	-1.78639000000112
1	28	-1.7767024999993737
1	28	-1.63404625000112
1	28	-0.4974212500019348
1	28	-0.47492124999916996
1	28	1.115171499997814
1	29	-4.966888000002655
1	29	-4.963669250002567
1	29	-4.953388000001723
1	29	-4.94463800000085
1	29	-2.3191077499977837
1	29	-2.3152952499985986
1	29	-0.7641087499978312
1	29	-0.725233749999461
1	30	-5.349919249998493
1	30	-3.220857750002324
1	30	-3.1968890000025567
1	30	-3.0198264999999083
1	30	-1.6547024999999849
1	30	-0.4558587499996065
1	30	0.4281402499982505
1	30	0.4407964999991236
1	30	0.4439527499998803
1	30	0.44807774999935646
1	30	0.45417149999775575
1	31	-3.3908264999990934
1	31	-3.366857749999326
1	31	-2.375076499996794
1	31	-2.3550764999963576
1	31	-2.224670249997871
1	31	-0.4735462499993446
1	31	1.650234000000637
1	32	-5.912450749998243
1	32	-5.90082574999542
1	32	-4.026857999997446
1	32	-2.9809204999983194
1	32	-0.5895464999957767
1	32	1.2259837500023423
1	32	1.230171250001149
1	33	-4.844669999998587
1	33	-4.077732499998092
1	33	-3.5199199999988195
1	33	-1.8007647500016901
1	34	-5.0146385000043665
1	34	-5.00982600000134
1	34	-5.00245100000393
1	34	-4.994982250002067
1	34	-4.9638572500043665
1	34	-3.560951000003115
1	34	1.551577250000264
1	34	1.556514749998314
1	34	1.5607647500000894
1	35	-3.9193264999958046
1	35	0.31198500000027707
1	35	0.3366412499999569
1	35	1.8362027500006661
1	36	-5.618856249999226
1	36	-2.498325999997178
1	36	-1.308420749999641
1	36	0.4177979999985837
1	36	1.3701094999996712
1	36	1.3719220000020869
1	36	1.3749845000020287
1	36	1.3813594999992347
1	36	1.7879845000024943
1	36	1.811484500001825
1	37	-4.8585437500041735
1	37	-4.855262500004756
1	37	-4.850700000002689
1	37	-2.4460760000038135
1	37	-2.1081395000001066
1	37	-2.10620199999903
1	37	-2.100983250002173
1	37	-2.0433895000023767
1	37	-1.9108582500011835
1	37	-0.648264499999641
1	37	-0.5631707499996992
1	37	-0.5165457500006596
1	37	-0.4483582499997283
1	38	-0.4783275000008871
1	38	-0.46479624999847147
1	38	0.027952749998803483
1	38	0.03435899999749381
1	39	-3.0889830000014626
1	39	-1.8009840000013355
1	39	-1.4185152500031109
1	39	-0.85160900000119
1	39	-0.4960152500025288
1	39	0.6557962500010035
1	39	1.015421249998326
1	40	-2.543952250001894
1	40	0.18817174999639974
1	40	1.913327999998728
1	41	-5.2736067500009085
1	41	-5.233637999997882
1	41	-4.930106749998231
1	41	-4.1922942499986675
1	41	-3.2076379999998608
1	41	-2.2542327499977546
1	41	-1.7541389999969397
1	41	-1.7460139999966486
1	41	-1.0252014999969106
1	41	-0.39010874999439693
1	41	-0.28498374999617226
1	41	0.17148500000257627
1	42	-4.664107000000513
1	42	-3.8868579999980284
1	42	-3.874889249997068
1	42	-3.7331079999967187
1	42	-3.126232999999047
1	42	0.6106409999993048
1	42	1.3646712500012654
1	42	1.3837025000029826
1	43	-3.0310452499979874
1	43	-2.8989202499979
1	43	-1.486327499998879
1	43	-0.3918274999996356
1	43	-0.3902962499996647
1	43	-0.3861712500001886
1	43	-0.38039000000208034
1	43	-0.37804624999989755
1	43	-0.373671249999461
1	43	0.14095375000033528
1	44	-5.171357000002899
1	44	-3.3747642499984067
1	44	-3.154295500000444
1	45	-3.651233000000502
1	45	-3.646983000002365
1	45	-2.5883580000008806
1	45	-2.5754830000005313
1	45	-2.4890455000022484
1	45	-2.482951750000211
1	46	-5.038418749998527
1	46	-3.5241072500029986
1	46	-2.201857250001922
1	46	-1.3073269999986223
1	46	-0.637264500001038
1	46	-0.5702957499997865
1	46	-0.5659832499986805
1	46	1.528390749997925
1	47	-5.423575749999145
1	47	-5.410888250000426
1	47	1.557828500001051
2	1	-5.985481499999878
2	1	-5.859544000002643
2	1	-5.851575250002497
2	1	-5.84054400000241
2	1	-5.813575250002032
2	1	-5.79738775000078
2	1	-5.703512750002119
2	1	-5.6436377499994705
2	1	-5.470200250001653
2	1	-5.201700249999703
2	1	-5.162793999999849
2	1	-5.138856500001566
2	1	-5.132512750002206
2	1	-5.112918999999238
2	1	-4.997512750000169
2	1	-4.989325250000547
2	1	-4.965575250000256
2	1	-4.882794000001013
2	1	-4.730606500001159
2	1	-4.5172940000011295
2	1	-4.39888775000145
2	1	-4.261668999999529
2	1	-4.250731500000256
2	1	-4.230856500002119
2	1	-4.219918999999209
2	1	-4.214856500002497
2	1	-4.127669000001333
2	1	-4.0332315000014205
2	1	-3.894545000002836
2	1	-3.6723575000032724
2	1	-3.6310450000019046
2	1	-3.621513750003942
2	1	-3.500763750002079
2	1	-3.4720137500044075
2	1	-3.3813262500043493
2	1	-3.3538262500042038
2	1	-3.250107500003651
2	1	-3.2006075000026613
2	1	-2.838451250001526
2	1	-2.7867950000036217
2	1	-2.726576250002836
2	1	-2.635013750001235
2	1	-2.470513750002283
2	1	-2.320138750004844
2	1	-2.308107500004553
2	1	-2.295888750002632
2	1	-2.148138750002545
2	1	-2.1384200000029523
2	1	-2.0486075000044366
2	1	-1.8118262500029232
2	1	-1.768826250001439
2	1	-1.7657012500021665
2	1	-1.689888750002865
2	1	-1.6875137500028359
2	1	-1.6625762500043493
2	1	-1.586482500002603
2	1	-1.5462325000044075
2	1	-1.504545000003418
2	1	-1.4389522500023304
2	1	-1.3903272500028834
2	1	-1.3843897500009916
2	1	-1.3226085000023886
2	1	-1.3019522499998857
2	1	-1.2191710000006424
2	1	-1.2089210000012827
2	1	-1.1167960000020685
2	1	-1.1054522500016901
2	1	-0.9387960000021849
2	1	-0.7514835000001767
2	1	-0.7333272500000021
2	1	-0.5710772500024177
2	1	-0.5561710000001767
2	1	-0.5326710000008461
2	1	-0.18626475000201026
2	1	-0.08582725000087521
2	1	0.07657899999685469
2	1	0.1742352499968547
2	1	0.24895399999877554
2	1	0.3767039999984263
2	1	0.5991102499974659
2	1	0.6677039999995031
2	1	0.6898602499968547
2	1	0.708297749999474
2	1	0.7238914999979897
2	1	0.9546102499989502
2	1	0.9681414999977278
2	1	1.0634529999952065
2	1	1.0897342499956721
2	1	1.2362342499982333
2	1	1.2887654999976803
2	1	1.3867654999958177
2	1	1.3965154999968945
2	1	1.4820779999972729
2	1	1.523827999997593
2	1	1.6491717499957304
2	1	1.6781092499950319
2	1	1.6854529999982333
2	1	1.8724842499977967
2	1	1.9494529999974475
2	1	1.9530154999956721
2	1	1.9567342499976803
2	2	-5.999731750001956
2	2	-5.867950500003644
2	2	-5.773575500003062
2	2	-5.766981750002742
2	2	-5.763450500002364
2	2	-5.614450500001112
2	2	-5.496075500002917
2	2	-5.472638000002917
2	2	-5.3772005000028
2	2	-5.370669250001811
2	2	-5.366044250000414
2	2	-5.334919250002713
2	2	-5.290763000000879
2	2	-5.275856750002276
2	2	-5.181481750001694
2	2	-5.099919250002131
2	2	-5.077294250000705
2	2	-5.042888000003586
2	2	-4.966544250000879
2	2	-4.367732750000869
2	2	-4.242451499998424
2	2	-4.110795249998773
2	2	-4.078701499998715
2	2	-4.0099827500016545
2	2	-3.8443890000016836
2	2	-3.7127952500013635
2	2	-3.630326499998773
2	2	-3.6162640000002284
2	2	-3.609232750000956
2	2	-3.5270452500008105
2	2	-3.3043890000008105
2	2	-3.226951500000723
2	2	-2.96551399999953
2	2	-2.8170140000001993
2	2	-2.647982750000665
2	2	-2.541482749998977
2	2	-2.5232327500016254
2	2	-2.50067024999953
2	2	-2.4417327500013926
2	2	-2.430139000000054
2	2	-2.411545250000927
2	2	-2.235014999998384
2	2	-2.218264999999519
2	2	-2.204796250000072
2	2	-2.190264999997453
2	2	-2.1837649999979476
2	2	-2.1776712499995483
2	2	-2.0755149999968125
2	2	-1.9835462499977439
2	2	-1.9539837499978603
2	2	-1.8847024999995483
2	2	-1.8162649999976566
2	2	-1.8117649999985588
2	2	-1.758327499999723
2	2	-1.7511712499981513
2	2	-1.7307024999972782
2	2	-1.4003274999995483
2	2	-1.1661087499996938
2	2	-1.152452499998617
2	2	-1.1202649999977439
2	2	-1.0922649999993155
2	2	-1.0840462499982095
2	2	-0.9974212499982968
2	2	-0.8433274999988498
2	2	-0.8218274999999267
2	2	-0.8183899999967252
2	2	-0.804796249998617
2	2	-0.678764999996929
2	2	-0.6771712499976275
2	2	-0.48588999999992666
2	2	-0.4080149999972491
2	2	-0.37492124999698717
2	2	-0.2970150000001013
2	2	-0.1448275000002468
2	2	0.14482875000248896
2	2	0.1974225000012666
2	2	0.31620275000022957
2	2	0.36279649999778485
2	2	0.3750152499997057
2	2	0.3967027500002587
2	2	0.5023589999982505
2	2	0.5892339999991236
2	2	0.6292964999993274
2	2	0.6455464999999094
2	2	0.6532652499990945
2	2	0.6557027499984542
2	2	0.7323277499999676
2	2	0.8623277500009863
2	2	0.9120152499999676
2	2	0.939296500000637
2	2	0.9677965000009863
2	2	0.9740464999995311
2	2	0.9871715000008408
2	2	1.2903902500002005
2	2	1.5085152499996184
2	2	1.6607652499988035
2	2	1.6697339999991527
2	2	1.721983999999793
2	2	1.8440777499999967
2	2	1.8622652499980177
2	2	1.9311090000010154
2	2	1.9788277500010736
2	2	1.9856714999987162
2	2	1.9917652500007534
2	3	-5.974825500001316
2	3	-5.9497005000011995
2	3	-5.867856750002829
2	3	-5.830888000000414
2	3	-5.785481750001054
2	3	-5.759388000002218
2	3	-5.651575500000035
2	3	-5.58910675000152
2	3	-5.567638000000443
2	3	-5.397606750000705
2	3	-5.361638000002131
2	3	-5.3329192500023055
2	3	-5.165294250000443
2	3	-5.140200500001811
2	3	-5.120450500002335
2	3	-5.044294250001258
2	3	-4.763763000002655
2	3	-4.730450500002917
2	3	-4.710919250002917
2	3	-4.7037005000020145
2	3	-4.680638000001636
2	3	-4.637575500000821
2	3	-4.55645050000021
2	3	-4.458825500001694
2	3	-4.099670250001509
2	3	-4.0814202500005194
2	3	-3.9076077499994426
2	3	-3.8627640000013344
2	3	-3.8328577499996754
2	3	-3.7004515000007814
2	3	-3.651295250001567
2	3	-3.5694827500010433
2	3	-3.5354827500013926
2	3	-3.499014000000898
2	3	-3.451638999998977
2	3	-3.41229525000017
2	3	-3.3832327499985695
2	3	-3.3669827500016254
2	3	-3.329420250000112
2	3	-3.2032327499982785
2	3	-3.1931389999990643
2	3	-3.0595452499983367
2	3	-2.8779827500002284
2	3	-2.86151400000017
2	3	-2.6791702500013344
2	3	-2.6103890000013052
2	3	-2.5868889999983367
2	3	-2.4501390000004903
2	3	-2.124138999999559
2	3	-1.9629837500033318
2	3	-1.9566712500018184
2	3	-1.9494837500024005
2	3	-1.9436400000013236
2	3	-1.9384837500001595
2	3	-1.8896400000012363
2	3	-1.8751400000001013
2	3	-1.7210775000021385
2	3	-1.6223900000004505
2	3	-1.5371400000003632
2	3	-1.5205462500016438
2	3	-1.2874837500021385
2	3	-1.2361087500030408
2	3	-1.2318275000034191
2	3	-1.1265150000035646
2	3	-0.7510150000016438
2	3	-0.5282337500029826
2	3	-0.5087650000023132
2	3	-0.4956087500031572
2	3	-0.3091712500026915
2	3	-0.14860875000158558
2	3	-0.13270250000277883
2	3	0.0019537499974831007
2	3	0.042547499997454
2	3	0.09782874999655178
2	3	0.14473499999803607
2	3	0.1527349999996659
2	3	0.16598499999963678
2	3	0.17748499999652267
2	3	0.1840474999989965
2	3	0.19351624999762862
2	3	0.20398499999646447
2	3	0.3002974999981234
2	3	0.3075787499983562
2	3	0.4310787499998696
2	3	0.7084527500010154
2	3	0.8343277499989199
2	3	0.9797652499983087
2	3	0.98832775000119
2	3	0.9973590000008699
2	3	1.0080152500013355
2	3	1.2263277499987453
2	3	1.3082027499985998
2	3	1.3479839999999967
2	3	1.5196402500005206
2	3	1.5699214999985998
2	3	1.6287965000010445
2	3	1.6373277499988035
2	3	1.80473400000119
2	3	1.8937340000011318
2	3	1.9324527499993565
2	3	1.9667965000007825
2	4	-5.961106500002643
2	4	-5.733637749999616
2	4	-5.637731500002701
2	4	-5.6198877500028175
2	4	-5.612231500002963
2	4	-5.541012749999936
2	4	-5.454762749999645
2	4	-5.370668999999907
2	4	-5.280106500002148
2	4	-5.2711065000003146
2	4	-5.200294000002032
2	4	-5.186200250002003
2	4	-5.178231500001857
2	4	-5.172200250002788
2	4	-5.167137750002439
2	4	-5.162325249999412
2	4	-4.907482499998878
2	4	-4.758982499999547
2	4	-4.747857499998645
2	4	-4.613888749998296
2	4	-4.537232499998936
2	4	-4.5323575000002165
2	4	-4.384170000001177
2	4	-4.34438874999978
2	4	-4.194201250000333
2	4	-4.139169999998558
2	4	-4.115076250000129
2	4	-3.9851699999999255
2	4	-3.934326250000595
2	4	-3.881076249999751
2	4	-3.7703262499999255
2	4	-3.7458887499997218
2	4	-3.641045000000304
2	4	-3.592326250000042
2	4	-3.531794999998965
2	4	-3.4193887500005076
2	4	-3.3908887500001583
2	4	-3.375107500000013
2	4	-3.235420000000886
2	4	-3.196138749997772
2	4	-3.1644512499988195
2	4	-3.0815137499994307
2	4	-3.019357500001206
2	4	-2.7681387499978882
2	4	-2.5219210000032035
2	4	-2.506046000002243
2	4	-2.494202249999944
2	4	-2.4243897500018647
2	4	-2.418233500000497
2	4	-2.365389750000759
2	4	-2.3622647500014864
2	4	-2.357077250002476
2	4	-2.349796000002243
2	4	-2.2077647500009334
2	4	-2.1846397500012245
2	4	-2.1718897500031744
2	4	-2.156014750002214
2	4	-1.9707960000014282
2	4	-1.9437960000032035
2	4	-1.9161397500029125
2	4	-1.735889750001661
2	4	-1.7177335000014864
2	4	-1.663014750000002
2	4	-1.660233500002505
2	4	-1.647389750000002
2	4	-1.6458272500021849
2	4	-1.636796000002505
2	4	-1.2933897500006424
2	4	-1.1850772500001767
2	4	-1.0982647500022722
2	4	-1.0791085000018938
2	4	-0.8080147500004387
2	4	-0.7513897500029998
2	4	-0.6167960000020685
2	4	-0.604921000001923
2	4	-0.5460460000031162
2	4	-0.5075147500028834
2	4	-0.5049522500012245
2	4	-0.4833897500029707
2	4	-0.47276475000035134
2	4	-0.27067100000203936
2	4	-0.19332725000276696
2	4	-0.10167200000068988
2	4	-0.07342200000130106
2	4	-0.06164074999833247
2	4	0.049827999999251915
2	4	0.05289049999919371
2	4	0.15814049999971758
2	4	0.18985925000015413
2	4	0.20629674999872805
2	4	0.22735924999869894
2	4	0.2324217499990482
2	4	0.3410780000012892
2	4	0.41164049999861163
2	4	0.4762655000013183
2	4	0.6722967499990773
2	4	0.6806404999988445
2	4	0.7947342500010564
2	4	0.8258592499987572
2	4	0.8783592500003579
2	4	0.9417342500019004
2	4	1.0833280000006198
2	4	1.0964530000019295
2	4	1.105952999998408
2	4	1.4018280000018422
2	4	1.5898592500016093
2	4	1.6445467500016093
2	4	1.6470467500002997
2	4	1.743921749999572
2	4	1.7884842499988736
2	4	1.8932029999996303
2	5	-5.993200999997498
2	5	-5.727044749997731
2	5	-5.698513499995897
2	5	-5.682107249998808
2	5	-5.675669749998633
2	5	-5.598294749997876
2	5	-5.432263499998953
2	5	-5.429075999996712
2	5	-5.2792322499990405
2	5	-5.15398224999808
2	5	-5.107794749997993
2	5	-5.06535724999776
2	5	-5.05773224999939
2	5	-4.960294749998866
2	5	-4.940638499996567
2	5	-4.937388499998633
2	5	-4.762013499996101
2	5	-4.667607249997673
2	5	-4.538232249997236
2	5	-4.465919749996829
2	5	-4.449419749998924
2	5	-4.287075999996887
2	5	-4.273919749997731
2	5	-4.23920200000066
2	5	-4.219358250000369
2	5	-4.193920749999961
2	5	-4.180639499998506
2	5	-4.151795750000019
2	5	-3.9387019999994664
2	5	-3.9107332499988843
2	5	-3.868264500000805
2	5	-3.800608249999641
2	5	-3.5329832499992335
2	5	-3.395920750001096
2	5	-3.285702000001038
2	5	-3.2003582500001357
2	5	-3.0127332500014745
2	5	-2.8869207499992626
2	5	-2.8210145000011835
2	5	-2.8160769999994955
2	5	-2.8132020000011835
2	5	-2.713951999998244
2	5	-2.6816082500008633
2	5	-2.5939207500014163
2	5	-2.567670749998797
2	5	-2.459545749999961
2	5	-2.401670750001358
2	5	-2.3599519999988843
2	5	-2.2570769999983895
2	5	-2.0203582499998447
2	5	-1.9773582499983604
2	5	-1.7504217499990773
2	5	-1.7342654999993101
2	5	-1.7287342499985243
2	5	-1.6767029999973602
2	5	-1.6607654999970691
2	5	-1.369952999997622
2	5	-1.0800779999990482
2	5	-0.954546749999281
2	5	-0.8482342499992228
2	5	-0.7209217499985243
2	5	-0.7105154999990191
2	5	-0.6238904999991064
2	5	-0.5639842499986116
2	5	-0.5605467499990482
2	5	-0.538421749999543
2	5	-0.3622967499977676
2	5	-0.3545779999985825
2	5	-0.349484249996749
2	5	-0.33901549999791314
2	5	-0.2936092499985534
2	5	-0.1536092499991355
2	5	-0.03948424999907729
2	5	0.01817200000368757
2	5	0.0941407500031346
2	5	0.11992200000167941
2	5	0.17814075000205776
2	5	0.18907825000133016
2	5	0.3214220000008936
2	5	0.4060157500025525
2	5	0.584515750000719
2	5	0.6034532500016212
2	5	0.6223907500025234
2	5	0.7261397500005842
2	5	0.7292334999983723
2	5	0.7481709999992745
2	5	0.9204209999988961
2	5	1.0627647500004969
2	5	1.2103272499989544
2	5	1.2174210000011954
2	5	1.231264750000264
2	5	1.2367647499995655
2	5	1.2818584999986342
2	5	1.4039210000009916
2	5	1.639577250000002
2	5	1.6781709999995655
2	5	1.7652334999984305
2	5	1.8524209999995946
2	5	1.9068897500001185
2	6	-5.902262249997875
2	6	-5.8966372499999125
2	6	-5.828980999998748
2	6	-5.7822310000010475
2	6	-5.477293500000087
2	6	-5.418605999999272
2	6	-5.413762249998399
2	6	-5.330481000000873
2	6	-5.230449750000844
2	6	-5.179074749998108
2	6	-5.140981000000465
2	6	-5.121855999997933
2	6	-5.085855999997875
2	6	-4.948075750002317
2	6	-4.939200750002783
2	6	-4.933638250000513
2	6	-4.851200750003045
2	6	-4.782200749999902
2	6	-4.509638250001444
2	6	-4.381794500000979
2	6	-4.364231999999902
2	6	-4.30257574999996
2	6	-4.176669500000571
2	6	-4.025325750000775
2	6	-3.791388250003365
2	6	-3.772544500003278
2	6	-3.560607000003074
2	6	-3.429825750001328
2	6	-3.423794500002259
2	6	-3.418013250000513
2	6	-3.4120132500029285
2	6	-3.4055445000012696
2	6	-3.4017007500006002
2	6	-3.3970132499998726
2	6	-3.392232000001968
2	6	-3.0962945000028412
2	6	-3.0271382500031905
2	6	-2.9453257500026666
2	6	-2.8902007500000764
2	6	-2.771544500003074
2	6	-2.688169500001095
2	6	-2.6228257500006293
2	6	-2.5157954999995127
2	6	-2.4955142500002694
2	6	-2.479857999998785
2	6	-2.4729205000003276
2	6	-2.3908579999988433
2	6	-2.330795499998203
2	6	-2.3019517499997164
2	6	-2.2853267499995127
2	6	-2.170858000001317
2	6	-2.1510454999988724
2	6	-2.1110455000016373
2	6	-2.08029549999992
2	6	-1.9205142499995418
2	6	-1.7472955000012007
2	6	-1.72501425000155
2	6	-1.5284204999989015
2	6	-1.3778267499983485
2	6	-1.28751425000155
2	6	-1.2143580000010843
2	6	-1.1666704999988724
2	6	-1.1356080000005022
2	6	-0.9704830000009679
2	6	-0.9616080000014335
2	6	-0.9549205000002985
2	6	-0.9460142499992799
2	6	-0.6947642499981157
2	6	-0.6687642500000948
2	6	-0.6630767499991634
2	6	-0.5807642500003567
2	6	-0.5688267500008806
2	6	-0.5419204999998328
2	6	-0.5356392499998037
2	6	-0.20310800000152085
2	6	-0.1323267500010843
2	6	-0.11607675000050222
2	6	-0.1136392500011425
2	6	-0.1097330000011425
2	6	0.01920349999636528
2	6	0.032015999997383915
2	6	0.18404724999709288
2	6	0.20867224999892642
2	6	0.23704724999697646
2	6	0.3906722499996249
2	6	0.5219847499975003
2	6	0.8597034999984317
2	6	0.8679847499988682
2	6	0.8824847499963653
2	6	0.9019534999970347
2	6	0.9948284999991301
2	6	1.2714222499998868
2	6	1.3065472499984025
2	6	1.3306097499989846
2	6	1.4177034999993339
2	6	1.5797659999989264
2	6	1.6480159999991884
2	6	1.6566409999977623
2	6	1.8940159999983734
2	6	1.8975472499987518
2	7	-5.979106749993662
2	7	-5.775856749995
2	7	-5.761012999995728
2	7	-5.686856749995059
2	7	-5.605981749995408
2	7	-5.471981749993574
2	7	-5.245794249996834
2	7	-5.2320754999964265
2	7	-5.197262999994564
2	7	-5.164512999996077
2	7	-5.130075499993836
2	7	-5.117231749994971
2	7	-5.096637999995437
2	7	-5.086450499995408
2	7	-4.986982749996969
2	7	-4.9790452499983076
2	7	-4.94048274999659
2	7	-4.7635764999977255
2	7	-4.439857749996008
2	7	-4.345513999996911
2	7	-4.13182649999726
2	7	-4.1229514999977255
2	7	-4.0610764999983076
2	7	-3.9325764999957755
2	7	-3.8898889999982202
2	7	-3.7021077499957755
2	7	-3.4206389999962994
2	7	-3.3208577499972307
2	7	-3.294982749997871
2	7	-3.1486702499969397
2	7	-3.1457952499986277
2	7	-2.786576499998773
2	7	-2.7799202499991225
2	7	-2.70482649999758
2	7	-2.5481389999986277
2	7	-2.3165774999943096
2	7	-2.2893274999951245
2	7	-2.261952499997278
2	7	-2.206296249994921
2	7	-2.116452499994921
2	7	-2.0871399999959976
2	7	-1.9994212499950663
2	7	-1.9079524999942805
2	7	-1.7920774999947753
2	7	-1.6023274999970454
2	7	-1.5926399999952991
2	7	-1.5366712499962887
2	7	-1.469889999996667
2	7	-1.4627649999965797
2	7	-1.3706399999973655
2	7	-1.3085462499948335
2	7	-1.2995774999944842
2	7	-1.2245462499959103
2	7	-1.15007749999495
2	7	-1.12932749999527
2	7	-1.1195462499963469
2	7	-1.115764999995008
2	7	-0.8947962499951245
2	7	-0.7552024999968125
2	7	-0.6516712499942514
2	7	-0.587796249994426
2	7	-0.5588587499951245
2	7	-0.5503899999966961
2	7	-0.4040774999957648
2	7	-0.38154624999515363
2	7	-0.2329212499971618
2	7	-0.07857749999675434
2	7	-0.06476499999553198
2	7	0.06326525000258698
2	7	0.3049840000021504
2	7	0.35198400000081165
2	7	0.45664025000223774
2	7	0.6182027500035474
2	7	0.7282027500004915
2	7	0.7819840000011027
2	7	0.8514215000031982
2	7	0.867952750002587
2	7	0.9125152500018885
2	7	1.04979650000314
2	7	1.1726090000011027
2	7	1.1850465000024997
2	7	1.220327750001161
2	7	1.439921500001219
2	7	1.5151090000035765
2	7	1.7987340000036056
2	7	1.8045777500010445
2	7	1.81254650000119
2	7	1.8325465000016266
2	7	1.9988902500008408
2	8	-5.8819189999994705
2	8	-5.859044000000722
2	8	-5.614981500002614
2	8	-5.607356500000606
2	8	-5.553200250000373
2	8	-5.5353877500019735
2	8	-5.489075249999587
2	8	-5.3950752500022645
2	8	-5.3875752500025555
2	8	-5.337762750001275
2	8	-5.25338775000273
2	8	-5.242137749999529
2	8	-5.146419000000606
2	8	-5.094044000001304
2	8	-5.041981500002294
2	8	-4.965669000001071
2	8	-4.831012750000809
2	8	-4.819731499999762
2	8	-4.6944189999994705
2	8	-4.566387750001013
2	8	-4.3663877500002855
2	8	-4.310419000001275
2	8	-4.291012749999936
2	8	-4.269575250000344
2	8	-4.2527002500028175
2	8	-4.1469190000025264
2	8	-4.116794000001391
2	8	-4.103075250000984
2	8	-4.087794000002759
2	8	-3.9884190000011586
2	8	-3.90629500000432
2	8	-3.734607500002312
2	8	-3.6496700000025157
2	8	-3.5296075000042038
2	8	-3.5264825000049314
2	8	-3.3504200000024866
2	8	-3.3211387500050478
2	8	-3.2565450000038254
2	8	-3.2355762500046694
2	8	-3.2026075000030687
2	8	-3.2008262500021374
2	8	-3.113513750002312
2	8	-3.0935137500018755
2	8	-3.086795000002894
2	8	-3.0688575000021956
2	8	-2.8485762500022247
2	8	-2.559045000001788
2	8	-2.478045000003476
2	8	-2.4060450000033597
2	8	-2.280232500004786
2	8	-2.067357500003709
2	8	-2.0595137500022247
2	8	-1.9905450000042038
2	8	-1.842638750003971
2	8	-1.826920000003156
2	8	-1.8212325000022247
2	8	-1.8122637500018755
2	8	-1.781795000002603
2	8	-1.5131075000026613
2	8	-1.4757335000031162
2	8	-1.1857647500000894
2	8	-1.179046000001108
2	8	-0.9845147500018356
2	8	-0.9736085000004095
2	8	-0.9714210000020103
2	8	-0.8538272500009043
2	8	-0.6818897500015737
2	8	-0.6659209999997984
2	8	-0.5708897500007879
2	8	-0.47045225000329083
2	8	-0.32379600000058417
2	8	-0.3069522500009043
2	8	-0.3013272500029416
2	8	-0.2570147500009625
2	8	-0.1348272499999439
2	8	0.06904774999929941
2	8	0.15973524999935762
2	8	0.17301649999717483
2	8	0.2752352499992412
2	8	0.3462664999970002
2	8	0.41689149999729125
2	8	0.5084227499974077
2	8	0.522954000000027
2	8	0.6187039999967965
2	8	0.6333290000002307
2	8	0.6517352499977278
2	8	0.6609852499968838
2	8	0.7388602499995613
2	8	0.7862664999993285
2	8	0.8179539999982808
2	8	0.8263289999995322
2	8	0.8452977499982808
2	8	0.896922749998339
2	8	1.441077999996196
2	8	1.4933279999968363
2	8	1.597234249995381
2	8	1.6181404999952065
2	8	1.6448592499946244
2	8	1.859359249996487
2	8	1.901077999995323
2	8	1.9599529999977676
2	8	1.9714529999946535
2	9	-5.896137750001799
2	9	-5.768387750002148
2	9	-5.66232525000305
2	9	-5.64766900000177
2	9	-5.630762750002759
2	9	-5.58638775000145
2	9	-5.398575250001159
2	9	-5.3648565000003146
2	9	-5.308637750000344
2	9	-5.298012750001362
2	9	-5.249450250001246
2	9	-5.230200250000053
2	9	-5.21798150000177
2	9	-4.975950250001915
2	9	-4.955950250001479
2	9	-4.835262750002585
2	9	-4.827825250002206
2	9	-4.816794000002119
2	9	-4.647044000001188
2	9	-4.500481500002934
2	9	-4.370950250002352
2	9	-4.346107500001381
2	9	-4.152607500000158
2	9	-4.101763750000828
2	9	-4.065263749998849
2	9	-3.947076249998645
2	9	-3.9452637499998673
2	9	-3.866388750000624
2	9	-3.8273574999984703
2	9	-3.7152324999988195
2	9	-3.6981699999996636
2	9	-3.415638750000653
2	9	-3.3856699999996636
2	9	-3.187638750001497
2	9	-3.1798887500008277
2	9	-3.080732499998703
2	9	-3.0607324999982666
2	9	-3.0546700000013516
2	9	-3.0505762499997218
2	9	-2.746513750000304
2	9	-2.696670000001177
2	9	-2.6490137500004494
2	9	-2.520888750001177
2	9	-2.4992324999984703
2	9	-2.3704512500007695
2	9	-2.3498887499990815
2	9	-2.324357500001497
2	9	-2.165732500001468
2	9	-1.8973887499996636
2	9	-1.840327250003611
2	9	-1.8205147500011662
2	9	-1.716264750000846
2	9	-1.641421000000264
2	9	-1.3823272500012536
2	9	-1.371171000002505
2	9	-1.3646085000000312
2	9	-1.3591085000007297
2	9	-1.3551710000028834
2	9	-1.226421000003029
2	9	-1.2083585000000312
2	9	-1.1579835000011371
2	9	-1.120764750001399
2	9	-1.0863585000006424
2	9	-1.0284835000020394
2	9	-1.013139750000846
2	9	-0.9205460000011954
2	9	-0.8480460000027961
2	9	-0.7358272500023304
2	9	-0.7216710000029707
2	9	-0.7072647500026505
2	9	-0.7007022500001767
2	9	-0.4684835000007297
2	9	-0.45960850000119535
2	9	-0.4437335000002349
2	9	-0.42538975000206847
2	9	-0.363046000002214
2	9	-0.30548350000026403
2	9	-0.25504600000203936
2	9	-0.2489835000014864
2	9	-0.24142100000244682
2	9	-0.23395225000058417
2	9	-0.21204600000055507
2	9	-0.04048350000084611
2	9	0.024047749997407664
2	9	0.09548524999991059
2	9	0.1711727499969129
2	9	0.17467274999944493
2	9	0.1784227499992994
2	9	0.18554774999938672
2	9	0.3828602499997942
2	9	0.5822352499999397
2	9	0.6055789999991248
2	9	0.727265500001522
2	9	0.9132342500015511
2	9	1.0116092499993101
2	9	1.0304217500015511
2	9	1.0395155000005616
2	9	1.0929842500008817
2	9	1.108952999999019
2	9	1.1949529999983497
2	9	1.294702999999572
2	9	1.3305155000016384
2	9	1.442109250001522
2	9	1.4530779999986407
2	9	1.5666717499989318
2	9	1.636703000000125
2	9	1.6502030000010564
2	9	1.7763279999999213
2	9	1.7882030000000668
2	9	1.8952030000000377
2	9	1.9036405000006198
2	9	1.9246717499991064
2	9	1.930296750000707
2	9	1.9686404999993101
2	10	-5.897075500000938
2	10	-5.888513000001694
2	10	-5.869481749999977
2	10	-5.775294250001025
2	10	-5.734700500001054
2	10	-5.641450499999337
2	10	-5.622762999999395
2	10	-5.463231749999977
2	10	-5.360200499999337
2	10	-5.147856750001665
2	10	-5.115763000001607
2	10	-5.1131380000006175
2	10	-5.107263000001694
2	10	-4.926169250000385
2	10	-4.726794250000239
2	10	-4.7132630000014615
2	10	-4.670731750000414
2	10	-4.3456692500003555
2	10	-4.154982750002091
2	10	-4.12263900000471
2	10	-3.9815140000027895
2	10	-3.6947015000041574
2	10	-3.5659202500028186
2	10	-3.5612015000042447
2	10	-3.2971077500042156
2	10	-3.001201500002935
2	10	-2.9969202500033134
2	10	-2.768045250002615
2	10	-2.745639000004303
2	10	-2.7441390000021784
2	10	-2.516826500002935
2	10	-2.428232750004099
2	10	-2.30598275000375
2	10	-2.1677640000016254
2	10	-2.1462952500041865
2	10	-2.1374515000024985
2	10	-2.032045250001829
2	10	-2.02742025000407
2	10	-1.8543890000037209
2	10	-1.7480765000036627
2	10	-1.738139000004594
2	10	-1.7326077500038082
2	10	-1.6776712499995483
2	10	-1.6726400000006834
2	10	-1.4778275000026042
2	10	-1.445827499999723
2	10	-1.3432649999995192
2	10	-1.2680775000007998
2	10	-1.2467649999998685
2	10	-1.178577500002575
2	10	-1.1568275000026915
2	10	-1.095921250001993
2	10	-0.9726399999999558
2	10	-0.9162025000005087
2	10	-0.8596087500009162
2	10	-0.7477025000007416
2	10	-0.693577500001993
2	10	-0.5554837500021677
2	10	-0.4620462500024587
2	10	-0.397827500000858
2	10	-0.34589000000050873
2	10	-0.2244837500002177
2	10	-0.21248375000141095
2	10	-0.05507750000106171
2	10	0.03839125000013155
2	10	0.04832874999920023
2	10	0.05861000000004424
2	10	0.0645787499997823
2	10	0.07026624999707565
2	10	0.1904224999998405
2	10	0.20142249999844353
2	10	0.20879749999949127
2	10	0.22685999999885098
2	10	0.41329749999931664
2	10	0.5287037499983853
2	10	0.5907662499994331
2	10	0.6742974999979197
2	10	0.692734999996901
2	10	0.9558277499963879
2	10	1.0549214999955439
2	10	1.0751089999976102
2	10	1.083921499997814
2	10	1.3272027499951946
2	10	1.3723589999972319
2	10	1.3790777499962132
2	10	1.385015249998105
2	10	1.672733999996126
2	10	1.7483277499959513
2	10	1.7556402499976684
2	10	1.7594527499968535
2	10	1.8553277499959222
2	10	1.9504527499957476
2	10	1.9812027499974647
2	11	-5.8905124999982945
2	11	-5.851293749998149
2	11	-5.844793749998644
2	11	-5.835418749997189
2	11	-5.663481249997858
2	11	-5.637856249999459
2	11	-5.6299187499971595
2	11	-5.5979499999994005
2	11	-5.558418749998964
2	11	-5.441387499999109
2	11	-5.426981249998789
2	11	-5.105387499999779
2	11	-4.996793749996868
2	11	-4.868356249997305
2	11	-4.726918749998731
2	11	-4.720949999998993
2	11	-4.67729374999908
2	11	-4.4145134999998845
2	11	-4.3303885000023
2	11	-4.2273260000001756
2	11	-4.160638500001369
2	11	-3.9952947499987204
2	11	-3.9309822499999427
2	11	-3.921638499999972
2	11	-3.8071697500017763
2	11	-3.646575999999186
2	11	-3.607107250001718
2	11	-3.55920100000003
2	11	-3.475201000001107
2	11	-3.4665447500010487
2	11	-3.437700999998924
2	11	-3.3287947499993606
2	11	-3.2409822500012524
2	11	-3.232107250001718
2	11	-3.143794750001689
2	11	-3.045732250000583
2	11	-2.7918884999999136
2	11	-2.7109510000009323
2	11	-2.5474197500006994
2	11	-2.497951000001194
2	11	-2.407169750000321
2	11	-2.38463849999971
2	11	-2.3343260000001465
2	11	-2.3260135000018636
2	11	-2.1709822500015434
2	11	-2.0729832500001066
2	11	-2.0345457499970507
2	11	-2.032295749999321
2	11	-2.015045749998535
2	11	-1.9393270000000484
2	11	-1.9072332499999902
2	11	-1.9006707499975164
2	11	-1.7089519999972254
2	11	-1.6834832499989716
2	11	-1.669233249998797
2	11	-1.3432957499971963
2	11	-1.3026082500000484
2	11	-1.2940457499971671
2	11	-1.2872644999988552
2	11	-1.2760769999986223
2	11	-1.2447019999999611
2	11	-0.9993582499992044
2	11	-0.9902019999972254
2	11	-0.8815770000001066
2	11	-0.8110769999984768
2	11	-0.808733249999932
2	11	-0.7592332499989425
2	11	-0.7232645000003686
2	11	-0.6761394999994081
2	11	-0.6425769999987097
2	11	-0.6408582499971089
2	11	-0.5567019999980403
2	11	-0.5100769999990007
2	11	-0.4055769999977201
2	11	-0.34801449999940814
2	11	-0.24973324999882607
2	11	-0.24157699999705073
2	11	-0.20492074999856413
2	11	-0.19882700000016484
2	11	-0.1912644999974873
2	11	-0.07463949999873876
2	11	0.001423000001523178
2	11	0.17295424999974784
2	11	0.2790167500024836
2	11	0.47029700000348384
2	11	0.6462345000036294
2	11	0.6751407500014466
2	11	0.6843907500042405
2	11	0.6954845000036585
2	11	0.728953250003542
2	11	0.7415470000014466
2	11	0.7535470000038913
2	11	0.7620782500016503
2	11	0.8711720000028436
2	11	1.050297000001592
2	11	1.1216095000017958
2	11	1.191422000003513
2	11	1.3318907500033674
2	11	1.3672970000043279
2	11	1.5072970000037458
2	11	1.7222970000038913
2	11	1.830922000004648
2	11	1.9269532500038622
2	11	1.9528595000010682
2	12	-5.996981999996933
2	12	-5.9007944999939355
2	12	-5.84491949999574
2	12	-5.830919499996526
2	12	-5.788044499997341
2	12	-5.720638249997137
2	12	-5.702513249994809
2	12	-5.540013249996264
2	12	-5.509700749997137
2	12	-5.489419499994256
2	12	-5.447544499995274
2	12	-5.339700749995245
2	12	-5.27991949999705
2	12	-5.038200749993848
2	12	-5.0314507499970205
2	12	-4.825231999995594
2	12	-4.816731999995682
2	12	-4.811513249995187
2	12	-4.801325749995158
2	12	-4.796481999994285
2	12	-4.624356999996962
2	12	-4.397606999995332
2	12	-4.245731999995769
2	12	-4.061200749994896
2	12	-3.948295499998494
2	12	-3.9374517499963986
2	12	-3.8460767499964277
2	12	-3.7386392499975045
2	12	-3.612232999996195
2	12	-3.533732999996573
2	12	-3.4176079999961075
2	12	-3.41335799999797
2	12	-3.4075142499968933
2	12	-3.401826749995962
2	12	-3.3882954999971844
2	12	-3.3812954999993963
2	12	-3.371826749997126
2	12	-3.2821079999957874
2	12	-3.1053892499985523
2	12	-3.0179517499964277
2	12	-3.0013579999977082
2	12	-2.615232999996806
2	12	-2.60329549999733
2	12	-2.5980142499975045
2	12	-2.592607999999018
2	12	-2.5882329999985814
2	12	-2.583576749999338
2	12	-2.580076749996806
2	12	-2.547295499996835
2	12	-2.463482999995904
2	12	-2.345076749996224
2	12	-2.2843579999971553
2	12	-2.187920499996835
2	12	-1.9872954999991634
2	12	-1.9711392499993963
2	12	-1.9242954999972426
2	12	-1.8135454999974172
2	12	-1.6980142499960493
2	12	-1.377921499995864
2	12	-1.3603902499962715
2	12	-1.3452027499952237
2	12	-1.0962964999962423
2	12	-1.0622652499951073
2	12	-0.9082652499964752
2	12	-0.7270777499943506
2	12	-0.6801089999971737
2	12	-0.4835152499945252
2	12	-0.47917149999557296
2	12	-0.47310899999502
2	12	-0.08660899999449612
2	12	-0.07657774999461253
2	12	0.03976600000532926
2	12	0.050484750005125534
2	12	0.06707850000384497
2	12	0.07170350000524195
2	12	0.22007850000591134
2	12	0.48192225000457256
2	12	0.529047250005533
2	12	0.6292035000042233
2	12	0.645922250005242
2	12	0.6588910000027681
2	12	0.7031722500032629
2	12	0.814922250003292
2	12	0.8587035000055039
2	12	0.9183597500050382
2	12	1.0658587500038266
2	12	1.097452500001964
2	12	1.1017650000030699
2	12	1.150608750001993
2	12	1.24610875000144
2	12	1.254327500002546
2	12	1.3547337500021968
2	12	1.3998275000012654
2	12	1.4519525000032445
2	12	1.4719212500021968
2	12	1.5314837500009162
2	12	1.5847650000032445
2	12	1.6172650000007707
2	12	1.6429837500036228
2	12	1.738796250003361
2	12	1.8039212500007125
2	12	1.9176400000033027
2	12	1.9539212500021677
2	12	1.9667650000010326
2	13	-5.910262749999674
2	13	-5.788731500000722
2	13	-5.708481499998015
2	13	-5.691106499998568
2	13	-5.60432524999851
2	13	-5.394543999998859
2	13	-5.388950249998743
2	13	-5.161356500000693
2	13	-5.089700249998714
2	13	-5.030231500000809
2	13	-4.908075249997637
2	13	-4.901043999998365
2	13	-4.889981500000431
2	13	-4.882137749998947
2	13	-4.877137749997928
2	13	-4.852200249999441
2	13	-4.689981499999703
2	13	-4.537637749999703
2	13	-4.447793999999703
2	13	-4.3141689999974915
2	13	-4.277293999999529
2	13	-4.226700249997521
2	13	-4.107107499999984
2	13	-4.099294999999984
2	13	-4.092951250000624
2	13	-4.087638749999314
2	13	-4.050232500001584
2	13	-3.916232499999751
2	13	-3.7656075000013516
2	13	-3.6477950000007695
2	13	-3.514732499999809
2	13	-3.413169999999809
2	13	-3.405951250002545
2	13	-3.1512949999996636
2	13	-3.1382637500028068
2	13	-3.037763750002341
2	13	-2.9685449999997218
2	13	-2.951482500000566
2	13	-2.943670000000566
2	13	-2.809763749999547
2	13	-2.7936387500012643
2	13	-2.56723250000141
2	13	-2.498576250000042
2	13	-2.416232499999751
2	13	-2.4083575000004203
2	13	-2.4014200000019628
2	13	-2.385076250000566
2	13	-2.380701250000129
2	13	-2.287326249999751
2	13	-2.2797012500013807
2	13	-2.2741075000012643
2	13	-2.268201250000857
2	13	-1.851388750001206
2	13	-1.8414512500021374
2	13	-1.7707012499995471
2	13	-1.6034209999997984
2	13	-1.3353585000004387
2	13	-1.2892959999990126
2	13	-1.2001397499989253
2	13	-1.1051709999992454
2	13	-0.946827249998023
2	13	-0.9402647499991872
2	13	-0.8696085000010498
2	13	-0.8513897499979066
2	13	-0.8476709999995364
2	13	-0.795608500000526
2	13	-0.7153584999978193
2	13	-0.6862959999998566
2	13	-0.4702335000001767
2	13	-0.40945224999813945
2	13	-0.31648349999886705
2	13	-0.30567099999825587
2	13	-0.28763975000038045
2	13	-0.061546000000817
2	13	-0.05301474999942002
2	13	0.02332899999964866
2	13	0.032203999999183
2	13	0.0416414999999688
2	13	0.19582900000023074
2	13	0.2634852500013949
2	13	0.27320400000098743
2	13	0.40936024999973597
2	13	0.47411025000110385
2	13	0.5629540000009001
2	13	0.6141102500005218
2	13	0.7403914999995322
2	13	0.7984842499972729
2	13	0.8050154999982624
2	13	0.9580779999996594
2	13	0.9734842500001832
2	13	1.3673904999996012
2	13	1.4392029999980878
2	13	1.545515499998146
2	13	1.554671750000125
2	13	1.5658904999982042
2	13	1.5718592499979422
2	13	1.5779842499978258
2	13	1.7658279999996012
2	13	1.856984250000096
2	13	1.8789529999994556
2	13	1.9657029999980296
2	13	1.9741404999986116
2	14	-5.892700750002405
2	14	-5.873638250002841
2	14	-5.867888250002579
2	14	-5.854513250000309
2	14	-5.748982000000979
2	14	-5.520700750003016
2	14	-5.511200750002899
2	14	-5.490107000001444
2	14	-5.382263250001415
2	14	-5.377200750001066
2	14	-5.3677007500009495
2	14	-5.260732000002463
2	14	-5.258263250001619
2	14	-5.133200750002288
2	14	-5.07376325000223
2	14	-5.061107000001357
2	14	-5.044732000002114
2	14	-4.861982000002172
2	14	-4.8289507500012405
2	14	-4.8257632500026375
2	14	-4.821388250002201
2	14	-4.6854507500029285
2	14	-4.659388250001939
2	14	-4.619982000003802
2	14	-4.600982000003569
2	14	-4.404483000002074
2	14	-4.366170500001317
2	14	-4.2603267500016955
2	14	-4.170045499999105
2	14	-4.027451750000182
2	14	-3.994045499999629
2	14	-3.744451750000735
2	14	-3.700982999998814
2	14	-3.6522017499992216
2	14	-3.6361705000017537
2	14	-3.6101705000000948
2	14	-3.57657675000155
2	14	-3.492389250000997
2	14	-3.4171705000007933
2	14	-3.2445767499993963
2	14	-3.242295500000182
2	14	-2.9834829999999783
2	14	-2.9816392499997164
2	14	-2.9749830000000657
2	14	-2.705389250000735
2	14	-2.6425454999989597
2	14	-2.6165142499994545
2	14	-2.4355142499989597
2	14	-2.4273892499986687
2	14	-2.4071392500009097
2	14	-2.3187330000000657
2	14	-2.295420499998727
2	14	-2.1438579999994545
2	14	-1.9822027500013064
2	14	-1.8417965000007825
2	14	-1.693202750000637
2	14	-1.6665465000041877
2	14	-1.661734000001161
2	14	-1.657421500003693
2	14	-1.5073590000029071
2	14	-1.4189527500020631
2	14	-1.3579215000027034
2	14	-1.2516402500041295
2	14	-1.2227340000026743
2	14	-1.2068277500038675
2	14	-1.1285777500015683
2	14	-0.9993590000012773
2	14	-0.9829527500041877
2	14	-0.9434215000037511
2	14	-0.8919840000016848
2	14	-0.8785777500015683
2	14	-0.8721090000035474
2	14	-0.867546500001481
2	14	-0.8023902500026452
2	14	-0.7962652500027616
2	14	-0.6424840000036056
2	14	-0.6342652500024997
2	14	-0.5423902500006079
2	14	-0.3781715000041004
2	14	-0.3303902500010736
2	14	-0.31082775000322727
2	14	-0.30667150000226684
2	14	-0.2680152500033728
2	14	-0.24735900000086986
2	14	-0.11610900000232505
2	14	-0.06035900000279071
2	14	0.029828499998984626
2	14	0.09757849999732571
2	14	0.1749534999980824
2	14	0.22848474999773316
2	14	0.5775775000001886
2	14	0.5971399999980349
2	14	0.681858749998355
2	14	0.8731399999996938
2	14	0.8923274999979185
2	14	0.9071399999993446
2	14	1.1627024999979767
2	14	1.2857650000005378
2	14	1.3157649999993737
2	14	1.325358750000305
2	14	1.3897962499977439
2	14	1.442952499997773
2	14	1.4913899999992282
2	14	1.6186712499984424
2	14	1.6649212499978603
2	14	1.6852025000007416
2	14	1.7336399999985588
2	14	1.7730462500003341
2	14	1.7930462500007707
2	14	1.8567650000004505
2	14	1.9003587500010326
2	14	1.905015000000276
2	14	1.9108587499977148
2	14	1.9478587499979767
2	15	-5.964888000002247
2	15	-5.8792629999989
2	15	-5.736638000002131
2	15	-5.7228255000009085
2	15	-5.611794250002276
2	15	-5.468575499999133
2	15	-5.437231750001956
2	15	-5.430013000001054
2	15	-5.425513000001956
2	15	-5.4064192500009085
2	15	-5.3933567499989294
2	15	-5.263295249998919
2	15	-5.207201499997609
2	15	-5.067357749998337
2	15	-5.034670249999181
2	15	-5.019451500000287
2	15	-4.953013999998802
2	15	-4.895420249999006
2	15	-4.8672952499982785
2	15	-4.7493890000005194
2	15	-4.579607749998104
2	15	-4.557139000000461
2	15	-4.454232749998482
2	15	-4.378513999999996
2	15	-4.27929524999854
2	15	-4.232389000000694
2	15	-3.9132639999988896
2	15	-3.870326500000374
2	15	-3.840201499999239
2	15	-3.792920249998133
2	15	-3.72332649999953
2	15	-3.7039514999996754
2	15	-3.6984827499982202
2	15	-3.667701499998657
2	15	-3.5456389999999374
2	15	-3.477639000000636
2	15	-3.4251702500005194
2	15	-3.346482749999268
2	15	-3.3428577499980747
2	15	-3.3078577499982202
2	15	-3.2101389999988896
2	15	-3.0624827499996172
2	15	-3.0347327499985113
2	15	-3.0212952500005485
2	15	-2.884013999999297
2	15	-2.7386399999995774
2	15	-2.620390000000043
2	15	-2.388764999999694
2	15	-2.3583275000019057
2	15	-2.3451712500027497
2	15	-2.3278587500026333
2	15	-2.28126500000144
2	15	-2.1318275000012363
2	15	-2.0809837500019057
2	15	-2.0117649999992864
2	15	-1.9815775000024587
2	15	-1.855171250001149
2	15	-1.8073900000017602
2	15	-1.7970150000001013
2	15	-1.773858750002546
2	15	-1.7691712500018184
2	15	-1.702202500000567
2	15	-1.669921250002517
2	15	-1.5895149999996647
2	15	-1.56476499999917
2	15	-1.5349837499998102
2	15	-1.3543275000010908
2	15	-1.242921249999199
2	15	-1.2030150000027788
2	15	-1.116483750000043
2	15	-0.9813587499993446
2	15	-0.8885150000023714
2	15	-0.8402024999995774
2	15	-0.7996087499996065
2	15	-0.7105150000024878
2	15	-0.6944524999998976
2	15	-0.6332650000003923
2	15	-0.5609524999999849
2	15	-0.520358750000014
2	15	-0.4926712500018766
2	15	-0.440796250000858
2	15	-0.4392337499994028
2	15	-0.43048375000216765
2	15	-0.30595349999930477
2	15	-0.29729724999924656
2	15	-0.2741722499995376
2	15	-0.19973475000006147
2	15	-0.020015999998577172
2	15	-0.004859749999013729
2	15	0.05832775000089896
2	15	0.08245275000081165
2	15	0.09282775000247057
2	15	0.10423400000217953
2	15	0.4384527500005788
2	15	0.5646090000009281
2	15	0.5679527499996766
2	15	0.6100777499996184
2	15	0.7395465000008699
2	15	0.7543902500001423
2	15	0.8888590000024124
2	15	0.9607340000002296
2	15	1.1138277499994729
2	15	1.2562652500018885
2	15	1.2837340000005497
2	15	1.3625777500019467
2	15	1.4477965000005497
2	15	1.567796499999531
2	15	1.6631715000003169
2	15	1.6726715000004333
2	15	1.8269527500015101
2	15	1.8379215000022668
2	15	1.93979649999892
2	16	-5.929887750000489
2	16	-5.924356499999703
2	16	-5.903668999999354
2	16	-5.801262749999296
2	16	-5.79451274999883
2	16	-5.698200250000809
2	16	-5.619294000000082
2	16	-5.589231499998277
2	16	-5.572231499998452
2	16	-5.567200249999587
2	16	-5.536293999997724
2	16	-5.470762749999267
2	16	-5.439919000000373
2	16	-5.3944502499980445
2	16	-5.368387750000693
2	16	-5.263668999999936
2	16	-5.218419000000722
2	16	-5.14191899999787
2	16	-5.069012749998365
2	16	-5.0190440000005765
2	16	-5.009043999998539
2	16	-4.924481499998365
2	16	-4.851731499999005
2	16	-4.721012750000227
2	16	-4.677012749998539
2	16	-4.655387750000955
2	16	-4.638137750000169
2	16	-4.593794000000344
2	16	-4.586543999997957
2	16	-4.3939512500001
2	16	-4.349576250002428
2	16	-4.149857500000508
2	16	-4.127013749999605
2	16	-4.074138750002021
2	16	-3.85629500000141
2	16	-3.850170000001526
2	16	-3.7504824999996345
2	16	-3.689357500003098
2	16	-3.5919825000019046
2	16	-3.5743887500029814
2	16	-3.569701250002254
2	16	-3.463513750000857
2	16	-3.415826250002283
2	16	-3.4077637500013225
2	16	-3.2989200000010896
2	16	-3.2323887500024284
2	16	-3.1933262500024284
2	16	-3.1895137499996054
2	16	-3.078232500000013
2	16	-2.9930762500007404
2	16	-2.984295000002021
2	16	-2.87173249999978
2	16	-2.7174825000001874
2	16	-2.7065762500023993
2	16	-2.690701250001439
2	16	-2.6239200000018172
2	16	-2.5237325000016426
2	16	-2.3260450000016135
2	16	-2.314482500001759
2	16	-2.287857500003156
2	16	-2.034451250001439
2	16	-1.8873897499979648
2	16	-1.878045999997994
2	16	-1.8181084999996528
2	16	-1.8028897500007588
2	16	-1.799827250000817
2	16	-1.6774522499981686
2	16	-1.6464835000006133
2	16	-1.6234834999995655
2	16	-1.6114522499992745
2	16	-1.5039209999995364
2	16	-1.49729600000137
2	16	-1.4206709999998566
2	16	-1.364077250000264
2	16	-1.2687022499994782
2	16	-1.2634522500011371
2	16	-1.236920999999711
2	16	-1.1706397499983723
2	16	-1.1363584999999148
2	16	-1.1070147499995073
2	16	-0.9479834999983723
2	16	-0.9403272499985178
2	16	-0.9342959999994491
2	16	-0.7086397499988379
2	16	-0.6957335000006424
2	16	-0.6843272500009334
2	16	-0.6776710000012827
2	16	-0.6696397499981686
2	16	-0.6008584999981395
2	16	-0.4973272499992163
2	16	-0.25717100000110804
2	16	-0.24132724999799393
2	16	-0.2317960000000312
2	16	-0.22201475000110804
2	16	-0.21957724999811035
2	16	-0.2028585000007297
2	16	-0.13532724999822676
2	16	0.033422749998862855
2	16	0.18764150000060908
2	16	0.19045399999959045
2	16	0.27720400000180234
2	16	0.38511025000116206
2	16	0.45832900000095833
2	16	0.501266499999474
2	16	0.6229529999982333
2	16	0.7571404999980587
2	16	0.8404217499992228
2	16	0.9033592499981751
2	16	0.9199529999968945
2	16	1.0915467499980878
2	16	1.0990154999999504
2	16	1.1056092499966326
2	16	1.189952999997331
2	16	1.426484249997884
2	16	1.4610467499987863
2	16	1.5438904999973602
2	16	1.6017654999996012
2	16	1.6156092499986698
2	16	1.718421749999834
2	16	1.8243904999981169
2	16	1.8482029999977385
2	16	1.892359249999572
2	17	-5.993263249998563
2	17	-5.885544500000833
2	17	-5.847669499999029
2	17	-5.722107000001415
2	17	-5.625263249999989
2	17	-5.480888250000135
2	17	-5.463669500000833
2	17	-5.392919499998243
2	17	-5.17001325000092
2	17	-5.124044500000309
2	17	-5.05916950000028
2	17	-5.0516070000012405
2	17	-5.04226325000127
2	17	-5.02382574999865
2	17	-4.764826749997155
2	17	-4.718670499998552
2	17	-4.6127642499996
2	17	-4.491795499998261
2	17	-4.444451749997825
2	17	-4.428264249996573
2	17	-4.390326749999076
2	17	-4.3225142499977665
2	17	-4.185107999997854
2	17	-3.8736079999980575
2	17	-3.825545499999862
2	17	-3.745482999998785
2	17	-3.729045499996573
2	17	-3.675764249997883
2	17	-3.4718892499986396
2	17	-3.395139249998465
2	17	-3.3856079999968642
2	17	-3.374607999998261
2	17	-3.369045499999629
2	17	-3.3555142499972135
2	17	-3.0496704999968642
2	17	-3.0413579999985814
2	17	-3.0361079999966023
2	17	-3.0146392499991634
2	17	-2.879639249997126
2	17	-2.8203579999972135
2	17	-2.723076749996835
2	17	-2.605482999999367
2	17	-2.5935142499984067
2	17	-2.5652017499996873
2	17	-2.48367049999797
2	17	-2.316046500000084
2	17	-2.3104214999984833
2	17	-2.2791714999984833
2	17	-2.17460900000151
2	17	-1.7809215000015683
2	17	-1.6648590000004333
2	17	-1.6326402500017139
2	17	-1.536327750000055
2	17	-1.518546499999502
2	17	-1.5165777500005788
2	17	-1.425515250000899
2	17	-1.038702750000084
2	17	-0.8052652500009572
2	17	-0.7569215000003169
2	17	-0.7267964999991818
2	17	-0.6900777500013646
2	17	-0.6188277500004915
2	17	-0.3869215000013355
2	17	-0.31904650000069523
2	17	-0.3024215000004915
2	17	-0.16167150000183028
2	17	-0.03826525000113179
2	17	-0.024484000001393724
2	17	-0.018109000000549713
2	17	-0.012390250001772074
2	17	-0.007171500001277309
2	17	0.0246400000032736
2	17	0.12895250000292435
2	17	0.19001500000013039
2	17	0.2197337500001595
2	17	0.24123375000272063
2	17	0.33201499999995576
2	17	0.39529625000068336
2	17	0.45170250000228407
2	17	0.5484525000028952
2	17	0.5856087500033027
2	17	0.6369212500030699
2	17	0.668077500002255
2	17	1.1101712500021677
2	17	1.120796250001149
2	17	1.2773274999999558
2	17	1.304390000001149
2	17	1.3077962500028661
2	17	1.4201087500005087
2	17	1.4219212500029244
2	17	1.435358750000887
2	17	1.508640000000014
2	17	1.6163274999998976
2	17	1.6239212500004214
2	17	1.6354525000024296
2	17	1.641671250003128
2	17	1.6471712500024296
2	17	1.7984525000028952
2	17	1.8649212500022259
2	17	1.9367337500007125
2	17	1.9540150000029826
2	18	-5.982762499999808
2	18	-5.871856249999837
2	18	-5.864074999997683
2	18	-5.855637500000739
2	18	-5.84648124999876
2	18	-5.839356249998673
2	18	-5.675106250000681
2	18	-5.421106249999866
2	18	-5.32470000000103
2	18	-5.298356249997596
2	18	-5.261418750000303
2	18	-5.222012499998527
2	18	-5.048482249996596
2	18	-5.011294749998342
2	18	-4.881388499998138
2	18	-4.664700999997876
2	18	-4.636388499999157
2	18	-4.435325999998895
2	18	-4.382763499997964
2	18	-4.342888499995752
2	18	-4.307419749999099
2	18	-4.275263499996072
2	18	-4.2611384999981965
2	18	-4.258075999998255
2	18	-4.2504509999962465
2	18	-4.242044749997149
2	18	-4.072638499997993
2	18	-4.005919749997702
2	18	-3.952794749999157
2	18	-3.8436072499971488
2	18	-3.8269509999990987
2	18	-3.7993884999959846
2	18	-3.783169749996887
2	18	-3.780732249997527
2	18	-3.689544749999186
2	18	-3.6516384999958973
2	18	-3.6171072499964794
2	18	-3.5116384999964794
2	18	-3.3794822499985457
2	18	-3.2488884999984293
2	18	-3.131857249998575
2	18	-3.0844197499973234
2	18	-2.989607249997789
2	18	-2.8518884999975853
2	18	-2.8315759999968577
2	18	-2.7622634999970614
2	18	-2.74485724999613
2	18	-2.399920749998273
2	18	-2.2165457499977492
2	18	-2.1243895000006887
2	18	-2.1118270000006305
2	18	-1.913170749998244
2	18	-1.9002957499978947
2	18	-1.8253582500001357
2	18	-1.8125770000006014
2	18	-1.750545750001038
2	18	-1.7375145000005432
2	18	-1.6417020000008051
2	18	-1.6036395000010089
2	18	-1.4950769999995828
2	18	-1.3113894999987679
2	18	-1.2557019999985641
2	18	-1.241514500001358
2	18	-1.2344832499984477
2	18	-1.0917019999978947
2	18	-0.9531082499997865
2	18	-0.9320457499998156
2	18	-0.8113894999987679
2	18	-0.7214832499994372
2	18	-0.6216707499988843
2	18	-0.5894832499980112
2	18	-0.4728895000007469
2	18	-0.43873325000095065
2	18	-0.30582700000013574
2	18	-0.29673325000112527
2	18	-0.28935825000007753
2	18	-0.2830145000007178
2	18	-0.27704575000097975
2	18	-0.1613279999983206
2	18	-0.015327999997680308
2	18	0.05667200000243611
2	18	0.20870325000214507
2	18	0.22248450000188313
2	18	0.255984500003251
2	18	0.391672000001563
2	18	0.47720325000045705
2	18	0.48495325000112643
2	18	0.4909532500023488
2	18	0.4965782500039495
2	18	0.5060470000025816
2	18	0.5267032500014466
2	18	0.7859220000027562
2	18	0.8637657500039495
2	18	0.9969845000014175
2	18	1.0274220000028436
2	18	1.0501720000029309
2	18	1.098078250000981
2	18	1.2165782500014757
2	18	1.2541095000015048
2	18	1.354047000000719
2	18	1.4060782500018831
2	18	1.4156720000028145
2	18	1.4237032500022906
2	18	1.4422345000020869
2	18	1.6009845000007772
2	18	1.7434532500010391
2	18	1.7599532500025816
2	18	1.7653907500025525
2	18	1.9281095000005735
2	18	1.9453907500028436
2	19	-5.960824500001763
2	19	-5.906449500002054
2	19	-5.766075499999715
2	19	-5.588169250000647
2	19	-5.520887999999104
2	19	-5.499106750001374
2	19	-5.472325499998988
2	19	-5.365325499999017
2	19	-5.299387999999453
2	19	-5.28545049999957
2	19	-5.14482549999957
2	19	-5.090169250001054
2	19	-5.02007550000053
2	19	-4.994263000000501
2	19	-4.991762999998173
2	19	-4.924575500001083
2	19	-4.785044249998464
2	19	-4.778669250001258
2	19	-4.762044250001054
2	19	-4.685262999999395
2	19	-4.683262999998988
2	19	-4.613669250000385
2	19	-4.496512999998231
2	19	-4.4930754999986675
2	19	-4.483013000000938
2	19	-4.414044249999279
2	19	-4.336356749998231
2	19	-4.197044249998726
2	19	-4.190450499998406
2	19	-4.188669250001112
2	19	-4.111200499999541
2	19	-4.0040755000009085
2	19	-3.9956380000003264
2	19	-3.942137999998522
2	19	-3.8984192499992787
2	19	-3.8887629999990168
2	19	-3.8674817499995697
2	19	-3.859887999999046
2	19	-3.8520129999997152
2	19	-3.72173174999989
2	19	-3.574356749999424
2	19	-3.3646692500005884
2	19	-3.2724202500030515
2	19	-3.216326500001742
2	19	-3.048357750001742
2	19	-3.0350452500024403
2	19	-3.0025765000027604
2	19	-2.9086390000011306
2	19	-2.902326500003255
2	19	-2.8882640000010724
2	19	-2.5627952500035462
2	19	-2.4932015000013052
2	19	-2.371076500003255
2	19	-2.3544515000030515
2	19	-2.283076500003517
2	19	-2.226826500002062
2	19	-2.1366390000002866
2	19	-1.921732750000956
2	19	-1.8488890000007814
2	19	-1.7388265000008687
2	19	-1.724576500000694
2	19	-1.6883265000033134
2	19	-1.5791702500027895
2	19	-1.5713577500027895
2	19	-1.496982750002644
2	19	-1.4767015000034007
2	19	-1.3476702500011015
2	19	-1.3247640000008687
2	19	-1.253045250003197
2	19	-1.1717952500002866
2	19	-1.1400452500020037
2	19	-0.9605452500036336
2	19	-0.9450452500022948
2	19	-0.9367327500003739
2	19	-0.9308265000036045
2	19	-0.921326500003488
2	19	-0.8048587500015856
2	19	-0.7361087499994028
2	19	-0.7321087499985879
2	19	-0.698608750000858
2	19	-0.5525149999994028
2	19	-0.5446712500015565
2	19	-0.5181087499986461
2	19	-0.5110774999993737
2	19	-0.4541400000016438
2	19	-0.37626499999896623
2	19	-0.36414000000149827
2	19	-0.3175775000017893
2	19	-0.19614000000001397
2	19	-0.04685874999995576
2	19	0.021078750000015134
2	19	0.17107875000147033
2	19	0.26648500000010245
2	19	0.28126625000004424
2	19	0.2870162500003062
2	19	0.3380475000012666
2	19	0.3413287500006845
2	19	0.4302662500012957
2	19	0.46170374999928754
2	19	0.5014225000013539
2	19	0.5875162500014994
2	19	0.6357662500013248
2	19	0.6975474999999278
2	19	0.9485162499986473
2	19	0.9526724999996077
2	19	0.9610475000008591
2	19	1.105266250000568
2	19	1.2940787500010629
2	19	1.4204849999987346
2	19	1.4871725000011793
2	19	1.5080474999995204
2	19	1.6336100000007718
2	19	1.6518902500029071
2	19	1.7499215000025288
2	19	1.8147339999995893
2	19	1.8643902500007243
2	19	1.8822964999999385
2	20	-5.87941900000078
2	20	-5.779356499999267
2	20	-5.5652002499991795
2	20	-5.504637750000256
2	20	-5.494325250001566
2	20	-5.454512749998685
2	20	-5.397419000000809
2	20	-5.3117002500002855
2	20	-5.272200250001333
2	20	-5.270512750001217
2	20	-5.252512750001188
2	20	-5.215450250001595
2	20	-5.167543999999907
2	20	-5.152512749999005
2	20	-4.953700250000111
2	20	-4.912638750000042
2	20	-4.902607500000158
2	20	-4.875513749997481
2	20	-4.758232499996666
2	20	-4.650701249996928
2	20	-4.6431699999993725
2	20	-4.609544999999343
2	20	-4.441919999997481
2	20	-4.344044999998005
2	20	-4.330451249999896
2	20	-4.193357499996637
2	20	-4.072763749998558
2	20	-4.020513749997917
2	20	-3.939295000000129
2	20	-3.928701249998994
2	20	-3.8161699999982375
2	20	-3.3457949999974517
2	20	-3.3422012499977427
2	20	-3.278076249996957
2	20	-3.2519199999987904
2	20	-3.219482499996957
2	20	-3.1389512499990815
2	20	-3.0765762499977427
2	20	-3.049857499998325
2	20	-2.9439199999978882
2	20	-2.937326249997568
2	20	-2.745919999997568
2	20	-2.7212949999993725
2	20	-2.712388749998354
2	20	-2.6649824999985867
2	20	-2.593576249997568
2	20	-2.5264824999976554
2	20	-2.4842637499968987
2	20	-2.431169999999838
2	20	-2.3689522499989835
2	20	-2.3640459999987797
2	20	-2.341171000000031
2	20	-2.2657335000003513
2	20	-2.2583584999993036
2	20	-2.1155772499987506
2	20	-2.0977647500003513
2	20	-2.091139750002185
2	20	-2.080764750000526
2	20	-1.6941709999991872
2	20	-1.6817022499999439
2	20	-1.6735772499996528
2	20	-1.4894522499998857
2	20	-1.4573272500019812
2	20	-1.4533272500011662
2	20	-1.3657334999988961
2	20	-1.2772960000002058
2	20	-1.2669835000015155
2	20	-1.228077250001661
2	20	-1.1582022500006133
2	20	-1.128577250001399
2	20	-1.0958585000007588
2	20	-1.0591397499993036
2	20	-0.9461397500017483
2	20	-0.9324835000006715
2	20	-0.8885772499997984
2	20	-0.8498585000015737
2	20	-0.7989835000007588
2	20	-0.7816710000006424
2	20	-0.7580459999990126
2	20	-0.7272960000009334
2	20	-0.664545999999973
2	20	-0.5653897500014864
2	20	-0.5450147500014282
2	20	-0.47910849999971106
2	20	-0.42582725000102073
2	20	-0.4137960000007297
2	20	-0.4014209999986633
2	20	-0.2621084999991581
2	20	-0.2569522500016319
2	20	-0.17332724999869242
2	20	-0.15629600000102073
2	20	-0.06735850000040955
2	20	0.03286025000124937
2	20	0.05967274999784422
2	20	0.08145300000251154
2	20	0.19635924999965937
2	20	0.1997655000013765
2	20	0.2948592499997176
2	20	0.45345300000190036
2	20	0.4810780000007071
2	20	0.531953000001522
2	20	0.5804842500001541
2	20	0.6557654999996885
2	20	0.6812342500015802
2	20	0.7499530000022787
2	20	0.8354529999996885
2	20	0.8752967500004161
2	20	1.1417030000011437
2	20	1.1493592500009981
2	20	1.157765500000096
2	20	1.1600780000007944
2	20	1.3868592500002705
2	20	1.5388904999999795
2	20	1.5709842500000377
2	20	1.5882967500001541
2	20	1.660453000000416
2	20	1.8054530000008526
2	20	1.8348280000027444
2	20	1.883203000001231
2	20	1.8998280000014347
2	20	1.9454842500017548
2	20	1.9530780000022787
2	21	-5.998293500004365
2	21	-5.965293500004918
2	21	-5.763293500003783
2	21	-5.687325750001037
2	21	-5.582513250003103
2	21	-5.5689820000006875
2	21	-5.460419500002899
2	21	-5.440138250003656
2	21	-5.34348200000386
2	21	-5.302575750003598
2	21	-5.109669500001473
2	21	-4.967138250001881
2	21	-4.948200750000979
2	21	-4.889513250003802
2	21	-4.749044500000309
2	21	-4.710075750001124
2	21	-4.682482000003802
2	21	-4.644482000003336
2	21	-4.623700750002172
2	21	-4.592982000001939
2	21	-4.479294500000833
2	21	-4.457419500002288
2	21	-4.426107000002958
2	21	-4.417169500000455
2	21	-4.4092320000017935
2	21	-4.2619195000006584
2	21	-4.167169500000455
2	21	-4.159169500002463
2	21	-3.9574507500037726
2	21	-3.95388825000191
2	21	-3.7818882500032487
2	21	-3.7803257500017935
2	21	-3.7631695000018226
2	21	-3.6299507500007167
2	21	-3.6058570000022883
2	21	-3.6035132500037435
2	21	-3.508982000003016
2	21	-3.412982000001648
2	21	-3.3702945000004547
2	21	-3.288513250001415
2	21	-3.07145175000187
2	21	-3.0676705000005313
2	21	-2.9243892500016955
2	21	-2.8451080000013462
2	21	-2.797076750000997
2	21	-2.662639250000211
2	21	-2.651639250001608
2	21	-2.4662329999991925
2	21	-2.4351705000008224
2	21	-2.4217955000021902
2	21	-2.127264250000735
2	21	-2.0752017500017246
2	21	-1.8546705000007933
2	21	-1.755232999999862
2	21	-1.7166705000017828
2	21	-1.677107999999862
2	21	-1.6594517500016082
2	21	-1.5813579999994545
2	21	-1.4749517500022193
2	21	-1.3152330000011716
2	21	-1.1690767500003858
2	21	-1.1150767500002985
2	21	-1.1126392500009388
2	21	-1.0965767500019865
2	21	-1.0875142500008224
2	21	-0.9018267499996
2	21	-0.8942955000020447
2	21	-0.7161090000008699
2	21	-0.5609215000040422
2	21	-0.5359527500040713
2	21	-0.3866402500025288
2	21	-0.3743902500027616
2	21	-0.35914025000238325
2	21	-0.3531090000033146
2	21	-0.21382775000165566
2	21	-0.2064215000027616
2	21	-0.19504650000089896
2	21	-0.17842150000069523
2	21	0.0935784999965108
2	21	0.12670349999825703
2	21	0.2177972499957832
2	21	0.37207849999686005
2	21	0.40273474999776226
2	21	0.47595349999755854
2	21	0.5225472499987518
2	21	0.6023909999967145
2	21	0.6172659999974712
2	21	0.6666097499983152
2	21	0.976828499999101
2	21	1.0652659999977914
2	21	1.0900472499961325
2	21	1.1006097499957832
2	21	1.1024534999960451
2	21	1.1052972499965108
2	21	1.1923284999975294
2	21	1.2221097499968891
2	21	1.4006097499986936
2	21	1.4105784999992466
2	21	1.4292972499970347
2	21	1.7560472499972093
2	21	1.7617649999992864
2	21	1.801514999999199
2	21	1.8057024999980058
2	21	1.8358899999984715
2	21	1.8456712500010326
2	21	1.889702500000567
2	22	-5.99679400000241
2	22	-5.98879400000078
2	22	-5.949856499999441
2	22	-5.915762750002614
2	22	-5.884356500002468
2	22	-5.833075250000547
2	22	-5.814731500002381
2	22	-5.773044000001391
2	22	-5.721325250000518
2	22	-5.705075249999936
2	22	-5.6572002499997325
2	22	-5.6046690000002855
2	22	-5.515043999999762
2	22	-5.369919000000664
2	22	-5.148543999999674
2	22	-4.881637750000664
2	22	-4.753512750001391
2	22	-4.652919000000111
2	22	-4.61641900000177
2	22	-4.595262750000984
2	22	-4.5577940000002855
2	22	-4.460512749999907
2	22	-4.437075249999907
2	22	-4.432575250000809
2	22	-4.420075250000082
2	22	-4.410137750001013
2	22	-4.335325250001915
2	22	-4.237887750001391
2	22	-4.2271065000022645
2	22	-4.189668999999412
2	22	-3.9919190000000526
2	22	-3.8547002500017697
2	22	-3.8487324999987322
2	22	-3.836169999998674
2	22	-3.802951249999751
2	22	-3.670232500000566
2	22	-3.474857500001235
2	22	-3.462513750000653
2	22	-3.3537949999990815
2	22	-3.3370450000002165
2	22	-3.296388750000915
2	22	-3.1280762499991397
2	22	-3.0997949999982666
2	22	-3.0268262499994307
2	22	-2.9827012499990815
2	22	-2.7525137499978882
2	22	-2.6742950000007113
2	22	-2.575388749999547
2	22	-2.570357500000682
2	22	-2.5672012499999255
2	22	-2.476295000000391
2	22	-2.433294999998907
2	22	-2.3668262499995762
2	22	-2.2769200000002456
2	22	-2.1316699999988487
2	22	-2.10591999999815
2	22	-2.083920000000944
2	22	-2.0080762500001583
2	22	-1.9509199999993143
2	22	-1.9153887499996927
2	22	-1.859701249999489
2	22	-1.8541699999987031
2	22	-1.8483262499976263
2	22	-1.6994200000008277
2	22	-1.6926387499988778
2	22	-1.6799824999980046
2	22	-1.4536387500011188
2	22	-1.3726710000009916
2	22	-1.3479522500019812
2	22	-1.2244522500004678
2	22	-1.185202250002476
2	22	-1.0637647500007006
2	22	-1.0342335000023013
2	22	-1.0267335000025923
2	22	-1.0212647500011371
2	22	-1.0159210000019812
2	22	-0.9079210000018065
2	22	-0.7942022500028543
2	22	-0.7808585000020685
2	22	-0.6436085000023013
2	22	-0.6188272500003222
2	22	-0.6115147500022431
2	22	-0.6016710000003513
2	22	-0.48063974999968195
2	22	-0.4071085000032326
2	22	-0.3019522499998857
2	22	-0.18157725000128266
2	22	-0.14079599999968195
2	22	-0.06517100000201026
2	22	0.009672749998571817
2	22	0.06817274999775691
2	22	0.11211025000011432
2	22	0.14048524999816436
2	22	0.3041727499985427
2	22	0.3570789999976114
2	22	0.3641102499968838
2	22	0.37473524999950314
2	22	0.4453289999983099
2	22	0.4751414999991539
2	22	0.6215164999994158
2	22	0.7080477499985136
2	22	0.7477039999976114
2	22	0.7866727499967965
2	22	0.9220164999969711
2	22	0.9553602499981935
2	22	0.9827664999975241
2	22	1.0185789999995905
2	22	1.1249852499968256
2	22	1.220484249999572
2	22	1.302827999999863
2	22	1.454859249999572
2	22	1.5100779999993392
2	22	1.5416404999996303
2	22	1.5856717499991646
2	22	1.76960925000094
2	22	1.8645780000006198
2	22	1.960202999998728
2	22	1.9706404999997176
2	22	1.9882342499986407
2	23	-5.811762499997712
2	23	-5.700074999997014
2	23	-5.628824999999779
2	23	-5.599606249998033
2	23	-5.519981249999546
2	23	-5.4026374999994005
2	23	-5.204982250001194
2	23	-5.166513500000292
2	23	-5.120982250002271
2	23	-5.071951000001718
2	23	-5.063325999999506
2	23	-5.056732249999186
2	23	-5.037638500001776
2	23	-5.0335135000023
2	23	-5.026076000001922
2	23	-5.018357249999099
2	23	-4.847888500000408
2	23	-4.740388500002155
2	23	-4.714107250001689
2	23	-4.704982250001194
2	23	-4.698451000000205
2	23	-4.69591975000003
2	23	-4.568638500000816
2	23	-4.398419749999448
2	23	-4.3722635000012815
2	23	-4.363950999999361
2	23	-4.256232250001631
2	23	-4.000294749999739
2	23	-3.986732249999477
2	23	-3.79626350000035
2	23	-3.7796072500023
2	23	-3.6712010000010196
2	23	-3.579013499998837
2	23	-3.5745759999990696
2	23	-3.547888500001136
2	23	-3.4687947499987786
2	23	-3.458888500001194
2	23	-3.431826000000001
2	23	-3.3011384999990696
2	23	-3.284107250001398
2	23	-3.106982249999419
2	23	-2.8390144999975746
2	23	-2.7660457499987388
2	23	-2.7291394999992917
2	23	-2.6442332499973418
2	23	-2.6360769999992044
2	23	-2.6117019999983313
2	23	-2.5035769999994955
2	23	-2.4950769999995828
2	23	-2.4535144999972545
2	23	-2.352826999998797
2	23	-2.341920749997371
2	23	-2.2958269999980985
2	23	-2.268045749999146
2	23	-2.188983249998273
2	23	-2.1021082499974
2	23	-2.076514500000485
2	23	-2.0506394999974873
2	23	-1.9582332499994664
2	23	-1.933420749999641
2	23	-1.8549519999978656
2	23	-1.7844832499977201
2	23	-1.7422645000006014
2	23	-1.5988894999973127
2	23	-1.4823269999978947
2	23	-1.3973894999980985
2	23	-1.2872644999988552
2	23	-1.258264500000223
2	23	-1.1849519999996119
2	23	-1.1741082499975164
2	23	-1.1591394999995828
2	23	-1.1487019999985932
2	23	-0.957170749999932
2	23	-0.953577000000223
2	23	-0.7791394999985641
2	23	-0.7364207499995246
2	23	-0.6756394999974873
2	23	-0.5817332499973418
2	23	-0.5066394999994372
2	23	-0.44945199999710894
2	23	-0.31832800000120187
2	23	-0.1614530000006198
2	23	-0.10864050000236603
2	23	-0.047421750001376495
2	23	0.032140749997779494
2	23	0.11457824999888544
2	23	0.19817200000034063
2	23	0.2470157499992638
2	23	0.3761720000002242
2	23	0.37817200000063167
2	23	0.4197032499978377
2	23	0.493234499997925
2	23	0.5637969999988854
2	23	0.6581095000001369
2	23	0.7232344999974885
2	23	0.7969532499992056
2	23	0.8235782499978086
2	23	1.0028595000003406
2	23	1.0088282500000787
2	23	1.0160782499988272
2	23	1.0334844999997586
2	23	1.2028594999974302
2	23	1.311171999997896
2	23	1.4554219999990892
2	23	1.4720157499978086
2	23	1.555328250000457
2	23	1.606828249998216
2	23	1.7498907499975758
2	23	1.7751719999978377
2	23	1.8317969999989145
2	23	1.9117344999976922
2	23	1.929296999998769
2	23	1.9579219999977795
2	24	-5.908169499998621
2	24	-5.904169499997806
2	24	-5.897638249996817
2	24	-5.85579449999932
2	24	-5.832294499996351
2	24	-5.724981999996089
2	24	-5.625700749998941
2	24	-5.622138249997079
2	24	-5.577013249996526
2	24	-5.55891949999932
2	24	-5.507106999997632
2	24	-5.4834507499981555
2	24	-5.453231999996206
2	24	-5.1965444999987085
2	24	-5.15273199999865
2	24	-5.041513249998388
2	24	-5.0097632499964675
2	24	-4.966825749997952
2	24	-4.893075749998388
2	24	-4.861356999997952
2	24	-4.820888249996642
2	24	-4.768356999997195
2	24	-4.688575749998563
2	24	-4.680481999996118
2	24	-4.67445074999705
2	24	-4.663825749998068
2	24	-4.658981999997195
2	24	-4.561794499997632
2	24	-4.520106999996642
2	24	-4.499231999998301
2	24	-4.37929449999865
2	24	-4.248106999999436
2	24	-4.153544499997224
2	24	-4.07845074999932
2	24	-4.037231999998767
2	24	-3.9173569999984466
2	24	-3.891513249996933
2	24	-3.8461069999975734
2	24	-3.8399194999983592
2	24	-3.8324194999986503
2	24	-3.7017007499962347
2	24	-3.606389249998756
2	24	-3.581732999999076
2	24	-3.5062330000000657
2	24	-3.439545500001259
2	24	-3.3969517500008806
2	24	-3.2661704999991343
2	24	-3.1352330000008806
2	24	-3.0248267499991925
2	24	-2.9447642499981157
2	24	-2.934732999998232
2	24	-2.9045455000014044
2	24	-2.7287642500014044
2	24	-2.6831080000010843
2	24	-2.6202017499999783
2	24	-2.596420499998203
2	24	-2.4964517500011425
2	24	-2.436264249998203
2	24	-2.3432017499981157
2	24	-2.2843580000007933
2	24	-2.1116704999985814
2	24	-2.080795499998203
2	24	-1.909545499998785
2	24	-1.8689205000009679
2	24	-1.8605142499982321
2	24	-1.8549830000010843
2	24	-1.7830767499981448
2	24	-1.672482999998465
2	24	-1.5681079999994836
2	24	-1.5007642499986105
2	24	-1.4926080000004731
2	24	-1.4171080000014626
2	24	-1.313014250001288
2	24	-1.286389249999047
2	24	-1.1700152499979595
2	24	-1.1622339999994438
2	24	-0.9401089999992109
2	24	-0.8685152499965625
2	24	-0.8308277499963879
2	24	-0.6982964999988326
2	24	-0.5133589999968535
2	24	-0.43701524999778485
2	24	-0.3528277499972319
2	24	-0.34495274999790126
2	24	-0.3389839999981632
2	24	-0.2787027499980468
2	24	0.004234750002069632
2	24	0.02964100000099279
2	24	0.1069847500002652
2	24	0.15451600000233157
2	24	0.22835975000270992
2	24	0.2790160000004107
2	24	0.2819847500031756
2	24	0.31067225000151666
2	24	0.4522972500017204
2	24	0.47239100000297185
2	24	0.5394847500028845
2	24	0.5506722500031174
2	24	0.552891000003001
2	24	0.5694847500017204
2	24	0.5721722500020405
2	24	0.7851410000002943
2	24	0.886672250002448
2	24	1.0191410000006726
2	24	1.0545160000037868
2	24	1.1403910000008182
2	24	1.1478285000011965
2	24	1.1545472500001779
2	24	1.166078500002186
2	24	1.1840785000022152
2	24	1.2651097500020114
2	24	1.3256399999991118
2	24	1.480264999998326
2	24	1.5592649999998685
2	24	1.7033587500009162
2	24	1.7108587500006252
2	24	1.8136087499988207
2	25	-5.904637499999808
2	25	-5.844262499998877
2	25	-5.832043750000594
2	25	-5.82982500000071
2	25	-5.79057499999908
2	25	-5.722981250000885
2	25	-5.706074999998236
2	25	-5.545200000000477
2	25	-5.352826000002096
2	25	-5.272701000001689
2	25	-5.220888500003639
2	25	-5.165576000003057
2	25	-5.1546072500023
2	25	-5.1303885000015725
2	25	-5.063826000001427
2	25	-5.037076000000525
2	25	-5.025763500001631
2	25	-4.889763500003028
2	25	-4.797982250001951
2	25	-4.724357250001049
2	25	-4.671138500001689
2	25	-4.633482250002999
2	25	-4.622919750003348
2	25	-4.612982250000641
2	25	-4.5704510000032315
2	25	-4.423388500003057
2	25	-4.408107250001194
2	25	-4.391326000000845
2	25	-4.3371072500012815
2	25	-4.200482250002096
2	25	-4.1663572500001465
2	25	-4.070701000000554
2	25	-4.025263500003348
2	25	-3.906138500002271
2	25	-3.8636385000027076
2	25	-3.8522947500023292
2	25	-3.809107250002853
2	25	-3.7625760000009905
2	25	-3.7342947500037553
2	25	-3.725544750002882
2	25	-3.657357250001951
2	25	-3.6380760000029113
2	25	-3.617576000000554
2	25	-3.428451000003406
2	25	-3.3500447500009614
2	25	-3.2567322500035516
2	25	-3.239732250003726
2	25	-3.141107250001369
2	25	-3.055107250002038
2	25	-2.939419750000525
2	25	-2.8262644999995246
2	25	-2.810045750000427
2	25	-2.70020199999999
2	25	-2.5676082499994664
2	25	-2.4993895000006887
2	25	-2.4416707499985932
2	25	-2.3876082499991753
2	25	-2.240045750000718
2	25	-2.2239520000002813
2	25	-2.215889499999321
2	25	-2.104483250001067
2	25	-2.0714520000001357
2	25	-2.050389500000165
2	25	-1.9262645000017073
2	25	-1.8169207499995537
2	25	-1.7280145000004268
2	25	-1.5483270000004268
2	25	-1.5148895000020275
2	25	-1.5045457500018529
2	25	-1.4439520000014454
2	25	-1.4215145000016491
2	25	-1.3516395000006014
2	25	-1.2506395000018529
2	25	-1.2279520000010962
2	25	-1.2262332499994955
2	25	-1.102514499998506
2	25	-1.0912332500010962
2	25	-1.0645145000016782
2	25	-1.0245145000008051
2	25	-0.9263582499988843
2	25	-0.7233269999996992
2	25	-0.7114519999995537
2	25	-0.7055457499991462
2	25	-0.7005145000002813
2	25	-0.25576550000187126
2	25	-0.18826550000085263
2	25	-0.11420300000099814
2	25	-0.007953000003908528
2	25	0.005265749998216052
2	25	0.09898449999673176
2	25	0.11045324999940931
2	25	0.18317199999728473
2	25	0.2025157499992929
2	25	0.23351574999833247
2	25	0.31520324999655713
2	25	0.39026574999661534
2	25	0.42385949999879813
2	25	0.4870469999987108
2	25	0.515640749996237
2	25	0.6060157499960042
2	25	0.7564219999985653
2	25	0.7615469999982452
2	25	0.8379532499966444
2	25	0.9614219999966735
2	25	1.053171999996266
2	25	1.0844844999992347
2	25	1.155140749997372
2	25	1.1649219999962952
2	25	1.265859499999351
2	25	1.2792657499994675
2	25	1.2873594999982743
2	25	1.2937657499969646
2	25	1.3357032499989145
2	25	1.4052032499967027
2	25	1.4676719999988563
2	25	1.6752344999986235
2	25	1.7100157499990019
2	25	1.7561719999976049
2	25	1.850953249999293
2	25	1.8965469999966444
2	26	-5.948826000003464
2	26	-5.9354822500026785
2	26	-5.881951000003028
2	26	-5.757669750000787
2	26	-5.632888500003901
2	26	-5.466076000000612
2	26	-5.43170100000134
2	26	-5.409419750001689
2	26	-5.197044750002533
2	26	-5.101201000001311
2	26	-5.075951000002533
2	26	-5.06738850000329
2	26	-5.048857250003493
2	26	-5.043701000002329
2	26	-4.561576000003697
2	26	-4.5007635000038135
2	26	-4.491138500001398
2	26	-4.482013500000903
2	26	-4.389138500002446
2	26	-4.372451000002911
2	26	-4.10791975000393
2	26	-4.0998572500029695
2	26	-4.087982250002824
2	26	-4.065669750001689
2	26	-3.900357250000525
2	26	-3.755138500000612
2	26	-3.684076000001369
2	26	-3.5282332499991753
2	26	-3.3670769999989716
2	26	-3.363920750001853
2	26	-3.235858250001911
2	26	-3.2082645000009506
2	26	-3.089983249999932
2	26	-3.077452000001358
2	26	-2.8974207499995828
2	26	-2.874295749999874
2	26	-2.7947019999992335
2	26	-2.711264500001562
2	26	-2.6913894999997865
2	26	-2.4777020000001357
2	26	-2.4355457499987097
2	26	-2.401577000000543
2	26	-2.2874207499990007
2	26	-2.1868895000006887
2	26	-2.0702957499997865
2	26	-2.0407020000020566
2	26	-2.0150770000000193
2	26	-2.0050145000022894
2	26	-1.9784207500015327
2	26	-1.9504520000009506
2	26	-1.93579574999967
2	26	-1.8389832499997283
2	26	-1.6968582500012417
2	26	-1.6593270000012126
2	26	-1.64960825000162
2	26	-1.6020769999995537
2	26	-1.4629520000016782
2	26	-1.3672020000012708
2	26	-1.3174832500008051
2	26	-1.208701999999903
2	26	-1.1979520000022603
2	26	-0.9069217500000377
2	26	-0.8994217500003288
2	26	-0.8928280000000086
2	26	-0.8866092499993101
2	26	-0.8766404999987572
2	26	-0.7462029999987863
2	26	-0.6923279999973602
2	26	-0.6436404999985825
2	26	-0.49626549999811687
2	26	-0.3175467500004743
2	26	-0.13751549999869894
2	26	-0.12842174999968847
2	26	-0.11170299999866984
2	26	-0.10889049999968847
2	26	-0.07285924999814597
2	26	0.1535470000017085
2	26	0.22089075000258163
2	26	0.2283595000008063
2	26	0.24298450000060257
2	26	0.2714532499994675
2	26	0.2768282500001078
2	26	0.281578250000166
2	26	0.3535157500009518
2	26	0.3885782500001369
2	26	0.3995782500023779
2	26	0.6508907500028727
2	26	0.6694220000026689
2	26	0.6783282500000496
2	26	0.838015749999613
2	26	0.9661407500025234
2	26	1.011640750002698
2	26	1.0876407499999914
2	26	1.1086095000027854
2	26	1.2210157500012428
2	26	1.2885157500022615
2	26	1.3249219999997877
2	26	1.4265147500009334
2	26	1.606889750000846
2	26	1.623733500000526
2	26	1.6287334999979066
2	26	1.6781709999995655
2	26	1.7834210000000894
2	26	1.9678585000001476
2	27	-5.920044499998767
2	27	-5.911356999997224
2	27	-5.8954507499984175
2	27	-5.76863824999964
2	27	-5.5988882499987085
2	27	-5.495544499997777
2	27	-5.400169499996991
2	27	-5.278513249999378
2	27	-5.223700749997079
2	27	-5.138450749996991
2	27	-5.103606999997282
2	27	-5.091950749996613
2	27	-4.92616949999865
2	27	-4.874981999997544
2	27	-4.715419499996642
2	27	-4.600575749998825
2	27	-4.57063824999932
2	27	-4.442919499997515
2	27	-4.402981999999611
2	27	-4.348669499999232
2	27	-4.334231999997428
2	27	-4.216638249996322
2	27	-4.156701749998319
2	27	-4.090014249999513
2	27	-4.0312017500000366
2	27	-3.9042642499989597
2	27	-3.8308580000011716
2	27	-3.640639249999367
2	27	-3.591889250001259
2	27	-3.371701749998465
2	27	-3.268420500000502
2	27	-3.151420499998494
2	27	-2.981389249998756
2	27	-2.870983000000706
2	27	-2.823920499999076
2	27	-2.7346079999988433
2	27	-2.7193892499999492
2	27	-2.6292642500011425
2	27	-2.4980142499989597
2	27	-2.408107999999629
2	27	-2.390326749999076
2	27	-2.381170500000735
2	27	-2.3677642500006186
2	27	-2.3450142500005313
2	27	-2.3350767500014626
2	27	-2.3037330000006477
2	27	-2.121295500000997
2	27	-2.013482999998814
2	27	-1.95548300000155
2	27	-1.780107999999018
2	27	-1.7756704999992508
2	27	-1.759858000001259
2	27	-1.630390249996708
2	27	-1.6214214999999967
2	27	-1.5957339999986289
2	27	-1.4711714999975811
2	27	-1.4553902499974356
2	27	-1.4394839999986289
2	27	-1.3857652499973483
2	27	-1.3734214999967662
2	27	-1.3617027499967662
2	27	-1.34214024999892
2	27	-0.9828277499982505
2	27	-0.9772027499966498
2	27	-0.9714527500000258
2	27	-0.9109839999982796
2	27	-0.795483999998396
2	27	-0.7653902499987453
2	27	-0.7617339999997057
2	27	-0.7586402499982796
2	27	-0.7497027499994147
2	27	-0.2953277499982505
2	27	-0.2757652499967662
2	27	0.14660975000151666
2	27	0.14826600000014878
2	27	0.15026600000055623
2	27	0.20504725000137114
2	27	0.20904725000218605
2	27	0.21239100000093458
2	27	0.6659535000035248
2	27	0.6712660000011965
2	27	0.6754847500014876
2	27	0.6787035000015749
2	27	0.7457660000000033
2	27	0.9009837499979767
2	27	0.9076087499997811
2	27	1.0282337499993446
2	27	1.0820774999992864
2	27	1.2317962499982968
2	27	1.421671249998326
2	27	1.4757024999998976
2	27	1.5767649999979767
2	27	1.5926712500004214
2	27	1.618640000000596
2	27	1.674046249998355
2	27	1.8649212499985879
2	27	1.9957337499981804
2	28	-5.902950499999861
2	28	-5.870856749999803
2	28	-5.857294249999541
2	28	-5.617700499999046
2	28	-5.611262999998871
2	28	-5.604575500001374
2	28	-5.600106750000123
2	28	-5.593763000000763
2	28	-5.569325500000559
2	28	-5.543356750000385
2	28	-5.4561692499992205
2	28	-5.453169249998609
2	28	-5.443700499999977
2	28	-5.075481750001927
2	28	-5.006388000001607
2	28	-4.925232750003488
2	28	-4.923420250001072
2	28	-4.9055452500033425
2	28	-4.8306077500019455
2	28	-4.63098275000084
2	28	-4.575420250002935
2	28	-4.535014000000956
2	28	-4.5004202500022075
2	28	-4.497514000002411
2	28	-4.323326500001713
2	28	-4.307545250001567
2	28	-3.9884827500027313
2	28	-3.788076500000898
2	28	-3.7722952500007523
2	28	-3.4586702500018873
2	28	-3.421014000003197
2	28	-3.364701500002411
2	28	-3.3537327500016545
2	28	-3.349857750003139
2	28	-3.173264000000927
2	28	-3.0785765000036918
2	28	-2.971170250002615
2	28	-2.9604202500013344
2	28	-2.741420250000374
2	28	-2.690639000000374
2	28	-2.6697015000027022
2	28	-2.620107750000898
2	28	-2.506545250002091
2	28	-2.4979515000013635
2	28	-2.483420250002382
2	28	-2.475295250002091
2	28	-2.4671077500024694
2	28	-2.4280452500024694
2	28	-2.076296250001178
2	28	-2.001140000000305
2	28	-1.897421249999752
2	28	-1.869858750000276
2	28	-1.828452500001731
2	28	-1.639702500000567
2	28	-1.5663899999999558
2	28	-1.5308900000018184
2	28	-1.4757337500013818
2	28	-1.3271712499990826
2	28	-1.171577500001149
2	28	-1.0843587500021385
2	28	-1.0711712500014983
2	28	-0.9799837499995192
2	28	-0.9364212500004214
2	28	-0.8556712499994319
2	28	-0.8134837500001595
2	28	-0.7742962500014983
2	28	-0.6676399999996647
2	28	-0.6571712500008289
2	28	-0.6164212500007125
2	28	-0.5136712499988789
2	28	-0.23479624999890802
2	28	-0.22564000000056694
2	28	-0.1902650000010908
2	28	-0.1352962499986461
2	28	-0.07942125000045053
2	28	-0.031233749999955762
2	28	0.0834527499973774
2	28	0.1537339999958931
2	28	0.16285899999638787
2	28	0.3442339999965043
2	28	0.374015249995864
2	28	0.4851089999974647
2	28	0.5660152499985998
2	28	0.6342652499988617
2	28	0.6497964999980468
2	28	0.7743589999990945
2	28	0.7854839999963588
2	28	0.9034839999985707
2	28	0.9462964999984251
2	28	0.9862027499984833
2	28	1.0187027499960095
2	28	1.084952749995864
2	28	1.124015249995864
2	28	1.1775152499976684
2	28	1.3358589999988908
2	28	1.3604839999970864
2	28	1.4125152499982505
2	28	1.4452027499974065
2	28	1.4555777499990654
2	28	1.5563902499961841
2	28	1.6664214999982505
2	28	1.786327749996417
2	28	1.8135464999977557
2	28	1.853046499996708
2	29	-5.978356750001694
2	29	-5.7728879999995115
2	29	-5.752512999999453
2	29	-5.748981750002713
2	29	-5.7355755000025965
2	29	-5.726700499999424
2	29	-5.520512999999482
2	29	-5.359575500002393
2	29	-5.354294250002567
2	29	-5.324106750002102
2	29	-5.187419249999948
2	29	-5.0832317500025965
2	29	-5.031138000002102
2	29	-5.015888000001723
2	29	-5.011950500000239
2	29	-4.991919250001956
2	29	-4.970887999999832
2	29	-4.918169250002393
2	29	-4.780888000001141
2	29	-4.616106749999744
2	29	-4.475639000000228
2	29	-4.471670250000898
2	29	-4.462482750001072
2	29	-4.4571389999982785
2	29	-4.445513999999093
2	29	-4.290295250000781
2	29	-4.288232750001043
2	29	-4.262732750001305
2	29	-4.171857749999617
2	29	-4.066357749998133
2	29	-3.9194202500002575
2	29	-3.651264000000083
2	29	-3.610670250000112
2	29	-3.5867639999996754
2	29	-3.5627014999990934
2	29	-3.5072327499983658
2	29	-3.4085452500003157
2	29	-3.4050139999999374
2	29	-3.2385764999999083
2	29	-3.078482749999239
2	29	-3.065013999999792
2	29	-3.061857749999035
2	29	-2.945170250000956
2	29	-2.9086077499996463
2	29	-2.842170249998162
2	29	-2.7802327499994135
2	29	-2.754795249999006
2	29	-2.731232750000345
2	29	-2.6627640000006068
2	29	-2.6043577499985986
2	29	-2.5797639999982493
2	29	-2.5268264999976964
2	29	-2.4400764999991225
2	29	-2.418326499999239
2	29	-2.39007649999985
2	29	-2.273482749998948
2	29	-2.2633577499982493
2	29	-2.2259827499983658
2	29	-2.181888999999501
2	29	-1.9422649999978603
2	29	-1.926514999999199
2	29	-1.887452499999199
2	29	-1.7016712499971618
2	29	-1.5495149999987916
2	29	-1.5340462499989371
2	29	-1.4443587499990826
2	29	-1.4301399999967543
2	29	-1.3325149999982386
2	29	-1.2778274999982386
2	29	-1.2208587499990244
2	29	-1.200046249996376
2	29	-1.1020149999967543
2	29	-1.0863274999974237
2	29	-1.0564212499994028
2	29	-0.9203587499978312
2	29	-0.8348587499967834
2	29	-0.8158587499965506
2	29	-0.6322649999965506
2	29	-0.6243274999978894
2	29	-0.515327499997511
2	29	-0.38979624999774387
2	29	-0.37267124999925727
2	29	-0.26329624999925727
2	29	-0.25751499999751104
2	29	-0.2538899999963178
2	29	-0.1649212499978603
2	29	-0.11707749999914085
2	29	-0.0901087499987625
2	29	-0.0658274999987043
2	29	-0.05748374999893713
2	29	-0.043452499998238636
2	29	-0.0038274999969871715
2	29	0.1998912500021106
2	29	0.2365475000005972
2	29	0.3031725000037113
2	29	0.3410787500033621
2	29	0.34542250000231434
2	29	0.4029850000006263
2	29	0.5505777500002296
2	29	0.6504214999986289
2	29	0.6777965000001132
2	29	0.7257027500018012
2	29	0.8051715000001423
2	29	1.0224215000016557
2	29	1.1084215000009863
2	29	1.133577749998949
2	29	1.3440777499999967
2	29	1.4109527500004333
2	29	1.4612027500006661
2	29	1.4919840000002296
2	29	1.555452749998949
2	29	1.6093590000018594
2	29	1.6142964999999094
2	29	1.6274840000005497
2	29	1.7030464999988908
2	29	1.7074527500008116
2	29	1.7239527499987162
2	29	1.736890249998396
2	29	1.7902964999993856
2	29	1.9041714999984833
2	30	-5.932138000000123
2	30	-5.89073174999794
2	30	-5.8245754999989
2	30	-5.649075499997707
2	30	-5.647481749998406
2	30	-5.641262999997707
2	30	-5.627169249997678
2	30	-5.579762999997911
2	30	-5.439356749997387
2	30	-5.374481749997358
2	30	-5.324700499997562
2	30	-5.262638000000152
2	30	-5.240012999998726
2	30	-5.199637999998231
2	30	-5.14360674999989
2	30	-5.0353254999972705
2	30	-5.029044249997241
2	30	-4.908606749999308
2	30	-4.756295250001131
2	30	-4.645357749999675
2	30	-4.64173275000212
2	30	-4.5064827499991225
2	30	-4.501389000000927
2	30	-4.499826499999472
2	30	-4.350482750000083
2	30	-4.340545250001014
2	30	-4.117482749999908
2	30	-4.113232750001771
2	30	-4.070920250000199
2	30	-3.9540765000019746
2	30	-3.9205452499991225
2	30	-3.8767640000005485
2	30	-3.8525140000019746
2	30	-3.7107639999994717
2	30	-3.633701500002644
2	30	-3.5781077499996172
2	30	-3.4305139999996754
2	30	-3.2689515000020037
2	30	-3.2061390000017127
2	30	-3.137170250000054
2	30	-3.130295250000927
2	30	-2.946295249999821
2	30	-2.8961702500018873
2	30	-2.878263999999035
2	30	-2.701045249999879
2	30	-2.6679514999996172
2	30	-2.6547014999996463
2	30	-2.6336389999996754
2	30	-2.5265140000010433
2	30	-2.372295249999297
2	30	-2.196952499998588
2	30	-2.172514999998384
2	30	-1.9803900000006252
2	30	-1.973889999997482
2	30	-1.9674525000009453
2	30	-1.9617337499985297
2	30	-1.9523899999985588
2	30	-1.9411712500004796
2	30	-1.9360462500007998
2	30	-1.346952500000043
2	30	-1.2914524999978312
2	30	-1.2447337499979767
2	30	-1.1912649999976566
2	30	-1.1083899999975984
2	30	-1.0594837499993446
2	30	-1.0116712499984715
2	30	-0.8471399999980349
2	30	-0.8423587500001304
2	30	-0.8392024999993737
2	30	-0.8312650000007125
2	30	-0.8112650000002759
2	30	-0.7851399999999558
2	30	-0.7725150000005669
2	30	-0.6891399999985879
2	30	-0.5718274999999267
2	30	-0.5447649999987334
2	30	-0.5358587499977148
2	30	-0.5271087500004796
2	30	-0.5175149999995483
2	30	-0.36932750000050873
2	30	-0.3532962499994028
2	30	-0.26701499999762746
2	30	-0.2563899999986461
2	30	-0.1087962499987043
2	30	-0.07476499999756925
2	30	0.02682875000027707
2	30	0.047891250000247965
2	30	0.12179749999995693
2	30	0.16589024999848334
2	30	0.17682774999775575
2	30	0.2626402499990945
2	30	0.315733999999793
2	30	0.4189215000005788
2	30	0.43642149999868707
2	30	0.4712340000005497
2	30	0.5702339999988908
2	30	0.7496089999985998
2	30	0.7832964999979595
2	30	0.7857652499988035
2	30	0.792609000000084
2	30	1.182296499999211
2	30	1.255296499999531
2	30	1.3647027499973774
2	30	1.375858999999764
2	30	1.4160777500001132
2	30	1.522671499998978
2	30	1.581452750000608
2	30	1.5847652499978722
2	30	1.662046499997814
2	30	1.7946402499983378
2	30	1.8946089999990363
2	30	1.9087964999998803
2	30	1.99429649999729
2	31	-5.968044249999366
2	31	-5.937544249998609
2	31	-5.895231750000676
2	31	-5.882731749999948
2	31	-5.824262999998609
2	31	-5.811669250000705
2	31	-5.806669249999686
2	31	-5.687294250001287
2	31	-5.617106749999948
2	31	-5.531387999999424
2	31	-5.366356750000705
2	31	-5.357450499999686
2	31	-5.317106750000676
2	31	-5.1529192499983765
2	31	-5.014825499998551
2	31	-5.003856750001432
2	31	-4.856512999998813
2	31	-4.849606749998202
2	31	-4.760888000000705
2	31	-4.613669250000385
2	31	-4.5995755000003555
2	31	-4.499044249998406
2	31	-4.417950499999279
2	31	-4.371231749999424
2	31	-4.361481749998347
2	31	-4.197794249997969
2	31	-4.076794249998784
2	31	-4.064606749998347
2	31	-4.049075499999162
2	31	-3.9779817499984347
2	31	-3.802170249997289
2	31	-3.7768577499991807
2	31	-3.6684514999979
2	31	-3.664826499996707
2	31	-3.535513999999239
2	31	-3.3637014999985695
2	31	-3.3561077499980456
2	31	-3.196482749997813
2	31	-3.162795249998453
2	31	-3.131045249996532
2	31	-3.0591389999972307
2	31	-3.0498577499965904
2	31	-3.043232749998424
2	31	-3.032638999997289
2	31	-3.023482749998948
2	31	-3.0085139999973762
2	31	-3.002107749998686
2	31	-2.9136702499963576
2	31	-2.6401077499976964
2	31	-2.609638999998424
2	31	-2.545107749996532
2	31	-2.498826499999268
2	31	-2.2884514999968815
2	31	-2.1713889999991807
2	31	-2.1354202499969688
2	31	-2.099888999997347
2	31	-2.075326499998482
2	31	-1.9538264999973762
2	31	-1.9402952499985986
2	31	-1.8781702499982202
2	31	-1.7745764999963285
2	31	-1.7029514999994717
2	31	-1.6928577499966195
2	31	-1.609638999998424
2	31	-1.5846077499991225
2	31	-1.582607749998715
2	31	-1.4515139999966777
2	31	-1.2574837499996647
2	31	-1.2475774999984424
2	31	-1.058796249999432
2	31	-0.8901399999995192
2	31	-0.754733750000014
2	31	-0.6140149999991991
2	31	-0.5254212500003632
2	31	-0.48670249999850057
2	31	-0.3230150000017602
2	31	-0.20370249999905354
2	31	-0.20151500000065425
2	31	0.18732874999841442
2	31	0.19717250000030617
2	31	0.2650787499987928
2	31	0.4028287500004808
2	31	0.5080474999995204
2	31	0.5252975000003062
2	31	0.5317037499989965
2	31	0.8331724999989092
2	31	0.895141249999142
2	31	0.9558599999982107
2	31	1.0127037499987637
2	31	1.118359000000055
2	31	1.189390250001452
2	31	1.1988902500015683
2	31	1.3312965000004624
2	31	1.5303902500018012
2	31	1.5355465000029653
2	31	1.5467652500010445
2	31	1.6558277500007534
2	31	1.8206090000021504
2	31	1.8451090000016848
2	31	1.8603902499999094
2	31	1.9658277500020631
2	31	1.990171500001452
2	32	-5.9714194999978645
2	32	-5.895169499995973
2	32	-5.647700749996147
2	32	-5.491075749996526
2	32	-5.471356999998534
2	32	-5.455575749998388
2	32	-5.4540444999984175
2	32	-5.335450749997108
2	32	-5.319981999997253
2	32	-5.126888249997137
2	32	-4.985825749998185
2	32	-4.952700749996438
2	32	-4.838981999997486
2	32	-4.680825749997894
2	32	-4.631669499998679
2	32	-4.5803267499977665
2	32	-4.567420499999571
2	32	-4.435451749999629
2	32	-4.412857999999687
2	32	-4.294076750000386
2	32	-4.264045500000066
2	32	-4.236920499999542
2	32	-4.1676079999997455
2	32	-4.143733000000793
2	32	-4.063107999998465
2	32	-4.03585799999928
2	32	-3.9392955000002985
2	32	-3.9343579999986105
2	32	-3.926107999999658
2	32	-3.8371392499975627
2	32	-3.655857999998261
2	32	-3.645639250000386
2	32	-3.3454204999979993
2	32	-3.3430767499994545
2	32	-3.32638924999992
2	32	-3.1905454999978247
2	32	-3.031139250000706
2	32	-2.954951749998145
2	32	-2.912295499998436
2	32	-2.824108000000706
2	32	-2.7289517499993963
2	32	-2.6175454999975045
2	32	-2.5812330000007933
2	32	-2.3789517500008515
2	32	-2.3024829999994836
2	32	-2.2148892500008515
2	32	-2.0757652499960386
2	32	-1.9287652499988326
2	32	-1.904233999997814
2	32	-1.8766714999983378
2	32	-1.7598589999979595
2	32	-1.621233999998367
2	32	-1.5814214999991236
2	32	-1.5349839999980759
2	32	-1.4021714999980759
2	32	-1.3628277499956312
2	32	-1.2171089999974356
2	32	-1.1903902499980177
2	32	-1.1758902499968826
2	32	-1.0978589999976975
2	32	-1.044765249996999
2	32	-1.0275777499991818
2	32	-0.9400777499977266
2	32	-0.9262027499971737
2	32	-0.9202964999967662
2	32	-0.8002652499963006
2	32	-0.6826402499973483
2	32	-0.5931089999976393
2	32	-0.5471402499970281
2	32	-0.44092149999778485
2	32	-0.4115464999958931
2	32	-0.3649527499983378
2	32	-0.27614024999638787
2	32	-0.07123399999909452
2	32	-0.06701524999880348
2	32	-0.01123399999778485
2	32	0.053797250002389774
2	32	0.06970350000119652
2	32	0.1843597500010219
2	32	0.2728597500026808
2	32	0.3023910000010801
2	32	0.4168900000004214
2	32	0.46104625000225496
2	32	0.5124837500006834
2	32	0.5236712500009162
2	32	0.6257962500021677
2	32	0.6407025000007707
2	32	0.6431712500016147
2	32	0.7259212499993737
2	32	0.8076399999990826
2	32	0.9152337500017893
2	32	0.9638587500012363
2	32	1.0201087499990535
2	32	1.0267024999993737
2	32	1.0866400000013527
2	32	1.148765000001731
2	32	1.3193587499990826
2	32	1.4117650000007416
2	32	1.5052962500012654
2	32	1.586358749998908
2	32	1.5997024999996938
2	32	1.6083275000019057
2	32	1.7922962500015274
2	32	1.7954212500007998
2	32	1.7982962499991118
2	32	1.9219525000007707
2	32	1.9332025000003341
2	32	1.9416400000009162
2	32	1.949952499999199
2	32	1.9566400000003341
2	33	-5.748919000001479
2	33	-5.698887750000722
2	33	-5.6550440000028175
2	33	-5.603262750002614
2	33	-5.561450250002963
2	33	-5.551482499999111
2	33	-5.51607624999815
2	33	-5.406169999998383
2	33	-5.291732499998034
2	33	-5.139169999998558
2	33	-5.063263749998441
2	33	-5.00473250000141
2	33	-4.996388749998005
2	33	-4.959732499999518
2	33	-4.929919999998674
2	33	-4.750138749997859
2	33	-4.576888749998034
2	33	-4.440201249999518
2	33	-4.410732500000449
2	33	-4.285263750000013
2	33	-4.238545000000158
2	33	-4.128482500000246
2	33	-4.112544999999955
2	33	-4.061326250001002
2	33	-4.006107500001235
2	33	-3.9420762500012643
2	33	-3.86904499999946
2	33	-3.806888750001235
2	33	-3.6299824999987322
2	33	-3.612888749998092
2	33	-3.6104825000002165
2	33	-3.605201250000391
2	33	-3.5932324999994307
2	33	-3.4267012499985867
2	33	-3.348076250000304
2	33	-3.208826250000129
2	33	-3.160576250000304
2	33	-3.157419999999547
2	33	-2.8017335000004095
2	33	-2.7744835000012245
2	33	-2.7654522500015446
2	33	-2.716358500001661
2	33	-2.608639750000293
2	33	-2.4023585000031744
2	33	-2.35935850000169
2	33	-2.3183897500020976
2	33	-2.2877335000011954
2	33	-2.2266710000003513
2	33	-2.1963897500027088
2	33	-2.1479210000034072
2	33	-2.0362022500012245
2	33	-1.915983500002767
2	33	-1.7378272500027379
2	33	-1.7195147500024177
2	33	-1.6940772500020103
2	33	-1.5929210000031162
2	33	-1.526389750000817
2	33	-1.1472647500013409
2	33	-1.1404210000000603
2	33	-1.0907022500032326
2	33	-0.9046710000002349
2	33	-0.8192647500000021
2	33	-0.7797022500017192
2	33	-0.666608500003349
2	33	-0.5980782500009809
2	33	-0.44582824999815784
2	33	-0.42320325000036974
2	33	-0.4079219999985071
2	33	-0.3875782499999332
2	33	-0.2072657499993511
2	33	-0.10473450000063167
2	33	-0.03207824999844888
2	33	-0.010640749998856336
2	33	0.14601549999861163
2	33	0.15379675000076531
2	33	0.15948425000169664
2	33	0.18314050000117277
2	33	0.2708280000006198
2	33	0.8085155000007944
2	33	0.8575154999998631
2	33	1.0343592499993974
2	33	1.0450779999991937
2	33	1.0590154999990773
2	33	1.0623904999993101
2	33	1.064328000000387
2	33	1.0759217500017257
2	33	1.1472030000004452
2	33	1.3697967500011146
2	33	1.3845155000017257
2	33	1.396671750000678
2	33	1.4032655000009981
2	33	1.4234217500015802
2	33	1.4491092499993101
2	33	1.5798280000017257
2	33	1.5968905000008817
2	33	1.7832029999990482
2	33	1.9680144999983895
2	33	1.983076999997138
2	34	-5.944293750006182
2	34	-5.940325000003213
2	34	-5.7682322500040755
2	34	-5.459982250002213
2	34	-5.4532635000032315
2	34	-5.446513500002766
2	34	-5.444701000003988
2	34	-5.4411385000021255
2	34	-5.436701000002358
2	34	-5.10279475000425
2	34	-5.030326000003697
2	34	-4.963482250001107
2	34	-4.959888500001398
2	34	-4.904576000004454
2	34	-4.898232250001456
2	34	-4.892232250003872
2	34	-4.839294750003319
2	34	-4.8214822500012815
2	34	-4.5246072500012815
2	34	-4.425794750000932
2	34	-4.4134822500018345
2	34	-4.389826000002358
2	34	-4.366982250001456
2	34	-4.241076000002067
2	34	-4.122607250003057
2	34	-4.023107250002795
2	34	-3.93091975000425
2	34	-3.9104822500012233
2	34	-3.8728572500040173
2	34	-3.8314510000018345
2	34	-3.7371697500020673
2	34	-3.713826000002882
2	34	-3.681513500003348
2	34	-3.6178572500029986
2	34	-3.609794750002038
2	34	-3.5492635000009614
2	34	-3.4382635000038135
2	34	-3.378202000003512
2	34	-3.2917332500037446
2	34	-3.257014500006335
2	34	-3.2122645000054035
2	34	-3.1074832500053162
2	34	-2.981233250004152
2	34	-2.9337645000050543
2	34	-2.6783270000050834
2	34	-2.6138582500061602
2	34	-2.534170750004705
2	34	-2.515452000003279
2	34	-2.503827000004094
2	34	-2.3765457500048797
2	34	-2.369170750003832
2	34	-2.3624520000048506
2	34	-2.355389500004094
2	34	-2.3118895000043267
2	34	-2.2422645000042394
2	34	-2.1680457500042394
2	34	-2.1454520000042976
2	34	-1.950483250006073
2	34	-1.907014500004152
2	34	-1.890139500002988
2	34	-1.7527957500060438
2	34	-1.7485145000064222
2	34	-1.6754207500052871
2	34	-1.6454207500064513
2	34	-1.5390145000055782
2	34	-1.446170750004967
2	34	-1.4004832500031625
2	34	-1.3950145000053453
2	34	-1.389233250003599
2	34	-1.3806082500050252
2	34	-1.3478270000050543
2	34	-1.1670145000061893
2	34	-1.0925770000030752
2	34	-0.9488280000041414
2	34	-0.7993592500024533
2	34	-0.7032030000045779
2	34	-0.6788592500015511
2	34	-0.5964217500040832
2	34	-0.549421750001784
2	34	-0.3506717500022205
2	34	-0.2532030000038503
2	34	-0.24020300000483985
2	34	-0.16601550000268617
2	34	-0.12570300000152201
2	34	0.06467199999678996
2	34	0.1624532499954512
2	34	0.23939074999725563
2	34	0.2673594999978377
2	34	0.2851407499983907
2	34	0.35664074999658624
2	34	0.36298449999594595
2	34	0.6449219999958586
2	34	0.6567032499951893
2	34	0.7342032499982452
2	34	0.7924219999986235
2	34	0.8263594999953057
2	34	0.8447657499964407
2	34	0.9269219999987399
2	34	0.9509532499978377
2	34	0.9852344999962952
2	34	1.030140749997372
2	34	1.0590782499966735
2	34	1.0816094999972847
2	34	1.0908594999964407
2	34	1.156890749996819
2	34	1.1789532499969937
2	34	1.1926719999974011
2	34	1.283015749995684
2	34	1.4795782499968482
2	34	1.5298594999985653
2	34	1.534546999995655
2	34	1.5482647499993618
2	34	1.5763897500000894
2	34	1.6313584999988961
2	34	1.6413584999972954
2	34	1.650045999998838
2	34	1.768670999997994
2	34	1.838983499997994
2	34	1.9668272499984596
2	34	1.9903584999992745
2	35	-5.881325499998638
2	35	-5.734419249998609
2	35	-5.666919249997591
2	35	-5.656137999998464
2	35	-5.649544249998144
2	35	-5.639012999999977
2	35	-5.599294249997911
2	35	-5.565169249999599
2	35	-5.302262999997765
2	35	-5.284137999999075
2	35	-5.256387999997969
2	35	-5.173700499999541
2	35	-5.119263000000501
2	35	-4.917262999999366
2	35	-4.804481749997649
2	35	-4.798012999999628
2	35	-4.687294249997649
2	35	-4.541825500000414
2	35	-4.536075500000152
2	35	-4.530200499997591
2	35	-4.524700499998289
2	35	-4.267294249999395
2	35	-4.21123174999957
2	35	-4.113762999997562
2	35	-4.0218567499978235
2	35	-3.784482749997551
2	35	-3.636763999998948
2	35	-3.6157327499968233
2	35	-3.559170249998715
2	35	-3.549420249997638
2	35	-3.505013999998482
2	35	-3.309888999996474
2	35	-3.3011077499977546
2	35	-3.2956389999962994
2	35	-3.289732749995892
2	35	-3.2868264999960957
2	35	-3.054732749998948
2	35	-2.935388999998395
2	35	-2.7862014999991516
2	35	-2.7757014999988314
2	35	-2.609045249995688
2	35	-2.605107749997842
2	35	-2.5357014999972307
2	35	-2.4137639999971725
2	35	-2.401170249999268
2	35	-2.3177639999958046
2	35	-2.3093264999988605
2	35	-2.224982749998162
2	35	-2.2056077499983076
2	35	-2.1209827499988023
2	35	-2.091638999998395
2	35	-2.0774202499960666
2	35	-2.068201499998395
2	35	-1.8260452499962412
2	35	-1.5817014999956882
2	35	-1.534795249997842
2	35	-1.5280764999988605
2	35	-1.2591712499997811
2	35	-1.2517024999979185
2	35	-1.2444212499976857
2	35	-1.2002962500009744
2	35	-1.0550462499995774
2	35	-1.0235775000001013
2	35	-0.9336087499978021
2	35	-0.712796249998064
2	35	-0.6639212500012945
2	35	-0.5626712499979476
2	35	-0.5244524999980058
2	35	-0.48510874999919906
2	35	-0.30626499999925727
2	35	0.02223500000036438
2	35	0.237141249999695
2	35	0.28911000000152853
2	35	0.32023499999922933
2	35	0.3392974999987928
2	35	0.38442249999934575
2	35	0.5648287500007427
2	35	0.644828749998851
2	35	0.7152974999989965
2	35	0.7895475000004808
2	35	0.9269537500003935
2	35	0.9647037499998987
2	35	0.983234999999695
2	35	1.095234000003984
2	35	1.2303590000010445
2	35	1.2591402500038384
2	35	1.2705152500020631
2	35	1.433327750000899
2	35	1.448859000003722
2	35	1.5079215000005206
2	35	1.5209527500010154
2	35	1.6443590000017139
2	35	1.7034527500036347
2	35	1.7423590000034892
2	35	1.778015250001772
2	35	1.8988590000008116
2	35	1.948859000003722
2	36	-5.946262500001467
2	36	-5.882543750001787
2	36	-5.877824999999575
2	36	-5.7620124999994005
2	36	-5.674856249999721
2	36	-5.558325000001787
2	36	-5.48313749999943
2	36	-5.4579499999999825
2	36	-5.194731250001496
2	36	-5.151481249999051
2	36	-5.038012500001059
2	36	-4.909449999999197
2	36	-4.819918749999488
2	36	-4.804543750000448
2	36	-4.689699999998993
2	36	-4.616825000000972
2	36	-4.438043750000361
2	36	-4.393013499997323
2	36	-4.3705134999981965
2	36	-4.2682322500004375
2	36	-4.2533259999981965
2	36	-4.218044749999535
2	36	-4.057263499998953
2	36	-3.938732249996974
2	36	-3.84660724999776
2	36	-3.7255759999970905
2	36	-3.6219509999973525
2	36	-3.6125759999995353
2	36	-3.4687634999972943
2	36	-3.43376349999744
2	36	-3.3115134999970905
2	36	-3.298794749996887
2	36	-3.1990759999971488
2	36	-3.085013500000059
2	36	-3.028544749999128
2	36	-3.00676349999776
2	36	-2.9526697499968577
2	36	-2.8656697499973234
2	36	-2.8622947499970905
2	36	-2.800232249999681
2	36	-2.6867322500002047
2	36	-2.6779822499993315
2	36	-2.5377635000004375
2	36	-2.4084197499978472
2	36	-2.393888499998866
2	36	-2.2884822499981965
2	36	-1.9007645000019693
2	36	-1.885514500001591
2	36	-1.7201082499996119
2	36	-1.5624207500004559
2	36	-1.385920749999059
2	36	-1.3284207500000775
2	36	-1.3162957499989716
2	36	-1.3132332499990298
2	36	-1.3072644999992917
2	36	-1.3000769999998738
2	36	-1.1410457500023767
2	36	-1.0800457500008633
2	36	-1.0545769999989716
2	36	-0.8778582500017365
2	36	-0.7021082499995828
2	36	-0.5671394999990298
2	36	-0.5433269999994081
2	36	-0.5304832500005432
2	36	-0.21420199999920442
2	36	-0.11832700000013574
2	36	-0.08673325000199839
2	36	0.11136049999913666
2	36	0.1961105000009411
2	36	0.5402042499990785
2	36	0.546329249998962
2	36	0.5566417499976524
2	36	0.5662979999979143
2	36	0.5722667499976524
2	36	0.6138907500026107
2	36	0.6184845000025234
2	36	0.6222657500002242
2	36	0.7592970000005153
2	36	0.8460782500005735
2	36	0.9172345000006317
2	36	1.004140749999351
2	36	1.1298907500022324
2	36	1.1943282499996712
2	36	1.2039220000006026
2	36	1.417890750002698
2	36	1.564359500000137
2	36	1.6860157500013884
2	36	1.703359499999351
2	36	1.7101094999998168
2	37	-5.974012500002573
2	37	-5.865137500004494
2	37	-5.850606250005512
2	37	-5.703481250006007
2	37	-5.673293750005541
2	37	-5.6518250000044645
2	37	-5.561075000005076
2	37	-5.526575000003504
2	37	-5.354418750004697
2	37	-5.278356250004435
2	37	-5.176418750004814
2	37	-5.164793750005629
2	37	-5.128512500003126
2	37	-5.0755437500047265
2	37	-4.9952625000041735
2	37	-4.992700000002515
2	37	-4.872918750003009
2	37	-4.864075000004959
2	37	-4.765638500000932
2	37	-4.7529197500007285
2	37	-4.742701000002853
2	37	-4.609607250004046
2	37	-4.455482250003115
2	37	-4.178888500002358
2	37	-4.134763500002009
2	37	-4.10913850000361
2	37	-4.0554510000038135
2	37	-3.7838572500040755
2	37	-3.6926697500020964
2	37	-3.668357250004192
2	37	-3.5747947500021837
2	37	-3.567919750003057
2	37	-3.5360135000009905
2	37	-3.4192322500020964
2	37	-3.4082322500034934
2	37	-2.7662635000015143
2	37	-2.5238885000035225
2	37	-2.406326000003901
2	37	-2.1301395000009506
2	37	-2.0749207500011835
2	37	-2.009577000000718
2	37	-1.9843895000012708
2	37	-1.8917645000001357
2	37	-1.879764500001329
2	37	-1.8749520000019402
2	37	-1.871233249999932
2	37	-1.8085457500019402
2	37	-1.794639499999903
2	37	-1.7061082500003977
2	37	-1.5747332499995537
2	37	-1.4927019999995537
2	37	-1.2953269999998156
2	37	-0.9967644999996992
2	37	-0.9636395000015909
2	37	-0.8692645000010089
2	37	-0.7226082500019402
2	37	-0.6145770000002813
2	37	-0.4454207500020857
2	37	-0.3477332500006014
2	37	-0.3319520000004559
2	37	-0.20367075000103796
2	37	-0.19342075000167824
2	37	-0.15370199999961187
2	37	-0.1289207500012708
2	37	-0.0065770000001066364
2	37	0.00832924999849638
2	37	0.015266750000591855
2	37	0.05254799999966053
2	37	0.10114174999762326
2	37	0.2628282499972556
2	37	0.31682824999734294
2	37	0.3862032499964698
2	37	0.44654699999591685
2	37	0.6173594999963825
2	37	0.6524844999985362
2	37	0.7417032499979541
2	37	0.7784532499972556
2	37	0.8234844999969937
2	37	0.9011407499965571
2	37	0.9733282499983034
2	37	1.084609499997896
2	37	1.1942657499967027
2	37	1.2751407499963534
2	37	1.307078249996266
2	37	1.4582032499965862
2	37	1.5333907499989436
2	37	1.5650157499985653
2	37	1.623671999997896
2	37	1.7617657499977213
2	37	1.9334219999982452
2	38	-5.9561692499992205
2	38	-5.781638000000385
2	38	-5.775325499998871
2	38	-5.772919250000996
2	38	-5.760200500000792
2	38	-5.680481750001491
2	38	-5.5612317499981145
2	38	-5.552263000001403
2	38	-5.487825500000326
2	38	-5.436794249999366
2	38	-5.435262999999395
2	38	-5.298137999998289
2	38	-5.288231750000705
2	38	-5.129701500001829
2	38	-5.113326500002586
2	38	-5.047326500003692
2	38	-4.943326500000694
2	38	-4.890045250002004
2	38	-4.8825140000008105
2	38	-4.867107750000287
2	38	-4.679170250001334
2	38	-4.665014000001975
2	38	-4.618076500002644
2	38	-4.496232750003401
2	38	-4.48260775000017
2	38	-4.4069827500024985
2	38	-4.372795250001218
2	38	-4.268795250001858
2	38	-4.2443577500016545
2	38	-4.0454515000019455
2	38	-3.9133577500033425
2	38	-3.902076500002295
2	38	-3.8574202500021784
2	38	-3.8064202500027022
2	38	-3.717764000000898
2	38	-3.6552327500030515
2	38	-3.6468577500018
2	38	-3.638639000000694
2	38	-3.624326500001189
2	38	-3.599576500000694
2	38	-3.5929515000025276
2	38	-3.507795250003255
2	38	-3.432107750002615
2	38	-3.411982750003517
2	38	-3.1612015000027895
2	38	-2.798264000000927
2	38	-2.763326500000403
2	38	-2.757545250002295
2	38	-2.755732750003517
2	38	-2.6937952500011306
2	38	-2.46442124999885
2	38	-2.290014999998675
2	38	-2.2877962499987916
2	38	-2.2713587500002177
2	38	-2.2008275000007416
2	38	-2.1771712500012654
2	38	-1.9904837499998393
2	38	-1.9882649999999558
2	38	-1.9618587500008289
2	38	-1.9502025000001595
2	38	-1.9445774999985588
2	38	-1.9412962499991409
2	38	-1.9318899999998393
2	38	-1.9271087500019348
2	38	-1.906452499999432
2	38	-1.8330150000001595
2	38	-1.7236400000001595
2	38	-1.7093275000006543
2	38	-1.6518275000016729
2	38	-1.5133900000000722
2	38	-1.4498275000005378
2	38	-1.4416712499987625
2	38	-1.4317962499990244
2	38	-1.3003587499988498
2	38	-1.1014212500012945
2	38	-1.024577500000305
2	38	-0.8602337500014983
2	38	-0.7887962499989953
2	38	-0.7712025000000722
2	38	-0.7587649999986752
2	38	-0.7217024999990826
2	38	-0.671265000000858
2	38	-0.5292650000010326
2	38	-0.5052337500019348
2	38	-0.39517124999838416
2	38	-0.23423375000129454
2	38	-0.16042225000273902
2	38	-0.08698475000346662
2	38	0.012577749996125931
2	38	0.09589024999877438
2	38	0.15654649999851245
2	38	0.21810899999763933
2	38	0.24570274999859976
2	38	0.3108902499989199
2	38	0.4415464999983669
2	38	0.6071714999961841
2	38	0.6154214999987744
2	38	0.8539214999982505
2	38	0.8732339999987744
2	38	0.9712027499990654
2	38	0.9832964999986871
2	38	1.0296714999967662
2	38	1.139858999998978
2	38	1.1566714999971737
2	38	1.1607339999973192
2	38	1.2272964999974647
2	38	1.3862652499992691
2	38	1.3997339999987162
2	38	1.6255777499973192
2	38	1.6705464999977266
2	38	1.7693277499965916
2	38	1.7842964999981632
2	38	1.856233999998949
2	38	1.8738589999993565
2	39	-5.973294500003249
2	39	-5.941044500003045
2	39	-5.914294500002143
2	39	-5.864794500001153
2	39	-5.8484820000012405
2	39	-5.804357000000891
2	39	-5.758450750003249
2	39	-5.724482000001444
2	39	-5.599575750002259
2	39	-5.587294500001008
2	39	-5.531075750001037
2	39	-5.507950750001328
2	39	-5.452763250003045
2	39	-5.436669500002608
2	39	-5.4192007500023465
2	39	-5.411044500000571
2	39	-5.4049195000006875
2	39	-5.396232000002783
2	39	-5.2270757500009495
2	39	-5.169857000000775
2	39	-5.151669500002754
2	39	-5.036450750001677
2	39	-5.013607000000775
2	39	-4.976388250001037
2	39	-4.954450750003161
2	39	-4.805388250002579
2	39	-4.722294500003045
2	39	-4.657732000003307
2	39	-4.629544500003249
2	39	-4.610888250001153
2	39	-4.581044500002463
2	39	-4.567794500002492
2	39	-4.529233000001113
2	39	-4.524170500000764
2	39	-4.31998300000123
2	39	-4.2631079999991925
2	39	-4.201108000001113
2	39	-4.147389249999833
2	39	-4.144076749998931
2	39	-4.0607017500005895
2	39	-4.008826749999571
2	39	-3.8937330000007933
2	39	-3.795014250001259
2	39	-3.6636079999989306
2	39	-3.627764249999018
2	39	-3.4942642499991052
2	39	-3.434326750000764
2	39	-3.375733000000764
2	39	-3.231920499998523
2	39	-3.094045499998174
2	39	-3.048608000000968
2	39	-2.8134829999980866
2	39	-2.7302329999984067
2	39	-2.648014250000415
2	39	-2.496514250000473
2	39	-2.4874205000014626
2	39	-2.475451750000502
2	39	-2.458076750001055
2	39	-2.2785142499997164
2	39	-2.0302965000009863
2	39	-1.9566402500022377
2	39	-1.9395465000015975
2	39	-1.8477652500005206
2	39	-1.8396715000017139
2	39	-1.8342652500032273
2	39	-1.8218277500018303
2	39	-1.810077750000346
2	39	-1.7649840000012773
2	39	-1.6652965000030235
2	39	-1.541171500000928
2	39	-1.4542340000007243
2	39	-1.2658590000028198
2	39	-1.2146090000023833
2	39	-1.2053902500010736
2	39	-1.0305152500004624
2	39	-0.8856715000001714
2	39	-0.8349840000009863
2	39	-0.6831402500029071
2	39	-0.6009527500027616
2	39	-0.5827027500017721
2	39	-0.5735152500019467
2	39	-0.5253590000029362
2	39	-0.5195465000033437
2	39	-0.5111715000020922
2	39	-0.5030465000018012
2	39	-0.49664025000311085
2	39	-0.3017652500020631
2	39	-0.2923277500012773
2	39	-0.009546500001306413
2	39	-0.006734000002325047
2	39	0.06514099999913014
2	39	0.10185974999694736
2	39	0.14254724999773316
2	39	0.379578499996569
2	39	0.38542224999764585
2	39	0.39057849999881
2	39	0.5304524999992282
2	39	0.6066712499996356
2	39	0.6280149999984133
2	39	0.736546249998355
2	39	0.7857025000012072
2	39	0.8411400000004505
2	39	1.0117024999999558
2	39	1.1817650000011781
2	39	1.2373274999990826
2	39	1.305421249999199
2	39	1.4069212499998685
2	39	1.4998274999998102
2	39	1.5112650000010035
2	39	1.5608275000013236
2	39	1.6154837499998393
2	39	1.631483749999461
2	39	1.741983749998326
2	39	1.8174212499980058
2	39	1.8266399999993155
2	39	1.858765000000858
2	39	1.8811087499998393
2	40	-5.956387750000431
2	40	-5.953512750002119
2	40	-5.950231499999063
2	40	-5.947262749999936
2	40	-5.9390752500003146
2	40	-5.666856499999994
2	40	-5.522450250002294
2	40	-5.433575250001013
2	40	-5.326825250002003
2	40	-5.268387750002148
2	40	-5.142388750002283
2	40	-5.135920000004262
2	40	-5.052263750003476
2	40	-4.9646075000018755
2	40	-4.8122637500018755
2	40	-4.660451250001643
2	40	-4.629857500003709
2	40	-4.594045000001643
2	40	-4.530045000003156
2	40	-4.489576250001846
2	40	-4.400795000001381
2	40	-4.366701250000915
2	40	-4.337638750002952
2	40	-4.268201250000857
2	40	-4.238920000003418
2	40	-4.17826375000368
2	40	-4.074326250003651
2	40	-4.057482500003971
2	40	-4.031888750003418
2	40	-3.9702950000028068
2	40	-3.83988875000432
2	40	-3.8193887500019628
2	40	-3.7177950000041164
2	40	-3.682201250001526
2	40	-3.4338887500016426
2	40	-3.2441075000024284
2	40	-3.1082950000018172
2	40	-3.1014200000026904
2	40	-2.9897012500041455
2	40	-2.91757625000173
2	40	-2.910920000002079
2	40	-2.8980137500038836
2	40	-2.861138750002283
2	40	-2.673889749999944
2	40	-2.561546000000817
2	40	-2.4327647499994782
2	40	-2.3620772499998566
2	40	-2.2267022500018356
2	40	-2.1128897500020685
2	40	-2.038639750000584
2	40	-2.010452250000526
2	40	-2.0043585000021267
2	40	-1.831796000002214
2	40	-1.7929834999995364
2	40	-1.6913897500016901
2	40	-1.533795999999711
2	40	-1.4790772500018647
2	40	-1.3325460000014573
2	40	-1.0542960000020685
2	40	-0.899233500000264
2	40	-0.894296000002214
2	40	-0.8672960000003513
2	40	-0.686858500001108
2	40	-0.6704210000025341
2	40	-0.6284522499990999
2	40	-0.5838272500004678
2	40	-0.441483500002505
2	40	-0.33682725000107894
2	40	-0.324702249999973
2	40	0.011327999996865401
2	40	0.13045299999794224
2	40	0.14542174999587587
2	40	0.15570299999671988
2	40	0.4510779999982333
2	40	0.4580154999966908
2	40	0.5414217499965162
2	40	0.590234249997593
2	40	0.6887029999961669
2	40	0.7442654999977094
2	40	0.7917029999953229
2	40	0.9095779999988736
2	40	0.9748592499963706
2	40	0.9887654999984079
2	40	0.9931404999988445
2	40	1.136077999995905
2	40	1.161671749996458
2	40	1.3272654999964288
2	40	1.375702999997884
2	40	1.4455779999952938
2	40	1.4487342499960505
2	40	1.4613592499954393
2	40	1.6630467499962833
2	40	1.6783904999974766
2	40	1.6911404999955266
2	40	1.7775154999981169
2	40	1.7867654999972729
2	40	1.7985467499966035
2	40	1.8865467499963415
2	40	1.9485467499980587
2	41	-5.985886999998911
2	41	-5.805168249997223
2	41	-5.738699499997892
2	41	-5.735199499998998
2	41	-5.707480749995739
2	41	-5.626075500000297
2	41	-5.614262999999482
2	41	-5.559231749997707
2	41	-5.545075499998347
2	41	-5.379856749997998
2	41	-5.170888000000559
2	41	-5.160919250000006
2	41	-5.158387999999832
2	41	-5.109356749999279
2	41	-4.980856750000385
2	41	-4.973575500000152
2	41	-4.902325499999279
2	41	-4.875669249999191
2	41	-4.8293254999989585
2	41	-4.81016924999858
2	41	-4.667794249999133
2	41	-4.478762999999162
2	41	-4.273575499999424
2	41	-4.214887999998609
2	41	-4.127137999999832
2	41	-3.8864504999983183
2	41	-3.8795754999991914
2	41	-3.8128880000003846
2	41	-3.755169249998289
2	41	-3.7291067500009376
2	41	-3.6040130000001227
2	41	-3.585325500000181
2	41	-3.3404504999998608
2	41	-3.3383880000001227
2	41	-3.3042317500003264
2	41	-3.1537952499966195
2	41	-2.986513999996532
2	41	-2.980013999997027
2	41	-2.972732749996794
2	41	-2.9592014999980165
2	41	-2.9474827499980165
2	41	-2.9432639999977255
2	41	-2.9351702499989187
2	41	-2.644982749996416
2	41	-2.6281077499988896
2	41	-2.52123274999758
2	41	-2.508795249996183
2	41	-2.5054827499989187
2	41	-2.1642014999961248
2	41	-2.102763999999297
2	41	-2.0280452499973762
2	41	-2.005388999998104
2	41	-1.9405764999974053
2	41	-1.8439827499969397
2	41	-1.7768264999976964
2	41	-1.7592327499987732
2	41	-1.7541389999969397
2	41	-1.5644514999985404
2	41	-1.5225452499980747
2	41	-1.4866077499973471
2	41	-1.1062952499960375
2	41	-1.0594202499960375
2	41	-1.0562639999989187
2	41	-0.900763999998162
2	41	-0.7750764999982493
2	41	-0.7715139999963867
2	41	-0.769388999997318
2	41	-0.6208274999953574
2	41	-0.5470149999964633
2	41	-0.534858749997511
2	41	-0.5005774999954156
2	41	-0.4265774999948917
2	41	-0.4244837499973073
2	41	-0.4042649999973946
2	41	-0.23623374999442603
2	41	-0.17917124999439693
2	41	-0.15698374999556108
2	41	-0.14417124999454245
2	41	0.08073500000318745
2	41	0.08298500000455533
2	41	0.19876625000324566
2	41	0.2678287500057195
2	41	0.2787350000035076
2	41	0.35654750000321656
2	41	0.43861000000470085
2	41	0.5925475000040024
2	41	0.6673912500045844
2	41	0.705891250003333
2	41	0.9681725000045844
2	41	1.124891250005021
2	41	1.1716412500027218
2	41	1.1886412500025472
2	41	1.29914125000505
2	41	1.3257350000021688
2	41	1.4271725000035076
2	41	1.4925162500039733
2	41	1.546860000002198
2	41	1.5707350000047882
2	41	1.6416100000024016
2	41	1.6654537500035076
2	41	1.7353287500045553
2	41	1.7790152500019758
2	41	1.8418902500015975
2	41	1.866827750000084
2	41	1.9505777500016848
2	41	1.9784840000029362
2	41	1.999421500000608
2	42	-5.94979450000028
2	42	-5.907607000001008
2	42	-5.887888249999378
2	42	-5.7707632499987085
2	42	-5.750138250001328
2	42	-5.721356999998534
2	42	-5.635607000000164
2	42	-5.593606999998883
2	42	-5.5129507499987085
2	42	-5.505107000000862
2	42	-5.365388250000251
2	42	-5.358107000000018
2	42	-5.312575749998359
2	42	-5.054231999998592
2	42	-4.79995074999897
2	42	-4.792294499999116
2	42	-4.76845074999801
2	42	-4.6560444999995525
2	42	-4.581481999997777
2	42	-4.5611695000006875
2	42	-4.551013249998505
2	42	-4.538075749998825
2	42	-4.523107000000891
2	42	-4.496044499999698
2	42	-4.471388250000018
2	42	-4.465638249999756
2	42	-4.2065132499992615
2	42	-4.141201749996981
2	42	-4.069670499997301
2	42	-3.936170499997388
2	42	-3.8561392499977956
2	42	-3.8017642499980866
2	42	-3.7053267499977665
2	42	-3.7001704999966023
2	42	-3.6354517499967187
2	42	-3.615857999997388
2	42	-3.4775142499966023
2	42	-3.4006392499977665
2	42	-3.3941704999961075
2	42	-3.2072642499988433
2	42	-3.129014249996544
2	42	-2.816201749996253
2	42	-2.784764249998261
2	42	-2.6876392499980284
2	42	-2.6674517499996
2	42	-2.6087954999966314
2	42	-2.574420499997359
2	42	-2.536076749998756
2	42	-2.3510142499981157
2	42	-2.0939204999995127
2	42	-2.059326749997126
2	42	-2.0556392499966023
2	42	-2.0521704999991925
2	42	-1.9087642499980575
2	42	-1.5972340000007534
2	42	-1.5645465000015975
2	42	-1.4545777499988617
2	42	-1.2823902499985707
2	42	-1.1557964999992691
2	42	-1.0252964999999676
2	42	-0.9250465000004624
2	42	-0.8207027499993274
2	42	-0.8058277499985707
2	42	-0.7654839999995602
2	42	-0.7382027499988908
2	42	-0.6864214999986871
2	42	-0.6836089999997057
2	42	-0.5749214999996184
2	42	-0.15654649999851245
2	42	-0.08667150000110269
2	42	-0.05764025000098627
2	42	-0.05485899999985122
2	42	0.09023475000140024
2	42	0.128141000001051
2	42	0.28229724999982864
2	42	0.284391000001051
2	42	0.37857850000000326
2	42	0.4225785000016913
2	42	0.4913909999995667
2	42	0.5034222499998577
2	42	0.527609749999101
2	42	0.5548597500019241
2	42	0.6362347499998577
2	42	0.8515785000017786
2	42	0.8807025000023714
2	42	0.909858750001149
2	42	1.022327500002575
2	42	1.0763587500005087
2	42	1.2898587500021677
2	42	1.530327500000567
2	42	1.5808900000010908
2	42	1.7157962500023132
2	42	1.7309212500003923
2	42	1.891671250003128
2	42	1.9997337500026333
2	43	-5.981606749999628
2	43	-5.9714817499989294
2	43	-5.860794250002073
2	43	-5.856512999998813
2	43	-5.849637999999686
2	43	-5.842638000001898
2	43	-5.837325500000588
2	43	-5.739388000001782
2	43	-5.618106750000152
2	43	-5.605200500001956
2	43	-5.525825500000792
2	43	-5.379981750000297
2	43	-5.2878879999989294
2	43	-5.2668254999989585
2	43	-5.235606750000443
2	43	-5.213544250000268
2	43	-5.09966925000117
2	43	-5.090606750000006
2	43	-4.94463800000085
2	43	-4.930638000001636
2	43	-4.872638000000734
2	43	-4.75541924999925
2	43	-4.694075499999599
2	43	-4.629950499998813
2	43	-4.322607750000316
2	43	-4.269045249999181
2	43	-4.239951499999734
2	43	-4.1932639999977255
2	43	-4.1694202500002575
2	43	-4.163701499997842
2	43	-4.131670249997114
2	43	-4.084732749997784
2	43	-4.042951499999617
2	43	-3.916482749998977
2	43	-3.8347327499977837
2	43	-3.83270149999953
2	43	-3.780388999999559
2	43	-3.7268889999977546
2	43	-3.4883889999982785
2	43	-3.3384202499983076
2	43	-3.32098274999953
2	43	-3.296545249999326
2	43	-3.1632327499974053
2	43	-3.0484202499974344
2	43	-3.040451499997289
2	43	-2.919170249999297
2	43	-2.900951499999792
2	43	-2.8171389999988605
2	43	-2.762701499999821
2	43	-2.6510139999991225
2	43	-2.5792639999999665
2	43	-2.577357750000374
2	43	-2.5680452499982493
2	43	-2.480420249998133
2	43	-2.333857749999879
2	43	-2.32098274999953
2	43	-2.2879514999985986
2	43	-2.260013999999501
2	43	-2.2375452499982202
2	43	-2.2147640000002866
2	43	-2.207607749998715
2	43	-2.202045250000083
2	43	-1.9911702499994135
2	43	-1.934576499999821
2	43	-1.924358750002284
2	43	-1.8486400000001595
2	43	-1.8307337500009453
2	43	-1.6014837500006252
2	43	-1.4631399999998393
2	43	-1.3732962499998393
2	43	-1.365233749998879
2	43	-1.0645775000011781
2	43	-1.0459212499990826
2	43	-1.030015000000276
2	43	-1.0227962499993737
2	43	-0.8751712500015856
2	43	-0.8648900000007416
2	43	-0.8580150000016147
2	43	-0.8539525000014692
2	43	-0.8361399999994319
2	43	-0.5503587499988498
2	43	-0.5456400000002759
2	43	-0.5435462499990535
2	43	-0.5400462500001595
2	43	-0.4447650000001886
2	43	-0.3837962500001595
2	43	-0.1636087500010035
2	43	-0.16032750000158558
2	43	-0.06732750000082888
2	43	-0.006702499998937128
2	43	0.13001625000106287
2	43	0.15554749999864725
2	43	0.18701624999812339
2	43	0.21320374999777414
2	43	0.6466089999994438
2	43	0.6511090000021795
2	43	0.6559527499994147
2	43	0.6588902500006952
2	43	0.8489840000002005
2	43	0.9480152500000258
2	43	0.9544215000023542
2	43	0.9594214999997348
2	43	1.1514840000018012
2	43	1.2400465000027907
2	43	1.2502652500006661
2	43	1.336077750002005
2	43	1.5227027500004624
2	43	1.700796500001161
2	43	1.7138902500009863
2	43	1.828890250002587
2	43	1.9077964999996766
2	43	1.9707340000022668
2	44	-5.9368570000006
2	44	-5.832513249999465
2	44	-5.773138250002376
2	44	-5.66854450000028
2	44	-5.628388250002899
2	44	-5.609357000001182
2	44	-5.377450750002026
2	44	-5.358638249999785
2	44	-5.2934820000009495
2	44	-5.2068257499995525
2	44	-5.183044500001415
2	44	-5.17507575000127
2	44	-4.66335700000127
2	44	-4.5275445000006584
2	44	-4.52445075000287
2	44	-4.442138250000426
2	44	-4.379450750002434
2	44	-4.268014249999396
2	44	-4.1171392500000366
2	44	-4.084358000000066
2	44	-4.0784830000011425
2	44	-4.038670499998261
2	44	-3.9177017500005604
2	44	-3.9014829999978247
2	44	-3.886420499999076
2	44	-3.785545499998989
2	44	-3.757920500000182
2	44	-3.6323579999989306
2	44	-3.5460767500007933
2	44	-3.538326750000124
2	44	-3.3742017500007933
2	44	-3.2877642499988724
2	44	-3.2146079999984067
2	44	-3.2097329999996873
2	44	-3.159420500000124
2	44	-3.144420500000706
2	44	-3.075951750000968
2	44	-3.0674829999989015
2	44	-3.00320174999797
2	44	-2.858045500001026
2	44	-2.7831392500011134
2	44	-2.742264249998698
2	44	-2.7097642500011716
2	44	-2.61379549999765
2	44	-2.5658267500002694
2	44	-2.5476705000000948
2	44	-2.544732999998814
2	44	-2.4036392499983776
2	44	-2.3281705000008515
2	44	-2.2253892500011716
2	44	-2.221014250000735
2	44	-2.08913924999797
2	44	-2.0463267499981157
2	44	-1.9154204999977082
2	44	-1.886295500000415
2	44	-1.7246090000007825
2	44	-1.7029840000031982
2	44	-1.6520152500015683
2	44	-1.6453590000019176
2	44	-1.6177027500016266
2	44	-1.5586089999997057
2	44	-1.4423277500027325
2	44	-1.2590152500015392
2	44	-1.2392340000005788
2	44	-1.2357027500002005
2	44	-1.1184527500008699
2	44	-1.098109000002296
2	44	-0.8730152500029362
2	44	-0.8660777500008408
2	44	-0.8492965000004915
2	44	-0.7222652500022377
2	44	-0.6852027500026452
2	44	-0.6676715000030526
2	44	-0.5954215000019758
2	44	-0.5767652499998803
2	44	-0.5597965000015392
2	44	-0.2922027500026161
2	44	-0.1915465000020049
2	44	-0.07520275000206311
2	44	-0.020515250002063112
2	44	0.06729724999968312
2	44	0.09020349999991595
2	44	0.1178909999980533
2	44	0.15914100000009057
2	44	0.1701409999986936
2	44	0.18529724999825703
2	44	0.1897659999995085
2	44	0.3302659999972093
2	44	0.5513597499993921
2	44	0.5657347499982279
2	44	0.5723284999985481
2	44	0.6551097499977914
2	44	0.7920462500005669
2	44	0.9231712500004505
2	44	1.0202024999998685
2	44	1.1902650000010908
2	44	1.1920462500020221
2	44	1.2031087499999558
2	44	1.377889999999752
2	44	1.4415775000015856
2	44	1.5057962499995483
2	44	1.6031399999992573
2	44	1.6108899999999267
2	44	1.614827500001411
2	44	1.6820462499999849
2	44	1.7002962500009744
2	44	1.7652650000018184
2	44	1.7879837500004214
2	44	1.8441400000010617
2	44	1.866171249999752
2	44	1.9307962499988207
2	44	1.9617962500014983
2	44	1.9913899999992282
2	45	-5.967700749999494
2	45	-5.935325749996991
2	45	-5.779356999999436
2	45	-5.77254449999964
2	45	-5.749138249997486
2	45	-5.742638249997981
2	45	-5.710388249997777
2	45	-5.626888249997137
2	45	-5.589388249998592
2	45	-5.38929449999705
2	45	-5.381857000000309
2	45	-5.361606999998912
2	45	-5.338888250000309
2	45	-5.287856999999349
2	45	-5.217263250000542
2	45	-5.1975757500003965
2	45	-5.072138249997806
2	45	-4.911450749998039
2	45	-4.849356999999145
2	45	-4.776981999999407
2	45	-4.7725132499981555
2	45	-4.758481999997457
2	45	-4.697294499997952
2	45	-4.550326750002569
2	45	-4.4172017500022775
2	45	-4.371576749999804
2	45	-4.293295499999658
2	45	-4.159420500000124
2	45	-4.117170500001521
2	45	-4.0301705000019865
2	45	-3.893170499999542
2	45	-3.786608000002161
2	45	-3.6505142499991052
2	45	-3.524545500000386
2	45	-3.5117955000023358
2	45	-3.376951750000444
2	45	-3.0825142499998037
2	45	-3.0388892500013753
2	45	-2.96060800000123
2	45	-2.9015767500022775
2	45	-2.872858000002452
2	45	-2.7763579999991634
2	45	-2.7692642500005604
2	45	-2.594982999999047
2	45	-2.5726080000022193
2	45	-2.556108000000677
2	45	-2.393420500000502
2	45	-2.390326749999076
2	45	-2.3072017500016955
2	45	-2.1776705000011134
2	45	-2.0392652499976975
2	45	-2.0334839999995893
2	45	-1.9794215000001714
2	45	-1.9697652499999094
2	45	-1.916265249998105
2	45	-1.88492149999729
2	45	-1.8219214999990072
2	45	-1.7610777499976393
2	45	-1.692577750000055
2	45	-1.5645152500001132
2	45	-1.5348589999994147
2	45	-1.5253589999992982
2	45	-1.2647027499988326
2	45	-1.205640249998396
2	45	-1.194640249999793
2	45	-1.1548902499998803
2	45	-1.14560899999924
2	45	-0.9404839999988326
2	45	-0.9353277499976684
2	45	-0.9256089999980759
2	45	-0.9216402499987453
2	45	-0.8342964999974356
2	45	-0.6508589999975811
2	45	-0.5136715000007825
2	45	-0.43098399999871617
2	45	-0.40495274999921094
2	45	-0.40182774999993853
2	45	-0.09267149999868707
2	45	0.08304725000198232
2	45	0.24289100000169128
2	45	0.24982850000014878
2	45	0.25582850000137114
2	45	0.2618285000025935
2	45	0.2702972500010219
2	45	0.2835472500009928
2	45	0.3172035000025062
2	45	0.56867124999917
2	45	0.5866087499998685
2	45	0.771702499998355
2	45	0.7817962499975692
2	45	0.7873587499998393
2	45	0.8702024999984133
2	45	0.8767024999979185
2	45	0.8929524999985006
2	45	1.019546249997802
2	45	1.0577649999977439
2	45	1.129327499998908
2	45	1.1661087499996938
2	45	1.3032962500001304
2	45	1.3590462499996647
2	45	1.3750462499992864
2	45	1.87438999999722
2	45	1.882827499997802
2	45	1.946546249997482
2	46	-5.939449999998033
2	46	-5.92210625000007
2	46	-5.754418749998877
2	46	-5.7498874999982945
2	46	-5.6431062499978
2	46	-5.589231250000012
2	46	-5.587043749997974
2	46	-5.581262499999866
2	46	-5.53782499999943
2	46	-5.447949999997945
2	46	-5.4227937499999825
2	46	-5.300168750000012
2	46	-5.204481249998935
2	46	-5.201012499997887
2	46	-5.114356250000128
2	46	-5.106106249997538
2	46	-4.982325000000856
2	46	-4.9438874999978
2	46	-4.793106249999255
2	46	-4.701512499999808
2	46	-4.62401250000039
2	46	-4.533887499997945
2	46	-4.517949999997654
2	46	-4.494699999999284
2	46	-4.483356249998906
2	46	-4.387201000001369
2	46	-4.289232250001078
2	46	-4.228888500001631
2	46	-4.074794750002184
2	46	-4.063576000000467
2	46	-4.050669750002271
2	46	-4.042169750002358
2	46	-3.9577947500001756
2	46	-3.8910759999998845
2	46	-3.8342947500023
2	46	-3.827826000000641
2	46	-3.813201000000845
2	46	-3.7482635000014852
2	46	-3.5853572500018345
2	46	-3.560107250003057
2	46	-3.488575999999739
2	46	-3.46954475000166
2	46	-3.42657600000166
2	46	-3.406044750001456
2	46	-3.372638500000903
2	46	-3.2765447500023583
2	46	-3.26641975000166
2	46	-3.253669749999972
2	46	-3.246169750000263
2	46	-3.242294750001747
2	46	-2.855763499999739
2	46	-2.8170760000029986
2	46	-2.507607250001456
2	46	-2.4140135000016016
2	46	-2.224201000000903
2	46	-2.1030447500015725
2	46	-2.080794749999768
2	46	-1.9916072500018345
2	46	-1.8567957499981276
2	46	-1.7513895000010962
2	46	-1.744170750000194
2	46	-1.53467074999935
2	46	-1.4852019999998447
2	46	-1.4277957499980403
2	46	-1.2658894999985932
2	46	-1.2590144999994664
2	46	-1.0462645000006887
2	46	-1.032920749999903
2	46	-1.028514499997982
2	46	-1.0243269999991753
2	46	-1.0201395000003686
2	46	-0.8769519999987097
2	46	-0.8667019999993499
2	46	-0.6639519999989716
2	46	-0.637264500001038
2	46	-0.5680769999999029
2	46	-0.5268895000008342
2	46	-0.46298324999952456
2	46	-0.4445769999983895
2	46	-0.42632700000103796
2	46	-0.27704575000097975
2	46	-0.2580457500007469
2	46	-0.22276449999844772
2	46	-0.1937957500012999
2	46	-0.18817074999969918
2	46	-0.1539520000005723
2	46	-0.02360825000141631
2	46	0.18720424999992247
2	46	0.25098549999893294
2	46	0.3272355000008247
2	46	0.33707924999907846
2	46	0.4819229999993695
2	46	0.5240157499974885
2	46	0.6419532499967318
2	46	0.6638594999967609
2	46	0.6657657499999914
2	46	0.680015749996528
2	46	0.8185157499974594
2	46	0.8305469999977504
2	46	0.8467969999983325
2	46	0.85373449999679
2	46	0.9139532499975758
2	46	0.9750157499984198
2	46	1.104140749997896
2	46	1.204984500000137
2	46	1.2482969999982743
2	46	1.411203249997925
2	46	1.4183282499980123
2	46	1.4997344999974302
2	46	1.7379532499980996
2	46	1.7427657499974885
2	46	1.9487657499994384
2	46	1.956234499997663
2	47	-5.8451685
2	47	-5.754918500002532
2	47	-5.632793500000844
2	47	-5.588044500000251
2	47	-5.542794500001037
2	47	-5.377700749999349
2	47	-5.374013249998825
2	47	-5.2984194999989995
2	47	-5.233825750001415
2	47	-5.160825750001095
2	47	-5.086731999999756
2	47	-5.01332574999833
2	47	-4.978294500000629
2	47	-4.755981999998767
2	47	-4.594857000000047
2	47	-4.323107000000164
2	47	-4.088794499999494
2	47	-4.0438882499984175
2	47	-3.928732000000309
2	47	-3.8747007499987376
2	47	-3.769982000001619
2	47	-3.7159820000015316
2	47	-3.6944819999989704
2	47	-3.3819819999989704
2	47	-3.3306694999992033
2	47	-3.0306080000009388
2	47	-3.0289205000008224
2	47	-2.8661080000019865
2	47	-2.802014250002685
2	47	-2.763483000002452
2	47	-2.593139250002423
2	47	-2.5267642500002694
2	47	-2.428576750000502
2	47	-2.4169830000028014
2	47	-2.327608000003238
2	47	-2.206514250003238
2	47	-2.138670500000444
2	47	-2.1340142500012007
2	47	-2.1125142500022775
2	47	-1.9337642500031507
2	47	-1.8632330000036745
2	47	-1.846326750001026
2	47	-1.8248580000035872
2	47	-1.7451392500006477
2	47	-1.7157330000009097
2	47	-1.6204517500009388
2	47	-1.5778892500020447
2	47	-1.5565767500011134
2	47	-1.5286705000035
2	47	-1.5078580000008515
2	47	-1.3360767500016664
2	47	-1.3216705000013462
2	47	-0.9740142500013462
2	47	-0.9500455000015791
2	47	-0.7274517500009097
2	47	-0.7233267500014335
2	47	-0.7189830000024813
2	47	-0.647201750001841
2	47	-0.5575152499986871
2	47	-0.5443902500010154
2	47	-0.46142150000014226
2	47	-0.33782775000145193
2	47	-0.27392150000014226
2	47	-0.12526525000066613
2	47	-0.09410900000148104
2	47	-0.01626525000028778
2	47	0.026172249999945052
2	47	0.047172250000585336
2	47	0.0968597499995667
2	47	0.12164099999790778
2	47	0.1796722500002943
2	47	0.2685472499979369
2	47	0.3391722499982279
2	47	0.4148285000010219
2	47	0.4531722499996249
2	47	0.4663284999987809
2	47	0.5612660000006144
2	47	0.5824222500014002
2	47	0.9245784999984608
2	47	0.9750160000003234
2	47	1.043641000000207
2	47	1.1867659999988973
2	47	1.2512659999993048
2	47	1.321297250000498
2	47	1.392422249999072
2	47	1.419047250001313
2	47	1.467265999999654
2	47	1.536953499999072
2	47	1.5470160000004398
2	47	1.5883910000011383
2	47	1.7027034999991884
2	47	1.7417659999991884
2	47	1.8752025000030699
2	47	1.9143275000024005
2	47	1.915921250001702
2	47	1.9706400000031863
2	47	1.9822650000023714
3	1	-5.354137750000518
3	1	-4.001012750002701
3	1	-3.725857500001439
3	1	-3.5467637500041747
3	1	-3.5363575000046694
3	1	-2.8513262500018755
3	1	-2.7234512500035635
3	1	-1.4142022500018356
3	1	0.2627664999999979
3	1	0.5554539999975532
3	1	0.6287664999981644
3	1	0.6956727500000852
3	2	-3.15979525000148
3	2	-2.925639000000956
3	2	-2.583826499998395
3	2	-2.0972024999973655
3	2	-1.5550774999974237
3	2	-1.4536087499982386
3	2	-1.0800462499973946
3	2	-0.5033587500001886
3	2	-0.48910875000001397
3	2	-0.4533274999994319
3	2	0.3039839999983087
3	3	-5.5594817500023055
3	3	-5.208856750003179
3	3	-5.0562942500000645
3	3	-4.8488567500025965
3	3	-4.38757650000116
3	3	-3.6415452500004903
3	3	-1.6027337500017893
3	3	-0.9187650000021677
3	3	-0.50289000000339
3	4	-5.633700250000402
3	4	-2.5246710000028543
3	4	-2.203077250000206
3	4	-1.9662335000029998
3	4	-1.0745147500019812
3	4	-0.47779600000285427
3	4	-0.380421000001661
3	4	0.3932654999989609
3	4	1.2328280000001541
3	4	1.5844217500016384
3	4	1.8176717499991355
3	5	-5.281044749997818
3	5	-2.4293895000009798
3	5	-2.0371082499987097
3	5	-1.0873904999971273
3	5	-1.0078279999979713
3	5	1.279671000000235
3	6	-5.943730999999389
3	6	-5.814481000001251
3	6	-5.43526225000096
3	6	-4.6979820000015025
3	6	-2.940638250001939
3	6	-2.6664507500026957
3	6	-2.2918892499983485
3	6	-1.8113267500011716
3	6	-1.5188267500016082
3	6	-1.2212330000002112
3	6	-0.7576392500013753
3	6	-0.17513925000093877
3	6	-0.12070174999826122
3	6	0.2201097499964817
3	6	0.42704724999930477
3	6	0.442078499996569
3	6	1.3264847499995085
3	6	1.6222347499970056
3	7	-5.98654424999404
3	7	-5.969794249995175
3	7	-3.5419514999957755
3	7	-2.518482749997929
3	7	-2.4673899999943387
3	7	-2.382421249996696
3	7	-2.2565149999973073
3	7	-2.2493587499957357
3	7	-1.4347962499959976
3	7	-0.8836087499948917
3	7	-0.10748374999457155
3	7	-0.09673374999692896
3	7	-0.06123374999515363
3	7	0.6490465000024415
3	7	0.8732652500038967
3	7	1.1607027500031109
3	8	-5.995012750001479
3	8	-5.135169000001042
3	8	-4.806762750002235
3	8	-4.229887749999762
3	8	-4.139481500002148
3	8	-2.45029500000237
3	8	-2.0497325000033015
3	8	-2.0107950000019628
3	8	-1.3142960000004678
3	8	-0.29167100000267965
3	8	-0.15279600000212668
3	8	-0.05820225000206847
3	8	0.239235249999183
3	8	0.5761727499993867
3	8	0.5814227499977278
3	8	1.0516717499958759
3	8	1.4029217499955848
3	8	1.7572967499982042
3	9	-5.793950250001217
3	9	-4.046357499999431
3	9	-2.769763749998674
3	9	-0.6905772500031162
3	9	-0.2296397500031162
3	9	-0.03551475000131177
3	9	0.19061024999973597
3	9	1.9766092499994556
3	10	-5.571575500001927
3	10	-5.204356750000443
3	10	-3.9302327500045067
3	10	-3.501482750001742
3	10	-2.9901390000013635
3	10	-2.7345765000027313
3	10	-2.1802952500038373
3	10	-1.727139000002353
3	10	-1.2630462500019348
3	10	-0.3770462499996938
3	10	-0.3634525000015856
3	10	-0.28364000000146916
3	10	0.07429749999937485
3	10	1.3902964999979304
3	11	-5.700387499997305
3	11	-4.7384812499985856
3	11	-4.488826000000699
3	11	-3.225919749998866
3	11	-2.91466975000003
3	11	-2.499982249999448
3	11	-1.5084207500003686
3	11	-1.36157699999967
3	11	-1.2031394999976328
3	11	-0.1600144999974873
3	11	1.528078250001272
3	11	1.8704220000036003
3	12	-5.4057319999956235
3	12	-4.845200749994547
3	12	-4.792481999997108
3	12	-4.355138249997253
3	12	-3.3766079999986687
3	12	-2.2260142499981157
3	12	-2.1347954999982903
3	12	-2.1303892499963695
3	12	-2.0655142499963404
3	12	-1.3160152499949618
3	12	-0.6121714999972028
3	12	0.7462660000055621
3	12	0.7817035000043688
3	12	1.4579837500023132
3	12	1.692546250000305
3	12	1.993233750003128
3	13	-5.7562939999988885
3	13	-5.658356500000082
3	13	-4.872262749999209
3	13	-4.372075249997579
3	13	-3.826795000000857
3	13	-2.599638750001759
3	13	-2.013388750001468
3	13	-0.6002647499990417
3	13	-0.554139749998285
3	13	0.2230477500015695
3	13	0.8102342499987572
3	13	1.531952999997884
3	14	-5.407700750001823
3	14	-3.692732999999862
3	14	-3.645045500001288
3	14	-3.068170499998814
3	14	-3.016451750001579
3	14	-2.816826750000473
3	14	-2.396389249999629
3	14	-2.214232999998785
3	14	-1.6697340000027907
3	14	-1.5527027500029362
3	14	-1.4827652500025579
3	14	-0.8380152500030817
3	14	-0.39260900000226684
3	14	1.1239524999982677
3	14	1.7176087500010908
3	15	-5.550888000001578
3	15	-4.8157014999997045
3	15	-4.4016389999997045
3	15	-3.5417327499999374
3	15	-2.129233750001731
3	15	-1.784858750001149
3	15	-1.3912962499998685
3	15	-0.7901400000009744
3	15	-0.33057849999750033
3	15	0.3951715000002878
3	15	1.035827750001772
3	15	1.3203277499997057
3	16	-5.240325250000751
3	16	-3.467013749999751
3	16	-3.329982500003098
3	16	-1.3827334999987215
3	16	-1.12332724999942
3	16	-0.7434209999992163
3	16	0.38276649999897927
3	16	0.9317342499998631
3	16	1.829640500000096
3	17	-5.963732000000164
3	17	-5.795263249998243
3	17	-5.2728257499984466
3	17	-4.603576749999775
3	17	-4.029795499998727
3	17	-3.431326749996515
3	17	-1.9956090000014228
3	17	-1.8898277500011318
3	17	-1.6936715000010736
3	17	-0.7136089999985415
3	17	-0.44423399999868707
3	17	-0.28473400000075344
3	17	0.01142125000114902
3	17	0.5407962500030408
3	17	1.6653587500004505
3	18	-5.775762499997654
3	18	-5.0998572499993315
3	18	-4.080169749999186
3	18	-2.201733249999961
3	18	-1.479576999998244
3	18	0.07526575000156299
3	18	0.7473595000010391
3	18	1.8523595000006026
3	19	-5.860168250001152
3	19	-5.598356750000676
3	19	-4.218450500000472
3	19	-3.4106067499997152
3	19	-3.1496702500007814
3	19	-2.784826500002964
3	19	-2.69104525000148
3	19	-1.6867952500033425
3	19	-0.3486712500016438
3	19	0.7312974999986182
3	19	1.5023287500007427
3	20	-5.391950249999354
3	20	-4.400951249997888
3	20	-2.5377950000001874
3	20	-2.292108500001632
3	20	-0.39260850000209757
3	20	0.37820300000021234
3	20	0.8809217500020168
3	20	1.8567030000012892
3	21	-5.434732000001532
3	21	-4.103857000001881
3	21	-3.3322320000006584
3	21	-2.8929205000022193
3	21	-2.7221080000017537
3	21	-2.393389249999018
3	21	-2.2329830000016955
3	21	-1.6712330000009388
3	21	-0.26079650000247057
3	21	-0.1908277500042459
3	21	0.08551599999918835
3	21	0.17979724999895552
3	21	1.238640999996278
3	21	1.2594847499967727
3	21	1.3943284999986645
3	22	-5.955637750001188
3	22	-4.208481500001653
3	22	-3.4835137499976554
3	22	-2.2723574999981793
3	22	-2.0965762499981793
3	22	-1.5407950000007986
3	22	-1.4599825000004785
3	22	0.380578999996942
3	22	1.0943289999995613
3	23	-5.220732249999855
3	23	-4.605169750000641
3	23	-4.515232249999826
3	23	-3.4053884999993898
3	23	-2.6979832500001066
3	23	-2.605201999998826
3	23	-2.4392332499992335
3	23	-1.167389499998535
3	24	-5.585075749997486
3	24	-5.411263249996409
3	24	-4.348669499999232
3	24	-2.0278892499991343
3	24	-1.4778579999983776
3	24	-0.32942149999871617
3	24	0.23807850000230246
3	24	1.5132962499992573
3	25	-5.124982250003086
3	25	-3.856982250003057
3	25	-3.364513500000612
3	25	-3.3585135000030277
3	25	-3.3334197500007576
3	25	-2.532201999998506
3	25	-1.6541082500007178
3	25	-1.5325770000017656
3	25	1.4279219999989436
3	25	1.4480782499995257
3	26	-5.1546072500023
3	26	-4.451263500002824
3	26	-4.117107250003755
3	26	-3.8107635000014852
3	26	-3.5457010000027367
3	26	-1.6648582500019984
3	26	-1.2039519999998447
3	26	-0.8896092499999213
3	26	-0.8815154999974766
3	26	-0.43214049999733106
3	26	-0.2294529999999213
3	26	-0.07598424999741837
3	26	0.7950782500010973
3	26	0.8605470000002242
3	26	1.7330459999975574
3	27	-5.715481999999611
3	27	-5.513169499998185
3	27	-5.175731999999698
3	27	-3.973795499998232
3	27	-3.8680454999994254
3	27	-3.090670500001579
3	27	-3.001733000000968
3	27	-2.930014249999658
3	27	-2.7828579999986687
3	27	-2.7306392499995127
3	27	-2.6813892499994836
3	27	-2.5430142500008515
3	27	-1.458515249996708
3	27	-0.8907964999998512
3	27	0.9324212499996065
3	27	1.9983275000013236
3	28	-4.160139000003255
3	28	-3.162389000000985
3	28	-2.8357640000031097
3	28	-2.7092952500024694
3	28	-2.4898577500025567
3	28	-2.425326500000665
3	28	-2.3856712500019057
3	28	-2.0925774999996065
3	28	-1.5215774999996938
3	28	-1.143514999999752
3	28	1.51670274999924
3	29	-3.432232750001276
3	29	-2.7592640000002575
3	29	-1.9540774999986752
3	29	-0.870171249996929
3	29	-0.8458587499990244
3	29	-0.5336712499993155
3	29	-0.5191712499981804
3	29	-0.13982749999922817
3	29	0.8839527499985707
3	30	-5.49376299999858
3	30	-5.443262999997387
3	30	-4.670076500002324
3	30	-3.8411702500015963
3	30	-2.7904202499994426
3	30	-2.5918889999993553
3	30	-2.5403265000022657
3	30	-1.959202499998355
3	30	-0.7191399999974237
3	30	-0.7135774999987916
3	30	-0.29054624999844236
3	30	-0.20842124999762746
3	30	0.31817149999915273
3	30	0.7900152500005788
3	30	1.3493902499976684
3	31	-5.872512999998435
3	31	-4.280888000001141
3	31	-3.5243577499968524
3	31	-3.494920249999268
3	31	-3.3347014999962994
3	31	-3.0624202499966486
3	31	-1.9468577499974344
3	31	-1.251546250001411
3	31	-0.837077500000305
3	31	-0.17648375000135275
3	31	0.15651625000100466
3	31	0.2916724999995495
3	31	1.8475465000010445
3	31	1.8769527500007825
3	31	1.9170777500003169
3	32	-5.8662632499981555
3	32	-5.835263249995478
3	32	-5.747044499996264
3	32	-5.609419499996875
3	32	-4.729794499995478
3	32	-4.690638249998301
3	32	-3.331920500000706
3	32	-2.8349517499991634
3	32	-1.5268589999977848
3	32	-1.207171499998367
3	32	-1.061608999996679
3	32	-0.7537652499959222
3	32	-0.35092149999763933
3	32	-0.16454649999650428
3	32	1.2962962500023423
3	33	-3.9846387500001583
3	33	0.15635924999878625
3	34	-5.385544750002737
3	34	-5.362232250001398
3	34	-5.073076000004221
3	34	-4.3868572500032315
3	34	-2.723202000004676
3	34	-2.683514500004094
3	34	-2.4994520000036573
3	34	-2.345827000004647
3	34	-2.3368270000064513
3	34	-2.116202000004705
3	34	-1.663077000004705
3	34	-1.4648582500049088
3	34	-1.1152020000045013
3	34	-0.6392967500032682
3	34	-0.4093280000015511
3	35	-4.273919249997562
3	35	-3.9263889999965613
3	35	-3.883607749998191
3	35	-3.7741389999973762
3	35	-3.6064202499983367
3	35	-1.4062024999984715
3	35	0.46804750000228523
3	35	0.504110000001674
3	35	0.5781412500000442
3	35	0.8665475000016158
3	36	-5.475512500001059
3	36	-5.069449999999051
3	36	-4.74510625000039
3	36	-3.4364822499992442
3	36	-2.343732249999448
3	36	-2.2250447499973234
3	36	-2.156326000000263
3	36	-2.0856697499984875
3	36	-2.0207947499984584
3	36	-1.19482699999935
3	36	-0.6285769999994955
3	36	0.19229799999811803
3	36	0.20245425000030082
3	36	0.2092354999986128
3	36	1.238203250002698
3	36	1.619047000000137
3	37	-5.49285625000266
3	37	-4.886262500003795
3	37	-4.004451000004337
3	37	-2.320983249999699
3	37	-0.3104520000015327
3	37	0.024422999998932937
3	37	1.9617969999962952
3	38	-4.74817025000084
3	38	-4.705232750002324
3	38	-4.693607750003139
3	38	-4.52326400000311
3	38	-2.9631077500016545
3	38	0.14923399999679532
3	38	0.44473399999696994
3	38	0.45023399999627145
3	38	0.8102027499990072
3	38	0.8872339999979886
3	38	1.4662027499980468
3	39	-4.264826750000793
3	39	-3.9420767500014335
3	39	-3.574201750001521
3	39	-2.9459830000014335
3	39	-2.1723579999998037
3	39	-1.9524215000019467
3	39	-1.8046715000018594
3	39	-1.7431402500005788
3	39	-1.6440465000014228
3	39	-0.56151525000314
3	39	-0.538390250003431
3	39	-0.28948400000081165
3	39	1.3094525000014983
3	40	-4.0298887500030105
3	40	-3.2592325000041455
3	40	-1.9674522500026796
3	40	-1.4760772500012536
3	40	0.32089049999558483
3	40	0.8912654999985534
3	40	1.262015499996778
3	40	1.5275467499959632
3	40	1.6540467499980878
3	40	1.8028279999962251
3	41	-4.924544249999599
3	41	-4.707794250000006
3	41	-3.9347630000011122
3	41	-3.4937004999992496
3	41	-2.306107749998773
3	41	-1.4521389999972598
3	41	-1.4006077499980165
3	41	-0.7650139999968815
3	41	0.4403287500026636
3	41	0.8614850000049046
3	42	-5.34407574999932
3	42	-4.868638249998185
3	42	-4.494263249998767
3	42	-4.379263250000804
3	42	-3.288420499997301
3	42	-3.177920499998436
3	42	-2.8362954999975045
3	42	-2.615951749998203
3	42	-0.6664214999982505
3	42	-0.2774214999990363
3	42	0.32467225000073086
3	43	-5.69291924999925
3	43	-4.425450499998988
3	43	-4.158295249999355
3	43	-3.430263999998715
3	43	-0.9825774999990244
3	43	-0.849827500001993
3	43	0.18148500000097556
3	43	0.19557875000100466
3	44	-5.0430757499998435
3	44	-3.5066392500011716
3	44	-3.486732999997912
3	44	-1.6635464999999385
3	44	-0.6173277500020049
3	44	-0.3680152500019176
3	44	1.2544525000012072
3	44	1.2629837499989662
3	44	1.9029837500020221
3	45	-5.774950749997515
3	45	-5.603888249999727
3	45	-4.08688925000024
3	45	-3.6762330000019574
3	45	-0.896733999998105
3	45	-0.3888277499972901
3	45	0.09470350000265171
3	45	0.10370350000084727
3	45	0.6145775000004505
3	45	1.51007749999917
3	45	1.5485774999979185
3	45	1.8301087500003632
3	46	-5.781606249998731
3	46	-3.3561072500015143
3	46	-2.95251350000035
3	46	-2.4915135000010196
3	46	-1.890670749999117
3	46	-1.2198895000001357
3	46	-1.209327000000485
3	46	-0.8630769999981567
3	46	-0.8437019999983022
3	46	-0.7108894999983022
3	46	-0.6319832500012126
3	46	0.858671999998478
3	46	0.8765782499976922
3	46	1.269234499999584
3	46	1.9058282499972847
3	46	1.9837969999971392
3	47	-5.227669500000047
3	47	-3.577888250001706
3	47	-1.2363892500034126
3	47	-0.8926080000019283
3	47	-0.7941705000012007
3	47	-0.6945767500037618
3	47	-0.47539025000151014
3	47	0.24664099999790778
3	47	1.1827659999980824
3	47	1.3860784999997122
3	47	1.9290462500030117
4	1	-5.785075250001682
4	1	-4.956919000000198
4	1	-2.29379500000141
4	1	-2.2885450000030687
4	1	-1.108827250001923
4	1	-0.854921000001923
4	1	1.6286404999955266
4	2	-5.6198255000017525
4	2	-4.788450500000181
4	2	-2.163671249996696
4	2	-1.7147024999976566
4	2	-1.4481087499989371
4	3	-5.645544250000967
4	3	-4.605075500003295
4	3	-3.462951500001509
4	3	-1.9813265000011597
4	3	-1.9192337500026042
4	3	-1.9131087500027206
4	3	-1.9076087500034191
4	3	-1.8961712500022259
4	3	0.1981099999975413
4	3	1.002421500001219
4	3	1.0218590000004042
4	3	1.1629214999993565
4	4	-5.158106500002759
4	4	-3.283857499998703
4	4	-1.8460147500009043
4	4	0.222327999999834
4	4	0.24092174999896088
4	4	1.3177967500014347
4	4	1.549109250001493
4	5	-5.8871697499962465
4	5	-1.2927654999984952
4	5	-1.2807342499982042
4	5	-0.9591092499977094
4	5	-0.3202029999993101
4	5	1.2613272499984305
4	5	1.2682959999983723
4	6	-5.908449750000727
4	6	-5.849481000001106
4	6	-5.116199749998486
4	6	-5.108137250001164
4	6	-5.099856000000727
4	6	-3.3880757500010077
4	6	-0.19760799999858136
4	6	0.1499847499981115
4	6	1.2232034999979078
4	6	1.300109749998228
4	7	-4.2664514999960375
4	7	-3.8852014999974926
4	7	-3.872701499996765
4	7	-3.571482749997813
4	7	-3.183138999997027
4	7	-2.766201499998715
4	7	-2.757045249996736
4	7	-2.545607749998453
4	7	-2.118546249996143
4	7	-1.8490149999961432
4	7	-1.5013899999939895
4	7	-1.417264999996405
4	7	-1.077202499996929
4	7	0.8922340000026452
4	7	1.213765250002325
4	7	1.794859000001452
4	8	-4.257481500000722
4	8	-3.942451250004524
4	8	-3.208482500001992
4	8	-3.08207625000432
4	8	-0.9000460000024759
4	9	-5.988919000003079
4	9	-5.285356500000489
4	9	-5.279575250002381
4	9	-3.004138749998674
4	9	-2.757951250001497
4	9	-2.0297949999985576
4	9	-1.5610772500003804
4	9	-0.6810460000015155
4	9	-0.6744835000026796
4	9	-0.26029600000038045
4	9	-0.09810850000212668
4	9	0.1947352499992121
4	9	0.2094852499976696
4	9	0.23498524999740766
4	9	1.056109249999281
4	9	1.0704530000002705
4	9	1.956702999999834
4	9	1.9887342500005616
4	10	-5.093231750000996
4	10	-3.822451500003808
4	10	-2.987545250001858
4	10	-2.7572952500013344
4	10	-1.754389000001538
4	10	-1.7226390000032552
4	10	-1.7003265000021202
4	10	-0.3509837500023423
4	10	0.2136724999982107
4	10	0.21820374999879277
4	10	1.8577964999967662
4	10	1.8901089999963006
4	11	-5.39866875000007
4	11	-2.883513500000845
4	11	-2.526607250001689
4	11	-2.4953260000002047
4	11	-1.2581707499994081
4	11	-1.2532957499970507
4	11	-0.09413949999725446
4	11	0.41542200000185403
4	11	0.512359500004095
4	11	1.0778595000010682
4	11	1.9147657500034256
4	12	-4.776044499994896
4	12	-2.990857999997388
4	12	-2.2671392499978538
4	12	-1.9413267499985523
4	12	-1.0731714999965334
4	12	0.5632972500025062
4	12	1.070827500003361
4	12	1.075765000001411
4	13	-5.747294000000693
4	13	-4.495356499999616
4	13	-4.053295000001526
4	13	-2.3897950000027777
4	13	-2.3577012500027195
4	13	-0.9369210000004387
4	13	-0.9246084999977029
4	13	-0.9205772499990417
4	13	-0.9161084999977902
4	13	-0.7242022499995073
4	13	1.5824842499969236
4	13	1.5867967499980296
4	13	1.5911717499984661
4	14	-3.975201749999542
4	14	-3.9710454999985814
4	14	-3.5936079999992216
4	14	-2.7093580000000657
4	14	-2.42301425000187
4	14	-2.0164215000040713
4	14	0.6366400000006252
4	14	0.9121087499988789
4	14	0.9164837499993155
4	14	1.814046249997773
4	14	1.921265000000858
4	14	1.9401399999987916
4	15	-5.378138000000035
4	15	-4.397076499997638
4	15	-3.0517015000004903
4	15	-3.029982749998453
4	15	-2.902388999998948
4	15	-2.726046250001673
4	15	-2.4085462500006543
4	15	-2.0582337500018184
4	15	-0.5067025000025751
4	15	0.11307775000022957
4	15	1.5372339999994438
4	16	-5.578856500000256
4	16	-3.1688575000007404
4	16	-0.6667960000013409
4	16	-0.6623584999979357
4	16	-0.21598349999840138
4	16	-0.02101475000017672
4	17	-5.638044499999523
4	17	-5.033138250000775
4	17	-4.049764249997679
4	17	-3.349701749997621
4	17	-2.299796499999502
4	17	-2.2954214999990654
4	17	-2.29135899999892
4	17	-0.4162027499987744
4	17	-0.002327750000404194
4	17	0.006577500000275904
4	17	0.01742125000237138
4	17	0.23539000000164378
4	17	1.7559212500018475
4	18	-5.8194812500005355
4	18	-5.2796999999991385
4	18	-4.651575999996567
4	18	-4.246200999998109
4	18	-3.5532634999981383
4	18	-1.2294207499980985
4	18	-1.2248269999981858
4	18	-0.38798324999879696
4	18	0.5006720000019413
4	18	0.8185470000025816
4	18	1.7753282500016212
4	18	1.7896095000032801
4	19	-5.594700500001636
4	19	-5.269606750000094
4	19	-5.253919250000763
4	19	-3.981200499998522
4	19	-3.847075500001665
4	19	-2.883701500002644
4	19	-2.0087640000019746
4	19	-1.778732750000927
4	20	-5.163044000000809
4	20	-3.110232499999256
4	20	-2.898044999998092
4	20	-2.338577250000526
4	20	-1.7646085000014864
4	20	-1.3622647500014864
4	20	0.2718280000008235
4	20	0.7700780000013765
4	20	1.1648905000001832
4	20	1.4743280000002414
4	20	1.8527342500019586
4	21	-5.802387250005268
4	21	-5.450388250003016
4	21	-5.413294500001939
4	21	-4.7849507500031905
4	21	-4.767357000000629
4	21	-1.0774830000009388
4	21	-1.0584517499992216
4	21	-0.8630455000020447
4	22	-4.392793999999412
4	22	-3.813763750000362
4	22	-3.696076249998441
4	22	-2.463201250000566
4	22	-2.4090137499988487
4	22	-1.712201250000362
4	22	0.38548524999714573
4	23	-1.1445144999997865
4	23	-0.7949207499987097
4	23	-0.24073425000096904
4	24	-5.466731999997137
4	24	-4.64979449999737
4	24	-2.571451749998232
4	24	-1.317639249999047
4	24	-1.0072652499984542
4	24	-0.3056089999990945
4	25	-5.810168749998411
4	25	-3.3627947500026494
4	25	-3.30938850000166
4	25	-2.188983250001911
4	25	-2.1809207500009506
4	25	-1.8447957499993208
4	25	-1.8012019999987388
4	25	1.3030157499961206
4	25	1.330203249995975
4	25	1.3433907499966153
4	26	-5.610669750003581
4	26	-5.084357250001631
4	26	-2.3459207500018238
4	26	-1.2009519999992335
4	26	1.6589209999983723
4	27	-4.664638249996642
4	27	-3.617482999998174
4	27	-3.6126079999994545
4	27	-2.3631080000013753
4	27	-2.351545500001521
4	27	-2.34054549999928
4	27	-2.1029517499991925
4	27	-1.8611705000002985
4	27	-0.28226524999990943
4	27	0.15217225000014878
4	27	1.0632025000013527
4	27	1.690889999998035
4	27	1.8986712500009162
4	27	1.9875462499985588
4	28	-5.589356749998842
4	28	-5.450919250000879
4	28	-2.478264000001218
4	28	-2.459670250002091
4	28	-1.9709837500013236
4	28	-1.8626087500015274
4	28	-1.761515000001964
4	28	-0.8349837499990826
4	28	-0.4362337499987916
4	28	-0.21376500000042142
4	29	-4.4120139999977255
4	29	-0.5249524999962887
4	29	0.4348287500033621
4	30	-5.622762999999395
4	30	-5.4823880000003555
4	30	-5.214575499998318
4	30	-5.040419249999104
4	30	-4.613482749999093
4	30	-1.9237025000002177
4	30	-1.9192650000004505
4	30	-1.88117124999917
4	30	-0.5617337500007125
4	31	-5.80229424999925
4	31	-3.583951499997056
4	31	-2.895295249996707
4	31	-2.3754202499985695
4	31	0.1372037500004808
4	31	1.2343590000018594
4	31	1.5503902500022377
4	31	1.6617027500033146
4	31	1.691765250001481
4	32	-5.806763249998767
4	32	-3.4123579999977665
4	32	-1.883171499997843
4	32	-1.5427964999980759
4	32	0.6064525000001595
4	32	1.039171250002255
4	32	1.0482337499997811
4	33	-5.824887750000926
4	33	-4.386326249998092
4	33	-3.48995124999783
4	33	-1.3398272500016901
4	33	0.12964049999936833
4	33	1.409515499999543
4	33	1.4135779999996885
4	34	-5.417232250001689
4	34	-4.362544750001689
4	34	-3.8359510000009323
4	34	-2.3247332500031916
4	34	-2.3193582500061893
4	34	-1.3584520000040357
4	34	0.23035949999757577
4	35	-5.625637999997707
4	35	-5.289387999997416
4	35	-4.5136380000003555
4	35	-4.221919249997882
4	35	-3.5436702499973762
4	35	-3.280888999997842
4	35	-0.9135774999995192
4	35	0.6366725000007136
4	35	0.8906725000015285
4	36	-5.8362312499994005
4	36	-5.452949999998964
4	36	-2.448700999997527
4	36	-1.2952332499990007
4	36	-0.1156394999998156
4	36	0.5522354999993695
4	36	0.57695424999838
4	36	1.7146095000025525
4	36	1.7459532499997295
4	36	1.7537345000018831
4	36	1.7713282500008063
4	37	-3.9326072500007285
4	37	-3.874888500002271
4	37	-3.5482635000007576
4	37	-3.531951000000845
4	37	-2.9752635000040755
4	37	-2.6667947500027367
4	37	-1.8853582500014454
4	37	-1.6920145000003686
4	37	-1.5467645000026096
4	37	-1.5423269999992044
4	37	-0.8468582499990589
4	37	-0.6252645000022312
4	37	0.0436417499986419
4	37	0.14561049999974784
4	37	1.579171999997925
4	37	1.8798282499956258
4	38	-4.858076500000607
4	38	-4.2280140000002575
4	38	-3.981951500001742
4	38	-3.5776390000028186
4	38	-2.2832650000018475
4	38	-1.9174837499995192
4	38	-1.4135774999995192
4	38	-1.0095462499994028
4	38	0.4302652499973192
4	38	1.4313902499961841
4	38	1.451015249996999
4	38	1.8876089999976102
4	38	1.892202749997523
4	38	1.9062339999982214
4	39	-4.96023200000127
4	39	-1.1089840000022377
4	39	-0.5673277500027325
4	39	-0.45292150000022957
4	39	-0.4344527500034019
4	39	0.06960974999674363
4	40	-5.662481499999558
4	40	-4.527076250004029
4	40	-4.026201250002487
4	40	-2.8926387500032433
4	40	-1.439420999999129
4	40	-0.38910849999956554
4	40	0.333859249996749
4	40	0.3607029999984661
4	40	1.8170467499985534
4	41	-5.617387999998755
4	41	-5.3755754999983765
4	41	-4.746012999999948
4	41	-3.8838255000009667
4	41	-3.2239817500012578
4	41	-3.1244202499983658
4	41	-2.9232327499994426
4	41	-2.1319827499974053
4	41	-1.5548889999990934
4	41	-1.516513999999006
4	41	0.303860000003624
4	42	-4.532669500000338
4	42	-4.527482000001328
4	42	-4.47566949999964
4	42	-3.734264249997068
4	42	-3.1220767499980866
4	42	-1.853826749997097
4	42	-0.038827749998745276
4	42	0.4568284999986645
4	42	0.8940775000010035
4	42	1.2197025000023132
4	42	1.6220775000001595
4	43	-4.312388999998802
4	43	-1.3966399999990244
4	43	-0.6997962499990535
4	43	-0.0330775000002177
4	43	0.9680152500004624
4	43	0.9819840000018303
4	44	-5.155919500000891
4	44	-5.15188825000223
4	44	-4.104170499998872
4	44	-3.5022329999992508
4	44	-3.2830455000002985
4	44	0.5828909999981988
4	44	1.9509524999994028
4	45	-5.996982000000571
4	45	-5.744231999997282
4	45	-2.81710799999928
4	45	-2.434326750000764
4	45	-1.8137339999993856
4	45	-0.9320777499997348
4	45	-0.9032965000005788
4	45	-0.39164024999990943
4	45	0.2241722500002652
4	45	0.26598474999991595
4	45	0.27448474999982864
4	45	0.8184212499982095
4	45	1.3814212500001304
4	46	-5.089668749998964
4	46	-5.048168749999604
4	46	-4.543418749999546
4	46	-4.0462947500018345
4	46	-3.8078260000002047
4	46	-3.2103572500018345
4	46	-0.41517074999865144
4	46	0.1100792500001262
4	46	0.3592979999993986
4	46	0.5093282499983616
4	46	0.8401094999971974
4	46	0.8487969999987399
4	47	-3.690544500001124
4	47	-3.6561382500003674
4	47	0.1757660000002943
5	1	-5.941544000001159
5	1	-5.890794000002643
5	1	-5.648450250002497
5	1	-5.322575250000227
5	1	-5.0413565000017115
5	1	-4.804700250002497
5	1	-4.648762750002788
5	1	-4.34835650000241
5	1	-4.154950250002003
5	1	-4.046731500002352
5	1	-4.001075250002032
5	1	-3.9398262500035344
5	1	-3.819420000003447
5	1	-3.8087637500029814
5	1	-3.66635750000205
5	1	-3.6602325000021665
5	1	-3.3217325000041455
5	1	-2.968857500003651
5	1	-2.7783575000030396
5	1	-2.237670000002254
5	1	-1.9831387500016717
5	1	-1.7275762500030396
5	1	-1.6809825000018463
5	1	-1.3805772500018065
5	1	-0.7475772500001767
5	1	-0.7330772500026796
5	1	-0.7040772500004095
5	1	-0.5788272500030871
5	1	-0.31595225000273786
5	1	-0.2451085000029707
5	1	-0.2240772500008461
5	1	-0.2218272500031162
5	1	-0.05332724999971106
5	1	0.04323524999927031
5	1	0.17857899999944493
5	1	0.1901414999992994
5	1	0.3852352499998233
5	1	0.9407977499977278
5	1	0.9513289999995322
5	1	1.086952999998175
5	1	1.2671092499949737
5	1	1.5810154999962833
5	1	1.7149842499966326
5	1	1.749671749996196
5	1	1.7892967499974475
5	1	1.8632967499979713
5	1	1.9188279999980296
5	2	-5.917856750002102
5	2	-5.763606750002509
5	2	-5.61670050000248
5	2	-5.412638000001607
5	2	-5.286200500002451
5	2	-5.21679425000184
5	2	-5.164263000002393
5	2	-4.9834192500020436
5	2	-4.609295250000287
5	2	-4.553639000001567
5	2	-4.457545249999384
5	2	-4.454013999999006
5	2	-4.345795249999355
5	2	-4.338951500001713
5	2	-4.242326499999763
5	2	-3.8900452499983658
5	2	-3.672232749999239
5	2	-3.657357749998482
5	2	-3.540545250001742
5	2	-3.1089827499999956
5	2	-3.075514000000112
5	2	-3.038420249999035
5	2	-3.0187015000010433
5	2	-2.489482749999297
5	2	-2.315045250001276
5	2	-2.1830462500001886
5	2	-2.043983749998006
5	2	-1.8447024999986752
5	2	-1.3961712499985879
5	2	-1.0127962499973364
5	2	-0.9316399999988789
5	2	-0.8527649999996356
5	2	-0.4683274999988498
5	2	-0.2539837499971327
5	2	-0.12588999999934458
5	2	-0.10735874999954831
5	2	0.40985899999941466
5	2	0.43167149999862886
5	2	0.7133277499997348
5	2	0.7224214999987453
5	2	1.043733999998949
5	2	1.0480152499985707
5	2	1.4567027499979304
5	2	1.6577652499981923
5	2	1.8023277499996766
5	2	1.8670152499980759
5	3	-5.8279817500006175
5	3	-5.610638000001927
5	3	-5.242950500000006
5	3	-4.364357750000636
5	3	-4.3164202500011015
5	3	-4.224232749998919
5	3	-4.1562640000011015
5	3	-3.9189827500013052
5	3	-3.8929202500003157
5	3	-3.4943577500016545
5	3	-3.1366390000002866
5	3	-3.0382639999988896
5	3	-2.988357750000432
5	3	-2.91229525000017
5	3	-2.5419514999994135
5	3	-2.3211389999996754
5	3	-1.6781400000036228
5	3	-1.6117025000021385
5	3	-1.3062962500007416
5	3	-1.0001712500015856
5	3	-0.9042337500031863
5	3	-0.6676087500018184
5	3	-0.5826087500026915
5	3	-0.10570250000091619
5	3	-0.05873375000010128
5	3	0.046766249997745035
5	3	0.08385999999882188
5	3	0.3114537499968719
5	3	0.6282652500012773
5	3	0.6451090000009572
5	3	0.6619839999984833
5	3	0.8045464999995602
5	3	1.0234527499997057
5	3	1.1640777499997057
5	3	1.2473590000008699
5	3	1.4714527500000258
5	3	1.5537340000009863
5	4	-5.887700250001217
5	4	-5.783669000000373
5	4	-5.698169000002963
5	4	-5.644825250001304
5	4	-5.214106499999616
5	4	-5.205918999999994
5	4	-4.855638749999343
5	4	-4.8175137500002165
5	4	-4.749482499999431
5	4	-4.394357500001206
5	4	-3.8307949999980337
5	4	-3.452826249998907
5	4	-3.355388749998383
5	4	-3.189763750000566
5	4	-3.1745449999980337
5	4	-2.978138750000653
5	4	-2.684013750000304
5	4	-2.465639750000264
5	4	-2.4244835000026796
5	4	-2.329827250003291
5	4	-2.1798272500018356
5	4	-2.0468897500031744
5	4	-1.8945147500016901
5	4	-1.7193585000022722
5	4	-1.1998585000001185
5	4	-1.0781397500031744
5	4	-1.0192647500007297
5	4	-0.7066397500020685
5	4	-0.2646085000014864
5	4	-0.1174219999993511
5	4	0.12320299999919371
5	4	0.13860924999971758
5	4	0.5229529999996885
5	4	0.5807029999996303
5	4	0.7797030000001541
5	4	0.920515500001784
5	4	1.0314217500017548
5	4	1.1142655000003288
5	4	1.1755779999984952
5	4	1.5548592500017548
5	4	1.5674529999996594
5	4	1.9259217500002705
5	5	-5.856763499996305
5	5	-5.650232249998226
5	5	-5.289794749998691
5	5	-5.036169749997498
5	5	-4.7404822499993315
5	5	-4.515325999997003
5	5	-4.479732249998051
5	5	-4.457357249997585
5	5	-3.9362332499986223
5	5	-3.8219519999984186
5	5	-3.8144519999987097
5	5	-3.738514500000747
5	5	-3.6215144999987388
5	5	-3.612170749998768
5	5	-3.5791395000014745
5	5	-3.5616394999997283
5	5	-3.2799832499986223
5	5	-3.2561707499990007
5	5	-3.2098894999980985
5	5	-3.150108249999903
5	5	-3.0402644999994664
5	5	-2.9887019999987388
5	5	-2.5831707500001357
5	5	-2.3386707499994372
5	5	-2.2987020000000484
5	5	-2.2882332500012126
5	5	-2.147233249997953
5	5	-1.722015499999543
5	5	-1.668265499996778
5	5	-1.6538904999979422
5	5	-1.559077999998408
5	5	-1.2151092499989318
5	5	-1.1606717499962542
5	5	-0.8937654999972438
5	5	-0.712452999996458
5	5	-0.6282342499980587
5	5	-0.5189529999988736
5	5	-0.42204674999811687
5	5	0.0028907500018249266
5	5	0.049484500003018184
5	5	0.08504700000048615
5	5	0.2799220000015339
5	5	0.5291407500008063
5	5	0.7941084999984014
5	5	0.9904835000015737
5	5	1.1978897500011954
5	5	1.3237335000012536
5	5	1.445077249998576
5	5	1.538514749998285
5	5	1.8542334999983723
5	6	-5.950106000000233
5	6	-5.8098872500013385
5	6	-5.766668500000378
5	6	-5.648949750000611
5	6	-5.529668499999389
5	6	-5.392918499997904
5	6	-5.187355999998545
5	6	-5.086043499999505
5	6	-4.853044500003307
5	6	-4.632732000001852
5	6	-4.568138250000629
5	6	-4.018482000003132
5	6	-3.8507320000026084
5	6	-3.7766069999997853
5	6	-3.6432945000015025
5	6	-3.5612632500015025
5	6	-2.8031382500012114
5	6	-2.659482000002754
5	6	-2.620138250000309
5	6	-2.325451749999047
5	6	-2.3033892499988724
5	6	-2.172608000000764
5	6	-2.0502642499996
5	6	-1.8202955000015208
5	6	-1.6590455000005022
5	6	-1.5766392500008806
5	6	-1.4942017499997746
5	6	-1.4620142499989015
5	6	-1.419920500000444
5	6	-1.3682955000003858
5	6	-1.2450454999998328
5	6	-1.241357999999309
5	6	-1.2170455000014044
5	6	-1.1727642500009097
5	6	-0.8497954999984358
5	6	-0.827295499999309
5	6	-0.8097017500003858
5	6	-0.5320455000000948
5	6	-0.4629204999982903
5	6	-0.4519517500011716
5	6	-0.020359000001917593
5	6	0.2264534999994794
5	6	0.38532849999683094
5	6	0.44482849999985774
5	6	0.7555472499989264
5	6	0.9170784999987518
5	6	1.0099534999972093
5	6	1.0309847499993339
5	6	1.5448597499998868
5	7	-5.88541924999663
5	7	-5.865231749994564
5	7	-5.635950499996397
5	7	-5.591575499995088
5	7	-5.583262999996805
5	7	-5.321856749997096
5	7	-4.934638999999152
5	7	-4.704607749998104
5	7	-4.57592024999758
5	7	-4.5256077499980165
5	7	-4.293576499996561
5	7	-4.23345149999659
5	7	-4.0409202499977255
5	7	-3.871888999998191
5	7	-3.568326499997056
5	7	-3.492763999998715
5	7	-3.4210452499974053
5	7	-3.2399514999960957
5	7	-3.216857749997871
5	7	-2.981263999998191
5	7	-2.835076499995921
5	7	-2.7932639999962703
5	7	-2.4766702499982785
5	7	-2.3392962499965506
5	7	-2.3164837499971327
5	7	-2.3107337499968708
5	7	-2.0285462499959976
5	7	-1.8394837499945424
5	7	-1.7254212499974528
5	7	-1.3338587499965797
5	7	-1.3259524999957648
5	7	-1.3057024999943678
5	7	-0.9280774999970163
5	7	-0.8762962499968125
5	7	-0.5704837499943096
5	7	-0.3924212499950954
5	7	-0.19635874999585212
5	7	-0.007639999996172264
5	7	0.2048590000013064
5	7	0.44345275000159745
5	7	0.6220465000005788
5	7	0.7290465000005497
5	7	0.8089215000036347
5	7	0.955327750001743
5	7	0.9823590000014519
5	7	1.1083277500038093
5	7	1.2548277500027325
5	7	1.3965152500022668
5	7	1.4153590000023542
5	7	1.5035777500015683
5	7	1.517515250001452
5	7	1.5622652500023833
5	8	-5.807731500000955
5	8	-5.727450250000402
5	8	-5.697856500002672
5	8	-5.659919000001537
5	8	-5.5247002500000235
5	8	-5.376450250001653
5	8	-5.349075250000169
5	8	-5.249325250002585
5	8	-4.958231500000693
5	8	-4.859012750002876
5	8	-4.5989190000000235
5	8	-4.36154400000305
5	8	-3.9157950000044366
5	8	-3.1069825000049605
5	8	-2.9072325000015553
5	8	-2.5517950000030396
5	8	-2.5446700000029523
5	8	-2.5416075000030105
5	8	-2.517826250004873
5	8	-2.3022012500041455
5	8	-2.11826375000237
5	8	-2.06601375000173
5	8	-1.87460750000173
5	8	-1.5753575000017008
5	8	-1.5415762500015262
5	8	-1.531076250004844
5	8	-1.388546000001952
5	8	-1.3834522500001185
5	8	-1.3686710000001767
5	8	-1.1248897500008752
5	8	-1.0562647500009916
5	8	-0.7203272500009916
5	8	-0.6952960000016901
5	8	-0.6057022500026505
5	8	-0.5766710000025341
5	8	-0.5519522499998857
5	8	-0.5309522500028834
5	8	-0.3449209999998857
5	8	0.028703999996650964
5	8	0.1056727499999397
5	8	0.23348524999892106
5	8	0.3531102499982808
5	8	0.8639852499982226
5	8	0.9279539999988629
5	8	0.9988290000001143
5	8	1.1024842499973602
5	8	1.2527342499961378
5	8	1.519609249997302
5	8	1.568640499997855
5	8	1.8514529999956721
5	9	-5.94191900000078
5	9	-5.7768565000005765
5	9	-5.650794000001042
5	9	-5.179981500001304
5	9	-5.030887750002876
5	9	-4.834794000002148
5	9	-4.82638775000305
5	9	-4.743200250002701
5	9	-4.675887750003312
5	9	-4.578075250003167
5	9	-4.533356500000082
5	9	-4.41841900000145
5	9	-4.084107499998936
5	9	-4.038451249998616
5	9	-3.1873887500005367
5	9	-2.7190449999980046
5	9	-2.072201250000944
5	9	-2.0198262499980046
5	9	-2.00045124999815
5	9	-1.9683887499995762
5	9	-1.8197335000004387
5	9	-1.622921000001952
5	9	-1.409827250001399
5	9	-1.2770460000028834
5	9	-1.1341085000021849
5	9	-1.0832647500028543
5	9	-1.00798350000332
5	9	-0.7859835000017483
5	9	-0.781733500003611
5	9	-0.578202250002505
5	9	-0.28870225000355276
5	9	-0.18795225000212668
5	9	0.03892274999816436
5	9	0.20345399999860092
5	9	0.5455789999978151
5	9	0.5628289999986009
5	9	1.3936717500000668
5	9	1.8318592499999795
5	9	1.8629842500013183
5	9	1.91682800000126
5	10	-5.695356750002247
5	10	-5.656638000000385
5	10	-5.522294250000414
5	10	-5.167950499999279
5	10	-5.147450500000559
5	10	-5.134200500000588
5	10	-5.077919250001287
5	10	-4.998981750002713
5	10	-4.6266067500000645
5	10	-4.547513000001345
5	10	-4.50713800000085
5	10	-4.491544250002335
5	10	-4.261637999999948
5	10	-4.151295250001567
5	10	-4.034482750001189
5	10	-3.932857750001858
5	10	-3.8915765000019746
5	10	-3.7272015000016836
5	10	-3.5579827500041574
5	10	-3.537607750004099
5	10	-3.344420250003168
5	10	-3.336607750003168
5	10	-3.272795250002673
5	10	-3.186045250004099
5	10	-2.789639000002353
5	10	-2.7696390000019164
5	10	-2.569639000001189
5	10	-2.403420250004274
5	10	-2.345232750001742
5	10	-2.336295250002877
5	10	-2.270514000003459
5	10	-2.183639000002586
5	10	-1.704014000002644
5	10	-1.1331087500002468
5	10	-0.861233750001702
5	10	-0.857015000001411
5	10	-0.794515000001411
5	10	-0.7418587499996647
5	10	-0.5517025000008289
5	10	-0.3361712500009162
5	10	0.039859999997133855
5	10	0.046609999997599516
5	10	0.1833599999990838
5	10	0.24095374999888008
5	10	0.44535999999789055
5	10	0.6802349999998114
5	10	0.750297499998851
5	10	1.276671499996155
5	10	1.4048277499969117
5	10	1.4863277499971446
5	10	1.6086714999983087
5	10	1.6537027499980468
5	10	1.8710464999967371
5	10	1.938890249995893
5	10	1.998390249995282
5	11	-5.795074999998178
5	11	-5.784231249999721
5	11	-5.143668749999051
5	11	-4.8628562499980035
5	11	-4.8536062499988475
5	11	-4.850262500000099
5	11	-4.745043749997421
5	11	-4.609482250001747
5	11	-4.06573225000102
5	11	-3.8916697499989823
5	11	-3.369419750000816
5	11	-3.3116384999993898
5	11	-3.2572322500018345
5	11	-3.193357250002009
5	11	-3.019419750002271
5	11	-2.9085447500001465
5	11	-2.7826385000007576
5	11	-2.6480447499998263
5	11	-1.8664207500005432
5	11	-1.641483249997691
5	11	-1.602327000000514
5	11	-1.5649832499984768
5	11	-1.363326999999117
5	11	-1.3375457500005723
5	11	-1.0196394999984477
5	11	-0.7237019999993208
5	11	0.1537979999993695
5	11	0.30573550000190153
5	11	0.3720782500022324
5	11	0.5157032500028436
5	11	0.5932345000037458
5	11	0.6740470000040659
5	11	0.7045782500026689
5	11	0.924672000004648
5	11	1.2969845000043279
5	11	1.323828250002407
5	11	1.3552345000025525
5	11	1.4517970000015339
5	11	1.8130157500017958
5	11	1.9371407500038913
5	12	-5.072419499996613
5	12	-5.0595132499947795
5	12	-4.299575749995711
5	12	-4.220544499996322
5	12	-4.065513249996002
5	12	-3.9127642499988724
5	12	-3.8552017499969224
5	12	-3.766045499996835
5	12	-3.6866392499978247
5	12	-3.4817329999968933
5	12	-3.3740142499991634
5	12	-3.0692329999983485
5	12	-2.9046704999964277
5	12	-2.6431392499980575
5	12	-2.639607999997679
5	12	-2.333076749997417
5	12	-2.1849517499977082
5	12	-1.9935767499991925
5	12	-1.817732999996224
5	12	-1.6241079999963404
5	12	-1.4193277499944088
5	12	-1.3224839999966207
5	12	-1.0999214999974356
5	12	-0.7210777499967662
5	12	-0.6167964999949618
5	12	-0.3748589999959222
5	12	-0.2911089999943215
5	12	-0.07576524999603862
5	12	0.5632347500031756
5	12	0.5946722500048054
5	12	0.7823597500027972
5	12	0.8604535000049509
5	12	1.080796250000276
5	12	1.1054212500021094
5	12	1.1464212500031863
5	12	1.282077500003652
5	12	1.6262025000032736
5	12	1.6351087500006543
5	12	1.650608750001993
5	12	1.9179212500021094
5	13	-5.6937939999988885
5	13	-5.529981499999849
5	13	-5.508731499998248
5	13	-5.352137750000111
5	13	-5.154262749998452
5	13	-5.050887749999674
5	13	-4.901262749997841
5	13	-4.32673149999755
5	13	-4.17685750000237
5	13	-4.0764512500027195
5	13	-3.947795000000042
5	13	-3.3156387500021083
5	13	-3.0808575000010023
5	13	-3.0032637500007695
5	13	-2.7284825000024284
5	13	-2.5794512499996927
5	13	-2.4896074999996927
5	13	-2.1362637500023993
5	13	-1.5794522500000312
5	13	-1.5600772500001767
5	13	-1.380327250000846
5	13	-1.223952249998547
5	13	-1.2116084999979648
5	13	-0.948983499998576
5	13	-0.8059209999992163
5	13	-0.4991709999994782
5	13	-0.39938975000040955
5	13	-0.11751474999982747
5	13	-0.077171000000817
5	13	0.0167040000014822
5	13	0.3675790000015695
5	13	0.6563915000006091
5	13	0.7325477500016859
5	13	0.8105467499990482
5	13	0.8775779999996303
5	13	0.9152967499976512
5	13	1.2463279999974475
5	13	1.26282799999899
5	13	1.442109249997884
5	13	1.5468904999979713
5	13	1.7750154999994265
5	13	1.8851092499971855
5	14	-5.025325750000775
5	14	-4.661263250003685
5	14	-4.526858000001084
5	14	-4.441482999998698
5	14	-4.32126425000024
5	14	-4.017326749999484
5	14	-3.9311705000000075
5	14	-3.6892955000002985
5	14	-3.570420500000182
5	14	-3.3596392500003276
5	14	-2.8500767500008806
5	14	-2.617264249998698
5	14	-2.0988267499997164
5	14	-2.0832652500030235
5	14	-1.943202750000637
5	14	-1.9305152500019176
5	14	-1.8362027500006661
5	14	-1.176452750001772
5	14	-1.1697027500013064
5	14	-1.146015250003984
5	14	-1.0342965000018012
5	14	-0.6531715000019176
5	14	-0.17398400000092806
5	14	-0.04773400000340189
5	14	0.25642224999683094
5	14	0.28242224999848986
5	14	0.651327499999752
5	14	0.6904837500005669
5	14	0.7015150000006543
5	14	0.7995774999981222
5	14	1.0098587499996938
5	14	1.1417337499988207
5	14	1.1459212499976275
5	14	1.1554837500007125
5	14	1.3397962499984715
5	14	1.4078587500007416
5	14	1.7808274999988498
5	14	1.798015000000305
5	14	1.9877337500001886
5	15	-5.715981749999628
5	15	-5.559356750000006
5	15	-5.5452942500014615
5	15	-5.480419250001432
5	15	-5.3936692499992205
5	15	-5.388606749998871
5	15	-5.25976399999854
5	15	-5.146545249997871
5	15	-4.736045249999734
5	15	-4.620232749999559
5	15	-4.00195149999854
5	15	-3.8400765000005777
5	15	-3.4765452499996172
5	15	-3.4405764999974053
5	15	-3.333513999998104
5	15	-3.220763999997871
5	15	-2.759171249999781
5	15	-2.3715775000018766
5	15	-2.337702500000887
5	15	-1.7718275000006543
5	15	-1.3869525000009162
5	15	-1.174671250002575
5	15	-1.0946087500014983
5	15	-1.085327500000858
5	15	-0.9267650000001595
5	15	-0.8447962499994901
5	15	-0.7791712500002177
5	15	-0.5853900000001886
5	15	-0.3618900000001304
5	15	-0.27698474999851896
5	15	0.20979649999935646
5	15	0.27532775000145193
5	15	0.3681715000020631
5	15	0.4193902500010154
5	15	0.4831402500021795
5	15	0.5316715000008116
5	15	0.7336715000019467
5	15	0.7519214999992982
5	15	0.7946090000004915
5	15	1.0129215000015392
5	15	1.1652027500022086
5	15	1.1714214999992691
5	15	1.499327749999793
5	15	1.5092340000010154
5	15	1.63779649999924
5	16	-5.959106499998597
5	16	-5.891793999999209
5	16	-5.829544000000169
5	16	-5.787700249999034
5	16	-5.745012749997841
5	16	-5.581637749997753
5	16	-5.429700249998859
5	16	-5.388731499999267
5	16	-5.2981377500000235
5	16	-5.156356499999674
5	16	-5.141731499999878
5	16	-5.120325249998132
5	16	-4.93123149999883
5	16	-4.736293999998452
5	16	-4.3598574999996345
5	16	-3.6486387500008277
5	16	-3.497763750001468
5	16	-3.0988575000010314
5	16	-2.9328574999999546
5	16	-2.535576250000304
5	16	-2.22104500000205
5	16	-1.6387959999992745
5	16	-1.496889750000264
5	16	-1.361202249998314
5	16	-1.3454209999981686
5	16	-1.2757959999980812
5	16	-1.0630459999993036
5	16	-0.9960147499987215
5	16	-0.8085460000002058
5	16	-0.7779835000001185
5	16	-0.6741709999987506
5	16	-0.38895224999942
5	16	-0.3068272499986051
5	16	0.1267352499999106
5	16	0.14801649999935762
5	16	0.267610250000871
5	16	0.38279775000046357
5	16	0.4096102500006964
5	16	0.5558279999968363
5	16	0.5912967499971273
5	16	0.6069842500000959
5	16	0.9592654999978549
5	16	1.0309529999976803
5	16	1.1569842499993683
5	16	1.2770779999991646
5	16	1.5220154999988154
5	16	1.8269217499982915
5	17	-5.623732000000018
5	17	-5.5484194999989995
5	17	-5.372575749999669
5	17	-5.33407575000092
5	17	-5.312638250001328
5	17	-5.032013249998272
5	17	-4.974013250001008
5	17	-4.879389249999804
5	17	-4.683732999998028
5	17	-4.666232999996282
5	17	-4.350107999998727
5	17	-4.029576749999251
5	17	-3.727357999996457
5	17	-3.7089204999974754
5	17	-3.4362329999967187
5	17	-3.13351424999928
5	17	-3.124389249998785
5	17	-2.6118892499980575
5	17	-2.2744840000013937
5	17	-2.235327750000579
5	17	-2.206234000001132
5	17	-1.9390152500018303
5	17	-1.913702750000084
5	17	-1.6217964999996184
5	17	-1.3496715000001132
5	17	-1.3002339999984542
5	17	-0.7203589999990072
5	17	-0.7131090000002587
5	17	-0.6142340000005788
5	17	-0.5653590000001714
5	17	-0.5216402500009281
5	17	-0.45185900000069523
5	17	-0.44926525000119
5	17	-0.3194215000003169
5	17	-0.18832774999827961
5	17	-0.09882775000005495
5	17	0.17023375000280794
5	17	0.19073375000152737
5	17	0.35154624999995576
5	17	0.6306400000030408
5	17	0.8546712500028661
5	17	1.1029525000012654
5	17	1.2955775000009453
5	17	1.3009525000015856
5	17	1.3204837500015856
5	17	1.3564212500023132
5	18	-5.982574999998178
5	18	-5.7406374999991385
5	18	-5.4952625000005355
5	18	-5.492293749997771
5	18	-5.412856250000914
5	18	-5.268418749998091
5	18	-4.989888499996596
5	18	-4.919700999998895
5	18	-4.2987634999990405
5	18	-4.197700999997323
5	18	-4.157794749997265
5	18	-3.941075999999157
5	18	-3.8721384999989823
5	18	-3.504794749998837
5	18	-3.3704197499973816
5	18	-2.930700999997498
5	18	-2.9086384999973234
5	18	-2.624420749998535
5	18	-2.563952000000427
5	18	-2.415014499998506
5	18	-2.0101394999983313
5	18	-1.9199832499980403
5	18	-1.5921082499990007
5	18	-1.4403270000002522
5	18	-1.2964207500008342
5	18	-1.2819832499990298
5	18	-1.1842644999996992
5	18	-0.42138949999934994
5	18	-0.35488949999853503
5	18	-0.3366395000011835
5	18	-0.32926450000013574
5	18	-0.22895299999800045
5	18	-0.15695299999788404
5	18	-0.05264049999823328
5	18	-0.032546749996981816
5	18	0.19354700000258163
5	18	0.4339845000031346
5	18	0.44395325000368757
5	18	0.9480782500031637
5	18	1.2139532500004862
5	18	1.3261720000009518
5	18	1.587609500002145
5	18	1.9053595000004862
5	19	-5.998387000003277
5	19	-5.573919250000472
5	19	-5.187419249999948
5	19	-4.954669250000734
5	19	-4.796481749999657
5	19	-4.618044250000821
5	19	-4.475325499999599
5	19	-4.363700499998231
5	19	-4.335762999999133
5	19	-3.8864817499998026
5	19	-3.501950499998202
5	19	-3.3554192500014324
5	19	-3.1292015000035462
5	19	-2.9751077500004612
5	19	-2.6403265000008105
5	19	-2.5509202500034007
5	19	-2.5198265000035462
5	19	-1.8146702500016545
5	19	-1.8114515000015672
5	19	-1.5244827500027895
5	19	-1.121045250001771
5	19	-0.9802640000016254
5	19	-0.8803577500002575
5	19	-0.8246087500010617
5	19	-0.25773375000062515
5	19	0.00473499999861815
5	19	0.1652662499982398
5	19	0.17248499999914202
5	19	0.308172500001092
5	19	0.3199224999989383
5	19	0.5312037500007136
5	19	0.836953750000248
5	19	1.1624850000007427
5	19	1.2803600000006554
5	19	1.3347350000003644
5	19	1.362953749998269
5	19	1.5666412499995204
5	19	1.6182975000010629
5	19	1.9336089999997057
5	19	1.9604840000029071
5	20	-5.559200250001595
5	20	-5.149481500000547
5	20	-5.052793999999267
5	20	-4.765201249996608
5	20	-4.757794999997714
5	20	-4.745232499997655
5	20	-4.739232500000071
5	20	-4.52920124999946
5	20	-4.2113262499988195
5	20	-4.049294999997073
5	20	-3.943794999999227
5	20	-3.7872012499974517
5	20	-3.3579824999978882
5	20	-3.2682949999980337
5	20	-3.170169999997597
5	20	-2.9401387500001874
5	20	-2.919513749999169
5	20	-2.7716699999982666
5	20	-2.426826249997248
5	20	-2.302795999999944
5	20	-2.096608500000002
5	20	-1.906827250000788
5	20	-1.7605772499991872
5	20	-1.512608500001079
5	20	-1.4706397500012827
5	20	-1.2527647499991872
5	20	-1.1618897500011371
5	20	-1.0947335000018938
5	20	-0.8603585000018938
5	20	-0.8464522499998566
5	20	-0.7544835000007879
5	20	-0.49070225000104983
5	20	-0.41423349999968195
5	20	-0.3474522500000603
5	20	-0.08417099999860511
5	20	-0.06023350000032224
5	20	-0.0521085000000312
5	20	-0.040202250002039364
5	20	0.04504774999804795
5	20	0.1544217500013474
5	20	0.21207800000047428
5	20	0.7146405000021332
5	20	1.4113905000012892
5	20	1.6848905000006198
5	20	1.9144842500027153
5	21	-5.7729810000055295
5	21	-5.73379350000323
5	21	-5.681482000003598
5	21	-5.65060700000322
5	21	-5.530857000001561
5	21	-5.41116950000287
5	21	-5.198857000003045
5	21	-5.1904820000017935
5	21	-5.171732000002521
5	21	-4.95632575000127
5	21	-4.80666950000159
5	21	-4.338982000001124
5	21	-4.042169500000455
5	21	-3.882950750001328
5	21	-3.7219507500012696
5	21	-3.398919500003103
5	21	-3.264544500001648
5	21	-3.1813580000016373
5	21	-3.0326080000013462
5	21	-3.026920500000415
5	21	-2.844264250001288
5	21	-2.820389249998698
5	21	-2.7666080000017246
5	21	-2.6971080000002985
5	21	-2.651920500000415
5	21	-2.6099204999991343
5	21	-2.3922955000016373
5	21	-2.3591080000005604
5	21	-2.3070142500000657
5	21	-2.249983000001521
5	21	-2.218545499999891
5	21	-2.115826749999542
5	21	-1.8508892499994545
5	21	-1.6384204999994836
5	21	-1.4993267499994545
5	21	-1.3113267500011716
5	21	-0.9568892499992216
5	21	-0.7063902500012773
5	21	-0.36789025000325637
5	21	-0.15901525000299443
5	21	-0.09164025000063702
5	21	0.08279724999738391
5	21	0.22270349999598693
5	21	0.259922249999363
5	21	0.26498474999607424
5	21	0.3391097499988973
5	21	0.6680472499974712
5	21	0.9480784999977914
5	21	0.9796409999980824
5	21	1.0599534999964817
5	21	1.2861097499990137
5	21	1.3936722499965981
5	21	1.4152034999970056
5	21	1.4197034999961033
5	22	-5.9927315000022645
5	22	-5.541169000000082
5	22	-5.509169000000838
5	22	-5.396575250000751
5	22	-5.190387750000809
5	22	-5.181325249999645
5	22	-5.010044000002381
5	22	-4.989450250002847
5	22	-4.706481500001246
5	22	-4.110387750002701
5	22	-3.834232500001235
5	22	-3.8227637499985576
5	22	-3.3404512499982957
5	22	-2.9542012499987322
5	22	-2.836169999998674
5	22	-2.8160762500010605
5	22	-2.759576249998645
5	22	-2.094170000000304
5	22	-1.999513750000915
5	22	-1.6843262500005949
5	22	-1.6304512499991688
5	22	-1.6242637499999546
5	22	-1.5501387500007695
5	22	-1.092171000000235
5	22	-0.8290460000025632
5	22	-0.71995225000137
5	22	-0.29551474999971106
5	22	-0.09029600000212668
5	22	-0.02438975000040955
5	22	0.08664149999822257
5	22	0.18982899999900837
5	22	0.2937664999990375
5	22	0.346141499998339
5	22	0.6265164999967965
5	22	0.8442665000002307
5	22	1.2785467499998049
5	22	1.4970467499988445
5	22	1.5171092499986116
5	22	1.5662342499999795
5	22	1.6383905000002414
5	23	-5.693356249998033
5	23	-5.4317312499988475
5	23	-5.2092322499993315
5	23	-4.571607249999943
5	23	-4.478732250001485
5	23	-4.251013500001136
5	23	-4.170107250000001
5	23	-3.9387947499999427
5	23	-3.913107250002213
5	23	-3.8316697500013106
5	23	-3.7970134999995935
5	23	-2.983732249998866
5	23	-2.2808269999986805
5	23	-2.1549832499986223
5	23	-2.106920750000427
5	23	-2.0815144999978656
5	23	-1.9017332499970507
5	23	-1.6352644999969925
5	23	-1.3395457499973418
5	23	-1.1714207499971963
5	23	-1.1675144999971963
5	23	-1.0986394999999902
5	23	-0.794545749999088
5	23	-0.7451394999989134
5	23	-0.5640457499976037
5	23	-0.49117074999958277
5	23	-0.23679674999948475
5	23	-0.2239530000006198
5	23	0.11917199999879813
5	23	0.6314532500000496
5	23	0.6884844999985944
5	23	0.7589532499987399
5	23	0.8647969999983616
5	23	1.2725470000004862
5	23	1.3867969999992056
5	23	1.3960782499998459
5	23	1.7326094999989436
5	24	-5.886575749998883
5	24	-5.654075749996991
5	24	-5.427575749996322
5	24	-5.367356999999174
5	24	-5.279513249995944
5	24	-5.080419499998243
5	24	-4.938575749998563
5	24	-4.884794499997952
5	24	-4.802513249996991
5	24	-4.312481999997544
5	24	-3.9283569999970496
5	24	-3.8059194999987085
5	24	-3.626014249999571
5	24	-3.5870142499989015
5	24	-3.4810455000006186
5	24	-3.4526079999996
5	24	-3.2581705000011425
5	24	-3.2053267500014044
5	24	-3.1162954999999783
5	24	-3.0595767499980866
5	24	-2.881170500000735
5	24	-2.640639249999367
5	24	-2.4102017500008515
5	24	-2.3676392499983194
5	24	-2.1642017499980284
5	24	-2.0694204999999783
5	24	-1.8969204999993963
5	24	-1.8386705000011716
5	24	-1.8257017500000075
5	24	-1.814857999997912
5	24	-1.7941079999982321
5	24	-1.7358267499985232
5	24	-0.7697027499962132
5	24	-0.7520777499994438
5	24	-0.6271714999966207
5	24	-0.6223589999972319
5	24	-0.005796499997813953
5	24	0.05832850000297185
5	24	0.3689535000012256
5	24	0.7901097500034666
5	24	0.810703500003001
5	24	0.9600785000002361
5	24	1.0141722500011383
5	24	1.2832347500007018
5	24	1.5658900000016729
5	24	1.6533587500016438
5	25	-5.69188750000103
5	25	-5.685574999999517
5	25	-5.5713250000007974
5	25	-5.176607250003144
5	25	-4.847263500003464
5	25	-4.80285725000067
5	25	-4.583576000000903
5	25	-4.452107250002882
5	25	-4.38610725000035
5	25	-4.224419750000379
5	25	-4.220294750000903
5	25	-4.094857250001951
5	25	-3.7732947500007867
5	25	-3.720607250001194
5	25	-3.4420447500015143
5	25	-3.3342010000014852
5	25	-2.7530457499997283
5	25	-2.634170749999612
5	25	-2.5902332500008924
5	25	-2.3805145000005723
5	25	-2.0403582500002813
5	25	-1.9661707500017656
5	25	-1.8119520000000193
5	25	-1.6799832500000775
5	25	-1.114045750000514
5	25	-0.805233250001038
5	25	-0.6554519999990589
5	25	-0.5556394999985059
5	25	-0.1443592500036175
5	25	0.16635949999908917
5	25	0.17498449999766308
5	25	0.2158282499985944
5	25	0.26289074999658624
5	25	0.2883907499963243
5	25	0.2972657499994966
5	25	0.7321719999963534
5	25	1.1050157499994384
5	25	1.1393594999972265
5	25	1.2671407499983616
5	25	1.5136407499994675
5	25	1.5588594999971974
5	25	1.6867657499969937
5	25	1.747140749997925
5	26	-5.999044750002213
5	26	-5.879076000001078
5	26	-5.626326000001427
5	26	-5.607169750001049
5	26	-5.545451000001776
5	26	-5.168169750002562
5	26	-4.854607250003028
5	26	-4.806544750001194
5	26	-4.748763500003406
5	26	-4.729044750001776
5	26	-4.5061072500029695
5	26	-4.475732250000874
5	26	-4.329888500004017
5	26	-4.238201000003755
5	26	-4.219576000003144
5	26	-4.027263500003755
5	26	-3.988263500003086
5	26	-3.7309197500035225
5	26	-3.66260725000393
5	26	-3.576138500000525
5	26	-3.0061395000011544
5	26	-2.600170749999961
5	26	-2.24829574999967
5	26	-1.9783895000000484
5	26	-1.7864832500017656
5	26	-1.7670770000004268
5	26	-1.2793894999995246
5	26	-1.2275770000014745
5	26	-1.2199832500009506
5	26	-1.2115144999988843
5	26	-0.8122654999970109
5	26	-0.6887029999998049
5	26	-0.4069217500000377
5	26	-0.3417029999982333
5	26	-0.24464049999733106
5	26	-0.24082799999814597
5	26	-0.1802029999998922
5	26	0.18604700000287266
5	26	0.19201575000261073
5	26	0.3106095000002824
5	26	0.6030782500019995
5	26	0.8135157500000787
5	26	1.5356709999978193
5	26	1.7401397499997984
5	26	1.7833585000007588
5	26	1.851733499999682
5	26	1.877639750000526
5	26	1.9970147499989253
5	27	-5.920106999998097
5	27	-5.786638249999669
5	27	-5.629669499998272
5	27	-5.448888249997253
5	27	-5.441981999996642
5	27	-5.3091069999973115
5	27	-5.235544499999378
5	27	-5.106263249996118
5	27	-4.874231999998301
5	27	-4.788200749997486
5	27	-4.379981999998563
5	27	-4.355325749998883
5	27	-4.2084507499967
5	27	-3.863170500000706
5	27	-3.712045500000386
5	27	-3.3306392500016955
5	27	-3.298920500001259
5	27	-3.1366392499985523
5	27	-2.186483000001317
5	27	-1.9575767499991343
5	27	-1.6071714999998221
5	27	-1.450077749999764
5	27	-1.3755464999994729
5	27	-1.3588277499984542
5	27	-0.8794527499994729
5	27	-0.791577749998396
5	27	-0.767827749998105
5	27	-0.7391402499997639
5	27	-0.2789839999968535
5	27	0.6020160000007309
5	27	0.6831097500034957
5	27	0.9503899999981513
5	27	1.298827499998879
5	27	1.3853587499979767
5	28	-5.838169250000647
5	28	-5.799700499999744
5	28	-5.478981749998638
5	28	-5.098794249999628
5	28	-4.742139000001771
5	28	-4.021076500001072
5	28	-3.9072015000019746
5	28	-3.7754827500029933
5	28	-3.1458890000030806
5	28	-2.535826500003168
5	28	-2.480014000000665
5	28	-2.4633265000011306
5	28	-2.4315765000028478
5	28	-2.2084212500012654
5	28	-2.0532962500001304
5	28	-1.8016712499993446
5	28	-1.7246712500018475
5	28	-1.5291399999987334
5	28	-1.312702499999432
5	28	-1.2184837499989953
5	28	-0.8177649999997811
5	28	-0.5065462499987916
5	28	-0.12848374999884982
5	28	0.005734999998821877
5	28	0.08448399999906542
5	28	0.4056402499991236
5	28	0.9882027499988908
5	28	1.2244839999984833
5	28	1.2566714999957185
5	28	1.3283902499970281
5	28	1.479390249998687
5	29	-4.94457550000152
5	29	-4.926950500001112
5	29	-4.8016692500023055
5	29	-4.7803880000028585
5	29	-4.604231749999599
5	29	-4.423795250000694
5	29	-4.420951500000228
5	29	-4.220045250000112
5	29	-4.212045249998482
5	29	-4.1751702500005194
5	29	-3.802982749999501
5	29	-3.7722327499977837
5	29	-3.3837327500004903
5	29	-3.1524827499997627
5	29	-2.8129827499979
5	29	-2.8099514999994426
5	29	-2.5303265000002284
5	29	-2.4861077499990643
5	29	-2.4049202499991225
5	29	-2.3320452500011015
5	29	-2.1606702499993844
5	29	-1.9400462499979767
5	29	-1.604452499996114
5	29	-1.2055774999971618
5	29	-1.175483749997511
5	29	-1.153264999997191
5	29	-0.9815462499973364
5	29	-0.6963899999973364
5	29	-0.6120149999987916
5	29	-0.5154837499976566
5	29	-0.22335874999771477
5	29	-0.06413999999858788
5	29	0.9090152499993565
5	29	1.0048902499984251
5	29	1.0786402500016266
5	29	1.2477652500019758
5	30	-5.959262999997009
5	30	-5.949606750000385
5	30	-5.673294249998435
5	30	-5.580637999999453
5	30	-5.4234817500000645
5	30	-5.203106749999279
5	30	-5.133950499999628
5	30	-4.846014000002469
5	30	-4.781326500000432
5	30	-4.748920250000083
5	30	-4.253639000002295
5	30	-4.178639000001567
5	30	-4.045170249999501
5	30	-3.9039827500018873
5	30	-3.776389000002382
5	30	-3.541607750001276
5	30	-3.438982750001742
5	30	-2.9627015000005485
5	30	-2.5307327500013344
5	30	-2.162108749998879
5	30	-1.771702499998355
5	30	-1.693889999998646
5	30	-1.437702499999432
5	30	-1.3549837499995192
5	30	-1.2442024999982095
5	30	-1.1412024999990535
5	30	-1.0249212499984424
5	30	-0.9713587500009453
5	30	-0.5901087499987625
5	30	-0.4332025000003341
5	30	-0.2737962499995774
5	30	0.25339024999993853
5	30	0.2647340000003169
5	30	0.3085465000003751
5	30	0.32617149999714456
5	30	0.6773589999975229
5	30	0.7376714999991236
5	30	0.7731089999979304
5	30	0.813984000000346
5	30	1.2274527499976102
5	30	1.6569527499996184
5	31	-5.851294249998318
5	31	-5.208669249997911
5	31	-5.193638000000647
5	31	-5.08482549999826
5	31	-4.977231749999191
5	31	-4.934825500000443
5	31	-4.8339505000003555
5	31	-4.609887999999046
5	31	-3.7385764999962703
5	31	-3.7179202499974053
5	31	-3.497576499998104
5	31	-3.387076499999239
5	31	-3.1958577499972307
5	31	-3.172982749998482
5	31	-3.097826499997609
5	31	-3.0755764999994426
5	31	-2.9456389999977546
5	31	-2.8738889999985986
5	31	-2.6016702499982785
5	31	-2.5244827499991516
5	31	-2.422451499998715
5	31	-2.3980452499963576
5	31	-2.3909514999977546
5	31	-2.0864514999993844
5	31	-1.9380452499972307
5	31	-1.446607749996474
5	31	-0.6351712499999849
5	31	-0.522421249999752
5	31	-0.4682337500016729
5	31	-0.1322650000001886
5	31	-0.1065149999994901
5	31	-0.022733750000043074
5	31	0.08507874999850173
5	31	0.41270375000021886
5	31	0.438109999999142
5	31	0.7095787500002189
5	31	0.7739537499983271
5	31	0.8243912500001898
5	31	1.23998400000346
5	31	1.435702750000928
5	31	1.5231402500030526
5	31	1.616109000002325
5	31	1.629671500002587
5	32	-5.7548257499984175
5	32	-5.350700749997486
5	32	-5.339419499996438
5	32	-5.230700749998505
5	32	-4.976013249997777
5	32	-4.960044499996002
5	32	-4.270014249999804
5	32	-4.119232999997621
5	32	-4.004451749999134
5	32	-3.519232999999076
5	32	-2.9622329999983776
5	32	-2.8134517500002403
5	32	-2.749670499997592
5	32	-2.635576749999018
5	32	-2.4945767499993963
5	32	-2.261295500000415
5	32	-2.2460455000000366
5	32	-2.22873299999992
5	32	-2.055765249995602
5	32	-2.0531402499982505
5	32	-1.6759839999976975
5	32	-1.6369214999976975
5	32	-1.5894214999971155
5	32	-1.248296499998105
5	32	-1.2389839999959804
5	32	-1.21817149999697
5	32	-1.1405464999988908
5	32	-0.935796499998105
5	32	-0.642515249997814
5	32	-0.568296499997814
5	32	-0.3952339999959804
5	32	-0.11951524999676622
5	32	-0.07264024999676622
5	32	-0.02526524999848334
5	32	0.1665160000011383
5	32	0.23095350000221515
5	32	0.3321410000025935
5	32	0.4104837500017311
5	32	0.445733749998908
5	32	0.5674212500016438
5	32	0.6968899999992573
5	32	1.1781087500021385
5	32	1.2590149999996356
5	32	1.394952499998908
5	32	1.4232962499991118
5	32	1.9177337500004796
5	32	1.9390149999999267
5	33	-5.582356500002788
5	33	-5.477794999998878
5	33	-5.223388750000595
5	33	-4.744826250000187
5	33	-4.7064512500001
5	33	-4.53598250000141
5	33	-4.439982500000042
5	33	-4.377795000000333
5	33	-4.321607499998208
5	33	-4.226982500000304
5	33	-4.13716999999815
5	33	-4.074263750000682
5	33	-3.958920000000944
5	33	-3.874701249998907
5	33	-3.8285137499988195
5	33	-3.7867949999999837
5	33	-3.7823262499987322
5	33	-3.4806700000008277
5	33	-3.3340762500010896
5	33	-3.2972637499988195
5	33	-3.225951249998616
5	33	-2.703733500002272
5	33	-2.6846397500012245
5	33	-2.569671000001108
5	33	-2.523077249999915
5	33	-2.184921000000031
5	33	-2.180983500002185
5	33	-1.9825460000029125
5	33	-1.7258272500002931
5	33	-1.5502647500034072
5	33	-1.3351085000031162
5	33	-1.0664522500010207
5	33	-0.9591710000022431
5	33	-0.5884845000000496
5	33	-0.16932824999821605
5	33	-0.024296999999933178
5	33	0.10017175000029965
5	33	0.35014049999881536
5	33	0.6369530000010855
5	33	0.6804842499986989
5	33	0.7078905000016675
5	33	0.7334530000007362
5	33	0.9805779999987863
5	33	1.391015500001231
5	33	1.5531405000001541
5	33	1.9046707499983313
5	33	1.9356082499980403
5	34	-5.9120447500026785
5	34	-5.764388500003406
5	34	-5.745638500004134
5	34	-5.707138500001747
5	34	-5.571982250003202
5	34	-5.107232250004017
5	34	-5.056919750004454
5	34	-4.717419750002591
5	34	-4.632888500003901
5	34	-4.440169750003406
5	34	-4.392294750003202
5	34	-4.239638500002911
5	34	-4.056388500001049
5	34	-3.7158260000032897
5	34	-3.475326000003406
5	34	-3.0939520000065386
5	34	-2.9521082500032207
5	34	-2.9440457500058983
5	34	-2.743952000004356
5	34	-2.5978582500065386
5	34	-2.5280457500048215
5	34	-2.2855457500045304
5	34	-1.8846707500051707
5	34	-1.5900457500065386
5	34	-1.4555770000042685
5	34	-1.1125145000041812
5	34	-1.0674520000029588
5	34	-0.9343905000023369
5	34	-0.916609250001784
5	34	-0.541609250001784
5	34	-0.45889050000187126
5	34	0.19523449999542208
5	34	0.36045324999577133
5	34	0.5628907499958586
5	34	0.6229844999979832
5	34	0.6971719999964989
5	34	0.796578249995946
5	34	0.9377657499971974
5	34	1.2069219999975758
5	34	1.2424219999957131
5	34	1.4014844999983325
5	34	1.5018907499979832
5	34	1.6416709999975865
5	34	1.7768584999976156
5	34	1.8740772499986633
5	35	-5.820137999999133
5	35	-5.789575499999046
5	35	-5.612919249997503
5	35	-5.390106749997358
5	35	-5.007856749998609
5	35	-4.909013000000414
5	35	-4.7430754999986675
5	35	-4.708419250000588
5	35	-4.6834505000006175
5	35	-4.533075499999541
5	35	-3.7811389999988023
5	35	-3.361170249998395
5	35	-2.248513999998977
5	35	-2.112951499995688
5	35	-1.6986389999983658
5	35	-1.5043889999979
5	35	-1.4658577499976673
5	35	-1.3587962499987043
5	35	-1.0293587499982095
5	35	-0.8319837499984715
5	35	-0.7352337499978603
5	35	-0.5711712499978603
5	35	-0.39110874999823864
5	35	-0.010921249999228166
5	35	0.14370374999998603
5	35	0.49926625000080094
5	35	0.605047500001092
5	35	0.6872662499990838
5	35	0.8639225000006263
5	35	0.8835787499992875
5	35	1.2464215000036347
5	35	1.3411402500023542
5	35	1.3572340000027907
5	35	1.6621715000037511
5	35	1.899609000003693
5	35	1.9058277500007534
5	36	-5.955606250001438
5	36	-5.947199999998702
5	36	-5.886106250000012
5	36	-5.548262500000419
5	36	-5.537231250000332
5	36	-5.387856249999459
5	36	-4.618731250000565
5	36	-4.542981250000594
5	36	-4.247607249999419
5	36	-4.123794749997614
5	36	-4.065263499996945
5	36	-3.859857249997731
5	36	-3.7989509999970323
5	36	-3.7830447499982256
5	36	-3.5427009999984875
5	36	-3.4710759999979928
5	36	-2.9430135000002338
5	36	-2.874669749999157
5	36	-2.8574822499977017
5	36	-2.689544749999186
5	36	-2.6356072499984293
5	36	-2.0281072500001756
5	36	-2.0255134999970323
5	36	-1.88501449999967
5	36	-1.573952000002464
5	36	-1.4215457499994955
5	36	-1.3883582500020566
5	36	-1.188452000002144
5	36	-1.0619520000000193
5	36	-1.0457645000024058
5	36	-0.9410769999994955
5	36	-0.632639499999641
5	36	-0.6240770000003977
5	36	-0.5264832499997283
5	36	-0.5145145000024058
5	36	-0.21810824999920442
5	36	-0.21523325000089244
5	36	0.1062667500009411
5	36	0.18257924999852548
5	36	0.1960792499994568
5	36	0.23673549999875831
5	36	0.5137979999999516
5	36	0.8022657500005153
5	36	0.903078250001272
5	36	0.9736407500022324
5	36	1.0834219999997003
5	36	1.1013907500018831
5	36	1.4217657500012137
5	36	1.5356095000024652
5	36	1.9820782500028145
5	37	-5.792918750004901
5	37	-5.776637500002835
5	37	-5.652168750002602
5	37	-5.6256062500033295
5	37	-5.545512500004406
5	37	-5.492512500004523
5	37	-5.448512500002835
5	37	-5.437543750005716
5	37	-5.224387500005832
5	37	-5.081387500005803
5	37	-4.9679187500041735
5	37	-4.923137500005396
5	37	-4.522513500003697
5	37	-4.298732250001194
5	37	-3.8620760000012524
5	37	-3.7445135000016307
5	37	-3.734044750002795
5	37	-3.7061385000015434
5	37	-3.6138572500021837
5	37	-3.515701000003901
5	37	-2.9019822500013106
5	37	-2.5494822500040755
5	37	-2.5082635000035225
5	37	-2.315514500001882
5	37	-2.281483250000747
5	37	-2.1830457500000193
5	37	-1.780670750002173
5	37	-1.4914207500005432
5	37	-1.3570145000012417
5	37	-1.3386082500001066
5	37	-0.7349520000025223
5	37	-0.585358250002173
5	37	-0.5030457499997283
5	37	-0.24098325000159093
5	37	-0.13154575000226032
5	37	-0.052327000001241686
5	37	0.37773449999804143
5	37	0.40442199999597506
5	37	0.6118282499955967
5	37	1.1585157499976049
5	37	1.2366719999954512
5	37	1.2459844999975758
5	37	1.266671999997925
5	37	1.5969219999969937
5	37	1.8152032499965571
5	38	-5.997481750000588
5	38	-5.898075500001141
5	38	-5.806731749999017
5	38	-5.5296692500014615
5	38	-5.4394192500003555
5	38	-5.335950500000763
5	38	-4.981482750001305
5	38	-4.829139000001305
5	38	-4.641951500001596
5	38	-4.366670250001334
5	38	-4.122264000001451
5	38	-3.7399515000033716
5	38	-3.618670250001742
5	38	-3.592889000003197
5	38	-3.3622640000030515
5	38	-3.171107750000374
5	38	-3.092795250002382
5	38	-2.905482750000374
5	38	-2.893857750001189
5	38	-2.87854525000148
5	38	-2.6050150000010035
5	38	-2.457358750001731
5	38	-2.409546250000858
5	38	-2.315483750000567
5	38	-2.195514999999432
5	38	-1.7098900000019057
5	38	-1.3909212500002468
5	38	-0.9241712500006543
5	38	-0.5606087500018475
5	38	-0.43748374999995576
5	38	-0.3345775000016147
5	38	-0.0711722500018368
5	38	0.029390249997959472
5	38	0.6015152499967371
5	38	0.6987652499992691
5	38	0.9614214999965043
5	38	1.1276714999985415
5	38	1.8376089999983378
5	39	-5.902232000000367
5	39	-5.3814820000006875
5	39	-5.038575750000746
5	39	-4.762513249999756
5	39	-4.56326325000191
5	39	-4.533545499998581
5	39	-4.272201749998203
5	39	-4.172732999999425
5	39	-4.06998300000123
5	39	-3.994045499999629
5	39	-3.828951750001579
5	39	-3.722639250001521
5	39	-3.570014249999076
5	39	-3.4572642499988433
5	39	-3.4435142500005895
5	39	-3.0024205000008806
5	39	-2.491170500001317
5	39	-2.484451749998698
5	39	-2.4590142499982903
5	39	-2.4185142499991343
5	39	-2.3264205000014044
5	39	-2.2998892499999783
5	39	-2.22726424999928
5	39	-1.8814840000013646
5	39	-1.8316090000007534
5	39	-1.3708590000023833
5	39	-1.1728277500005788
5	39	-0.7792027500036056
5	39	-0.5227340000019467
5	39	-0.4827652500025579
5	39	-0.4596402500028489
5	39	-0.35201525000229594
5	39	-0.3078902500019467
5	39	-0.3038590000032855
5	39	-0.2565152500028489
5	39	-0.0821715000020049
5	39	0.25485974999901373
5	39	0.4109534999988682
5	39	0.42182849999881
5	39	0.5691712500010908
5	39	0.7860462499993446
5	39	0.8616087500013236
5	39	1.0818587499998102
5	39	1.1089837500003341
5	39	1.1769524999981513
5	39	1.2978274999986752
5	39	1.3082337499981804
5	39	1.7121087499981513
5	39	1.819702500000858
5	39	1.9987025000009453
5	40	-5.842294000001857
5	40	-5.831668999999238
5	40	-5.777044000002206
5	40	-5.550356499999907
5	40	-5.191513750003651
5	40	-4.931357500001468
5	40	-4.7337325000007695
5	40	-4.7181075000007695
5	40	-4.7027950000010605
5	40	-3.6927012500018463
5	40	-3.542982500002836
5	40	-3.4270137500025157
5	40	-2.645108500000788
5	40	-2.4707335000020976
5	40	-2.4132647500009625
5	40	-2.2876397500003804
5	40	-2.159014749999187
5	40	-2.147171000000526
5	40	-1.9713585000026796
5	40	-1.8663584999994782
5	40	-1.7332334999991872
5	40	-1.5771085000014864
5	40	-1.5655772499994782
5	40	-1.2412022499993327
5	40	-1.2394522499998857
5	40	-0.5348897500007297
5	40	-0.37817100000029313
5	40	-0.126047000001563
5	40	0.1589842499961378
5	40	0.21179674999802955
5	40	0.32267174999651616
5	40	1.6418592499976512
5	40	1.9292029999960505
5	40	1.972952999996778
5	40	1.9816404999983206
5	41	-5.026450499997736
5	41	-4.463950499997736
5	41	-4.375950499997998
5	41	-4.034981749999133
5	41	-3.8127629999980854
5	41	-3.6328567499986093
5	41	-3.578325499998755
5	41	-3.3098879999997735
5	41	-2.6257327499988605
5	41	-2.4062639999974635
5	41	-2.3664827499960666
5	41	-2.2813889999961248
5	41	-2.2345764999990934
5	41	-1.7005764999994426
5	41	-1.5537327499987441
5	41	-1.5507014999966486
5	41	-1.5207014999978128
5	41	-1.2074514999985695
5	41	-0.9928264999980456
5	41	-0.9665764999990643
5	41	-0.9204827499961539
5	41	-0.8602327499975218
5	41	-0.7666702499991516
5	41	-0.72826399999758
5	41	-0.7149202499967942
5	41	-0.6356712499946298
5	41	-0.4400149999964924
5	41	-0.37407749999692896
5	41	-0.11467124999762746
5	41	0.5397662500035949
5	41	0.6221412500053702
5	41	0.6376725000045553
5	41	0.6565162500046426
5	41	0.7009537500052829
5	41	0.7402975000040897
5	41	1.202203750002809
5	41	1.5855475000025763
5	41	1.9866715000025579
5	42	-5.982138250001299
5	42	-5.8736695000006875
5	42	-5.849388250000629
5	42	-5.697950750000018
5	42	-5.674607000000833
5	42	-5.606419499999902
5	42	-5.570200750000367
5	42	-5.557638250000309
5	42	-5.506013250000251
5	42	-4.999825750001037
5	42	-4.667231999999785
5	42	-4.569357000000309
5	42	-4.502450749998388
5	42	-4.378856999999698
5	42	-4.357357000000775
5	42	-4.083139249996748
5	42	-3.9776392499989015
5	42	-3.954576749998523
5	42	-3.1635142499981157
5	42	-3.093420499997592
5	42	-2.7643267499988724
5	42	-2.5449829999961366
5	42	-2.3184829999991052
5	42	-2.1987329999974463
5	42	-2.1134517499995127
5	42	-2.066514249996544
5	42	-1.9277642499982903
5	42	-1.9247642499976791
5	42	-1.4485777500012773
5	42	-1.3905464999988908
5	42	-1.3727652499983378
5	42	-1.2839214999985415
5	42	-1.219109000001481
5	42	-1.1932339999984833
5	42	-1.1549215000013646
5	42	-0.9126089999990654
5	42	-0.6820152500004042
5	42	-0.3194839999996475
5	42	-0.1657965000013064
5	42	-0.16289025000151014
5	42	0.16464099999939208
5	42	0.1765472500010219
5	42	0.4360784999989846
5	42	0.4951409999994212
5	42	0.556391000001895
5	42	0.5857347499986645
5	42	0.7420472500016331
5	42	0.997233750000305
5	42	1.1771400000034191
5	42	1.3805462500022259
5	42	1.6711400000021968
5	42	1.6999837500006834
5	43	-5.761762999998609
5	43	-5.641762999999628
5	43	-4.693481750000501
5	43	-4.542450500000996
5	43	-4.4781692500000645
5	43	-4.293607749998046
5	43	-4.169388999998773
5	43	-4.166170249998686
5	43	-4.152545249999093
5	43	-4.094076499997755
5	43	-4.058357750000141
5	43	-3.6941077499977837
5	43	-3.3737014999969688
5	43	-3.265888999998424
5	43	-3.156326499996794
5	43	-3.0566389999985404
5	43	-2.9458577499972307
5	43	-2.9256702499988023
5	43	-2.648889000000054
5	43	-2.6226389999974344
5	43	-2.60101399999985
5	43	-2.5627327499969397
5	43	-2.4764827500002866
5	43	-2.4538264999973762
5	43	-2.314295249998395
5	43	-1.9886389999992389
5	43	-1.9412014999979874
5	43	-1.7733587500006252
5	43	-1.7379212500018184
5	43	-1.3495775000010326
5	43	-1.2421712499999558
5	43	-1.0087650000023132
5	43	-0.9614524999997229
5	43	-0.8472650000003341
5	43	-0.5471712500002468
5	43	-0.39676500000132364
5	43	-0.39364000000205124
5	43	-0.18332749999899534
5	43	-0.010171249999984866
5	43	0.008859999998094281
5	43	0.18164125000112108
5	43	0.6041402500013646
5	43	0.6072027500013064
5	43	1.1160464999993565
5	43	1.5713277499999094
5	43	1.6120777500000258
5	43	1.829609000000346
5	43	1.9888902500024415
5	44	-5.882700750000367
5	44	-5.631638250000833
5	44	-5.486856999999873
5	44	-5.42116950000127
5	44	-5.12410699999964
5	44	-4.550700750001852
5	44	-4.408794500002841
5	44	-3.8552017500005604
5	44	-3.7339204999989306
5	44	-3.6247642499984067
5	44	-3.456608000000415
5	44	-3.024357999998756
5	44	-2.935951749997912
5	44	-2.9157329999979993
5	44	-2.3004204999997455
5	44	-2.2679517500000657
5	44	-2.2016392500008806
5	44	-1.9077642499978538
5	44	-1.604796499999793
5	44	-1.4236402500027907
5	44	-1.3821090000019467
5	44	-1.3085152500025288
5	44	-0.6978902500013646
5	44	-0.16395275000104448
5	44	-0.10326524999982212
5	44	0.23245349999706377
5	44	0.25907849999930477
5	44	0.39554724999834434
5	44	0.9053899999998976
5	44	1.0057337500002177
5	44	1.0528274999996938
5	44	1.1962649999986752
5	44	1.367921249999199
5	44	1.4036400000004505
5	44	1.933702499998617
5	44	1.9543899999989662
5	45	-5.885607000000164
5	45	-5.874981999997544
5	45	-5.153013249997457
5	45	-5.111669499998243
5	45	-5.053732000000309
5	45	-4.918450749999465
5	45	-4.845231999999669
5	45	-4.297514249999949
5	45	-4.224576750002598
5	45	-4.178264250000211
5	45	-3.955670499999542
5	45	-3.465670500001579
5	45	-3.300358000000415
5	45	-3.243608000000677
5	45	-3.089108000000124
5	45	-2.923201749999862
5	45	-2.7814830000024813
5	45	-2.1019205000011425
5	45	-2.036452749998716
5	45	-1.868577749999531
5	45	-1.7482652500002587
5	45	-1.524921500000346
5	45	-1.439077749997523
5	45	-1.1037027499987744
5	45	-0.837827749997814
5	45	-0.6149839999998221
5	45	-0.4591714999987744
5	45	-0.1414839999997639
5	45	-0.10410899999988033
5	45	-0.10064024999883259
5	45	0.07654725000247709
5	45	0.2491410000002361
5	45	0.6696400000000722
5	45	0.9245462500002759
5	45	1.4312649999992573
5	45	1.704358749997482
5	45	1.7685774999990826
5	45	1.811077499998646
5	46	-5.984106249998149
5	46	-5.906074999998964
5	46	-5.496824999998353
5	46	-5.081449999997858
5	46	-4.842700000001059
5	46	-4.82079375000103
5	46	-4.700793749998411
5	46	-4.529887500000768
5	46	-4.525981250000768
5	46	-4.262013499999739
5	46	-4.015326000000641
5	46	-3.541513500000292
5	46	-3.4761697499998263
5	46	-3.3953885000009905
5	46	-3.3493259999995644
5	46	-3.1216385000006994
5	46	-2.888638500000525
5	46	-2.874169750000874
5	46	-2.816607250002562
5	46	-2.7811697500001173
5	46	-2.7032947500010778
5	46	-2.6954509999995935
5	46	-2.6702635000001465
5	46	-2.414263500002562
5	46	-2.238669750000554
5	46	-2.0533885000004375
5	46	-1.4694207499996992
5	46	-1.4102332500006014
5	46	-1.3052019999995537
5	46	-1.011139499998535
5	46	-0.6142957499978365
5	46	-0.5505144999988261
5	46	-0.38467074999789475
5	46	-0.29335825000089244
5	46	-0.09667075000106706
5	46	-0.010420750000776025
5	46	0.09701675000178511
5	46	0.7358907499983616
5	46	1.207359499996528
5	46	1.258234499997343
5	46	1.4793907499988563
5	46	1.4835157499983325
5	46	1.6155469999976049
5	46	1.7040469999992638
5	46	1.96989074999874
5	47	-5.5842945000003965
5	47	-5.444169499998679
5	47	-5.321607000001677
5	47	-4.810763249999582
5	47	-4.620544500001415
5	47	-4.5537632499981555
5	47	-4.394700749999174
5	47	-4.234450749998359
5	47	-4.201950750000833
5	47	-4.02010700000028
5	47	-3.9500445000012405
5	47	-3.8146694999995816
5	47	-3.7713570000014442
5	47	-2.885670500003471
5	47	-2.818889250000211
5	47	-2.8125455000008515
5	47	-2.644014250003238
5	47	-2.1812642500008224
5	47	-1.7510142500032089
5	47	-1.3565767500003858
5	47	-0.8056392500002403
5	47	-0.6454205000009097
5	47	-0.5539527500004624
5	47	-0.4851090000011027
5	47	-0.38251524999941466
5	47	-0.22401525000168476
5	47	-0.08179649999874528
5	47	-0.051546499998949
5	47	0.08551599999918835
5	47	0.27848475000064354
5	47	0.39023475000067265
5	47	0.6762034999992466
5	47	0.8342347500001779
5	47	1.1287347500001488
5	47	1.3128284999984317
5	47	1.3398285000002943
5	47	1.6478285000011965
5	47	1.6791097499990428
5	47	1.8085160000009637
5	47	1.817797249997966
6	1	-5.365106500001275
6	1	-5.075731500000984
6	1	-5.071512750000693
6	1	-4.609450250001828
6	1	-4.471325250000518
6	1	-4.4093565000002855
6	1	-4.291731500001333
6	1	-3.487482500004262
6	1	-3.006607500003156
6	1	-2.8514200000026904
6	1	-2.563451250003709
6	1	-2.3980762500032142
6	1	-2.357857500002865
6	1	-1.457263750002312
6	1	-1.2739522500014573
6	1	-0.762514750000264
6	1	-0.3006397500030289
6	1	1.9301092499954393
6	1	1.9481092499954684
6	2	-5.628294250000181
6	2	-5.122231750003266
6	2	-4.710670249998657
6	2	-4.347857749999093
6	2	-4.229888999998366
6	2	-4.186857749999035
6	2	-3.55413899999985
6	2	-3.366420250000374
6	2	-3.292514000000665
6	2	-2.872170250000636
6	2	-2.8393577499991807
6	2	-2.6722015000013926
6	2	-2.617889000001014
6	2	-2.4534515000013926
6	2	-1.5717337499991118
6	2	-1.2152024999995774
6	2	-1.1452962499970454
6	2	-0.38982749999922817
6	2	0.32848399999784306
6	2	0.9679839999989781
6	2	1.156202750000375
6	2	1.1755464999987453
6	2	1.386140250000608
6	2	1.5667964999993274
6	3	-5.601325499999803
6	3	-5.281075500002771
6	3	-5.176606750002975
6	3	-4.688888000000588
6	3	-3.8808890000000247
6	3	-3.8359515000011015
6	3	-3.1524514999982785
6	3	-2.883264000000054
6	3	-1.7912962500013236
6	3	-1.6868275000015274
6	3	-1.3673900000030699
6	3	-1.0822025000015856
6	3	-0.16076500000053784
6	3	-0.055327500002022134
6	3	0.4097974999967846
6	3	0.8383590000012191
6	3	1.4591089999994438
6	4	-5.781043999999383
6	4	-5.7359502500003146
6	4	-4.88882625000042
6	4	-4.584295000000566
6	4	-4.144826249998005
6	4	-3.9927637500004494
6	4	-3.8394200000002456
6	4	-3.5680449999999837
6	4	-1.3047335000010207
6	4	-1.191483500002505
6	4	-1.0726085000023886
6	4	-0.4591085000029125
6	4	0.01576550000027055
6	4	0.48998425000172574
6	4	0.7134217499988154
6	5	-5.780794749996858
6	5	-5.535638499997731
6	5	-5.277950999996392
6	5	-4.785107249997964
6	5	-4.718388499997673
6	5	-4.64366974999939
6	5	-4.418544749998546
6	5	-4.198702000001504
6	5	-4.1910769999994955
6	5	-3.908014500000718
6	5	-3.6491395000011835
6	5	-2.907201999998506
6	5	-2.7566394999994372
6	5	-2.7471082500014745
6	5	-2.321576999998797
6	5	-1.8050144999979238
6	5	-1.3792342499982624
6	5	-0.8876092499995138
6	5	-0.7717029999985243
6	5	0.23917200000141747
6	5	0.7656397499995364
6	5	0.8984835000010207
6	5	1.031827250000788
6	6	-4.803607000001648
6	6	-4.724232000000484
6	6	-4.050200749999931
6	6	-3.928919500001939
6	6	-3.267232000001968
6	6	-2.828263250001328
6	6	-2.7379820000023756
6	6	-2.1123892499999783
6	6	-1.9273892499986687
6	6	-1.673514250000153
6	6	-1.3027954999997746
6	6	-0.923107999999047
6	6	-0.49382675000015297
6	6	0.07676599999831524
6	6	0.14529724999738391
6	6	0.6769534999984899
6	6	0.8072347499983152
6	6	1.772359749997122
6	6	1.8765159999966272
6	7	-3.930982749996474
6	7	-3.2444514999988314
6	7	-1.9290149999942514
6	7	-1.6434524999967834
6	7	-0.18638999999529915
6	7	-0.03795249999529915
6	7	0.24867150000136462
6	7	0.4594527500012191
6	8	-5.485731500000838
6	8	-4.978169000001799
6	8	-4.8549815000005765
6	8	-4.505106500000693
6	8	-4.167606500002876
6	8	-3.458888750003098
6	8	-2.5562012500049605
6	8	-2.1471700000038254
6	8	-1.681263750004291
6	8	-1.282858500002476
6	8	-1.1907335000032617
6	8	-1.146452250002767
6	8	-0.7545147500022722
6	8	-0.15595225000288337
6	8	0.00011024999912478961
6	8	0.2118602499976987
6	8	0.33273524999822257
6	8	0.8514227499981644
6	8	1.437484249996487
6	9	-5.850293999999849
6	9	-5.665200250001362
6	9	-5.359231500002352
6	9	-4.529887750002672
6	9	-4.294170000001031
6	9	-3.7864512499982084
6	9	-3.4664824999999837
6	9	-2.835763750001206
6	9	-2.3470137500007695
6	9	-2.236888750001526
6	9	-1.1876085000003513
6	9	-0.13992100000177743
6	9	0.749671749999834
6	9	0.7940154999996594
6	9	1.0048905000003288
6	9	1.3132342499993683
6	10	-4.694669250002335
6	10	-4.267419250001694
6	10	-3.0896702500031097
6	10	-2.3328577500033134
6	10	-2.0826390000038373
6	10	-2.062889000004361
6	10	-2.0386702500036336
6	10	-1.6596712499995192
6	10	-1.152452500002255
6	10	0.10032874999888008
6	10	0.24857874999725027
6	10	0.3060474999983853
6	10	0.3402037499981816
6	10	0.8261714999971446
6	10	1.186515249995864
6	10	1.3193902499951946
6	11	-5.779543749998993
6	11	-4.97923124999943
6	11	-4.058544750001602
6	11	-3.7556697500003793
6	11	-3.5432010000004084
6	11	-3.5300759999990987
6	11	-3.3041072500018345
6	11	-3.1487635000012233
6	11	-2.9296072500001173
6	11	-2.8964197499990405
6	11	-2.888357250001718
6	11	-1.9790457499984768
6	11	-1.458514499998273
6	11	-0.13763949999702163
6	11	0.08623550000265823
6	11	0.5675157500045316
6	11	1.3987970000016503
6	12	-4.86195074999705
6	12	-4.825294499994925
6	12	-4.6664194999939355
6	12	-3.914482999996835
6	12	-2.2671079999963695
6	12	-1.8534517499974754
6	12	-0.8318277499965916
6	12	-0.5223277499972028
6	12	-0.2841089999965334
6	12	-0.25954649999766843
6	12	0.16145350000442704
6	12	0.33735975000308827
6	12	1.5422337500021968
6	13	-5.424762750000809
6	13	-4.721918999999616
6	13	-4.595918999999412
6	13	-3.8570137500028068
6	13	-3.1095762500008277
6	13	-2.7944825000013225
6	13	-2.0968262500027777
6	13	-1.890951249999489
6	13	-1.7438887499993143
6	13	-1.4427647499978775
6	13	-1.3277022500005842
6	13	-0.7402959999999439
6	13	-0.29082724999898346
6	13	0.6144227500008128
6	13	0.6820477500004927
6	13	1.324296749997302
6	14	-5.636575750002521
6	14	-4.3835767499986105
6	14	-3.7548580000002403
6	14	-3.285358000000997
6	14	-3.045951750002132
6	14	-2.9747642500005895
6	14	-2.7892954999988433
6	14	-2.7308267500011425
6	14	-2.642451750001783
6	14	-1.9515465000040422
6	14	-1.6578590000026452
6	14	-1.2853902500028198
6	14	-1.2718277500025579
6	14	-0.7806402500027616
6	14	-0.6657965000013064
6	14	-0.6283590000020922
6	14	-0.4193902500010154
6	14	-0.08317150000220863
6	14	0.5262025000010908
6	14	0.9746712499982095
6	14	0.9814837499980058
6	14	1.3624524999977439
6	15	-4.895139000000199
6	15	-4.3498264999980165
6	15	-4.25195149999854
6	15	-3.336201499998424
6	15	-3.105107749997842
6	15	-3.047232749999239
6	15	-2.6904212500012363
6	15	-2.1384212500015565
6	15	-1.889608749999752
6	15	-1.6116712500006543
6	15	-1.506077500001993
6	15	-1.0662337499998102
6	15	-0.8013900000005378
6	15	0.10607775000244146
6	15	1.1413277499996184
6	15	1.3492027499996766
6	15	1.6495777500022086
6	15	1.7057027500013646
6	15	1.8637027500008116
6	16	-4.861700249999558
6	16	-4.680918999998539
6	16	-4.425888750000013
6	16	-4.422420000002603
6	16	-4.1836700000021665
6	16	-4.135482500001672
6	16	-3.9692324999996345
6	16	-3.668076250000013
6	16	-3.45151375000205
6	16	-3.382326250000915
6	16	-3.313638750001701
6	16	-3.156670000000304
6	16	-2.7754512499996054
6	16	-2.0429199999998673
6	16	-1.657358500000555
6	16	-1.181514749998314
6	16	-0.7950459999992745
6	16	0.5669842499992228
6	16	1.4283904999974766
6	17	-5.272950750000746
6	17	-5.041513249998388
6	17	-4.333889249999629
6	17	-4.31551424999634
6	17	-4.123389249998581
6	17	-3.8182954999974754
6	17	-3.8101704999971844
6	17	-3.506076749996282
6	17	-3.312514249999367
6	17	-2.9514204999977665
6	17	-2.790201749998232
6	17	-2.735482999996748
6	17	-2.4636089999985415
6	17	-1.37607774999924
6	17	-1.3204215000005206
6	17	-0.9728277499998512
6	17	-0.7024840000012773
6	17	-0.4813590000012482
6	17	0.540921250001702
6	17	1.9864525000011781
6	18	-5.456887500000448
6	18	-5.4324500000002445
6	18	-5.141575999998167
6	18	-4.711263499997585
6	18	-4.325419749999128
6	18	-4.30216974999712
6	18	-4.059482249998837
6	18	-3.7434509999984584
6	18	-2.860388499997498
6	18	-2.115701999999146
6	18	-2.0660769999994955
6	18	-1.3657332500006305
6	18	-0.38945199999943725
6	18	0.8096720000030473
6	18	0.8488282500038622
6	18	1.2217970000019704
6	18	1.7441095000031055
6	19	-5.40166925000085
6	19	-4.83091924999826
6	19	-4.461387999999715
6	19	-3.2733577500002866
6	19	-2.819764000003488
6	19	-2.6603577500027313
6	19	-2.1138265000008687
6	19	-1.606045250002353
6	19	-1.168639000003168
6	19	-1.0091390000015963
6	19	0.3015162500014412
6	19	0.41517250000106287
6	19	0.4833287500005099
6	19	0.6737974999996368
6	19	1.367891249999957
6	19	1.3836100000007718
6	20	-5.029544000000897
6	20	-3.633544999996957
6	20	-3.6067949999996927
6	20	-2.9502949999987322
6	20	-2.0185147500014864
6	20	-2.0039522500010207
6	20	-1.9687335000016901
6	20	-1.6236085000018647
6	20	-1.3532022500003222
6	20	-0.2084522500008461
6	20	-0.1186085000008461
6	20	0.3161405000028026
6	20	0.9172655000002123
6	20	1.2649530000016966
6	20	1.5809217500027444
6	21	-5.273419500001182
6	21	-4.670075750003889
6	21	-2.7643580000003567
6	21	-1.7088580000017828
6	21	-1.5508267500008515
6	21	-0.4913902500011318
6	21	-0.17798400000174297
6	21	-0.1758902500041586
6	21	0.5409222499984025
6	21	0.8289847499981988
6	21	0.9942034999985481
6	21	1.052078499997151
6	21	1.2896097499979078
6	21	1.3729222499969183
6	21	1.4896097499986354
6	22	-5.704450249999354
6	22	-5.16354400000273
6	22	-5.020106500000111
6	22	-5.004075250002643
6	22	-4.841262750000169
6	22	-4.518294000001333
6	22	-4.457637750001595
6	22	-4.198231500002294
6	22	-3.989387749999878
6	22	-3.1890137499976845
6	22	-3.111857500000042
6	22	-2.7563574999985576
6	22	-2.591013749999547
6	22	-2.260013750001235
6	22	-2.1585762499998964
6	22	-1.7922012499984703
6	22	-1.4811699999991106
6	22	-1.1040772500018647
6	22	-0.6678272500030289
6	22	-0.5214210000012827
6	22	-0.30254600000262144
6	22	0.6952664999989793
6	22	0.7321727499984263
6	22	1.2590154999998049
6	22	1.3111092500002997
6	22	1.3465467499991064
6	22	1.3645780000006198
6	22	1.5551717500020459
6	22	1.8173280000009981
6	23	-5.986543749997509
6	23	-5.964293749999342
6	23	-5.56504374999713
6	23	-3.035450999999739
6	23	-2.6227957499977492
6	23	-1.9726394999997865
6	23	-1.7396707499974582
6	23	-1.447608250000485
6	23	-0.9828269999998156
6	23	-0.9491082499989716
6	23	0.4626094999985071
6	23	1.430015750000166
6	23	1.9095157499978086
6	24	-5.598450749996118
6	24	-5.587075749997894
6	24	-5.430575749996933
6	24	-4.867950749998272
6	24	-4.496825749996788
6	24	-4.276200749998679
6	24	-3.7980132499978936
6	24	-3.260264249998727
6	24	-2.9462017500009097
6	24	-2.2868267499979993
6	24	-2.201576749997912
6	24	-2.107826749997912
6	24	-1.6473579999983485
6	24	-1.1393902499985415
6	24	-0.38151524999921094
6	24	0.04126600000017788
6	24	0.9655472500016913
6	24	1.0730785000014293
6	24	1.222922250002739
6	25	-5.412293749999662
6	25	-5.32135725000262
6	25	-5.073513500003173
6	25	-4.936701000002358
6	25	-4.926419750001514
6	25	-4.816482250000263
6	25	-4.607169750001049
6	25	-4.476169750003464
6	25	-3.8625135000002047
6	25	-3.195607250003377
6	25	-2.6781707500013
6	25	-2.582889500001329
6	25	-2.0160457499987388
6	25	-0.7543269999987388
6	25	-0.6911707500003104
6	25	0.14345324999885634
6	26	-5.71173225000166
6	26	-5.426326000000699
6	26	-4.989107250003144
6	26	-4.716701000001194
6	26	-4.653669750001427
6	26	-3.6061385000029986
6	26	-3.236670750000485
6	26	-3.0773895000020275
6	26	-3.032014500000514
6	26	-2.8889832499990007
6	26	-2.7484832500013
6	26	-1.203358250000747
6	26	-0.7510779999975057
6	26	-0.4161092499998631
6	26	-0.2963904999996885
6	26	-0.21623424999779672
6	26	-0.04601550000006682
6	26	1.7307647499983432
6	27	-5.977888249999523
6	27	-5.118231999997079
6	27	-4.856513249997079
6	27	-4.721950749997632
6	27	-3.8326704999999492
6	27	-3.6771704999991925
6	27	-2.857108000000153
6	27	-2.743420499999047
6	27	-2.6907642500009388
6	27	-2.5813579999994545
6	27	-2.5118892499995127
6	27	-1.6994517499988433
6	27	-0.2421714999982214
6	27	0.14273475000300095
6	27	0.20201600000291364
6	28	-5.967544250001083
6	28	-5.022013000001607
6	28	-4.641826500002935
6	28	-4.506857750002382
6	28	-4.35023275000276
6	28	-4.040795250002702
6	28	-3.194451500003197
6	28	-3.1637640000008105
6	28	-2.9113890000007814
6	28	-2.658670250002615
6	28	-2.478389000003517
6	28	-1.9535150000010617
6	28	-1.7701400000005378
6	28	-1.6341712499997811
6	28	-1.502483749998646
6	28	-1.345515000000887
6	28	-1.322171250001702
6	28	-1.2300462499988498
6	28	-1.0811712499998976
6	28	-0.9125149999999849
6	28	-0.7982650000012654
6	28	-0.4011712499996065
6	28	-0.35467124999922817
6	28	-0.27970249999998487
6	28	-0.0964212500002759
6	28	0.1787339999973483
6	28	0.27451524999924004
6	28	0.37682774999848334
6	28	0.493671499996708
6	28	0.5616714999960095
6	28	0.8800464999985707
6	28	1.0062652499982505
6	28	1.1472339999963879
6	28	1.76279649999924
6	29	-5.749638000001141
6	29	-5.460638000000472
6	29	-5.4000442500000645
6	29	-5.242825500001345
6	29	-4.881419249999453
6	29	-4.453420249999908
6	29	-4.0032014999997045
6	29	-3.8899202499997045
6	29	-3.781639000000723
6	29	-3.3314514999983658
6	29	-3.2048577499990643
6	29	-2.971701499998744
6	29	-2.842357749999792
6	29	-2.7552327499979583
6	29	-2.5728889999991225
6	29	-1.6985462499978894
6	29	-0.3181087499979185
6	29	0.3413600000021688
6	29	1.013515250000637
6	29	1.8799214999999094
6	30	-5.507387999998173
6	30	-5.199669249999715
6	30	-5.111169249998056
6	30	-4.985637999998289
6	30	-4.877856749997591
6	30	-4.611045249999734
6	30	-2.844732749999821
6	30	-2.8227015000011306
6	30	-2.643170250001276
6	30	-2.5940452499999083
6	30	-2.432107750002615
6	30	-1.3693275000005087
6	30	-1.2984837500007416
6	30	-0.8523275000006834
6	30	-0.6409837499995774
6	30	-0.363702499998908
6	30	-0.20389000000068336
6	30	0.10942250000152853
6	30	0.11507875000097556
6	30	1.1588277499977266
6	30	1.294858999997814
6	30	1.5258902499990654
6	31	-5.831544249998842
6	31	-4.6605129999989
6	31	-4.216481749997911
6	31	-4.130262999999104
6	31	-4.115481749999162
6	31	-3.9506379999984347
6	31	-2.8643264999991516
6	31	-2.780607749999035
6	31	-2.170295249998162
6	31	-1.0924525000009453
6	31	-0.5936399999991409
6	31	0.3318287500005681
6	31	0.3715787500004808
6	31	0.9765162500007136
6	31	1.6583902500024124
6	31	1.8425465000000258
6	31	1.877827750002325
6	32	-5.765606999997544
6	32	-5.675950749995536
6	32	-5.494731999995565
6	32	-5.084513249996235
6	32	-5.082606999996642
6	32	-4.7487632499978645
6	32	-4.066983000000619
6	32	-3.944076749998203
6	32	-3.6787330000006477
6	32	-3.5143267499988724
6	32	-3.2806705000002694
6	32	-2.834920499997679
6	32	-2.18576424999992
6	32	-1.2249214999974356
6	32	-0.7395777499987162
6	32	-0.2811714999988908
6	32	0.618733750001411
6	32	0.7669525000019348
6	32	0.9503274999988207
6	32	1.1924212500016438
6	32	1.348171249999723
6	32	1.9912337499990826
6	33	-5.613419000001159
6	33	-5.1492324999999255
6	33	-4.7241700000013225
6	33	-4.555263750000449
6	33	-4.2767012500007695
6	33	-4.089670000001206
6	33	-4.01254500000141
6	33	-2.895421000001079
6	33	-2.082421000002796
6	33	-1.3435772500015446
6	33	-0.31554699999833247
6	33	-0.28189075000045705
6	33	-0.022453249999671243
6	33	-0.0045470000004570466
6	33	0.3131717500000377
6	33	0.550452999999834
6	33	0.8128279999982624
6	33	0.8451405000014347
6	33	1.1404529999999795
6	33	1.2682654999989609
6	33	1.3322655000010855
6	33	1.696015500001522
6	34	-5.250669750002999
6	34	-5.161919750004017
6	34	-4.701951000002737
6	34	-3.3260770000051707
6	34	-3.2223582500046177
6	34	-3.1815145000036864
6	34	-2.3968895000034536
6	34	-0.6677342500042869
6	34	-0.6193905000036466
6	34	-0.5251092500038794
6	34	-0.43607800000245334
6	34	0.012015749998681713
6	34	0.04501574999812874
6	34	0.14439074999609147
6	34	0.485109499997634
6	34	1.4701407499960624
6	34	1.499390749995655
6	34	1.7223897499970917
6	35	-5.61876299999858
6	35	-5.192481750000297
6	35	-4.976263000000472
6	35	-4.898262999999133
6	35	-4.669950499999686
6	35	-4.489294250000967
6	35	-3.8025452499969106
6	35	-3.6554202499974053
6	35	-2.6936702499988314
6	35	-2.4597014999962994
6	35	-2.445482749997609
6	35	-1.963670249999268
6	35	-1.7180452499960666
6	35	-0.45598374999826774
6	35	-0.39426499999899534
6	36	-5.788700000000972
6	36	-5.554762499999924
6	36	-5.448137499999575
6	36	-5.357762499999808
6	36	-4.796887500000594
6	36	-4.705825000000914
6	36	-3.9293259999976726
6	36	-3.9078259999987495
6	36	-3.8311384999979055
6	36	-3.6718259999979637
6	36	-3.5336384999973234
6	36	-3.3235447499973816
6	36	-3.13054474999808
6	36	-2.807950999998866
6	36	-2.6479509999990114
6	36	-1.8774207499991462
6	36	-1.2432020000014745
6	36	-0.5370145000015327
6	36	-0.10763950000182376
6	36	1.527765750000981
6	37	-5.214887500005716
6	37	-4.668888500003959
6	37	-4.328326000002562
6	37	-2.4248885000015434
6	37	-2.166983250001067
6	37	-1.9248582500003977
6	37	-1.2453894999998738
6	37	-0.987389500001882
6	37	-0.9637020000009215
6	37	-0.8706707500023185
6	37	-0.6758895000020857
6	37	0.5362657499972556
6	37	0.6055782499970519
6	37	0.7964532499972847
6	37	0.9280469999976049
6	37	0.9513594999989436
6	37	1.2275469999985944
6	37	1.7220782499971392
6	38	-5.904700499999308
6	38	-5.752106749998347
6	38	-4.778857750003226
6	38	-4.628139000000374
6	38	-4.3299827500013635
6	38	-1.3432649999995192
6	38	-1.1295150000005378
6	38	-1.0882337500006543
6	38	-1.0786712500012072
6	38	-0.819296249999752
6	38	-0.4664837499985879
6	38	-0.4082650000018475
6	38	0.05223399999886169
6	38	0.25107774999924004
6	38	0.2890152499967371
6	38	0.8006402499995602
6	38	0.9646714999980759
6	38	1.4809839999979886
6	38	1.900015249997523
6	39	-5.769357000001037
6	39	-4.7454820000020845
6	39	-4.488670499998989
6	39	-4.194045500000357
6	39	-3.71060800000123
6	39	-3.693545499998436
6	39	-3.3396079999984067
6	39	-2.8726705000008224
6	39	-1.871546500002296
6	39	-1.0339527500036638
6	39	-0.7226715000033437
6	39	-0.32392150000305264
6	39	0.2819847499995376
6	39	0.6675775000003341
6	39	1.8503899999996065
6	39	1.931858749998355
6	40	-5.877731500000664
6	40	-5.3882940000003146
6	40	-5.313481500001217
6	40	-4.911951250003767
6	40	-4.568388750001759
6	40	-4.231795000003331
6	40	-4.102888750003331
6	40	-4.078420000001643
6	40	-3.8723887500018463
6	40	-2.8069200000027195
6	40	-2.326952250001341
6	40	-1.1758272500010207
6	40	-1.1694522500001767
6	40	-1.113452249999682
6	40	-0.9369210000004387
6	40	-0.8895147500006715
6	40	-0.6579210000018065
6	40	0.14860924999811687
6	40	0.4955467499967199
6	40	0.6180154999965453
6	40	0.9624842499979422
6	40	1.0915467499980878
6	40	1.168046749997302
6	41	-5.667074499997398
6	41	-5.044012999998813
6	41	-4.897450500000559
6	41	-4.875856750000821
6	41	-4.417981750000763
6	41	-4.164106749998609
6	41	-4.08135675000085
6	41	-3.5049192500009667
6	41	-3.1870754999981727
6	41	-3.004357749996416
6	41	-2.7932014999969397
6	41	-2.7780764999988605
6	41	-2.429138999996212
6	41	-1.1751702499968815
6	41	-0.8986077499976091
6	41	-0.5318274999954156
6	41	0.514078750002227
6	41	1.1581100000039442
6	41	1.2601412500043807
6	42	-5.4524820000006
6	42	-4.802888250000251
6	42	-4.712856999998621
6	42	-3.216607999998814
6	42	-2.900982999999542
6	42	-2.793701749997126
6	42	-2.4056704999966314
6	42	-1.8705767499996
6	42	-1.4990777499988326
6	42	-1.3282964999998512
6	42	-1.244609000001219
6	42	-0.5278277500001423
6	42	0.06907850000061444
6	42	0.11482850000174949
6	42	1.2142650000023423
6	42	1.8795775000035064
6	43	-5.820137999999133
6	43	-5.543106749999424
6	43	-5.46807550000085
6	43	-5.089981749999424
6	43	-4.925981749998755
6	43	-4.856388000000152
6	43	-3.966451499996765
6	43	-3.795826499997929
6	43	-3.699795249998715
6	43	-3.227138999998715
6	43	-2.2263577499979874
6	43	-2.0442014999971434
6	43	-1.0400462500001595
6	43	-0.7113900000003923
6	43	-0.4111712500016438
6	43	-0.37654625000141095
6	43	0.17107874999783235
6	43	0.20867250000083004
6	43	0.21332875000007334
6	43	1.262484000002587
6	43	1.4907652500005497
6	43	1.7359214999996766
6	44	-4.7337632500020845
6	44	-4.514763250001124
6	44	-4.353232000001299
6	44	-4.195076749998407
6	44	-3.8244830000003276
6	44	-3.6276392500003567
6	44	-1.9681705000002694
6	44	-1.7535777500015683
6	44	-0.7722340000000258
6	44	1.4488587500018184
6	44	1.8397962499984715
6	45	-5.8609194999989995
6	45	-5.297356999999465
6	45	-5.107981999997719
6	45	-4.8027320000001055
6	45	-4.538014249999833
6	45	-4.450264250001055
6	45	-4.328295499999513
6	45	-4.121639249999134
6	45	-3.2327955000000657
6	45	-3.0653267500019865
6	45	-1.0975464999974065
6	45	-0.729077749998396
6	45	-0.3882339999981923
6	45	0.20348474999991595
6	45	0.5910462499996356
6	45	1.4668587499982095
6	45	1.681452499997249
6	46	-5.656950000000506
6	46	-5.507981250000739
6	46	-5.460606249998818
6	46	-5.410606249999546
6	46	-5.131137500000477
6	46	-5.029637499999808
6	46	-4.299763500002882
6	46	-4.283169750000525
6	46	-3.9696072500009905
6	46	-3.850544750002882
6	46	-3.702607250001165
6	46	-2.782763500003057
6	46	-2.517544750000525
6	46	-1.842858249998244
6	46	-0.6445457500012708
6	46	-0.43345200000112527
6	46	0.06851675000143587
6	46	0.2655792500008829
6	46	0.5246094999965862
6	46	0.6882032499997877
6	46	1.026734499999293
6	46	1.3314844999986235
6	46	1.5042657499980123
6	46	1.6274532499992347
6	46	1.781484499999351
6	46	1.9836407499969937
6	47	-5.717856000002939
6	47	-4.8147632500003965
6	47	-4.795513249999203
6	47	-4.4636070000015025
6	47	-4.119888249999349
6	47	-3.9934194999987085
6	47	-3.9556694999992033
6	47	-3.7926382500008913
6	47	-2.3893580000003567
6	47	-2.1097330000011425
6	47	-2.100451750000502
6	47	-1.0693267500028014
6	47	-1.0249205000036454
6	47	-0.9609205000015208
6	47	1.0502659999983734
6	47	1.3953909999981988
7	1	-5.995169000001624
7	1	-5.8117002500002855
7	1	-5.2971065000019735
7	1	-5.1811689999995
7	1	-5.069669000000431
7	1	-4.628294000001915
7	1	-4.250637749999441
7	1	-3.61826375000237
7	1	-3.346857500004262
7	1	-2.7976700000035635
7	1	-2.714576250004029
7	1	-2.2806075000044075
7	1	-1.7347325000046112
7	1	-1.542888750002021
7	1	-0.8001084999996237
7	1	-0.0381397500023013
7	1	0.6212664999984554
7	2	-5.455981750001229
7	2	-4.916825500000414
7	2	-4.218420249999326
7	2	-4.14007649999985
7	2	-4.007701499998802
7	2	-3.6167014999991807
7	2	-3.2330452499991225
7	2	-3.2158889999991516
7	2	-2.93695149999985
7	2	-2.4772015000016836
7	2	-2.464795250001771
7	2	-2.0588587499987625
7	2	-1.8120774999988498
7	2	-1.6308274999973946
7	2	-1.4652024999995774
7	2	-1.1202649999977439
7	2	-0.521389999998064
7	2	-0.2926399999996647
7	2	0.10057874999984051
7	2	0.3744215000006079
7	2	0.4556714999998803
7	2	0.7734527499997057
7	2	1.7570152500011318
7	3	-5.739044250000006
7	3	-5.1305130000000645
7	3	-4.976950500000385
7	3	-3.4309514999986277
7	3	-3.2187640000011015
7	3	-2.872389000000112
7	3	-2.3990452500001993
7	3	-2.201013999998395
7	3	-2.1916077499990934
7	3	-0.9614837500012072
7	3	-0.4222337500032154
7	3	-0.348077500002546
7	3	0.16314124999917112
7	3	0.3982037499990838
7	3	1.8734527499982505
7	4	-5.879200250001304
7	4	-5.4038252499995
7	4	-5.308794000000489
7	4	-5.276012750000518
7	4	-5.2197002499997325
7	4	-5.016326249999111
7	4	-4.919201249998878
7	4	-4.747295000001031
7	4	-4.587419999999838
7	4	-2.6587949999993725
7	4	-2.5037335000015446
7	4	-1.917733500002214
7	4	-1.8087022500003513
7	4	-1.6336397500017483
7	4	-1.0746710000021267
7	4	-0.964921000002505
7	4	-0.4047022500017192
7	5	-5.507357249996858
7	5	-5.313325999999506
7	5	-5.112607249997382
7	5	-4.4263259999970614
7	5	-3.147045749999961
7	5	-2.946264499998506
7	5	-2.605108249998011
7	5	-2.3075457499980985
7	5	-2.2649832499992044
7	5	-2.129358250000223
7	5	-2.084858250000252
7	5	-1.972483249999641
7	5	-1.9466082500002813
7	5	-1.909170750001067
7	5	-1.4387029999998049
7	5	-0.6796092499971564
7	5	-0.5310467499984952
7	5	-0.23532799999884446
7	5	0.37814075000278535
7	5	0.6007657500013011
7	5	0.6940782500023488
7	5	0.8230772499991872
7	5	0.9539834999995946
7	6	-5.235731000000669
7	6	-5.1991684999993595
7	6	-4.991107000001648
7	6	-4.965388250002434
7	6	-3.6832945000023756
7	6	-2.9758257499997853
7	6	-2.6270757500024047
7	6	-2.5525132500006293
7	6	-2.001733000000968
7	6	-1.7905142499985232
7	6	-0.7002642500010552
7	6	-0.6693267500013462
7	6	-0.37792049999916344
7	6	-0.3672955000001821
7	6	0.15017224999974133
7	6	0.23570349999863538
7	6	0.5056722499975876
7	6	0.8403909999979078
7	6	1.4551722499963944
7	6	1.529359749998548
7	6	1.6964847499984899
7	7	-5.761075499995059
7	7	-4.661388999997143
7	7	-4.382888999996794
7	7	-3.846701499998744
7	7	-3.727857749996474
7	7	-2.8997014999986277
7	7	-2.736170249998395
7	7	-1.8873274999968999
7	7	-1.600139999995008
7	7	-0.9583899999961432
7	7	-0.6270462499960558
7	7	-0.5529212499968708
7	7	-0.20220249999692896
7	7	0.1696090000004915
7	7	0.33714025000153924
7	7	0.751796500000637
7	7	1.019671500002005
7	8	-5.986137750001944
7	8	-4.36891900000046
7	8	-3.2175762500046403
7	8	-2.701107500004582
7	8	-0.8645772500021849
7	8	-0.07988975000262144
7	8	0.8330789999999979
7	8	1.4591092499977094
7	8	1.5644529999954102
7	9	-5.724169000000984
7	9	-5.32857525000145
7	9	-5.093419000000722
7	9	-4.665512750001653
7	9	-4.545200250002381
7	9	-4.40138775000014
7	9	-4.046482499998092
7	9	-3.6984824999999546
7	9	-3.620607500000915
7	9	-3.464232499998616
7	9	-3.397326250000333
7	9	-3.026857500000915
7	9	-2.7697012499993434
7	9	-1.8354522500012536
7	9	-1.5142335000018647
7	9	-0.6099522500007879
7	9	0.023672749997786013
7	9	0.040641499999765074
7	9	1.203421750000416
7	9	1.577890500000649
7	10	-5.914887999999337
7	10	-5.315606750002189
7	10	-4.190325499999744
7	10	-3.444639000001189
7	10	-3.0196702500034007
7	10	-2.9812952500033134
7	10	-1.0156712500029244
7	10	-0.9001712500030408
7	10	-0.18901499999992666
7	10	-0.03142125000158558
7	10	0.043234999997366685
7	10	0.3082662499982689
7	10	0.5673912499987637
7	10	0.7050474999996368
7	10	0.7272037499969883
7	10	1.4726402499982214
7	11	-5.658856250000099
7	11	-4.877606250000099
7	11	-4.663668749999488
7	11	-4.555263500002184
7	11	-4.5427010000021255
7	11	-4.429951000001893
7	11	-4.38610725000035
7	11	-4.3236385000018345
7	11	-4.26354474999971
7	11	-4.175669750002271
7	11	-4.047888500001136
7	11	-3.444075999999768
7	11	-2.5471385000018927
7	11	-2.3196072499995353
7	11	-2.299638500000583
7	11	-1.8266707500006305
7	11	0.2484542500023963
7	11	0.34717300000193063
7	11	1.7472970000017085
7	12	-5.860263249996933
7	12	-5.079419499994401
7	12	-5.009888249995129
7	12	-4.358981999994285
7	12	-4.327388249996147
7	12	-3.994700749994081
7	12	-3.3342642499992508
7	12	-3.2600142499977665
7	12	-2.8761704999960784
7	12	-2.861826749998727
7	12	-2.7522954999985814
7	12	-2.662514249997912
7	12	-2.0754829999968933
7	12	-0.8996714999957476
7	12	-0.225577749995864
7	12	1.1529212500026915
7	12	1.4723275000033027
7	12	1.6119212500016147
7	12	1.7081400000024587
7	13	-5.669075249999878
7	13	-5.394325249999383
7	13	-4.689981499999703
7	13	-4.466450249998161
7	13	-3.82485749999978
7	13	-3.3097012500002165
7	13	-2.470545000000129
7	13	-2.0070450000021083
7	13	-0.7593584999995073
7	13	-0.5765460000002349
7	13	-0.37260849999802304
7	13	0.8867342499979713
7	13	1.0515154999993683
7	13	1.3742029999993974
7	13	1.5554529999972146
7	13	1.9532655000002705
7	14	-4.8752007500006584
7	14	-4.754513250001764
7	14	-4.730482000002667
7	14	-4.564920500000881
7	14	-4.412358000001404
7	14	-4.3257017500000075
7	14	-4.227107999999134
7	14	-4.220576750001783
7	14	-4.161670500001492
7	14	-4.097545500000706
7	14	-3.9643267499996
7	14	-3.6924829999989015
7	14	-3.530201749999833
7	14	-3.2822330000017246
7	14	-3.2622955000006186
7	14	-2.900389250000444
7	14	-2.7602017499993963
7	14	-2.68185799999992
7	14	-2.544389250000677
7	14	-2.3715455000019574
7	14	-2.1822954999988724
7	14	-1.6305465000041295
7	14	-1.3921402500018303
7	14	-1.0860465000041586
7	14	-0.9360152500012191
7	14	-0.8961402500026452
7	14	-0.7934215000022959
7	14	-0.47085900000092806
7	14	0.17892224999741302
7	14	0.7136399999981222
7	14	1.0329524999979185
7	14	1.3742024999992282
7	14	1.8922962500000722
7	15	-4.939295249998395
7	15	-4.8711077499974635
7	15	-4.790857749998395
7	15	-4.6872014999971725
7	15	-3.0018889999992098
7	15	-2.8167649999995774
7	15	-2.4244837500009453
7	15	-2.0272025000012945
7	15	-1.2012962500011781
7	15	-0.7873900000013236
7	15	-0.476265000001149
7	15	0.567890250000346
7	16	-5.9998252500008675
7	16	-4.890418999999383
7	16	-4.235576250001031
7	16	-2.930451250002079
7	16	-2.6373887500012643
7	16	-2.580201250002574
7	16	-2.5397325000012643
7	16	-2.1355450000010023
7	16	-1.9110147499995946
7	16	-1.438077250000788
7	16	-0.8866710000002058
7	16	-0.6782647500003804
7	16	-0.5377335000011954
7	16	0.056328999999095686
7	16	1.0046717499972146
7	17	-5.489482000000862
7	17	-5.298888249999436
7	17	-4.657764249997854
7	17	-4.64754549999634
7	17	-4.557764249999309
7	17	-4.098451749996457
7	17	-4.042857999997068
7	17	-3.7879829999983485
7	17	-3.470795499997621
7	17	-3.463514249997388
7	17	-2.9875142499986396
7	17	-2.627545499999542
7	17	-2.0189214999991236
7	17	-1.8922339999990072
7	17	-1.4938902499998221
7	17	-0.6809839999987162
7	17	0.06732750000082888
7	17	0.2636087500031863
7	18	-5.642168750000565
7	18	-4.782950999997411
7	18	-4.770825999996305
7	18	-4.755825999996887
7	18	-4.707732249997207
7	18	-4.661169749997498
7	18	-4.16326349999872
7	18	-4.032200999998167
7	18	-3.6443572499993024
7	18	-3.069044749998284
7	18	-2.521014499998273
7	18	-2.280577000001358
7	18	-2.1420457499989425
7	18	-1.1989832500003104
7	18	-0.8698269999986223
7	18	-0.7627644999993208
7	18	-0.7047957499999029
7	18	-0.5913582499997574
7	18	-0.34807699999873876
7	18	0.014328250003018184
7	18	0.2519532500009518
7	18	0.5302657500033092
7	18	1.8708907500003988
7	18	1.969890750002378
7	19	-5.784450499999366
7	19	-5.253575499998988
7	19	-4.093763000000763
7	19	-4.084856749999744
7	19	-3.995794250000472
7	19	-3.9446380000008503
7	19	-3.6005755000005593
7	19	-3.5162317499998608
7	19	-3.4699192500011122
7	19	-3.4307942500017816
7	19	-3.4003567500003555
7	19	-2.3414202500025567
7	19	-2.2243890000027022
7	19	-1.837545250000403
7	19	-1.709982750002382
7	19	-1.328076500001771
7	19	-1.2412640000002284
7	19	0.6514849999985017
7	19	1.5167350000010629
7	20	-5.513856500001566
7	20	-5.045293999999558
7	20	-4.846513749998849
7	20	-4.7781387499999255
7	20	-4.194013749998703
7	20	-4.173638749998645
7	20	-3.762888749999547
7	20	-2.676919999998063
7	20	-2.3120459999991
7	20	-1.9430772500018065
7	20	-1.7903585000021849
7	20	-1.6704835000018647
7	20	-1.4004522499999439
7	20	-1.2823272499990708
7	20	-1.2630460000000312
7	20	-0.7087334999996528
7	20	-0.6648272499987797
7	20	-0.5952022499986924
7	20	1.1493905000024824
7	21	-5.84194975000355
7	21	-5.548513250003452
7	21	-5.237513250001939
7	21	-4.627388250002696
7	21	-4.542013250000309
7	21	-4.220138250002492
7	21	-3.1788892500007933
7	21	-3.07779550000123
7	21	-2.7804517500007933
7	21	-2.7214830000011716
7	21	-2.6630767499991634
7	21	-2.50626425000155
7	21	-2.1529829999999492
7	21	-1.9757954999986396
7	21	-1.091889250001259
7	21	-1.0622330000005604
7	21	-0.4828590000033728
7	21	-0.41376525000305264
7	21	-0.16467150000244146
7	21	0.29876599999624887
7	21	0.6017659999961325
7	21	0.6792347499977041
7	21	1.242453499999101
7	22	-4.8687627500003146
7	22	-3.6239512499996636
7	22	-3.283138750000944
7	22	-3.04091999999946
7	22	-2.7356074999988778
7	22	-2.481326249999256
7	22	-2.2487637499980337
7	22	-2.082982500000071
7	22	-1.7398887499984994
7	22	-1.6964512499980628
7	22	-1.6169200000003912
7	22	-1.4715137499988487
7	22	-1.2979210000012245
7	22	-1.2665772500004095
7	22	-0.29863975000262144
7	22	-0.2882022500016319
7	22	0.6978289999970002
7	22	0.7149227499976405
7	23	-5.072232250000525
7	23	-4.735388500001136
7	23	-4.469138500000554
7	23	-3.9233260000000882
7	23	-3.7765760000002047
7	23	-3.189857249999477
7	23	-2.8542957499994372
7	23	-2.698139500000252
7	23	-1.6940770000001066
7	23	-0.9973895000002813
7	23	-0.9589519999972254
7	23	-0.7832957499995246
7	23	-0.44488949999868055
7	23	-0.4079519999977492
7	23	-0.24548425000102725
7	23	0.34039074999964214
7	23	0.6023282499991183
7	23	0.6362032500001078
7	23	1.3022032499975467
7	23	1.4110469999977795
7	23	1.475546999998187
7	24	-5.626731999996991
7	24	-5.414169499996206
7	24	-4.94813824999801
7	24	-4.404950749998534
7	24	-4.157950749999145
7	24	-4.105888249996497
7	24	-3.7599507499980973
7	24	-3.4912330000006477
7	24	-3.4745767499989597
7	24	-3.3793892499998037
7	24	-2.9928580000014335
7	24	-2.949826749998465
7	24	-2.841576750000968
7	24	-2.7128579999989597
7	24	-2.0417955000011716
7	24	-1.6300454999982321
7	24	-1.4017642500002694
7	24	-0.45114024999929825
7	24	-0.39570274999641697
7	24	-0.16439024999635876
7	24	0.2573285000034957
7	24	0.8894222500020987
7	24	0.8976410000032047
7	24	1.638671249998879
7	25	-5.475762499998382
7	25	-5.301888500001951
7	25	-4.287732250002591
7	25	-3.493826000001718
7	25	-2.7651082500015036
7	25	-2.6032957499992335
7	25	-2.4757332500012126
7	25	-2.1565144999985932
7	25	-1.9527957499994955
7	25	-1.1987645000008342
7	25	-0.3998905000007653
7	25	0.08439074999841978
7	25	0.31870324999908917
7	25	0.5813594999963243
7	25	1.8988282499994966
7	26	-5.1648260000038135
7	26	-5.014419750001252
7	26	-4.725076000002446
7	26	-4.51935725000294
7	26	-4.3164510000024165
7	26	-4.036451000003581
7	26	-3.5364832500017656
7	26	-3.475451999998768
7	26	-2.591827000000194
7	26	-1.7547332499998447
7	26	-1.3588270000000193
7	26	-1.285920750000514
7	26	1.5759522499974992
7	27	-5.402919499996642
7	27	-5.098356999998941
7	27	-4.999700749998738
7	27	-3.756795500001317
7	27	-3.5931705000002694
7	27	-2.7311392500014335
7	27	-1.6874204999985523
7	27	-1.5034839999971155
7	27	-1.4444527499981632
7	27	-0.8602652499976102
7	27	-0.7304527499982214
7	27	-0.7230777499971737
7	27	-0.7196714999990945
7	27	-0.6944214999966789
7	27	-0.2825152499972319
7	27	0.22204725000119652
7	27	0.23117225000169128
7	27	1.4784837500010326
7	27	1.5770774999982677
7	27	1.9007962499999849
7	28	-5.990169249998871
7	28	-5.467294250000123
7	28	-5.019044249998842
7	28	-4.6196702500019455
7	28	-4.591857750001509
7	28	-4.53210775000116
7	28	-4.342889000003197
7	28	-4.052482750001218
7	28	-3.3589827500036336
7	28	-2.9409827500021493
7	28	-2.831701500002964
7	28	-2.5862640000013926
7	28	-2.399046250000538
7	28	-1.9860775000015565
7	28	-1.8114525000019057
7	28	-1.7590149999996356
7	28	-1.4528587499989953
7	28	-1.291546249998646
7	28	-1.2006399999991118
7	28	-0.9551712499996938
7	28	-0.09226499999931548
7	28	-0.06567125000219676
7	28	0.027828750000480795
7	28	0.15095274999839603
7	28	0.16842149999865796
7	28	0.5241089999981341
7	28	0.5760777499963297
7	28	0.9340152499971737
7	28	1.163702749996446
7	28	1.3910152499993274
7	28	1.4009214999969117
7	29	-5.872263000001112
7	29	-5.520481750001636
7	29	-5.20513800000117
7	29	-5.173388000002888
7	29	-4.669044250000297
7	29	-4.439107750000403
7	29	-3.9427639999994426
7	29	-3.481451499999821
7	29	-3.3803577500002575
7	29	-2.6821390000004612
7	29	-1.6238587499974528
7	29	-1.6213899999966088
7	29	-1.5137337499982095
7	29	-1.4052024999982677
7	29	-1.3734524999963469
7	29	-1.20251499999722
7	29	-0.9549524999965797
7	29	-0.7812649999978021
7	29	-0.6200462499982677
7	29	0.7757027500010736
7	29	1.372890250000637
7	29	1.3917340000007243
7	29	1.5522339999988617
7	30	-4.711138999999093
7	30	-4.501264000002266
7	30	-3.8089202500013926
7	30	-3.349889000000985
7	30	-2.517826499999501
7	30	-1.8405462499977148
7	30	-1.5862649999980931
7	30	-1.3801712499989662
7	30	-0.9849837500005378
7	30	-0.7705150000001595
7	30	-0.584608749999461
7	30	0.5610152499975811
7	30	1.1049214999984542
7	30	1.4018277499999385
7	31	-5.975419250000414
7	31	-5.383325499999046
7	31	-4.495294249998551
7	31	-4.44829424999989
7	31	-4.436888000000181
7	31	-4.10991925000053
7	31	-4.048263000000588
7	31	-3.6954514999997627
7	31	-3.61498274999758
7	31	-3.573451499996736
7	31	-3.5636389999963285
7	31	-2.6828577499982202
7	31	-2.501388999997289
7	31	-2.4717327499965904
7	31	-1.704013999999006
7	31	-1.689513999997871
7	31	-1.4221087500009162
7	31	-1.159858750001149
7	31	-0.6088587500016729
7	31	-0.5662337499998102
7	31	-0.5284524999988207
7	31	-0.20451500000126543
7	31	0.7343912500000442
7	31	0.979016249999404
7	31	1.3076715000024706
7	32	-5.584575749995565
7	32	-4.5815142499996
7	32	-4.530045499999687
7	32	-4.330670499999542
7	32	-4.132889249998698
7	32	-2.8222954999982903
7	32	-2.7761704999975336
7	32	-1.5000152499960677
7	32	-1.1156089999967662
7	32	-0.6247027499957767
7	32	-0.5965464999972028
7	32	-0.03167149999717367
7	32	0.005859750002855435
7	32	0.2283910000041942
7	32	0.24604725000244798
7	32	0.6142962500016438
7	32	0.9380149999997229
7	32	1.0897650000006252
7	32	1.8435150000004796
7	33	-5.3246074999988195
7	33	-4.92782625000109
7	33	-4.852607500000886
7	33	-4.38485750000109
7	33	-4.3431700000001
7	33	-3.0841699999982666
7	33	-3.0501710000025923
7	33	-2.8992022500024177
7	33	-2.745546000001923
7	33	-2.0046710000024177
7	33	-1.5877960000034363
7	33	-1.1254210000006424
7	33	-0.28982824999911827
7	33	-0.2714532499994675
7	33	-0.043234500000835396
7	33	0.09054675000152201
7	33	0.4401404999989609
7	33	1.789359250000416
7	34	-4.731982250003057
7	34	-4.714794750001602
7	34	-4.490044750004017
7	34	-4.470794750002824
7	34	-4.456951000003755
7	34	-4.4429822500023874
7	34	-3.20717075000357
7	34	-3.0705145000065386
7	34	-2.9675770000030752
7	34	-1.5056395000065095
7	34	-1.2089832500059856
7	34	-0.8084842500029481
7	34	-0.7168592500020168
7	34	-0.3817967500035593
7	34	-0.29239050000251154
7	34	1.9345147499989253
7	34	1.9943272499986051
7	35	-5.828387999998085
7	35	-5.224544249998871
7	35	-4.884075499998289
7	35	-4.410200499998609
7	35	-4.221825500000705
7	35	-4.1131380000006175
7	35	-3.7136389999977837
7	35	-3.6404202499979874
7	35	-3.0453577499974926
7	35	-2.395920249997289
7	35	-2.293420249996416
7	35	-1.9841077499986568
7	35	-1.413358750000043
7	35	-1.36842125000112
7	35	-1.2129837499996938
7	35	-1.0790462500008289
7	35	-0.983358749999752
7	35	-0.9026400000002468
7	35	-0.6747962500012363
7	35	-0.6502650000002177
7	35	-0.514296249999461
7	35	0.32117250000010245
7	35	0.6692662499990547
7	35	0.7800162499988801
7	35	1.2316715000015392
7	36	-5.466449999999895
7	36	-4.197700999997323
7	36	-3.9011697499990987
7	36	-3.6351072500001465
7	36	-3.5818884999971488
7	36	-3.392669749999186
7	36	-2.763950999997178
7	36	-2.7191072499990696
7	36	-2.638857250000001
7	36	-2.390388499999972
7	36	-2.0857947499971488
7	36	-1.253014500001882
7	36	-1.1068894999989425
7	36	0.20889175000047544
7	36	0.2147667499993986
7	36	0.524735499999224
7	36	0.8652032499994675
7	37	-5.661825000002864
7	37	-5.383325000002515
7	37	-5.200387500004581
7	37	-5.0685437500033
7	37	-5.027043750003941
7	37	-4.577326000002358
7	37	-4.411076000003959
7	37	-4.034669750002649
7	37	-4.017701000004308
7	37	-3.9653885000043374
7	37	-3.6751072500010196
7	37	-3.4853572500032897
7	37	-2.7394510000012815
7	37	-2.5582010000034643
7	37	-1.832076999999117
7	37	-0.9370457500008342
7	37	0.08704799999759416
7	37	0.5045157499953348
7	37	1.5711094999969646
7	37	1.8662032499960333
7	38	-5.181575499998871
7	38	-4.499170250001043
7	38	-4.225326500003575
7	38	-4.198482750001858
7	38	-3.9195452500025567
7	38	-3.1927327500015963
7	38	-2.760670250001567
7	38	-2.533202499998879
7	38	-1.9087025000007998
7	38	0.1787652499988326
7	38	0.4305777499976102
7	38	0.8098902499987162
7	38	1.0755777499980468
7	38	1.1184214999993856
7	38	1.9086714999975811
7	38	1.9278277499979595
7	39	-5.792700750000222
7	39	-5.178200750000542
7	39	-4.957325750001473
7	39	-4.783700750002026
7	39	-3.3827642500000366
7	39	-3.335826750000706
7	39	-3.2145767500005604
7	39	-3.1873267500013753
7	39	-3.0154517500013753
7	39	-2.5499205000014626
7	39	-2.0999517499985814
7	39	0.024422249996860046
7	39	0.5205774999994901
7	39	0.8367025000006834
7	39	0.9168900000004214
7	39	1.1931087500015565
7	39	1.7542962500010617
7	40	-5.939106500001799
7	40	-5.920106500001566
7	40	-5.751231500002177
7	40	-4.7518262500016135
7	40	-4.287857500003156
7	40	-4.083420000002661
7	40	-3.8506387500019628
7	40	-2.773077249999915
7	40	-2.5169835000015155
7	40	-2.2606085000006715
7	40	-1.7535459999999148
7	40	-0.7599522500022431
7	40	-0.6967335000008461
7	40	-0.6737334999997984
7	40	-0.435514749999129
7	40	0.1503279999960796
7	40	0.4191404999983206
7	40	0.49054674999570125
7	40	1.6779529999985243
7	40	1.8721404999960214
7	41	-5.8113869999979215
7	41	-5.796574499996495
7	41	-5.554731749998609
7	41	-5.552013000000443
7	41	-4.942450499998813
7	41	-4.925356749998173
7	41	-3.884169249999104
7	41	-3.6592004999984056
7	41	-3.3436067500006175
7	41	-3.253825499999948
7	41	-2.9119202499969106
7	41	-1.6963889999969979
7	41	-0.7647327499980747
7	41	-0.48482749999675434
7	41	-0.4664524999971036
7	41	0.2957975000026636
7	41	1.0260162500053411
7	41	1.7104850000032457
7	42	-5.149919499999669
7	42	-4.995950749998883
7	42	-4.725075750000542
7	42	-3.8193579999970098
7	42	-3.635357999999542
7	42	-3.374670499997592
7	42	-3.263357999996515
7	42	-3.2137329999968642
7	42	-2.3966079999991052
7	42	-2.2179517499971553
7	42	-0.9771089999994729
7	42	-0.5581090000014228
7	42	-0.20320274999903631
7	42	-0.16982774999996764
7	42	-0.15504650000002584
7	42	0.0906097500010219
7	42	0.8749212500006252
7	42	1.8445462500021677
7	43	-5.890825499998755
7	43	-4.011639000000287
7	43	-3.289138999996794
7	43	-3.121670249998715
7	43	-2.8602952499968524
7	43	-2.1173889999990934
7	43	-1.88776499999949
7	43	-1.8718900000021677
7	43	-1.271077500001411
7	43	-0.910265000002255
7	43	-0.8155150000020512
7	43	-0.20751500000187661
7	43	0.04851625000083004
7	43	0.062172499998268904
7	43	0.1990162500005681
7	43	0.7023902500004624
7	43	0.8071402500027034
7	43	0.838858999999502
7	43	1.182296500002849
7	43	1.6702652500025579
7	44	-5.2529820000017935
7	44	-5.00320075000127
7	44	-4.443950750002841
7	44	-4.154420499999105
7	44	-3.9722017499989306
7	44	-3.6078579999993963
7	44	-3.5242017499986105
7	44	-3.1461080000008224
7	44	-3.076076749999629
7	44	-2.8111079999980575
7	44	-1.948795500000415
7	44	0.02354724999895552
7	44	0.32779725000000326
7	44	0.7538275000006252
7	44	1.0720150000015565
7	44	1.8107337500005087
7	45	-5.828857000000426
7	45	-5.594888249997894
7	45	-4.997200750000047
7	45	-4.414701749999949
7	45	-4.258108000001812
7	45	-3.9125454999993963
7	45	-3.8444205000014335
7	45	-3.7506392499999492
7	45	-3.3767017499994836
7	45	-3.368295500000386
7	45	-3.148764249999658
7	45	-2.8012330000019574
7	45	-2.7941705000012007
7	45	-1.5018589999999676
7	45	-1.1933902499986289
7	45	0.6391712499971618
7	45	0.71813999999722
7	45	1.7523587499999849
7	46	-5.334981249998236
7	46	-3.1835447500016016
7	46	-2.791638500002591
7	46	-2.5315135000018927
7	46	-2.116357250000874
7	46	-1.7250144999998156
7	46	-1.6629207500009215
7	46	-1.1472644999994372
7	46	-1.0203582499998447
7	46	-0.7601394999983313
7	46	0.251297999999224
7	46	0.665515749999031
7	46	1.4251407499978086
7	46	1.726578249999875
7	47	-5.627606999998534
7	47	-4.8752007500006584
7	47	-4.672138249999989
7	47	-4.405044499999349
7	47	-4.012669499999902
7	47	-3.513294500000484
7	47	-3.334669500000018
7	47	-2.9572642500024813
7	47	-1.9690455000018119
7	47	-1.1249205000021902
7	47	-0.9797642500016082
7	47	-0.5593902500004333
7	47	-0.35498400000142283
7	47	-0.3351402500011318
7	47	-0.311827749999793
7	47	-0.19398400000136462
7	47	-0.00648400000136462
7	47	0.8673597499982861
7	47	1.2067659999993339
7	47	1.8292660000006435
8	1	-5.723231500000111
8	1	-3.418388750003942
8	1	-2.81107625000368
8	1	-2.4196700000029523
8	1	-2.2814512500044657
8	1	-1.249139750001632
8	1	-0.46835850000206847
8	1	-0.39329600000201026
8	1	-0.18920224999965285
8	1	0.005860249999386724
8	1	0.2479852500000561
8	1	0.6018602499971166
8	1	0.7622977499995613
8	1	0.85036024999863
8	1	1.0858279999956721
8	1	1.3787967499956721
8	1	1.5931404999973893
8	1	1.9812967499965453
8	2	-5.036794250001549
8	2	-4.659888999998657
8	2	-3.886264000000665
8	2	-3.8197327499983658
8	2	-3.7940139999991516
8	2	-2.461513999998715
8	2	-2.2373899999984133
8	2	-1.212483749997773
8	2	-0.8717024999968999
8	2	-0.7505774999990535
8	2	-0.5622337499989953
8	2	-0.43985874999998487
8	2	0.18229750000318745
8	2	0.2647652499981632
8	2	0.8868277500005206
8	2	1.1755777500002296
8	2	1.4358590000010736
8	2	1.7741402499996184
8	2	1.866421499998978
8	3	-5.6546692500014615
8	3	-5.276544250002189
8	3	-5.084825500001898
8	3	-4.6418255000025965
8	3	-3.94885775000148
8	3	-3.8791390000005777
8	3	-3.628951499998948
8	3	-3.520607750000636
8	3	-2.8907639999997627
8	3	-2.6297640000011597
8	3	-2.013951500000985
8	3	-1.4361400000016147
8	3	-1.333577500001411
8	3	-1.228015000000596
8	3	-1.0694212500020512
8	3	-1.0047650000014983
8	3	-0.5452025000013236
8	3	0.35239124999861815
8	3	0.6316090000000258
8	3	1.0353590000013355
8	3	1.1906715000004624
8	3	1.3968902499982505
8	3	1.9982652500002587
8	4	-5.09560749999946
8	4	-4.839732500000537
8	4	-3.99776374999783
8	4	-3.857951250000042
8	4	-3.7484199999998964
8	4	-2.8491699999976845
8	4	-2.495358500000293
8	4	-1.9040147500018065
8	4	-1.210608500001399
8	4	-0.08170324999809964
8	4	0.181828000000678
8	4	0.6424842500018713
8	4	0.7961717500002123
8	4	1.05476550000094
8	4	1.2240154999999504
8	4	1.8712967499996012
8	5	-5.118325999996159
8	5	-5.1027322499976435
8	5	-4.99138849999872
8	5	-4.67991974999677
8	5	-4.464169749997382
8	5	-3.966827000000194
8	5	-3.873389500000485
8	5	-3.864326999999321
8	5	-3.2847332499986805
8	5	-2.2185145000003104
8	5	-0.6666717499974766
8	5	-0.1589217499968072
8	5	0.5923595000022033
8	5	0.8148585000017192
8	5	0.9361397499997111
8	5	1.0172022500009916
8	5	1.3624835000009625
8	5	1.8927647499986051
8	6	-5.978168499997992
8	6	-2.5525132500006293
8	6	-2.0676080000012007
8	6	-2.0015767500008224
8	6	-1.9243267499987269
8	6	-1.7394204999982321
8	6	-1.6642954999988433
8	6	-1.6111080000009679
8	6	-1.1029517499991925
8	6	-0.9252642499996
8	6	-0.5374517499985814
8	6	0.279453499999363
8	6	0.40807849999691825
8	6	0.7733284999994794
8	6	1.919265999997151
8	7	-5.9369504999958735
8	7	-5.629700499994215
8	7	-5.619856749995961
8	7	-5.555481749994215
8	7	-4.578263999996125
8	7	-4.525576499996532
8	7	-4.405201499997929
8	7	-4.3157952499968815
8	7	-4.168326499995601
8	7	-3.764763999995921
8	7	-3.632857749998948
8	7	-3.3232014999957755
8	7	-2.3521087499939313
8	7	-2.0074524999945424
8	7	-1.7279212499961432
8	7	-1.4163899999948626
8	7	-0.05217124999398948
8	7	1.2162965000024997
8	7	1.4932027500035474
8	7	1.7678902500010736
8	7	1.8404527500024415
8	7	1.9267340000005788
8	8	-5.874544000002061
8	8	-5.617293999999674
8	8	-5.477294000000256
8	8	-5.223981500002992
8	8	-5.145200250000926
8	8	-4.6028252500000235
8	8	-4.567794000002323
8	8	-4.4419502500022645
8	8	-3.298013750001701
8	8	-3.114763750003476
8	8	-2.9780762500049605
8	8	-2.854451250004786
8	8	-2.688545000004524
8	8	-1.9012012500024866
8	8	-1.8633887500036508
8	8	-1.6137012500039418
8	8	-1.5242325000035635
8	8	-0.7621085000027961
8	8	0.2048289999984263
8	8	0.21820399999705842
8	8	0.3610164999990957
8	8	0.6155789999975241
8	8	0.7912977499981935
8	8	1.003422750000027
8	8	1.2291717499974766
8	8	1.6461717499951192
8	8	1.919796749996749
8	9	-5.961075250001159
8	9	-5.823669000001246
8	9	-5.690169000001333
8	9	-5.5879190000014205
8	9	-5.4680440000011
8	9	-5.366950250001537
8	9	-5.023481500000344
8	9	-4.799106500002381
8	9	-4.196544999998878
8	9	-4.082982500000071
8	9	-3.3756700000012643
8	9	-2.7578887499985285
8	9	-2.0003887499988195
8	9	-1.6166085000004387
8	9	-1.570077250002214
8	9	-0.5245460000005551
8	9	0.1789227499975823
8	9	0.41145399999732035
8	9	1.69642174999899
8	9	1.9249530000015511
8	9	1.9731717499998922
8	10	-5.516638000000967
8	10	-4.354575500001374
8	10	-3.392326500001218
8	10	-2.998920250003721
8	10	-2.7596702500013635
8	10	-2.4703265000025567
8	10	-2.2328265000032843
8	10	-2.1276702500035753
8	10	-2.003045250003197
8	10	-0.9887962499997229
8	10	-0.34692125000219676
8	10	0.16042249999736669
8	10	0.7254537499975413
8	10	0.8899214999983087
8	10	1.3149839999969117
8	10	1.3196089999983087
8	10	1.6030152499952237
8	10	1.893233999995573
8	11	-5.917356250000012
8	11	-5.799512499997945
8	11	-4.545919750002213
8	11	-4.5004509999998845
8	11	-4.011700999999448
8	11	-3.626732249998895
8	11	-3.2921072499993898
8	11	-3.000513499999215
8	11	-2.4246697500020673
8	11	-1.2759519999999611
8	11	-0.8958582499981276
8	11	-0.41588950000004843
8	11	-0.33295199999702163
8	11	-0.11738949999926263
8	11	0.34801675000198884
8	11	0.9255782500040368
8	11	0.9907345000028727
8	11	1.2977345000035712
8	11	1.5057345000022906
8	11	1.7397657500041532
8	12	-5.481294499993965
8	12	-4.922981999996409
8	12	-4.517450749994168
8	12	-4.071794499996031
8	12	-3.920545499997388
8	12	-3.2776704999960202
8	12	-1.5247329999983776
8	12	-0.44614024999464164
8	12	0.11226600000372855
8	12	0.20776600000317558
8	12	0.5946722500048054
8	12	0.7725160000045435
8	12	1.644327500001964
8	13	-5.692231499997433
8	13	-5.4824502499977825
8	13	-4.919481499997346
8	13	-4.689981499999703
8	13	-4.3396690000008675
8	13	-4.175263749999431
8	13	-4.05948250000074
8	13	-2.8260450000016135
8	13	-2.729576249999809
8	13	-2.39560750000237
8	13	-2.187607500000013
8	13	-2.0847012500016717
8	13	-1.979670000000624
8	13	-1.7674512500016135
8	13	-1.2783584999997402
8	13	-0.5228272499989544
8	13	0.5841414999995322
8	13	0.7359227500019188
8	13	1.626421749999281
8	13	1.814952999997331
8	14	-5.881232000003365
8	14	-5.365075750003598
8	14	-5.231513250000717
8	14	-4.207139250000182
8	14	-4.081295500000124
8	14	-4.070170499999222
8	14	-3.595701750000444
8	14	-3.3362017500003276
8	14	-2.595576750001783
8	14	-1.7401402500036056
8	14	-1.6578590000026452
8	14	-1.4459527500039258
8	14	-0.9521090000016557
8	14	0.12426599999889731
8	14	0.8350462499984133
8	14	1.281452499999432
8	14	1.7158587499980058
8	14	1.91510874999949
8	15	-5.726575500000763
8	15	-3.790576499999588
8	15	-2.9556077499983076
8	15	-2.825890000000072
8	15	-2.481608750000305
8	15	-1.9986400000016147
8	15	-1.8889525000013236
8	15	-1.6961712500014983
8	15	-1.6147025000027497
8	15	-1.432171250002284
8	15	-1.2437024999999267
8	15	-0.9366087500020512
8	15	-0.8521400000026915
8	15	-0.27689099999770406
8	15	-0.12170350000087637
8	15	0.8918277500015392
8	15	1.1228277500013064
8	15	1.966327750000346
8	16	-5.959575249999034
8	16	-5.817418999999063
8	16	-5.50398149999819
8	16	-5.256731499997841
8	16	-5.173825249999936
8	16	-4.602606500000547
8	16	-3.918201250002312
8	16	-3.6294825000004494
8	16	-3.5972325000002456
8	16	-3.5566075000024284
8	16	-3.375451250001788
8	16	-3.173638750002283
8	16	-2.8467325000019628
8	16	-2.0303262500019628
8	16	-1.6484209999980521
8	16	-1.5682960000012827
8	16	-1.3927022499992745
8	16	-0.6190459999997984
8	16	0.6687654999986989
8	16	0.9929217499993683
8	16	1.6804217499993683
8	17	-4.372982999997475
8	17	-4.026857999997446
8	17	-2.662014249999629
8	17	-1.8216089999987162
8	17	-1.3948589999999967
8	17	-1.2179214999996475
8	17	-0.7934840000016266
8	17	-0.5781402499997057
8	17	-0.29114024999944377
8	17	0.0347025000010035
8	17	0.14610875000289525
8	17	1.2358587500020803
8	17	1.7899525000029826
8	17	1.8947650000009162
8	17	1.9802962499998102
8	18	-5.859356249999109
8	18	-5.468762500000594
8	18	-5.1162947499979055
8	18	-5.047544749995723
8	18	-4.9457322499984
8	18	-4.8605447499976435
8	18	-4.262919749999128
8	18	-4.193575999997847
8	18	-2.9085447499965085
8	18	-2.8279509999993024
8	18	-1.9398895000013
8	18	-1.528108250000514
8	18	-0.9221394999985932
8	18	-0.482764500000485
8	18	-0.2859832499998447
8	18	-0.15692174999639974
8	18	0.0864220000039495
8	18	0.2519220000031055
8	18	0.6492032500027562
8	18	1.4298595000036585
8	18	1.5758595000006608
8	18	1.633453250000457
8	18	1.8939220000029309
8	19	-5.70591924999826
8	19	-5.467731749999075
8	19	-4.913700500001141
8	19	-4.695075499999803
8	19	-4.193450499999017
8	19	-4.104856750000181
8	19	-3.550575500001287
8	19	-2.893670250003197
8	19	-2.667295250001189
8	19	-1.9439515000012761
8	19	-1.7427327500008687
8	19	-0.6041712500009453
8	19	-0.12239000000045053
8	19	0.39217250000001513
8	19	0.6098287499989965
8	19	1.078422499998851
8	19	1.7029215000002296
8	19	1.7588277499999094
8	20	-5.847544000000198
8	20	-5.330950250001479
8	20	-4.947262749999936
8	20	-4.879482499996811
8	20	-4.657982499997161
8	20	-4.1638262499982375
8	20	-4.087982499997452
8	20	-3.976670000000013
8	20	-3.46260749999783
8	20	-3.3783574999979464
8	20	-3.139513749996695
8	20	-2.7223262499974226
8	20	-2.402639750001981
8	20	-2.10648349999974
8	20	-2.0880147499992745
8	20	-1.916921000000002
8	20	-1.1273585000017192
8	20	-0.07426475000102073
8	20	0.866140500002075
8	20	0.9706092500018713
8	20	1.216265500002919
8	20	1.3491092500007653
8	20	1.4447342500025115
8	20	1.5410467500005325
8	20	1.5764217500000086
8	20	1.8428905000000668
8	21	-5.7393560000055
8	21	-5.446169500002725
8	21	-4.121325750002143
8	21	-3.247482000002492
8	21	-1.7182017500017537
8	21	-1.4470142499994836
8	21	-1.4055142500001239
8	21	-1.352076750001288
8	21	-1.1801080000004731
8	21	-1.0190767499989306
8	21	-0.9338892500018119
8	21	-0.7269205000011425
8	21	-0.4102652500041586
8	21	-0.2500777500026743
8	21	0.3709534999979951
8	21	0.585578499998519
8	21	0.6957347499992466
8	21	1.2108284999958414
8	21	1.31635974999881
8	21	1.4220472499982861
8	22	-5.182606500002294
8	22	-5.018262749999849
8	22	-4.884887750002235
8	22	-4.574106500000198
8	22	-4.394887750000635
8	22	-4.250169000002643
8	22	-4.1258565000025555
8	22	-4.116012750000664
8	22	-3.696794999999838
8	22	-3.4902325000002747
8	22	-3.406076250001206
8	22	-2.961701249998441
8	22	-2.367732499998965
8	22	-2.313451250000071
8	22	-1.9791387500008568
8	22	-1.8757637499984412
8	22	-1.8654512499997509
8	22	-1.4918887499989069
8	22	-0.3500460000032035
8	22	0.3258289999976114
8	22	1.6259217500009981
8	23	-5.5655749999968975
8	23	-5.066982250002184
8	23	-4.983107250001922
8	23	-4.816326000000117
8	23	-4.226482250000117
8	23	-4.115325999999186
8	23	-3.9627010000003793
8	23	-3.7629822500020964
8	23	-3.673013499999797
8	23	-3.591357249999419
8	23	-2.767014499997458
8	23	-2.536639499998273
8	23	-2.3657332499969925
8	23	-1.7890144999983022
8	23	-1.7455769999978656
8	23	-1.4769832499987388
8	23	-1.1456707500001357
8	23	-0.5643582499978947
8	23	0.5367970000006608
8	23	0.8704844999992929
8	23	1.0152657500002533
8	23	1.2018595000008645
8	23	1.6286719999989145
8	23	1.713015749999613
8	24	-5.048638249998476
8	24	-4.4037632499967
8	24	-4.070981999997457
8	24	-3.990606999996089
8	24	-3.411389249999047
8	24	-2.5472330000011425
8	24	-2.302920499998436
8	24	-1.9438267500008806
8	24	-0.8524214999997639
8	24	0.011797250001109205
8	24	0.08454725000046892
8	24	0.526172250003583
8	24	0.9645785000029719
8	24	1.6420150000012654
8	24	1.749702500001149
8	25	-4.736013500001718
8	25	-4.441701000003377
8	25	-4.205451000001631
8	25	-3.3351385000023583
8	25	-3.230763500003377
8	25	-2.800201999998535
8	25	-2.4006707500011544
8	25	-1.276545749999059
8	25	-0.8892332499999611
8	25	-0.4783270000007178
8	25	0.32639074999678996
8	25	0.5185782499975176
8	25	0.6087969999971392
8	25	1.2792969999973138
8	25	1.5438282499962952
8	26	-5.976763500002562
8	26	-5.7365760000029695
8	26	-5.630201000003581
8	26	-4.654857250003261
8	26	-4.573357250003028
8	26	-4.368951000004017
8	26	-4.249169750000874
8	26	-4.055013500001223
8	26	-4.027357250000932
8	26	-3.086389500000223
8	26	-2.809639499999321
8	26	-2.1942645000017365
8	26	-1.7397332500004268
8	26	-1.65351450000162
8	26	-1.535389500000747
8	26	-1.3070770000013
8	26	-1.2069207499989716
8	26	-1.203983250001329
8	26	-0.7369842499974766
8	26	-0.5287029999999504
8	26	-0.44779674999881536
8	26	-0.3702342500000668
8	26	-0.23198425000009593
8	26	0.3321407500006899
8	26	0.6886720000002242
8	26	0.9220470000000205
8	26	1.418390750000981
8	27	-4.837950749999436
8	27	-4.602888249999523
8	27	-4.218669499998214
8	27	-3.8161392500005604
8	27	-3.7321392500016373
8	27	-3.6192955000005895
8	27	-3.4872954999991634
8	27	-2.60513925000123
8	27	-2.1167329999989306
8	27	-1.5858902499967371
8	27	-1.4964839999993274
8	27	-1.3789839999990363
8	27	-1.373608999998396
8	27	-0.9760777499977848
8	27	-0.7783902499977557
8	27	-0.7445777499997348
8	27	-0.26435899999705725
8	27	0.19785975000195322
8	27	0.8586087500007125
8	27	1.0838274999987334
8	27	1.1857337500005087
8	27	1.1905462499998976
8	27	1.4054524999992282
8	27	1.4839524999988498
8	27	1.9415774999979476
8	28	-5.511356750001141
8	28	-5.080825500001083
8	28	-4.707107750000432
8	28	-4.548420250001072
8	28	-4.338326500001131
8	28	-4.32679525000276
8	28	-2.2554837499992573
8	28	-1.7062025000013818
8	28	-1.4338275000009162
8	28	-1.3342650000013236
8	28	-0.7707337499996356
8	28	-0.7179212500013818
8	28	-0.6826399999990826
8	28	-0.38495250000050873
8	28	0.3242339999960677
8	28	0.6222964999979013
8	28	0.7865152499980468
8	28	1.140765249998367
8	28	1.3564214999969408
8	28	1.740483999998105
8	29	-5.815200500001083
8	29	-5.697419250001985
8	29	-5.024513000000297
8	29	-4.7122317499997735
8	29	-4.649044249999861
8	29	-3.2601702499996463
8	29	-2.8731702500008396
8	29	-2.7806390000005194
8	29	-2.3686390000002575
8	29	-2.172763999999006
8	29	-0.8432962499973655
8	29	-0.7402337499988789
8	29	-0.5035774999960267
8	29	-0.48582749999695807
8	29	-0.35467124999922817
8	29	0.24220375000368222
8	29	0.7261402500007534
8	29	1.0685777500002587
8	29	1.2142964999984542
8	29	1.3898277500011318
8	29	1.4109840000019176
8	29	1.7905777500018303
8	30	-4.794514000001072
8	30	-4.721451500001422
8	30	-4.36273274999985
8	30	-4.240951499999937
8	30	-3.8599202500008687
8	30	-3.635764000002382
8	30	-3.4566077500021493
8	30	-3.237826500000665
8	30	-2.501795250002033
8	30	-2.148139999997511
8	30	-1.6817024999982095
8	30	-1.555202499999723
8	30	-1.419733750000887
8	30	-1.2362649999995483
8	30	-0.8560149999975692
8	30	-0.20785875000001397
8	30	-0.07979625000007218
8	30	0.3540152499990654
8	31	-5.981575499998144
8	31	-5.869137999998202
8	31	-5.650794249999308
8	31	-4.628606750000472
8	31	-4.4984192500014615
8	31	-4.331263000000035
8	31	-4.021075500000734
8	31	-3.930919250000443
8	31	-3.6703264999996463
8	31	-3.602951499997289
8	31	-3.191857749996416
8	31	-3.106951499998104
8	31	-2.7360452499997336
8	31	-2.619732749997638
8	31	-2.4951702499965904
8	31	-2.3438577499982785
8	31	-1.5676389999971434
8	31	-0.9242650000014692
8	31	-0.4644212499988498
8	31	-0.38123374999850057
8	31	-0.3127649999987625
8	31	0.49623499999870546
8	31	0.6764849999999569
8	31	1.0360162500001024
8	32	-5.564950749998388
8	32	-5.1692007499987085
8	32	-4.318795499999396
8	32	-4.225826750000124
8	32	-4.132701750000706
8	32	-3.5744517499988433
8	32	-3.2144829999997455
8	32	-3.0745767499975045
8	32	-1.4881714999974065
8	32	-0.9411714999987453
8	32	-0.6547652499975811
8	32	-0.4405777499960095
8	32	-0.16917149999790126
8	32	-0.021640249997290084
8	32	0.961765000000014
8	32	1.6682025000009162
8	33	-5.7686377500031085
8	33	-5.680512750001071
8	33	-5.542044999998325
8	33	-5.425794999999198
8	33	-5.35635750000074
8	33	-5.338794999999664
8	33	-4.709638749998703
8	33	-4.664170000000013
8	33	-3.936388750000333
8	33	-3.3974825000004785
8	33	-2.9329210000032617
8	33	-2.1917647500013118
8	33	-2.116014750001341
8	33	-1.8713272500026505
8	33	-1.5234835000010207
8	33	-1.3699522500028252
8	33	-0.7900147500004095
8	33	-0.570640750000166
8	33	-0.5197657499993511
8	33	-0.2988282500009518
8	33	0.21439050000117277
8	33	0.2576092499984952
8	33	1.0560780000014347
8	33	1.1670467500007362
8	33	1.2399842500017257
8	33	1.8119217499988736
8	34	-5.589482250001311
8	34	-4.078201000003901
8	34	-4.024044750003668
8	34	-3.930701000001136
8	34	-3.6974197500021546
8	34	-3.055139500003861
8	34	-2.943170750004356
8	34	-2.725264500004414
8	34	-2.2743582500042976
8	34	-2.0686707500062766
8	34	-1.825795750006364
8	34	-1.0213895000051707
8	34	-0.06423425000321004
8	34	0.18392199999652803
8	34	1.303265749997081
8	34	1.5692959999978484
8	34	1.7545147499986342
8	34	1.8286709999993036
8	34	1.9058897499999148
8	35	-5.886700499999279
8	35	-5.83335674999762
8	35	-5.484262999998464
8	35	-5.369387999999162
8	35	-5.145637999998144
8	35	-4.807044249999308
8	35	-4.660419249998085
8	35	-4.533544249999977
8	35	-3.849263999996765
8	35	-2.7442327499957173
8	35	-2.4962014999982785
8	35	-2.1344827499960957
8	35	-1.6000139999960084
8	35	-1.408015000000887
8	35	-0.8267337500001304
8	35	-0.7183899999981804
8	35	-0.6483587500006252
8	35	0.1544537500012666
8	35	0.40157874999931664
8	35	0.9914537500008009
8	35	1.0363590000015392
8	35	1.3128277500036347
8	35	1.4000777500004915
8	35	1.5147027500024706
8	35	1.6494527500035474
8	36	-5.558606250000594
8	36	-5.20623125000202
8	36	-3.267482249997556
8	36	-1.7840770000002522
8	36	-1.6895145000016782
8	36	-1.3121082500001648
8	36	-1.0891394999998738
8	36	-0.9648269999997865
8	36	-0.5667332500015618
8	36	-0.5436082500018529
8	36	0.7417344999994384
8	36	1.0225782500019704
8	36	1.2175782500016794
8	36	1.5538282500019704
8	36	1.9923282500021742
8	37	-5.755762500004494
8	37	-4.889450000006036
8	37	-4.318263500001194
8	37	-4.240326000002824
8	37	-4.155294750002213
8	37	-4.004451000004337
8	37	-3.5775447500018345
8	37	-2.425451000002795
8	37	-1.8074832500024058
8	37	-1.4749832500019693
8	37	-1.3130770000025223
8	37	-0.9222957500023767
8	37	-0.8638895000003686
8	37	0.26376574999812874
8	37	0.8811407499961206
8	37	1.0088282499964407
8	37	1.2745469999972556
8	38	-5.751325500001258
8	38	-5.406638000000385
8	38	-5.255044249999628
8	38	-4.741920250002295
8	38	-4.1556390000005194
8	38	-3.597607750001771
8	38	-3.3901077500013344
8	38	-3.278545250002935
8	38	-2.4838275000001886
8	38	-2.3169525000012072
8	38	-1.8968899999999849
8	38	-1.5223900000019057
8	38	-1.428358749999461
8	38	-1.0446712500015565
8	38	-0.9593275000006543
8	38	-0.47417124999992666
8	38	-0.2840775000004214
8	38	0.6155777499989199
8	38	0.674796499999502
8	38	0.9704214999983378
8	38	1.1965152499979013
8	38	1.638608999997814
8	38	1.6547027499982505
8	38	1.7985464999983378
8	39	-5.601544500001182
8	39	-5.424075750001066
8	39	-5.308200750001561
8	39	-5.218419500000891
8	39	-4.267514250001113
8	39	-3.7141704999994545
8	39	-3.183576750001521
8	39	-3.026514249999309
8	39	-1.7169215000030817
8	39	-0.272765250003431
8	39	-0.11610900000232505
8	39	1.0687337499985006
8	39	1.2694837499984715
8	39	1.822796249998646
8	40	-5.716231500002323
8	40	-5.390294000000722
8	40	-5.072826250001526
8	40	-5.01957625000432
8	40	-4.8338575000016135
8	40	-3.8560762500019337
8	40	-2.621577249999973
8	40	-0.8101710000009916
8	40	-0.8000460000002931
8	40	-0.6358585000016319
8	40	-0.10132825000255252
8	40	0.15067174999785493
8	40	0.22032799999578856
8	40	0.31795299999794224
8	40	0.4533279999959632
8	40	1.1639842499971564
8	40	1.1677967499963415
8	40	1.327796749996196
8	40	1.5118279999987863
8	40	1.8012029999954393
8	40	1.910640499998408
8	41	-5.81126199999926
8	41	-5.797011999999086
8	41	-5.7180432499990275
8	41	-5.561544249998406
8	41	-5.013794250000501
8	41	-4.890263000001141
8	41	-4.31304425000053
8	41	-4.007637999999133
8	41	-3.5002942499995697
8	41	-3.178920249996736
8	41	-3.0690764999962994
8	41	-2.7340764999971725
8	41	-2.612826499997027
8	41	-2.589076499996736
8	41	-2.455638999996154
8	41	-1.4293889999971725
8	41	-1.3489827499979583
8	41	-1.1990139999979874
8	41	-1.0126389999968524
8	41	-0.8960764999974344
8	41	-0.7177952499987441
8	41	0.009766250004759058
8	41	0.34189125000557397
8	41	0.4381412500042643
8	41	0.6616100000028382
8	41	1.213297500002227
8	41	1.822921500002849
8	41	1.9560777500009863
8	42	-5.866388250000455
8	42	-5.7149507499998435
8	42	-4.753919499999029
8	42	-4.318419499999436
8	42	-4.024232999996457
8	42	-3.5062017499985814
8	42	-3.2879517499968642
8	42	-2.7412017499991634
8	42	-2.6337017499972717
8	42	-2.5177329999969515
8	42	-2.037732999997388
8	42	-0.7489214999986871
8	42	-0.6799839999985124
8	42	-0.046952749999036314
8	42	0.11654724999971222
8	42	0.2506097500008764
8	42	1.508640000000014
8	43	-5.835856749999948
8	43	-5.047794250000152
8	43	-3.7370452499999374
8	43	-3.027701499999239
8	43	-2.6009827499983658
8	43	-2.5712327499968524
8	43	-2.262107749997085
8	43	-2.1163889999988896
8	43	-0.9447962500016729
8	43	-0.7737025000024005
8	43	-0.7098587500004214
8	43	-0.40304625000135275
8	43	-0.16335875000004307
8	43	0.07867249999981141
8	43	0.18382874999952037
8	43	0.7874840000004042
8	43	1.152702750001481
8	43	1.403202749999764
8	43	1.9171402499996475
8	44	-5.901169500000833
8	44	-5.644950750000135
8	44	-4.861107000000629
8	44	-4.523669500002143
8	44	-4.4600132500017935
8	44	-3.696951750000153
8	44	-3.177232999998523
8	44	-2.6707954999983485
8	44	-1.4393277500021213
8	44	-0.5601715000011609
8	44	-0.3212652500005788
8	44	0.3278284999978496
8	44	0.6192347500000324
8	44	0.8711087500014401
8	44	1.3021399999997811
8	45	-5.514856999998301
8	45	-5.265357000000222
8	45	-3.695701749998989
8	45	-2.791607999999542
8	45	-2.591264250000677
8	45	-2.3265455000000657
8	45	-1.5978902499991818
8	45	-0.8432652499977848
8	45	-0.7644215000000258
8	45	0.23060975000043982
8	45	0.28314099999988684
8	45	0.8367962499978603
8	45	1.6814212499994028
8	45	1.916233749998355
8	46	-5.702043749999575
8	46	-5.651418749999721
8	46	-5.6437000000005355
8	46	-5.176668749998498
8	46	-5.0406999999977415
8	46	-4.699949999998353
8	46	-4.522574999999051
8	46	-4.295357250000961
8	46	-4.225044750000961
8	46	-3.877982250000059
8	46	-2.7463572500018927
8	46	-2.652544750002562
8	46	-2.46276349999971
8	46	-1.9158895000000484
8	46	-1.5641082500005723
8	46	-0.694014500000776
8	46	-0.5922332500012999
8	46	-0.3115457499989134
8	46	-0.18845199999850593
8	46	0.29557924999971874
8	46	0.6515782499991474
8	46	0.6830782500001078
8	46	0.8078282499991474
8	46	1.0062032499990892
8	46	1.311703249997663
8	47	-5.144388249998883
8	47	-4.937575749998359
8	47	-4.914231999999174
8	47	-4.511544500001037
8	47	-4.4368570000006
8	47	-3.5032632500006002
8	47	-2.968951750000997
8	47	-2.8861392500002694
8	47	-2.6344205000023067
8	47	-2.4430142500023067
8	47	-2.231701750002685
8	47	0.3439847500012547
8	47	0.43714099999851896
8	47	1.334140999999363
8	47	1.659391000001051
8	47	1.9210462500013818
9	1	-5.852450250000402
9	1	-5.672481500001595
9	1	-5.561262750001333
9	1	-5.478981500000373
9	1	-5.475325250001333
9	1	-5.351637750001828
9	1	-5.215981500001362
9	1	-5.078200250001828
9	1	-4.74166900000273
9	1	-4.5076377500008675
9	1	-4.324106500000198
9	1	-4.090450250001595
9	1	-3.9409825000038836
9	1	-3.858576250004262
9	1	-3.248263750003389
9	1	-3.1511700000046403
9	1	-3.036420000004
9	1	-2.979857500002254
9	1	-2.3372637500033306
9	1	-2.1623887500027195
9	1	-2.092420000004495
9	1	-1.7621387500039418
9	1	-1.4689512500044657
9	1	-1.333139750000555
9	1	-0.9059210000013991
9	1	-0.7982960000008461
9	1	-0.6624835000002349
9	1	-0.5677022500021849
9	1	-0.053639750000002095
9	1	-0.04573350000282517
9	1	0.08170400000017253
9	1	0.440922750000027
9	1	0.9663602500004345
9	1	1.7272029999949154
9	2	-5.342013000001316
9	2	-4.892888000002131
9	2	-4.8123567500006175
9	2	-4.556920250000985
9	2	-4.368170249999821
9	2	-4.271326499998395
9	2	-4.2280140000002575
9	2	-4.1037327500016545
9	2	-4.007795249999617
9	2	-3.649139000001014
9	2	-3.4300140000013926
9	2	-3.0385452500013344
9	2	-2.904889000001276
9	2	-2.540764000001218
9	2	-2.448170250001567
9	2	-2.375076500000432
9	2	-2.106202499999199
9	2	-2.0203274999985297
9	2	-1.4821087499985879
9	2	-1.1453274999985297
9	2	-1.0591712499990535
9	2	-0.7046399999999267
9	2	-0.3953274999985297
9	2	-0.1893899999995483
9	2	-0.09145249999710359
9	2	-0.034827499999664724
9	2	0.349858999998105
9	2	0.47545275000084075
9	2	1.3975152499988326
9	2	1.6272652500010736
9	2	1.9709215000002587
9	3	-5.527138000001287
9	3	-5.4156692500000645
9	3	-5.310419250003179
9	3	-5.220825500000501
9	3	-4.945044250001956
9	3	-4.495044250001229
9	3	-4.144701500001247
9	3	-4.091513999999734
9	3	-3.816170250000141
9	3	-3.7643265000006068
9	3	-3.4508889999997336
9	3	-3.2888577500016254
9	3	-3.2037327500001993
9	3	-3.122795250001218
9	3	-2.9970140000004903
9	3	-2.6478265000005194
9	3	-2.376513999999588
9	3	-2.3123264999994717
9	3	-2.2321077499982493
9	3	-2.141107750001538
9	3	-1.724108750000596
9	3	-1.59498375000112
9	3	-0.6454212500029826
9	3	-0.33985875000144006
9	3	-0.2762650000004214
9	3	0.14823499999693013
9	3	0.753233999999793
9	3	1.3176090000015392
9	3	1.4990777499988326
9	3	1.644484000000375
9	3	1.8164214999997057
9	3	1.9326714999988326
9	4	-5.7102315000011
9	4	-5.464387750002061
9	4	-4.797044999999343
9	4	-4.6055449999985285
9	4	-4.248576250000042
9	4	-4.171763750000537
9	4	-3.490576249998412
9	4	-3.3865762499990524
9	4	-2.9247012499981793
9	4	-2.7767637500001
9	4	-2.381858500000817
9	4	-1.9857335000015155
9	4	-1.6285459999999148
9	4	-1.555389750003087
9	4	-1.1727022500017483
9	4	-1.067514750000555
9	4	-0.9760772500012536
9	4	-0.8874210000030871
9	4	-0.710702250002214
9	4	-0.6330147500011662
9	4	-0.4874210000016319
9	4	-0.36201475000052596
9	4	-0.33154600000125356
9	4	-0.21598350000203936
9	4	0.11145300000134739
9	4	0.42667174999951385
9	4	0.9482029999999213
9	4	1.371796750001522
9	4	1.427921750000678
9	4	1.7647655000000668
9	5	-5.851763499998924
9	5	-5.702013499998429
9	5	-5.6077634999965085
9	5	-5.433419749999302
9	5	-4.354982249999011
9	5	-4.274450999997498
9	5	-3.584952000001067
9	5	-2.852014500000223
9	5	-2.7807020000000193
9	5	-1.948420749999059
9	5	-1.9440457499986223
9	5	-1.5531092499986698
9	5	-1.433265499999834
9	5	-1.2135467499974766
9	5	-0.9764217499978258
9	5	-0.9045779999978549
9	5	-0.5378904999997758
9	5	-0.3949529999990773
9	5	-0.2847342499990191
9	5	0.04029700000319281
9	5	0.12654700000348384
9	5	0.44057825000345474
9	5	0.6669532500018249
9	5	1.0943584999986342
9	5	1.1669522500014864
9	5	1.501514750001661
9	6	-5.766824750000524
9	6	-5.244262249998428
9	6	-5.065606000000116
9	6	-5.0079194999998435
9	6	-4.464982000001328
9	6	-4.358888250000746
9	6	-4.174607000000833
9	6	-4.059732000001532
9	6	-3.763607000000775
9	6	-3.6881382500032487
9	6	-3.4813882500020554
9	6	-3.252607000002172
9	6	-3.086794500002725
9	6	-2.888919500001066
9	6	-2.739794500001153
9	6	-2.542700750000222
9	6	-2.4331392499989306
9	6	-2.2093580000000657
9	6	-1.8773267500000657
9	6	-1.4442017500005022
9	6	-1.403576749999047
9	6	-1.3127329999988433
9	6	-1.2819517499992799
9	6	-1.0114204999990761
9	6	-0.8667329999989306
9	6	-0.6603892499988433
9	6	-0.1127642499996
9	6	-0.0003277500036347192
9	6	0.5114222499978496
9	6	0.8741409999965981
9	6	1.0392972499976167
9	6	1.8132347499995376
9	7	-5.811825499993574
9	7	-5.192231749995699
9	7	-4.514920249996067
9	7	-4.256357749996823
9	7	-4.035763999996561
9	7	-3.9388577499958046
9	7	-3.4515764999960084
9	7	-2.4682962499973655
9	7	-2.097264999996696
9	7	-1.516358749995561
9	7	-1.118733749994135
9	7	-0.9480462499959685
9	7	-0.6806712499965215
9	7	-0.3407337499957066
9	7	-0.28157749999445514
9	7	-0.18648374999611406
9	7	0.13664025000252877
9	7	0.4468902500011609
9	7	0.6457652500030235
9	7	1.0158902500006661
9	7	1.1384840000027907
9	7	1.5615465000009863
9	8	-5.896481499999936
9	8	-5.71432525000273
9	8	-5.4155439999995
9	8	-5.0179190000017115
9	8	-4.82863775000078
9	8	-4.733231500002148
9	8	-4.574950250000256
9	8	-3.814388750004582
9	8	-3.6797637500021665
9	8	-3.4881387500026904
9	8	-3.392795000003389
9	8	-3.2161700000033306
9	8	-2.507638750004844
9	8	-2.1060450000040873
9	8	-2.018513750004786
9	8	-1.7787637500041455
9	8	-1.7145137500046985
9	8	-1.4332022500020685
9	8	-1.1541397500004678
9	8	-1.0566397500006133
9	8	-0.9746709999999439
9	8	-0.6754209999999148
9	8	-0.5914522500024759
9	8	-0.49079600000186474
9	8	0.05804774999705842
9	8	0.4570164999968256
9	8	0.6075165000002016
9	8	0.9609227499968256
9	8	1.3084842499956721
9	8	1.3912967499963997
9	8	1.506452999998146
9	8	1.8457654999947408
9	9	-4.36520025000209
9	9	-4.291919999999664
9	9	-4.216482499999984
9	9	-3.9593887500013807
9	9	-3.527044999998907
9	9	-2.7398887499984994
9	9	-2.651451249999809
9	9	-2.522045000001526
9	9	-2.4095137500007695
9	9	-2.3317949999982375
9	9	-2.17270125000141
9	9	-2.0963887500001874
9	9	-1.7875460000032035
9	9	-1.516014750002796
9	9	-1.5122335000014573
9	9	-1.3563272500032326
9	9	-0.877546000003349
9	9	-0.8021710000029998
9	9	-0.7343585000016901
9	9	-0.6474522500029707
9	9	-0.33629600000131177
9	9	-0.2397022500008461
9	9	-0.18523350000032224
9	9	-0.03482725000139908
9	9	0.2804227499982517
9	9	0.5058289999979024
9	9	0.6640154999986407
9	9	1.113578000000416
9	9	1.238046750000649
9	9	1.3155780000015511
9	9	1.559077999998408
9	9	1.648203000000649
9	9	1.9905467499993392
9	10	-5.942481750000297
9	10	-5.858544250000705
9	10	-4.888981750002131
9	10	-4.651450500001374
9	10	-4.549075499999162
9	10	-4.460606750002626
9	10	-4.303044250002131
9	10	-3.8937327500025276
9	10	-3.7874515000039537
9	10	-3.5679827500025567
9	10	-3.4891390000047977
9	10	-2.321014000004652
9	10	-1.6285774999996647
9	10	-1.4362337500024296
9	10	-1.0781087499999558
9	10	-0.7458900000019639
9	10	-0.4173900000023423
9	10	-0.044202500001119915
9	10	0.057047499998589046
9	10	0.22507874999791966
9	10	0.4271412499983853
9	10	0.5159849999981816
9	10	1.0144527499978722
9	10	1.2065777499956312
9	11	-5.686200000000099
9	11	-5.50535624999975
9	11	-5.424481250000099
9	11	-5.069949999997334
9	11	-4.969168749998062
9	11	-4.666699999997945
9	11	-4.475794750000205
9	11	-3.893982249999681
9	11	-3.5356072499998845
9	11	-3.457232249998924
9	11	-3.366044750000583
9	11	-3.1397634999993898
9	11	-2.831826000001456
9	11	-2.7213572500004375
9	11	-2.0618582499992044
9	11	-1.7893582500000775
9	11	-1.6840769999980694
9	11	-1.5851082499975746
9	11	-1.0357957499982149
9	11	-0.952233249998244
9	11	-0.6391707500006305
9	11	-0.6046082499997283
9	11	-0.5569207499975164
9	11	-0.48238949999722536
9	11	-0.4350144999989425
9	11	-0.22554574999958277
9	11	0.25211050000143587
9	11	0.5128595000023779
9	11	0.7203282500013302
9	11	0.8023907500028145
9	11	1.0746095000031346
9	11	1.4052657500033092
9	11	1.559734500002378
9	11	1.6902657500031637
9	11	1.7601095000027271
9	11	1.8690157500022906
9	12	-5.525575749994459
9	12	-5.101106999994954
9	12	-4.439794499994605
9	12	-4.364388249996409
9	12	-4.284544499994809
9	12	-3.6375767499957874
9	12	-3.3670142499977374
9	12	-3.11398299999928
9	12	-2.982607999998436
9	12	-2.8910767499983194
9	12	-2.6567954999991343
9	12	-2.127545499995904
9	12	-1.980045499996777
9	12	-1.88845174999733
9	12	-1.5204829999966023
9	12	-1.306890249994467
9	12	-1.056890249994467
9	12	-0.9526089999963006
9	12	-0.22067149999566027
9	12	-0.08920274999763933
9	12	-0.04789024999627145
9	12	0.37398475000372855
9	12	1.1812962500007416
9	12	1.4621400000032736
9	12	1.530546250003681
9	13	-5.989200249998248
9	13	-5.921575249998568
9	13	-5.58620024999982
9	13	-5.285762749997957
9	13	-5.1841377499986265
9	13	-4.821918999998161
9	13	-4.2697627499983355
9	13	-3.5384825000001
9	13	-3.456545000000915
9	13	-3.3762325000025157
9	13	-3.293294999999489
9	13	-3.088138750001235
9	13	-2.980701250002312
9	13	-2.6006387500019628
9	13	-2.4292637500002456
9	13	-2.26235749999978
9	13	-2.136232500000915
9	13	-1.689420999999129
9	13	-1.1630459999978484
9	13	-0.9432022500004678
9	13	-0.8773584999980812
9	13	-0.40160850000029313
9	13	-0.29910849999942
9	13	-0.20079600000099163
9	13	-0.1528897499993036
9	13	-0.12388975000067148
9	13	-0.011858499998197658
9	13	0.2862664999993285
9	13	0.41011024999897927
9	13	0.49748525000177324
9	13	1.7214217499968072
9	13	1.9962967499996012
9	14	-5.943607000001066
9	14	-5.715763250002055
9	14	-5.647388250003132
9	14	-5.601450750000367
9	14	-5.059888250001677
9	14	-4.657857000001968
9	14	-4.579919500003598
9	14	-4.303358000001026
9	14	-3.947451750002074
9	14	-3.6556080000009388
9	14	-2.9533892500003276
9	14	-2.7492017500007933
9	14	-2.5141079999993963
9	14	-2.316420499999367
9	14	-2.2175767500011716
9	14	-1.1773902500026452
9	14	-1.0520465000008699
9	14	-0.8556715000013355
9	14	-0.7934840000016266
9	14	-0.6387965000030817
9	14	-0.04320275000281981
9	14	0.044265999997151084
9	14	0.47945249999975204
9	14	0.939046249997773
9	14	1.0437337500006834
9	14	1.1833274999989953
9	14	1.3687962500007416
9	14	1.593858749998617
9	15	-5.920794249999744
9	15	-5.359200499999133
9	15	-5.182013999998162
9	15	-5.0678577500002575
9	15	-5.055076500000723
9	15	-4.9900452500005485
9	15	-4.90935774999889
9	15	-4.815639000000374
9	15	-4.575638999998773
9	15	-4.4477952499983076
9	15	-4.241763999998511
9	15	-3.8659827499977837
9	15	-3.7615139999979874
9	15	-3.624045249998744
9	15	-3.381857749998744
9	15	-2.36163999999917
9	15	-2.125514999999723
9	15	-1.7964525000024878
9	15	-0.7337337499993737
9	15	-0.52570249999917
9	15	-0.2906097499981115
9	15	-0.21123475000058534
9	15	0.0727027499997348
9	15	0.36114024999915273
9	15	0.9892964999999094
9	15	1.4920464999995602
9	15	1.5394527499993274
9	15	1.6709527500024706
9	16	-5.400700250000227
9	16	-4.999856499998714
9	16	-4.909637749999092
9	16	-4.698231499998656
9	16	-4.416045000001759
9	16	-4.230795000003127
9	16	-3.7331075000001874
9	16	-3.2569825000027777
9	16	-3.0222012500016717
9	16	-2.4682325000030687
9	16	-2.3540137500021956
9	16	-1.729608499997994
9	16	-1.2854834999998275
9	16	-1.2028272499992454
9	16	-1.0061084999979357
9	16	-0.858733500001108
9	16	-0.6582647499999439
9	16	-0.5740459999979066
9	16	-0.38526474999889615
9	16	-0.3067647499992745
9	16	-0.2035772499984887
9	16	-0.18998350000038045
9	16	-0.07267099999808124
9	16	0.2885165000006964
9	16	0.45373525000104564
9	16	0.79798424999899
9	16	1.178952999998728
9	16	1.2944217499971273
9	16	1.9607967499978258
9	17	-5.990669499999058
9	17	-5.762013250001473
9	17	-5.544169500000862
9	17	-5.178638249999494
9	17	-4.810107999997854
9	17	-4.68551424999896
9	17	-4.605045499996777
9	17	-4.295045499999105
9	17	-3.92117049999797
9	17	-3.728701749998436
9	17	-3.591607999998814
9	17	-3.3939829999981157
9	17	-3.1927642499977082
9	17	-3.049014249998436
9	17	-2.326827749999211
9	17	-1.9655464999996184
9	17	-1.6541714999984833
9	17	-1.4906714999997348
9	17	-1.2853590000013355
9	17	-0.7022964999996475
9	17	-0.525234000000637
9	17	-0.11685900000156835
9	17	0.31079624999983935
9	17	0.4191400000017893
9	17	0.5312025000021094
9	17	0.9590150000003632
9	17	1.3258275000007416
9	17	1.5936712500006252
9	18	-5.706168749999051
9	18	-5.268512499998906
9	18	-4.57835724999677
9	18	-4.053575999998429
9	18	-3.9716384999992442
9	18	-3.858950999998342
9	18	-3.512607249998837
9	18	-3.2222634999961883
9	18	-2.745857249996334
9	18	-2.49682699999903
9	18	-2.265358249998826
9	18	-2.142077000000427
9	18	-2.0372957500003395
9	18	-1.862295750001067
9	18	-1.7603582499978074
9	18	-1.661826999999903
9	18	-1.3460144999990007
9	18	-1.1019832499987388
9	18	-0.7792019999978947
9	18	-0.5875457500005723
9	18	-0.47395200000028126
9	18	-0.20248424999954295
9	18	0.25473450000208686
9	18	0.4104220000008354
9	18	0.7939532500022324
9	18	1.0650157500022033
9	18	1.2561720000012428
9	18	1.3540782500022033
9	18	1.769765750002989
9	19	-5.8770745000001625
9	19	-5.594606750000821
9	19	-5.336950500000967
9	19	-5.136825500001578
9	19	-4.854044250001607
9	19	-4.787044249998871
9	19	-4.352513000001636
9	19	-3.994669250001607
9	19	-3.8536692499983474
9	19	-3.72710675000053
9	19	-3.1259515000019746
9	19	-2.360139000000345
9	19	-2.063576500000636
9	19	-1.7835765000018
9	19	-1.7766702500011888
9	19	-1.5452327500024694
9	19	-1.1528577500030224
9	19	-1.070889000002353
9	19	-0.9312640000025567
9	19	-0.7200462500004505
9	19	-0.5232649999998102
9	19	-0.48717124999893713
9	19	-0.022046250000130385
9	19	0.18114124999920023
9	19	0.2803287499991711
9	19	0.6937037499992584
9	19	0.7881100000013248
9	19	0.8926412500004517
9	20	-5.5852315000011
9	20	-5.521887750001042
9	20	-5.392731500000082
9	20	-5.156262749998859
9	20	-4.950637750000169
9	20	-4.806138749998354
9	20	-4.502451249998558
9	20	-4.41060749999815
9	20	-4.3086699999985285
9	20	-3.6607324999968114
9	20	-3.5868262499971024
9	20	-3.2610762499971315
9	20	-2.9837950000001
9	20	-2.8484512499999255
9	20	-2.5935137499982375
9	20	-2.3258585000003222
9	20	-1.9888897499986342
9	20	-1.7307022499990126
9	20	-1.617577249999158
9	20	-1.5168897500007006
9	20	-1.2819835000009334
9	20	-0.8684835000021849
9	20	-0.7316397499998857
9	20	-0.6516085000002931
9	20	-0.4754209999991872
9	20	0.102984250002919
9	20	0.4894842499998049
9	21	-5.997106000002532
9	21	-5.6877007500006584
9	21	-5.5768882500015025
9	21	-5.305138250001619
9	21	-4.942544500001532
9	21	-4.631450750002841
9	21	-4.237388250003278
9	21	-3.7536070000023756
9	21	-3.516607000001386
9	21	-3.4441070000029868
9	21	-3.3780757500026084
9	21	-3.116076750000502
9	21	-2.931951750000735
9	21	-2.8278892500020447
9	21	-2.655545500001608
9	21	-2.4242017500000657
9	21	-2.339232999998785
9	21	-1.8303267500014044
9	21	-1.5874517500014917
9	21	-1.5312330000015208
9	21	-1.2667954999997164
9	21	-0.8316392500018992
9	21	-0.3532027500041295
9	21	-0.10120275000372203
9	21	0.28242224999848986
9	21	0.4617347499988682
9	21	0.893047249996016
9	21	1.5269534999970347
9	21	1.7295472499972675
9	21	1.8899837499993737
9	21	1.9957649999996647
9	22	-5.779919000000518
9	22	-5.6898877500025264
9	22	-5.110419000000547
9	22	-4.086950250002701
9	22	-3.9290752500019153
9	22	-3.6356387499981793
9	22	-2.87685749999946
9	22	-2.7450137499981793
9	22	-2.0015137499976845
9	22	-1.6932012500001292
9	22	-1.6165450000007695
9	22	-1.4392950000001292
9	22	-1.2587335000025632
9	22	-0.5876397499996528
9	22	-0.2365772500015737
9	22	-0.006296000003203517
9	22	0.11086024999895017
9	22	0.122047749999183
9	22	0.8050164999986009
9	22	1.1500779999987572
9	22	1.4290155000016966
9	22	1.8571092499987572
9	23	-5.438293749997683
9	23	-5.163326000001689
9	23	-4.68316975000198
9	23	-4.609326000001602
9	23	-4.538575999999011
9	23	-4.41729475000102
9	23	-4.044700999998895
9	23	-3.2794197500006703
9	23	-3.158201000002009
9	23	-3.051294749999215
9	23	-2.9320135000016307
9	23	-2.6555144999983895
9	23	-2.403514499997982
9	23	-2.1811082499989425
9	23	-2.0893269999978656
9	23	-1.5561082499989425
9	23	-1.3482019999974
9	23	-1.2467644999996992
9	23	-0.9053894999997283
9	23	-0.7432332499993208
9	23	-0.44717074999789475
9	23	-0.3717342500021914
9	23	0.6602344999992056
9	23	1.1191407500009518
9	23	1.315703249998478
9	23	1.7832344999987981
9	23	1.8942657499974302
9	23	1.9836094999991474
9	24	-5.782106999999087
9	24	-5.665575749997515
9	24	-5.537169499999436
9	24	-5.217263249996904
9	24	-5.155919499997253
9	24	-4.654138249996322
9	24	-4.470856999996613
9	24	-4.348950749998039
9	24	-4.279106999998476
9	24	-3.8023257499989995
9	24	-3.695075749998068
9	24	-3.278764250000677
9	24	-3.141764249998232
9	24	-2.902951749998465
9	24	-2.4230767500012007
9	24	-2.194889250000415
9	24	-1.8501704999980575
9	24	-1.6158267499995418
9	24	-1.5200142499998037
9	24	-1.3115455000006477
9	24	-1.15835899999729
9	24	-1.0699214999985998
9	24	-0.9597339999963879
9	24	-0.7779839999966498
9	24	-0.6402964999979304
9	24	-0.26735899999766843
9	24	0.029453500003000954
9	24	0.18395350000355393
9	24	0.26464100000157487
9	24	0.7453910000003816
9	24	1.859702500001731
9	25	-5.930574999998498
9	25	-5.844793749998644
9	25	-5.739262499999313
9	25	-5.503918750000594
9	25	-5.414700000001176
9	25	-4.914388500001223
9	25	-4.182044750003115
9	25	-4.089732250002271
9	25	-3.7961697500031732
9	25	-3.5045447500015143
9	25	-3.1721385000018927
9	25	-3.055294750003668
9	25	-1.8599519999988843
9	25	-1.0155457500004559
9	25	-0.3255467500021041
9	25	0.013953249996120576
9	25	0.1382657499962079
9	25	0.7244844999986526
9	25	0.9613594999973429
9	25	1.5281407499969646
9	25	1.6114844999974594
9	25	1.8559532499966735
9	26	-5.919419750003726
9	26	-5.820701000000554
9	26	-5.409388500003843
9	26	-5.240857250002591
9	26	-4.314044750000903
9	26	-4.122544750003726
9	26	-3.8440135000018927
9	26	-3.4403582500017365
9	26	-3.071670749999612
9	26	-2.7424832500000775
9	26	-2.573827000000165
9	26	-2.0298895000014454
9	26	-1.915326999998797
9	26	-1.8060770000010962
9	26	-1.3914207500019984
9	26	-1.1943582499989134
9	26	-0.9391404999987572
9	26	-0.8906404999979713
9	26	-0.8847342499975639
9	26	-0.6675780000005034
9	26	0.1619845000022906
9	26	0.6031407500013302
9	26	0.840172000000166
9	26	1.1384532500014757
9	26	1.2371407499995257
9	26	1.3581407500023488
9	26	1.6110459999981686
9	26	1.6853272499974992
9	26	1.8582647500006715
9	26	1.9771709999986342
9	27	-5.983575749996817
9	27	-5.641888249996555
9	27	-5.5618882499984466
9	27	-5.15151324999897
9	27	-5.036669499997515
9	27	-4.4756382499981555
9	27	-4.308825749998505
9	27	-4.1058267500011425
9	27	-3.9841392499984067
9	27	-3.914576750001288
9	27	-3.647701750000124
9	27	-3.0921392499985814
9	27	-2.954264249998232
9	27	-2.840576750000764
9	27	-2.41232674999992
9	27	-2.330889249999018
9	27	-2.2499517500000366
9	27	-1.7402954999997746
9	27	-1.6348589999979595
9	27	-1.364140249999764
9	27	-1.3608277499988617
9	27	-1.35879649999697
9	27	-0.8763277499965625
9	27	-0.7918277499993565
9	27	-0.28864024999711546
9	27	0.15064100000017788
9	27	0.20498475000204053
9	27	0.6793597500000033
9	27	0.7396097500022734
9	28	-5.827544250001665
9	28	-5.743825500001549
9	28	-5.572544250000647
9	28	-5.4781692500000645
9	28	-5.217856750001374
9	28	-4.906701500003692
9	28	-4.26917025000148
9	28	-4.154170250003517
9	28	-3.800014000000374
9	28	-3.4337952500027313
9	28	-3.363357750000432
9	28	-3.224889000000985
9	28	-2.7159827500036045
9	28	-2.586639000001014
9	28	-2.473857750002935
9	28	-2.355702500000916
9	28	-2.02057749999949
9	28	-1.8284837499995774
9	28	-1.2030775000021094
9	28	-0.6136712500010617
9	28	-0.48576500000126543
9	28	-0.24939000000085798
9	28	-0.11632749999989755
9	28	0.027891249999811407
9	28	0.2515152499981923
9	28	0.42664024999612593
9	28	0.5279839999966498
9	28	0.9057964999992691
9	28	1.2378277499992691
9	28	1.5146714999973483
9	28	1.6209527499959222
9	28	1.7629214999979013
9	28	1.8011089999963588
9	28	1.8747964999965916
9	29	-5.957888000000821
9	29	-5.587419250001403
9	29	-5.465075500000239
9	29	-5.309263000002829
9	29	-4.8129817500011995
9	29	-4.202701499998511
9	29	-3.8834202500001993
9	29	-3.6575764999979583
9	29	-3.6375452499996754
9	29	-3.4538577499988605
9	29	-3.1734202500010724
9	29	-2.6606389999979
9	29	-2.2638889999980165
9	29	-1.7562649999963469
9	29	-1.4886712499974237
9	29	-1.37335874999917
9	29	-0.41620249999687076
9	29	1.2950152500015975
9	29	1.9132339999996475
9	30	-5.913294250000035
9	30	-5.664731749999191
9	30	-5.554450499999803
9	30	-4.954356750000443
9	30	-4.724576500000694
9	30	-4.667545250002149
9	30	-4.577920250001625
9	30	-4.148389000001771
9	30	-3.956170249999559
9	30	-3.7037640000016836
9	30	-3.309170250002353
9	30	-2.636482750000141
9	30	-2.3706077499991807
9	30	-2.1016087499992864
9	30	-1.9727024999992864
9	30	-1.3317649999989953
9	30	-1.124483749998035
9	30	-0.5162649999983842
9	30	-0.3564837499980058
9	30	-0.30985874999896623
9	30	0.4821090000004915
9	30	1.1788589999996475
9	30	1.2333589999980177
9	30	1.4193277499980468
9	30	1.7161715000002005
9	30	1.8298902499991527
9	31	-5.523106749998988
9	31	-5.457637999999861
9	31	-5.24420050000117
9	31	-5.139544249999744
9	31	-3.838482749997638
9	31	-3.5083264999993844
9	31	-3.334576499997638
9	31	-2.8178577499966195
9	31	-2.236607749997347
9	31	-2.100295249998453
9	31	-1.7039514999996754
9	31	-1.4738264999978128
9	31	-1.3983899999984715
9	31	-1.3212962500001595
9	31	-1.2040149999993446
9	31	-0.839233750000858
9	31	-0.2698899999995774
9	31	0.043766250000771834
9	31	0.8761725000003935
9	31	1.331359000003431
9	31	1.4848902500016266
9	32	-5.923950749998767
9	32	-5.824044499997399
9	32	-5.373700749998534
9	32	-4.951013249996322
9	32	-4.77338824999606
9	32	-4.701388249995944
9	32	-4.528014249997796
9	32	-4.4172954999994545
9	32	-4.179607999998552
9	32	-4.137357999999949
9	32	-4.0418892499983485
9	32	-3.8253892499997164
9	32	-3.728389249998145
9	32	-3.4565454999974463
9	32	-3.3928579999992508
9	32	-3.2715142499982903
9	32	-3.153795499998523
9	32	-2.664170500000182
9	32	-2.324951750000764
9	32	-1.8507027499981632
9	32	-1.7120777499985707
9	32	-1.5851402499974938
9	32	-1.4010152499977266
9	32	-1.233077749995573
9	32	-1.0840152499986289
9	32	-0.9977652499983378
9	32	-0.8606089999957476
9	32	-0.7574839999979304
9	32	-0.5563277499968535
9	32	-0.2789839999968535
9	32	0.10204725000221515
9	32	0.4242962499993155
9	32	0.6487337500002468
9	32	1.0948587499988207
9	32	1.5494837500009453
9	32	1.8792962500010617
9	32	1.982015000001411
9	33	-5.908294000000751
9	33	-5.242763750000449
9	33	-5.012732499999402
9	33	-4.576482500000566
9	33	-4.210982500000682
9	33	-3.8009512499993434
9	33	-3.5256699999990815
9	33	-3.4762325000010605
9	33	-3.084232500001235
9	33	-2.643577250000817
9	33	-2.3886710000006133
9	33	-1.6774835000032908
9	33	-1.4214522500005842
9	33	-0.4824220000009518
9	33	-0.4010469999993802
9	33	-0.18835949999993318
9	33	-0.07357825000144658
9	33	0.06248425000012503
9	33	0.3143592499982333
9	33	0.5170155000014347
9	33	0.6976404999986698
9	33	0.8047967499987863
9	33	0.9007342500008235
9	33	0.9775154999988445
9	33	1.2215467499991064
9	33	1.3217967499986116
9	33	1.4178280000014638
9	33	1.6218279999993683
9	33	1.7492342500008817
9	33	1.9590769999995246
9	34	-5.920075000005454
9	34	-5.577794750002795
9	34	-5.194263500001398
9	34	-4.996513500002038
9	34	-4.898232250001456
9	34	-4.741076000002067
9	34	-4.702013500002067
9	34	-4.2554822500023874
9	34	-3.6832010000034643
9	34	-3.6075447500043083
9	34	-3.491169750002882
9	34	-3.371452000003046
9	34	-2.824483250005869
9	34	-2.5192332500046177
9	34	-1.7516707500035409
9	34	-1.44935825000357
9	34	-1.2232332500061602
9	34	-0.7526405000025989
9	34	-0.43989050000163843
9	34	-0.1427030000013474
9	34	0.313546999997925
9	34	0.4213907499979541
9	34	0.5628907499958586
9	34	0.7014532499961206
9	34	1.3703594999969937
9	35	-5.224606749998202
9	35	-4.296575500000472
9	35	-4.102012999999715
9	35	-3.724763999998686
9	35	-3.644920249997085
9	35	-3.4935452499958046
9	35	-3.28685774999758
9	35	-3.097826499997609
9	35	-2.5680452499982493
9	35	-2.3626702499968815
9	35	-2.0368889999990643
9	35	-1.9211702499960666
9	35	-1.8176389999971434
9	35	-1.2549837500009744
9	35	-0.48885874999905354
9	35	-0.3782025000000431
9	35	-0.3750462499992864
9	35	-0.22967124999922817
9	35	0.17695375000039348
9	35	0.23986000000149943
9	35	0.6181724999987637
9	35	0.7867350000014994
9	35	1.1053902500025288
9	35	1.208515250003984
9	35	1.7310465000009572
9	35	1.8914527500019176
9	36	-5.6639500000019325
9	36	-5.447481250001147
9	36	-4.770731249998789
9	36	-4.667356250000012
9	36	-4.136638500000117
9	36	-4.034044749998429
9	36	-3.907669749998604
9	36	-3.7173259999981383
9	36	-3.624794749997818
9	36	-3.4197634999982256
9	36	-2.8012322499998845
9	36	-2.637950999996974
9	36	-2.517544749996887
9	36	-2.434294749997207
9	36	-2.2883572499995353
9	36	-2.0461697499995353
9	36	-1.5767645000014454
9	36	-1.4772332499996992
9	36	-0.7300457500023185
9	36	-0.22085824999885517
9	36	0.1163605000001553
9	36	0.2005792499985546
9	36	0.5602980000003299
9	36	1.1026407499994093
9	36	1.5356095000024652
9	37	-5.968825000003562
9	37	-5.818262500004494
9	37	-5.5077000000055705
9	37	-4.755326000002242
9	37	-4.678607250003552
9	37	-4.615107250003348
9	37	-3.867294750001747
9	37	-3.7754510000013397
9	37	-3.319044750001922
9	37	-3.124263500001689
9	37	-3.0155447500037553
9	37	-2.8600447500029986
9	37	-2.6441697500013106
9	37	-2.390919750003377
9	37	-2.1673582500006887
9	37	-2.029045750001387
9	37	-1.7095145000021148
9	37	-1.46210825000162
9	37	-1.1931082500013872
9	37	-1.0833894999996119
9	37	-0.7883270000020275
9	37	-0.3046082500004559
9	37	0.38635949999661534
9	37	0.5560157499967318
9	37	0.6971719999964989
9	37	1.0874219999968773
9	37	1.1743907499985653
9	37	1.934640749997925
9	38	-5.910669249999046
9	38	-5.0128577500036045
9	38	-4.906514000002062
9	38	-4.7222640000036336
9	38	-4.58417025000017
9	38	-4.333701500003372
9	38	-4.063732750000781
9	38	-3.980420250001771
9	38	-3.9760452500013344
9	38	-3.4568265000016254
9	38	-3.1135140000005777
9	38	-2.907451500002935
9	38	-2.8172327500033134
9	38	-2.6957640000036918
9	38	-2.1201087500012363
9	38	-1.689983749998646
9	38	-1.2776087499987625
9	38	-0.17185975000393228
9	38	0.06051524999929825
9	38	0.1812027499981923
9	38	0.3195464999989781
9	38	0.43054649999612593
9	38	0.8754214999971737
9	38	1.3230152499963879
9	38	1.6351402499967662
9	38	1.9190152499977557
9	39	-5.975200750002841
9	39	-5.744013250001444
9	39	-5.04745075000028
9	39	-4.866638250001415
9	39	-4.5405455000000075
9	39	-4.258608000000095
9	39	-4.176889250000386
9	39	-3.595389250000153
9	39	-3.387326749998465
9	39	-2.9356704999991052
9	39	-2.684108000001288
9	39	-2.5797017500008224
9	39	-2.4166704999988724
9	39	-2.3066079999989597
9	39	-1.3126090000005206
9	39	-1.0753277500007243
9	39	-0.7503902500029653
9	39	-0.40832775000308175
9	39	-0.2914215000018885
9	39	-0.19026525000299443
9	39	-0.01504650000060792
9	39	0.2224847499965108
9	39	0.3824847499963653
9	39	0.5085775000006834
9	39	0.6492025000006834
9	39	0.8260149999987334
9	39	1.4377962500002468
9	39	1.7543899999982386
9	40	-5.947825250001188
9	40	-5.28938774999915
9	40	-5.207638750001934
9	40	-5.110420000000886
9	40	-4.646951250004349
9	40	-4.566513750003651
9	40	-4.484357500001352
9	40	-4.388170000001992
9	40	-4.067795000002661
9	40	-3.9438262500043493
9	40	-3.5461075000021083
9	40	-3.3701700000019628
9	40	-3.23788875000173
9	40	-2.9899200000036217
9	40	-2.801232500001788
9	40	-2.5028897500014864
9	40	-1.6742647499995655
9	40	-1.055483500000264
9	40	-0.9697960000012245
9	40	-0.2223595000032219
9	40	0.14485924999826238
9	40	0.5877029999974184
9	40	0.8484529999986989
9	41	-5.972543249998125
9	41	-5.871605749998707
9	41	-5.183388000001287
9	41	-4.713887999998406
9	41	-4.390013000000181
9	41	-4.185887999999977
9	41	-3.8427942499984056
9	41	-3.6592942499992205
9	41	-3.3547005000000354
9	41	-3.191919249999046
9	41	-2.979826499999035
9	41	-2.8278264999971725
9	41	-1.9943889999995008
9	41	-1.3057952499984822
9	41	-0.6017337499943096
9	41	-0.5066399999959685
9	41	-0.24548374999722
9	41	0.19651625000551576
9	41	0.4772350000021106
9	41	0.9362037500031875
9	41	1.06476625000505
9	41	1.282578750004177
9	41	1.43029750000278
9	42	-5.981825750001008
9	42	-5.586357000000135
9	42	-5.340732000000571
9	42	-4.214544499998738
9	42	-3.862857999996777
9	42	-3.605264249996253
9	42	-3.388982999997097
9	42	-2.840670499997941
9	42	-2.3126704999995127
9	42	-2.2489204999983485
9	42	-1.6456704999982321
9	42	-1.4469527500004915
9	42	-1.0140465000004042
9	42	-0.9096715000014228
9	42	-0.8026402499999676
9	42	-0.4264839999996184
9	42	-0.24964025000008405
9	42	0.0028597499986062758
9	42	0.35189099999843165
9	42	0.5557972499991592
9	42	0.6355785000014293
9	42	1.058296250001149
9	42	1.6451087500026915
9	42	1.7738275000010617
9	43	-5.947200499998871
9	43	-5.944981749998988
9	43	-5.710137999998551
9	43	-5.516481750000821
9	43	-5.410481750001054
9	43	-5.122013000000152
9	43	-4.517325500000879
9	43	-4.179732749998948
9	43	-3.9116077500002575
9	43	-3.4860139999982493
9	43	-2.810920249998162
9	43	-2.387701499999821
9	43	-1.8627337500001886
9	43	-1.7797649999993155
9	43	-1.6685462499990535
9	43	-1.2685462500012363
9	43	-1.0087962500001595
9	43	-1.0020462499996938
9	43	-0.9430150000007416
9	43	-0.5448587499995483
9	43	-0.06554624999989755
9	43	0.6503589999992982
9	43	0.8716402499994729
9	43	0.9908590000013646
9	43	1.2889527500010445
9	43	1.6378277500007243
9	44	-5.506982000002608
9	44	-5.364357000002201
9	44	-5.197919500002172
9	44	-4.130483000000822
9	44	-3.7910767499997746
9	44	-2.4398892499993963
9	44	-2.276326749997679
9	44	-2.0110767500009388
9	44	-1.5620465000029071
9	44	-0.9523590000026161
9	44	-0.03945275000296533
9	44	0.44735975000003236
9	44	1.1138900000005378
9	44	1.3990462500005378
9	44	1.5021400000005087
9	44	1.515015000000858
9	44	1.7545462500020221
9	45	-5.90151324999897
9	45	-5.812044499998592
9	45	-5.3801382499987085
9	45	-5.1322944999992615
9	45	-5.056513249997806
9	45	-4.772794499996962
9	45	-4.074545499999658
9	45	-3.9206080000003567
9	45	-3.8450455000020156
9	45	-3.586951749999571
9	45	-3.2133267499993963
9	45	-2.9797954999994545
9	45	-2.4844205000008515
9	45	-2.1543579999997746
9	45	-1.366515249999793
9	45	-1.1935777500002587
9	45	-0.9291714999999385
9	45	-0.5580464999984542
9	45	-0.46898399999918183
9	45	0.10020350000195322
9	45	0.5294524999990244
9	45	0.6391087499978312
9	45	0.757921249998617
9	45	0.9238587500003632
9	45	1.0302649999975984
9	45	1.0502024999987043
9	45	1.347671249997802
9	45	1.551702499997191
9	45	1.692327499997191
9	45	1.8070462499999849
9	46	-5.908887499997945
9	46	-4.399794750002911
9	46	-3.560326000002533
9	46	-3.4143260000018927
9	46	-2.8426697499999136
9	46	-2.55138850000003
9	46	-2.2845760000018345
9	46	-1.484608250000747
9	46	-1.2784832500001357
9	46	-0.934139500001038
9	46	-0.37226449999798206
9	46	0.20961050000187242
9	46	0.9626407499999914
9	46	1.101890749996528
9	46	1.2311719999997877
9	46	1.85764074999679
9	47	-5.980981000000611
9	47	-5.742262250001659
9	47	-5.067513250000047
9	47	-4.352982000000338
9	47	-4.349950749998243
9	47	-3.9970132499984175
9	47	-3.8571069999998144
9	47	-3.7112320000014734
9	47	-2.7257955000022775
9	47	-2.575233000003209
9	47	-1.8416080000024522
9	47	-1.510889250002947
9	47	-1.401920500000415
9	47	-1.323608000002423
9	47	-1.293576750002103
9	47	-1.2646392500028014
9	47	-0.8852955000002112
9	47	-0.7935142500027723
9	47	-0.7294830000028014
9	47	-0.24954649999926914
9	47	-0.14239024999915273
9	47	0.44173474999843165
9	47	0.9091410000000906
9	47	1.0184222499992757
9	47	1.4605472500006726
9	47	1.5655159999987518
10	1	-5.998575249999703
10	1	-4.891919000001508
10	1	-4.885012750000897
10	1	-4.664387750002788
10	1	-4.395356500001071
10	1	-4.269200250000722
10	1	-4.035481500002788
10	1	-3.791045000001759
10	1	-3.6179825000035635
10	1	-3.491920000004029
10	1	-2.8978887500015844
10	1	-2.552232500001992
10	1	-2.232326250003098
10	1	-1.656076250004844
10	1	-1.5363575000046694
10	1	-1.4070772500017483
10	1	-1.3835772500024177
10	1	-0.1327022500008752
10	1	0.1541102499977569
10	1	0.3804852499997651
10	1	0.5129539999979897
10	1	0.6797664999976405
10	1	1.172984249995352
10	1	1.279265499997564
10	1	1.4556092499951774
10	1	1.6820779999980005
10	1	1.9547654999951192
10	2	-5.929669250002917
10	2	-5.69726300000184
10	2	-5.2004192500025965
10	2	-5.095794250002655
10	2	-4.4446077499997045
10	2	-3.5191077499985113
10	2	-3.290857749998395
10	2	-2.8136389999999665
10	2	-1.9189525000001595
10	2	-1.4002650000002177
10	2	-0.7559524999996938
10	2	-0.6473899999982677
10	2	-0.084608749999461
10	2	0.7016089999997348
10	2	0.7811714999988908
10	2	0.9755152500001714
10	2	1.5349214999987453
10	2	1.7249215000010736
10	3	-5.163856750001287
10	3	-4.740544250002131
10	3	-2.5400139999983367
10	3	-2.1036077499993553
10	3	-1.8840775000026042
10	3	-1.12789000000339
10	3	-0.15714000000298256
10	3	0.05782874999931664
10	3	0.0722974999989674
10	3	0.2525787499980652
10	3	0.5204224999979488
10	3	1.1173902500013355
10	4	-5.919044000002032
10	4	-5.414950250000402
10	4	-5.369294000000082
10	4	-4.922076250000828
10	4	-4.7050449999987904
10	4	-4.435013750000508
10	4	-3.9225450000012643
10	4	-3.6422324999984994
10	4	-3.5695762499999546
10	4	-3.2171699999998964
10	4	-2.658513750000566
10	4	-1.7744835000012245
10	4	-1.4011397499998566
10	4	-0.7825772500000312
10	4	0.02123425000172574
10	4	0.8073905000019295
10	4	0.8826717500014638
10	4	1.148921749998408
10	4	1.5252342499989027
10	4	1.6267655000010564
10	4	1.8517654999996012
10	5	-5.923669749998226
10	5	-5.280700999996043
10	5	-4.78782599999613
10	5	-4.594638499998837
10	5	-3.764514499998768
10	5	-3.182920750001358
10	5	-2.959826999998768
10	5	-2.6720769999992626
10	5	-2.410795749998215
10	5	-2.3421707499983313
10	5	-2.238202000000456
10	5	-2.1630144999980985
10	5	-1.8247332499995537
10	5	-1.7453279999972438
10	5	-1.6955779999989318
10	5	-1.342296749997331
10	5	-0.05445299999701092
10	5	0.10079700000278535
10	5	0.22270325000135927
10	5	0.644547000003513
10	5	1.2866397500001767
10	5	1.3783272500004387
10	5	1.467483500000526
10	5	1.6282334999996237
10	6	-5.835012249997817
10	6	-5.667637250000553
10	6	-5.55982474999837
10	6	-5.472887249998166
10	6	-4.720888250001735
10	6	-4.617732000002434
10	6	-4.574638250000135
10	6	-4.491200750002463
10	6	-4.4223882500009495
10	6	-3.940107000002172
10	6	-3.5841695000017353
10	6	-3.302482000002783
10	6	-2.6561382500003674
10	6	-2.501139249998232
10	6	-1.524982999999338
10	6	-1.433170500000415
10	6	-0.3754205000004731
10	6	-0.3611392499988142
10	6	-0.20151424999858136
10	6	-0.010421500002848916
10	6	0.11573474999750033
10	6	0.17923474999770406
10	6	1.307922249998228
10	6	1.4604222499983734
10	6	1.5296097499995085
10	6	1.6705159999983152
10	6	1.7267659999997704
10	7	-5.686919249994389
10	7	-5.096637999995437
10	7	-4.987981749996834
10	7	-4.902076499998657
10	7	-4.76323274999595
10	7	-4.669138999997813
10	7	-3.789513999996416
10	7	-3.2143264999976964
10	7	-2.993388999995659
10	7	-2.816795249997085
10	7	-1.9122024999960558
10	7	-1.7594837499964342
10	7	-1.549139999995532
10	7	-1.2724524999939604
10	7	-0.8434837499953574
10	7	-0.5728274999964924
10	7	-0.4338274999972782
10	7	0.3062652500011609
10	7	0.5338590000028489
10	7	0.90917150000314
10	7	1.212109000003693
10	7	1.3918902500008699
10	8	-5.524981500002468
10	8	-4.272168999999849
10	8	-4.151169000000664
10	8	-4.022887750001246
10	8	-3.87338875000205
10	8	-3.5679512500028068
10	8	-2.5822325000044657
10	8	-1.3380460000007588
10	8	-1.2670772500023304
10	8	-0.9101710000031744
10	8	-0.7517022500032908
10	8	-0.2234210000024177
10	8	0.1086727499969129
10	8	0.20904774999871734
10	8	0.2900477499970293
10	8	0.6614539999973204
10	8	1.1205779999982042
10	8	1.7461092499979713
10	8	1.7553904999949737
10	9	-5.850262750002003
10	9	-4.922950250002032
10	9	-4.599981500003196
10	9	-3.8516387499985285
10	9	-3.7566387500010023
10	9	-3.6687637499999255
10	9	-3.063232500000595
10	9	-2.870107499998994
10	9	-2.822076249998645
10	9	-2.273545000000013
10	9	-1.8137335000028543
10	9	-1.6924522500012245
10	9	-1.3239210000028834
10	9	-1.2510772500027088
10	9	-1.0336710000010498
10	9	-0.3333585000000312
10	9	-0.10660850000203936
10	9	0.0711414999968838
10	9	0.6179852499990375
10	9	0.7534530000011728
10	9	1.125296750000416
10	9	1.822765500000969
10	10	-5.752356749999308
10	10	-5.638044250001258
10	10	-5.362919250001141
10	10	-5.220481750002364
10	10	-4.97832550000021
10	10	-4.420450500001607
10	10	-4.1887005000025965
10	10	-3.6706390000035753
10	10	-3.222420250003779
10	10	-2.3719515000047977
10	10	-1.3257962500028952
10	10	-1.241890000001149
10	10	-0.6309837500011781
10	10	-0.2395462500026042
10	10	0.6240474999976868
10	10	1.4139527499974065
10	10	1.4725152499959222
10	10	1.5038277499952528
10	10	1.9398277499967662
10	11	-5.592981249999866
10	11	-4.726543749999109
10	11	-4.330544749998808
10	11	-4.2443884999993315
10	11	-4.148701000001893
10	11	-4.067044750001514
10	11	-3.2061385000015434
10	11	-2.904700999999477
10	11	-2.64001350000035
10	11	-2.575326000001951
10	11	-2.50348225000198
10	11	-2.1699509999998554
10	11	-1.9572957499985932
10	11	-1.4624519999997574
10	11	-1.0577332499997283
10	11	0.13536050000038813
10	11	0.332923000001756
10	11	0.673234500001854
10	12	-5.888169499994547
10	12	-5.819106999995711
10	12	-5.648513249994721
10	12	-5.389481999995041
10	12	-5.279013249994023
10	12	-5.261856999994052
10	12	-5.020200749993819
10	12	-4.823075749995041
10	12	-4.201263249997282
10	12	-3.734451749998698
10	12	-3.496920499997941
10	12	-3.07082674999765
10	12	-2.8493267499979993
10	12	-2.8111079999980575
10	12	-2.5939829999988433
10	12	-2.584607999997388
10	12	-2.2211392499993963
10	12	-1.7872329999991052
10	12	-1.6924829999989015
10	12	-0.9844527499953983
10	12	-0.6102027499946416
10	12	0.27310975000364124
10	12	1.1202337500035355
10	12	1.2525462500016147
10	13	-4.736731499997404
10	13	-4.598075249999965
10	13	-4.417575249997753
10	13	-3.958388750001177
10	13	-3.94613875000141
10	13	-3.80160750000141
10	13	-3.364857500000653
10	13	-2.9106387499996345
10	13	-1.9331387500023993
10	13	-1.8574200000002747
10	13	-1.5982022499993036
10	13	-1.295702249997703
10	13	-0.2815459999983432
10	13	-0.2741710000009334
10	13	0.2120165000014822
10	13	1.4080154999974184
10	13	1.5082342499990773
10	14	-5.130544500003452
10	14	-4.99191950000386
10	14	-4.874482000002899
10	14	-4.756044500001735
10	14	-4.378920499999367
10	14	-3.7653892500020447
10	14	-3.6439517500002694
10	14	-3.429295500001899
10	14	-2.848076750000473
10	14	-2.679264250000415
10	14	-2.092389249999542
10	14	-1.835577750003722
10	14	-1.4799840000014228
10	14	-1.4572965000006661
10	14	-1.3840465000030235
10	14	-1.2723277500008408
10	14	-1.153421500002878
10	14	-0.5716090000023542
10	14	-0.4608590000025288
10	14	-0.3077652500032855
10	14	-0.022234000003663823
10	14	0.2406097499988391
10	14	0.39417224999851896
10	14	0.6562649999978021
10	15	-5.661512999999104
10	15	-4.736795249998977
10	15	-4.326232749997871
10	15	-3.278732749997289
10	15	-3.1653264999986277
10	15	-2.5998900000013236
10	15	-2.495702500000334
10	15	-2.2362025000002177
10	15	-2.158421250001993
10	15	-1.0405774999999267
10	15	-0.6207649999996647
10	15	-0.3791400000009162
10	15	-0.02279724999971222
10	15	0.1937652500018885
10	15	0.5375464999997348
10	15	1.384609000000637
10	15	1.7568590000009863
10	16	-5.626606499998161
10	16	-5.22395024999787
10	16	-5.07966899999883
10	16	-4.483762749998277
10	16	-3.9953262500021083
10	16	-3.9383887500007404
10	16	-3.7942012500025157
10	16	-3.473420000002079
10	16	-2.593482500000391
10	16	-2.2701075000004494
10	16	-1.8534522500012827
10	16	0.08795399999871734
10	16	1.523421750000125
10	16	1.6059217499969236
10	16	1.8695467499965162
10	17	-5.635731999998825
10	17	-5.392544499998621
10	17	-5.1009195000006
10	17	-4.922482999998465
10	17	-4.50198299999829
10	17	-4.223264249998465
10	17	-4.168951749998087
10	17	-3.3148267499964277
10	17	-2.8170454999963113
10	17	-2.4409840000007534
10	17	-2.059265250001772
10	17	-1.1061714999996184
10	17	-0.39664025000092806
10	17	0.6076712499998393
10	17	0.7776087500024005
10	17	0.8367025000006834
10	17	1.4089837500032445
10	17	1.5188900000030117
10	17	1.669015000003128
10	18	-5.644481249997625
10	18	-5.576731249999284
10	18	-5.201918750000914
10	18	-4.764232249995985
10	18	-4.698982249996334
10	18	-4.3911697499970614
10	18	-3.758638499995868
10	18	-3.37907599999744
10	18	-3.3483259999957227
10	18	-3.104919749996043
10	18	-1.2061082500003977
10	18	-1.0373269999981858
10	18	-0.8224832499981858
10	18	0.09323450000374578
10	18	0.5303282500026398
10	18	0.5438595000014175
10	18	0.6209845000012137
10	18	0.9194845000019995
10	19	-5.961918250002782
10	19	-5.80498174999957
10	19	-5.031919249999191
10	19	-4.534919249999803
10	19	-3.9307005000009667
10	19	-3.4421692500000063
10	19	-3.2275140000019746
10	19	-2.7793890000029933
10	19	-2.509420250000403
10	19	-2.1565765000013926
10	19	-2.1017952500005777
10	19	-1.917201500000374
10	19	-1.4397640000024694
10	19	-0.351671249998617
10	19	-0.2512337500011199
10	19	0.673922499998298
10	19	1.1847349999989092
10	19	1.2726412500014703
10	19	1.3370475000010629
10	19	1.4329849999994622
10	19	1.562391250001383
10	19	1.7270777500016266
10	19	1.8474840000017139
10	19	1.9702964999996766
10	20	-5.943200249999791
10	20	-5.731231500001741
10	20	-5.148325250000198
10	20	-3.9540449999985867
10	20	-3.8593262499998673
10	20	-2.2373897500001476
10	20	-1.3791085000011662
10	20	-0.48448350000035134
10	20	0.30026550000184216
10	20	0.7810155000006489
10	20	0.839109250002366
10	20	0.8796405000030063
10	21	-5.890731000003143
10	21	-5.725107000002026
10	21	-5.145075750002434
10	21	-5.114200750002055
10	21	-5.0086382500012405
10	21	-4.953388250003627
10	21	-4.812107000001561
10	21	-3.607388250002259
10	21	-2.293483000001288
10	21	-2.128483000000415
10	21	-0.620827750000899
10	21	0.04607849999592872
10	21	0.16979724999691825
10	21	0.6711722499967436
10	21	1.587953499998548
10	21	1.6397659999965981
10	22	-5.873169000002235
10	22	-4.69332525000209
10	22	-3.9727940000011586
10	22	-3.9014502499994705
10	22	-2.8244825000001583
10	22	-2.601388750001206
10	22	-2.46651374999783
10	22	-2.2729199999994307
10	22	-2.157388749998063
10	22	-1.1177335000029416
10	22	-1.037389750003058
10	22	-0.8195147500009625
10	22	-0.19220225000026403
10	22	0.10182899999927031
10	22	0.2892664999999397
10	22	0.3345477499970002
10	22	0.476485249997495
10	22	0.5707977499987464
10	22	0.7065789999978733
10	22	0.8896414999981062
10	22	1.1629529999991064
10	22	1.5138904999985243
10	22	1.5907967499988445
10	22	1.9962029999987863
10	23	-5.778887499996927
10	23	-5.446699999996781
10	23	-4.482076000000234
10	23	-4.302763499999855
10	23	-3.9569510000001173
10	23	-3.9552947500014852
10	23	-3.862451000000874
10	23	-3.758013499998924
10	23	-3.385482249999768
10	23	-2.3615145000003395
10	23	-2.277170749999641
10	23	-2.004951999999321
10	23	-1.8647957499997574
10	23	-1.6443894999974873
10	23	-1.0544832499981567
10	23	-0.2856405000020459
10	23	-0.18985925000015413
10	23	-0.10945300000093994
10	23	0.05923450000045705
10	23	0.15510949999952572
10	23	0.2339219999994384
10	24	-5.944200749996526
10	24	-5.870981999996729
10	24	-5.332825749996118
10	24	-4.826044499997806
10	24	-4.531950749998941
10	24	-4.045450749996235
10	24	-3.5468267500000366
10	24	-3.529608000000735
10	24	-3.056232999999338
10	24	-2.955795499998203
10	24	-2.657358000000386
10	24	-2.0733580000014626
10	24	-1.7215767499983485
10	24	-1.5571705000002112
10	24	-1.444889250000415
10	24	-1.2329517500002112
10	24	0.2570785000025353
10	24	1.1735472500004107
10	24	1.458171250000305
10	24	1.9731087500003923
10	25	-5.295013500002824
10	25	-5.236013500001718
10	25	-5.030294750002213
10	25	-4.686107250003261
10	25	-4.625607250003668
10	25	-4.322013500001049
10	25	-3.854451000002882
10	25	-2.372170750000805
10	25	-1.9444832500012126
10	25	0.22807824999836157
10	25	0.42701574999591685
10	25	0.5054844999976922
10	25	1.982234499999322
10	26	-5.5156697500024165
10	26	-5.367107250003755
10	26	-5.328826000000845
10	26	-4.986107250002533
10	26	-4.841076000000612
10	26	-4.4962322500032315
10	26	-3.928138500003115
10	26	-3.475483250000252
10	26	-3.3607957499989425
10	26	-3.29126449999967
10	26	-2.9753270000001066
10	26	-2.6524520000020857
10	26	-2.4590769999995246
10	26	-2.33692074999999
10	26	-2.066420750001271
10	26	-1.7237645000022894
10	26	-1.291983250001067
10	26	-0.8872967499992228
10	26	-0.4090467499991064
10	26	0.4620470000008936
10	26	1.5502022500004387
10	27	-5.884794499997952
10	27	-5.739231999996264
10	27	-5.404544499997428
10	27	-5.283294499997282
10	27	-4.718669499998214
10	27	-4.527763249996497
10	27	-4.044545500000822
10	27	-3.224701750001259
10	27	-2.5749829999986105
10	27	-1.955170500001259
10	27	-1.4271089999965625
10	27	-0.9682652499977848
10	27	-0.7894839999971737
10	27	-0.7627339999999094
10	27	-0.7475464999988617
10	27	-0.29710899999918183
10	27	0.1454222500033211
10	27	0.21167225000317558
10	27	0.21829725000134204
10	27	0.22204725000119652
10	27	0.9412650000012945
10	27	1.9715775000004214
10	28	-5.8812317500014615
10	28	-5.759637999999541
10	28	-5.501106750001782
10	28	-5.456731750000472
10	28	-4.965169250001054
10	28	-4.330170250002993
10	28	-3.310076500001742
10	28	-2.9582952500022657
10	28	-2.4137337499996647
10	28	-1.9639525000020512
10	28	-1.5795150000012654
10	28	-1.5321712500008289
10	28	-1.4825462500011781
10	28	-1.0881712500013236
10	28	-1.0795462499991118
10	28	-0.9841712500019639
10	28	-0.8553587499991409
10	28	0.13842149999618414
10	28	0.766077749998658
10	28	1.0268589999977848
10	29	-5.092638000001898
10	29	-4.301670249999006
10	29	-4.074607750000723
10	29	-3.9932327499991516
10	29	-3.7414514999982202
10	29	-3.527420250000432
10	29	-2.5274827499997627
10	29	-2.041233749998355
10	29	-1.6689524999965215
10	29	-1.156264999997802
10	29	-0.1735462499964342
10	29	0.10314125000149943
10	29	0.4609215000018594
10	29	0.5780464999988908
10	29	0.7891402499990363
10	30	-5.320044249998318
10	30	-5.06279424999957
10	30	-4.574076500000956
10	30	-4.071107750001829
10	30	-3.509013999999297
10	30	-3.3691390000021784
10	30	-2.839389000000665
10	30	-2.2521400000005087
10	30	-1.6685775000005378
10	30	-0.7410462499974528
10	30	-0.6945774999985588
10	30	0.027172500002052402
10	30	0.03448500000013155
10	30	0.10661000000254717
10	30	0.1670464999988326
10	30	0.5740777499995602
10	30	1.1049527499999385
10	30	1.4320152500004042
10	30	1.9279214999987744
10	31	-5.985450500000297
10	31	-5.761325499999657
10	31	-5.02373174999957
10	31	-4.89116925000053
10	31	-4.7406067500014615
10	31	-4.2147005000006175
10	31	-4.134856749999017
10	31	-3.725888999997551
10	31	-2.9497639999972307
10	31	-2.5533577499991225
10	31	-1.9764514999988023
10	31	-1.4308587500017893
10	31	-0.8148587499999849
10	31	-0.7741087499998685
10	31	-0.6459212500012654
10	31	-0.4174212500001886
10	31	0.14123499999914202
10	31	0.2434537500012084
10	31	0.5495162500010338
10	31	1.569734000000608
10	31	1.742140250000375
10	31	1.835171500002616
10	32	-5.649200749998272
10	32	-5.4625757499961765
10	32	-5.298169499998039
10	32	-5.069919499997923
10	32	-2.994545499997912
10	32	-2.825982999998814
10	32	-2.6451704999999492
10	32	-2.2310142499991343
10	32	-2.0092652499988617
10	32	-1.9352027499990072
10	32	0.3460785000024771
10	32	0.5495462500002759
10	32	1.2114212500018766
10	32	1.2718587500021385
10	32	1.333890000001702
10	32	1.8029212500005087
10	33	-5.60963774999982
10	33	-5.143420000000333
10	33	-4.757951249997859
10	33	-4.511607500000537
10	33	-4.461263749999489
10	33	-4.401951249998092
10	33	-4.085044999999809
10	33	-3.9980450000002747
10	33	-3.8077325000012934
10	33	-3.6013574999997218
10	33	-3.1773887499984994
10	33	-3.096451249999518
10	33	-2.9165772500018647
10	33	-2.0234835000010207
10	33	-1.9714210000020103
10	33	-1.8556085000018356
10	33	-1.5850147500023013
10	33	-1.1369835000004969
10	33	-1.0858897500002058
10	33	-1.0099210000007588
10	33	-0.7122960000015155
10	33	0.14679674999933923
10	33	0.19942174999960116
10	33	0.42904674999954295
10	33	1.512328000000707
10	34	-5.5529822500029695
10	34	-5.459357250001631
10	34	-5.38257600000361
10	34	-5.100232250002591
10	34	-4.8058572500012815
10	34	-4.611357250003493
10	34	-4.586232250003377
10	34	-4.486357250003493
10	34	-3.838919750003697
10	34	-3.2604520000058983
10	34	-2.6593270000048506
10	34	-2.422108250004385
10	34	-1.6463895000051707
10	34	-1.3187332500056073
10	34	-0.9187967500038212
10	34	-0.49957800000265706
10	34	-0.372515500002919
10	34	-0.2327655000044615
10	34	0.4977344999970228
10	34	1.1432969999987108
10	34	1.9307647499990708
10	35	-5.582263000000239
10	35	-4.989356750000297
10	35	-4.747950499997387
10	35	-4.489200500000152
10	35	-4.426294249999046
10	35	-4.034825499998988
10	35	-3.6699202499985404
10	35	-3.1819514999988314
10	35	-3.010138999998162
10	35	-2.821076499996707
10	35	-2.654857749996154
10	35	-1.7764514999980747
10	35	-1.7029202499979874
10	35	-1.632451499997842
10	35	-1.350233749999461
10	35	-1.112358750000567
10	35	-0.9991087499984133
10	35	0.6837037500008591
10	35	1.9765777500033437
10	36	-5.454700000002049
10	36	-5.033262500001001
10	36	-4.494606250002107
10	36	-4.37926349999907
10	36	-4.282794749997265
10	36	-4.17985724999744
10	36	-3.356982249999419
10	36	-3.0265760000002047
10	36	-2.9072009999981674
10	36	-2.150669749997178
10	36	-1.883358250001038
10	36	-1.4856082500009506
10	36	-1.3168895000017073
10	36	-1.2499520000019402
10	36	-1.1412019999988843
10	36	-0.565108250000776
10	36	0.2148292499987292
10	36	0.6360782500014466
10	36	0.8282032500028436
10	36	1.6352345000013884
10	36	1.7493282499999623
10	36	1.833172000002378
10	36	1.9711095000020578
10	37	-5.736043750002864
10	37	-5.488762500004668
10	37	-5.3926687500024855
10	37	-5.355637500004377
10	37	-5.214762500003417
10	37	-5.066168750003271
10	37	-4.532451000002766
10	37	-4.509451000001718
10	37	-3.3138885000007576
10	37	-2.7903260000020964
10	37	-2.510482250003406
10	37	-2.3758885000024748
10	37	-2.1190457500015327
10	37	-2.048952000001009
10	37	-1.5681707500007178
10	37	-1.4913269999997283
10	37	-0.6361707500000193
10	37	-0.6075457500010089
10	37	-0.21288950000234763
10	37	-0.01670200000080513
10	37	0.4398594999984198
10	37	0.6383594999970228
10	37	1.3781407499955094
10	37	1.5014219999975467
10	37	1.6173907499978668
10	37	1.6532344999977795
10	37	1.7600469999961206
10	38	-5.522388000001229
10	38	-4.849139000001742
10	38	-4.683701500001916
10	38	-4.6659202500013635
10	38	-4.26160775000244
10	38	-4.250576500002353
10	38	-3.8404827500016836
10	38	-3.1973890000008396
10	38	-1.9858587499984424
10	38	-1.8153587500019057
10	38	-1.5765774999999849
10	38	-0.6587962500016147
10	38	-0.3719837499993446
10	38	-0.2595462499994028
10	38	0.03939024999635876
10	38	0.44085899999845424
10	38	0.7838277499977266
10	38	0.9274214999968535
10	38	1.0236402499976975
10	39	-5.868513250003161
10	39	-5.419638250001299
10	39	-4.421170500001608
10	39	-4.32638924999992
10	39	-3.847264249998261
10	39	-3.4472017500011134
10	39	-2.1596392499996
10	39	-1.9167340000021795
10	39	-1.8764527500024997
10	39	-1.8093277500011027
10	39	-1.5705152500013355
10	39	-1.450702750000346
10	39	-0.9561715000018012
10	39	-0.7965465000015683
10	39	-0.6042027500006952
10	39	0.7499212500006252
10	39	0.9370149999995192
10	39	1.1050462499988498
10	39	1.3608899999999267
10	39	1.6253274999980931
10	39	1.7192025000003923
10	39	1.940077499999461
10	40	-5.870356499999616
10	40	-5.512512749999587
10	40	-5.299075250000897
10	40	-5.057107500004349
10	40	-4.316513750003651
10	40	-4.298326250001992
10	40	-3.816826250003942
10	40	-3.159170000002632
10	40	-3.040857500003767
10	40	-2.7270772500014573
10	40	-2.2392022500025632
10	40	-1.9048272500003804
10	40	-1.6678897500023595
10	40	-1.5574835000006715
10	40	-1.4091709999993327
10	40	-0.879702250000264
10	40	-0.8055147500017483
10	40	-0.5822960000004969
10	40	-0.4804522500016901
10	40	-0.3308897499991872
10	40	-0.11389075000261073
10	40	-0.0675470000023779
10	40	-0.06114075000368757
10	40	-0.05635950000214507
10	40	-0.048953250003251014
10	40	-0.037765750003018184
10	40	0.2042654999968363
10	40	0.2097654999961378
10	40	0.23135924999587587
10	40	0.32279674999881536
10	41	-5.652169249999133
10	41	-5.279762999998638
10	41	-4.61113800000021
10	41	-2.7637639999993553
10	41	-2.1327327499966486
10	41	-1.7138889999987441
10	41	-1.6862639999962994
10	41	-1.671513999997842
10	41	-1.6392639999976382
10	41	-1.151795249996212
10	41	-1.0671077499973762
10	41	-0.8068577499980165
10	41	-0.3439524999957939
10	41	-0.22404624999762746
10	41	-0.050671249995502876
10	41	1.5124850000029255
10	42	-4.504981999998563
10	42	-3.7409829999960493
10	42	-3.193576749996282
10	42	-2.9136079999989306
10	42	-2.405607999997301
10	42	-2.0052642499977082
10	42	-1.9087954999995418
10	42	-1.2973902500016266
10	42	-1.2120465000007243
10	42	0.20370349999939208
10	42	0.48804725000081817
10	42	0.5592347499987227
10	42	0.7461722500011092
10	42	1.1699525000003632
10	42	1.27467125000112
10	42	1.3791712500024005
10	42	1.8709525000012945
10	42	1.9597962500010908
10	43	-5.717325500001607
10	43	-5.294419249999919
10	43	-4.403826499998104
10	43	-4.276388999998744
10	43	-4.170826499997929
10	43	-4.078576500000054
10	43	-3.97557649999726
10	43	-3.604607749999559
10	43	-3.2455764999976964
10	43	-3.236607749997347
10	43	-3.1593264999974053
10	43	-2.2717952499988314
10	43	-1.0484837500007416
10	43	-0.7128274999995483
10	43	-0.5354525000002468
10	43	-0.39373374999922817
10	43	-0.3847337500010326
10	43	-0.13182750000123633
10	43	0.10273500000039348
10	43	0.16048500000033528
10	43	0.20729750000100466
10	43	0.6591090000001714
10	43	0.7362339999999676
10	43	1.2921402499996475
10	43	1.7360777499998221
10	44	-5.997232000001532
10	44	-5.049638250002317
10	44	-4.757794500001182
10	44	-3.96451425000123
10	44	-3.659139249997679
10	44	-3.607951750000211
10	44	-1.80473400000119
10	44	-1.7271715000024415
10	44	-1.1328902500026743
10	44	-0.8131715000017721
10	44	-0.7000465000019176
10	44	-0.46129650000148104
10	44	0.0968284999980824
10	44	0.4952659999980824
10	44	0.4984847499981697
10	44	0.5988597499999742
10	44	0.9694837499991991
10	44	1.9677650000012363
10	45	-5.260700749997341
10	45	-4.872169499998563
10	45	-4.645325749999756
10	45	-4.571170499999425
10	45	-4.465358000001288
10	45	-4.348170500001288
10	45	-4.237451749999309
10	45	-4.199607999998989
10	45	-2.0312339999982214
10	45	-1.904952749999211
10	45	-1.7793277499986289
10	45	-1.2757027499974356
10	45	-0.7161090000008699
10	45	-0.6915777499998512
10	45	-0.5143902499985415
10	45	-0.3976402499974938
10	45	0.07917224999982864
10	45	0.44510874999832595
10	45	1.192139999999199
10	45	1.7764524999984133
10	46	-4.868793749999895
10	46	-4.059888499999943
10	46	-3.965544750000845
10	46	-3.7477634999995644
10	46	-3.6457010000012815
10	46	-2.1383884999995644
10	46	-2.0396072500006994
10	46	-1.7527957499987679
10	46	-1.1948582500008342
10	46	-0.47232699999949546
10	46	0.06661050000184332
10	46	0.3639855000001262
10	46	1.5014844999968773
10	46	1.61545324999679
10	46	1.7242657499991765
10	47	-5.871668499999942
10	47	-5.641887249999854
10	47	-5.541888250001648
10	47	-5.009325750001153
10	47	-4.809606999999232
10	47	-4.795513249999203
10	47	-4.69710699999996
10	47	-4.578575750001619
10	47	-4.248856999998679
10	47	-4.125450750001619
10	47	-3.734231999998883
10	47	-3.694763250001415
10	47	-3.6413570000004256
10	47	-3.3799194999992324
10	47	-3.320357000000513
10	47	-3.2581382499993197
10	47	-3.161638249999669
10	47	-3.108639250003762
10	47	-2.437701750000997
10	47	-2.389201750000211
10	47	-2.1772642500036454
10	47	-2.0762330000034126
10	47	-2.05192050000187
10	47	-1.7188892500016664
10	47	-1.1806392500002403
10	47	-0.37007775000165566
10	47	-0.1548277500005497
10	47	0.031422249998286134
10	47	0.11226600000009057
10	47	0.22639100000014878
10	47	0.23179724999863538
10	47	0.39017225000134204
10	47	0.4904534999986936
10	47	0.552172249997966
10	47	0.6486722500012547
10	47	0.7927034999993339
10	47	1.207297249999101
11	1	-5.489419000001362
11	1	-5.008887750002032
11	1	-4.5093877500003146
11	1	-4.284919000001537
11	1	-4.135075250000227
11	1	-4.0322002499997325
11	1	-4.004575250000926
11	1	-3.932482500003971
11	1	-3.6641387500021665
11	1	-3.5333575000040582
11	1	-2.841607500002283
11	1	0.01348524999775691
11	2	-5.391388000003644
11	2	-1.9067337499982386
11	2	-1.854046249998646
11	2	-1.6575462499968125
11	2	-1.563639999996667
11	2	-1.3964212499995483
11	2	-1.198515000000043
11	2	-1.1696400000000722
11	2	-1.0022337499976857
11	2	-0.9007337499970163
11	2	-0.6145774999968125
11	2	-0.5746087499974237
11	2	-0.48942124999666703
11	2	-0.3784212499995192
11	2	-0.24763999999777297
11	2	-0.2299524999980349
11	2	-0.21988999999666703
11	3	-4.745513000001665
11	3	-4.649388000001636
11	3	-4.54620050000085
11	3	-4.52441925000312
11	3	-3.016826499999297
11	3	-2.634420250000403
11	3	-2.3185765000016545
11	3	-2.01629524999953
11	3	0.5729214999992109
11	3	0.7077027499981341
11	4	-2.6237647500020103
11	4	-0.5509522500033199
11	4	0.5846405000011146
11	5	-1.790326999998797
11	5	-1.3834217499970691
11	5	-1.1962967499966908
11	5	0.3088282500029891
11	5	0.44223450000208686
11	6	-3.8697632500006875
11	6	-2.616200750002463
11	6	-2.390232999998261
11	6	-2.069701749998785
11	6	-1.8508267500001239
11	6	-1.3337329999994836
11	6	-1.2006079999991925
11	6	-1.1116079999992508
11	6	-1.0238892499983194
11	6	-0.9189829999995709
11	6	-0.8199517499997455
11	6	-0.7925767499982612
11	6	-0.451889249998203
11	6	-0.19073299999945448
11	6	-0.09645174999968731
11	6	0.1452659999995376
11	7	-2.41057749999527
11	7	-2.3221399999965797
11	7	-2.319483749994106
11	7	-2.292858749995503
11	7	-2.0322337499965215
11	7	-1.6135774999966088
11	7	-1.3277337499966961
11	7	-1.2234212499970454
11	7	-0.4240462499947171
11	7	-0.02810874999704538
11	7	0.7096715000006952
11	8	-5.257450250002876
11	8	-4.366544000000431
11	8	-4.29757525000241
11	8	-4.240887750002003
11	8	-4.1404502500008675
11	8	-4.0790752499997325
11	8	-3.9618877499997325
11	8	-2.112576250005077
11	8	-1.485013750003418
11	8	-0.34498350000285427
11	8	0.008735249997698702
11	8	0.10551649999979418
11	8	0.3718602499975532
11	8	0.39654774999871734
11	9	-5.094044000001304
11	9	-5.026700250000431
11	9	-4.31295124999815
11	9	-2.236888750001526
11	9	-2.105169999998907
11	9	-1.477264750003087
11	9	-0.6965460000028543
11	9	0.06520399999863002
11	9	0.49417274999723304
11	10	-4.000857750004798
11	10	-3.855732750002062
11	10	-3.469326500002353
11	10	-3.4467640000038955
11	10	-3.4172640000033425
11	10	-3.1013890000031097
11	10	-2.9821390000033716
11	10	-2.73938900000212
11	10	-2.3785140000036336
11	10	-2.071920250004041
11	11	-3.8692947500021546
11	11	-3.031951000000845
11	11	-2.7705759999989823
11	11	-1.8625457499983895
11	11	-1.717858249998244
11	11	-1.5141707500006305
11	11	-1.374108249998244
11	11	-1.355608249999932
11	11	-1.2182957499971963
11	11	-1.1344519999984186
11	11	0.0647979999994277
11	11	0.3532667500003299
11	11	0.6642970000029891
11	11	0.8067032500039204
11	12	-5.016638249995594
11	12	-2.9680767499958165
11	12	-2.6227017499986687
11	12	-2.6090142499961075
11	12	-0.6072964999948454
11	13	-3.9367325000021083
11	13	-3.7849512499997218
11	13	-1.4073272499990708
11	14	-5.4380132500009495
11	14	-5.319482000002608
11	14	-5.239763250003307
11	14	-4.145951750000677
11	14	-2.896483000000444
11	14	-2.126857999999629
11	14	-1.8734527500018885
11	14	-1.6788277500018012
11	14	-1.603671500000928
11	14	-1.5159215000021504
11	15	-5.657419250001112
11	15	-5.567825500002073
11	15	-5.457044250000763
11	15	0.8715465000022959
11	15	1.1943902500024706
11	16	-4.157951250002952
11	16	-4.132388750000246
11	16	-4.107951250000042
11	16	-4.092045000001235
11	16	-4.053045000000566
11	16	-3.875857500002894
11	16	-3.842857499999809
11	16	-3.701388749999751
11	16	-3.6346387500016135
11	16	-2.582482500001788
11	16	-2.0257950000013807
11	16	-1.744014749998314
11	16	-1.5038897499980521
11	16	-0.5802022499992745
11	16	0.5506717499993101
11	16	0.6354529999989609
11	16	0.8410154999983206
11	16	1.2343279999986407
11	16	1.284921749997011
11	17	-4.8963267499966605
11	17	-2.1687652500004333
11	17	-1.2682964999985415
11	17	-1.1665465000005497
11	17	-0.9923902500013355
11	17	-0.723421499998949
11	17	-0.5655777499996475
11	17	-0.3517027499983669
11	18	-5.747043749997829
11	18	-5.449075000000448
11	18	-5.3791999999994005
11	18	-5.3382937499991385
11	18	-5.071075999996538
11	18	-2.4707019999987097
11	18	-2.115701999999146
11	18	-1.0969519999998738
11	18	-0.5128582500001357
11	18	-0.2617644999991171
11	18	0.5886407500038331
11	18	0.637765750001563
11	19	-5.615012999998726
11	19	-1.6275765000027604
11	19	0.06829749999815249
11	19	0.32523500000024796
11	19	0.7394537500003935
11	20	-4.985262750000402
11	20	-3.4280137499990815
11	20	-2.867013749997568
11	20	-2.855576250000013
11	20	-0.6085147500016319
11	20	-0.4716709999993327
11	21	-5.734449750005297
11	21	-3.026295499999833
11	21	-2.7289830000008806
11	21	-2.2866705000014917
11	21	-1.325139249998756
11	21	-0.30895275000148104
11	21	-0.12460900000223774
11	21	0.08617224999761675
11	21	0.919359749997966
11	22	-5.534919000001537
11	22	-4.9597315000028175
11	22	-3.167076249999809
11	22	-3.007107499997801
11	22	-2.2028887499982375
11	22	-1.6039199999977427
11	22	0.21223524999732035
11	22	0.2938289999983681
11	22	1.3087655000017548
11	22	1.8289842500016675
11	23	-2.5879519999980403
11	23	-2.28076449999935
11	24	-5.892481999999291
11	24	-5.874294499997632
11	24	-2.6422329999986687
11	24	-2.3618892499980575
11	24	-2.2562330000000657
11	24	-1.7504517499983194
11	24	-1.6476704999986396
11	24	-1.3848267499997746
11	24	-1.0908589999962715
11	24	-0.3930152499997348
11	24	-0.11151524999877438
11	24	-0.09626524999839603
11	24	1.7163274999984424
11	25	-4.11816975000329
11	25	-3.9139822500037553
11	25	-3.8574822500013397
11	25	-3.7627010000032897
11	25	-1.896514500000194
11	25	-1.6272644999990007
11	25	-1.536639500001911
11	25	1.6445157499983907
11	26	-5.345513500004017
11	26	-4.162638500001776
11	26	-3.8270447500035516
11	26	-3.7684510000035516
11	26	-3.763576000001194
11	26	-3.6468572500016307
11	26	-3.202545750002173
11	26	-3.022326999998768
11	26	-2.8629832500009798
11	26	-2.073827000000165
11	26	-1.7746394999994664
11	26	-1.7183582500001648
11	26	-1.5007020000011835
11	26	-1.2276082499993208
11	26	-1.2144520000001648
11	27	-4.149014250000619
11	27	-3.709076750001259
11	27	-3.6346080000002985
11	27	-1.3706402499992691
11	27	-1.2236714999999094
11	27	-0.8918277499979013
11	27	-0.811827749999793
11	27	0.1539535000010801
11	27	0.2304535000002943
11	27	0.7022347500023898
11	27	0.7046410000002652
11	28	-5.4476380000014615
11	28	-0.3035462500010908
11	28	-0.28957749999972293
11	29	-4.482138999999734
11	29	-4.453263999999763
11	29	-1.880139999997482
11	29	-0.9089212499966379
11	29	-0.7626087499993446
11	29	-0.6872337499989953
11	30	-5.33501299999989
11	30	-3.8645140000007814
11	30	-2.07238999999754
11	30	-1.9478275000001304
11	30	-1.505764999998064
11	30	-1.1684524999982386
11	30	-1.0140462499985006
11	30	-0.9849524999990535
11	30	-0.980171249997511
11	30	-0.9714212500002759
11	30	-0.24420249999820953
11	30	-0.054358749999664724
11	30	0.33376524999766843
11	30	0.42217149999851245
11	30	0.46510899999702815
11	30	0.49267150000014226
11	30	0.6537339999995311
11	31	-1.1782337500007998
11	31	-0.9979212500002177
11	32	-5.76332574999833
11	32	-4.634106999998039
11	32	-4.233951750000415
11	32	-0.5180777499990654
11	33	-2.946421000000555
11	33	-1.883202250002796
11	33	-1.6126710000025923
11	33	-1.5426710000028834
11	33	-1.3372960000015155
11	34	-5.567763500002911
11	34	-5.561669750004512
11	34	-5.464076000003843
11	34	-3.657451000002766
11	34	-3.6223572500020964
11	34	-3.2776395000037155
11	34	-3.1751707500043267
11	34	-3.136452000006102
11	34	-3.081577000004472
11	34	-0.48135925000315183
11	34	-0.4270155000012892
11	34	-0.3684842500042578
11	35	-5.615544249998493
11	35	-5.215981749999628
11	35	-4.183637999998609
11	35	-4.096231749997969
11	35	-3.9876379999986966
11	35	-3.881638999999268
11	35	-2.845170249998773
11	36	-5.213262500001292
11	36	-3.957857249999506
11	36	-3.12004474999776
11	36	-2.624669749999157
11	36	-2.5104197500004375
11	36	-2.401700999998866
11	36	-2.3423572499996226
11	36	-2.200138500000321
11	36	-2.0358259999993606
11	36	-1.9811072499978764
11	36	-1.7926394999994955
11	36	-1.5401707500022894
11	36	-1.4293582499994955
11	36	-1.3882645000012417
11	36	-1.371233249999932
11	36	-1.1018582500000775
11	36	-1.075483250002435
11	36	-0.6541395000022021
11	36	0.015266750000591855
11	36	0.16039174999968964
11	36	0.20511049999913666
11	37	-5.758575000003475
11	37	-4.655388500003028
11	37	-3.9524197500031732
11	37	-3.5648260000016307
11	37	-3.4896697500007576
11	37	-3.4205760000040755
11	37	-2.992794750003668
11	37	-2.908107250001194
11	37	-2.766326000000845
11	37	-2.6642322500010778
11	37	-2.3935447500007285
11	37	-2.3476072500016016
11	37	-2.302264500001911
11	37	-2.2746707500009506
11	37	-2.1850145000025805
11	37	-1.9541082499999902
11	37	-1.2900770000014745
11	37	-1.2450769999995828
11	38	-5.939888000000792
11	38	-5.2501692500009085
11	38	-3.915139000000636
11	38	-1.1966400000019348
11	38	-1.173640000000887
11	38	-1.0663587499984715
11	38	-0.9508587499985879
11	38	-0.8998587499991118
11	38	0.3236089999991236
11	38	0.6706402499985415
11	38	0.6902027499963879
11	38	0.6920777499981341
11	38	0.8140152499981923
11	39	-2.757201749998785
11	39	-1.3222340000029362
11	39	-1.1455465000035474
11	40	-5.671919000000344
11	40	-3.270170000003418
11	40	-2.554046000001108
11	40	-2.215233499999158
11	40	-2.1918585000021267
11	40	-1.1408897500004969
11	40	-0.9216085000007297
11	40	-0.43751474999953643
11	40	-0.13495325000258163
11	40	-0.08229700000447338
11	40	-0.07182825000199955
11	40	0.07492174999788404
11	40	0.16617174999555573
11	40	0.19198424999558483
11	41	-5.473106749999715
11	41	-5.199294250000094
11	41	-1.8489827499979583
11	41	-1.8176389999971434
11	41	-1.789951499999006
11	41	-1.7312639999981911
11	41	-1.7030452499966486
11	41	-1.6928264999987732
11	41	-1.679138999996212
11	41	-1.6584827499973471
11	41	-0.799607749999268
11	41	-0.5537962499947753
11	41	0.9253912500025763
11	42	-3.768201749997388
11	42	-1.3319215000010445
11	42	-1.105608999998367
11	42	-0.6696090000004915
11	42	-0.4360464999990654
11	42	-0.35579649999999674
11	42	-0.10817150000002584
11	42	0.05832849999933387
11	42	0.09504725000078906
11	42	0.4851722499988682
11	42	1.4482650000027206
11	43	-5.117325499999424
11	43	-4.575231750000967
11	43	-2.7700452499993844
11	43	-2.313388999999006
11	43	-2.0704202499982785
11	43	-1.8802962500012654
11	43	-1.8765774999992573
11	43	-1.5594837499993446
11	43	-1.4128587500017602
11	43	-0.5173587499994028
11	43	-0.14076500000010128
11	43	0.19910999999774504
11	44	-3.3797017500000948
11	44	-1.2291089999998803
11	44	-1.1859527500018885
11	44	0.5246097499984899
11	44	0.6154534999986936
11	45	-4.53776425000251
11	45	-3.833357999999862
11	45	-1.7700777499994729
11	45	-1.4464527499985707
11	45	-1.3031402499982505
11	45	-1.261765249997552
11	45	-1.0320465000004333
11	45	-0.7886089999992691
11	45	-0.6186089999973774
11	45	-0.5187339999974938
11	45	-0.4053277499988326
11	45	-0.38873400000011316
11	45	-0.0922339999997348
11	45	0.2904222500001197
11	45	0.3345472500004689
11	45	0.36042224999982864
11	45	0.6156399999999849
11	45	1.4610775000001013
11	46	-4.304607250000117
11	46	-2.5740447500029404
11	46	-1.448545750001358
11	46	-1.0265145000012126
11	46	-1.007951999999932
11	46	-0.8796707500005141
11	46	-0.7601394999983313
11	47	-3.5798882499984757
11	47	-3.271732000001066
11	47	-2.5624517500036745
11	47	-1.689045500002976
11	47	-1.1658580000002985
11	47	-0.9608892500036745
11	47	0.1414535000003525
11	47	1.8292972499984899
12	1	-5.910137750001013
12	1	-3.4097325000038836
12	1	-3.37460750000173
12	1	-2.610232500002894
12	1	-2.258451250003418
12	1	-1.8347950000024866
12	1	-1.3973585000021558
12	1	-0.9498272500022722
12	1	-0.9007960000017192
12	1	-0.7916084999997111
12	1	-0.7453585000002931
12	1	-0.5785147500027961
12	1	-0.4000147500009916
12	1	-0.11985850000201026
12	1	0.08882900000025984
12	1	0.3883289999976114
12	1	0.4399539999976696
12	2	-5.03570050000053
12	2	-4.690045250001276
12	2	-3.570482750001247
12	2	-1.5660462499981804
12	2	-1.55017124999722
12	2	-1.400202499997249
12	2	-0.8255149999968125
12	3	-4.547513000001345
12	3	-4.391607749999821
12	3	-4.28051399999822
12	3	-3.9963265000005777
12	3	-1.7825150000026042
12	3	-1.7158275000001595
12	3	-1.4786400000011781
12	3	-1.4577962500006834
12	3	-1.2047025000028952
12	3	-0.6716087500026333
12	3	-0.6646087500012072
12	3	-0.48114000000350643
12	3	-0.3612962500010326
12	3	0.4286724999983562
12	3	0.7095152500005497
12	3	1.302359000001161
12	3	1.3086089999997057
12	4	-5.70504400000209
12	4	-4.19742000000042
12	4	-4.1847012500002165
12	4	-4.075232499999402
12	4	-3.938451250000071
12	4	-3.9302012500011188
12	4	-3.9106387499996345
12	4	-2.9303575000012643
12	4	-2.8556700000008277
12	4	-1.50798350000332
12	4	-1.2002334999997402
12	4	-1.1184210000028543
12	4	-1.0736085000025923
12	4	-0.27373350000198116
12	4	0.306828000000678
12	4	0.9489842500006489
12	4	1.5182029999996303
12	5	-3.080733250000776
12	5	-0.1090154999983497
12	6	-5.9480435000004945
12	6	-2.6736070000006293
12	7	-5.892044249994797
12	7	-5.389575499993953
12	7	-5.199669249996077
12	7	-4.84179524999854
12	7	-3.2771389999979874
12	7	-2.9599202499957755
12	7	0.46132775000296533
12	7	1.1966715000016848
12	8	-5.013856500001566
12	8	-4.188606499999878
12	8	-1.662951250003971
12	8	-1.5822012500029814
12	8	-0.9437335000002349
12	8	-0.5365460000029998
12	8	0.08732899999813526
12	9	-5.823981500001537
12	9	-5.468325249999907
12	9	-5.277762749999965
12	9	-4.039294999998674
12	9	-2.5108887499991397
12	9	-2.2886387500002456
12	9	-1.565546000001632
12	9	-0.8674210000026505
12	9	-0.8205460000026505
12	9	-0.5268272500034072
12	10	-5.132825500000763
12	10	-4.701575499999308
12	10	-3.913826500003779
12	10	-3.7510140000013052
12	10	-3.5869827500027895
12	10	-3.5435765000038373
12	10	-3.2238890000044194
12	10	-3.0950140000022657
12	10	-2.9789202500032843
12	10	-2.7927952500031097
12	10	-2.7402327500021784
12	10	-2.5427640000016254
12	10	-2.05432650000148
12	10	-1.7652952500029642
12	10	-1.2008275000007416
12	10	-0.15301499999986845
12	11	-4.54601349999939
12	11	-4.461607249999361
12	11	-4.066169749999972
12	11	-3.979951000001165
12	11	-3.5713572499989823
12	11	-3.023732249999739
12	11	-2.695607249999739
12	11	-2.0855144999986805
12	11	-1.484108249998826
12	11	-0.33238949999940814
12	11	0.574859500004095
12	11	0.6145470000046771
12	11	0.7123282500033383
12	12	-5.7761069999942265
12	12	-5.73823199999606
12	12	-5.725200749995565
12	12	-4.00220074999379
12	12	-3.7628892499960784
12	12	-1.734670499998174
12	12	-0.8243277499968826
12	12	-0.525640249994467
12	12	-0.1842964999959804
12	13	-3.720919999999751
12	13	-3.2555137500021374
12	13	-3.1774824999993143
12	13	-2.8628262500023993
12	13	-2.6402637499995762
12	13	-2.403295000000071
12	13	-2.2302637499997218
12	13	-2.143013750002865
12	13	-1.9375450000006822
12	13	-1.5737022499997693
12	13	-0.4827335000009043
12	13	-0.4285772500006715
12	13	0.06714149999970687
12	13	0.19957900000008522
12	13	0.744579000001977
12	14	-4.962669500000629
12	14	-4.9536382500009495
12	14	-3.3964517499989597
12	14	-3.383108000001812
12	14	-3.3641392499994254
12	14	-3.2832330000019283
12	14	-3.2562330000000657
12	14	-3.071326749999571
12	14	-2.91085799999928
12	14	-0.10589025000081165
12	14	0.2224222499971802
12	14	0.282640999997966
12	14	1.467827500000567
12	14	1.5291399999987334
12	14	1.803452500000276
12	14	1.908015000000887
12	15	-2.249202499999228
12	15	-1.647015000002284
12	15	-0.6955462500009162
12	15	0.6412027500009572
12	16	-4.114919999999984
12	16	-1.5670147499986342
12	16	0.35076649999973597
12	16	0.5497654999999213
12	16	0.859359250000125
12	16	1.2704217499995138
12	16	1.3386092499968072
12	16	1.7631717499971273
12	17	-5.669544500000484
12	17	-5.548232000001008
12	17	-5.0818257499995525
12	17	-4.372076749998087
12	17	-3.618951749998814
12	17	-2.0579527500012773
12	17	-0.505702750000637
12	17	-0.2983277499988617
12	17	-0.27451524999924004
12	17	-0.21510900000066613
12	17	0.07867125000120723
12	17	0.20770249999986845
12	17	0.5060150000026624
12	18	-5.3337624999985565
12	18	-4.923857249996217
12	18	-4.837700999996741
12	18	-3.50285724999776
12	18	-3.4519197499976144
12	18	-2.067451999999321
12	18	-2.004983250000805
12	18	-1.843077000001358
12	18	-0.541045750000194
12	18	-0.5314832500007469
12	18	-0.5119207499992626
12	18	-0.49329574999865144
12	18	0.15754700000252342
12	18	0.27348450000135927
12	19	-4.209419250000792
12	19	-3.733856750000996
12	19	-3.5202004999991914
12	19	-3.4659505000017816
12	19	-2.954607750001742
12	19	-2.9144827500022075
12	19	-2.3855140000014217
12	19	0.6498287499998696
12	19	0.705484999998589
12	20	-4.2415449999971315
12	20	-2.3087022500003513
12	20	-0.030858500002068467
12	20	1.2559217500020168
12	21	-5.857918500005326
12	21	-4.582638250001764
12	21	-3.6317632500031323
12	21	-3.324794500003918
12	21	-2.2099517499991634
12	21	-2.1517955000017537
12	21	-2.0979205000003276
12	21	-1.7070454999993672
12	21	-1.6306704999988142
12	21	-1.6189517499988142
12	21	-1.6093580000015208
12	21	-1.5901080000003276
12	21	-0.7132027500010736
12	21	-0.05995275000168476
12	21	-0.05120275000081165
12	21	0.08939099999770406
12	21	0.375672249996569
12	21	0.8408909999961907
12	21	1.0076409999965108
12	22	-5.732169000002614
12	22	-4.355794000002788
12	22	-4.153794000001653
12	22	-2.9009824999993725
12	22	-2.630669999998645
12	22	-2.27120124999783
12	22	-2.2193574999982957
12	22	-1.8001387500007695
12	22	-1.6706387499980337
12	22	-1.3245772500013118
12	22	-0.6148272500031453
12	22	0.044610249999095686
12	22	0.47561024999959045
12	22	1.36726550000094
12	23	-1.6360144999998738
12	23	-1.3267019999984768
12	23	-1.269670749999932
12	23	-0.6913270000004559
12	23	0.05776574999981676
12	23	0.8903594999974302
12	23	0.9445157499976631
12	23	1.3366407499997877
12	24	-5.571106999996118
12	24	-5.542106999997486
12	24	-2.323201750001317
12	24	-1.5026079999988724
12	24	-1.0696714999976393
12	24	0.25910975000078906
12	24	0.6670472500009055
12	24	0.704516000001604
12	24	0.8533910000005562
12	24	0.9089222500006144
12	24	1.080859750003583
12	24	1.4481087499989371
12	24	1.5439837500016438
12	24	1.6466712500005087
12	24	1.708983749998879
12	25	-5.309794750002766
12	25	-4.965763500000321
12	25	-3.980169750000641
12	25	-3.9564510000018345
12	25	-3.905919750002795
12	25	-3.8536697500021546
12	25	-3.046044750000874
12	25	-2.948482250001689
12	25	-2.6336082500019984
12	25	-1.2547020000019984
12	25	-1.1660144999987097
12	25	-1.1345770000007178
12	25	0.37795324999751756
12	26	-5.247388500003581
12	26	-4.2121072500012815
12	26	-2.7337645000006887
12	26	-2.664201999999932
12	26	-2.1791395000000193
12	26	-1.9152957500009506
12	26	-1.1963582499993208
12	26	0.8707345000002533
12	26	0.9117345000013302
12	26	0.932890750002116
12	27	-4.387388249997457
12	27	-4.033107999999629
12	27	-3.608982999998261
12	27	-3.566107999999076
12	27	0.20195349999994505
12	28	-4.306045250003081
12	28	-3.0066077500014217
12	28	-1.3266399999993155
12	28	1.4741714999981923
12	28	1.5007027499959804
12	29	-2.664857749998191
12	29	-2.651295249997929
12	29	-1.2738274999974237
12	29	-1.0957337499967252
12	29	-0.3937649999970745
12	29	0.8099839999995311
12	30	-5.220731749999686
12	30	-5.1415129999986675
12	30	-3.6416390000013052
12	30	-2.714170250001189
12	30	-2.086358749998908
12	30	0.5804839999982505
12	30	1.4629839999979595
12	31	-5.560544249998202
12	31	-5.50176300000021
12	31	-4.291887999999744
12	31	-3.714701499997318
12	31	-1.5110452499975509
12	31	-1.363796249999723
12	31	-1.1738899999982095
12	31	-1.0229524999995192
12	31	0.06420375000016065
12	32	-5.873013249998621
12	32	-5.849731999998767
12	32	-5.773419499997544
12	32	-5.403044499995303
12	32	-5.064856999997573
12	32	-4.14426425000056
12	32	-3.7328892500008806
12	32	-3.6892017499994836
12	32	-3.5903267499998037
12	32	-2.919076750000386
12	32	-2.554076749998785
12	32	-0.8753589999978431
12	32	0.9815149999994901
12	33	-5.727231500000926
12	33	-5.392388749998645
12	33	-5.225857500001439
12	33	-2.932421000001341
12	33	-2.316264750003029
12	33	-1.8092647500016028
12	33	-0.6735460000018065
12	33	0.6962967500003288
12	34	-5.746701000003668
12	34	-5.155607250002504
12	34	-5.14160725000329
12	34	-1.6765770000056364
12	34	-0.20748425000419957
12	34	0.4589219999979832
12	34	0.8517032499985362
12	35	-5.453106749999279
12	35	-4.076763000000938
12	35	-3.782138999999006
12	35	-2.0087639999983367
12	35	-1.9645764999986568
12	35	-1.923263999997289
12	35	-1.5938889999961248
12	35	0.9044224999997823
12	35	0.9634537499987346
12	35	1.086296500001481
12	36	-5.162231250000332
12	36	-4.5236374999985856
12	36	-4.517700000000332
12	36	-0.9712644999999611
12	36	-0.5407332499999029
12	36	-0.21617075000176555
12	36	0.21576674999960233
12	36	0.8484532500006026
12	36	1.5117032500020287
12	36	1.9678595000004862
12	37	-4.326357250003639
12	37	-4.17041975000393
12	37	-0.8922645000020566
12	37	-0.13170200000240584
12	37	0.3823282499979541
12	38	-2.238202500000625
12	38	0.31823399999848334
12	38	0.4342964999959804
12	38	0.4501089999976102
12	38	1.207483999998658
12	39	-5.080638250001357
12	39	-4.521670499998436
12	39	-4.469576750001579
12	39	-3.4282954999980575
12	39	-3.084295500000735
12	39	-2.9479204999988724
12	39	-2.831639249998261
12	39	-1.3816090000036638
12	39	0.9452962499999558
12	39	0.9797337499985588
12	40	-4.943107500002952
12	40	-3.2018575000038254
12	40	-2.559921000000031
12	40	-2.033358500000759
12	40	0.020765499997651204
12	40	0.18807799999558483
12	40	0.9270779999969818
12	41	-5.1191067500003555
12	41	-1.7429514999967068
12	41	0.7175787500054867
12	41	1.5199537500047882
12	42	-5.696763249998185
12	42	-4.096670499999163
12	42	-3.2722642499975336
12	42	-2.896982999998727
12	42	-0.6454215000012482
12	42	-0.4947652500013646
12	42	1.2623900000035064
12	42	1.3477962500001013
12	43	-4.8094817499986675
12	43	-4.419545249998919
12	43	-4.3104514999977255
12	43	-3.8239202499971725
12	43	-2.690639000000374
12	43	-2.3261702499985404
12	43	-1.4921087500006252
12	43	-1.0233587500006252
12	43	-0.7693587499998102
12	43	-0.37798375000056694
12	43	0.18614125000021886
12	43	0.1911724999990838
12	44	-2.61685800000123
12	44	-0.522359000002325
12	44	-0.21820275000209222
12	44	0.37529724999694736
12	44	0.7352962500008289
12	44	1.4639837499998976
12	45	-5.701575749997573
12	45	-5.551981999997224
12	45	-4.540920499999629
12	45	-3.974076750000677
12	45	-0.7217652500003169
12	45	-0.42764024999996764
12	45	-0.4015152499996475
12	45	0.9714837499996065
12	45	1.143608750000567
12	46	-5.664512499999546
12	46	-5.5733875000005355
12	46	-4.580200000000332
12	46	-4.186076000001776
12	46	-4.163138500000059
12	46	-3.753982250000263
12	46	-2.0154510000029404
12	46	-1.531389499999932
12	46	-0.7067644999988261
12	46	-0.09729574999801116
12	46	-0.009451999998418614
12	46	0.015204250001261244
12	46	0.9308594999965862
12	46	1.094484499997634
12	47	-1.2807642500010843
12	47	-0.3329215000012482
12	47	-0.3157027500019467
12	47	-0.23376524999912363
12	47	0.2295784999987518
12	47	1.0728597499983152
13	1	-3.258138750003127
13	1	-3.060357500002283
13	1	-3.0075762500018755
13	1	-2.6218887500035635
13	1	-2.592420000004495
13	1	-2.3806075000029523
13	1	-2.2357950000041455
13	1	-2.1084200000041164
13	1	-2.0361700000030396
13	1	-0.8408272500018938
13	1	-0.6858897500023886
13	1	-0.5588897500019812
13	1	0.32164149999880465
13	1	0.451610249998339
13	1	0.555641499999183
13	1	0.8078914999969129
13	1	1.1398592499972438
13	2	-1.080077499998879
13	2	-0.8024212499985879
13	2	0.2914527499997348
13	2	0.3192964999980177
13	2	0.8976714999989781
13	2	1.5654527500009863
13	2	1.5819527499988908
13	2	1.6427027499994438
13	3	-4.88598175000152
13	3	-4.088795250001567
13	3	-2.7901077499991516
13	3	-2.75995150000017
13	3	-2.756826500000898
13	3	-2.7147640000002866
13	3	-2.669264000000112
13	3	-2.6354202500006068
13	3	-2.340295250000054
13	3	-2.3205139999990934
13	3	-2.1955139999990934
13	3	-2.061451500001567
13	3	-2.022045249999792
13	3	-1.5748275000005378
13	3	-1.5209212500012654
13	3	-1.0144837500010908
13	3	-0.9726087500021094
13	3	-0.6860462500007998
13	3	-0.5362650000024587
13	3	-0.5108900000013818
13	3	-0.28214000000298256
13	3	-0.07498375000068336
13	3	0.5425152499992691
13	3	1.354077749998396
13	4	-4.212388749998354
13	4	-4.159482499999285
13	4	-4.04892000000109
13	4	-4.022357499998179
13	4	-3.292701250000391
13	4	-3.0958887499982666
13	4	-3.0567012499996054
13	4	-3.052326249999169
13	4	-2.994451250000566
13	4	-1.2364522500029125
13	4	-0.8676085000006424
13	4	0.6011717500005034
13	4	1.1640154999986407
13	5	-5.548794749996887
13	5	-4.419982249997702
13	5	-2.5424207500000193
13	5	-1.7716404999991937
13	5	-1.7209217499985243
13	5	-1.3919842499963124
13	5	-0.868609249999281
13	5	-0.8140467499979422
13	5	-0.7463592499989318
13	5	-0.6713904999996885
13	5	0.03735950000191224
13	6	-5.12110599999869
13	6	-2.123951749999833
13	6	-0.7627642500010552
13	6	-0.03260900000168476
13	6	0.5732347499979369
13	6	0.8626097499982279
13	6	0.9062347499966563
13	6	1.4881722499994794
13	6	1.555359749996569
13	7	-5.0165129999950295
13	7	-4.793013999998948
13	7	-4.777326499995979
13	7	-4.014545249996445
13	7	-3.410826499995892
13	7	-2.4131087499954447
13	7	-1.4693587499968999
13	7	0.3015152500011027
13	7	0.31398400000398397
13	7	0.3421090000010736
13	7	1.5421402500032855
13	8	-4.6028252500000235
13	8	-2.9312325000028068
13	8	-2.861357500001759
13	8	-1.4778887500033306
13	9	-5.71310650000305
13	9	-5.022387750002963
13	9	-4.088420000000042
13	9	-3.5074512499995762
13	9	-2.659763749998092
13	9	-2.641482499999256
13	9	-2.542294999999285
13	9	-1.8567949999996927
13	9	-1.8354522500012536
13	9	0.4937664999997651
13	9	1.2578592499994556
13	10	-5.118575500000588
13	10	-4.6791379999995115
13	10	-4.620387999999366
13	10	-4.028139000001829
13	10	-3.999232750004012
13	10	-3.702357750004012
13	10	-3.1734515000025567
13	10	-2.667701500002295
13	10	-2.1385765000013635
13	10	-1.8214827500014508
13	10	-0.7525462500016147
13	10	-0.07548375000260421
13	10	-0.05804625000018859
13	10	0.873296499998105
13	10	1.0468277499967371
13	10	1.9828277499982505
13	11	-4.436232250001922
13	11	-2.804482250001456
13	11	-2.6809822499999427
13	11	-1.6732332499996119
13	11	-1.6409832499994081
13	11	-0.6648582499983604
13	11	-0.0773269999990589
13	11	0.27861050000137766
13	11	0.5954845000014757
13	11	0.8491095000026689
13	11	0.9350782500041532
13	11	1.5990782500011846
13	11	1.6264845000041532
13	12	-5.694763249994139
13	12	-5.672513249995973
13	12	-4.148356999994576
13	12	-2.824607999998989
13	12	-1.5797954999979993
13	12	-1.541420499997912
13	12	-1.3563589999976102
13	12	-1.070671499994205
13	12	-1.0487339999963297
13	12	-0.8187652499946125
13	12	-0.8004527499942924
13	12	0.6157660000026226
13	13	-3.87460750000173
13	13	-3.076201250001759
13	13	-2.8483262500012643
13	13	-2.453045000002021
13	13	-2.139607500001148
13	13	-2.103451250000944
13	13	-1.996419999999489
13	13	-1.7222647499984305
13	13	-1.491014749997703
13	13	-1.142233499998838
13	13	-0.32288975000119535
13	13	0.182391500002268
13	14	-4.751450750001823
13	14	-3.7417017500010843
13	14	-3.4170767499999783
13	14	-2.8378267500011134
13	14	-0.5696715000012773
13	14	-0.06364025000220863
13	14	1.143608750000567
13	15	-0.9637650000004214
13	15	-0.840671250000014
13	15	-0.4540149999993446
13	15	-0.12926599999991595
13	15	0.9432340000021213
13	15	1.2802027500001714
13	15	1.3479215000006661
13	15	1.7275152500005788
13	16	-5.238668999998481
13	16	-5.1851690000003146
13	16	-4.649543999999878
13	16	-4.5427940000008675
13	16	-4.525231499999791
13	16	-4.5076377500008675
13	16	-4.174920000001293
13	16	-3.1129199999995762
13	16	0.4292664999993576
13	16	0.45229775000188965
13	16	0.81464049999704
13	16	0.9146404999992228
13	16	1.8222967499968945
13	17	-5.01985699999932
13	17	-3.273107999997592
13	17	-2.256827749999502
13	17	-1.7653902499987453
13	17	-1.3409527500007243
13	17	-1.2927339999987453
13	17	-1.2371715000008408
13	17	-1.163702750000084
13	17	-0.8179527499996766
13	17	-0.5237027500006661
13	17	-0.1686714999996184
13	17	0.10048375000042142
13	17	0.6675462500024878
13	17	1.0162337500005378
13	17	1.0227650000015274
13	17	1.031765000003361
13	17	1.0465462500033027
13	18	-5.320137499998964
13	18	-4.636357249997673
13	18	-4.109294749996479
13	18	-4.072575999998662
13	18	-3.7303259999971488
13	18	-2.247451999999612
13	18	-1.8886707499987097
13	18	-0.5243894999985059
13	18	-0.3774520000006305
13	18	-0.3594520000006014
13	18	-0.19545299999663257
13	18	0.14745325000330922
13	18	0.2543907500039495
13	18	0.5121720000024652
13	18	0.6413282500034256
13	18	0.7450782500018249
13	18	0.7580782500008354
13	19	-4.150950499999453
13	19	-3.9125754999986384
13	19	-3.688450500001636
13	19	-3.5862942499989003
13	19	-3.4432005000016943
13	19	-3.3463880000017525
13	19	-2.944045250002091
13	19	-2.1586077500032843
13	19	-2.1158890000006068
13	19	-1.5838577500035171
13	19	-1.500670250003168
13	19	-1.2624827500003448
13	19	-1.1375140000018291
13	19	0.044734999999491265
13	20	-3.7401074999979755
13	20	-3.7080137499979173
13	20	-3.2275762499994016
13	20	-3.010607499996695
13	20	0.5133592500023951
13	20	1.0780467500007944
13	21	-5.697794500003511
13	21	-5.633357000002434
13	21	-5.37473200000386
13	21	-3.8651070000014442
13	21	-2.19210799999928
13	21	-2.1869829999996
13	21	-2.1752017500002694
13	21	-2.034451750001608
13	21	-1.8272329999999783
13	21	-1.8023892499986687
13	21	-1.721420500001841
13	21	-1.7148579999993672
13	21	-1.5751080000009097
13	21	-1.255232999999862
13	21	-1.1647642499992799
13	21	-0.8463267500010261
13	21	-0.8351392500007933
13	21	0.5793909999993048
13	21	1.7163597499966272
13	21	1.7844212499985588
13	22	-2.784482499999285
13	22	-2.7228575000008277
13	22	-2.2888574999997218
13	22	-2.027076250000391
13	22	-1.7076075000004494
13	22	-1.527170000001206
13	22	-1.437732499998674
13	22	-0.45651474999976926
13	22	0.42798525000034715
13	23	-4.491794749999826
13	23	-2.450170749998506
13	23	-0.6283582500000193
13	23	-0.11348424999960116
13	23	-0.10229674999936833
13	23	-0.08617175000108546
13	23	-0.017234250000910833
13	23	0.0017344999978377018
13	23	0.014015749999089167
13	23	0.019078249999438412
13	23	0.46473449999757577
13	23	0.6155469999976049
13	23	0.6600469999975758
13	23	0.7396095000003697
13	23	0.8765782499976922
13	23	1.7707344999980705
13	24	-4.554513249997399
13	24	-4.414169499996206
13	24	-2.019857999999658
13	24	-0.0991714999981923
13	24	0.7400472500012256
13	24	1.3523275000006834
13	25	-4.9428885000015725
13	25	-3.9376385000032315
13	25	-3.695607250003377
13	25	-2.26167075000194
13	25	-1.8347957500009215
13	25	-1.1793582499994955
13	25	-1.0890770000005432
13	25	0.5834219999960624
13	25	0.751765749999322
13	25	0.9846719999986817
13	26	-5.2977322500009905
13	26	-4.286076000003959
13	26	-1.5814832500000193
13	26	-1.20654574999935
13	26	-0.00742175000050338
13	26	0.07464075000098092
13	26	0.465172000000166
13	26	0.9762657499995839
13	27	-4.705231999996613
13	27	-4.330731999998534
13	27	-4.212388249998185
13	27	-4.194575749996147
13	27	-4.1718267500000366
13	27	-1.3731402499979595
13	27	-1.360765249999531
13	27	-0.7468902499967953
13	28	-5.467106749998493
13	28	-5.4537004999983765
13	28	-5.448981749999803
13	28	-1.4479524999987916
13	28	-1.3063275000022259
13	28	-1.1582337500003632
13	28	-0.9104525000002468
13	28	-0.7187962499992864
13	28	-0.20326500000010128
13	28	0.14167149999775575
13	28	0.1584839999959513
13	28	0.8150464999962423
13	28	1.4530464999988908
13	29	-5.838169250000647
13	29	-4.417857749998802
13	29	-1.9879212499981804
13	29	-1.9531087499963178
13	29	-1.9406712499985588
13	29	-1.3332337499959976
13	29	0.3341412500012666
13	29	0.7479214999984833
13	30	-5.3417630000003555
13	30	-3.8233265000017127
13	30	-3.7448890000014217
13	30	-3.6521702499994717
13	30	-3.6110452499997336
13	30	-1.5721087499987334
13	30	-1.4235774999979185
13	30	-1.1013899999998102
13	30	-0.7727962499993737
13	30	-0.744046249998064
13	30	-0.2543587500003923
13	30	-0.16467125000053784
13	30	-0.032202499998675194
13	30	0.07651624999925843
13	30	0.5331089999999676
13	30	0.6658902499984833
13	30	0.7821089999997639
13	30	0.7849527500002296
13	30	1.2087027499983378
13	30	1.2699214999993274
13	30	1.6188277500004915
13	30	1.837515249997523
13	31	-5.1812942500000645
13	31	-2.3445764999996754
13	31	-2.3126077499982785
13	31	-2.1572639999976673
13	31	-1.9804514999996172
13	31	-1.730107749997842
13	31	-1.651982749997842
13	31	-1.5692639999979292
13	31	-1.504795249999006
13	31	-1.1683587500010617
13	31	-0.8796712500006834
13	31	0.09435999999914202
13	31	0.3569224999992002
13	31	0.6703912500015576
13	31	0.7923912500009465
13	31	1.1000152500018885
13	31	1.1111402500027907
13	31	1.1170465000031982
13	31	1.1402965000015683
13	31	1.1791402500020922
13	31	1.2022027500024706
13	31	1.7568902500024706
13	32	-5.944919499997923
13	32	-5.822044499996991
13	32	-5.786669499997515
13	32	-5.568606999997428
13	32	-5.465481999995973
13	32	-5.278825749996031
13	32	-5.013700749997952
13	32	-4.8901069999956235
13	32	-4.758888249998563
13	32	-4.756450749995565
13	32	-4.527170499997737
13	32	-4.468014250000124
13	32	-4.356576750000386
13	32	-4.309326750000764
13	32	-4.1869829999996
13	32	-4.097201749998931
13	32	-3.8193267499991634
13	32	-3.1261704999997164
13	32	-2.143920499998785
13	32	-0.6934214999964752
13	32	-0.6613902499957476
13	32	-0.33157774999563117
13	32	0.08304725000198232
13	32	0.27554725000300095
13	32	1.2240774999991118
13	32	1.9457025000010617
13	32	1.9743275000000722
13	33	-2.24338975000137
13	33	-0.8883897500018065
13	33	0.06742175000181305
13	33	0.2858280000000377
13	33	0.4513904999985243
13	33	0.7372030000005907
13	34	-5.829544750002242
13	34	-5.563576000004105
13	34	-4.11432600000262
13	34	-3.1257332500063058
13	34	0.6855469999973138
13	34	0.7476094999983616
13	34	0.9898907499955385
13	35	-5.617263000000094
13	35	-3.8199202499963576
13	35	-3.6506077499980165
13	35	-2.5279827499980456
13	35	-1.947232749997056
13	35	-1.751295249996474
13	35	-1.6909202499991807
13	35	0.9222350000018196
13	35	0.9378287500003353
13	36	-5.387575000000652
13	36	-4.8358250000019325
13	36	-4.816481249999924
13	36	-2.7755134999970323
13	36	-2.523419749999448
13	36	-2.0505134999984875
13	36	-1.5973582500009798
13	36	-1.5316707500023767
13	37	-4.130857250002009
13	37	-3.5648260000016307
13	37	-1.3027957500016782
13	37	-1.280670750002173
13	37	-1.2343270000019402
13	37	0.4556719999964116
13	37	0.9098282499980996
13	38	-2.048546250000072
13	38	-2.008327499999723
13	38	-0.15201600000364124
13	39	-2.970701750000444
13	39	-2.8970454999980575
13	39	-2.706639249998261
13	39	-2.1245454999989306
13	39	-2.0783892500003276
13	39	-1.6934215000001132
13	39	-1.6430777500027034
13	39	-1.4558902500029944
13	39	-1.1078590000033728
13	39	-0.10195275000296533
13	39	0.844577500000014
13	40	-4.370420000002923
13	40	-3.9124825000035344
13	40	-3.3155762500027777
13	40	-0.35563974999968195
13	40	0.2246092499954102
13	40	0.5788592499957304
13	40	0.6548592499966617
13	40	1.0529529999985243
13	41	-4.4391067500000645
13	41	-4.319606749999366
13	41	-4.0577317499992205
13	41	0.5405162500028382
13	41	0.6245475000032457
13	41	0.8147037500057195
13	42	-4.620075750000979
13	42	-3.3251079999972717
13	42	-1.7510454999974172
13	42	-1.5919214999994438
13	42	-1.5473902500016266
13	42	0.6222347500006435
13	42	0.7235160000018368
13	42	0.7502972500005853
13	42	0.7780784999995376
13	43	-5.295106749999832
13	43	-4.780919249998988
13	43	-4.763950500000647
13	43	-4.43535675000021
13	43	-4.334076499999355
13	43	-4.166451499997493
13	43	-3.2479514999977255
13	43	-1.659858750001149
13	43	-1.2529524999990826
13	43	-0.37645250000059605
13	43	-0.37476500000047963
13	44	-4.576325750000251
13	44	-4.257607999999891
13	44	-3.8666392499981157
13	44	-3.1319517499978247
13	44	-2.8239829999984067
13	44	-2.68020174999765
13	44	-2.648858000000473
13	44	-1.9241704999985814
13	44	-1.8930455000008806
13	44	0.10973474999991595
13	44	0.8817650000019057
13	45	-5.8261695000001055
13	45	-5.169700749996991
13	45	-3.939639250002074
13	45	-3.776201749999018
13	45	-3.756483000001026
13	45	-3.5493892500016955
13	45	-3.10617049999928
13	45	-2.907795499999338
13	45	-1.7310152499994729
13	45	-0.38707774999784306
13	45	1.6016399999971327
13	46	-5.674324999999953
13	46	-5.623918749999575
13	46	-4.287388500000816
13	46	-3.9116385000015725
13	46	-3.810451000001194
13	46	-2.543451000001369
13	46	-2.3311697500030277
13	46	-2.3151072500004375
13	46	-0.2642645000014454
13	46	-0.23332699999809847
13	46	0.22457924999980605
13	46	0.2305167500016978
13	46	0.23664175000158139
13	46	0.24473550000038813
13	46	0.3845480000018142
13	46	0.6362032500001078
13	46	0.9165782499985653
13	46	1.2140782499991474
13	47	-3.916263250001066
13	47	-3.5809819999994943
13	47	-2.928358000001026
13	47	-2.4860767500031216
13	47	-0.9531080000015208
13	47	-0.4822027500013064
14	1	-5.964762750001682
14	1	-5.760387750000518
14	1	-5.6748877499994705
14	1	-4.483137750001333
14	1	-4.399731500001508
14	1	-4.13863775000209
14	1	-3.8665450000044075
14	1	-3.539201250001497
14	1	-3.4120762500024284
14	1	-3.192888750003476
14	1	-2.5745137500016426
14	1	-1.5556075000022247
14	1	-1.4672012500013807
14	1	-0.27507725000032224
14	1	0.010110249997524079
14	1	0.12007900000025984
14	1	0.4414539999997942
14	1	0.5241414999982226
14	1	0.7469227499968838
14	1	1.5541717499982042
14	1	1.6639217499978258
14	2	-5.914106750002247
14	2	-5.722200500000326
14	2	-5.440013000003091
14	2	-4.9841380000034405
14	2	-4.654013999999734
14	2	-4.601388999999472
14	2	-4.506514000000607
14	2	-4.397295250000752
14	2	-3.852951500000927
14	2	-3.6465140000000247
14	2	-3.4756390000002284
14	2	-3.407639000000927
14	2	-3.3607015000015963
14	2	-3.0586077500011015
14	2	-2.984826500000054
14	2	-2.789232750001247
14	2	-2.674607749999268
14	2	-2.4850140000016836
14	2	-2.251358749999781
14	2	-1.4156399999992573
14	2	-0.8958587499982968
14	2	-0.4276712499995483
14	2	-0.29354624999905354
14	2	-0.20926499999768566
14	2	-0.1009837499987043
14	2	0.02651624999998603
14	2	0.3234527499989781
14	3	-5.969419250002829
14	3	-5.889794250000705
14	3	-5.79595049999989
14	3	-5.468106750002335
14	3	-5.426544250000006
14	3	-5.088200500002131
14	3	-4.898763000001054
14	3	-4.8421692500014615
14	3	-4.1626389999983076
14	3	-3.130607750001218
14	3	-2.8843577500010724
14	3	-2.7427952500001993
14	3	-2.2953264999996463
14	3	-2.072545250000985
14	3	-1.980014000000665
14	3	-1.8413275000020803
14	3	-1.740233750002517
14	3	-1.5853587500023423
14	3	-1.4700150000026042
14	3	-1.2687337500028661
14	3	-0.07654625000213855
14	3	0.04614124999716296
14	3	0.0707662499989965
14	3	1.066140250000899
14	3	1.3432339999999385
14	4	-4.816951249998965
14	4	-4.757388750000246
14	4	-4.602138750000449
14	4	-4.194826250000915
14	4	-3.8451700000005076
14	4	-3.4992324999984703
14	4	-3.244576249999227
14	4	-3.0192949999982375
14	4	-2.9318262499982666
14	4	-2.330452250000235
14	4	-2.273296000003029
14	4	-1.9182647500019812
14	4	-1.5052647500015155
14	4	-1.310108500001661
14	4	-1.0337335000003804
14	4	-0.9786085000014282
14	4	-0.8005772500000603
14	4	-0.7327960000002349
14	4	-0.537796000000526
14	4	1.1348279999983788
14	4	1.1721092500010855
14	4	1.3620467500004452
14	4	1.461734249998699
14	4	1.6976404999986698
14	5	-5.89598224999645
14	5	-5.7679197499965085
14	5	-5.606232249996538
14	5	-4.883763499998167
14	5	-4.775294749997556
14	5	-4.719075999997585
14	5	-4.62413849999939
14	5	-4.45335724999677
14	5	-3.168733250000514
14	5	-2.7774519999984477
14	5	-2.4113582499994664
14	5	-2.1135457499985932
14	5	-1.515202999999019
14	5	-1.3526404999975057
14	5	-1.2342029999963415
14	5	-1.0880467499991937
14	5	-0.6055154999994556
14	5	-0.11001549999855342
14	5	0.15785950000281446
14	5	1.3290772500004095
14	6	-5.557480999999825
14	6	-5.43604349999805
14	6	-3.154450750000251
14	6	-3.073138250001648
14	6	-3.0433882500001346
14	6	-2.82479450000028
14	6	-2.55301325000255
14	6	-2.41623299999992
14	6	-1.6175767499989888
14	6	-1.543170500000997
14	6	-1.5058892499982903
14	6	-1.3846080000002985
14	6	-1.2805142500001239
14	6	-1.0431080000016664
14	6	0.17151599999851896
14	6	0.36582849999831524
14	6	0.46045349999985774
14	6	0.5037972499994794
14	6	1.0402347499984899
14	7	-5.873919249996106
14	7	-5.235075499997038
14	7	-4.903920249998919
14	7	-4.615638999996008
14	7	-4.53667024999595
14	7	-3.9085452499966777
14	7	-3.725920249999035
14	7	-3.6312639999960084
14	7	-3.4312327499974344
14	7	-3.349576499997056
14	7	-3.2427014999957464
14	7	-2.9726702499974635
14	7	-2.7711077499989187
14	7	-2.583326499996474
14	7	-2.2244524999950954
14	7	-2.1809524999953283
14	7	-2.0999837499948626
14	7	-1.5951399999939895
14	7	-1.5097024999959103
14	7	-0.41304624999611406
14	7	-0.3500774999956775
14	7	-0.3015462499970454
14	7	0.18276525000328547
14	7	0.31689025000378024
14	7	0.48785900000075344
14	7	1.2211090000018885
14	7	1.3297652500004915
14	7	1.4170465000024706
14	7	1.5204527500027325
14	7	1.5891090000041004
14	7	1.911234000002878
14	8	-5.7406690000025264
14	8	-5.5204814999997325
14	8	-5.473387750000256
14	8	-5.149512750002032
14	8	-5.0321065000025555
14	8	-4.782606500000838
14	8	-4.3833565000022645
14	8	-4.351606500000344
14	8	-4.110981500001799
14	8	-3.762670000003709
14	8	-3.6110762500029523
14	8	-3.2440137500016135
14	8	-2.996232500001497
14	8	-2.9318262500019046
14	8	-2.7516387500036217
14	8	-2.6597325000038836
14	8	-1.870920000004844
14	8	-1.6697637500037672
14	8	-1.137608500001079
14	8	-0.6131397500030289
14	8	-0.46213975000137
14	8	-0.4358897500023886
14	8	-0.13792100000136998
14	8	0.17057899999781512
14	8	0.33973524999964866
14	8	0.3534540000000561
14	8	0.5462352499998815
14	8	0.9226414999975532
14	8	1.3077029999949445
14	9	-5.499169000002439
14	9	-5.450606500002323
14	9	-5.3069815000017115
14	9	-5.108981500001391
14	9	-4.8276377500005765
14	9	-4.76876275000177
14	9	-4.737637750000431
14	9	-4.594325250000111
14	9	-4.48263775000305
14	9	-4.376637750003283
14	9	-4.054201250000915
14	9	-3.845107500001177
14	9	-3.3929512499998964
14	9	-3.194107499999518
14	9	-2.9223887500011188
14	9	-2.9183574999988195
14	9	-2.8110137500007113
14	9	-2.513701249998121
14	9	-2.4798262500007695
14	9	-2.432795000000624
14	9	-2.0660762500010605
14	9	-1.9988574999988487
14	9	-1.5150460000004387
14	9	0.11551649999819347
14	9	0.4885477499992703
14	9	0.5684227499987173
14	10	-5.9075442499997735
14	10	-5.842981750000035
14	10	-5.6997942500020145
14	10	-5.001856750001025
14	10	-4.969169250001869
14	10	-4.841481750001549
14	10	-4.527575500000239
14	10	-4.505013000001782
14	10	-4.4696380000023055
14	10	-4.103201500001887
14	10	-3.8521702500038373
14	10	-3.3862952500021493
14	10	-3.0591077500030224
14	10	-2.9799827500028186
14	10	-2.777514000001247
14	10	-2.5983890000024985
14	10	-2.3248265000038373
14	10	-1.9959202500031097
14	10	-1.4974837500012654
14	10	-1.2754212500003632
14	10	-1.1319524999998976
14	10	-0.8757650000006834
14	10	-0.7940775000024587
14	10	-0.7389837500013527
14	10	-0.3317024999996647
14	10	-0.252577500003099
14	10	-0.059671250000974396
14	10	0.42492249999850173
14	10	1.0279214999973192
14	10	1.5560152499965625
14	10	1.6685464999973192
14	11	-5.959293749998324
14	11	-5.826481249998324
14	11	-5.735793749998265
14	11	-5.594106249998731
14	11	-5.218450000000303
14	11	-4.749012499996752
14	11	-4.628668749999633
14	11	-4.358326000001398
14	11	-3.978075999999419
14	11	-3.8108572500023
14	11	-3.3746072499998263
14	11	-3.184607250001136
14	11	-3.087576000001718
14	11	-2.0307957499971963
14	11	-1.9033269999999902
14	11	-1.5820457499976328
14	11	-1.0862957499994081
14	11	-0.7304519999997865
14	11	-0.013264499997603707
14	11	0.8940782500030764
14	11	1.431765750003251
14	11	1.7383907500043279
14	11	1.804922000002989
14	12	-5.977169499994488
14	12	-5.812763249996351
14	12	-5.245919499993761
14	12	-5.111356999994314
14	12	-4.944669499996962
14	12	-4.717669499994372
14	12	-4.58070074999705
14	12	-4.2118569999947795
14	12	-4.070950749995973
14	12	-3.9573579999960202
14	12	-3.765607999997883
14	12	-3.617170499997883
14	12	-3.578201749998698
14	12	-3.4880142499969224
14	12	-2.466701749995991
14	12	-2.1866392499978247
14	12	-1.52517049999733
14	12	-1.435483999994176
14	12	-1.153202749996126
14	12	-0.5813902499976393
14	12	-0.37907774999621324
14	12	0.4893597500049509
14	12	1.1035775000018475
14	12	1.2826087500034191
14	12	1.419921250002517
14	12	1.5878587500010326
14	12	1.8937025000013818
14	13	-5.798950249998597
14	13	-5.51204399999915
14	13	-4.9047314999988885
14	13	-4.7889814999980445
14	13	-4.6710752500002855
14	13	-4.4853252499997325
14	13	-4.280606500000431
14	13	-4.139388750001672
14	13	-4.038388750002923
14	13	-3.36557625000205
14	13	-3.278795000001992
14	13	-3.2177012499996636
14	13	-3.19613875000141
14	13	-3.085670000000391
14	13	-3.014732499999809
14	13	-2.6201387500004785
14	13	-2.5264825000012934
14	13	-1.8770450000010896
14	13	-1.6688897499989253
14	13	-1.0866084999979648
14	13	-1.0011709999998857
14	13	-0.7758272499995655
14	13	-0.6190772499976447
14	13	-0.42910850000043865
14	13	-0.2020772500000021
14	13	0.07336025000040536
14	13	0.0962352499991539
14	13	0.3051415000009001
14	13	1.3185154999991937
14	13	1.5326092499999504
14	13	1.6840467499969236
14	14	-5.782732000003307
14	14	-5.151669500002754
14	14	-4.920888250002463
14	14	-4.805357000001095
14	14	-4.5697007500020845
14	14	-4.2350455000014335
14	14	-3.926076750001812
14	14	-3.719358000002103
14	14	-3.38517050000155
14	14	-3.1985767500009388
14	14	-2.7961079999986396
14	14	-2.4652017500011425
14	14	-2.079702750001161
14	14	-1.99779650000346
14	14	-1.8989527500016266
14	14	-1.6517965000020922
14	14	-1.3894215000036638
14	14	-1.309671500002878
14	14	-1.2858902500011027
14	14	-1.1234215000040422
14	14	-0.7917340000021795
14	14	-0.48110900000392576
14	14	-0.39973400000235415
14	14	-0.19010900000284892
14	14	0.7313587499993446
14	14	1.8783587500001886
14	15	-5.918919250001636
14	15	-5.684856750001927
14	15	-5.55888799999957
14	15	-5.511325499999657
14	15	-5.251513999999588
14	15	-4.380701499998395
14	15	-4.346732750000228
14	15	-4.262763999999152
14	15	-4.145607750000636
14	15	-3.8642015000004903
14	15	-3.6803889999973762
14	15	-2.751265000002604
14	15	-2.2497337500026333
14	15	-1.5937962499992864
14	15	-1.5328587500007416
14	15	-1.4676087500010908
14	15	-0.5171087500020803
14	15	-0.458890000001702
14	15	-0.3857650000027206
14	15	0.10279649999938556
14	15	0.17992149999918183
14	15	0.2578277499997057
14	15	0.4202965000004042
14	15	0.5490465000002587
14	15	0.8163277500025288
14	15	1.0181090000005497
14	15	1.4379840000001423
14	15	1.911952750000637
14	16	-5.431075249998685
14	16	-5.278043999998772
14	16	-5.01691899999787
14	16	-4.5694189999994705
14	16	-4.475387750000664
14	16	-4.215295000001788
14	16	-3.9273887500021374
14	16	-3.62998250000237
14	16	-3.330607500000042
14	16	-2.678357500000857
14	16	-2.3301700000010896
14	16	-2.226888750003127
14	16	-2.1830762500030687
14	16	-2.1366075000005367
14	16	-1.9677637500026322
14	16	-1.815545999997994
14	16	-1.5216709999986051
14	16	-1.4516084999995655
14	16	-1.1192335000014282
14	16	-0.5868897500004095
14	16	-0.4810460000007879
14	16	0.25942275000124937
14	16	0.43579775000034715
14	16	0.9024529999987863
14	16	1.0722967499968945
14	16	1.1941404999997758
14	16	1.6011092499975348
14	16	1.796859250000125
14	17	-5.680888250000862
14	17	-5.43660699999964
14	17	-5.113294499999029
14	17	-4.803420499996719
14	17	-4.752482999996573
14	17	-4.740670499999396
14	17	-4.706857999997737
14	17	-4.665045499998087
14	17	-4.250451749998319
14	17	-4.131232999996428
14	17	-3.976545499997883
14	17	-3.006170499997097
14	17	-2.633201749998989
14	17	-2.156921500001772
14	17	-1.9023589999997057
14	17	-1.3764527499988617
14	17	-1.2463277499991818
14	17	-1.1045777500003169
14	17	-0.8014527500017721
14	17	-0.4663590000018303
14	17	-0.41039024999918183
14	17	-0.2195465000004333
14	17	0.24601500000062515
14	17	0.34445250000135275
14	17	0.5799525000002177
14	17	0.8447650000016438
14	17	0.8554837500014401
14	17	1.9728587500030699
14	18	-5.9750124999991385
14	18	-5.6987000000008265
14	18	-5.561731249999866
14	18	-5.252075000000332
14	18	-4.977700999996159
14	18	-4.803232249996654
14	18	-4.293700999998691
14	18	-4.275544749998517
14	18	-4.218357249996188
14	18	-3.835419749997527
14	18	-3.7780134999957227
14	18	-3.6921384999986913
14	18	-1.9067332499980694
14	18	-1.6608894999990298
14	18	-1.5812645000005432
14	18	-1.5142019999984768
14	18	-0.8363270000008924
14	18	-0.8231395000002522
14	18	-0.6906707499983895
14	18	-0.510420750000776
14	18	-0.13051549999727285
14	18	-0.05160924999654526
14	18	0.06401575000199955
14	18	0.38035950000266894
14	18	0.5297657500013884
14	18	0.866797000002407
14	18	1.3325782500032801
14	18	1.7344845000006899
14	19	-5.050888000001578
14	19	-4.9188567499986675
14	19	-4.765013000000181
14	19	-4.685825500000647
14	19	-4.472700499998609
14	19	-3.881481749998784
14	19	-3.7741067499991914
14	19	-3.2488890000022366
14	19	-3.031014000003779
14	19	-2.9892327500019746
14	19	-2.469951500002935
14	19	-2.376826500003517
14	19	-2.340201500002877
14	19	-1.9831702500014217
14	19	-1.5843265000003157
14	19	-1.371670250002353
14	19	-1.292514000000665
14	19	-0.8948890000028769
14	19	-0.6400462499987043
14	19	-0.6014837500006252
14	19	-0.5399837500008289
14	19	-0.28185875000053784
14	19	-0.16923374999896623
14	19	0.8488599999982398
14	19	1.470703750001121
14	19	1.5762037499989674
14	20	-5.990700250000373
14	20	-5.4523252500002855
14	20	-4.827638749997277
14	20	-4.691294999996899
14	20	-4.663669999998092
14	20	-4.108638749999955
14	20	-4.058701250000013
14	20	-3.987888749998092
14	20	-3.85201374999815
14	20	-3.687544999997044
14	20	-3.596669999998994
14	20	-3.2823262499987322
14	20	-3.209638749998703
14	20	-3.0702637499998673
14	20	-2.806138749998354
14	20	-2.7505762499968114
14	20	-2.3236084999989544
14	20	-2.0886085000020103
14	20	-2.006639750001341
14	20	-1.7236709999997402
14	20	-1.433670999998867
14	20	-1.2067334999992454
14	20	-0.43604599999889615
14	20	0.14923425000233692
14	20	0.216984250000678
14	20	0.4007655000023078
14	20	0.7822342500003288
14	20	1.0053905000022496
14	20	1.4401717500004452
14	20	1.6086092500008817
14	20	1.8759842500003288
14	20	1.9351405000015802
14	21	-5.997637250002299
14	21	-5.9140122500029975
14	21	-5.63376325000354
14	21	-5.23532575000354
14	21	-5.100200750002841
14	21	-5.024888250001823
14	21	-4.984232000002521
14	21	-4.8282320000034815
14	21	-4.748607000001357
14	21	-4.6428882500003965
14	21	-4.58938825000223
14	21	-4.310013250000338
14	21	-3.4861070000006293
14	21	-3.3771382500017353
14	21	-3.292607000003045
14	21	-2.7978580000017246
14	21	-2.756357999998727
14	21	-2.6220767500017246
14	21	-1.9050454999996873
14	21	-1.5278892499991343
14	21	-1.38004550000187
14	21	-0.7741392499992799
14	21	-0.7128590000029362
14	21	-0.5512340000022959
14	21	-0.4127027500035183
14	21	0.23676599999816972
14	21	0.3131409999987227
14	21	0.7428909999980533
14	21	1.7739837499975692
14	22	-5.822137750001275
14	22	-5.498106500002905
14	22	-5.412887750000664
14	22	-4.515169000002061
14	22	-4.205387750000227
14	22	-3.9982002500000817
14	22	-3.7712324999993143
14	22	-3.7236699999994016
14	22	-3.4858887499976845
14	22	-3.39229499999783
14	22	-3.358169999999518
14	22	-2.9725450000005367
14	22	-2.7244824999979755
14	22	-2.4693574999982957
14	22	-2.353544999998121
14	22	-2.298044999999547
14	22	-2.2542012499980046
14	22	-1.9212637499986158
14	22	-1.6252012500008277
14	22	-1.182952250001108
14	22	-0.7177647500029707
14	22	0.10132899999734946
14	22	0.3492664999976114
14	22	0.5748289999974077
14	22	1.0888914999995905
14	22	1.2498904999993101
14	23	-5.801418749997538
14	23	-5.199513499999739
14	23	-4.670951000000059
14	23	-4.32501350000166
14	23	-4.251951000002009
14	23	-4.1464197499990405
14	23	-3.7772010000007867
14	23	-3.5724197500021546
14	23	-3.4262322499998845
14	23	-2.5461394999983895
14	23	-2.460889499998302
14	23	-2.1203582499983895
14	23	-2.0120145000000775
14	23	-1.9919520000003104
14	23	-1.8732332500003395
14	23	-1.2323269999978947
14	23	-1.0389832500004559
14	23	-0.8149207499991462
14	23	-0.7087332499977492
14	23	-0.43320200000016484
14	23	-0.23170300000128918
14	23	-0.11007800000152201
14	23	0.05892200000016601
14	23	0.34579699999812874
14	23	0.663046999998187
14	23	0.751046999997925
14	23	0.8405469999997877
14	23	1.2275782500000787
14	23	1.3360782499985362
14	23	1.6148594999976922
14	23	1.8008594999992056
14	23	1.914078249999875
14	24	-5.862794499997108
14	24	-5.550388249997923
14	24	-4.621638249998796
14	24	-4.013481999998476
14	24	-3.9087944999992033
14	24	-3.522076749999542
14	24	-3.1330767500003276
14	24	-2.808170500000415
14	24	-2.1984517499986396
14	24	-1.9237642500011134
14	24	-1.8199830000012298
14	24	-1.7852017500008515
14	24	-1.7466392499991343
14	24	-1.7224204999984067
14	24	-1.658295500001259
14	24	-1.2319830000014917
14	24	-1.2028267499990761
14	24	-1.0190464999977848
14	24	-0.907015249998949
14	24	-0.6219839999976102
14	24	-0.580327749998105
14	24	-0.416983999999502
14	24	0.03295350000189501
14	24	0.39107850000073086
14	24	0.4697972500034666
14	24	0.7697660000012547
14	24	1.0059535000036703
14	24	1.1038285000031465
14	24	1.4362962500017602
14	24	1.4928274999983842
14	24	1.6380774999997811
14	25	-5.875824999999168
14	25	-5.7321062500013795
14	25	-5.668949999999313
14	25	-5.3915437499999825
14	25	-5.148857250002038
14	25	-5.073482250001689
14	25	-4.506482250002591
14	25	-4.487232250001398
14	25	-3.8137635000020964
14	25	-3.69220100000166
14	25	-3.5902010000027076
14	25	-3.5541072500018345
14	25	-3.35913850000361
14	25	-2.793326999999408
14	25	-2.7360145000020566
14	25	-2.3071395000006305
14	25	-1.832264500000747
14	25	-1.6379520000009506
14	25	-1.5681082500013872
14	25	-1.3874519999990298
14	25	-1.2052645000003395
14	25	-0.07207800000105635
14	25	1.0789844999962952
14	25	1.1294532499960042
14	25	1.2859532499969646
14	25	1.4539219999969646
14	25	1.5275157499963825
14	25	1.64548449999711
14	25	1.7448594999987108
14	25	1.7967657499975758
14	26	-5.874263500001689
14	26	-5.8246697500035225
14	26	-5.294826000001194
14	26	-4.997701000003872
14	26	-4.781451000002562
14	26	-4.505638500002533
14	26	-4.040669750003872
14	26	-3.6771697500007576
14	26	-3.4120770000008633
14	26	-2.5880770000003395
14	26	-2.30976450000162
14	26	-1.7401082500000484
14	26	-1.2000457499998447
14	26	-0.7930154999994556
14	26	-0.6869530000003579
14	26	-0.3099217499984661
14	26	0.32114075000208686
14	26	0.7372345000003406
14	26	1.801358500000788
14	27	-5.9546694999989995
14	27	-5.634325749997515
14	27	-4.920731999998679
14	27	-4.882856999996875
14	27	-4.633294499999465
14	27	-4.37141949999932
14	27	-4.205919499996526
14	27	-3.619764250001026
14	27	-3.4085454999985814
14	27	-3.351170499998261
14	27	-2.10373299999992
14	27	-1.8668580000012298
14	27	-1.6646402499973192
14	27	-1.3665777499991236
14	27	-0.8608277499988617
14	27	-0.7900152499969408
14	27	-0.7827027499988617
14	27	-0.7758902499990654
14	27	-0.7456714999971155
14	28	-5.498981749999075
14	28	-5.450669249999919
14	28	-3.160201500002586
14	28	-2.9227015000033134
14	28	-2.479420250001567
14	28	-1.6551399999989371
14	28	-1.1449212500010617
14	28	-0.962796250001702
14	28	-0.6085149999998976
14	28	-0.565796250000858
14	28	-0.48810874999981024
14	28	-0.3582337500010908
14	28	0.17445274999772664
14	28	0.8439214999962132
14	28	1.4161402499958058
14	29	-5.563544250002451
14	29	-4.928450499999599
14	29	-4.887106750000385
14	29	-4.768231750000268
14	29	-4.152388999998948
14	29	-3.2255452499994135
14	29	-3.0986077499983367
14	29	-2.7666390000013052
14	29	-2.7533264999983658
14	29	-2.6266389999982493
14	29	-2.4644514999999956
14	29	-2.351951500000723
14	29	-2.212763999999879
14	29	-2.100482750000083
14	29	-1.529827499998646
14	29	-1.3435149999968417
14	29	-0.9950462499982677
14	29	-0.7502962499966088
14	29	-0.09607749999850057
14	29	0.05417250000391505
14	29	0.15079750000222703
14	29	0.2497975000005681
14	29	0.475890249999793
14	29	1.1329215000005206
14	29	1.5918590000001132
14	29	1.7459840000010445
14	29	1.8809839999994438
14	30	-5.915731749999395
14	30	-5.860419249998813
14	30	-5.102294249998522
14	30	-5.037294249999832
14	30	-4.740295250001509
14	30	-4.071513999999297
14	30	-3.7338577500013344
14	30	-2.9010139999991225
14	30	-2.614076500001829
14	30	-1.2458274999989953
14	30	-0.680827500000305
14	30	-0.6377649999994901
14	30	-0.09832749999986845
14	30	1.6037964999995893
14	30	1.6670152499973483
14	31	-5.860200499999337
14	31	-5.73985674999858
14	31	-5.683012999998027
14	31	-5.264794250000705
14	31	-3.9018577499991807
14	31	-3.389982749999035
14	31	-3.247295249999297
14	31	-3.1830764999976964
14	31	-2.8659827499977837
14	31	-2.5574827499985986
14	31	-2.312170249999326
14	31	-2.20482649999758
14	31	-2.0311389999988023
14	31	-1.8771389999965322
14	31	-1.8372639999979583
14	31	-1.6551389999985986
14	31	-1.5540764999968815
14	31	-1.480732749998424
14	31	-1.3387337499989371
14	31	-1.0188899999993737
14	31	0.3202662500007136
14	31	0.4550787500011211
14	31	0.48151625000173226
14	31	0.8095787499987637
14	31	0.9190474999995786
14	31	1.0635787499995786
14	31	1.1649527500012482
14	31	1.2812652500033437
14	31	1.5857340000002296
14	31	1.7243277500019758
14	32	-5.962200749996555
14	32	-5.899638249997224
14	32	-5.839950749996206
14	32	-4.979825749996962
14	32	-4.755731999997806
14	32	-4.545701749997534
14	32	-4.319982999997592
14	32	-4.18020174999765
14	32	-4.08010799999829
14	32	-3.7024517499994545
14	32	-3.6000767500008806
14	32	-3.4269829999975627
14	32	-3.1589517499996873
14	32	-2.9248892499999783
14	32	-2.8015454999986105
14	32	-2.581826749999891
14	32	-2.046796499998891
14	32	-1.7132964999982505
14	32	-1.6926089999979013
14	32	-1.3740464999973483
14	32	-1.2839214999985415
14	32	-1.2194839999974647
14	32	-0.8358589999988908
14	32	-0.5972027499956312
14	32	-0.12398399999801768
14	32	0.3306722500019532
14	32	0.5592962500013527
14	32	0.5940775000017311
14	32	1.0741087499991409
14	32	1.0778587499989953
14	32	1.1649524999993446
14	32	1.2491712500013818
14	32	1.637233749999723
14	32	1.8256087500012654
14	33	-5.842669000001479
14	33	-5.601137749999907
14	33	-5.3253262500002165
14	33	-4.3033262499993725
14	33	-3.932576250001148
14	33	-3.7976699999999255
14	33	-3.651451249999809
14	33	-3.5538262500012934
14	33	-3.440076250000857
14	33	-2.5559522500007006
14	33	-2.1804522500024177
14	33	-2.0632335000009334
14	33	-1.7987647500012827
14	33	-1.6781397500017192
14	33	-1.4296710000016901
14	33	-0.8681710000018938
14	33	-0.5799845000001369
14	33	0.07923424999898998
14	33	0.3155780000015511
14	33	0.5002967500004161
14	33	1.388546750000387
14	33	1.5311404999993101
14	33	1.5827030000000377
14	34	-5.994387500002631
14	34	-5.900263500003348
14	34	-5.720826000004308
14	34	-5.636826000001747
14	34	-4.984763500004192
14	34	-4.807638500002213
14	34	-4.62598225000329
14	34	-4.5455760000040755
14	34	-4.512732250001136
14	34	-4.457388500002708
14	34	-4.341794750002009
14	34	-4.1801385000035225
14	34	-3.7737947500027076
14	34	-3.146639500006131
14	34	-2.7319207500040648
14	34	-2.6973270000053162
14	34	-2.1962332500042976
14	34	-2.170889500004705
14	34	-1.8646395000032499
14	34	-1.3347957500045595
14	34	-0.3458280000013474
14	34	0.13198449999617878
14	34	0.2462657499963825
14	34	0.6183907499980705
14	34	1.493953249995684
14	34	1.9053272499986633
14	35	-5.952606749997358
14	35	-5.857950499997969
14	35	-5.778575500000443
14	35	-5.7058567499989294
14	35	-5.614762999997765
14	35	-5.372919249999541
14	35	-5.281169249999948
14	35	-5.054481749997649
14	35	-4.194856750000326
14	35	-3.9561077499965904
14	35	-3.254295249997085
14	35	-3.162982749996445
14	35	-2.3436702499966486
14	35	-2.2242952499982493
14	35	-2.0081389999977546
14	35	-2.006451499997638
14	35	-1.832201499997609
14	35	-1.6058889999985695
14	35	-1.2027337500003341
14	35	-1.09601499999917
14	35	-0.7863587499996356
14	35	-0.6710774999992282
14	35	-0.5732962500005669
14	35	-0.44885874999818043
14	35	-0.17829625000013039
14	35	0.0017350000016449485
14	35	0.04664124999908381
14	35	0.3615787500020815
14	35	0.39607875000001513
14	35	0.7063912500016158
14	35	0.8584537499991711
14	35	0.90398500000083
14	35	1.1643277500006661
14	35	1.2393902500007243
14	35	1.6490465000024415
14	35	1.740390250000928
14	36	-5.844418749999022
14	36	-5.732950000001438
14	36	-5.350887500000681
14	36	-5.16288749999876
14	36	-4.496418750000885
14	36	-4.354919749999681
14	36	-4.280763499999011
14	36	-3.824013499997818
14	36	-3.5237634999975853
14	36	-3.362013499998284
14	36	-3.1589509999976144
14	36	-3.127669749999768
14	36	-2.7796697499979928
14	36	-2.6028259999984584
14	36	-2.275482249999186
14	36	-2.1568884999978764
14	36	-1.8778894999995828
14	36	-1.745920749999641
14	36	-1.5724207499988552
14	36	-1.4523895000020275
14	36	-1.3126707500014163
14	36	-0.9863270000023476
14	36	-0.6406395000012708
14	36	-0.5294832500003395
14	36	0.20654799999829265
14	36	0.8839220000008936
14	36	1.176828250001563
14	36	1.8948907500016503
14	37	-5.921012500002689
14	37	-5.734887500002515
14	37	-5.486918750004406
14	37	-5.262418750004144
14	37	-4.9615437500033295
14	37	-4.88385625000592
14	37	-4.551044750001893
14	37	-4.4499822500038135
14	37	-4.004919750001136
14	37	-3.4697947500026203
14	37	-3.2880760000007285
14	37	-2.841169750001427
14	37	-2.76295100000425
14	37	-2.498669750002591
14	37	-2.193889500002115
14	37	-1.6310770000018238
14	37	-1.5123894999996992
14	37	-1.2894520000008924
14	37	-0.8734832500012999
14	37	-0.544952000000194
14	37	-0.41548325000258046
14	37	0.2821719999956258
14	37	0.45510949999879813
14	37	0.4890469999954803
14	37	0.6249219999954221
14	37	0.9404532499975176
14	37	1.3557032499957131
14	37	1.605578249997052
14	37	1.694921999998769
14	37	1.7661407499981578
14	37	1.9859844999955385
14	38	-5.85576299999957
14	38	-5.698325500001374
14	38	-5.560700499998347
14	38	-5.459606749998784
14	38	-5.434731749999628
14	38	-5.242700499999046
14	38	-5.0135765000013635
14	38	-4.895139000000199
14	38	-4.551732750001975
14	38	-4.308076500001334
14	38	-4.304795250001916
14	38	-4.137326500000199
14	38	-3.853389000003517
14	38	-3.7527015000014217
14	38	-3.620357750001858
14	38	-3.499764000000141
14	38	-3.446014000001014
14	38	-3.270295250000345
14	38	-3.2269827500022075
14	38	-2.9711390000011306
14	38	-2.9415140000019164
14	38	-2.5862962499995774
14	38	-2.280858750000334
14	38	-2.2276400000009744
14	38	-2.0658274999987043
14	38	-1.7918275000010908
14	38	-1.707358750001731
14	38	-1.6487962499995774
14	38	-1.5189524999987043
14	38	-1.2313900000008289
14	38	-1.0699212500003341
14	38	-0.7632337499999267
14	38	-0.44513999999981024
14	38	-0.3096399999994901
14	38	-0.17564100000163307
14	38	-0.09923475000323378
14	38	0.1318589999973483
14	38	0.8107339999987744
14	38	1.0663277499988908
14	38	1.0855152499971155
14	38	1.2336714999983087
14	38	1.7112652499963588
14	38	1.9057027499984542
14	39	-5.968763250002667
14	39	-5.832357000002958
14	39	-5.436732000001939
14	39	-4.864013250000426
14	39	-4.255639250000968
14	39	-4.14651424999829
14	39	-4.036514250001346
14	39	-2.901608000000124
14	39	-2.645139249998465
14	39	-2.548608000000968
14	39	-2.1611080000002403
14	39	-2.03520275000119
14	39	-1.8173902500020631
14	39	-1.7602965000005497
14	39	-1.681265250001161
14	39	-1.512171500002296
14	39	-1.363640250001481
14	39	-1.3304215000025579
14	39	-0.6962965000020631
14	39	-0.39514025000244146
14	39	-0.3649840000034601
14	39	-0.31914025000151014
14	39	-0.2626715000005788
14	39	0.09126599999945029
14	39	0.18014099999709288
14	39	0.2256409999972675
14	39	0.7230462500010617
14	39	1.1710149999998976
14	39	1.3906087499999558
14	39	1.8739524999982677
14	40	-5.684262750000926
14	40	-5.5530752500017115
14	40	-5.517856499998743
14	40	-5.162107500003913
14	40	-5.044951250001759
14	40	-4.870295000004262
14	40	-4.81357625000237
14	40	-4.38267000000269
14	40	-4.133982500003185
14	40	-4.06888875000368
14	40	-3.9477325000043493
14	40	-3.855607500001497
14	40	-3.768232500002341
14	40	-3.347357500002545
14	40	-2.7388272499993036
14	40	-2.322858499999711
14	40	-2.184889750002185
14	40	-1.291921000000002
14	40	-0.958952249999129
14	40	-0.5731397500021558
14	40	-0.4202960000002349
14	40	-0.30804600000192295
14	40	-0.2394845000017085
14	40	-0.15210950000255252
14	40	-0.12820325000211596
14	40	0.4582342499961669
14	40	0.5573279999953229
14	40	0.6829842499973893
14	40	1.5096092499989027
14	40	1.7390467499972146
14	40	1.9172029999972438
14	40	1.9549217499989027
14	41	-5.870668249997834
14	41	-5.811761999997543
14	41	-4.993888000000879
14	41	-4.558669250000094
14	41	-4.4870129999981145
14	41	-4.075388000001112
14	41	-3.8607942499984347
14	41	-3.369169249999686
14	41	-3.2468879999978526
14	41	-3.0992952499982493
14	41	-3.0119202499990934
14	41	-2.8307014999991225
14	41	-2.6276077499969688
14	41	-2.5899827499961248
14	41	-2.5500764999960666
14	41	-2.357263999998395
14	41	-2.153326499996183
14	41	-1.9989827499994135
14	41	-1.6527014999992389
14	41	-1.2742639999960375
14	41	-1.224576499997056
14	41	-1.1168889999971725
14	41	-0.9741702499995881
14	41	-0.8207327499985695
14	41	-0.40107749999515363
14	41	-0.33238999999593943
14	41	-0.23563999999532825
14	41	-0.2111712499972782
14	41	-0.1360149999964051
14	42	-5.904419499998767
14	42	-5.752357000001211
14	42	-5.343013249999785
14	42	-5.128325749999931
14	42	-4.81141949999801
14	42	-4.662794500000018
14	42	-3.7945767499986687
14	42	-3.377889249997679
14	42	-3.1317017499968642
14	42	-2.8906704999972135
14	42	-2.669076749996748
14	42	-1.9367954999979702
14	42	-1.771795499997097
14	42	-1.4575777499994729
14	42	-0.9063902499983669
14	42	-0.6532965000005788
14	42	-0.5772340000003169
14	42	-0.12142149999999674
14	42	-0.06657774999985122
14	42	0.09148474999892642
14	42	0.5178285000001779
14	42	1.124796250001964
14	42	1.9445775000021968
14	43	-5.782044250001491
14	43	-5.729762999999366
14	43	-5.317387999999482
14	43	-5.141263000001345
14	43	-5.097012999998697
14	43	-4.551512999998522
14	43	-4.238451499997609
14	43	-3.9927952500001993
14	43	-3.9519202499977837
14	43	-3.7660452499985695
14	43	-2.980420249998133
14	43	-2.898701499998424
14	43	-2.78417024999726
14	43	-2.713451499999792
14	43	-2.6442327499971725
14	43	-2.5572639999991225
14	43	-2.3990764999980456
14	43	-2.0293889999993553
14	43	-1.7011400000010326
14	43	-1.388890000001993
14	43	-1.10279625000112
14	43	-0.9737337500009744
14	43	-0.5026087500009453
14	43	-0.1995774999995774
14	43	0.10098500000094646
14	43	0.18679749999864725
14	43	1.9766402500026743
14	44	-5.830669500002841
14	44	-5.2518570000029285
14	44	-5.22854450000159
14	44	-4.944450750001124
14	44	-4.817294500000571
14	44	-4.403200750002725
14	44	-3.6802642500006186
14	44	-3.5357330000006186
14	44	-3.3389517499999783
14	44	-2.764889250000124
14	44	-2.460107999999309
14	44	-1.6269840000022668
14	44	-1.5495465000021795
14	44	-1.4611715000028198
14	44	-1.2026402500014228
14	44	-0.2228902500028198
14	44	-0.0052652500016847625
14	44	0.4282659999989846
14	44	1.0290462500015565
14	45	-5.866513249999116
14	45	-5.822732000000542
14	45	-4.446045500000764
14	45	-4.1672954999994545
14	45	-3.107514250001259
14	45	-2.59098300000187
14	45	-2.506451749999542
14	45	-2.2110142500023358
14	45	-1.7612652499992691
14	45	-1.4705777499984833
14	45	-1.4120777499992982
14	45	-1.4010777500006952
14	45	-1.3127964999985124
14	45	-1.1758589999990363
14	45	-1.100984000000608
14	45	0.3016410000018368
14	45	0.6323899999988498
14	46	-5.806606250000186
14	46	-5.571887499998411
14	46	-5.395949999998265
14	46	-4.972637499999109
14	46	-3.5422010000002047
14	46	-2.4566697500013106
14	46	-2.3273260000023583
14	46	-1.9432019999985641
14	46	-1.7257019999997283
14	46	-1.7102019999983895
14	46	-0.7975770000011835
14	46	-0.6201394999989134
14	46	-0.48548324999865144
14	46	-0.43479574999946635
14	46	-0.09788950000074692
14	46	0.837390749999031
14	46	1.285796999996819
14	46	1.4226719999969646
14	46	1.452421999998478
14	46	1.7898594999969646
14	46	1.8456719999994675
14	47	-5.72841850000259
14	47	-5.662606000001688
14	47	-5.511888249999174
14	47	-5.361856999999873
14	47	-4.6884194999984175
14	47	-4.3875445000012405
14	47	-4.243200749999232
14	47	-4.177044500000193
14	47	-4.086575749999611
14	47	-3.9363569999986794
14	47	-3.763013250001677
14	47	-3.734825750001619
14	47	-3.7040757499999017
14	47	-3.3472632500015607
14	47	-2.98160800000187
14	47	-2.9295455000028596
14	47	-2.4650767500024813
14	47	-2.232233000002452
14	47	-2.0767330000016955
14	47	-1.8997642500035
14	47	-1.7304517500015208
14	47	-1.6232955000014044
14	47	-1.4246080000011716
14	47	-1.1664830000008806
14	47	-0.9626392500031216
14	47	-0.7855455000026268
14	47	-0.5303902500018012
14	47	0.3844222500010801
14	47	0.6681722499997704
14	47	0.7536722500008182
14	47	0.9049535000012838
14	47	1.2234847500003525
14	47	1.552890999999363
14	47	1.7600472499980242
14	47	1.9528587500026333
15	1	-4.613669000002119
15	1	-4.600637750001624
15	1	-4.5896690000008675
15	1	-4.583856500001275
15	1	-2.1454512500022247
15	1	-2.1323575000023993
15	1	-2.0427325000018755
15	1	-1.025671000003058
15	1	-0.7448897499998566
15	1	-0.736296000002767
15	1	-0.6030460000001767
15	1	0.7447977499978151
15	2	-3.0453264999996463
15	2	-0.7883274999985588
15	2	-0.6700774999990244
15	2	-0.6637024999981804
15	2	-0.507921249998617
15	2	0.0061412499999278225
15	3	-5.3958254999997735
15	3	-4.534388000000035
15	3	-4.240264000000025
15	3	-2.988045250000141
15	3	-2.0422639999997045
15	3	-0.6608275000035064
15	3	-0.6199525000010908
15	3	-0.6112962500010326
15	3	0.04182874999969499
15	3	0.44707874999949127
15	3	0.8428902499981632
15	3	1.5836715000004915
15	4	-5.521887750001042
15	4	-4.590826249997917
15	4	-4.561076250000042
15	4	-4.012576249999256
15	4	-2.209389750001719
15	4	-1.2012334999999439
15	4	-0.7879210000028252
15	4	0.5002342500010855
15	5	-4.3544822499970905
15	5	-4.287575999998808
15	5	-4.254264499999408
15	5	-3.7759832500014454
15	5	-3.174670749998768
15	5	-3.0455145000014454
15	5	-1.6950154999976803
15	5	0.37717200000042794
15	5	0.3987345000023197
15	6	-4.588888250000309
15	6	-4.578357000002143
15	6	-4.111982000002172
15	6	-3.996232000001328
15	6	-3.788388250002754
15	6	-3.750169500002812
15	6	-3.1628570000029868
15	6	-2.0372329999991052
15	6	-1.9684517499990761
15	6	-1.9573892500011425
15	6	-1.2137642499983485
15	6	-1.1794517499984067
15	6	-1.1733892500014917
15	6	-0.43976425000073505
15	6	0.3290159999996831
15	6	0.42279724999752943
15	6	0.6652972499978205
15	6	1.1548909999983152
15	6	1.1699534999970638
15	6	1.2083909999964817
15	6	1.2105159999991884
15	6	1.3583909999979369
15	7	-5.75651299999663
15	7	-5.654169249995903
15	7	-4.642638999997871
15	7	-4.522576499995921
15	7	-4.451763999997638
15	7	-3.996357749998424
15	7	-3.8736702499991225
15	7	-2.750170249997609
15	7	-0.8039524999949208
15	7	-0.7909524999959103
15	7	-0.7850774999969872
15	7	-0.20038999999451335
15	7	0.10892150000290712
15	7	0.32939025000086986
15	7	0.711702750002587
15	7	0.7321090000004915
15	8	-5.6593565000002855
15	8	-4.454887750001944
15	8	-4.438169000000926
15	8	-4.15260649999982
15	8	-3.8542012500038254
15	8	-3.6991700000035053
15	8	-3.4566075000038836
15	8	-3.449326250003651
15	8	-2.3352950000044075
15	8	-2.218076250002923
15	8	-1.6635450000030687
15	8	-1.6225137500041455
15	8	-1.6144200000017008
15	8	-1.1624210000009043
15	8	-0.3397022500030289
15	8	-0.2584835000016028
15	8	-0.0670147500022722
15	8	0.36061024999798974
15	8	0.7549539999999979
15	8	0.7685477499981062
15	9	-4.476356500003021
15	9	-4.134701250000944
15	9	-4.047138750000158
15	9	-4.040138749998732
15	9	-2.9728262499993434
15	9	-2.9059200000010605
15	9	-2.8880137499982084
15	9	-2.6977325000007113
15	9	-2.6732637499990233
15	9	-2.3449824999988778
15	9	-2.325388749999547
15	9	-1.594639750001079
15	9	-1.579952250001952
15	9	-1.5697335000004387
15	9	-1.3176710000007006
15	9	-0.6392022500003804
15	9	-0.6312335000002349
15	9	-0.25885850000122446
15	9	0.8176717499991355
15	10	-5.081731750000472
15	10	-4.794794249999541
15	10	-4.386075500002335
15	10	-3.7821077500047977
15	10	-3.753889000003255
15	10	-3.642420250002033
15	10	-3.6357015000030515
15	10	-3.6137327500036918
15	10	-3.4930452500047977
15	10	-3.1847640000014508
15	10	-2.9944515000024694
15	10	-2.2215452500022366
15	10	-1.6262024999996356
15	10	-1.346639999999752
15	10	-1.1117962500029535
15	10	-1.103515000002517
15	10	1.3865777499959222
15	11	-4.661637499997596
15	11	-4.645168749997538
15	11	-4.555982249999943
15	11	-4.54113850000067
15	11	-4.381232250001631
15	11	-4.174700999999914
15	11	-3.8167322500012233
15	11	-2.653044750000845
15	11	-1.513702000000194
15	11	-1.3905144999989716
15	11	-1.1638582499981567
15	11	-1.1132957499976328
15	11	-0.14317074999780743
15	11	-0.13801450000028126
15	11	0.3785470000038913
15	11	0.48582825000266894
15	11	0.8272345000041241
15	12	-5.971606999995856
15	12	-5.948669499994139
15	12	-5.775731999994605
15	12	-4.5083257499973115
15	12	-4.080450749996089
15	12	-4.049106999995274
15	12	-3.872420499996224
15	12	-2.8226079999985814
15	12	-2.7082017499960784
15	12	0.805984750004427
15	12	0.8161722500044561
15	12	0.8866097500031174
15	12	0.9047035000039614
15	12	0.910109750002448
15	12	1.4987025000009453
15	13	-5.669793999997637
15	13	-5.056981499998074
15	13	-4.493950249998306
15	13	-3.665420000001177
15	13	-2.658326250002574
15	13	-2.62973250000141
15	13	-2.500232500002312
15	13	-1.6048897500004387
15	13	-1.298389749998023
15	13	-0.6806397500004095
15	13	-0.2858272499979648
15	13	-0.03160849999767379
15	13	0.03842274999988149
15	13	0.37320399999953224
15	13	0.40845400000034715
15	13	0.49582899999950314
15	14	-5.5576695000017935
15	14	-5.546357000002899
15	14	-5.477982000000338
15	14	-5.074232000002667
15	14	-5.067200750003394
15	14	-4.975107000002026
15	14	-4.889138250000542
15	14	-4.765325750002376
15	14	-4.6990132500031905
15	14	-4.340358000001288
15	14	-3.3592955000021902
15	14	-2.694201750000502
15	14	-2.681139250002161
15	14	-2.240732999998727
15	14	-1.597390250000899
15	14	-1.5206715000022086
15	14	-1.0613902500008408
15	14	0.3515472499966563
15	14	0.4075784999986354
15	14	0.4752024999979767
15	14	1.333264999997482
15	14	1.6175462499995774
15	15	-4.454763999998249
15	15	-3.2356077499971434
15	15	-3.1322327499983658
15	15	-2.917732750000141
15	15	-2.865076499998395
15	15	-1.974108750000596
15	15	-1.2462650000015856
15	15	-0.7197337500001595
15	15	-0.7042962500017893
15	15	-0.09435975000087637
15	15	0.7023902500004624
15	15	0.7194215000017721
15	16	-4.755950250000751
15	16	-4.436512749998656
15	16	-4.393763750002108
15	16	-4.382451249999576
15	16	-3.732357500000944
15	16	-3.718795000000682
15	16	-3.332482500001788
15	16	-3.1947325000001
15	16	-2.2807950000023993
15	16	-1.9621074999995471
15	16	-1.9117022499995073
15	16	-0.9228584999982559
15	16	-0.9169210000000021
15	16	-0.910233499998867
15	16	-0.2122022500007006
15	16	0.7969217499994556
15	16	1.7537967499993101
15	17	-5.818044499999814
15	17	-5.595107000001008
15	17	-4.785170499999367
15	17	-4.3516079999972135
15	17	-4.248139249997621
15	17	-4.237014249996719
15	17	-3.4533579999988433
15	17	-2.384609000000637
15	17	-2.083921500001452
15	17	-1.682202749998396
15	17	-1.5762652500015975
15	17	-1.1676714999994147
15	17	-1.1549840000006952
15	17	-0.8744215000006079
15	17	-0.2977964999990945
15	17	-0.21048399999926914
15	17	0.10460874999989755
15	17	0.11698375000196393
15	17	0.7025462500023423
15	17	1.1337337500008289
15	17	1.7706087500009744
15	18	-5.849481249999371
15	18	-5.603325000000041
15	18	-5.504981250000128
15	18	-5.368762499998411
15	18	-5.15501349999613
15	18	-5.094638499998837
15	18	-4.91820099999677
15	18	-4.774544749998313
15	18	-4.444607249995897
15	18	-4.419075999998313
15	18	-2.208201999997982
15	18	-1.945045749998826
15	18	-1.8747957499981567
15	18	-1.4691395000008924
15	18	-1.1125769999998738
15	18	0.030015750002348796
15	18	0.589859500003513
15	18	0.8336095000013302
15	18	1.5565157500022906
15	18	1.695734500000981
15	18	1.8211720000035712
15	19	-3.6402942499989877
15	19	-3.363513000000239
15	19	-3.329387999998289
15	19	-2.9266077500033134
15	19	-1.5738577500014799
15	19	-1.5567952500023239
15	19	-1.5547952500019164
15	19	-0.8691390000021784
15	19	-0.5588900000002468
15	19	-0.5361087499986752
15	19	-0.17504624999855878
15	19	-0.16382750000047963
15	19	0.2067037499982689
15	19	0.38142249999873457
15	19	0.4378599999981816
15	19	0.46173500000077183
15	19	1.2367662500000733
15	19	1.5910162500003935
15	20	-4.947981500001333
15	20	-4.334732499999518
15	20	-3.381201249998412
15	20	-3.066138749996753
15	20	-2.0428897499987215
15	20	-2.030296000000817
15	20	-2.020952250000846
15	20	-1.3545459999986633
15	20	-1.1050772500020685
15	20	-0.14329600000201026
15	21	-5.000857000002725
15	21	-4.949763250002434
15	21	-4.945388250001997
15	21	-4.610263250000571
15	21	-4.189294500003598
15	21	-3.8525757500028703
15	21	-3.7789820000034524
15	21	-3.1914517500008515
15	21	-3.180701749999571
15	21	-3.1307017500002985
15	21	-2.8639204999999492
15	21	-2.1739517499991052
15	21	-2.1379830000005313
15	21	-2.1312330000000657
15	21	-0.8387017499990179
15	21	-0.6516090000041004
15	21	-0.39345275000232505
15	21	0.6470472499968309
15	21	1.8331399999988207
15	22	-5.187231500000053
15	22	-5.147856499999762
15	22	-4.924762750000809
15	22	-4.1312940000025264
15	22	-4.1142314999997325
15	22	-4.068731499999558
15	22	-3.174044999999751
15	22	-2.4643262499994307
15	22	-2.3043262499995762
15	22	-2.0937324999977136
15	22	-2.0806387499978882
15	22	-1.2676397499999439
15	22	-0.4086085000017192
15	22	0.41761024999868823
15	22	1.71204674999899
15	23	-4.526388500002213
15	23	-2.7800769999994372
15	23	-1.5279520000003686
15	23	-0.28929675000108546
15	23	-0.07104674999936833
15	23	1.6582032500009518
15	24	-5.756356999998388
15	24	-5.366825749999407
15	24	-3.8862944999964384
15	24	-3.7751694999969914
15	24	-3.298514250000153
15	24	-2.454951749998145
15	24	-2.4019829999997455
15	24	-2.3585142500014626
15	24	-1.916326750000735
15	24	-1.7132642500000657
15	24	-1.5511392500011425
15	24	-1.1834527499995602
15	24	-0.8885777499963297
15	24	-0.20595274999868707
15	24	-0.17214024999702815
15	24	-0.15601524999874528
15	24	0.15604725000230246
15	24	0.5443910000030883
15	24	0.5597660000021278
15	25	-5.242607250002038
15	25	-4.855732250001893
15	25	-4.846638500002882
15	25	-4.841263500002242
15	25	-3.9408260000018345
15	25	-3.779982250001922
15	25	-1.8570145000012417
15	25	-1.7953582500013
15	25	-0.8820770000020275
15	25	-0.33073425000111456
15	25	-0.013703000000532484
15	25	0.8882032499968773
15	26	-5.656044750001456
15	26	-5.622388500003581
15	26	-4.313638500003435
15	26	-4.053951000001689
15	26	-4.04498225000134
15	26	-3.4739832500017656
15	26	-1.192358250002144
15	26	0.024234500000602566
15	27	-5.984669499997835
15	27	-5.497794499999145
15	27	-4.7014819999967585
15	27	-3.974795499998436
15	27	-2.6901392500003567
15	27	-2.5189517500002694
15	27	-2.506045499998436
15	27	-1.748045500000444
15	27	-1.3718277499974647
15	28	-5.756856749998406
15	28	-5.457794250000006
15	28	-4.3363577500022075
15	28	-4.3071702500019455
15	28	-2.7494827500013344
15	28	-1.6311087499998393
15	28	-1.3632337500021094
15	28	-0.4002337499987334
15	28	-0.38979625000138185
15	28	0.22776524999790126
15	28	0.25723399999696994
15	28	1.221890249998978
15	28	1.9135464999963006
15	28	1.9377652499970281
15	29	-5.377606750000268
15	29	-4.210045249998075
15	29	-2.7349827500001993
15	29	-2.7299827499991807
15	29	-2.2776389999999083
15	29	-1.5148274999992282
15	29	-1.4976712499992573
15	29	-0.9328587499985588
15	29	-0.9213587499980349
15	29	-0.8042337499973655
15	29	-0.4555462499993155
15	29	0.800515250000899
15	29	1.0956714999992982
15	29	1.1140152500011027
15	30	-5.456200499997067
15	30	-5.429419249998318
15	30	-4.734451500000432
15	30	-4.722389000002295
15	30	-4.709451500002615
15	30	-4.482889000002615
15	30	-4.479326500000752
15	30	-3.905201500001567
15	30	-2.716451500000403
15	30	-2.090483749998384
15	30	0.19748400000025867
15	30	0.21917149999717367
15	30	0.2523589999982505
15	30	0.40410899999915273
15	30	0.6276089999992109
15	30	0.7994839999992109
15	30	1.42026524999892
15	31	-5.463856750000559
15	31	-5.315106750000268
15	31	-4.476825499998085
15	31	-4.457637999999861
15	31	-4.105200499998318
15	31	-3.1092014999994717
15	31	-2.989482749999297
15	31	-2.5939827499969397
15	31	-1.8654202499965322
15	31	-1.8482014999972307
15	31	-0.3855775000010908
15	31	-0.35395250000146916
15	31	1.3336715000004915
15	31	1.8059215000030235
15	31	1.822827750002034
15	32	-4.957294499996351
15	32	-4.731450749997748
15	32	-4.442920499997854
15	32	-4.405639249998785
15	32	-4.00832674999765
15	32	-2.27023299999928
15	32	-2.20095174999733
15	32	-0.6273902499960968
15	32	-0.6104214999977557
15	32	0.7856400000018766
15	33	-4.791420000001381
15	33	-4.755919999999605
15	33	-2.8912647500001185
15	33	-2.873733500000526
15	33	-2.6916085000011662
15	33	-1.8861085000025923
15	33	-1.843421000001399
15	33	-1.8375772500003222
15	33	-0.9759835000004387
15	33	-0.827577250001923
15	33	-0.8023585000009916
15	33	-0.790889750001952
15	33	0.09617174999948475
15	33	1.062890500001231
15	34	-5.746263500001078
15	34	-5.717701000001398
15	34	-5.570638500001223
15	34	-4.144388500004425
15	34	-3.674826000002213
15	34	-3.468107250002504
15	34	-3.3374832500048797
15	34	-3.010952000004181
15	34	-2.663389500004996
15	34	-1.4151707500059274
15	34	-0.557234250001784
15	34	0.42457824999655713
15	34	0.46395324999684817
15	34	0.8410469999980705
15	34	1.5636709999998857
15	35	-5.730481750000763
15	35	-5.507169249998697
15	35	-4.700075500000821
15	35	-4.650262999999541
15	35	-4.255294250000588
15	35	-4.197044249998726
15	35	-2.747170249996998
15	35	-0.9199525000003632
15	35	-0.7384524999979476
15	35	0.15395374999934575
15	35	0.5447349999994913
15	35	0.6169850000005681
15	36	-5.808543750001263
15	36	-5.147762500000681
15	36	-5.138981250001962
15	36	-4.691231249998964
15	36	-4.687200000000303
15	36	-3.9850134999978764
15	36	-3.973450999998022
15	36	-3.754013499998109
15	36	-3.1083884999970905
15	36	-2.4733884999986913
15	36	-2.453825999997207
15	36	-1.7073582500015618
15	36	-1.68867075000162
15	36	-1.6529520000003686
15	36	-0.8982020000003104
15	36	-0.8612020000000484
15	36	-0.661014500001329
15	36	-0.5361707500014745
15	36	-0.04523324999900069
15	36	0.1186417499993695
15	36	0.1342667499993695
15	36	0.7193595000026107
15	36	1.5565157500022906
15	37	-5.419793750003009
15	37	-5.10657500000525
15	37	-4.738294750000932
15	37	-4.71857600000294
15	37	-4.700326000001951
15	37	-4.192232250003144
15	37	-4.031544750003377
15	37	-3.882607250001456
15	37	-3.870482250003988
15	37	-3.8284822500027076
15	37	-3.7933260000027076
15	37	-3.7788260000015725
15	37	-3.3483885000023292
15	37	-3.328951000003144
15	37	-2.9387635000020964
15	37	-2.724294750001718
15	37	-2.55982600000425
15	37	-2.4157322500032024
15	37	-1.2585457499990298
15	37	-1.2272957499990298
15	37	-0.9475457500011544
15	37	-0.8226707499998156
15	37	-0.8107957499996701
15	37	-0.015920750000077533
15	37	1.8822657499986235
15	38	-5.178263000001607
15	38	-4.708451500002411
15	38	-4.317889000001742
15	38	-3.564607750002324
15	38	-2.8620452500035753
15	38	-2.8511390000021493
15	38	-1.5671087500013527
15	38	-1.3905462500006252
15	38	-1.3312962499985588
15	38	-0.5790462500008289
15	38	-0.3714212500017311
15	38	-0.3535149999988789
15	38	0.42860899999868707
15	38	0.7698277499985124
15	38	0.9778589999987162
15	38	0.9844839999968826
15	38	1.0990152499980468
15	38	1.531608999997843
15	39	-5.806263250000484
15	39	-4.205858000001172
15	39	-3.9217017500013753
15	39	-2.5287017500013462
15	39	-2.5147642500014626
15	39	-2.366451750000124
15	39	-0.8793590000022959
15	39	-0.8372965000016848
15	39	0.2849534999986645
15	39	0.47114000000146916
15	39	0.9198900000010326
15	39	1.107233750000887
15	39	1.675264999998035
15	40	-5.645012749999296
15	40	-5.448543999998947
15	40	-3.5182950000016717
15	40	-1.7164210000009916
15	40	-0.8781085000009625
15	40	-0.8614522499992745
15	40	-0.8502022499997111
15	40	-0.44407725000201026
15	40	-0.04101575000458979
15	40	0.3600154999985534
15	40	0.5207967499954975
15	40	0.8333592499984661
15	40	0.8523279999972146
15	41	-5.982011999996757
15	41	-5.370044250001229
15	41	-4.952856749998318
15	41	-4.945325500000763
15	41	-4.864762999997765
15	41	-3.2222317499981727
15	41	-2.9665764999990643
15	41	-2.709576499997638
15	41	-2.148826499997085
15	41	-1.3514514999988023
15	41	-1.3071389999968233
15	41	-0.6307962499959103
15	41	-0.17685874999733642
15	41	-0.16170249999777297
15	41	0.6317662500041479
15	41	1.3172037500044098
15	42	-5.878919499999029
15	42	-5.121513250000135
15	42	-4.578606999999465
15	42	-4.551763249997748
15	42	-2.784014249999018
15	42	-2.718732999997883
15	42	-2.404920499997388
15	42	-0.01632774999961839
15	42	0.10651599999982864
15	42	1.695640000001731
15	42	1.7109837500029244
15	42	1.7171712500021385
15	43	-5.457231749998755
15	43	-4.787638000001607
15	43	-4.729700500000035
15	43	-3.435388999998395
15	43	-2.096607749997929
15	43	-1.8643587500009744
15	43	-1.2648900000021968
15	43	-1.2431400000023132
15	43	-1.2353275000023132
15	43	0.0037662499998987187
15	43	0.19139124999855994
15	43	0.20932874999925843
15	43	1.2334840000003169
15	43	1.5435777500024415
15	43	1.6504527500001132
15	43	1.717046500001743
15	43	1.7367340000018885
15	43	1.9785152500007825
15	44	-4.54007575000287
15	44	-3.4117330000008224
15	44	-2.687701750000997
15	44	-2.4405454999978247
15	44	-2.203139249999367
15	44	-1.7640777500018885
15	44	-1.6473277500008408
15	44	-1.3151715000021795
15	44	-0.5349840000017139
15	44	0.14164099999834434
15	44	0.6449222499977623
15	44	1.2157962499986752
15	44	1.2932650000002468
15	44	1.6273587499999849
15	44	1.8608899999999267
15	45	-4.674638249998679
15	45	-3.575639250000677
15	45	-3.5642017499994836
15	45	-2.936451749999833
15	45	-2.331108000002132
15	45	-2.299670500000502
15	45	-2.1635767500010843
15	45	-2.15592050000123
15	45	-1.870421499999793
15	45	-1.6820464999982505
15	45	-1.67007774999729
15	45	-1.655171499998687
15	45	-1.64273399999729
15	45	-1.6291402499991818
15	45	-1.6267339999976684
15	45	-1.1377339999999094
15	45	-0.5390152500003751
15	45	-0.4107652499988035
15	45	-0.38798400000086986
15	45	0.16029725000043982
15	45	0.3327347500016913
15	45	0.3461097500003234
15	45	1.0778900000004796
15	46	-5.6696062499977415
15	46	-5.654950000000099
15	46	-5.64457499999844
15	46	-5.2325124999988475
15	46	-4.739387499997974
15	46	-4.3406072500001756
15	46	-4.256982250000874
15	46	-4.095388500001718
15	46	-3.714919750000263
15	46	-3.7040760000018054
15	46	-2.936482250002882
15	46	-1.783233250000194
15	46	-1.754764500001329
15	46	-0.906076999999641
15	46	-0.7509832499999902
15	46	-0.7472957499994664
15	46	-0.46385825000106706
15	46	-0.4133582499998738
15	46	-0.40738950000013574
15	46	-0.22051450000071782
15	46	-0.14398325000001932
15	46	0.13179800000216346
15	46	0.16114174999893294
15	46	0.1719855000010284
15	46	1.266359499997634
15	46	1.2922032499991474
15	46	1.3733907499990892
15	46	1.385296999997081
15	46	1.4023282499983907
15	46	1.4054219999998168
15	46	1.438546999997925
15	46	1.72257824999906
15	47	-5.648168499999883
15	47	-5.578263250001328
15	47	-5.561044499998388
15	47	-5.5423569999984466
15	47	-5.5264194999981555
15	47	-4.966763249998621
15	47	-4.658544499998243
15	47	-4.6291070000006584
15	47	-4.371982000000571
15	47	-4.35213825000028
15	47	-4.13441949999833
15	47	-3.6670444999981555
15	47	-3.5146070000009786
15	47	-3.506638250000833
15	47	-2.927326750002976
15	47	-2.8013267500027723
15	47	-2.3085142500021902
15	47	-2.1913267500021902
15	47	-1.8423580000016955
15	47	-1.480358000000706
15	47	-0.9929517500022484
15	47	-0.4068902500002878
15	47	-0.13689024999985122
15	47	-0.08664024999961839
15	47	0.2537347500001488
15	47	1.966796250002517
16	1	-5.385481500001333
16	1	-5.225293999999849
16	1	-4.2336690000011
16	1	-4.157887749999645
16	1	-3.0331700000024284
16	1	-2.6933575000039127
16	1	-2.6530137500012643
16	1	-2.6182950000038545
16	1	-1.8024200000036217
16	1	-1.667795000004844
16	1	-1.5926700000018172
16	1	-0.9934835000021849
16	1	-0.8194835000031162
16	1	-0.556202250001661
16	1	-0.45813975000055507
16	1	-0.36276474999976926
16	1	-0.14382725000177743
16	1	-0.1146397500015155
16	1	-0.10107725000125356
16	1	0.11086024999895017
16	1	0.195547749997786
16	1	0.2757352499975241
16	1	0.43251649999729125
16	1	0.6146727499981353
16	1	1.1836404999958177
16	1	1.6508279999980005
16	1	1.713171749997855
16	2	-5.850013000002946
16	2	-5.651325500002713
16	2	-5.460544250003295
16	2	-5.238200500003586
16	2	-4.748295249999501
16	2	-4.340951499998482
16	2	-4.294889000000694
16	2	-4.016451499999675
16	2	-3.8983264999988023
16	2	-3.8012952499993844
16	2	-3.159826499999326
16	2	-3.148920250001538
16	2	-2.986576499999501
16	2	-2.886388999999326
16	2	-2.527920249998715
16	2	-2.4117952500018873
16	2	-2.3445764999996754
16	2	-2.225139999998646
16	2	-1.9171712499992282
16	2	-1.752171249998355
16	2	-1.6524212499971327
16	2	-1.572264999998879
16	2	-1.3525774999980058
16	2	-1.0030774999977439
16	2	-0.17257749999771477
16	2	-0.11545249999835505
16	2	0.009485000002314337
16	2	0.4429214999981923
16	2	0.5178902500010736
16	2	0.6569527499996184
16	2	1.1788277499981632
16	2	1.2437339999996766
16	2	1.3696402499990654
16	2	1.5387339999979304
16	3	-5.773356749999948
16	3	-5.523731750003208
16	3	-5.0946380000023055
16	3	-5.049981750002189
16	3	-4.91088800000216
16	3	-4.865106750003179
16	3	-4.281201499998133
16	3	-3.845045250000112
16	3	-3.8417015000013635
16	3	-3.828170249998948
16	3	-3.7549514999991516
16	3	-3.6448577500013926
16	3	-3.593107749999035
16	3	-3.5626389999997627
16	3	-2.7352952500004903
16	3	-2.367357750001247
16	3	-2.1796702499996172
16	3	-2.0282640000004903
16	3	-1.8132650000006834
16	3	-1.33717125000112
16	3	-0.8587337500030117
16	3	-0.5806087500022841
16	3	-0.2479212500002177
16	3	-0.21014000000286615
16	3	0.021016249997046543
16	3	0.1112349999966682
16	3	0.37823499999649357
16	3	0.880390250000346
16	3	1.237608999999793
16	3	1.3226714999982505
16	3	1.4635777500006952
16	3	1.469921500000055
16	3	1.5989840000002005
16	3	1.6445464999997057
16	3	1.7192964999994729
16	3	1.8658590000013646
16	3	1.939296500000637
16	3	1.9991090000003169
16	4	-5.725981499999762
16	4	-5.462950250002905
16	4	-5.255919000002905
16	4	-5.156668999999965
16	4	-4.730794999999489
16	4	-4.532201250000071
16	4	-4.411076249998587
16	4	-3.7900449999979173
16	4	-3.603107499999169
16	4	-3.284763749998092
16	4	-3.1925137500002165
16	4	-2.871513750000304
16	4	-2.533983500001341
16	4	-2.1998585000001185
16	4	-1.9905460000009043
16	4	-1.8197022500025923
16	4	-1.5524835000032908
16	4	-1.496671000000788
16	4	-0.7591710000015155
16	4	-0.08820325000124285
16	4	-0.07664075000138837
16	4	-0.003797000001213746
16	4	0.2450779999999213
16	4	0.6577967500015802
16	4	0.7158280000003288
16	4	1.4117030000015802
16	4	1.478703000000678
16	4	1.5724217499991937
16	5	-5.853794749997178
16	5	-5.496200999998109
16	5	-4.98357599999872
16	5	-4.795232249998662
16	5	-4.306794749998517
16	5	-4.158920750000107
16	5	-4.056951999999001
16	5	-3.722295749998011
16	5	-2.709327000000485
16	5	-2.574358249999932
16	5	-2.5491082500011544
16	5	-1.8062332500012417
16	5	-1.7445779999980005
16	5	-1.5651717499968072
16	5	-1.5561404999971273
16	5	-1.440984249999019
16	5	-0.37092174999634153
16	5	-0.2372029999969527
16	5	0.7042335000005551
16	5	0.8646709999993618
16	5	1.0080772500004969
16	5	1.2661709999993036
16	5	1.8035772500006715
16	5	1.9192022499992163
16	5	1.985483500000555
16	6	-5.93751224999869
16	6	-5.270074749998457
16	6	-5.076387249999243
16	6	-4.567325750002055
16	6	-4.563357000002725
16	6	-4.549419500002841
16	6	-4.44338825000159
16	6	-3.8831382500029576
16	6	-3.763607000000775
16	6	-2.2739204999998037
16	6	-1.9434829999991052
16	6	-1.6341705000013462
16	6	-1.2752330000002985
16	6	-1.259858000001259
16	6	-0.8721079999995709
16	6	-0.36176424999939627
16	6	-0.22095175000140443
16	6	-0.19210799999927985
16	6	-0.01301525000235415
16	6	0.08798474999639438
16	6	0.5307659999998577
16	6	0.6034222499984025
16	6	0.7520472499963944
16	6	1.2441409999992175
16	7	-5.867481749995932
16	7	-5.823825499996019
16	7	-5.429981749995932
16	7	-5.073825499996019
16	7	-4.339326499997696
16	7	-4.169576499996765
16	7	-3.8242327499974635
16	7	-3.7778577499957464
16	7	-3.61210774999563
16	7	-3.552170249997289
16	7	-3.084857749996445
16	7	-2.925107749997551
16	7	-2.8635139999969397
16	7	-2.7497014999971725
16	7	-2.644888999995601
16	7	-2.47557649999726
16	7	-2.2434837499968125
16	7	-1.887639999997191
16	7	-1.666233749994717
16	7	-1.6107337499961432
16	7	-1.5804524999948626
16	7	-1.5093274999962887
16	7	-1.438952499996958
16	7	-1.3362337499966088
16	7	-1.22820249999495
16	7	-0.8142024999942805
16	7	-0.6767649999965215
16	7	-0.5115462499961723
16	7	-0.4772649999940768
16	7	-0.4492649999956484
16	7	0.4660152500036929
16	7	0.6140777500040713
16	7	0.6498277500031691
16	7	0.7162965000024997
16	7	1.283452750001743
16	7	1.4259527500034892
16	7	1.4824527500022668
16	7	1.5017652500027907
16	7	1.613015250000899
16	7	1.971890250002616
16	8	-5.893950249999762
16	8	-5.807262750000518
16	8	-5.653637750001508
16	8	-5.477481500001886
16	8	-5.092262750000373
16	8	-4.825544000002992
16	8	-4.595356500001799
16	8	-4.567794000002323
16	8	-4.27785650000078
16	8	-4.214544000002206
16	8	-4.18698150000273
16	8	-3.9127012500030105
16	8	-3.804420000004029
16	8	-3.6137637500032724
16	8	-3.545357500002865
16	8	-3.254045000001497
16	8	-3.1316387500046403
16	8	-2.8971700000038254
16	8	-2.244701250001526
16	8	-2.1813262500036217
16	8	-2.02842000000237
16	8	-1.8867950000021665
16	8	-1.606013750002603
16	8	-1.5185762500041164
16	8	-1.4987637500016717
16	8	-1.4636397499998566
16	8	-1.2752335000004678
16	8	-0.3873585000001185
16	8	-0.20307725000020582
16	8	0.5124852499975532
16	8	0.58082899999863
16	8	0.6007039999967674
16	8	0.6447352499999397
16	8	0.665328999999474
16	8	1.071734249995643
16	8	1.114077999995061
16	8	1.170609249995323
16	8	1.7207029999954102
16	9	-5.491606499999762
16	9	-5.417637750000722
16	9	-4.681294000001799
16	9	-4.632137750002585
16	9	-4.591294000001653
16	9	-4.09560749999946
16	9	-3.3765137500013225
16	9	-2.2828574999984994
16	9	-1.8252647500012245
16	9	-1.3354522500012536
16	9	-1.2929210000002058
16	9	-1.0778585000007297
16	9	-0.31688975000361097
16	9	-0.22588975000326172
16	9	0.2791727499970875
16	9	1.2408905000011146
16	9	1.8197342499988736
16	10	-5.612106750002567
16	10	-3.137295250002353
16	10	-2.99720150000212
16	10	0.8836402499982796
16	11	-5.078512500000215
16	11	-5.03891874999681
16	11	-4.380419749999419
16	11	-4.3225760000023
16	11	-4.18048225000166
16	11	-3.7410134999990987
16	11	-2.9202947500016307
16	11	-2.908482250000816
16	11	-1.8216082500002813
16	11	0.5666407500029891
16	11	0.8436407500012137
16	11	0.9033595000037167
16	12	-4.941450749996875
16	12	-4.918544499996642
16	12	-3.955889249999018
16	12	-3.6318267499991634
16	12	-2.660357999997359
16	12	-1.408546499995282
16	12	1.8397025000012945
16	12	1.8425462500017602
16	12	1.8744525000038266
16	12	1.8874837500006834
16	12	1.9039525000007416
16	12	1.9437962500014692
16	13	-3.8305762500021956
16	13	-3.7067950000018755
16	14	-5.498825750000833
16	14	-4.17667050000091
16	14	-2.790701750000153
16	14	-1.970546500000637
16	14	-1.394890250001481
16	14	-0.9021090000023833
16	14	0.5801399999982095
16	14	1.1394837500010908
16	14	1.3094837499993446
16	14	1.7643275000009453
16	15	1.3081090000014228
16	15	1.6073902499992982
16	16	-4.339170000002923
16	16	-4.288045000001148
16	16	-3.7094512500007113
16	16	-3.195420000000013
16	16	-1.7872647500007588
16	16	-0.4222647499991581
16	16	0.2065790000015113
16	16	0.7057967499968072
16	16	1.6928592499971273
16	16	1.8016092499965453
16	16	1.8421404999971855
16	16	1.8582967499969527
16	17	-4.085389249998116
16	17	-3.722264249998261
16	17	-0.5291089999991527
16	17	0.5424212500001886
16	17	1.402140000001964
16	18	-5.180075999996916
16	18	-4.007857249998779
16	18	-1.8801395000009506
16	19	-5.020294250000006
16	20	-2.8318262499997218
16	20	-0.20035850000203936
16	20	0.48470300000190036
16	20	1.2847655000005034
16	21	-4.752388250002696
16	21	0.6140472499973839
16	21	1.3168597499970929
16	21	1.7070472499981406
16	21	1.938327500000014
16	21	1.9713899999987916
16	22	-2.7372324999996636
16	23	-5.707512499997392
16	23	-5.630043749999459
16	23	-3.652544749998924
16	23	-3.5797009999987495
16	23	-1.503733249999641
16	23	-0.8642644999999902
16	23	-0.8471082500000193
16	23	-0.6778582499973709
16	24	-4.966356999997515
16	24	-1.0114839999987453
16	25	-4.011388500002795
16	25	-2.8212019999991753
16	25	-2.1982019999995828
16	25	-1.9923582500014163
16	25	-1.4388582499996119
16	26	-4.440919750002649
16	26	-4.168138500001078
16	26	-4.132357250000496
16	26	-4.123388500003784
16	26	-0.45310925000012503
16	27	-0.5807027499977266
16	28	-5.8585129999992205
16	28	-5.664825500000006
16	28	-5.522637999998551
16	28	-4.849701500002993
16	28	-4.0387640000008105
16	28	-4.027826500001538
16	28	-0.12176499999986845
16	28	0.9457964999965043
16	28	0.9562964999968244
16	29	-5.77763799999957
16	29	-5.768325500001083
16	29	-5.755263000002742
16	29	-5.548763000002509
16	29	-4.240388999998686
16	29	1.007140249999793
16	29	1.0288902499996766
16	30	-1.9744524999987334
16	30	1.2072652499991818
16	30	1.3713902499985124
16	31	-4.041294250000647
16	32	-3.1873579999992216
16	32	-2.8095767499980866
16	32	-0.40170274999763933
16	32	-0.0631402499966498
16	32	1.872546250000596
16	33	-5.746231500001159
16	33	-2.9511085000012827
16	33	-2.6956710000013118
16	34	-5.053169750000961
16	34	-3.078077000005578
16	34	-0.9217967500044324
16	34	0.5707344999973429
16	35	-4.345825500000501
16	35	-1.767951499998162
16	35	-0.9759837499987043
16	35	-0.7473587499989662
16	36	-5.051637500000652
16	36	-5.0424500000008265
16	36	0.16292299999986426
16	37	-5.326043750003009
16	37	-5.208700000002864
16	37	-4.06373225000425
16	37	-2.772794750002504
16	37	-2.1776395000015327
16	37	-1.134077000002435
16	37	-1.0859207499997865
16	37	-1.0180145000013
16	39	-0.9172652500019467
16	39	-0.5474215000031109
16	40	-5.538606500002061
16	40	-5.528169000001071
16	40	-4.584451250004349
16	40	-2.985013750003418
16	40	-2.9716075000033015
16	40	-1.7518897500012827
16	40	-1.7248585000015737
16	40	-0.4911085000021558
16	40	1.0101404999986698
16	41	-5.399575499999628
16	41	-5.208044250000967
16	41	-1.8219827499960957
16	41	0.02829750000455533
16	41	0.3943600000056904
16	41	0.43939125000542845
16	41	1.8302652500024124
16	42	-0.03332774999944377
16	42	-0.012827750000724336
16	43	-5.688231749998522
16	43	-2.091763999997056
16	43	-0.9808587500010617
16	43	-0.5006087500005378
16	43	0.5380474999983562
16	44	-2.755545500000153
16	44	-1.3361715000028198
16	44	-0.4999527500003751
16	44	-0.46195274999990943
16	44	-0.454202750002878
16	44	-0.4452027500010445
16	44	-0.43632775000151014
16	44	-0.404859000002034
16	44	-0.3843589999996766
16	44	-0.34885900000153924
16	44	-0.3470152500012773
16	44	-0.2733902500003751
16	44	-0.1329215000005206
16	44	-0.008171500001481036
16	44	0.0804534999988391
16	45	-5.591700749999291
16	45	-1.589484000000084
16	45	-0.9047964999990654
16	45	-0.3180152499990072
16	45	-0.22385899999790126
16	45	-0.13582775000031688
16	45	1.2734837499992864
16	45	1.9871712499989371
16	46	-5.326731249999284
16	46	-5.146918750000623
16	46	-0.4107332499988843
16	46	1.001859500000137
16	47	-1.653889250002976
16	47	-1.0614830000013171
