unit_id	trial	spike_time
1	1	-5.2224507499922765
1	2	1.3640460000024177
1	2	1.3720460000040475
1	2	1.3849210000043968
1	2	1.4552960000000894
1	2	1.4582647500064922
1	3	-5.192356749990722
1	4	-2.014920000001439
1	4	-0.4189522499946179
1	5	-2.9957639999920502
1	5	-2.9912952500017127
1	5	-0.7327962499985006
1	5	-0.4853587499965215
1	6	-5.3045757499930914
1	6	-5.301513249985874
1	6	-4.353075749982963
1	6	-4.3429194999916945
1	6	-4.331888249987969
1	6	-2.770357999994303
1	6	-1.4055454999906942
1	6	0.07926600000064354
1	7	-4.659637750010006
1	7	-1.812638750008773
1	7	-1.2607335000066087
1	7	-0.6974835000000894
1	7	-0.31763975000649225
1	7	1.4054529999993974
1	8	-5.4647942499868805
1	8	-4.690262999996776
1	8	-3.538420249999035
1	8	-2.382545250002295
1	8	-2.3760139999940293
1	8	-0.2634837499936111
1	9	-4.041419249988394
1	9	-3.7110129999928176
1	9	-0.8728587499790592
1	9	-0.8594212499738205
1	9	-0.8565774999733549
1	9	-0.8501399999804562
1	9	-0.7620462499762652
1	9	1.5318902500148397
1	9	1.9036090000154218
1	9	1.9060152500169352
1	10	-3.8167012500052806
1	10	-3.605888749996666
1	10	-2.75901475000137
1	10	-2.75101474999974
1	10	-1.422264749999158
1	10	-0.20385950000490993
1	10	1.4257967499870574
1	10	1.4574842499860097
1	10	1.5850154999934603
1	11	-5.41501325002173
1	11	-5.061232000021846
1	11	-5.054138250008691
1	11	-4.702794500015443
1	11	-4.683013250018121
1	11	-0.021077750003314577
1	11	0.37595349999901373
1	11	0.38145349999831524
1	11	1.4099534999986645
1	12	-5.443981500007794
1	12	-4.704388750004
1	12	-4.57898250001017
1	12	-4.565013750005164
1	12	-1.7937335000024177
1	12	-1.7614522500080056
1	12	-1.1132960000104504
1	12	-1.0044210000050953
1	12	-0.6790147499996237
1	12	-0.6157647500076564
1	13	-5.421294500003569
1	13	-4.073920500013628
1	13	0.31495250000443775
1	13	0.3808275000046706
1	13	0.3998275000049034
1	14	-2.451045249996241
1	14	1.996859000006225
1	15	-5.7594499999977415
1	15	-5.039325000005192
1	15	-5.0222000000067055
1	15	-3.8856072499911534
1	15	-0.2482332499930635
1	16	-3.699326750007458
1	16	-3.305733000001055
1	16	-3.1496392499975627
1	16	-2.756170499997097
1	16	-2.6656079999957
1	16	1.2131399999925634
1	17	-4.925950749980984
1	18	-4.9574507500074105
1	19	-2.1644525000010617
1	19	-1.7897024999983842
1	19	-1.7865462499903515
1	19	-0.4282962500001304
1	19	-0.41960874998767395
1	19	-0.03232749999733642
1	20	-5.773200249997899
1	20	-4.870168999987072
1	20	-4.847512749998714
1	20	-3.181451249998645
1	20	-1.0769209999998566
1	20	-0.8557334999932209
1	20	-0.849889749995782
1	20	0.038828999997349456
1	20	0.3609530000103405
1	20	1.050046750009642
1	20	1.059515500019188
1	21	-5.595638250000775
1	21	-4.835481999994954
1	21	-4.83032574999379
1	21	-4.727513249992626
1	21	-4.535450750001473
1	21	-3.87673299999733
1	21	-3.3682642500061775
1	21	-2.8571705000067595
1	21	-2.691326750005828
1	21	-1.3097339999949327
1	21	-0.52020275000541
1	21	0.6979212500009453
1	22	-5.707887749988004
1	22	-5.699356500001159
1	22	-0.9401709999947343
1	22	0.05523525000899099
1	22	1.9628592500084778
1	23	-5.409856999991462
1	23	-5.3290444999875035
1	23	-3.2476704999862704
1	23	-2.906857999987551
1	23	-2.874076749983942
1	23	-2.8700142499874346
1	23	-0.17285899999842513
1	23	1.620890000005602
1	23	1.6332962500018766
1	24	-5.72076300001936
1	24	-5.700919250011793
1	24	-5.329669250015286
1	24	-4.684669250011211
1	24	-4.19804525001382
1	24	-3.99392025002453
1	24	-3.7115765000198735
1	24	-3.652201500022784
1	24	-0.12842125000315718
1	24	-0.11476500000571832
1	24	-0.10429625000688247
1	24	1.439608999993652
1	25	-5.713825250000809
1	25	-5.665356500001508
1	25	-5.592200250001042
1	25	-4.627075249998597
1	25	-0.5351085000002058
1	25	-0.5240147500007879
1	25	-0.16526475000136998
1	25	-0.1618272500054445
1	26	1.7992032500042114
1	26	1.856828250005492
1	27	-3.8378260000026785
1	27	-0.2999520000012126
1	28	-0.9280774999933783
1	28	-0.9248899999947753
1	28	-0.9186087499983842
1	29	-5.639512999987346
1	29	-5.63291924999794
1	29	-5.619825499990839
1	29	-5.61260675000085
1	29	-5.496919249999337
1	29	-4.612387999994098
1	29	-4.607356749998871
1	29	-4.588387999989209
1	29	-3.323545249993913
1	29	-2.342263999991701
1	29	-2.330763999998453
1	29	-0.8805149999971036
1	29	-0.8682962500024587
1	29	-0.5626400000037393
1	29	-0.198921250004787
1	29	-0.19242125000164378
1	29	-0.17485875000420492
1	29	0.2869537500082515
1	29	0.49482875000103377
1	29	0.8246090000029653
1	29	0.8317340000066906
1	29	1.6524527500005206
1	30	-5.0072630000067875
1	30	-4.999794250004925
1	30	-2.452857750002295
1	30	-2.2281077499937965
1	30	-1.1439525000023423
1	30	-0.6212962499994319
1	30	0.9464527499949327
1	30	1.0366714999981923
1	30	1.0951402499922551
1	30	1.2081714999949327
1	30	1.2127652499912074
1	32	-4.846200750005664
1	32	-4.84163824999996
1	32	-2.309107999986736
1	32	0.12954725000599865
1	32	0.1390160000009928
1	32	0.3199222500115866
1	32	0.8689212500030408
1	33	-3.737701250007376
1	33	-3.7271387500077253
1	33	-3.7149199999985285
1	33	-3.0038575000071432
1	33	-2.6878887500060955
1	33	-2.667670000009821
1	33	-1.999920000002021
1	33	-0.6617335000046296
1	33	-0.6387335000035819
1	33	-0.1495147500099847
1	33	0.13145400000212248
1	33	0.15364150000095833
1	33	1.4608904999913648
1	33	1.5968592499993974
1	33	1.611827999993693
1	34	-4.869419249997009
1	34	-4.863262999992003
1	34	-0.6733899999962887
1	34	0.05189125001197681
1	34	0.13479750000988133
1	35	-4.221512750009424
1	35	-2.610545000003185
1	35	-1.8373575000150595
1	35	-0.951671000017086
1	35	-0.24013975000707433
1	35	-0.23463975000777282
1	35	-0.22873350001464132
1	35	1.4097967499983497
1	36	-0.8259212499979185
1	36	0.6568287499976577
1	36	1.1077027499995893
1	37	-5.35998200000904
1	37	-4.90391950000776
1	37	-4.750044500004151
1	37	-4.746388250001473
1	37	-1.96948300000804
1	37	-1.355202750011813
1	37	-1.299702750009601
1	37	-0.3937652500026161
1	38	-1.7205147500062594
1	38	-0.5705782500153873
1	38	1.902170749977813
1	38	1.9052957499807235
1	38	1.923858249982004
1	39	-5.640918500008411
1	39	-2.465670499994303
1	39	-2.4273579999862704
1	39	-2.024670499988133
1	39	-0.4053902500018012
1	39	-0.3994527499889955
1	40	-5.811044250003761
1	40	-5.789137999992818
1	40	-4.05863899999531
1	40	0.59092149999924
1	41	-2.646889249997912
1	41	-0.47714025000459515
1	41	-0.4661714999965625
1	41	-0.4619527500035474
1	41	-0.45579649999854155
1	42	-4.37882549999631
1	42	-4.376044250006089
1	42	-0.4732650000078138
1	42	-0.42414000000280794
1	42	-0.2310775000078138
1	42	-0.22620250000909436
1	43	-4.170138499990571
1	43	-2.626889499995741
1	43	1.1414220000006026
1	43	1.1600469999975758
1	43	1.169234500004677
1	43	1.1738282500009518
1	44	-1.9558889999898383
1	45	-5.064419499991345
1	45	-2.040514249994885
1	45	-1.4143892499996582
1	45	-1.4120767499989597
1	45	-0.6358902499923715
1	45	-0.4241089999995893
1	45	-0.1654839999973774
1	45	-0.16254649999609683
1	45	0.04457850000471808
1	45	1.2678597500053002
1	46	-2.9884202499961248
1	46	-2.980420249994495
1	46	-2.9749202499951934
1	46	-2.9537639999907697
1	46	-1.9484827499982202
1	46	-0.45104624997475185
1	46	-0.2896399999735877
1	46	0.5705475000140723
1	46	1.1661725000158185
1	46	1.2112975000200095
1	46	1.8140162500203587
1	47	-2.5782647500018356
1	47	-2.5679835000046296
1	48	-5.022388500001398
1	48	-0.9900770000094781
1	48	-0.03098424998461269
1	49	-1.6797022500104504
1	49	-1.672577250006725
1	49	1.1097967499954393
1	50	-1.0516397499886807
1	50	-0.2747022499825107
1	50	0.9125467500125524
2	1	-5.964481999995769
2	1	-5.960606999986339
2	1	-5.846263249986805
2	1	-5.5402944999950705
2	1	-5.485638249985641
2	1	-5.372231999994256
2	1	-5.150700749989483
2	1	-5.143888249993324
2	1	-5.082356999992044
2	1	-4.943263249995653
2	1	-4.691638249991229
2	1	-4.616575749983895
2	1	-4.540950749986223
2	1	-4.477606999993441
2	1	-4.381794499990065
2	1	-4.331388249993324
2	1	-4.043075749985292
2	1	-4.008044499991229
2	1	-3.945450749990414
2	1	-3.8691382499964675
2	1	-3.807419499993557
2	1	-3.5581079999974463
2	1	-3.526420499998494
2	1	-3.3076392499933718
2	1	-3.245170499998494
2	1	-2.9988892499968642
2	1	-2.5147642499941867
2	1	-2.407576749988948
2	1	-2.3166704999894137
2	1	-2.038139249998494
2	1	-1.9559517499874346
2	1	-1.6180767499899957
2	1	-1.4521704999933718
2	1	-1.393701749999309
2	1	-1.2990142499911599
2	1	-1.250514249986736
2	1	-0.6083277500001714
2	1	-0.41260899999178946
2	1	-0.40670274999865796
2	1	0.015266000002156943
2	1	0.07267225001123734
2	1	0.22873475000960752
2	1	0.36020350000762846
2	1	0.4038597500039032
2	1	0.41239100000530016
2	1	0.5198910000035539
2	1	0.6503285000071628
2	1	0.8733285000053002
2	1	0.9077972500090254
2	1	0.9372347500029719
2	1	1.2801097500050673
2	1	1.3661410000058822
2	1	1.4740775000100257
2	1	1.5372962499968708
2	1	1.769639999998617
2	1	1.8262962500011781
2	1	1.9759212500066496
2	2	-5.829482250002911
2	2	-5.706919750009547
2	2	-5.681201000013971
2	2	-5.607076000000234
2	2	-5.210607250002795
2	2	-5.204732250000234
2	2	-5.201482250005938
2	2	-5.019419750009547
2	2	-4.440607250013272
2	2	-4.348794750010711
2	2	-4.277951000010944
2	2	-4.066638500007684
2	2	-3.6349519999930635
2	2	-3.369889499997953
2	2	-3.3439519999956246
2	2	-3.334108249997371
2	2	-3.2995457499928307
2	2	-3.28467074999935
2	2	-3.1172644999896875
2	2	-3.1133894999948097
2	2	-3.040951999995741
2	2	-2.770889499995974
2	2	-2.7594207499932963
2	2	-2.572170749990619
2	2	-2.3465144999936456
2	2	-2.2834832499938784
2	2	-2.231201999995392
2	2	-2.2169832499930635
2	2	-2.2087332499941112
2	2	-2.2029207499872427
2	2	-2.059045749992947
2	2	-2.022858249998535
2	2	-2.0086082499910844
2	2	-2.0007019999902695
2	2	-1.9950457499944605
2	2	-1.6074832499871263
2	2	-1.5905144999996992
2	2	-1.4623270000010962
2	2	-1.275671750001493
2	2	-1.2650779999967199
2	2	-1.2610467499907827
2	2	-1.2504530000005616
2	2	-1.2441404999990482
2	2	-1.0226404999993974
2	2	-0.7590154999925289
2	2	-0.6968280000000959
2	2	-0.6924842500011437
2	2	-0.6582654999947408
2	2	-0.547577999997884
2	2	-0.1692967499984661
2	2	-0.026859249992412515
2	2	0.02545325001119636
2	2	0.224421999999322
2	2	0.302140750005492
2	2	0.3162032500113128
2	2	0.3677657500084024
2	2	0.4204220000101486
2	2	0.4546094999968773
2	2	0.4788282500085188
2	2	0.6495782499987399
2	2	0.7579220000043279
2	2	0.7648907499969937
2	2	0.7743282500014175
2	2	0.7861407500022324
2	2	0.8382032500085188
2	2	0.9989845000091009
2	2	1.00876574999711
2	2	1.0811095000099158
2	2	1.1216397499956656
2	2	1.127546000003349
2	2	1.232296000001952
2	2	1.5293585000035819
2	2	1.6149834999960149
2	2	1.6333272500050953
2	2	1.7119210000091698
2	2	1.7933272500085877
2	2	1.9778272499970626
2	2	1.980233499998576
2	3	-5.921575499989558
2	3	-5.888981749987579
2	3	-5.8596379999944475
2	3	-5.853700499996194
2	3	-5.733262999987346
2	3	-5.6266067499964265
2	3	-5.535794249997707
2	3	-5.530606749991421
2	3	-5.506044249996194
2	3	-5.485387999986415
2	3	-5.454669249986182
2	3	-5.436919249987113
2	3	-5.424887999994098
2	3	-5.414419249995262
2	3	-5.373950499997591
2	3	-5.369481749992701
2	3	-5.353981749998638
2	3	-5.32454424999014
2	3	-5.30873174998851
2	3	-5.150012999991304
2	3	-5.134575499992934
2	3	-5.102044249986648
2	3	-5.067575499997474
2	3	-5.024762999993982
2	3	-4.988075499990373
2	3	-4.842825499988976
2	3	-4.680044249995262
2	3	-4.5158879999944475
2	3	-4.443544249996194
2	3	-3.9695129999890924
2	3	-3.819419249994098
2	3	-3.7958577499957755
2	3	-3.7922327499982202
2	3	-3.7177014999906532
2	3	-3.6886389999999665
2	3	-3.6785764999949606
2	3	-3.658138999991934
2	3	-3.6060765000001993
2	3	-3.5918889999884414
2	3	-3.539139000000432
2	3	-3.521638999998686
2	3	-3.447420249998686
2	3	-3.4201077499892563
2	3	-3.379607750001014
2	3	-3.3719514999975218
2	3	-3.3666702499904204
2	3	-3.3587639999896055
2	3	-3.3531077499937965
2	3	-3.2792015000013635
2	3	-3.258514000001014
2	3	-3.226513999994495
2	3	-3.0023577499960084
2	3	-2.9544827499921666
2	3	-2.9117014999937965
2	3	-2.8972327499941457
2	3	-2.8816077499941457
2	3	-2.7957639999949606
2	3	-2.7732639999885578
2	3	-2.50745150000148
2	3	-2.450420249995659
2	3	-2.4206389999890234
2	3	-2.3785139999963576
2	3	-2.354076499992516
2	3	-2.2940139999991516
2	3	-2.2541389999969397
2	3	-2.1430140000011306
2	3	-2.1318889999965904
2	3	-2.129670249996707
2	3	-1.9293265000014799
2	3	-1.8745764999912353
2	3	-1.8260452499962412
2	3	-1.7847639999963576
2	3	-1.7712014999997336
2	3	-1.6534514999948442
2	3	-1.5974514999979874
2	3	-1.4794514999957755
2	3	-1.421107749993098
2	3	-1.3920764999929816
2	3	-1.3736389999976382
2	3	-1.3491077499929816
2	3	-1.3057649999973364
2	3	-1.2925149999937275
2	3	-1.2637337499909336
2	3	-1.1903274999931455
2	3	-0.9616712499991991
2	3	-0.8474212500004796
2	3	-0.7776087499951245
2	3	-0.701390000001993
2	3	-0.6762337499967543
2	3	-0.5437024999991991
2	3	-0.3750774999934947
2	3	-0.35342124999442603
2	3	-0.3449525000032736
2	3	-0.29501499999605585
2	3	-0.15260874999512453
2	3	0.0047350000095320866
2	3	0.09654749999754131
2	3	0.1929225000058068
2	3	0.4694537500035949
2	3	0.6325787499954458
2	3	1.1375162500044098
2	3	1.3938902499940014
2	3	1.6067027499957476
2	3	1.6346714999963297
2	3	1.7152652499935357
2	3	1.7398277500033146
2	4	-5.983793999999762
2	4	-5.9530439999944065
2	4	-5.7868252499902155
2	4	-5.769512749990099
2	4	-5.732825250001042
2	4	-5.7026377500005765
2	4	-5.619356499999412
2	4	-5.591075249991263
2	4	-5.54473149999103
2	4	-5.511387749997084
2	4	-5.331481499990332
2	4	-5.321106499992311
2	4	-5.29841899999883
2	4	-5.271981499987305
2	4	-5.241762749996269
2	4	-5.088137749989983
2	4	-4.988012749992777
2	4	-4.95563774999755
2	4	-4.92363774999103
2	4	-4.87713774999429
2	4	-4.774825249987771
2	4	-4.691856499994174
2	4	-4.452075249995687
2	4	-4.427606499986723
2	4	-4.421637749997899
2	4	-4.418856499993126
2	4	-4.128700249988469
2	4	-4.117668999999296
2	4	-4.098325250000926
2	4	-4.090762749998248
2	4	-3.8708252499927767
2	4	-3.8501377499924274
2	4	-3.8299189999961527
2	4	-3.821293999993941
2	4	-3.810044999991078
2	4	-3.8041700000030687
2	4	-3.788076249998994
2	4	-3.7707637499988778
2	4	-3.764732499999809
2	4	-3.7540762499993434
2	4	-3.7159512499929406
2	4	-3.5685450000019046
2	4	-3.384576249998645
2	4	-3.2611699999979464
2	4	-3.2164824999927077
2	4	-3.184138750002603
2	4	-2.864107499990496
2	4	-2.777763749996666
2	4	-2.7603262499906123
2	4	-2.644044999993639
2	4	-2.5308262499893317
2	4	-2.0667637500009732
2	4	-2.0324824999988778
2	4	-2.0157949999993434
2	4	-1.9325137499981793
2	4	-1.7639512500027195
2	4	-1.6691699999937555
2	4	-1.5132325000013225
2	4	-1.5004512500017881
2	4	-1.487388749999809
2	4	-1.3053585000016028
2	4	-1.285733500000788
2	4	-1.245952249999391
2	4	-1.2237022500048624
2	4	-1.2162959999986924
2	4	-1.0525459999917075
2	4	-0.5557022499997402
2	4	-0.5469834999967134
2	4	-0.4144522499991581
2	4	-0.10717099999601487
2	4	-0.06913975000497885
2	4	0.06364150000445079
2	4	0.1414539999968838
2	4	0.14789150000433438
2	4	0.17923525000514928
2	4	0.27742275000491645
2	4	0.3066415000066627
2	4	0.4315165000007255
2	4	0.5263602500053821
2	4	0.6164852500078268
2	4	0.629454000008991
2	4	0.6433602500037523
2	4	0.652579000001424
2	4	0.6992040000041015
2	4	0.8044852500024717
2	4	0.9182352500065463
2	4	0.9649539999954868
2	4	1.1652029999968363
2	4	1.5141092499980005
2	4	1.562484249996487
2	4	1.6119842500047525
2	4	1.66723424999509
2	4	1.7175779999961378
2	4	1.7480780000041705
2	4	1.7939217499952065
2	4	1.8187654999928782
2	5	-5.910981749999337
2	5	-5.805794250001782
2	5	-5.764137999998638
2	5	-5.606138000002829
2	5	-5.590606749989092
2	5	-5.578263000003062
2	5	-5.544513000000734
2	5	-5.434450499989907
2	5	-5.419544249991304
2	5	-5.326450499997009
2	5	-5.317856749999919
2	5	-5.260012999991886
2	5	-5.243200500000967
2	5	-5.1561067500006175
2	5	-4.985044250002829
2	5	-4.9651067499944475
2	5	-4.828669249996892
2	5	-4.8201692500006175
2	5	-4.813356749989907
2	5	-4.795419249989209
2	5	-4.766731750001782
2	5	-4.567450499991537
2	5	-4.399262999999337
2	5	-4.378075499989791
2	5	-4.257637999995495
2	5	-4.033700499989209
2	5	-4.006513000000268
2	5	-3.9839192499930505
2	5	-3.9393255000031786
2	5	-3.91026299999794
2	5	-3.833732750004856
2	5	-3.7335765000025276
2	5	-3.7056077500019455
2	5	-3.523388999994495
2	5	-3.4859202499937965
2	5	-3.3151702500035753
2	5	-3.2807639999955427
2	5	-3.1610139999975218
2	5	-3.1553264999965904
2	5	-3.1041390000027604
2	5	-3.01526400000148
2	5	-2.994920249999268
2	5	-2.877107749998686
2	5	-2.8032640000019455
2	5	-2.7885764999955427
2	5	-2.697451500003808
2	5	-2.6867639999982202
2	5	-2.64438899999368
2	5	-2.6235765000019455
2	5	-2.5412327499943785
2	5	-2.403420250004274
2	5	-2.3332640000007814
2	5	-2.27329524999368
2	5	-2.26526400000148
2	5	-2.255701499991119
2	5	-2.2309202500036918
2	5	-2.165263999995659
2	5	-1.982795249990886
2	5	-1.739982750004856
2	5	-1.731451500003459
2	5	-1.721888999993098
2	5	-1.7169202499935636
2	5	-1.6744827499933308
2	5	-1.4567640000022948
2	5	-1.4151390000042738
2	5	-1.3681712499965215
2	5	-1.3324212500010617
2	5	-1.3232337499939604
2	5	-1.2821399999957066
2	5	-1.2247024999960558
2	5	-1.2194212500035064
2	5	-1.2085150000057183
2	5	-1.1261087500024587
2	5	-0.9656087500043213
2	5	-0.9199837500054855
2	5	-0.888577499994426
2	5	-0.8108587500028079
2	5	-0.7798900000052527
2	5	-0.6455149999965215
2	5	-0.5443587500049034
2	5	-0.5128275000024587
2	5	-0.49135875000501983
2	5	-0.4745462499995483
2	5	-0.4721712500031572
2	5	-0.3350150000042049
2	5	-0.30595249999896623
2	5	-0.28507749999698717
2	5	-0.27607750000606757
2	5	-0.27026499999919906
2	5	-0.20470250000653323
2	5	-0.1648587499948917
2	5	0.16923499999393243
2	5	0.27729749999707565
2	5	0.2872662500012666
2	5	0.2941412499931175
2	5	0.45126625000557397
2	5	0.5198600000003353
2	5	0.5641412499971921
2	5	0.6556100000016158
2	5	0.7558600000047591
2	5	0.7711724999971921
2	5	0.8434537499997532
2	5	0.8871725000062725
2	5	0.9106100000062725
2	5	1.0886725000018487
2	5	1.3992339999967953
2	5	1.4225464999908581
2	5	1.474765249993652
2	5	1.4838277499948163
2	5	1.7708589999965625
2	5	1.8006402500031982
2	5	1.9535152500029653
2	5	1.9993902499991236
2	6	-5.992888249995303
2	6	-5.967388249991927
2	6	-5.9139507499930914
2	6	-5.8848569999827305
2	6	-5.865825749991927
2	6	-5.840888249993441
2	6	-5.805419499985874
2	6	-5.639450749993557
2	6	-5.503888249993906
2	6	-5.376138249994256
2	6	-5.31470074999379
2	6	-5.289200749990414
2	6	-5.279200749995653
2	6	-5.2402319999964675
2	6	-5.170481999986805
2	6	-4.9701694999967
2	6	-4.93988824999542
2	6	-4.661106999992626
2	6	-4.604856999983895
2	6	-4.561169499982498
2	6	-4.497794499984593
2	6	-4.466169499995885
2	6	-4.308200749990647
2	6	-4.091200749986456
2	6	-4.073763249994954
2	6	-3.622420499988948
2	6	-3.37323299999116
2	6	-3.3504829999874346
2	6	-3.1154829999868525
2	6	-3.090576749993488
2	6	-2.9460767499986105
2	6	-2.9390454999957
2	6	-2.5973892499896465
2	6	-2.488389249992906
2	6	-2.4165767499944195
2	6	-2.17792049999116
2	6	-1.8599517499969807
2	6	-1.5638892499846406
2	6	-1.5198892499902286
2	6	-1.4582017499924405
2	6	-1.3157329999958165
2	6	-1.2094214999960968
2	6	-1.0107964999915566
2	6	-0.967452749988297
2	6	-0.9432652499963297
2	6	-0.8596089999919059
2	6	-0.6375464999873657
2	6	-0.5450464999885298
2	6	-0.29314024999621324
2	6	-0.2657340000005206
2	6	-0.23585899999307003
2	6	0.09160975000122562
2	6	0.12645350000821054
2	6	0.22839100001147017
2	6	0.36020350000762846
2	6	0.6327034999994794
2	6	0.649016000010306
2	6	0.7886722500115866
2	6	0.8289222500025062
2	6	1.2273587500094436
2	6	1.2612962499988498
2	6	1.4853587500110734
2	6	1.7678587499976857
2	6	1.8655149999976857
2	6	1.8697025000001304
2	7	-5.96345024999755
2	7	-5.955262750008842
2	7	-5.950043999997433
2	7	-5.766262750010355
2	7	-5.690325250005117
2	7	-5.565637749998132
2	7	-5.4614815000095405
2	7	-5.448669000004884
2	7	-5.214106500003254
2	7	-5.092887749997317
2	7	-5.043950250008493
2	7	-5.036950249996153
2	7	-4.859137749997899
2	7	-4.7654502500081435
2	7	-4.755387750003138
2	7	-4.61579399999755
2	7	-4.477169000005233
2	7	-4.440325250005117
2	7	-4.142106500003138
2	7	-4.090857500006678
2	7	-4.037451249998412
2	7	-3.849732500006212
2	7	-3.7473887500091223
2	7	-3.6162325000041164
2	7	-3.5426387500046985
2	7	-3.5320449999999255
2	7	-3.192670000004
2	7	-3.0168262500083074
2	7	-2.9249200000049314
2	7	-2.7146387500106357
2	7	-2.6382637500064448
2	7	-2.517201250011567
2	7	-2.4666700000088895
2	7	-2.416263750012149
2	7	-2.3376387500029523
2	7	-2.289482500011218
2	7	-2.2593262500013225
2	7	-2.11023250001017
2	7	-1.9495450000104029
2	7	-1.7937637499999255
2	7	-1.7341387500055134
2	7	-1.5836085000046296
2	7	-1.1292335000034655
2	7	-0.7882335000031162
2	7	-0.5458585000014864
2	7	-0.5033585000055609
2	7	-0.48038975000963546
2	7	-0.4265460000024177
2	7	-0.42392100000870414
2	7	-0.3092960000067251
2	7	-0.14888975000940263
2	7	-0.12904600000183564
2	7	0.010703999985707924
2	7	0.0317664999893168
2	7	0.081953999993857
2	7	0.1686727499909466
2	7	0.2080477499985136
2	7	0.3242352499946719
2	7	0.5381727499916451
2	7	0.7451727499865228
2	7	0.7649227499932749
2	7	0.8627977499854751
2	7	1.1772342500044033
2	7	1.2507342500030063
2	7	1.3787030000094092
2	7	1.4684842499991646
2	7	1.5353280000126688
2	7	1.5740155000094092
2	7	1.6371405000099912
2	7	1.6541405000025406
2	7	1.766734250006266
2	7	1.7758280000125524
2	7	1.7822342500003288
2	7	1.7897342500073137
2	7	1.7978280000097584
2	7	1.8189842499996303
2	7	1.9271405000035884
2	7	1.9393905000033556
2	8	-5.999169249989791
2	8	-5.722262999988743
2	8	-5.660231749992818
2	8	-5.642200499991304
2	8	-5.472012999991421
2	8	-5.369044249993749
2	8	-5.226356749990373
2	8	-5.137919249988045
2	8	-4.992950499989092
2	8	-4.9839192499930505
2	8	-4.937981749986648
2	8	-4.851325499999803
2	8	-4.802700499989442
2	8	-4.757450499993865
2	8	-4.741981749990373
2	8	-4.493919249987812
2	8	-4.461856750000152
2	8	-3.997795249990304
2	8	-3.9735764999932144
2	8	-3.591732749991934
2	8	-3.577857750002295
2	8	-3.548076499995659
2	8	-3.397170249998453
2	8	-3.10551399999531
2	8	-3.0878890000021784
2	8	-3.0838890000013635
2	8	-2.9246389999898383
2	8	-2.7377952499955427
2	8	-2.7200765000015963
2	8	-2.701107749991934
2	8	-2.6902639999898383
2	8	-2.6288889999996172
2	8	-2.4789202499960084
2	8	-2.46920149998914
2	8	-2.4615764999907697
2	8	-2.452139000000898
2	8	-2.439388999991934
2	8	-2.4280452499951934
2	8	-2.416482749991701
2	8	-2.3990764999907697
2	8	-2.3897014999965904
2	8	-2.3824202499963576
2	8	-2.375763999996707
2	8	-2.3667639999912353
2	8	-2.3522952499915846
2	8	-2.1211077499901876
2	8	-2.080013999991934
2	8	-2.0653577499906532
2	8	-2.02288899999985
2	8	-2.018857749993913
2	8	-1.8837327499932144
2	8	-1.807420249999268
2	8	-1.7174514999933308
2	8	-1.6629202499898383
2	8	-1.6388889999943785
2	8	-1.6196702500019455
2	8	-1.4827649999933783
2	8	-1.4732337500026915
2	8	-1.3077337499998976
2	8	-1.2302962499961723
2	8	-1.2123274999903515
2	8	-1.170952500004205
2	8	-1.0495775000017602
2	8	-0.9404212499939604
2	8	-0.903890000001411
2	8	-0.8837337500008289
2	8	-0.8559525000018766
2	8	-0.8511399999988498
2	8	-0.8196400000015274
2	8	-0.8180774999927962
2	8	-0.7927337500004796
2	8	-0.6279212499939604
2	8	-0.49195250000047963
2	8	-0.42510875000152737
2	8	-0.36182749998988584
2	8	-0.3480462500010617
2	8	-0.32376499999372754
2	8	-0.20289000000047963
2	8	-0.1979212500009453
2	8	-0.011702499992679805
2	8	0.04686000000219792
2	8	0.06607875000918284
2	8	0.07698500000697095
2	8	0.23626625000906643
2	8	0.2743599999957951
2	8	0.28823499999998603
2	8	0.30373500000860076
2	8	0.46420375000161584
2	8	0.6541100000031292
2	8	0.7369225000002189
2	8	0.7604537500010338
2	8	0.9553287500020815
2	8	1.0053590000024997
2	8	1.022859000004246
2	8	1.039109000004828
2	8	1.1367339999997057
2	8	1.1387652499979595
2	8	1.1610464999976102
2	8	1.1762652500037802
2	8	1.2723902500001714
2	8	1.3074840000044787
2	8	1.3245465000072727
2	8	1.3282964999962132
2	8	1.3907964999962132
2	8	1.4010152499977266
2	8	1.6016715000005206
2	8	1.6749839999974938
2	8	1.6942652500001714
2	8	1.873390249995282
2	9	-5.9676369999942835
2	9	-5.882481749984436
2	9	-5.832262999989325
2	9	-5.7507004999934
2	9	-5.631044249996194
2	9	-5.528200499989907
2	9	-5.458200499997474
2	9	-5.3712629999936325
2	9	-5.327950499995495
2	9	-5.239294249986415
2	9	-4.994825499990839
2	9	-4.908419249986764
2	9	-4.839450499988743
2	9	-4.7772004999860656
2	9	-4.674919249984669
2	9	-4.620731749993865
2	9	-4.599231749991304
2	9	-4.4871067499916535
2	9	-4.425262999997358
2	9	-4.222075499987113
2	9	-4.197450499996194
2	9	-3.971637999988161
2	9	-3.932669249988976
2	9	-3.9150442499958444
2	9	-3.906887999997707
2	9	-3.7748254999896744
2	9	-3.7410442499967758
2	9	-3.5487942499894416
2	9	-3.4651702499977546
2	9	-3.3447639999940293
2	9	-3.2471077499940293
2	9	-3.044045249989722
2	9	-2.8625764999887906
2	9	-2.748701499993331
2	9	-2.6973889999935636
2	9	-2.6289202499901876
2	9	-2.5654827499965904
2	9	-2.5512014999985695
2	9	-2.410826499995892
2	9	-2.328295249986695
2	9	-2.261263999986113
2	9	-2.116232749991468
2	9	-2.030670249994728
2	9	-1.8390139999974053
2	9	-1.8279514999885578
2	9	-1.7507952499872772
2	9	-1.6680764999910025
2	9	-1.607076499989489
2	9	-1.5170764999929816
2	9	-1.48813899999368
2	9	-1.39788899999985
2	9	-1.3505452499957755
2	9	-1.319951499986928
2	9	-1.3077014999871608
2	9	-1.2202639999886742
2	9	-1.2056702499976382
2	9	-1.1982952499965904
2	9	-1.1793577499920502
2	9	-0.9736712499870919
2	9	-0.9264837499795249
2	9	-0.8088587499805726
2	9	-0.7916712499863934
2	9	-0.7081399999733549
2	9	-0.6889837499766145
2	9	-0.6433587499777786
2	9	-0.628389999983483
2	9	-0.6042962499777786
2	9	-0.5109524999861605
2	9	-0.4848587499727728
2	9	-0.47410874998604413
2	9	-0.37332749998313375
2	9	-0.319077499982086
2	9	-0.31023374997312203
2	9	-0.2570774999767309
2	9	-0.23532749997684732
2	9	-0.19085874997836072
2	9	-0.15679624998301733
2	9	0.05379750001884531
2	9	0.22426625002117362
2	9	0.23457875002350193
2	9	0.2692350000143051
2	9	0.41823500001919456
2	9	0.45301625001593493
2	9	0.5429225000261795
2	9	0.6942037500266451
2	9	0.8534537500236183
2	9	0.9195787500211736
2	9	0.9691100000200095
2	9	1.0079537500132574
2	9	1.0769225000258302
2	9	1.1349225000158185
2	9	1.321047500023269
2	9	1.432766250014538
2	9	1.4368287500255974
2	9	1.4474537500209408
2	9	1.5209527500119293
2	9	1.6458902500162367
2	9	1.69926525001938
2	9	1.8433590000204276
2	10	-5.941356499999529
2	10	-5.879231500002788
2	10	-5.805700249999063
2	10	-5.696138750005048
2	10	-5.661701250006445
2	10	-5.547076250004466
2	10	-5.509607500003767
2	10	-5.460857500002021
2	10	-5.252013749995967
2	10	-5.246138750007958
2	10	-5.12176375000854
2	10	-4.799295000004349
2	10	-4.654763750004349
2	10	-4.6087324999971315
2	10	-4.583076249997248
2	10	-4.423451249997015
2	10	-4.371857500009355
2	10	-4.333576250006445
2	10	-4.254045000008773
2	10	-4.245482500002254
2	10	-4.169544999997015
2	10	-4.025544999996782
2	10	-3.940826250007376
2	10	-3.9132012500049314
2	10	-3.7798887499957345
2	10	-3.692544999998063
2	10	-3.5843887500086566
2	10	-3.509795000005397
2	10	-3.4051075000024866
2	10	-3.230858499999158
2	10	-3.054452249998576
2	10	-2.9552022499992745
2	10	-2.878889750005328
2	10	-2.811639749997994
2	10	-2.7752960000070743
2	10	-2.7518897499976447
2	10	-2.7371710000006715
2	10	-2.547264749999158
2	10	-2.5099210000043968
2	10	-2.4494209999975283
2	10	-2.4331085000012536
2	10	-2.4157335000054445
2	10	-2.384421000009752
2	10	-2.38010850000137
2	10	-2.25060850000591
2	10	-2.1424835000070743
2	10	-2.062983499999973
2	10	-2.01663974999974
2	10	-1.9671397500060266
2	10	-1.9106710000050953
2	10	-1.8132647500024177
2	10	-1.6999522500118474
2	10	-1.6770147500064922
2	10	-1.664545999999973
2	10	-1.6413897500024177
2	10	-1.5821710000018356
2	10	-1.5415147500025341
2	10	-1.4985772500076564
2	10	-1.441577250006958
2	10	-1.3916397499997402
2	10	-1.3743897500098683
2	10	-1.3519835000042804
2	10	-1.3414522500097519
2	10	-1.298296000008122
2	10	-1.290983500002767
2	10	-1.2435459999978775
2	10	-1.13751475000754
2	10	-1.1246085000020685
2	10	-1.0642647500062594
2	10	-1.0397022500110324
2	10	-1.0144835000101011
2	10	-0.9932335000048624
2	10	-0.9905772500060266
2	10	-0.9210147499979939
2	10	-0.8001710000098683
2	10	-0.7599845000077039
2	10	-0.6964845000038622
2	10	-0.6404532500018831
2	10	-0.5858282500121277
2	10	-0.45154700000421144
2	10	-0.25460949999978766
2	10	-0.23167200000898447
2	10	-0.21748450001177844
2	10	-0.1964845000038622
2	10	-0.14507825000328012
2	10	-0.05401575000723824
2	10	0.01532799999404233
2	10	0.0979842499946244
2	10	0.11679674999322742
2	10	0.13379675000032876
2	10	0.19435924998833798
2	10	0.20482799998717383
2	10	0.2742967499943916
2	10	0.3461092499928782
2	10	0.3633904999878723
2	10	0.4054842499899678
2	10	0.44067174999509007
2	10	0.4681717499915976
2	10	0.5095154999871738
2	10	0.5253279999888036
2	10	0.6062967499892693
2	10	0.8216092499933438
2	10	0.8955779999960214
2	10	1.249359249995905
2	10	1.2993592499988154
2	10	1.3198592499975348
2	10	1.3597967499954393
2	10	1.3901092499872902
2	10	1.40201549998892
2	10	1.418359249990317
2	10	1.5838279999879887
2	10	1.6021404999919469
2	10	1.6238904999918304
2	10	1.7787644999916665
2	10	1.7996082499885233
2	10	1.8444519999902695
2	10	1.9360144999955082
2	11	-5.864607000010437
2	11	-5.672138250010903
2	11	-5.669044500013115
2	11	-5.563357000020915
2	11	-5.5213882500102045
2	11	-5.500857000020915
2	11	-5.3743882500129985
2	11	-5.346419500012416
2	11	-5.29454450000776
2	11	-5.271482000011019
2	11	-5.180794500018237
2	11	-5.173169500019867
2	11	-5.00135700001556
2	11	-4.805138250012533
2	11	-4.7976382500201
2	11	-4.785669500008225
2	11	-4.736919500021031
2	11	-4.662575750015094
2	11	-4.59079450002173
2	11	-4.488325750018703
2	11	-4.410638250017655
2	11	-4.2893882500211475
2	11	-4.091763250020449
2	11	-3.979607000015676
2	11	-3.8565132500079926
2	11	-3.7862945000088075
2	11	-3.663294500016491
2	11	-3.613950750019285
2	11	-3.525450750021264
2	11	-3.457513250017655
2	11	-3.290389250018052
2	11	-3.2810142500238726
2	11	-3.220920500010834
2	11	-3.1903580000216607
2	11	-3.0757017500145594
2	11	-2.9662330000137445
2	11	-2.9604830000171205
2	11	-2.944201750011416
2	11	-2.866795500012813
2	11	-2.788858000014443
2	11	-2.5163267500174697
2	11	-2.514295500019216
2	11	-2.4279205000202637
2	11	-2.3078267500241054
2	11	-2.2284830000135116
2	11	-2.206295500014676
2	11	-2.186795500019798
2	11	-2.143389250020846
2	11	-2.0328267500153743
2	11	-2.0046080000174697
2	11	-1.9590142500237562
2	11	-1.776733000020613
2	11	-1.7652330000128131
2	11	-1.7381392500101356
2	11	-1.7350767500174697
2	11	-1.6118267500132788
2	11	-1.2892017500125803
2	11	-1.260076750011649
2	11	-1.246108000021195
2	11	-1.235201750023407
2	11	-1.0798580000118818
2	11	-1.036920500017004
2	11	-0.9275142500118818
2	11	-0.7110465000005206
2	11	-0.6063902500027325
2	11	-0.5918902499979595
2	11	-0.37329650000901893
2	11	-0.3530777499981923
2	11	-0.041671500002848916
2	11	-0.002359000005526468
2	11	0.025453499998548068
2	11	0.03304724999179598
2	11	0.04632850000052713
2	11	0.06723474999307655
2	11	0.10517224999784958
2	11	0.17620349999924656
2	11	0.19682849998935126
2	11	0.19954724999843165
2	11	0.21345349999319296
2	11	0.22379725000064354
2	11	0.314609749999363
2	11	0.5686097500001779
2	11	0.7869222500012256
2	11	0.9417347499984317
2	11	0.9489535000029719
2	11	0.9520159999956377
2	11	1.004672249997384
2	11	1.0533284999983152
2	11	1.1533597499947064
2	11	1.31182849999459
2	11	1.3194534999929601
2	11	1.4209534999972675
2	11	1.4816722499963362
2	11	1.5294222499942407
2	11	1.5639837499911664
2	11	1.6367962499934947
2	11	1.6908274999877904
2	11	1.8360774999891873
2	11	1.932889999996405
2	11	1.9718900000007125
2	12	-5.94273150000663
2	12	-5.821512750000693
2	12	-5.794387750007445
2	12	-5.676544000001741
2	12	-5.631825250005932
2	12	-5.553450250008609
2	12	-5.530950250002206
2	12	-5.293170000004466
2	12	-5.215451249998296
2	12	-5.132576250005513
2	12	-4.700482500004
2	12	-4.474419999998645
2	12	-4.448357500004931
2	12	-4.353326249998645
2	12	-4.2557325000088895
2	12	-4.17763874999946
2	12	-4.018607500009239
2	12	-4.01651375000074
2	12	-4.004826250005863
2	12	-3.974419999998645
2	12	-3.778701250004815
2	12	-3.7042325000074925
2	12	-3.279920000000857
2	12	-3.2737325000052806
2	12	-2.979857500002254
2	12	-2.9079825000080746
2	12	-2.7264835000096355
2	12	-2.5168585000064922
2	12	-2.5031085000082385
2	12	-2.426889750000555
2	12	-2.158171000002767
2	12	-1.8205460000026505
2	12	-1.8151710000092862
2	12	-1.678733500011731
2	12	-1.6449835000094026
2	12	-1.5798585000011371
2	12	-1.541921000010916
2	12	-1.5367647500097519
2	12	-1.4864210000087041
2	12	-1.456702250012313
2	12	-1.4295147500088206
2	12	-1.3507022500125458
2	12	-1.1883585000032326
2	12	-1.185827250010334
2	12	-1.0056397500011371
2	12	-0.9959835000045132
2	12	-0.8290772500040475
2	12	-0.8206397500034655
2	12	-0.7781085000024177
2	12	-0.7489835000014864
2	12	-0.7413585000031162
2	12	-0.7105772500071907
2	12	-0.48692100000334904
2	12	-0.45395225001266226
2	12	-0.44845225001336075
2	12	-0.3043595000053756
2	12	-0.22495325001364108
2	12	-0.14182825000898447
2	12	-0.12839075000374578
2	12	-0.03635950000898447
2	12	0.3039842499856604
2	12	0.3712029999878723
2	12	0.4555467499885708
2	12	0.4638592499977676
2	12	0.4750779999885708
2	12	0.5320467499986989
2	12	0.5608592499920633
2	12	0.6070467499957886
2	12	0.6634842499915976
2	12	0.7157342499849619
2	12	0.7332029999961378
2	12	0.7489842499926453
2	12	0.7537342499854276
2	12	0.7573592499975348
2	12	0.7667029999865917
2	12	0.7997654999926453
2	12	0.821015499997884
2	12	0.9478904999850783
2	12	0.95279674998892
2	12	1.0167967499874067
2	12	1.0493904999893857
2	12	1.0520779999933438
2	12	1.075109249984962
2	12	1.1439529999915976
2	12	1.1657654999871738
2	12	1.1805154999892693
2	12	1.2372029999969527
2	12	1.291702999995323
2	12	1.3529217499890365
2	12	1.379702999998699
2	12	1.6568279999919469
2	12	1.6841717499919469
2	12	1.689827999987756
2	12	1.7106717499846127
2	12	1.8596717499895021
2	12	1.8993592499900842
2	13	-5.802825750011834
2	13	-5.590513250004733
2	13	-5.566138250011136
2	13	-5.516732000003685
2	13	-5.49376325000776
2	13	-5.483107000007294
2	13	-5.477106999998796
2	13	-5.47032575000776
2	13	-5.344638250011485
2	13	-5.278200750006363
2	13	-5.131794500004617
2	13	-5.056919499998912
2	13	-5.022263250008109
2	13	-4.90704450001067
2	13	-4.861733000012464
2	13	-4.723108000005595
2	13	-4.524639250012115
2	13	-4.373608000008971
2	13	-4.2510767500061775
2	13	-4.245983000000706
2	13	-4.152670499999658
2	13	-4.131108000001404
2	13	-4.021514250009204
2	13	-3.9688267500023358
2	13	-3.8089517500047805
2	13	-3.7875455000030342
2	13	-3.6344830000016373
2	13	-3.597858000008273
2	13	-3.580201750010019
2	13	-3.549670500011416
2	13	-3.493608000004315
2	13	-3.3110142500081565
2	13	-3.301483000002918
2	13	-3.2333892500028014
2	13	-3.065576750013861
2	13	-3.050701750005828
2	13	-3.0292330000083894
2	13	-3.0084830000123475
2	13	-2.9464830000069924
2	13	-2.930014249999658
2	13	-2.909733000007691
2	13	-2.9036080000078073
2	13	-2.8065767500083894
2	13	-2.7379517500085058
2	13	-2.6297017500037327
2	13	-2.6024517500045476
2	13	-2.595920500010834
2	13	-2.3562027500011027
2	13	-2.3452964999887627
2	13	-2.222577749998891
2	13	-2.1885464999941178
2	13	-2.158546499995282
2	13	-2.103546499987715
2	13	-2.0452027499995893
2	13	-1.9725152499886462
2	13	-1.9372964999929536
2	13	-1.8777964999899268
2	13	-1.8514839999988908
2	13	-1.82139024999924
2	13	-1.7621402499935357
2	13	-1.737796499990509
2	13	-1.6865777499915566
2	13	-1.6817652499885298
2	13	-1.67295274999924
2	13	-1.5754527499957476
2	13	-1.4797339999931864
2	13	-1.4428589999879478
2	13	-1.3846402499912074
2	13	-1.364046499991673
2	13	-1.2161402499914402
2	13	-0.9281714999960968
2	13	-0.9016714999888791
2	13	-0.8412027499871328
2	13	-0.8077027499966789
2	13	-0.6795777499937685
2	13	-0.6439214999991236
2	13	-0.5862964999978431
2	13	-0.5181714999926044
2	13	-0.48904649999167304
2	13	-0.4469214999990072
2	13	-0.4310777499922551
2	13	-0.38539024999772664
2	13	-0.37835899999481626
2	13	-0.22742149999248795
2	13	-0.1895152499928372
2	13	-0.14051524999376852
2	13	-0.1327339999988908
2	13	-0.03139024999109097
2	13	0.03954725000949111
2	13	0.07420250000723172
2	13	0.1188899999979185
2	13	0.1356087500025751
2	13	0.15817125000467058
2	13	0.17863999999826774
2	13	0.19467125000664964
2	13	0.19998375000432134
2	13	0.25176500000816304
2	13	0.2632337500108406
2	13	0.27139000000897795
2	13	0.367608750006184
2	13	0.37954624999838416
2	13	0.4621400000032736
2	13	0.46910875001049135
2	13	0.48273375000280794
2	13	0.5056087499979185
2	13	0.7996399999974528
2	13	0.8105775000003632
2	13	0.8281712500029244
2	13	0.8399212500080466
2	13	0.9350150000100257
2	13	0.9365150000085123
2	13	1.1199212500068825
2	13	1.213515000010375
2	13	1.3473900000099093
2	13	1.7068900000012945
2	13	1.7555775000073481
2	13	1.855483749997802
2	14	-5.987606749986298
2	14	-5.965294249996077
2	14	-5.957387999995262
2	14	-5.93391924999014
2	14	-5.915106749991537
2	14	-5.809012999990955
2	14	-5.764981749991421
2	14	-5.751419249994797
2	14	-5.680137999996077
2	14	-5.659981749995495
2	14	-5.630544249986997
2	14	-5.562950499996077
2	14	-5.470637999984319
2	14	-5.279825499994331
2	14	-5.2726692499854835
2	14	-5.190731749986298
2	14	-5.091512999992119
2	14	-4.96145049999177
2	14	-4.958606749991304
2	14	-4.945075499985251
2	14	-4.900012999991304
2	14	-4.870575499997358
2	14	-4.865044249992934
2	14	-4.856731749983737
2	14	-4.837450499995612
2	14	-4.691637999989325
2	14	-4.668262999985018
2	14	-4.418701499991585
2	14	-4.377701499994146
2	14	-4.369482749985764
2	14	-4.2988264999876264
2	14	-4.057763999997405
2	14	-4.044951499992749
2	14	-4.012701499988907
2	14	-4.002701499994146
2	14	-3.985888999988674
2	14	-3.96510774998751
2	14	-3.84360774999368
2	14	-3.739170249988092
2	14	-3.5770764999906532
2	14	-3.5582014999963576
2	14	-3.464795249994495
2	14	-3.4499202499864623
2	14	-3.4152952499862295
2	14	-3.401701499999035
2	14	-3.2711077499989187
2	14	-3.1965452499862295
2	14	-3.1392952499882085
2	14	-3.116607749994728
2	14	-3.059795249995659
2	14	-3.044076499994844
2	14	-2.9778264999913517
2	14	-2.8981077499920502
2	14	-2.8879514999862295
2	14	-2.865576499985764
2	14	-2.794982749997871
2	14	-2.7174202499882085
2	14	-2.706170249992283
2	14	-2.70338899998751
2	14	-2.6727014999923995
2	14	-2.6599827499885578
2	14	-2.5483264999929816
2	14	-2.4318264999892563
2	14	-2.4255764999979874
2	14	-2.296826499994495
2	14	-2.233513999992283
2	14	-2.1555452499887906
2	14	-2.1496399999887217
2	14	-1.937202499990235
2	14	-1.9337649999943096
2	14	-1.8702962499955902
2	14	-1.8545149999990826
2	14	-1.7614524999953574
2	14	-1.7590149999887217
2	14	-1.7194524999940768
2	14	-1.6881399999983842
2	14	-1.6779837499925634
2	14	-1.6615774999954738
2	14	-1.6543587499909336
2	14	-1.6454212499957066
2	14	-1.631077500001993
2	14	-1.6123899999947753
2	14	-1.5576087499939604
2	14	-1.5349212500004796
2	14	-1.5275774999900023
2	14	-1.519952499991632
2	14	-1.5165462500008289
2	14	-1.5056712499936111
2	14	-1.4729837499908172
2	14	-1.4621087499981513
2	14	-1.451483749988256
2	14	-1.3607337499997811
2	14	-1.219577500000014
2	14	-1.2038274999940768
2	14	-1.170546249995823
2	14	-1.1063587499957066
2	14	-1.0877337499987334
2	14	-0.7641399999993155
2	14	-0.5247337499895366
2	14	-0.4103274999943096
2	14	-0.3883899999927962
2	14	-0.2560149999917485
2	14	-0.20338999999512453
2	14	0.05911000000196509
2	14	0.1803912500035949
2	14	0.1899225000088336
2	14	0.21261000000231434
2	14	0.39520275000541005
2	14	0.4608589999988908
2	14	0.5514215000002878
2	14	0.6256402500002878
2	14	0.7311090000002878
2	14	0.741921499997261
2	14	0.7469839999976102
2	14	0.7522027500090189
2	14	0.7731402500066906
2	14	0.7772652499988908
2	14	0.7818590000097174
2	14	0.7942340000008699
2	14	0.8019840000051772
2	14	0.8123590000031982
2	14	0.8436714999988908
2	14	0.8459839999995893
2	14	0.9957339999964461
2	14	1.0985777500027325
2	14	1.127515250002034
2	14	1.1431715000071563
2	14	1.48935899999924
2	14	1.616515250003431
2	14	1.8102340000041295
2	14	1.8341714999987744
2	14	1.8813902499969117
2	15	-5.937262499995995
2	15	-5.926043750005192
2	15	-5.780793750003795
2	15	-5.772324999998091
2	15	-5.75726250000298
2	15	-5.5941687500017
2	15	-5.544856250009616
2	15	-5.524856250005541
2	15	-5.391668750002282
2	15	-5.004387499997392
2	15	-4.95295000000624
2	15	-4.818856249999953
2	15	-4.766450000010082
2	15	-4.760325000010198
2	15	-4.471825999993598
2	15	-4.289732249992085
2	15	-4.139513499991153
2	15	-3.69920099999581
2	15	-3.6052947499847505
2	15	-3.5547322499915026
2	15	-3.4952009999833535
2	15	-3.4757634999841684
2	15	-3.4496697499853326
2	15	-3.429544749989873
2	15	-3.2726384999841684
2	15	-3.2122947499883594
2	15	-3.144107249987428
2	15	-3.126825999992434
2	15	-3.0749509999877773
2	15	-3.0245134999859147
2	15	-2.8767947499873117
2	15	-2.842825999992783
2	15	-2.6554509999841684
2	15	-2.5930759999901056
2	15	-2.5746384999947622
2	15	-2.4532322499871952
2	15	-2.4437947499973234
2	15	-2.42207599998801
2	15	-2.4091384999919683
2	15	-2.396482249983819
2	15	-2.26191974998801
2	15	-2.1815759999881266
2	15	-1.962920749996556
2	15	-1.9495769999921322
2	15	-1.6216707499988843
2	15	-1.4748582499887561
2	15	-1.433201999985613
2	15	-1.3239207499864278
2	15	-1.1680457499896875
2	15	-1.0384519999934128
2	15	-0.974639499996556
2	15	-0.9296082499931799
2	15	-0.7476082499924814
2	15	-0.6871082499856129
2	15	-0.6559519999864278
2	15	-0.6172019999939948
2	15	-0.5773894999874756
2	15	-0.5188582499977201
2	15	-0.4984207499946933
2	15	-0.45423324999865144
2	15	-0.4274207499984186
2	15	-0.4040769999992335
2	15	-0.29767074999108445
2	15	-0.28485824998642784
2	15	-0.25638949999120086
2	15	-0.24951449999934994
2	15	-0.13954574998933822
2	15	0.11236050000297837
2	15	0.22054800001205876
2	15	0.3429855000140378
2	15	0.49501574999885634
2	15	0.6609532500006026
2	15	0.6783907500066562
2	15	0.8062032500019995
2	15	0.9163907500042114
2	15	1.1540470000036294
2	15	1.2869532500044443
2	15	1.3204845000000205
2	15	1.3252345000073547
2	15	1.408422000007704
2	15	1.5094220000028145
2	15	1.6574844999995548
2	15	1.736046999998507
2	15	1.778297000011662
2	15	1.796078250001301
2	15	1.9636720000125933
2	16	-5.890388250001706
2	16	-5.807544499999494
2	16	-5.736107000004267
2	16	-5.710200749992509
2	16	-5.468763249999029
2	16	-5.461388249997981
2	16	-5.423981999992975
2	16	-5.35748199999216
2	16	-5.3319194999930914
2	16	-5.150950750001357
2	16	-5.033138250000775
2	16	-5.0285757499950705
2	16	-4.9074507500045
2	16	-4.771607999995467
2	16	-4.707170499998028
2	16	-4.583201750006992
2	16	-4.4141079999972135
2	16	-4.384639249998145
2	16	-4.381858000007924
2	16	-4.331326750005246
2	16	-4.2872642500005895
2	16	-4.217889249994187
2	16	-4.087545500005945
2	16	-4.00917049999407
2	16	-3.9729205000039656
2	16	-3.969451750002918
2	16	-3.9462955000053626
2	16	-3.9179204999963986
2	16	-3.8727955000067595
2	16	-3.8619829999952344
2	16	-3.8414205000008224
2	16	-3.719358000002103
2	16	-3.7083580000035
2	16	-3.626826749998145
2	16	-3.6149830000067595
2	16	-3.6084830000036163
2	16	-3.515232999998261
2	16	-3.508451750007225
2	16	-3.227170500002103
2	16	-3.0613892499968642
2	16	-3.0054205000051297
2	16	-2.9707642499997746
2	16	-2.9525767500017537
2	16	-2.7406705000030342
2	16	-2.670326749997912
2	16	-2.596014249997097
2	16	-2.4477330000081565
2	16	-2.3352339999983087
2	16	-2.2348590000037802
2	16	-2.219515250006225
2	16	-2.210577749996446
2	16	-2.1361089999991236
2	16	-2.0476090000011027
2	16	-1.9247340000001714
2	16	-1.8926090000022668
2	16	-1.8826090000075055
2	16	-1.8782652500085533
2	16	-1.8693590000038967
2	16	-1.8169215000089025
2	16	-1.7415777499991236
2	16	-1.681577750001452
2	16	-1.5757339999981923
2	16	-1.5470464999962132
2	16	-1.4912340000009863
2	16	-1.4729527500021504
2	16	-1.3816090000036638
2	16	-1.233202750008786
2	16	-1.202140250010416
2	16	-1.1495777500094846
2	16	-1.0681089999998221
2	16	-1.0452027499995893
2	16	-0.9607027500023833
2	16	-0.9219840000005206
2	16	-0.8946715000056429
2	16	-0.8767027499998221
2	16	-0.7499527500040131
2	16	-0.6863902500044787
2	16	-0.676546500006225
2	16	-0.63779649999924
2	16	-0.5775777500093682
2	16	-0.5642652500100667
2	16	-0.5500777499983087
2	16	-0.5433590000029653
2	16	-0.5375464999960968
2	16	-0.4223902500089025
2	16	-0.4120777500065742
2	16	-0.3390464999974938
2	16	-0.2551402500102995
2	16	-0.1837027500005206
2	16	-0.14517150000028778
2	16	-0.12839024999993853
2	16	-0.06604649999644607
2	16	-0.0037652500031981617
2	16	0.12610874998790678
2	16	0.12904624998918734
2	16	0.2200462499895366
2	16	0.39098374999593943
2	16	0.39495249999163207
2	16	0.4434212499909336
2	16	0.46529624999675434
2	16	0.5057024999987334
2	16	0.6948274999886053
2	16	0.8427337499888381
2	16	1.0232962500012945
2	16	1.0367649999971036
2	16	1.1042962499923306
2	16	1.2457024999894202
2	16	1.354452499988838
2	16	1.3582024999923306
2	16	1.689139999987674
2	16	1.806327499987674
2	16	1.8795774999889545
2	16	1.891139999992447
2	17	-5.971824749998632
2	17	-5.947824749993742
2	17	-5.81863725000585
2	17	-5.672980999996071
2	17	-5.670324749997235
2	17	-5.647855999995954
2	17	-5.538699750002706
2	17	-5.523949750000611
2	17	-5.491762249992462
2	17	-5.479887249995954
2	17	-5.458543500004453
2	17	-5.4551372499990975
2	17	-5.432918499995139
2	17	-5.360730999993393
2	17	-5.31570074998308
2	17	-5.218888249990414
2	17	-5.161950749985408
2	17	-5.152294499988784
2	17	-4.932544499984942
2	17	-4.897013249981683
2	17	-4.655919499986339
2	17	-4.649669499980519
2	17	-4.6089507499855245
2	17	-4.410794499985059
2	17	-4.338450749986805
2	17	-4.334419499980868
2	17	-4.244356999988668
2	17	-4.03348199998436
2	17	-3.9886694999877363
2	17	-3.935294499984593
2	17	-3.841513249979471
2	17	-3.8069507499894826
2	17	-3.7226382499939064
2	17	-3.6431694999919273
2	17	-3.6105132499797037
2	17	-3.55298199999379
2	17	-3.541700749992742
2	17	-3.5200132499885513
2	17	-3.4907319999911124
2	17	-3.3874507499858737
2	17	-3.349981999985175
2	17	-3.3273882499925094
2	17	-3.3197007499838946
2	17	-3.2863569999899482
2	17	-3.2629194999899482
2	17	-3.221138249980868
2	17	-3.087606999979471
2	17	-2.753607999984524
2	17	-2.656045499985339
2	17	-2.6053267499955837
2	17	-2.59960799998953
2	17	-2.521576749990345
2	17	-2.4611704999842914
2	17	-2.373357999982545
2	17	-2.3409204999916255
2	17	-2.3335142499854555
2	17	-2.0947329999908106
2	17	-2.079639249990578
2	17	-2.070389249987784
2	17	-2.0648267499927897
2	17	-1.6126392499863869
2	17	-1.4392017499922076
2	17	-1.4370454999880167
2	17	-1.4147017499926733
2	17	-1.342514249990927
2	17	-1.2409204999858048
2	17	-1.1891079999913927
2	17	-1.1776392499887152
2	17	-1.1592642499890644
2	17	-1.1254517499910435
2	17	-0.9758579999906942
2	17	-0.9549829999887152
2	17	-0.9154829999897629
2	17	-0.8796392499934882
2	17	-0.821639249988948
2	17	-0.7985767499922076
2	17	-0.7610767499863869
2	17	-0.7231392499816138
2	17	-0.6838579999894137
2	17	-0.556732999990345
2	17	-0.40232674998696893
2	17	-0.3929204999876674
2	17	-0.3513589999929536
2	17	-0.0006089999951655045
2	17	0.0687035000155447
2	17	0.07832850000704639
2	17	0.35773475001042243
2	17	0.4030472500162432
2	17	0.6467347500147298
2	17	0.6782347500120522
2	17	0.8492660000047181
2	17	0.9252035000099568
2	17	1.0508910000062315
2	17	1.1925472500151955
2	17	1.278547250010888
2	17	1.3672972500062315
2	17	1.597609750009724
2	17	1.7463285000121687
2	17	1.753047250007512
2	17	1.7621097500086762
2	17	1.8403597500146134
2	17	1.9138910000037868
2	17	1.9857972500030883
2	18	-5.99441850000585
2	18	-5.976230999993277
2	18	-5.8890435000066645
2	18	-5.815480999997817
2	18	-5.803981000004569
2	18	-5.741824750002706
2	18	-5.714637249999214
2	18	-5.65457475000585
2	18	-5.540106000000378
2	18	-5.499855999994907
2	18	-5.433105999996769
2	18	-5.178013249998912
2	18	-5.089450750005199
2	18	-5.047825750007178
2	18	-4.9137632500060135
2	18	-4.787075750005897
2	18	-4.6738257499964675
2	18	-4.627325749999727
2	18	-4.598200749998796
2	18	-4.465950750003685
2	18	-4.396888250004849
2	18	-4.13479450000159
2	18	-4.072763250005664
2	18	-4.065450750000309
2	18	-4.04788825000287
2	18	-3.9077007500018226
2	18	-3.8278257500060135
2	18	-3.746263249995536
2	18	-3.72445074999996
2	18	-3.6612007500079926
2	18	-3.6425757499964675
2	18	-3.588982000001124
2	18	-3.5827319999953033
2	18	-3.3529195000010077
2	18	-3.3324195000022883
2	18	-3.289638250003918
2	18	-3.257356999994954
2	18	-3.2506382499996107
2	18	-3.131919499996002
2	18	-3.127107000007527
2	18	-3.0629195000074105
2	18	-2.9853882500028703
2	18	-2.9602007500070613
2	18	-2.940138250007294
2	18	-2.9101382500084583
2	18	-2.9030757500004256
2	18	-2.7875132500048494
2	18	-2.7195444999961182
2	18	-2.6494205000053626
2	18	-2.6433580000011716
2	18	-2.6372017500107177
2	18	-2.481701750002685
2	18	-2.4771392499969807
2	18	-2.462889250004082
2	18	-2.4589205000083894
2	18	-2.4369517500017537
2	18	-2.4121392500092043
2	18	-2.3050767500099028
2	18	-2.2854205000039656
2	18	-2.1962955000053626
2	18	-2.179170500006876
2	18	-2.150576750005712
2	18	-1.8979830000025686
2	18	-1.810951749997912
2	18	-1.8072955000097863
2	18	-1.7900142500002403
2	18	-1.7838580000097863
2	18	-1.7739205000107177
2	18	-1.7536079999990761
2	18	-1.7013267500005895
2	18	-1.6162955000036163
2	18	-1.5921392500022193
2	18	-1.4829830000089714
2	18	-1.4572017500031507
2	18	-1.3595142499980284
2	18	-1.316295500000706
2	18	-1.2936705000029178
2	18	-1.2190455000090878
2	18	-1.1388892499962822
2	18	-1.0874517500051297
2	18	-0.9960767500015208
2	18	-0.9299204999988433
2	18	-0.9245142500003567
2	18	-0.6896392500057118
2	18	-0.6529830000072252
2	18	-0.644326749999891
2	18	-0.6355455000011716
2	18	-0.616670500006876
2	18	-0.6130142500041984
2	18	-0.5404205000086222
2	18	-0.4332017499982612
2	18	-0.4291079999966314
2	18	-0.28895175000070594
2	18	-0.1674840000050608
2	18	-0.061421500009601004
2	18	-0.019359000012627803
2	18	0.08060974998807069
2	18	0.29310974999680184
2	18	0.3075472499913303
2	18	0.40667224999924656
2	18	0.4324847499956377
2	18	0.43620349999400787
2	18	0.6981722499913303
2	18	0.7161097499920288
2	18	0.7593909999995958
2	18	0.8847972499934258
2	18	0.971890999993775
2	18	0.9971097499947064
2	18	1.2972034999984317
2	18	1.3388284999964526
2	18	1.3536409999942407
2	18	1.361390999998548
2	18	1.4631097499950556
2	18	1.4727972499968018
2	18	1.6052972499892348
2	18	1.7684847499913303
2	18	1.8042972499970347
2	18	1.8347034999897005
2	18	1.9745159999874886
2	18	1.997078499989584
2	19	-5.972950499985018
2	19	-5.965919249996659
2	19	-5.923012999992352
2	19	-5.911137999995844
2	19	-5.8681067499856
2	19	-5.782075499984785
2	19	-5.752294249992701
2	19	-5.734044249984436
2	19	-5.693481749985949
2	19	-5.675106749986298
2	19	-5.660825499988277
2	19	-5.6550754999916535
2	19	-5.650012999991304
2	19	-5.636731749997125
2	19	-5.6141692499950295
2	19	-5.602356749994215
2	19	-5.585825499991188
2	19	-5.579794249992119
2	19	-5.568919249984901
2	19	-5.5124192499934
2	19	-5.46516924999014
2	19	-5.3678879999934
2	19	-5.336325499985833
2	19	-5.333262999993167
2	19	-5.154950499985716
2	19	-5.089106749990606
2	19	-5.053231749989209
2	19	-4.78951399998914
2	19	-4.767982749996008
2	19	-4.763138999987859
2	19	-4.755638999995426
2	19	-4.745920249988558
2	19	-4.7372639999957755
2	19	-4.73482649998914
2	19	-4.688170249995892
2	19	-4.67582649999531
2	19	-4.5391702499910025
2	19	-4.46898274999694
2	19	-4.367670249994262
2	19	-4.251795249991119
2	19	-4.179138999985298
2	19	-4.0984827499923995
2	19	-3.9706077499868115
2	19	-3.9634202499873936
2	19	-3.782357749994844
2	19	-3.7393264999991516
2	19	-3.724857749999501
2	19	-3.7193577499856474
2	19	-3.63679524998588
2	19	-3.602045249994262
2	19	-3.537888999999268
2	19	-3.5174827499868115
2	19	-3.3990452499856474
2	19	-3.3130139999993844
2	19	-3.2679827499960084
2	19	-3.146857749990886
2	19	-3.088482749997638
2	19	-3.058326499987743
2	19	-3.0317952499899548
2	19	-2.913420249999035
2	19	-2.8483889999915846
2	19	-2.8006702499988023
2	19	-2.731357749988092
2	19	-2.727138999995077
2	19	-2.674701499985531
2	19	-2.67173274999368
2	19	-2.6613889999862295
2	19	-2.638607749991934
2	19	-2.5506702499988023
2	19	-2.270858749994659
2	19	-2.2663899999897694
2	19	-2.252358749989071
2	19	-2.2493587499920977
2	19	-2.177952499987441
2	19	-2.020233749994077
2	19	-2.0006712499889545
2	19	-1.9841087499953574
2	19	-1.8919212499895366
2	19	-1.8785774999996647
2	19	-1.8682337499922141
2	19	-1.6802337499975692
2	19	-1.6739837499917485
2	19	-1.6064837500016438
2	19	-1.5915462499979185
2	19	-1.4353899999987334
2	19	-1.140639999997802
2	19	-1.082764999999199
2	19	-1.0321087499905843
2	19	-0.9680462499964051
2	19	-0.8419837499968708
2	19	-0.46679624999524094
2	19	-0.46407750000071246
2	19	-0.45857750000141095
2	19	-0.4234524999919813
2	19	0.31395275000249967
2	19	0.44335899999714456
2	19	0.44929650000995025
2	19	0.48395275000075344
2	19	0.75067150000541
2	19	0.9311089999973774
2	19	1.013202750007622
2	19	1.0221715000079712
2	19	1.1137652500037802
2	19	1.1234527500055265
2	19	1.1814527500100667
2	19	1.1936715000047116
2	19	1.2107652499980759
2	19	1.4877652499999385
2	19	1.6743589999969117
2	19	1.7036714999994729
2	19	1.7189214999962132
2	19	1.9355464999971446
2	19	1.9381090000097174
2	20	-5.9579814999888185
2	20	-5.9296064999944065
2	20	-5.912981499990565
2	20	-5.8820127499930095
2	20	-5.866543999989517
2	20	-5.852043999999296
2	20	-5.844825249994756
2	20	-5.630700249996153
2	20	-5.582387749993359
2	20	-5.57966899999883
2	20	-5.5287002499972004
2	20	-5.524106500000926
2	20	-5.4847002499882365
2	20	-5.302793999988353
2	20	-5.253793999989284
2	20	-5.124981499990099
2	20	-5.1099189999949886
2	20	-4.874481499995454
2	20	-4.853825250000227
2	20	-4.79470025000046
2	20	-4.675888749989099
2	20	-4.604857500002254
2	20	-4.5466387499909615
2	20	-4.424482499991427
2	20	-4.4173262499971315
2	20	-4.392201249997015
2	20	-4.365013749993523
2	20	-4.321763749991078
2	20	-4.29073249999783
2	20	-4.220763749995967
2	20	-4.200263749997248
2	20	-4.196857499991893
2	20	-4.11513874999946
2	20	-4.09873250000237
2	20	-4.090482499988866
2	20	-3.9939199999935227
2	20	-3.9266700000007404
2	20	-3.8708574999909615
2	20	-3.7206699999951525
2	20	-3.694294999993872
2	20	-3.5709824999939883
2	20	-3.54132624999329
2	20	-3.4078887499927077
2	20	-3.3872012499923585
2	20	-3.2648574999911943
2	20	-3.255263749990263
2	20	-3.217138749998412
2	20	-3.1969200000021374
2	20	-3.0704824999993434
2	20	-3.011545000001206
2	20	-2.8888262499967823
2	20	-2.7614824999909615
2	20	-2.7338262499979464
2	20	-2.7056387499906123
2	20	-2.6998887499939883
2	20	-2.647826250002254
2	20	-2.4913574999955017
2	20	-2.426419999988866
2	20	-2.3127637500001583
2	20	-2.111827250002534
2	20	-2.106264749992988
2	20	-1.9306084999989253
2	20	-1.8936397499928717
2	20	-1.8654835000052117
2	20	-1.8378897499933373
2	20	-1.5897335000045132
2	20	-1.428108499996597
2	20	-1.3867334999958985
2	20	-1.385139749996597
2	20	-1.168546000000788
2	20	-1.1468897500017192
2	20	-1.120545999991009
2	20	-1.0481084999919403
2	20	-1.0027960000006715
2	20	-0.962858500002767
2	20	-0.9501710000040475
2	20	-0.8612647499976447
2	20	-0.7102334999945015
2	20	-0.5660459999926388
2	20	-0.5351397499907762
2	20	-0.5226709999988088
2	20	-0.5038272499950835
2	20	-0.40554599999450147
2	20	-0.401702250004746
2	20	-0.3341397500043968
2	20	-0.32713974999205675
2	20	-0.2689209999953164
2	20	-0.25935849999950733
2	20	-0.20663975000206847
2	20	-0.1909834999969462
2	20	-0.17848349999985658
2	20	-0.01363975000276696
2	20	0.07311024999944493
2	20	0.12767275000805967
2	20	0.17848524999863002
2	20	0.18404775000817608
2	20	0.27714150000247173
2	20	0.3045467500196537
2	20	0.3284530000091763
2	20	0.43501550001383293
2	20	0.4472655000136001
2	20	0.45545300001685973
2	20	0.4611717500083614
2	20	0.49420300000929274
2	20	0.8295467500138329
2	20	0.8325780000159284
2	20	1.0584217500145314
2	20	1.0603905000170926
2	20	1.0647030000109226
2	20	1.194671750010457
2	20	1.2437967500154627
2	20	1.3783592500112718
2	20	1.3953905000089435
2	20	1.421140500009642
2	20	1.4462030000140658
2	20	1.5607655000203522
2	20	1.6502030000119703
2	20	1.6952342500153463
2	20	1.812796750018606
2	20	1.8708280000137165
2	20	1.931109250013833
2	21	-5.904232000000775
2	21	-5.883294500003103
2	21	-5.413075749995187
2	21	-5.389450749993557
2	21	-5.38482574999216
2	21	-5.373419499999727
2	21	-5.113419499990414
2	21	-5.057856999992509
2	21	-5.033544499994605
2	21	-5.006044499998097
2	21	-4.950950750004267
2	21	-4.926357000003918
2	21	-4.685731999998097
2	21	-4.557794499996817
2	21	-4.507044500001939
2	21	-4.4309194999950705
2	21	-4.247982999993837
2	21	-4.242295499992906
2	21	-4.084295499997097
2	21	-4.05582675000187
2	21	-4.050514250004198
2	21	-3.766451749994303
2	21	-3.764607999997679
2	21	-3.708889250003267
2	21	-3.5584517499955837
2	21	-2.991357999999309
2	21	-2.98220174999733
2	21	-2.8160455000033835
2	21	-2.4963580000039656
2	21	-2.448920499999076
2	21	-2.419795499998145
2	21	-2.2719517499936046
2	21	-2.0889517500036163
2	21	-2.049232999997912
2	21	-1.5651714999985415
2	21	-1.4978589999955148
2	21	-1.4747027499979595
2	21	-1.4361402500071563
2	21	-1.284077749995049
2	21	-1.1416402500035474
2	21	-1.1275465000071563
2	21	-1.089796500004013
2	21	-1.0641089999990072
2	21	-1.0513902499951655
2	21	-1.0233277500083204
2	21	-0.9989840000052936
2	21	-0.8963590000057593
2	21	-0.8714527499978431
2	21	-0.868577750006807
2	21	-0.7955152500071563
2	21	-0.7395465000008699
2	21	-0.7276715000043623
2	21	-0.6748902499966789
2	21	-0.6398277499974938
2	21	-0.6280152499966789
2	21	-0.550827750004828
2	21	-0.5030152499966789
2	21	-0.40723399999842513
2	21	-0.3992339999967953
2	21	-0.25585899999714456
2	21	-0.24435900000389665
2	21	-0.22251525000319816
2	21	-0.10826525000447873
2	21	-0.09698400000343099
2	21	-0.047609000001102686
2	21	0.09739100000297185
2	21	0.2684847499913303
2	21	0.38464099999691825
2	21	0.5002972499933094
2	21	0.5972649999894202
2	21	0.6700462500011781
2	21	0.688014999992447
2	21	1.0371712499909336
2	21	1.0801399999909336
2	21	1.146389999994426
2	21	1.1984837499912828
2	21	1.2266087500029244
2	21	1.2782962499913992
2	21	1.685546249995241
2	21	1.7032962499943096
2	21	1.7898274999897694
2	21	1.8785774999996647
2	21	1.94860874999722
2	22	-5.970325249989401
2	22	-5.828481499993359
2	22	-5.713731499999994
2	22	-5.633543999996618
2	22	-5.576137749987538
2	22	-5.544293999992078
2	22	-5.5012627499963855
2	22	-5.4597314999991795
2	22	-5.457169000001159
2	22	-5.446887749989401
2	22	-5.271887750001042
2	22	-5.261512749988469
2	22	-5.079731499994523
2	22	-4.9909814999991795
2	22	-4.720762749988353
2	22	-4.480012749991147
2	22	-4.336138749989914
2	22	-4.309419999990496
2	22	-4.264888749996317
2	22	-4.242826249988866
2	22	-4.19638875000237
2	22	-4.151607499996317
2	22	-4.0437637499999255
2	22	-4.0184825000033015
2	22	-3.9934824999945704
2	22	-3.6900137499906123
2	22	-3.6816387500002747
2	22	-3.6531387499999255
2	22	-3.5706074999907287
2	22	-3.40810749999946
2	22	-3.3956387499929406
2	22	-3.3463887499965494
2	22	-3.289201249994221
2	22	-3.2697950000001583
2	22	-3.243544999990263
2	22	-3.2324200000002747
2	22	-3.204388749989448
2	22	-3.1399512499920093
2	22	-3.0376699999906123
2	22	-2.9146387499931734
2	22	-2.8816700000024866
2	22	-2.8614824999967823
2	22	-2.8532949999935227
2	22	-2.708201250003185
2	22	-2.662357499997597
2	22	-2.5072950000030687
2	22	-2.4551387499959674
2	22	-2.3411387499945704
2	22	-2.2486387499957345
2	22	-2.096451249992242
2	22	-2.044326249990263
2	22	-1.8181709999917075
2	22	-1.7304210000002058
2	22	-1.4979522499925224
2	22	-1.4490459999942686
2	22	-1.3820772500039311
2	22	-1.3068897500052117
2	22	-1.248420999996597
2	22	-1.182014749996597
2	22	-1.1214522499940358
2	22	-1.0614209999912418
2	22	-1.0278585000050953
2	22	-1.0183897499955492
2	22	-0.9261397499940358
2	22	-0.8383897500025341
2	22	-0.8332022499962477
2	22	-0.7437334999995073
2	22	-0.5450147499941522
2	22	-0.4163584999914747
2	22	-0.38542099999904167
2	22	-0.28767099999822676
2	22	-0.0837022499908926
2	22	-0.014827249993686564
2	22	0.013985249999677762
2	22	0.05223524999746587
2	22	0.06954774999758229
2	22	0.1614852500060806
2	22	0.17595400000573136
2	22	0.29814149999583606
2	22	0.4179852499946719
2	22	0.4195164999982808
2	22	0.504860250002821
2	22	0.5830790000036359
2	22	0.8012967500108061
2	22	0.834078000014415
2	22	0.8531092500197701
2	22	0.9199842500092927
2	22	0.9819530000095256
2	22	1.067109250012436
2	22	1.1961717500089435
2	22	1.3064530000119703
2	22	1.3954842500097584
2	22	1.4392030000162777
2	22	1.452609250016394
2	22	1.475828000009642
2	22	1.47910925000906
2	22	1.8570780000154627
2	22	1.9728280000126688
2	23	-5.943888249981683
2	23	-5.921794499983662
2	23	-5.851638249994721
2	23	-5.80320074998599
2	23	-5.589981999990414
2	23	-5.558638249989599
2	23	-5.544700749989715
2	23	-5.542638249986339
2	23	-5.533763249986805
2	23	-5.523919499988551
2	23	-5.513794499987853
2	23	-5.494138249981916
2	23	-5.474419499994838
2	23	-5.469450749995303
2	23	-5.355138249986339
2	23	-5.200731999982963
2	23	-5.029200749981101
2	23	-4.964481999981217
2	23	-4.934325749985874
2	23	-4.849950749994605
2	23	-4.700325749989133
2	23	-4.542794499982847
2	23	-4.499325749988202
2	23	-4.319669499993324
2	23	-4.29845174998627
2	23	-4.286482999988948
2	23	-4.186857999986387
2	23	-4.101076749997446
2	23	-4.075670499994885
2	23	-3.9881392499955837
2	23	-3.899264249994303
2	23	-3.853014249994885
2	23	-3.8500454999884823
2	23	-3.7104829999880167
2	23	-3.4822642499930225
2	23	-3.4650767499842914
2	23	-3.3223267499852227
2	23	-3.319389249983942
2	23	-3.2739204999961657
2	23	-3.2317329999932554
2	23	-3.038014249992557
2	23	-2.996295499993721
2	23	-2.9279829999868525
2	23	-2.914576749986736
2	23	-2.785545499995351
2	23	-2.7474829999846406
2	23	-2.735826749994885
2	23	-2.6205142499966314
2	23	-2.570389249987784
2	23	-2.3727642499870853
2	23	-2.3673579999885987
2	23	-2.3291704999865033
2	23	-2.2503579999902286
2	23	-2.1739517499954673
2	23	-2.1450142499961657
2	23	-2.105764249994536
2	23	-2.0180142499884823
2	23	-1.9718579999898793
2	23	-1.9137954999896465
2	23	-1.8944829999963986
2	23	-1.7477339999895776
2	23	-1.7149527499859687
2	23	-1.635515249989112
2	23	-1.6184214999957476
2	23	-1.6058902499935357
2	23	-1.518327749989112
2	23	-1.4472027499869
2	23	-1.4171402499923715
2	23	-1.335358999989694
2	23	-1.2127964999963297
2	23	-1.1630464999907417
2	23	-1.0137339999928372
2	23	-0.9786402499885298
2	23	-0.7381714999937685
2	23	-0.6722339999978431
2	23	-0.555452749991673
2	23	-0.327858999997261
2	23	-0.29070274998957757
2	23	-0.21673399998690002
2	23	-0.17273399999248795
2	23	-0.0897652499988908
2	23	0.03985975000250619
2	23	0.053234750012052245
2	23	0.12223475000064354
2	23	0.2689222500048345
2	23	0.28442225001344923
2	23	0.2956722500093747
2	23	0.30201600000145845
2	23	0.4756722500023898
2	23	0.5269535000115866
2	23	0.637297250010306
2	23	0.6520785000029719
2	23	0.6797035000054166
2	23	0.7252962500060676
2	23	0.797296250006184
2	23	0.9077650000108406
2	23	0.9835462500050198
2	23	1.0137025000003632
2	23	1.0404212499997811
2	23	1.1730462500127032
2	23	1.1767025000008289
2	23	1.2562337499985006
2	23	1.2633900000073481
2	23	1.3477962500037393
2	23	1.374077500004205
2	23	1.501046250006766
2	23	1.5972337499988498
2	23	1.6144837500032736
2	23	1.6358275000093272
2	23	1.7833275000011781
2	24	-5.942981750020408
2	24	-5.847294250022969
2	24	-5.705888000011328
2	24	-5.618981750012608
2	24	-5.481138000017381
2	24	-5.2508880000095814
2	24	-5.140356750009232
2	24	-5.1094505000219215
2	24	-5.019669250017614
2	24	-4.970481750016916
2	24	-4.943106750011793
2	24	-4.902950500021689
2	24	-4.78366925001319
2	24	-4.775888000018313
2	24	-4.56570050001028
2	24	-4.548481750010978
2	24	-4.542981750011677
2	24	-4.483388000022387
2	24	-4.452856750009232
2	24	-4.433044250021339
2	24	-4.39382550001028
2	24	-4.300981750013307
2	24	-4.260075500016683
2	24	-4.245013000021572
2	24	-4.213545250022435
2	24	-4.13904525001999
2	24	-3.806107750016963
2	24	-3.8009827500209212
2	24	-3.7659515000123065
2	24	-3.59607650001999
2	24	-3.454732750018593
2	24	-3.095357750018593
2	24	-2.97538900001382
2	24	-2.95154525001999
2	24	-2.84607650001999
2	24	-2.6695140000229003
2	24	-2.640389000021969
2	24	-2.502045250017545
2	24	-2.3350140000111423
2	24	-2.2608265000162646
2	24	-2.056389000019408
2	24	-1.9849827500147512
2	24	-1.960076500021387
2	24	-1.938795250011026
2	24	-1.8667952500109095
2	24	-1.7584202500147512
2	24	-1.7513577500212705
2	24	-1.7272337500035064
2	24	-1.7019525000068825
2	24	-1.6884212500008289
2	24	-1.5868275000102585
2	24	-1.5559212500083959
2	24	-1.495296250010142
2	24	-1.4828899999993155
2	24	-1.3962650000030408
2	24	-1.3864525000099093
2	24	-1.342015000001993
2	24	-1.3024212500022259
2	24	-1.2700775000121212
2	24	-1.1992962500080466
2	24	-1.1741712500079302
2	24	-1.0475462500035064
2	24	-1.0105462500068825
2	24	-1.0019525000097929
2	24	-0.8819837500050198
2	24	-0.874702500004787
2	24	-0.8572962500038557
2	24	-0.8286712500121212
2	24	-0.8247650000121212
2	24	-0.8012337500113063
2	24	-0.7556400000030408
2	24	-0.6958587500121212
2	24	-0.4988275000068825
2	24	-0.4541400000016438
2	24	-0.3324212500010617
2	24	-0.27107750000141095
2	24	-0.024858750010025688
2	24	0.10079749999567866
2	24	0.11010999999416526
2	24	0.11335999998846091
2	24	0.13714125000115018
2	24	0.20704749999276828
2	24	0.9339214999927208
2	24	1.034577749989694
2	24	1.1352027499960968
2	24	1.1448277499875985
2	24	1.3194839999923715
2	24	1.3559839999943506
2	24	1.4363902499899268
2	24	1.4587339999998221
2	24	1.544233999986318
2	24	1.5472027499927208
2	24	1.5597027499898104
2	24	1.5672339999873657
2	24	1.6222027499898104
2	24	1.971671499995864
2	25	-5.989419000005
2	25	-5.921231500004069
2	25	-5.638481500005582
2	25	-5.610856500003138
2	25	-5.590137749997666
2	25	-5.543168999996851
2	25	-5.453825250006048
2	25	-5.393762749998132
2	25	-5.382419000001391
2	25	-5.208918999996968
2	25	-5.192544000005
2	25	-5.189356500006397
2	25	-5.182137750001857
2	25	-5.166231499999412
2	25	-5.162637750006979
2	25	-5.144262750007329
2	25	-4.996419000002788
2	25	-4.93573149999429
2	25	-4.927012750005815
2	25	-4.898012749996269
2	25	-4.886543999993592
2	25	-4.7963877500005765
2	25	-4.769512750004651
2	25	-4.563544000004185
2	25	-4.394231500002206
2	25	-4.276887750005699
2	25	-4.259981499999412
2	25	-4.237637750004069
2	25	-4.180387750006048
2	25	-4.101544000004651
2	25	-4.047575250006048
2	25	-3.949418999996851
2	25	-3.91579400000046
2	25	-3.7616700000071432
2	25	-3.720638750004582
2	25	-3.660482499995851
2	25	-3.6037950000027195
2	25	-3.51357624999946
2	25	-3.4671700000035344
2	25	-3.430420000004233
2	25	-3.338232499998412
2	25	-3.279638749998412
2	25	-3.0308262500038836
2	25	-2.985732500004815
2	25	-2.9617637500050478
2	25	-2.9434199999959674
2	25	-2.933701250003651
2	25	-2.891763749998063
2	25	-2.8680762500007404
2	25	-2.840607500009355
2	25	-2.672607500004233
2	25	-2.5499200000049314
2	25	-2.504857499996433
2	25	-2.4089824999973644
2	25	-2.3779825000092387
2	25	-2.3362012500001583
2	25	-2.322826250005164
2	25	-2.2243887500080746
2	25	-2.1685762499982957
2	25	-2.1320762499963166
2	25	-2.07588874999783
2	25	-2.0455137499957345
2	25	-2.031076250001206
2	25	-1.9875137500057463
2	25	-1.947701249999227
2	25	-1.9327325000049314
2	25	-1.923951250006212
2	25	-1.886638750002021
2	25	-1.8140450000064448
2	25	-1.7255137500033015
2	25	-1.6752324999979464
2	25	-1.5708887500077253
2	25	-1.556045000004815
2	25	-1.5350137500063283
2	25	-1.4027950000017881
2	25	-1.3977637500065612
2	25	-1.3854825000016717
2	25	-1.3665137500065612
2	25	-1.3570762500021374
2	25	-1.3409824999980628
2	25	-1.120452250004746
2	25	-1.094233499999973
2	25	-1.0490772500052117
2	25	-0.9260147500026505
2	25	-0.9182335000077728
2	25	-0.8575772500043968
2	25	-0.6881397500110324
2	25	-0.6766084999981103
2	25	-0.6257334999972954
2	25	-0.382889750006143
2	25	-0.3788585000002058
2	25	-0.006389750007656403
2	25	0.16023524999036454
2	25	0.18086024999502115
2	25	0.25295399999595247
2	25	0.2620164999971166
2	25	0.2931102500006091
2	25	0.4660477500001434
2	25	0.7247977499937406
2	25	0.7330477499926928
2	25	0.8672664999903645
2	25	0.8702352499967674
2	25	0.9146102499944391
2	25	0.9666727500007255
2	25	1.1889529999898514
2	25	1.2189529999886872
2	25	1.2276404999865917
2	25	1.2349842499970691
2	25	1.2729842499975348
2	25	1.4404217499977676
2	25	1.5380779999977676
2	25	1.5659529999975348
2	25	1.6303904999949737
2	25	1.6971717499982333
2	25	1.7786717499984661
2	25	1.8091092499962542
2	25	1.9682967499975348
2	26	-5.894637499994133
2	26	-5.6432937500067055
2	26	-5.56957500000135
2	26	-5.455293749997509
2	26	-5.34007500000007
2	26	-5.19104375000461
2	26	-5.093481250005425
2	26	-4.939731250007753
2	26	-4.768669750003028
2	26	-4.76557600000524
2	26	-4.680419750002329
2	26	-4.411138499999652
2	26	-4.252513500003261
2	26	-4.046982250001747
2	26	-3.9774197500082664
2	26	-3.9701072500029113
2	26	-3.935232250005356
2	26	-3.8973260000057053
2	26	-3.859763500004192
2	26	-3.83551350000198
2	26	-3.7614509999984875
2	26	-3.6936072499956936
2	26	-3.5424822500062874
2	26	-3.405294750002213
2	26	-3.3800447499961592
2	26	-3.312607250001747
2	26	-3.286388499996974
2	26	-3.223576000003959
2	26	-3.2016385000024457
2	26	-3.1884510000090813
2	26	-3.0591385000006994
2	26	-2.923419750004541
2	26	-2.891513499998837
2	26	-2.855544749996625
2	26	-2.8235134999995353
2	26	-2.7961072500038426
2	26	-2.7108885000052396
2	26	-2.70620100000815
2	26	-2.685138500004541
2	26	-2.657263500004774
2	26	-2.6401385000062874
2	26	-2.5719822499959264
2	26	-2.5419822499970905
2	26	-2.4608885000052396
2	26	-2.3465447500057053
2	26	-2.0650457499868935
2	26	-1.8993582499824697
2	26	-1.771514499996556
2	26	-1.6182957499840995
2	26	-1.5318582499894546
2	26	-1.4909207499877084
2	26	-1.4027332499827025
2	26	-1.3771394999930635
2	26	-1.18742074999318
2	26	-1.0067332499893382
2	26	-0.9012019999936456
2	26	-0.8239519999915501
2	26	-0.7502019999956246
2	26	-0.7334207499952754
2	26	-0.6645457499835175
2	26	-0.6351394999946933
2	26	-0.5997957499930635
2	26	-0.5789832499867771
2	26	-0.5637332499900367
2	26	-0.533326999982819
2	26	-0.4476394999946933
2	26	-0.41317074999096803
2	26	-0.3782644999882905
2	26	-0.1197332499868935
2	26	-0.11098324999329634
2	26	-0.09326449998479802
2	26	-0.06248324998887256
2	26	-0.05401449998316821
2	26	0.08445425001264084
2	26	0.11551675001101103
2	26	0.1238605000107782
2	26	0.17279700000653975
2	26	0.17710950001492165
2	26	0.21198450001247693
2	26	0.25010950000432786
2	26	0.3739532500039786
2	26	0.3866720000078203
2	26	0.5112032500037458
2	26	0.5521095000149217
2	26	0.7148907500086352
2	26	0.7870470000052592
2	26	0.8568907500011846
2	26	0.8683595000038622
2	26	0.8818282500142232
2	26	0.8960782500071218
2	26	0.9034845000132918
2	26	0.9935157500149217
2	26	1.0605470000155037
2	26	1.2035157500067726
2	26	1.2195782500057248
2	26	1.2310157500032801
2	26	1.4845782500051428
2	26	1.56282825001108
2	26	1.7150470000051428
2	26	1.7906720000028145
2	26	1.9804220000078203
2	26	1.9941407500155037
2	27	-5.975449999998091
2	27	-5.790106250002282
2	27	-5.75004374999844
2	27	-5.7325125000061234
2	27	-5.654668750008568
2	27	-5.615731249999953
2	27	-5.584950000004028
2	27	-5.450043750010082
2	27	-5.441387500002747
2	27	-5.15510625000752
2	27	-5.151762499997858
2	27	-5.089543750000303
2	27	-4.934981250000419
2	27	-4.864043749999837
2	27	-4.7187947500060545
2	27	-4.709607250013505
2	27	-4.663732250002795
2	27	-4.576763500008383
2	27	-4.574232250000932
2	27	-4.487575999999535
2	27	-4.483826000010595
2	27	-4.460919750010362
2	27	-4.109607250007684
2	27	-4.07691975000489
2	27	-4.072763500007568
2	27	-4.037794750009198
2	27	-3.9394197500078008
2	27	-3.82788850000361
2	27	-3.7588885000004666
2	27	-3.623857250000583
2	27	-3.59704475000035
2	27	-3.5683885000034934
2	27	-3.5064197500032606
2	27	-3.4697947500098962
2	27	-3.430513500003144
2	27	-3.3359822500060545
2	27	-3.333888500012108
2	27	-3.3187947500118753
2	27	-3.201888499999768
2	27	-3.184107250010129
2	27	-3.1312010000110604
2	27	-2.9604510000062874
2	27	-2.7598260000086157
2	27	-2.713919750007335
2	27	-2.6764510000066366
2	27	-2.656544750003377
2	27	-2.5582010000071023
2	27	-2.4665135000104783
2	27	-2.458794750011293
2	27	-2.445732250009314
2	27	-2.4428885000088485
2	27	-2.434732250010711
2	27	-2.4292322500114096
2	27	-2.2513885000080336
2	27	-2.223888500011526
2	27	-2.2082010000012815
2	27	-2.076702000005753
2	27	-2.008358250008314
2	27	-1.9663895000121556
2	27	-1.9262020000023767
2	27	-1.9170457500149496
2	27	-1.7549207500123885
2	27	-1.7310770000040065
2	27	-1.717764500004705
2	27	-1.5623895000026096
2	27	-1.5362645000132034
2	27	-1.5197645000152988
2	27	-1.449358250014484
2	27	-1.3916707500029588
2	27	-1.3877020000072662
2	27	-1.3625457500020275
2	27	-1.3258582500129705
2	27	-1.2443582500127377
2	27	-1.2423895000101766
2	27	-1.1633270000020275
2	27	-1.1513895000098273
2	27	-1.148483250013669
2	27	-1.1433270000125049
2	27	-0.9938895000086632
2	27	-0.9277020000154153
2	27	-0.7692332500155317
2	27	-0.76432700001169
2	27	-0.7576395000069169
2	27	-0.7489520000090124
2	27	-0.6172645000042394
2	27	-0.592139500004123
2	27	-0.588233250004123
2	27	-0.5631707500142511
2	27	-0.3491082500113407
2	27	-0.3423270000057528
2	27	-0.32945200000540353
2	27	-0.21688950000680052
2	27	-0.011170750003657304
2	27	0.06742299998586532
2	27	0.11973549998947419
2	27	0.1432667499902891
2	27	0.1607979999971576
2	27	0.17479799999273382
2	27	0.5833907499909401
2	27	0.5935782499873312
2	27	0.6197344999964116
2	27	0.6666719999921042
2	27	0.7083282499952475
2	27	0.7920782499859342
2	27	0.8817657499894267
2	27	0.8923907499847701
2	27	0.9060157499916386
2	27	0.9525469999935012
2	27	1.1222969999944326
2	27	1.1961719999962952
2	27	1.244765749986982
2	27	1.4365157499851193
2	27	1.6060157499887282
2	27	1.650296999985585
2	27	1.654828249986167
2	27	1.7887032499857014
2	27	1.8195157499867491
2	27	1.8806094999890774
2	27	1.957671999989543
2	28	-5.840450500007137
2	28	-5.789200500003062
2	28	-5.759075500012841
2	28	-5.751325500008534
2	28	-5.673450500005856
2	28	-5.63954425000702
2	28	-5.481106750012259
2	28	-5.45651300001191
2	28	-5.453825500007952
2	28	-5.428888000009465
2	28	-5.409138000002713
2	28	-5.377325500012375
2	28	-5.192419250015519
2	28	-5.037825500010513
2	28	-5.008888000011211
2	28	-4.996200500012492
2	28	-4.779231750013423
2	28	-4.723169250006322
2	28	-4.627325500012375
2	28	-4.581763000009232
2	28	-4.4631692500115605
2	28	-4.45260675001191
2	28	-4.444481750004343
2	28	-4.347639000014169
2	28	-4.334076500017545
2	28	-4.331982750009047
2	28	-4.281295250009862
2	28	-4.252045250017545
2	28	-4.1541077500151005
2	28	-4.151920250005787
2	28	-3.9966390000045067
2	28	-3.871670250009629
2	28	-3.8528265000059037
2	28	-3.7702640000061365
2	28	-3.6549515000078827
2	28	-3.54942025001219
2	28	-3.4346390000137035
2	28	-3.3996077500050887
2	28	-3.3840765000059037
2	28	-3.3642327500128886
2	28	-3.3589827500109095
2	28	-3.3064515000151005
2	28	-3.2277327500050887
2	28	-3.178607750014635
2	28	-3.11601400001382
2	28	-3.102264000015566
2	28	-3.0775452500092797
2	28	-3.043451500008814
2	28	-2.9475140000140527
2	28	-2.8825452500168467
2	28	-2.8681077500077663
2	28	-2.6964515000145184
2	28	-2.6897952500148676
2	28	-2.3439827500114916
2	28	-2.221201500011375
2	28	-2.196920250004041
2	28	-2.185639000017545
2	28	-2.091170250016148
2	28	-2.0595452500128886
2	28	-1.9971702500042738
2	28	-1.959670250013005
2	28	-1.9448890000057872
2	28	-1.9201087499968708
2	28	-1.8572025000030408
2	28	-1.8446399999957066
2	28	-1.7377337499929126
2	28	-1.7302024999953574
2	28	-1.7216087499982677
2	28	-1.698702499998035
2	28	-1.6422650000022259
2	28	-1.6288587500021094
2	28	-1.5392962500045542
2	28	-1.4683899999945424
2	28	-1.4478275000001304
2	28	-1.4233899999962887
2	28	-1.4204837500001304
2	28	-1.4072024999913992
2	28	-1.3834524999983842
2	28	-1.3407650000008289
2	28	-1.2947025000030408
2	28	-1.2783899999922141
2	28	-1.1550462500017602
2	28	-0.9905462500028079
2	28	-0.9840462499996647
2	28	-0.6673900000023423
2	28	-0.4929837499948917
2	28	-0.45167125000443775
2	28	-0.4473900000011781
2	28	-0.44104624999454245
2	28	-0.40398375000222586
2	28	-0.3575462500011781
2	28	-0.3054837499948917
2	28	-0.22923374999663793
2	28	-0.20073374999628868
2	28	-0.17401499999687076
2	28	-0.15438999999605585
2	28	-0.1352024999941932
2	28	-0.1027650000032736
2	28	0.2082349999982398
2	28	0.2538287500065053
2	28	0.3455475000082515
2	28	0.44014125000103377
2	28	0.4571412500081351
2	28	0.4829850000096485
2	28	0.485703750004177
2	28	0.506672500006971
2	28	0.9686402499937685
2	28	1.0278902499994729
2	28	1.259921499993652
2	28	1.2786714999965625
2	28	1.3145777500030817
2	28	1.3269527499942342
2	28	1.3457964999979595
2	28	1.3829215000005206
2	28	1.4067964999994729
2	28	1.548671500000637
2	28	1.7601715000055265
2	28	1.7901089999941178
2	28	1.9412339999980759
2	29	-5.969825499996659
2	29	-5.888606749998871
2	29	-5.825481749998289
2	29	-5.76223174999177
2	29	-5.668888000000152
2	29	-5.636200499997358
2	29	-5.421387999987928
2	29	-5.157044249994215
2	29	-5.100544249988161
2	29	-5.036794249986997
2	29	-4.946544249993167
2	29	-4.942950500000734
2	29	-4.759950499996194
2	29	-4.6057317499944475
2	29	-4.5833254999888595
2	29	-4.286637999990489
2	29	-4.185545250002178
2	29	-4.10179524999694
2	29	-4.0017640000005485
2	29	-3.9781389999989187
2	29	-3.964607749992865
2	29	-3.9096389999904204
2	29	-3.8157014999887906
2	29	-3.7574202499963576
2	29	-3.7344827499910025
2	29	-3.6863577499898383
2	29	-3.6052639999979874
2	29	-3.5883889999968233
2	29	-3.5581702499912353
2	29	-3.4548577499954263
2	29	-3.438263999996707
2	29	-3.42151400000148
2	29	-3.394295249992865
2	29	-3.384201499997289
2	29	-3.366232749991468
2	29	-3.122076499988907
2	29	-3.0913889999937965
2	29	-2.940732749993913
2	29	-2.811232749998453
2	29	-2.7066077499912353
2	29	-2.573576499999035
2	29	-2.435388999991119
2	29	-2.3962014999997336
2	29	-2.2462952499918174
2	29	-2.242264000000432
2	29	-2.2350139999907697
2	29	-2.2132014999951934
2	29	-2.1455764999991516
2	29	-2.057420249999268
2	29	-2.0429827499901876
2	29	-2.00785774999531
2	29	-1.9882952499901876
2	29	-1.9679202499974053
2	29	-1.9312327499937965
2	29	-1.7695149999926798
2	29	-1.6361712499929126
2	29	-1.5846400000009453
2	29	-1.5251087499927962
2	29	-1.409046250002575
2	29	-1.3619837500009453
2	29	-1.3513275000004796
2	29	-1.3047337500029244
2	29	-1.228827500002808
2	29	-1.2264212500012945
2	29	-1.2094837500044378
2	29	-1.1512649999931455
2	29	-1.1103900000016438
2	29	-1.0334524999925634
2	29	-0.9961400000029244
2	29	-0.9740462500049034
2	29	-0.9083899999968708
2	29	-0.8691712500003632
2	29	-0.8298899999936111
2	29	-0.7923274999920977
2	29	-0.7733900000021094
2	29	-0.4952649999904679
2	29	-0.20438999999896623
2	29	-0.1447337499994319
2	29	-0.0682024999987334
2	29	0.04814125000848435
2	29	0.055766250006854534
2	29	0.4521099999983562
2	29	0.4600475000042934
2	29	0.5358287499984726
2	29	0.6581724999996368
2	29	0.7769839999964461
2	29	0.8225464999995893
2	29	0.9730777499935357
2	29	1.0172652500041295
2	29	1.09482774999924
2	29	1.107984000002034
2	29	1.123515250001219
2	29	1.1512340000044787
2	29	1.16904649999924
2	29	1.1733277500024997
2	29	1.2807339999999385
2	29	1.2862027499941178
2	29	1.351921499997843
2	29	1.3986402500013355
2	29	1.5178902500047116
2	29	1.5293590000073891
2	29	1.8980465000058757
2	29	1.940734000003431
2	29	1.9566090000007534
2	30	-5.952856750009232
2	30	-5.850013000017498
2	30	-5.812481750006555
2	30	-5.803356750009698
2	30	-5.729731750005158
2	30	-5.467044250006438
2	30	-5.443294250013423
2	30	-5.420513000004576
2	30	-5.405106750011328
2	30	-5.345419250006671
2	30	-5.325263000006089
2	30	-5.265825500013307
2	30	-5.2064817500067875
2	30	-5.010919250009465
2	30	-4.936325500006205
2	30	-4.884231750009349
2	30	-4.721450500015635
2	30	-4.524825500004226
2	30	-4.499388000011095
2	30	-4.465138000014122
2	30	-4.459919250017265
2	30	-4.369700500014005
2	30	-4.359231750015169
2	30	-4.324794250016566
2	30	-4.313544250006089
2	30	-4.251731750016916
2	30	-4.242106750010862
2	30	-4.181420249995426
2	30	-4.168545249995077
2	30	-4.133545249991585
2	30	-4.055013999997755
2	30	-4.030388999992283
2	30	-3.9324515000043903
2	30	-3.9046077499951934
2	30	-3.899638999995659
2	30	-3.896451499997056
2	30	-3.8469515000033425
2	30	-3.602264000001014
2	30	-3.536357749995659
2	30	-3.4237327500013635
2	30	-3.4198265000013635
2	30	-3.4051077500043903
2	30	-3.4003890000021784
2	30	-3.2285140000021784
2	30	-3.1784515000035753
2	30	-3.1703577500011306
2	30	-3.1124514999974053
2	30	-3.0613577500043903
2	30	-2.856264000001829
2	30	-2.637607750002644
2	30	-2.4892014999932144
2	30	-2.4295140000031097
2	30	-2.2531077500025276
2	30	-2.239576499996474
2	30	-2.0462640000041574
2	30	-2.0445139999937965
2	30	-2.0324202500050887
2	30	-2.0285140000050887
2	30	-2.0242952499975218
2	30	-2.0127327499940293
2	30	-1.8622327500052052
2	30	-1.8017327499983367
2	30	-1.691015000003972
2	30	-1.3359212500072317
2	30	-1.289796249999199
2	30	-0.9913587500050198
2	30	-0.9812337500043213
2	30	-0.977796249993844
2	30	-0.8993274999957066
2	30	-0.6899212499993155
2	30	-0.6868275000015274
2	30	-0.6842024999932619
2	30	-0.6727649999957066
2	30	-0.6593275000050198
2	30	-0.4730462500010617
2	30	-0.4280774999933783
2	30	-0.4237649999995483
2	30	-0.36110875000304077
2	30	-0.044265000004088506
2	30	0.43757875000301283
2	30	0.4982350000063889
2	30	0.6332974999968428
2	30	1.1472027499985415
2	30	1.2707339999906253
2	30	1.3328277499967953
2	30	1.3737339999934193
2	30	1.388921499994467
2	30	1.5187027499923715
2	30	1.5256090000038967
2	30	1.7598589999979595
2	30	1.8221714999963297
2	30	1.8837340000027325
2	30	1.897358999995049
2	30	1.9232964999973774
2	30	1.9295777499937685
2	31	-5.894107000000076
2	31	-5.867169499993906
2	31	-5.785419499996351
2	31	-5.75220074999379
2	31	-5.730919499997981
2	31	-5.709325749994605
2	31	-5.691263250002521
2	31	-5.68170074999216
2	31	-5.670606999992742
2	31	-5.659606999994139
2	31	-5.6521382499922765
2	31	-5.525950750001357
2	31	-5.506200749994605
2	31	-5.499013249995187
2	31	-5.492731999998796
2	31	-5.368638250001823
2	31	-5.352450749996933
2	31	-5.2592319999967
2	31	-5.128513250005199
2	31	-5.034981999997399
2	31	-4.985856999992393
2	31	-4.952888250001706
2	31	-4.920575750002172
2	31	-4.732763249994605
2	31	-4.645794500000193
2	31	-4.638075750001008
2	31	-4.53616950000287
2	31	-4.533607000004849
2	31	-4.490638250004849
2	31	-4.469606999991811
2	31	-4.373200749992975
2	31	-4.335638249991462
2	31	-4.332513250003103
2	31	-4.323325749996002
2	31	-4.2941695000045
2	31	-4.167638250000891
2	31	-4.10373200000322
2	31	-4.075200749997748
2	31	-4.027263249998214
2	31	-3.7803580000036163
2	31	-3.6379204999975627
2	31	-3.5532954999944195
2	31	-3.488795500001288
2	31	-3.4366392499941867
2	31	-3.3366079999977956
2	31	-3.2920767500036163
2	31	-3.2827330000000075
2	31	-3.1993892500031507
2	31	-3.1265454999957
2	31	-3.109076749999076
2	31	-3.067451750001055
2	31	-3.034451750005246
2	31	-3.014607999997679
2	31	-2.9322017499944195
2	31	-2.895451749995118
2	31	-2.845514250002452
2	31	-2.7814205000031507
2	31	-2.7662954999977956
2	31	-2.5445455000008224
2	31	-2.400889249998727
2	31	-2.3701080000028014
2	31	-2.342608000006294
2	31	-2.285170500006643
2	31	-2.222982999999658
2	31	-2.1421080000000075
2	31	-2.1388267500005895
2	31	-2.1233892500022193
2	31	-2.0967642500036163
2	31	-1.936983000006876
2	31	-1.9334517499955837
2	31	-1.8705455000017537
2	31	-1.859576749993721
2	31	-1.8084517499955837
2	31	-1.6357642499933718
2	31	-1.5735767500009388
2	31	-1.554076750006061
2	31	-1.4537027500045951
2	31	-1.4100152500031982
2	31	-1.3782027499983087
2	31	-1.2455465000093682
2	31	-1.1409527500072727
2	31	-1.0727027499960968
2	31	-1.042702749997261
2	31	-0.9370777500007534
2	31	-0.8924527500057593
2	31	-0.8544527500052936
2	31	-0.8056402500078548
2	31	-0.6344214999990072
2	31	-0.6105777500051772
2	31	-0.5812965000077384
2	31	-0.4836090000026161
2	31	-0.4336089999997057
2	31	-0.38789025000005495
2	31	-0.33829650000552647
2	31	-0.3014839999959804
2	31	-0.15682775000459515
2	31	-0.11689025000669062
2	31	-0.004702749996795319
2	31	0.016172249990631826
2	31	0.11410974999307655
2	31	0.18101600000227336
2	31	0.19395349999831524
2	31	0.2050159999926109
2	31	0.2141410000040196
2	31	0.21976599999470636
2	31	0.262703500004136
2	31	0.3348909999913303
2	31	0.39735975000075996
2	31	0.4662972499936586
2	31	0.4989534999913303
2	31	0.6173597500019241
2	31	0.6220472499990137
2	31	0.6661409999942407
2	31	0.687047250001342
2	31	0.7539222499908647
2	31	0.7630784999928437
2	31	0.8654222500044852
2	31	0.9070784999930765
2	31	0.9599222499964526
2	31	1.0398587499948917
2	31	1.0699524999945424
2	31	1.229546249989653
2	31	1.2818275000026915
2	31	1.3810149999917485
2	31	1.4099837499961723
2	31	1.491358749990468
2	31	1.6335774999897694
2	32	-5.944919500005199
2	32	-5.915794500004267
2	32	-5.906482000005781
2	32	-5.892263250003452
2	32	-5.842482000007294
2	32	-5.829013250011485
2	32	-5.782544500005315
2	32	-5.75060700000904
2	32	-5.713794499999494
2	32	-5.70098200000939
2	32	-5.584950750009739
2	32	-5.507950750004966
2	32	-5.504294500002288
2	32	-5.477482000002055
2	32	-5.441700750001473
2	32	-5.259107000005315
2	32	-5.2494819999992615
2	32	-5.228075750012067
2	32	-5.220357000012882
2	32	-5.068700750009157
2	32	-4.991607000003569
2	32	-4.892982000004849
2	32	-4.853669500007527
2	32	-4.84591950000322
2	32	-4.644169500010321
2	32	-4.568825750000542
2	32	-4.142139249990578
2	32	-4.110670499998378
2	32	-4.076826749995234
2	32	-3.99413924998953
2	32	-3.9193267499940703
2	32	-3.7920142499933718
2	32	-3.7715454999997746
2	32	-3.752264249997097
2	32	-3.7367017499927897
2	32	-3.711857999995118
2	32	-3.664139249987784
2	32	-3.574607999995351
2	32	-3.430420499993488
2	32	-3.4042329999938374
2	32	-3.387451749993488
2	32	-3.3371392499975627
2	32	-3.33376424999733
2	32	-3.2712329999922076
2	32	-3.2447017499944195
2	32	-3.242482999994536
2	32	-3.178326749999542
2	32	-3.132201749991509
2	32	-3.078201749987784
2	32	-2.987982999999076
2	32	-2.939732999991975
2	32	-2.9343579999986105
2	32	-2.917670499999076
2	32	-2.7896392499969807
2	32	-2.758514249988366
2	32	-2.7127329999930225
2	32	-2.6467329999868525
2	32	-2.5144517499866197
2	32	-2.4898267499957
2	32	-2.4537954999977956
2	32	-2.326264249990345
2	32	-2.304045499986387
2	32	-2.129201749994536
2	32	-2.112889249998261
2	32	-1.9319204999919748
2	32	-1.8943892499955837
2	32	-1.87282674999733
2	32	-1.8634517499885987
2	32	-1.860607999988133
2	32	-1.7318579999991925
2	32	-1.6037027499987744
2	32	-1.5892964999948163
2	32	-1.5442652499914402
2	32	-1.362390249996679
2	32	-1.3569215000024997
2	32	-1.2920152500009863
2	32	-1.237296499995864
2	32	-1.233890249990509
2	32	-1.1969214999990072
2	32	-1.1820152500004042
2	32	-1.1558589999913238
2	32	-1.068921500002034
2	32	-1.026858999990509
2	32	-0.9329214999888791
2	32	-0.845546500000637
2	32	-0.8043590000015683
2	32	-0.765358999997261
2	32	-0.7130777499987744
2	32	-0.6914839999953983
2	32	-0.6663589999952819
2	32	-0.6598277500015683
2	32	-0.6464215000014519
2	32	-0.512171499998658
2	32	-0.5088277499889955
2	32	-0.4909839999891119
2	32	-0.4755464999907417
2	32	-0.45398399999248795
2	32	-0.43707775000075344
2	32	-0.3734215000004042
2	32	-0.3233277499966789
2	32	-0.2962027499888791
2	32	-0.25207774998852983
2	32	-0.11251524998806417
2	32	-0.050640249988646246
2	32	0.027578499997616746
2	32	0.04135975000099279
2	32	0.09489100000064354
2	32	0.21320350001042243
2	32	0.3736722500034375
2	32	0.42460974999994505
2	32	0.49873474999913014
2	32	0.5335785000061151
2	32	0.5373910000053002
2	32	0.6953285000054166
2	32	0.708734750005533
2	32	0.8462650000001304
2	32	0.8700150000076974
2	32	0.9457025000010617
2	32	1.0057337500038557
2	32	1.1419525000092108
2	32	1.197577500002808
2	32	1.408015000008163
2	32	1.5144212500017602
2	32	1.6028900000092108
2	32	1.6891087499971036
2	32	1.7220775000023423
2	32	1.8481087499967543
2	32	1.980796250005369
2	33	-5.966231500002323
2	33	-5.905512750003254
2	33	-5.814106499994523
2	33	-5.772575249997317
2	33	-5.76754400000209
2	33	-5.5694190000067465
2	33	-5.501168999995571
2	33	-5.434418999997433
2	33	-5.257387749996269
2	33	-5.231606500005
2	33	-5.140575249999529
2	33	-5.127075249998597
2	33	-5.0971690000005765
2	33	-4.997731499999645
2	33	-4.860825249998015
2	33	-4.831075249996502
2	33	-4.783418999999412
2	33	-4.6198877499991795
2	33	-4.576012749996153
2	33	-4.564731499995105
2	33	-4.534794000006514
2	33	-4.4441064999991795
2	33	-4.4373252500081435
2	33	-4.41638774999592
2	33	-4.36129400000209
2	33	-4.194512750007561
2	33	-4.185356500005582
2	33	-4.106543999994756
2	33	-4.030169000005117
2	33	-3.791357499998412
2	33	-3.788045000008424
2	33	-3.721763749999809
2	33	-3.662232500006212
2	33	-3.5368887500080746
2	33	-3.31748250000237
2	33	-3.2900450000015553
2	33	-3.266888750004
2	33	-3.247482500009937
2	33	-3.234420000007958
2	33	-3.1684512500069104
2	33	-3.1332012500060955
2	33	-3.123670000000857
2	33	-3.101357499996084
2	33	-2.786732499997015
2	33	-2.6635450000030687
2	33	-2.499295000001439
2	33	-2.345638750004582
2	33	-2.2722637499973644
2	33	-2.2232637499982957
2	33	-2.127076250006212
2	33	-2.089451250009006
2	33	-1.9866387500078417
2	33	-1.8903575000003912
2	33	-1.8349825000041164
2	33	-1.7462637499993434
2	33	-1.6877637500001583
2	33	-1.6815449999994598
2	33	-1.6652012499980628
2	33	-1.5981075000017881
2	33	-1.5522637499962002
2	33	-1.5080137500044657
2	33	-1.425139750004746
2	33	-1.1188585000054445
2	33	-1.1027960000064922
2	33	-1.0810460000066087
2	33	-0.96954600000754
2	33	-0.9620460000005551
2	33	-0.8589522500114981
2	33	-0.7949835000035819
2	33	-0.7612335000012536
2	33	-0.674733500010916
2	33	-0.6530772500118474
2	33	-0.5928897499979939
2	33	-0.5900147500069579
2	33	-0.5861397500120802
2	33	-0.5144209999998566
2	33	-0.4782335000054445
2	33	-0.44923350001045037
2	33	-0.4260772499983432
2	33	-0.37060850000125356
2	33	-0.35679600000730716
2	33	-0.25151475000893697
2	33	-0.2489835000014864
2	33	-0.18095225001161452
2	33	-0.15013975001056679
2	33	-0.06126475000928622
2	33	0.003797749988734722
2	33	0.3176102500001434
2	33	0.34373524998954963
2	33	0.39829774999816436
2	33	0.4113914999907138
2	33	0.4701727499923436
2	33	0.4762665000016568
2	33	0.48486024999874644
2	33	0.5345164999889676
2	33	0.552547749990481
2	33	0.6051102499914123
2	33	0.6489539999893168
2	33	0.8828289999946719
2	33	0.9019540000008419
2	33	0.9537977500003763
2	33	0.9989227499900153
2	33	1.1851717499957886
2	33	1.1964529999968363
2	33	1.223046749990317
2	33	1.2467654999927618
2	33	1.5127654999960214
2	33	1.7627342499908991
2	33	1.9473904999904335
2	34	-5.882419249988743
2	34	-5.817981749991304
2	34	-5.796262999996543
2	34	-5.74620049999794
2	34	-5.584825499987346
2	34	-5.527762999990955
2	34	-5.516231749992585
2	34	-5.426825499991537
2	34	-5.370169249988976
2	34	-5.32045049998851
2	34	-5.2821379999950295
2	34	-5.222294249993865
2	34	-5.16870049998397
2	34	-5.144419249991188
2	34	-5.1355442499916535
2	34	-4.959075499995379
2	34	-4.948700499997358
2	34	-4.935419249988627
2	34	-4.809200499992585
2	34	-4.77004424999177
2	34	-4.733856749997358
2	34	-4.672731749989907
2	34	-4.622419249993982
2	34	-4.495387999995728
2	34	-4.432450499996776
2	34	-4.32432549999794
2	34	-4.28526299999794
2	34	-4.27026299998397
2	34	-4.253481749983621
2	34	-4.2356692499888595
2	34	-4.190762999991421
2	34	-4.0737629999930505
2	34	-3.99991924999631
2	34	-3.99682549998397
2	34	-3.8265764999960084
2	34	-3.8025452499859966
2	34	-3.7410764999949606
2	34	-3.6524514999910025
2	34	-3.576732749992516
2	34	-3.550951499986695
2	34	-3.4247639999957755
2	34	-3.3799514999991516
2	34	-3.343076499993913
2	34	-3.26507649999985
2	34	-3.2078889999975218
2	34	-3.2052639999892563
2	34	-3.1370452499977546
2	34	-3.083732749990304
2	34	-2.9532327499910025
2	34	-2.926670249988092
2	34	-2.889951499993913
2	34	-2.8475764999893727
2	34	-2.699388999986695
2	34	-2.6665452499873936
2	34	-2.6516389999887906
2	34	-2.6195764999865787
2	34	-2.60882649999985
2	34	-2.6063264999975218
2	34	-2.5926389999949606
2	34	-2.5665139999910025
2	34	-2.5444202499929816
2	34	-2.4631077499943785
2	34	-2.3606389999913517
2	34	-2.168732749996707
2	34	-1.8881702499929816
2	34	-1.531201499994495
2	34	-1.4751389999873936
2	34	-1.275796249989071
2	34	-1.264796249990468
2	34	-1.2484212499985006
2	34	-1.21463999999105
2	34	-1.013671249995241
2	34	-0.8595462499943096
2	34	-0.8041087499877904
2	34	-0.8010149999900023
2	34	-0.646796249988256
2	34	-0.6332025000010617
2	34	-0.6112649999995483
2	34	-0.4965775000018766
2	34	-0.49101499999233056
2	34	-0.45417124999221414
2	34	-0.4211399999912828
2	34	-0.39857749998918734
2	34	-0.3918274999887217
2	34	-0.21476499999698717
2	34	-0.13413999999465887
2	34	-0.1268899999995483
2	34	-0.10332749999361113
2	34	-0.05701499999850057
2	34	0.1418287499982398
2	34	0.16342250000161584
2	34	0.16873499999928754
2	34	0.25007875000301283
2	34	0.3849225000012666
2	34	0.514391250006156
2	34	0.561985000007553
2	34	0.5867350000044098
2	34	0.6739537500106962
2	34	0.7115787500079023
2	34	0.7142037500016158
2	34	0.7218600000051083
2	34	0.8108912500028964
2	34	0.8509225000016158
2	34	0.874485000007553
2	34	0.9009537500096485
2	34	0.921766250001383
2	34	1.1237975000112783
2	34	1.2195777500019176
2	34	1.3173590000078548
2	34	1.3705465000093682
2	34	1.6018590000021504
2	34	1.722390249997261
2	34	1.7793590000073891
2	34	1.7995464999985415
2	34	1.8443590000097174
2	34	1.8478277499962132
2	34	1.9468277499981923
2	34	1.9729527500021504
2	35	-5.72085650000372
2	35	-5.659481499998947
2	35	-5.561981500010006
2	35	-5.535544000013033
2	35	-5.522169000003487
2	35	-5.459294000000227
2	35	-5.307450250009424
2	35	-5.302012750005815
2	35	-5.286544000002323
2	35	-5.244169000012334
2	35	-5.173669000010705
2	35	-5.158575250010472
2	35	-5.147669000012684
2	35	-5.103200249999645
2	35	-4.956387750004069
2	35	-4.92651275001117
2	35	-4.75463775001117
2	35	-4.72026275000826
2	35	-4.368950250005582
2	35	-4.2033565000019735
2	35	-4.178419000003487
2	35	-4.174825250011054
2	35	-4.01257625001017
2	35	-3.9742637500021374
2	35	-3.949638750011218
2	35	-3.924670000007609
2	35	-3.794638750012382
2	35	-3.7438887500029523
2	35	-3.5584825000114506
2	35	-3.502107500011334
2	35	-3.4363575000024866
2	35	-3.415545000010752
2	35	-3.222576250002021
2	35	-3.208513750010752
2	35	-3.163982500002021
2	35	-3.1568262500077253
2	35	-3.144170000014128
2	35	-3.1072012500080746
2	35	-2.9909200000111014
2	35	-2.8798262500058627
2	35	-2.853357500003767
2	35	-2.811482500008424
2	35	-2.801232500001788
2	35	-2.75888875000237
2	35	-2.7497950000106357
2	35	-2.7458575000055134
2	35	-2.708513750010752
2	35	-2.5850762500049314
2	35	-2.571045000004233
2	35	-2.4024200000130804
2	35	-2.382638750001206
2	35	-2.371513750011218
2	35	-2.30576375000237
2	35	-2.2178262500092387
2	35	-2.197607500012964
2	35	-2.1659200000140117
2	35	-2.1238262500119163
2	35	-2.072295000005397
2	35	-2.0561075000150595
2	35	-2.046513750014128
2	35	-1.9785762500105193
2	35	-1.928482500006794
2	35	-1.8502012500102865
2	35	-1.804826250008773
2	35	-1.783638750013779
2	35	-1.7557012500037672
2	35	-1.2518897500121966
2	35	-1.1980772500101011
2	35	-0.6947647500055609
2	35	-0.6777960000035819
2	35	-0.437577250006143
2	35	-0.4246710000152234
2	35	-0.36629600000742357
2	35	-0.08626475000346545
2	35	0.25136024999665096
2	35	0.2533289999846602
2	35	0.7509852499933913
2	35	0.7597039999964181
2	35	0.7965477499965345
2	35	0.9990154999977676
2	35	1.112859250002657
2	35	1.1333905000064988
2	35	1.157765500000096
2	35	1.1933592499990482
2	35	1.206703000003472
2	35	1.3266092499980005
2	35	1.3449530000070808
2	35	1.378578000003472
2	35	1.5307342500018422
2	35	1.6284217500069644
2	35	1.6320154999993974
2	35	1.68245300000126
2	35	1.6952655000059167
2	35	1.7972967499954393
2	35	1.8011404999997467
2	35	1.9397967499971855
2	36	-5.822919250000268
2	36	-5.805762999996659
2	36	-5.76513800000248
2	36	-5.696356749991537
2	36	-5.480419250001432
2	36	-5.302169249989674
2	36	-5.271169250001549
2	36	-5.190012999999453
2	36	-5.182450499996776
2	36	-5.119731749990024
2	36	-5.067669249998289
2	36	-5.057575500002713
2	36	-4.969856750001782
2	36	-4.846294249990024
2	36	-4.769762999989325
2	36	-4.712044250001782
2	36	-4.5680129999964265
2	36	-4.52685675000248
2	36	-4.447887999995146
2	36	-4.420669250001083
2	36	-4.401356749993283
2	36	-4.394419249991188
2	36	-4.337825499998871
2	36	-4.29270049999468
2	36	-4.246170250000432
2	36	-4.067170249996707
2	36	-4.044763999991119
2	36	-4.022607749997405
2	36	-3.998951500005205
2	36	-3.996170250000432
2	36	-3.716451500004041
2	36	-3.694357749991468
2	36	-3.666607749997638
2	36	-3.638607749991934
2	36	-3.565357750005205
2	36	-3.5257014999951934
2	36	-3.5066702500043903
2	36	-3.4388265000015963
2	36	-3.367982750001829
2	36	-3.2979202499991516
2	36	-3.1000452500011306
2	36	-3.0953264999989187
2	36	-3.017420249991119
2	36	-2.9594827499968233
2	36	-2.9568577500031097
2	36	-2.784107750005205
2	36	-2.5861389999918174
2	36	-2.5560140000015963
2	36	-2.474670249997871
2	36	-2.4083264999935636
2	36	-2.074482750002062
2	36	-1.9911702499957755
2	36	-1.8975139999965904
2	36	-1.8637639999942621
2	36	-1.6693899999954738
2	36	-1.6552962499990826
2	36	-1.5478275000059512
2	36	-1.52282749999722
2	36	-1.505046249993029
2	36	-1.4717024999990826
2	36	-0.9312962499971036
2	36	-0.8748587500012945
2	36	-0.8642025000008289
2	36	-0.7700150000018766
2	36	-0.7502024999994319
2	36	-0.5307962499937275
2	36	-0.46698374999687076
2	36	-0.46498375000373926
2	36	-0.44795250000606757
2	36	-0.44504624999535736
2	36	-0.4206399999966379
2	36	-0.40932750000501983
2	36	-0.31095250000362284
2	36	-0.2798274999950081
2	36	-0.2710462499962887
2	36	-0.09773374999349471
2	36	-0.0692025000025751
2	36	-0.04664000000047963
2	36	0.09089125000173226
2	36	0.13429750000068452
2	36	0.2035162499960279
2	36	0.20770374999847263
2	36	0.4933912499982398
2	36	0.6372350000019651
2	36	0.6630787500034785
2	36	0.6655162499955622
2	36	0.6919225000019651
2	36	0.8033902500028489
2	36	0.8212652499933029
2	36	0.8694214999995893
2	36	1.1626089999917895
2	36	1.428921500002616
2	36	1.5048277500027325
2	36	1.7720152499969117
2	36	1.8290465000027325
2	37	-5.8464194999978645
2	37	-5.833200749999378
2	37	-5.820357000004151
2	37	-5.802106999995885
2	37	-5.760044499998912
2	37	-5.287575750000542
2	37	-5.239950750008575
2	37	-5.166482000000542
2	37	-5.16254449999542
2	37	-4.941638250005781
2	37	-4.8371694999950705
2	37	-4.685482000000775
2	37	-4.392732000007527
2	37	-4.3085455000109505
2	37	-4.304983000009088
2	37	-4.166920500007109
2	37	-4.050639250010136
2	37	-3.8634517500031507
2	37	-3.6027642499975627
2	37	-3.579483000008622
2	37	-3.5711704999994254
2	37	-3.371795500002918
2	37	-3.0608892500022193
2	37	-3.0549517500039656
2	37	-2.9566705000033835
2	37	-2.7879517499968642
2	37	-2.6685454999969807
2	37	-2.656858000002103
2	37	-2.621514250000473
2	37	-2.570514250008273
2	37	-2.547576750002918
2	37	-2.5373892500065267
2	37	-2.3485455000045476
2	37	-2.3350767500087386
2	37	-2.280857999998261
2	37	-2.248170500010019
2	37	-2.239701750004315
2	37	-2.210545499998261
2	37	-2.178451750005479
2	37	-2.171139250000124
2	37	-2.1564205000031507
2	37	-2.146076750010252
2	37	-2.135795499998494
2	37	-2.1195142500073416
2	37	-2.1134204999980284
2	37	-2.0996704999997746
2	37	-2.0772330000036163
2	37	-2.0674830000061775
2	37	-2.0100455000065267
2	37	-1.9535455000004731
2	37	-1.930295500002103
2	37	-1.9186705000029178
2	37	-1.8258277499990072
2	37	-1.817577750000055
2	37	-1.7572027499991236
2	37	-1.7343902499997057
2	37	-1.7050465000065742
2	37	-1.6517027500085533
2	37	-1.6407652500056429
2	37	-1.596890250002616
2	37	-1.5532652500114636
2	37	-1.4917965000058757
2	37	-1.4875465000077384
2	37	-1.4564214999991236
2	37	-1.3672652500099503
2	37	-1.2631402500119293
2	37	-1.022046500002034
2	37	-0.9632027500047116
2	37	-0.9207027500087861
2	37	-0.8853590000071563
2	37	-0.8531714999990072
2	37	-0.8418902500125114
2	37	-0.8194840000069235
2	37	-0.8131402500002878
2	37	-0.6464527500065742
2	37	-0.4390465000033146
2	37	-0.39501525000378024
2	37	-0.3756402500002878
2	37	-0.34351525000238325
2	37	-0.33601525000995025
2	37	-0.23889025000971742
2	37	-0.20282775000669062
2	37	-0.15529650000098627
2	37	-0.09289025000180118
2	37	0.015484749994357117
2	37	0.019328499998664483
2	37	0.14945349999470636
2	37	0.2028909999935422
2	37	0.26245349999226164
2	37	0.4243597499880707
2	37	0.5484847499901662
2	37	0.601515999995172
2	37	0.8154837500042049
2	37	0.9035462500032736
2	37	0.9310462499997811
2	37	1.0487650000141002
2	37	1.0807962500111898
2	37	1.0959525000071153
2	37	1.1256712500035064
2	37	1.1433275000017602
2	37	1.1588900000060676
2	37	1.1930150000116555
2	37	1.3096712500118883
2	37	1.3172650000051362
2	37	1.3265775000036228
2	37	1.3437962500029244
2	37	1.3467650000093272
2	37	1.6198587500111898
2	37	1.6311087500071153
2	37	1.6449212500010617
2	37	1.6471712500060676
2	37	1.6661400000011781
2	37	1.690296250002575
2	37	1.7764837499998976
2	38	-5.923919000008027
2	38	-5.806607500009704
2	38	-5.804170000003069
2	38	-5.238638750015525
2	38	-5.196920000002137
2	38	-5.186701250015176
2	38	-5.164951250015292
2	38	-5.137701250016107
2	38	-4.911732500011567
2	38	-4.648451250002836
2	38	-4.640045000007376
2	38	-4.3800137500074925
2	38	-4.33367000000726
2	38	-4.315607500015176
2	38	-4.291013750014827
2	38	-4.252326250003534
2	38	-4.22820125000726
2	38	-4.189482500005397
2	38	-4.177951250007027
2	38	-4.115076250003767
2	38	-4.090295000001788
2	38	-3.952951250015758
2	38	-3.8926700000156416
2	38	-3.7335450000100536
2	38	-3.6941700000024866
2	38	-3.621326250009588
2	38	-3.415826250013197
2	38	-3.3702637500100536
2	38	-3.2586397500126623
2	38	-2.819577250003931
2	38	-2.8042022500158055
2	38	-2.7293897500057938
2	38	-2.71932725001534
2	38	-2.6508585000119638
2	38	-2.5619210000149906
2	38	-2.4964210000180174
2	38	-2.4689835000172025
2	38	-2.336014750006143
2	38	-2.3299210000113817
2	38	-2.200514750016737
2	38	-2.130108500015922
2	38	-2.121983500008355
2	38	-2.0850460000074236
2	38	-1.935108500008937
2	38	-1.8129522500094026
2	38	-1.7790147500054445
2	38	-1.6997960000153398
2	38	-1.531952250006725
2	38	-1.5219210000068415
2	38	-1.4570460000104504
2	38	-1.4508897500054445
2	38	-1.4432960000121966
2	38	-1.4260147500172025
2	38	-1.4103897500172025
2	38	-1.3447022500040475
2	38	-1.2139522500074236
2	38	-0.9980772500130115
2	38	-0.9647335000045132
2	38	-0.8682032500073547
2	38	-0.82023450001725
2	38	-0.7848907500156201
2	38	-0.7823595000081696
2	38	-0.7178595000150381
2	38	-0.6467032500077039
2	38	-0.6350470000179484
2	38	-0.6042032500117784
2	38	-0.5560782500106143
2	38	-0.39445325001724996
2	38	-0.3400470000196947
2	38	-0.3058595000184141
2	38	-0.27064075000816956
2	38	-0.17629700001270976
2	38	-0.14367200002016034
2	38	0.0048592499806545675
2	38	0.08992174998275004
2	38	0.13860924998880364
2	38	0.21364049999101553
2	38	0.29582799998752307
2	38	0.3189217499893857
2	38	0.4749842499877559
2	38	0.4919217499846127
2	38	0.5167967499874067
2	38	0.6146404999890365
2	38	0.6425467499939259
2	38	0.7377967499924125
2	38	0.804452999989735
2	38	0.8137342499830993
2	38	0.9387029999925289
2	38	0.9624217499804217
2	38	1.0184217499918304
2	38	1.0978592499886872
2	38	1.126109249991714
2	38	1.2752342499879887
2	38	1.3375779999914812
2	38	1.493921749992296
2	38	1.7132019999844488
2	38	1.7790457499795593
2	38	1.9570769999845652
2	39	-5.938324750008178
2	39	-5.835199749999447
2	39	-5.68504350000876
2	39	-5.6561060000094585
2	39	-5.470575750005082
2	39	-5.242544500011718
2	39	-5.16191950000939
2	39	-5.019075750009506
2	39	-4.750450750012533
2	39	-4.736044500008575
2	39	-4.501075749998563
2	39	-4.4033257500123
2	39	-4.390700750009273
2	39	-4.380794500000775
2	39	-4.374263250007061
2	39	-4.262575750006363
2	39	-4.23966950000613
2	39	-4.109232000002521
2	39	-4.018669500001124
2	39	-3.99788824999996
2	39	-3.9797632500121836
2	39	-3.926138250011718
2	39	-3.7640132500091568
2	39	-3.744075750000775
2	39	-3.6795757500076434
2	39	-3.6589507500029868
2	39	-3.6283882499992615
2	39	-3.558857000010903
2	39	-3.5519195000088075
2	39	-3.5335132500040345
2	39	-3.4667945000110194
2	39	-3.4358882500091568
2	39	-3.4106695000082254
2	39	-3.267513250000775
2	39	-3.158450750008342
2	39	-3.0098892499954673
2	39	-2.9042642499989597
2	39	-2.81054549998953
2	39	-2.7746079999924405
2	39	-2.7285454999946523
2	39	-2.5994204999879003
2	39	-2.082826749989181
2	39	-2.039451749995351
2	39	-2.0220454999944195
2	39	-2.016326749988366
2	39	-1.8172642499994254
2	39	-1.7957017499866197
2	39	-1.7675142499938374
2	39	-1.6523892499972135
2	39	-1.4805767499929061
2	39	-1.4462017499899957
2	39	-1.4281704999884823
2	39	-1.3812017499876674
2	39	-1.3211704999994254
2	39	-1.3107954999868525
2	39	-1.20507674998953
2	39	-1.1507329999876674
2	39	-1.1253892499953508
2	39	-1.1203267499950016
2	39	-1.1170454999955837
2	39	-1.1142642499908106
2	39	-1.0988579999975627
2	39	-0.9084204999962822
2	39	-0.8058267499873182
2	39	-0.7277329999924405
2	39	-0.6834204999904614
2	39	-0.4363902499899268
2	39	-0.34732775000156835
2	39	-0.3110152500012191
2	39	-0.20570274999772664
2	39	-0.07042150000052061
2	39	0.026672250009141862
2	39	0.04014100000495091
2	39	0.14970350000658073
2	39	0.15295350000087637
2	39	0.22739100000762846
2	39	0.23882850000518374
2	39	0.25245350001205225
2	39	0.5178910000104224
2	39	0.6045785000023898
2	39	0.8272347500023898
2	39	0.8937972499988973
2	39	0.8969847500120522
2	39	0.9002660000114702
2	39	0.9780785000039032
2	39	1.009297249998781
2	39	1.134297249998781
2	39	1.2688285000040196
2	39	1.312984750009491
2	39	1.357391000012285
2	39	1.4002660000114702
2	39	1.5286097500065807
2	39	1.6113597500079777
2	39	1.7483597500104224
2	39	1.9040150000073481
2	39	1.9087025000044378
2	39	1.995171250004205
2	40	-5.966544249997241
2	40	-5.847888000003877
2	40	-5.701825500000268
2	40	-5.664388000004692
2	40	-5.571419250001782
2	40	-5.544325499999104
2	40	-5.533325500000501
2	40	-5.484732750002877
2	40	-5.4030765000061365
2	40	-5.362232750005205
2	40	-5.342264000006253
2	40	-5.317826500002411
2	40	-5.29632649999985
2	40	-5.280045249994146
2	40	-5.268326499994146
2	40	-5.258857749999152
2	40	-5.256201500000316
2	40	-5.170982750001713
2	40	-5.166920250005205
2	40	-5.08226399999694
2	40	-4.815982750005787
2	40	-4.808982749993447
2	40	-4.509232750002411
2	40	-4.326201500007301
2	40	-4.283451499999501
2	40	-4.225451499994961
2	40	-3.94826400000602
2	40	-3.94535774999531
2	40	-3.847826500001247
2	40	-3.730014000000665
2	40	-3.727045249994262
2	40	-3.6183577500050887
2	40	-3.590639000001829
2	40	-3.5567639999935636
2	40	-3.344951499995659
2	40	-3.3175765000050887
2	40	-3.304107749994728
2	40	-3.246889000001829
2	40	-3.2035765000036918
2	40	-3.096795250006835
2	40	-3.0926389999949606
2	40	-3.0614827499957755
2	40	-2.9897024999954738
2	40	-2.972952500000247
2	40	-2.919608750002226
2	40	-2.895140000007814
2	40	-2.73685875000956
2	40	-2.669515000001411
2	40	-2.653702499999781
2	40	-2.630890000000363
2	40	-2.579077500005951
2	40	-2.4680150000058347
2	40	-2.4074212499981513
2	40	-2.195952499998384
2	40	-2.08901500000502
2	40	-2.0394212499959394
2	40	-2.0341712500085123
2	40	-2.016264999998384
2	40	-1.9173900000023423
2	40	-1.8688587500073481
2	40	-1.6046400000050198
2	40	-1.5769212500017602
2	40	-1.5307962500082795
2	40	-1.4541400000016438
2	40	-1.4274837499979185
2	40	-1.4169837500085123
2	40	-1.3984212500072317
2	40	-1.199546250005369
2	40	-1.0005462499975692
2	40	-0.9735150000051362
2	40	-0.9447650000074646
2	40	-0.9095775000023423
2	40	-0.8822650000074646
2	40	-0.7204837500030408
2	40	-0.7153899999975692
2	40	-0.6472024999966379
2	40	-0.5844212500087451
2	40	-0.5395462500018766
2	40	-0.4048285000026226
2	40	-0.27567225000530016
2	40	-0.26798475001123734
2	40	-0.14598475000821054
2	40	-0.08523475000401959
2	40	-0.04473475000122562
2	40	0.009515249999822117
2	40	0.031327749995398335
2	40	0.36276524999993853
2	40	0.3739839999907417
2	40	0.38829649999388494
2	40	0.5357965000002878
2	40	0.6373277499951655
2	40	0.7261714999913238
2	40	0.8493277499946998
2	40	1.0543590000015683
2	40	1.0698902500007534
2	40	1.1347652499971446
2	40	1.3046714999945834
2	40	1.3960777499887627
2	40	1.4138902499980759
2	40	1.463858999995864
2	40	1.550515249997261
2	40	1.5695152499974938
2	40	1.5873589999973774
2	40	1.6653277500008699
2	40	1.8106402499979595
2	41	-5.910387250012718
2	41	-5.831699750007829
2	41	-5.733418500007247
2	41	-5.599231999993208
2	41	-5.521638249992975
2	41	-5.4828257499902975
2	41	-5.461263249992044
2	41	-5.38501324999379
2	41	-5.322356999997282
2	41	-5.249700749991462
2	41	-5.134388249993208
2	41	-5.0990757499967
2	41	-5.019482000003336
2	41	-4.980200749996584
2	41	-4.915981999991345
2	41	-4.872575749992393
2	41	-4.867981999996118
2	41	-4.849325749994023
2	41	-4.72504449999542
2	41	-4.690200750002987
2	41	-4.6603570000006584
2	41	-4.545106999998097
2	41	-4.527919500003918
2	41	-4.5112007499992615
2	41	-4.507731999998214
2	41	-4.421325749994139
2	41	-4.288013249999494
2	41	-4.2718882499902975
2	41	-4.264325750002172
2	41	-4.2402319999964675
2	41	-4.1407319999998435
2	41	-4.051138249997166
2	41	-4.046200750002754
2	41	-3.9960757499939064
2	41	-3.9938569999940228
2	41	-3.883575749990996
2	41	-3.850169500001357
2	41	-3.809544499992626
2	41	-3.7910132499964675
2	41	-3.599950749994605
2	41	-3.522356999994372
2	41	-3.442888249992393
2	41	-3.401981999995769
2	41	-3.299606999993557
2	41	-3.2235757500020554
2	41	-3.168419499997981
2	41	-3.102170500002103
2	41	-3.027326750001521
2	41	-3.0149517499958165
2	41	-2.958076750001055
2	41	-2.898326750000706
2	41	-2.8691079999989597
2	41	-2.7688579999958165
2	41	-2.6855767499946523
2	41	-2.57145175000187
2	41	-2.5697329999966314
2	41	-2.456639249998261
2	41	-2.421482999998261
2	41	-2.392670500004897
2	41	-2.2259829999966314
2	41	-2.0805454999936046
2	41	-1.9751079999987269
2	41	-1.9613580000004731
2	41	-1.8645767499983776
2	41	-1.8088580000039656
2	41	-1.6190767499938374
2	41	-1.5524517500016373
2	41	-1.4190455000061775
2	41	-1.3936392500036163
2	41	-1.309607999995933
2	41	-1.2555767500016373
2	41	-1.1822017499944195
2	41	-1.1520142499939539
2	41	-1.0597017499967478
2	41	-1.039982999995118
2	41	-0.9591392500005895
2	41	-0.7122017499932554
2	41	-0.6792027500050608
2	41	-0.6632340000069235
2	41	-0.6577965000033146
2	41	-0.6495465000043623
2	41	-0.6408590000064578
2	41	-0.6225465000024997
2	41	-0.5576715000061085
2	41	-0.538077749995864
2	41	-0.4095777500042459
2	41	-0.35432774999935646
2	41	-0.30026524999993853
2	41	-0.2987027500057593
2	41	-0.2618277500005206
2	41	-0.2461089999997057
2	41	-0.23004650000075344
2	41	-0.1259215000027325
2	41	-0.11376525000378024
2	41	0.039953500003321096
2	41	0.08342224999796599
2	41	0.1973909999942407
2	41	0.24964100000215694
2	41	0.3289222500025062
2	41	0.37935975000436883
2	41	0.3862972499919124
2	41	0.5337034999975003
2	41	0.5488285000028554
2	41	0.5650785000034375
2	41	0.6273285000061151
2	41	0.6784847499948228
2	41	0.7374222499929601
2	41	0.8628597499919124
2	41	0.9342035000008764
2	41	1.008891000004951
2	41	1.1295160000008764
2	41	1.2822659999947064
2	41	1.3209535000059986
2	41	1.4613284999941243
2	41	1.4680472500040196
2	41	1.5285160000057658
2	41	1.6561722500046017
2	41	1.749547250001342
2	41	1.8087660000019241
2	41	1.8792337499908172
2	42	-5.947200499998871
2	42	-5.892919250007253
2	42	-5.750419250005507
2	42	-5.678263000008883
2	42	-5.579888000007486
2	42	-5.497981749998871
2	42	-5.368106750000152
2	42	-5.333981750009116
2	42	-5.248888000001898
2	42	-5.245106750007835
2	42	-5.195669250009814
2	42	-5.0690442500053905
2	42	-4.991544250005973
2	42	-4.913450499996543
2	42	-4.903388000006089
2	42	-4.829481749999104
2	42	-4.703731750007137
2	42	-4.591075500007719
2	42	-4.457731750007952
2	42	-4.433606749997125
2	42	-4.3538879999978235
2	42	-4.340263000005507
2	42	-4.266887999998289
2	42	-4.199981750003644
2	42	-3.978544249999686
2	42	-3.9329505000059726
2	42	-3.9016692500008503
2	42	-3.8727004999964265
2	42	-3.8599817500071367
2	42	-3.7007317500101635
2	42	-3.6907317500008503
2	42	-3.6837630000081845
2	42	-3.558357750007417
2	42	-3.541295250004623
2	42	-3.512826500009396
2	42	-3.3132640000112588
2	42	-3.268545250000898
2	42	-3.2585452500061365
2	42	-3.221388999998453
2	42	-3.184264000010444
2	42	-3.0150452500092797
2	42	-2.9178890000039246
2	42	-2.8723577500059037
2	42	-2.7410765000095125
2	42	-2.705545250006253
2	42	-2.676357750009629
2	42	-2.6568577500001993
2	42	-2.653764000002411
2	42	-2.531420250001247
2	42	-2.5193577500031097
2	42	-2.515701500000432
2	42	-2.502326500005438
2	42	-2.476232750006602
2	42	-2.4547014999989187
2	42	-2.451545250005438
2	42	-2.3657640000019455
2	42	-2.220482750009978
2	42	-2.2092015000089305
2	42	-2.1991077499988023
2	42	-2.1762327500036918
2	42	-2.1473265000095125
2	42	-2.022170249998453
2	42	-2.020514000003459
2	42	-1.725076500006253
2	42	-1.6294515000045067
2	42	-1.453607750008814
2	42	-1.3516390000004321
2	42	-1.162263999998686
2	42	-1.1159837500017602
2	42	-1.0782025000080466
2	42	-0.9430150000116555
2	42	-0.9173275000066496
2	42	-0.8839837500127032
2	42	-0.7991087500122376
2	42	-0.7375150000007125
2	42	-0.7189837500045542
2	42	-0.6711400000058347
2	42	-0.6595775000023423
2	42	-0.5121087500010617
2	42	-0.48082750001049135
2	42	-0.45457750000059605
2	42	-0.4512962500011781
2	42	-0.38707750001049135
2	42	-0.36592125000606757
2	42	-0.3623900000093272
2	42	-0.24567125001340173
2	42	0.01660999999148771
2	42	0.07507875000010245
2	42	0.10298499999043997
2	42	0.42001624999102205
2	42	0.43773499999952037
2	42	0.46860999999626074
2	42	0.4938912499928847
2	42	0.5267974999878788
2	42	1.0180162499891594
2	42	1.066391249987646
2	42	1.0863599999865983
2	42	1.3570152499887627
2	42	1.4904527499893447
2	42	1.6992027499945834
2	42	1.7242964999895776
2	42	1.7667652499949327
2	42	1.7817339999892283
2	43	-5.969481250009267
2	43	-5.935731250006938
2	43	-5.843857249987195
2	43	-5.81638849999581
2	43	-5.801888499991037
2	43	-5.67166974999418
2	43	-5.25038849998964
2	43	-5.241763499987428
2	43	-5.170107249985449
2	43	-5.143388499986031
2	43	-5.059888499992667
2	43	-5.053357249998953
2	43	-4.812919749994762
2	43	-4.768419749991153
2	43	-4.658763499988709
2	43	-4.620044749986846
2	43	-4.523544749987195
2	43	-4.45738849999907
2	43	-4.416482249987894
2	43	-4.296794749985565
2	43	-4.266232249996392
2	43	-4.116013499995461
2	43	-4.099044749993482
2	43	-3.740107249992434
2	43	-3.713482249993831
2	43	-3.7041697499953443
2	43	-3.6564822499931324
2	43	-3.5998572499956936
2	43	-3.583638499985682
2	43	-3.5570759999973234
2	43	-3.50038849998964
2	43	-3.39510724999127
2	43	-3.336795750001329
2	43	-3.3119832499942277
2	43	-3.3088894999964396
2	43	-3.2766082499874756
2	43	-3.191233249992365
2	43	-3.1602644999948097
2	43	-3.1153269999922486
2	43	-3.014514499998768
2	43	-2.9007957499998156
2	43	-2.881389499991201
2	43	-2.8071082499955082
2	43	-2.797514499994577
2	43	-2.7813269999896875
2	43	-2.606951999987359
2	43	-2.541045749996556
2	43	-2.4724519999872427
2	43	-2.4500144999910844
2	43	-2.0872644999908516
2	43	-2.0743269999948097
2	43	-1.9313269999984186
2	43	-1.8449832499900367
2	43	-1.8307644999877084
2	43	-1.7156707499962067
2	43	-1.6694832499924814
2	43	-1.6477644999977201
2	43	-1.5590144999878248
2	43	-1.5507332499983022
2	43	-1.5280144999996992
2	43	-1.2437019999924814
2	43	-1.221764499990968
2	43	-1.141795749994344
2	43	-1.1386707499914337
2	43	-1.1197019999963231
2	43	-1.1093894999939948
2	43	-1.0837957499898039
2	43	-1.0033582499891054
2	43	-0.9120144999906188
2	43	-0.8287655000021914
2	43	-0.7776717499946244
2	43	-0.6998904999927618
2	43	-0.591671749993111
2	43	-0.5459217500028899
2	43	-0.5216404999955557
2	43	-0.3974842500028899
2	43	-0.37539049999031704
2	43	-0.3668279999983497
2	43	-0.2580467499938095
2	43	0.010109499999089167
2	43	0.04860950000875164
2	43	0.5803595000033965
2	43	0.6195470000093337
2	43	0.659765750009683
2	43	0.6903282499988563
2	43	0.7539844999992056
2	43	0.8097344999987399
2	43	0.8517345000000205
2	43	0.8671407500078203
2	43	0.9953282500064233
2	43	1.0524845000036294
2	43	1.215890749997925
2	43	1.2223282500053756
2	43	1.2280469999968773
2	43	1.2341095000010682
2	43	1.2423595000000205
2	43	1.257109500002116
2	43	1.288984500002698
2	43	1.6032657500036294
2	43	1.7272022499964805
2	43	1.892546000002767
2	44	-5.995011999984854
2	44	-5.80051299999468
2	44	-5.785950499994215
2	44	-5.609450499992818
2	44	-5.587325499989674
2	44	-5.577825499989558
2	44	-5.572075499992934
2	44	-5.511512999990373
2	44	-5.506356749989209
2	44	-5.3796067499934
2	44	-5.281294249987695
2	44	-5.225762999994913
2	44	-5.143637999994098
2	44	-5.123387999992701
2	44	-5.021200499992119
2	44	-4.961356749990955
2	44	-4.890262999993865
2	44	-4.796200499986298
2	44	-4.755450499986182
2	44	-4.6454504999856
2	44	-4.643169249990024
2	44	-4.48448174999794
2	44	-4.481012999996892
2	44	-4.363325499987695
2	44	-4.346294249990024
2	44	-4.165544249990489
2	44	-4.093512999985251
2	44	-3.961231749985018
2	44	-3.5586379999876954
2	44	-3.5240129999874625
2	44	-3.4094514999887906
2	44	-3.248013999997056
2	44	-3.14438899999368
2	44	-3.04632649999985
2	44	-3.0356702499993844
2	44	-2.9296077499893727
2	44	-2.911982749996241
2	44	-2.8517639999918174
2	44	-2.7975139999907697
2	44	-2.764357749998453
2	44	-2.638107749997289
2	44	-2.6342639999929816
2	44	-2.620326499993098
2	44	-2.486201499996241
2	44	-2.4753577499941457
2	44	-2.408670249991701
2	44	-2.3554514999996172
2	44	-2.3454827499954263
2	44	-2.194420249987161
2	44	-2.0502639999904204
2	44	-2.047451499995077
2	44	-2.006138999990071
2	44	-1.980107749986928
2	44	-1.9677952499914682
2	44	-1.6301702499913517
2	44	-1.5629514999891398
2	44	-1.4958264999877429
2	44	-1.2203264999989187
2	44	-1.1935452499892563
2	44	-1.1844202499923995
2	44	-1.0104202499933308
2	44	-0.9744827499962412
2	44	-0.9403899999888381
2	44	-0.9375774999934947
2	44	-0.8850149999925634
2	44	-0.8077962499955902
2	44	-0.7483274999976857
2	44	-0.7041400000016438
2	44	-0.6972337499901187
2	44	-0.6788274999998976
2	44	-0.6054837499978021
2	44	-0.5551712500018766
2	44	-0.5055774999927962
2	44	-0.42229624999163207
2	44	-0.41923374999896623
2	44	-0.40563999999722
2	44	-0.3418587499909336
2	44	-0.27707749999535736
2	44	-0.23979624999628868
2	44	-0.08992124999349471
2	44	-0.08645249999244697
2	44	0.019547500007320195
2	44	0.11895375000312924
2	44	0.13098500001069624
2	44	0.14492250001057982
2	44	0.16645375000371132
2	44	0.16976625000825152
2	44	0.1785787499975413
2	44	0.18782875000033528
2	44	0.19982875000278
2	44	0.23723500000778586
2	44	0.2413912500051083
2	44	0.28511000001162756
2	44	0.4378912500105798
2	44	0.5472037500003353
2	44	0.604328750006971
2	44	0.6726412499992875
2	44	0.8197037500067381
2	44	0.8232974999991711
2	44	0.8591100000048755
2	44	0.9252037500118604
2	44	0.940578749999986
2	44	1.0139849999977741
2	44	1.1003912500018487
2	44	1.286172500011162
2	44	1.3455162500031292
2	44	1.4224537499976577
2	44	1.4911412500077859
2	44	1.5247349999990547
2	44	1.6495465000189142
2	44	1.8352027500222903
2	44	1.877921500010416
2	44	1.9645152500161203
2	45	-5.811980999991647
2	45	-5.766044499992859
2	45	-5.729513249985757
2	45	-5.600356999988435
2	45	-5.569231999994372
2	45	-5.561106999986805
2	45	-5.539513249997981
2	45	-5.486356999987038
2	45	-5.344638249996933
2	45	-5.184888249990763
2	45	-5.128731999997399
2	45	-5.110888249997515
2	45	-5.007763249988784
2	45	-4.997388249990763
2	45	-4.993575749991578
2	45	-4.9897007499967
2	45	-4.918794499986689
2	45	-4.909138249990065
2	45	-4.896419499986223
2	45	-4.647419499990065
2	45	-4.55748199998925
2	45	-4.548669499985408
2	45	-4.529794499991112
2	45	-4.512044499992044
2	45	-4.458200749984826
2	45	-4.414325749996351
2	45	-4.336981999993441
2	45	-4.321606999990763
2	45	-4.188856999986456
2	45	-4.062013249989832
2	45	-3.971481999993557
2	45	-3.9361382499919273
2	45	-3.895294499990996
2	45	-3.8472319999855245
2	45	-3.8335444999975152
2	45	-3.7847319999855245
2	45	-3.7748569999967003
2	45	-3.758263249997981
2	45	-3.751794499985408
2	45	-3.7285132499964675
2	45	-3.6876069999852916
2	45	-3.672544499990181
2	45	-3.6069194999872707
2	45	-3.542825749987969
2	45	-3.504075749995536
2	45	-3.420794499994372
2	45	-3.3480444999877363
2	45	-3.3170132499944884
2	45	-3.251014249995933
2	45	-3.24823299999116
2	45	-3.0959517499868525
2	45	-3.0579517500009388
2	45	-3.021701749996282
2	45	-2.849889249991975
2	45	-2.847857999993721
2	45	-2.788545499992324
2	45	-2.7478579999879003
2	45	-2.737889249998261
2	45	-2.6981079999968642
2	45	-2.668482999986736
2	45	-2.621889249989181
2	45	-2.5334517499868525
2	45	-2.526920499993139
2	45	-2.4349517499940703
2	45	-2.3899204999906942
2	45	-2.3587017499958165
2	45	-2.3236704999872018
2	45	-2.251107999996748
2	45	-2.2200454999983776
2	45	-2.125076749987784
2	45	-2.1208579999947688
2	45	-2.1135142499988433
2	45	-2.0951392499991925
2	45	-2.0717955000000075
2	45	-2.024576749987318
2	45	-2.0030142499890644
2	45	-1.8981079999939539
2	45	-1.8856079999968642
2	45	-1.8389829999941867
2	45	-1.834295499997097
2	45	-1.808389249999891
2	45	-1.6332017499953508
2	45	-1.612764249992324
2	45	-1.5404204999940703
2	45	-1.4556704999995418
2	45	-1.3672017499920912
2	45	-1.3612642499938374
2	45	-1.2074829999910435
2	45	-1.1967955000000075
2	45	-1.183076749992324
2	45	-1.1778892500005895
2	45	-1.1110454999870853
2	45	-1.0682954999938374
2	45	-1.0374829999927897
2	45	-0.946232999995118
2	45	-0.8574829999997746
2	45	-0.848982999988948
2	45	-0.8451079999940703
2	45	-0.7737964999978431
2	45	-0.7503902500029653
2	45	-0.7462965000013355
2	45	-0.7143902499956312
2	45	-0.6799840000021504
2	45	-0.6657964999903925
2	45	-0.5665777499962132
2	45	-0.5516090000019176
2	45	-0.4263902499951655
2	45	-0.36482774998876266
2	45	-0.3499527499952819
2	45	-0.2907652499998221
2	45	-0.2884527499991236
2	45	-0.28001524999854155
2	45	-0.22151524999935646
2	45	-0.12835899999481626
2	45	-0.11204649999854155
2	45	-0.09476524998899549
2	45	-0.04645275000075344
2	45	0.023109750007279217
2	45	0.04564100000425242
2	45	0.08364100000471808
2	45	0.17210974999761675
2	45	0.29901600000448525
2	45	0.37460974999703467
2	45	0.40717225000844337
2	45	0.42082850000588223
2	45	0.5355472500086762
2	45	0.5488285000028554
2	45	0.7301097500021569
2	45	0.7471722500049509
2	45	0.7516097500047181
2	45	0.9103909999976167
2	45	1.050734750009724
2	45	1.2455785000056494
2	45	1.2548285000084434
2	45	1.5260160000034375
2	45	1.747858750008163
2	45	1.765233750003972
2	45	1.853327500008163
2	45	1.946358750006766
2	46	-5.9693244999944
2	46	-5.962730749990442
2	46	-5.805386999985785
2	46	-5.796730749993003
2	46	-5.755824499996379
2	46	-5.518169249990024
2	46	-5.503887999992003
2	46	-5.220419249992119
2	46	-5.141262999997707
2	46	-4.95363799999177
2	46	-4.879575499988277
2	46	-4.751262999998289
2	46	-4.6047004999854835
2	46	-4.428262999994331
2	46	-4.333075499991537
2	46	-4.305887999988045
2	46	-4.179575499991188
2	46	-4.155825499998173
2	46	-4.1219817499950295
2	46	-4.119137999994564
2	46	-4.0360442499950295
2	46	-4.027700499995262
2	46	-3.8977942499914207
2	46	-3.869762999995146
2	46	-3.7688879999914207
2	46	-3.726575499997125
2	46	-3.7065754999930505
2	46	-3.6647629999933997
2	46	-3.5941379999858327
2	46	-3.516669249991537
2	46	-3.4227317499899073
2	46	-3.2611692499922356
2	46	-3.2052317499910714
2	46	-3.0280452499864623
2	46	-2.846670249986346
2	46	-2.7989514999935636
2	46	-2.782232749988907
2	46	-2.773076499986928
2	46	-2.6673577499896055
2	46	-2.6203577499982202
2	46	-2.307232749997638
2	46	-2.218107749999035
2	46	-2.1473264999949606
2	46	-2.035732749995077
2	46	-2.0126389999932144
2	46	-1.9583577499870444
2	46	-1.9438577499968233
2	46	-1.8732952499995008
2	46	-1.8528264999913517
2	46	-1.8269202499941457
2	46	-1.6151077499962412
2	46	-1.5389514999988023
2	46	-1.3572014999954263
2	46	-1.198763999986113
2	46	-0.9298577499866951
2	46	-0.9257639999996172
2	46	-0.9025139999866951
2	46	-0.8205452499969397
2	46	-0.796826499994495
2	46	-0.6332962499873247
2	46	-0.49332749997847714
2	46	-0.4436712499737041
2	46	-0.435546249980689
2	46	-0.2830462499841815
2	46	-0.2665774999768473
2	46	-0.21498374997463543
2	46	0.09992250001232605
2	46	0.14073500002268702
2	46	0.15282875002594665
2	46	0.15629750001244247
2	46	0.16704750001372304
2	46	0.2754537500150036
2	46	0.28714125002443325
2	46	0.353516250019311
2	46	0.355985000016517
2	46	0.372641250025481
2	46	0.37536000002000947
2	46	0.7712350000219885
2	46	0.7854225000191946
2	46	0.7890787500218721
2	46	0.7965475000237348
2	46	0.827203750013723
2	46	0.9402350000164006
2	46	1.1087350000161678
2	46	1.1709850000188453
2	46	1.3977975000161678
2	46	1.4708600000158185
2	46	1.5124225000181468
2	46	1.6415162500197766
2	46	1.6587975000147708
2	46	1.8102662500168663
2	46	1.8246725000208244
2	46	1.8310162500129081
2	46	1.8442965000140248
2	46	1.966859000021941
2	46	1.9870777500182157
2	46	1.9904215000133263
2	46	1.9962652500107652
2	47	-5.949325249996036
2	47	-5.749668999997084
2	47	-5.603231500004767
2	47	-5.493981499996153
2	47	-5.479731500003254
2	47	-5.446043999996618
2	47	-5.374481499995454
2	47	-4.789294999995036
2	47	-4.738920000003418
2	47	-4.318201250003767
2	47	-4.309607500006678
2	47	-4.176513750004233
2	47	-4.104607500004931
2	47	-4.088357500004349
2	47	-3.879357500001788
2	47	-3.8548262499971315
2	47	-3.720732500005397
2	47	-3.466638750003767
2	47	-3.3568574999953853
2	47	-3.3045450000063283
2	47	-3.2237637500074925
2	47	-3.0008887500007404
2	47	-2.8015762499999255
2	47	-2.6779522500000894
2	47	-2.6543272499984596
2	47	-2.4247647500014864
2	47	-2.417452250010683
2	47	-2.3293585000064922
2	47	-2.2337960000004387
2	47	-2.073077250010101
2	47	-1.7803585000074236
2	47	-1.7240460000029998
2	47	-1.4905460000009043
2	47	-1.349577250002767
2	47	-1.3429210000031162
2	47	-1.3138584999978775
2	47	-1.3011085000034655
2	47	-1.2845772500004387
2	47	-1.05938975000754
2	47	-0.9009210000076564
2	47	-0.7998897500074236
2	47	-0.74729600000137
2	47	-0.6862959999998566
2	47	-0.681202250008937
2	47	-0.6148897500097519
2	47	-0.5739210000028834
2	47	-0.5308272499969462
2	47	-0.4599210000014864
2	47	-0.40226475000963546
2	47	-0.3780772500031162
2	47	-0.3543272500101011
2	47	-0.343108500004746
2	47	-0.32995225000195205
2	47	-0.29038975000730716
2	47	-0.2772960000002058
2	47	-0.27167100000951905
2	47	-0.25413975000265054
2	47	-0.23998450000362936
2	47	-0.21885950000432786
2	47	0.050671749995672144
2	47	0.4204842499893857
2	47	0.47535924999101553
2	47	0.5253279999888036
2	47	0.635359249994508
2	47	0.6823904999910155
2	47	0.6863279999961378
2	47	0.7510467499960214
2	47	0.8347030000004452
2	47	0.9355779999896185
2	47	1.3389217499934603
2	47	1.4230467499874067
2	47	1.5411404999904335
2	47	1.6382654999906663
2	47	1.682327999995323
2	47	1.7143904999975348
2	47	1.7252654999902006
2	47	1.767952999987756
2	47	1.8297654999914812
2	48	-5.909262500004843
2	48	-5.865825000000768
2	48	-5.708793750003679
2	48	-5.652043750000303
2	48	-5.636918749994948
2	48	-5.539637499998207
2	48	-5.522543750004843
2	48	-5.481606250003097
2	48	-5.418293750000885
2	48	-5.190074999991339
2	48	-5.171199999997043
2	48	-5.162637500005076
2	48	-5.0547322500060545
2	48	-5.03120100000524
2	48	-5.027263500000117
2	48	-5.025388499998371
2	48	-4.950700999994297
2	48	-4.935669750004308
2	48	-4.922013500006869
2	48	-4.875075999996625
2	48	-4.828044750000117
2	48	-4.748638499993831
2	48	-4.622575999994297
2	48	-4.447669750006753
2	48	-4.391888500002096
2	48	-4.389388499999768
2	48	-4.333419749993482
2	48	-4.267294749995926
2	48	-4.167419749996043
2	48	-4.160263500001747
2	48	-4.093607250004425
2	48	-3.8984822500060545
2	48	-3.852169749996392
2	48	-3.793482249995577
2	48	-3.712263499997789
2	48	-3.6172010000009323
2	48	-3.3773260000016307
2	48	-3.2707322500064038
2	48	-3.2437634999951115
2	48	-2.998763499999768
2	48	-2.8991072500066366
2	48	-2.8087322500068694
2	48	-2.7226697500009323
2	48	-2.646827000004123
2	48	-2.6071082499984186
2	48	-2.600983249998535
2	48	-2.458014500007266
2	48	-2.1623895000084303
2	48	-2.050608250006917
2	48	-1.9057957500044722
2	48	-1.8509520000079647
2	48	-1.5977645000093617
2	48	-1.5551082500023767
2	48	-1.5436082500091288
2	48	-1.4797645000071498
2	48	-1.4667957500059856
2	48	-1.2375770000071498
2	48	-1.1911082500009798
2	48	-1.1713582500087796
2	48	-1.1674520000087796
2	48	-1.1583895000076154
2	48	-1.027170750006917
2	48	-0.9988270000030752
2	48	-0.9041707500000484
2	48	-0.7761082500073826
2	48	-0.4742957499984186
2	48	-0.4718270000012126
2	48	-0.4288582500012126
2	48	-0.4100144999974873
2	48	-0.36767074999806937
2	48	-0.1784520000073826
2	48	-0.05023424999671988
2	48	0.0911095000046771
2	48	0.1354845000169007
2	48	0.2189220000145724
2	48	0.5103282500058413
2	48	0.6446095000137575
2	48	0.6587657500058413
2	48	0.6790782500174828
2	48	0.9907345000101486
2	48	0.9968595000100322
2	48	1.2568282500142232
2	48	1.4801407500053756
2	48	1.5560782500106143
2	48	1.563547000012477
2	48	1.5697970000037458
2	48	1.5835157500114292
2	48	1.600765750015853
2	48	1.6126720000174828
2	48	1.6175470000162022
2	48	1.6244220000080531
2	48	1.6344220000173664
2	48	1.9802657500113128
2	49	-5.938138750003418
2	49	-5.777638750005281
2	49	-5.694545000005746
2	49	-5.497763750012382
2	49	-5.4694512500136625
2	49	-5.438263750009355
2	49	-5.389482500002487
2	49	-5.2276700000074925
2	49	-5.143982500012498
2	49	-5.0515762499999255
2	49	-4.972357500009821
2	49	-4.878701250010636
2	49	-4.574951250004233
2	49	-4.451420000012149
2	49	-4.413576250008191
2	49	-4.290545000010752
2	49	-4.272544999999809
2	49	-4.2233575000136625
2	49	-4.15713875000074
2	49	-4.059545000010985
2	49	-3.9561700000049314
2	49	-3.875138750008773
2	49	-3.8710450000071432
2	49	-3.849232500011567
2	49	-3.7515137500013225
2	49	-3.6056085000018356
2	49	-3.539358500012895
2	49	-3.50842100000591
2	49	-3.5040147500112653
2	49	-3.4195147500140592
2	49	-3.4162335000146413
2	49	-3.4122335000138264
2	49	-3.3473897500080056
2	49	-3.337671000015689
2	49	-3.322327250003582
2	49	-3.1889522500132443
2	49	-3.053514750004979
2	49	-3.0061710000154562
2	49	-2.925139750004746
2	49	-2.779983500004164
2	49	-2.682046000001719
2	49	-2.4770147500094026
2	49	-2.0468897500104504
2	49	-2.0420772500074236
2	49	-2.018358500004979
2	49	-1.9057335000106832
2	49	-1.7472647500107996
2	49	-1.5022022500052117
2	49	-1.4916710000106832
2	49	-1.4602335000090534
2	49	-1.418452250014525
2	49	-1.3845147500105668
2	49	-1.3327022500016028
2	49	-1.2854835000034655
2	49	-1.1989522500080056
2	49	-1.0558907500089845
2	49	-0.9569845000078203
2	49	-0.8918907500046771
2	49	-0.8450157500046771
2	49	-0.8251407500065397
2	49	-0.6246407500148052
2	49	-0.5822970000153873
2	49	-0.5072970000037458
2	49	-0.4777345000038622
2	49	-0.47589075000723824
2	49	-0.4709532500128262
2	49	-0.4546720000071218
2	49	-0.4297657500137575
2	49	-0.41117200000735465
2	49	-0.323109500008286
2	49	-0.26354700000956655
2	49	-0.2369532500160858
2	49	-0.03476575000968296
2	49	-0.01751575000525918
2	49	0.01660924998577684
2	49	0.05632799999148119
2	49	0.12360924998938572
2	49	0.14882799999031704
2	49	0.1791092499915976
2	49	0.2037654999876395
2	49	0.28051549999509007
2	49	0.38567174998752307
2	49	0.41632799999206327
2	49	0.5797654999914812
2	49	0.7079842499952065
2	49	0.9658279999857768
2	49	1.2071717499929946
2	49	1.2187029999913648
2	49	1.2584529999876395
2	49	1.2886404999881051
2	49	1.6402019999804907
2	49	1.7107957499829354
2	49	1.7773582499939948
2	49	1.8062019999924814
2	49	1.9220457499905024
2	50	-5.844794000004185
2	50	-5.736325250007212
2	50	-5.433418999993592
2	50	-5.160262749996036
2	50	-5.108637750003254
2	50	-4.84979399999429
2	50	-4.761575249998714
2	50	-4.408732500000042
2	50	-4.16104500000074
2	50	-4.157451250008307
2	50	-4.1469825000094716
2	50	-4.070357500007958
2	50	-4.018388750002487
2	50	-3.9653262500069104
2	50	-3.913982500002021
2	50	-3.858795000007376
2	50	-3.8061075000005076
2	50	-3.7723887500033015
2	50	-3.695138750001206
2	50	-3.691951250002603
2	50	-3.661513750004815
2	50	-3.639826250000624
2	50	-3.5730762500024866
2	50	-3.4892950000066776
2	50	-3.452545000007376
2	50	-3.4366699999955017
2	50	-3.3770450000010896
2	50	-3.3687325000064448
2	50	-3.334607500000857
2	50	-3.29832625000563
2	50	-3.177763750005397
2	50	-3.056763750006212
2	50	-2.916451249999227
2	50	-2.8402325000060955
2	50	-2.676513750004233
2	50	-2.6248575000063283
2	50	-2.5288262499962
2	50	-2.5009825000015553
2	50	-2.4953262500057463
2	50	-2.468888750008773
2	50	-2.460670000000391
2	50	-2.382107500001439
2	50	-2.2896387500077253
2	50	-2.270701250003185
2	50	-2.2438887500029523
2	50	-2.0926699999981793
2	50	-2.0791387500066776
2	50	-1.9168584999861196
2	50	-1.846702249982627
2	50	-1.7994522499939194
2	50	-1.6816397499933373
2	50	-1.6699522499839077
2	50	-1.550014749984257
2	50	-1.5030147499928717
2	50	-1.4234209999849554
2	50	-1.3939209999953164
2	50	-1.3772022499906598
2	50	-1.1909834999823943
2	50	-1.0291084999917075
2	50	-1.0269834999926388
2	50	-0.9897959999943851
2	50	-0.9070772499835584
2	50	-0.8980772499926388
2	50	-0.8156397499842569
2	50	-0.6177022499905434
2	50	-0.5972334999823943
2	50	-0.5695147499936866
2	50	-0.4514834999863524
2	50	-0.4289209999842569
2	50	-0.40345224998600315
2	50	-0.3828584999864688
2	50	-0.3646709999884479
2	50	-0.22185849999368656
2	50	-0.13385849999031052
2	50	-0.0677647499833256
2	50	-0.025202249991707504
2	50	0.03342275001341477
2	50	0.23295400000642985
2	50	0.2747977500112029
2	50	0.469297750008991
2	50	0.7160155000019586
2	50	0.7687030000088271
2	50	0.9923905000032391
2	50	1.001109250006266
2	50	1.0076092500094092
2	50	1.25276550000126
2	50	1.260265500008245
2	50	1.3688905000017257
2	50	1.4763905000145314
2	50	1.5243280000140658
2	50	1.60370300001523
2	50	1.6140467500081286
2	50	1.7732967500051018
2	50	1.9475155000109226
2	50	1.9577030000073137
3	1	-2.127264249997097
3	1	-1.2840767499874346
3	1	1.4303587500035064
3	1	1.6189212500030408
3	2	-5.666451000011875
3	2	-5.358013500008383
3	2	-3.9754510000057053
3	2	-0.11582799999450799
3	3	-5.867262999992818
3	3	-5.078794249988277
3	3	-2.7016702499968233
3	3	-1.4134827499947278
3	3	0.18035999999847263
3	3	0.2520162500004517
3	3	1.4236090000049444
3	4	-4.414918999988004
3	4	-0.17973350000102073
3	5	-3.9363254999916535
3	5	-3.693232749996241
3	5	-1.4013264999957755
3	5	-0.01510874999803491
3	6	-4.371981999996933
3	6	-2.7662642499926733
3	6	-2.402764249985921
3	6	-1.7390454999986105
3	6	0.10754725000879262
3	6	0.7244535000063479
3	7	-5.230325249998714
3	7	-2.432388750006794
3	7	-2.341920000006212
3	7	0.34901649999665096
3	7	0.9042342500033556
3	7	1.0218280000117375
3	7	1.87364050000906
3	8	-5.262762999991537
3	8	-4.788075499993283
3	8	-4.602887999993982
3	8	-2.447326499997871
3	8	-2.4088264999882085
3	8	-2.1168577499920502
3	8	-0.2233587499940768
3	8	-0.14945250000164378
3	8	0.6956725000054576
3	8	1.5247027500008699
3	9	-5.586887999990722
3	9	-5.3561692499934
3	9	-5.3358879999868805
3	9	-4.74270049999177
3	9	-4.357856749993516
3	9	-3.2703889999975218
3	9	-2.3235139999887906
3	9	-2.099982749990886
3	9	-1.997701499989489
3	9	0.7933287500200095
3	10	-5.9838877500005765
3	10	-1.762202249999973
3	10	-0.6361720000131754
3	10	-0.4092970000056084
3	10	0.3166404999938095
3	11	-5.8743882500129985
3	11	-2.844389250021777
3	11	0.2316409999912139
3	11	1.8623899999947753
3	12	-5.091451250002137
3	12	-0.19479700000374578
3	12	0.5865154999919469
3	12	1.3724529999890365
3	12	1.8932029999850783
3	13	-2.1456714999949327
3	13	0.23976500000571832
3	13	0.42142125000827946
3	13	0.8898587500007125
3	14	-5.813762999983737
3	14	-4.447607749985764
3	14	-4.286107749998337
3	14	-1.5853899999929126
3	14	0.7591090000059921
3	14	0.7641402500012191
3	14	0.7705777500086697
3	15	-5.494200000001001
3	15	-4.943668749998324
3	15	-4.8752000000094995
3	15	-4.2345134999923175
3	15	-2.853888499987079
3	15	-1.203670749993762
3	15	-0.6830457499891054
3	16	-3.120670500007691
3	16	-2.9152330000069924
3	16	-1.112702750004246
3	16	-0.9137027499964461
3	17	-5.9815435000055
3	17	-5.944512250003754
3	17	-5.5099184999999125
3	17	-4.849544499986223
3	17	-4.686856999993324
3	17	-2.2503579999902286
3	17	-2.100232999990112
3	17	-1.6159204999858048
3	17	-0.42285799999081064
3	17	-0.2865464999922551
3	17	1.4610472500062315
3	18	-1.92651425000804
3	18	-1.6006705000036163
3	18	-1.5687330000073416
3	18	-0.9126705000089714
3	18	-0.6089205000025686
3	18	0.14395349999540485
3	18	0.5723284999985481
3	19	-5.2467942499934
3	19	-5.004887999995844
3	19	-4.280263999986346
3	19	-3.1212327499961248
3	19	-2.0319212499889545
3	19	-0.48501499999838416
3	19	-0.4723587499902351
3	19	1.1381402499973774
3	19	1.9550465000065742
3	20	-4.095107499990263
3	20	-3.3922325000021374
3	20	-1.9778897499927552
3	20	-1.5678272499935701
3	20	-0.21107725000183564
3	20	0.011954000001423992
3	21	-3.716076750002685
3	21	-2.4867954999936046
3	21	-1.2659215000021504
3	21	-1.1025777500035474
3	21	-0.8890465000004042
3	21	-0.8575465000030817
3	21	-0.541577750002034
3	21	-0.44729650000226684
3	22	-5.583043999999063
3	22	-3.357669999997597
3	22	-1.6736397499917075
3	22	-1.5720460000011371
3	22	-1.5098897499992745
3	22	-0.517858499995782
3	22	-0.4536709999956656
3	22	-0.27335849999508355
3	22	1.00995300001523
3	23	-5.503513249990647
3	23	-3.7842017499933718
3	23	-3.659514249986387
3	23	-1.2736714999919059
3	23	-0.10967149998759851
3	23	0.07720350001181941
3	24	-5.691231750010047
3	24	-5.394950500020059
3	24	-4.352013000010629
3	24	-1.2382650000072317
3	24	1.1649527499976102
3	24	1.57529649999924
3	25	-5.985981499994523
3	25	-3.1620762500097044
3	25	-2.5251700000080746
3	26	-5.867637500006822
3	26	-5.235981250007171
3	26	-4.0050760000012815
3	26	-0.549670749984216
3	26	1.4594845000101486
3	27	-5.4937312500114786
3	27	-2.5191385000071023
3	27	-1.6498270000010962
3	28	-0.8347649999923306
3	28	-0.6409524999908172
3	28	-0.14479624999512453
3	28	0.09748500000569038
3	28	0.5563912500074366
3	28	1.6582652500073891
3	29	-5.681325499986997
3	29	-5.311512999993283
3	29	-4.68351299999631
3	29	-2.429638999994495
3	29	-1.8574514999927487
3	29	1.873702750002849
3	30	-5.659388000014587
3	30	-3.224138999998104
3	30	-0.4772649999940768
3	30	-0.0871400000032736
3	30	1.4918590000015683
3	31	-5.5992007500026375
3	31	-5.481919500001823
3	31	-3.05973300000187
3	31	-2.1091392499947688
3	31	-2.0638267500035
3	31	-0.33601524999539834
3	31	-0.21070275000238325
3	32	-1.9180767499929061
3	32	-0.7371402499993565
3	32	-0.12698400000226684
3	32	0.4270472500065807
3	32	1.3171087500086287
3	33	-5.3570440000039525
3	33	-5.194075249994057
3	33	-4.934668999994756
3	33	-4.729418999995687
3	33	-3.9664512500021374
3	33	-3.859607500009588
3	33	-0.053858500003116205
3	33	0.014141499996185303
3	33	0.01989149999280926
3	34	-3.8182639999868115
3	34	-3.4632952499960084
3	34	-3.432232749997638
3	34	0.02401625001220964
3	34	0.15773500000068452
3	34	1.6819527500047116
3	35	-5.811137750002672
3	35	-4.6756065000081435
3	35	-2.329701250011567
3	35	-1.7947637500037672
3	35	1.3025467499974184
3	36	-4.200326499994844
3	36	-3.151763999994728
3	36	-1.641452500000014
3	36	-0.4538274999940768
3	37	-0.08107775000098627
3	37	0.59657850000076
3	38	-4.002982500009239
3	38	-2.6087960000149906
3	38	-2.406233500005328
3	38	-1.5899522500112653
3	38	-1.382983500006958
3	39	-2.6277329999866197
3	39	-0.36354649999702815
3	39	0.9098910000029719
3	40	-5.931262999991304
3	40	-4.471826499997405
3	40	-3.820576500002062
3	40	-3.1213264999969397
3	40	-1.2263899999961723
3	41	-4.267950749999727
3	41	-2.6262017499975627
3	41	-2.1992642499972135
3	41	-2.0043580000055954
3	41	-1.9807954999996582
3	41	-0.977076750001288
3	41	-0.271640250008204
3	41	0.4685159999935422
3	42	-5.324638000005507
3	42	-4.242419250003877
3	42	-0.5377650000009453
3	42	1.9352964999852702
3	43	-5.833825999987312
3	43	-5.408263499994064
3	43	-4.030950999993365
3	43	-3.5235447499871952
3	43	-2.2436082499916665
3	43	-1.7632332499924814
3	43	0.8968595000042114
3	43	0.9194220000063069
3	43	1.0422344999969937
3	43	1.1089532500045607
3	43	1.383234499997343
3	44	-4.9508254999964265
3	44	-2.3659827499941457
3	44	-0.725233749995823
3	44	0.6164225000102306
3	44	0.6281725000008009
3	45	-4.737294499995187
3	45	-2.254295499995351
3	45	-1.9475142499868525
3	45	-1.9109517499891808
3	45	-1.8058579999924405
3	45	-1.6251704999885987
3	46	-5.78654324998206
3	46	-3.4336692499928176
3	46	-3.372356749998289
3	46	-2.77738899999531
3	46	-1.8128889999934472
3	46	-1.7912952499900712
3	46	0.19239125002059154
3	47	-5.91951274999883
3	47	-1.996671000000788
3	47	-0.2593897500046296
3	47	-0.23260950000258163
3	47	-0.1804532500100322
3	48	-5.730200000005425
3	48	-2.689232250006171
3	48	-1.7939520000072662
3	48	-0.8522332499996992
3	48	-0.5965145000081975
3	48	1.5921095000085188
3	49	-4.960107500010054
3	49	-4.75576374999946
3	49	-2.5022960000060266
3	49	-2.424421000003349
3	49	-1.8372335000021849
3	49	-0.9156095000071218
3	49	-0.8419845000171335
3	49	-0.19864075000805315
3	50	-3.9713887499965494
3	50	-2.6994200000044657
3	50	-2.0207637499988778
3	50	-1.859327249985654
3	50	-0.9665147499908926
3	50	0.13367275001655798
3	50	1.7668280000070808
4	2	-4.582951000003959
4	2	-3.595608249990619
4	2	-2.6594207499874756
4	2	-0.9474842499912484
4	3	-5.071981749992119
4	3	-4.752700499986531
4	3	-4.501200499988045
4	3	-3.6709827500017127
4	3	-3.094920249990537
4	3	-0.979139999995823
4	3	0.4565474999981234
4	3	1.0958600000012666
4	3	1.8450152500008699
4	4	-4.517700249998597
4	4	-2.284857499995269
4	4	-1.483670000001439
4	4	-0.5592334999964805
4	4	-0.5521710000029998
4	4	-0.17207724999752827
4	4	1.6637967499991646
4	5	-3.8203265000047395
4	5	-3.007045249993098
4	5	-2.0548889999918174
4	5	0.2694537500065053
4	5	0.7197350000060396
4	6	-4.964763249983662
4	6	-3.8362319999869214
4	6	-3.5757954999862704
4	6	-3.2338892499974463
4	6	-2.928951749985572
4	7	-4.915450250002323
4	7	-1.3386397500144085
4	7	-0.3341397500043968
4	7	0.5108289999916451
4	7	1.4147342500073137
4	7	1.8088280000083614
4	8	-5.268325499986531
4	8	-4.084012999999686
4	8	-3.240107749996241
4	8	-2.4851077499915846
4	8	-2.25785774999531
4	8	-2.0419514999957755
4	8	-1.8195139999879757
4	8	0.3788287500065053
4	8	0.4486412499973085
4	9	-3.236701499990886
4	9	-2.338138999999501
4	9	-2.0852014999982202
4	9	-1.812045249986113
4	9	-1.6304202499886742
4	9	-1.408170249997056
4	9	-1.391826499995659
4	9	-1.0902639999985695
4	9	-0.13642124997568317
4	9	0.6218600000138395
4	9	1.925421500010998
4	9	1.9828590000252007
4	10	-5.501044999997248
4	10	-3.950263749997248
4	10	-3.8567949999996927
4	10	-3.783544999998412
4	10	-2.8385459999990417
4	10	-2.8180460000003222
4	10	-0.9293584999977611
4	10	-0.6882345000049099
4	10	-0.648047000009683
4	10	-0.48842200000945013
4	10	0.017827999996370636
4	10	0.21164049999788404
4	10	0.6663279999920633
4	10	1.1625467499980005
4	11	-4.643232000016724
4	11	-2.756889250013046
4	11	-2.574951750022592
4	11	-1.4547955000161892
4	12	-4.625451250001788
4	12	-2.375702250006725
4	12	-1.1353897500084713
4	12	-1.0676710000116145
4	12	-0.9696709999989253
4	12	-0.4413585000002058
4	12	-0.3552657500113128
4	12	0.12320299999555573
4	12	0.5097967499896185
4	13	-5.548919500011834
4	13	-5.44338825000159
4	13	0.2983900000108406
4	13	0.3536712500063004
4	13	0.4081399999995483
4	14	-4.749419249987113
4	14	-4.166795249999268
4	14	-2.632576499992865
4	14	-2.60592024998914
4	14	-2.4502639999991516
4	14	-0.4470774999936111
4	14	-0.055358749988954514
4	15	-4.660106249997625
4	15	-3.0149509999901056
4	15	-1.8610769999941112
4	15	-1.246139499999117
4	15	-1.1388269999879412
4	15	-0.32751449999341276
4	15	1.561390750008286
4	16	-5.008138249992044
4	16	-4.810014250004315
4	16	-4.199389250003151
4	16	-4.154983000000357
4	16	-2.278640250005992
4	16	-0.6462965000100667
4	16	-0.10326524999982212
4	17	-5.804074750005384
4	17	-5.545793500001309
4	17	-5.355512249996536
4	17	-4.0616694999916945
4	17	-3.814169499979471
4	17	-3.1671382499916945
4	17	-3.112513249987387
4	17	-2.452295499984757
4	17	-1.4084829999919748
4	17	-1.3392329999915091
4	17	-0.9021704999904614
4	17	-0.6697642499930225
4	17	0.5248285000125179
4	18	-4.010607000003802
4	18	-2.8614194999972824
4	18	-2.8375757500034524
4	18	-1.46167050000804
4	18	-0.7873892500065267
4	18	0.041703499999130145
4	18	0.9775784999947064
4	18	1.4517034999880707
4	19	-5.9679817499854835
4	19	-5.41379424999468
4	19	-5.402544249984203
4	19	-5.243044249989907
4	19	-3.3411702499870444
4	19	-2.774545249994844
4	19	-1.7163274999911664
4	19	-0.47742124999058433
4	19	-0.46960874999058433
4	19	0.4332027500058757
4	19	0.7922340000077384
4	20	-5.888793999998597
4	20	-4.801606499997433
4	20	-4.125669999993988
4	20	-3.340388750002603
4	20	-1.5722647499933373
4	20	-0.9014522499928717
4	20	-0.3875772500032326
4	20	-0.17257724999217317
4	21	-4.754606999995303
4	21	-4.343451749999076
4	21	-4.024357999995118
4	21	-3.652045499999076
4	21	-1.1100777499959804
4	21	-0.7126402499998221
4	21	-0.03348399999958929
4	21	0.15526600000157487
4	22	-5.03670024999883
4	22	-4.895762749991263
4	22	-4.830762749988935
4	22	-4.212701249998645
4	22	-4.022263749997364
4	22	-3.8787949999968987
4	22	-3.1720762499899138
4	22	-2.1740137500019046
4	22	-1.7918272499955492
4	22	-1.2552960000029998
4	22	-1.1985147499945015
4	22	0.32111025000631344
4	22	0.8714842500194209
4	22	1.303453000014997
4	22	1.5337342500133673
4	22	1.6844217500183731
4	23	-5.63482574999216
4	23	-5.582606999989366
4	23	-4.831731999991462
4	23	-1.3517964999919059
4	24	-5.772575500013772
4	24	-5.712794250022853
4	24	-5.696794250019593
4	24	-5.599919250016683
4	24	-4.735544250012026
4	24	-4.320450500017614
4	24	-4.069295250024879
4	24	-1.4362025000009453
4	24	-0.48932750000676606
4	24	-0.03404625000257511
4	24	-0.020296250004321337
4	24	0.1480474999989383
4	24	1.5634214999881806
4	24	1.593390249996446
4	25	-4.568043999999645
4	25	-3.747044999996433
4	25	-3.464857500002836
4	25	-3.4577324999991106
4	25	-2.9153575000091223
4	25	-1.6145137499988778
4	25	-0.4554210000060266
4	25	-0.1672647500090534
4	26	-4.949543750000885
4	26	-3.623451000006753
4	26	-2.112295749990153
4	26	-1.8213894999935292
4	26	1.1817345000017667
4	27	-5.91798125000787
4	27	-5.679418750005425
4	27	-5.428293750010198
4	27	-5.238668750011129
4	27	-4.401576000003843
4	27	-3.9063885000068694
4	27	-1.4150770000123885
4	27	0.07082924999122042
4	27	0.267954249997274
4	28	-5.6159192500053905
4	28	-5.248638000004576
4	28	-3.805764000004274
4	28	-1.638671249995241
4	28	-1.103108750001411
4	28	-0.963514999995823
4	28	-0.7647025000042049
4	28	-0.16538999999465887
4	28	0.19817250000778586
4	28	1.373202749993652
4	29	-4.240201499997056
4	29	-3.1115452499943785
4	29	-2.9077014999929816
4	29	-2.5568577499943785
4	29	-2.421013999992283
4	29	-0.872640000001411
4	29	-0.8251400000008289
4	29	-0.015858750004554167
4	29	1.6978590000071563
4	30	-4.747950500008301
4	30	-3.574295250000432
4	30	-3.0121702500036918
4	30	-2.5883265000011306
4	30	-0.36260875000152737
4	30	0.39611000000149943
4	31	-5.514356999992742
4	31	-3.5567017499997746
4	31	-3.1673267500009388
4	31	-2.730170499999076
4	31	-1.7887642499990761
4	31	-1.7106079999939539
4	31	-1.6275142499944195
4	31	-1.3472027499956312
4	31	-0.5694527500018012
4	31	-0.4276090000057593
4	31	1.1344525000022259
4	31	1.413764999990235
4	32	-5.597888250005781
4	32	-4.697825750001357
4	32	-4.256231999999727
4	32	-3.5957329999946523
4	32	-3.3456392499938374
4	32	-3.229733000000124
4	32	-2.1099517499969807
4	32	-1.8590142499888316
4	32	-1.4640152499923715
4	32	-0.5044214999943506
4	32	-0.13779649999924004
4	32	0.10792224999750033
4	33	-3.832263750009588
4	33	-3.0069512500049314
4	33	-2.1662012500019046
4	33	-1.1826710000023013
4	33	-0.18385850000777282
4	33	-0.12073350000719074
4	33	-0.042358500009868294
4	33	0.3914539999968838
4	33	0.39542274999257643
4	33	0.8036727500002598
4	33	0.93670399999246
4	34	-5.255450499986182
4	34	-4.273637999984203
4	34	-4.174981749994913
4	34	-2.588857749986346
4	34	-0.6505462499917485
4	34	0.15507875000184868
4	34	0.48714125000697095
4	34	1.4913277500018012
4	35	-5.472262750001391
4	35	-5.000044000000344
4	35	-4.00398250001308
4	35	-3.818170000013197
4	35	-1.5804835000162711
4	35	-1.203608500014525
4	35	-0.16988975001731887
4	35	0.7092039999843109
4	36	-5.540512999999919
4	36	-3.9690452499926323
4	36	-3.3930764999968233
4	36	-3.2032639999961248
4	36	-2.9217952500039246
4	36	-2.4874827500025276
4	36	-2.112513999993098
4	36	-1.8763265000015963
4	36	-1.6531399999948917
4	36	-0.7770774999953574
4	36	-0.723483750000014
4	37	-5.15432575000159
4	37	-4.86779450000904
4	37	-4.843013250007061
4	37	-4.825731999997515
4	37	-1.8386402500036638
4	37	-1.622577750007622
4	37	-1.1005152500001714
4	37	-0.5251402499998221
4	37	-0.1806090000027325
4	37	0.4089222499897005
4	38	-5.78954500000691
4	38	-5.626763750013197
4	38	-4.462920000005397
4	38	-3.098764750015107
4	38	-3.0320772500126623
4	38	-0.928327250017901
4	38	0.863671749990317
4	39	-3.1988882500008913
4	39	-0.5560152499965625
4	39	0.7933597500086762
4	39	0.9177972500037868
4	40	-4.854295249999268
4	40	-3.5431702500063693
4	40	-2.3261087499995483
4	40	-2.05717125000956
4	40	-1.8305462499993155
4	40	0.20329649999621324
4	40	1.9903892500005895
4	41	-2.978389249998145
4	41	-2.3906704999972135
4	41	-2.193576749996282
4	41	-1.3746392500033835
4	41	-0.532640250006807
4	41	-0.2891715000005206
4	41	-0.2800777499942342
4	41	-0.11935900000389665
4	42	-4.169919250009116
4	42	-2.773795250002877
4	42	-1.6527015000028769
4	42	-0.9858587500057183
4	42	1.4092027499864344
4	43	-4.0104197499895236
4	43	-3.0322332499927143
4	43	-2.5872332500002813
4	43	-2.330295749998186
4	43	-1.9339519999921322
4	43	-1.926545750000514
4	43	-1.7716394999879412
4	43	-1.0425770000001648
4	43	1.1037657499982743
4	44	-5.737325499998406
4	44	-5.624825499995495
4	44	-4.880137999993167
4	44	-4.104887999987113
4	44	-3.3142639999859966
4	44	-3.2022014999965904
4	44	-2.9632952499960084
4	44	-2.321295249988907
4	44	-1.974576499997056
4	44	-1.1264514999929816
4	44	0.44876625000324566
4	44	1.8918902500154218
4	45	-4.878575749986339
4	45	-2.8702954999898793
4	45	-2.404576749991975
4	45	-1.924857999998494
4	45	-1.8150767499901121
4	45	-1.7224204999947688
4	45	-1.6012329999939539
4	45	0.5627035000070464
4	45	1.4384534999990137
4	46	-5.636544249995495
4	46	-5.20716924998851
4	46	-4.125731749998522
4	46	-4.00813799999014
4	46	-3.542262999995728
4	46	-2.284201499991468
4	46	-2.0239514999993844
4	46	-1.8187015000003157
4	46	-1.3423889999976382
4	46	-0.563733749979292
4	46	0.2953912500233855
4	46	0.36114125001768116
4	46	1.6472662500164006
4	47	-5.642325249995338
4	47	-5.59157525000046
4	47	-3.9905450000078417
4	47	-2.41135850000137
4	47	-1.5425772500020685
4	47	1.0059217499947408
4	47	1.9322029999893857
4	48	-4.772294750000583
4	48	-4.145607250000467
4	48	-3.429169750001165
4	48	-3.2768884999968577
4	48	-3.2624822500074515
4	48	-0.1979832500073826
4	48	0.14026575001480523
4	48	1.5874845000071218
4	49	-5.151107500001672
4	49	-4.5494200000102865
4	49	-3.3498585000052117
4	49	-2.4852022500126623
4	49	-1.5929210000031162
4	49	-1.560827250010334
4	49	0.19651549999252893
4	49	0.3294529999839142
4	49	0.9825154999853112
4	50	-4.973419000001741
4	50	-2.488388750003651
4	50	-1.7805772499850718
4	50	-1.697639749996597
4	50	-1.3438584999967134
4	50	0.29245400000945665
4	50	0.9892342500097584
4	50	1.708453000013833
4	50	1.7879842500115046
5	1	-5.969013249996351
5	1	-5.805044499997166
5	1	-5.70632574998308
5	1	-5.6597319999855245
5	1	-5.591200749986456
5	1	-5.530294499985757
5	1	-5.509794499987038
5	1	-5.461825749996933
5	1	-5.449044499982847
5	1	-5.401075749992742
5	1	-5.379513249994488
5	1	-5.317200749996118
5	1	-5.2946069999889005
5	1	-5.267294499994023
5	1	-5.201263249997282
5	1	-5.106606999994256
5	1	-4.992263249994721
5	1	-4.934325749985874
5	1	-4.910700749984244
5	1	-4.890388249987154
5	1	-4.84673199999088
5	1	-4.798481999983778
5	1	-4.785544499987736
5	1	-4.685575749987038
5	1	-4.662606999991112
5	1	-4.611044499994023
5	1	-4.578731999994488
5	1	-4.34654449998925
5	1	-4.326856999992742
5	1	-4.258575749990996
5	1	-3.8608257499872707
5	1	-3.8177632499864558
5	1	-3.730013249994954
5	1	-3.6979819999833126
5	1	-3.608700749988202
5	1	-3.5727329999936046
5	1	-3.106607999987318
5	1	-3.0436079999926733
5	1	-2.9629517499852227
5	1	-2.940576749999309
5	1	-2.916701749985805
5	1	-2.8420454999868525
5	1	-2.7153267499961657
5	1	-2.628482999993139
5	1	-2.5373579999868525
5	1	-2.319889249993139
5	1	-2.2997954999882495
5	1	-1.8901704999880167
5	1	-1.5794204999983776
5	1	-1.5443267499940703
5	1	-1.5018267499981448
5	1	-1.4024517499929061
5	1	-1.1951079999853391
5	1	-1.1559204999939539
5	1	-0.8975777499872493
5	1	-0.8287964999908581
5	1	-0.6998590000002878
5	1	-0.4979839999869
5	1	-0.39376524998806417
5	1	-0.331046499995864
5	1	-0.25104649999411777
5	1	-0.21789024998724926
5	1	0.008266000004368834
5	1	0.14395350000995677
5	1	0.3352034999988973
5	1	0.3672660000011092
5	1	0.4057660000107717
5	1	0.44432850000157487
5	1	0.4928597500111209
5	1	0.5129535000014585
5	1	0.608922250001342
5	1	0.6378597500006435
5	1	0.6541410000063479
5	1	0.7904847500030883
5	1	0.8559847500000615
5	1	1.1332347499992466
5	1	1.277922250010306
5	1	1.4084222500096075
5	1	1.4567650000099093
5	1	1.5567650000011781
5	1	1.6144524999981513
5	1	1.7117025000043213
5	2	-5.94020100000489
5	2	-5.434138500000699
5	2	-5.02982600001269
5	2	-4.7958885000116425
5	2	-4.751294750007219
5	2	-4.543857250013389
5	2	-4.38666975000524
5	2	-4.266263500001514
5	2	-3.9903572500043083
5	2	-3.9238885000086157
5	2	-3.8368269999918994
5	2	-3.8200769999966724
5	2	-3.7722957499936456
5	2	-3.493264499993529
5	2	-3.4263582499988843
5	2	-2.872483250001096
5	2	-2.8236082499934128
5	2	-2.7736082499905024
5	2	-1.2900154999952065
5	2	-0.8071092500031227
5	2	-0.315046749994508
5	2	-0.2953279999928782
5	2	-0.2736404999886872
5	2	-0.2441404999990482
5	2	-0.22651549999136478
5	2	-0.09292174999427516
5	2	-0.07573425000009593
5	2	-0.04214049999427516
5	2	-0.010640499996952713
5	2	0.03776575000665616
5	2	0.06379700000979938
5	2	0.09698450000723824
5	2	0.21176575000572484
5	2	0.23145325000223238
5	2	0.24060950000421144
5	2	0.2809845000010682
5	2	0.32442200000514276
5	2	0.38623450000886805
5	2	0.4561095000099158
5	2	0.5017970000044443
5	2	0.5554845000006026
5	2	0.6592345000099158
5	2	0.7147970000078203
5	2	0.7713907500001369
5	2	0.8851407500042114
5	2	0.9529845000070054
5	2	1.016265750004095
5	2	1.0542344999994384
5	2	1.2878584999998566
5	2	1.3255772499978775
5	2	1.6073584999976447
5	2	1.676889750000555
5	2	1.695702249999158
5	2	1.7176710000057938
5	2	1.7560459999949671
5	2	1.7719210000068415
5	2	1.7994522500084713
5	2	1.8404522500059102
5	2	1.9560460000066087
5	3	-5.875762999989092
5	3	-5.726762999998755
5	3	-5.638981749987579
5	3	-5.492856749988277
5	3	-5.478200499986997
5	3	-5.469481749998522
5	3	-5.282981749987812
5	3	-5.165262999988045
5	3	-5.091637999998056
5	3	-5.011606749991188
5	3	-4.869387999991886
5	3	-4.829856749987812
5	3	-4.751075499996659
5	3	-4.702356750000035
5	3	-4.658169249989442
5	3	-4.6210442499868805
5	3	-4.5215442499902565
5	3	-4.454887999992934
5	3	-4.423419249986182
5	3	-4.245856749999803
5	3	-4.178544249996776
5	3	-3.8940754999930505
5	3	-3.7276077499991516
5	3	-3.6980764999898383
5	3	-3.6628264999890234
5	3	-3.630295249997289
5	3	-3.587826499991934
5	3	-3.5531702500011306
5	3	-3.541076499997871
5	3	-3.479170249993331
5	3	-3.464263999994728
5	3	-3.338451499992516
5	3	-3.1983889999974053
5	3	-3.061013999991701
5	3	-2.9059514999971725
5	3	-2.887420250001014
5	3	-2.810701499998686
5	3	-2.75045149998914
5	3	-2.4173577499896055
5	3	-2.3824827499920502
5	3	-2.3461390000011306
5	3	-2.3209514999907697
5	3	-2.295607749998453
5	3	-2.1649202499975218
5	3	-2.1366389999893727
5	3	-2.1124827500025276
5	3	-2.051357749995077
5	3	-1.911357749995659
5	3	-1.7484827500011306
5	3	-1.6394827499898383
5	3	-1.6001390000019455
5	3	-1.5537327499914682
5	3	-1.503045249992283
5	3	-1.4252014999947278
5	3	-1.3881702499929816
5	3	-1.295452499995008
5	3	-1.272327500002575
5	3	-1.2159525000024587
5	3	-1.1936399999976857
5	3	-1.1667024999915157
5	3	-1.1295775000035064
5	3	-1.092327499995008
5	3	-1.0136087499995483
5	3	-0.7653587499953574
5	3	-0.7471399999922141
5	3	-0.45445249999465887
5	3	-0.3698900000017602
5	3	-0.30704625000362284
5	3	-0.25445249999756925
5	3	0.3115162500034785
5	3	0.33311000000685453
5	3	0.35811000000103377
5	3	0.45398500000010245
5	3	0.5635787500068545
5	3	0.6056412500038277
5	3	0.6165787500067381
5	3	0.6394537500018487
5	3	0.6766100000095321
5	3	1.948640250004246
5	3	1.9707652500073891
5	4	-5.904200249991845
5	4	-5.762200249999296
5	4	-5.471512749994872
5	4	-5.410543999998481
5	4	-5.367981499992311
5	4	-5.336387749994174
5	4	-5.259512749995338
5	4	-5.146794000000227
5	4	-5.0993252499902155
5	4	-4.981637749995571
5	4	-4.699606499998481
5	4	-4.646981499987305
5	4	-4.378293999994639
5	4	-4.249325249998947
5	4	-4.2019189999991795
5	4	-4.139356499988935
5	4	-4.077168999996502
5	4	-4.056262749989401
5	4	-4.027825249999296
5	4	-3.9820439999894006
5	4	-3.9000127499894006
5	4	-3.8835752499871887
5	4	-3.711763749990496
5	4	-3.6928887499962
5	4	-3.499295000001439
5	4	-3.3876075000007404
5	4	-3.259576249998645
5	4	-2.90851374999329
5	4	-2.271076249991893
5	4	-2.2461699999985285
5	4	-2.1138887499982957
5	4	-2.0968262499955017
5	4	-2.078451249995851
5	4	-2.050795000002836
5	4	-2.026451249999809
5	4	-1.9696387500007404
5	4	-1.9506074999953853
5	4	-1.817451249997248
5	4	-1.7962637500022538
5	4	-1.7296387499955017
5	4	-1.6909824999893317
5	4	-1.6536699999996927
5	4	-1.6121387500024866
5	4	-1.3953262499999255
5	4	-1.283889750004164
5	4	-1.076139750002767
5	4	-0.8662022499920567
5	4	-0.833952250002767
5	4	-0.7790459999960149
5	4	-0.683764749992406
5	4	-0.6612959999911254
5	4	-0.6260460000048624
5	4	-0.5952647499943851
5	4	-0.5682022499968298
5	4	-0.56370225000137
5	4	-0.5339835000049789
5	4	-0.35217099999135826
5	4	-0.3302960000000894
5	4	-0.19823349999205675
5	4	-0.12623349999194033
5	4	0.029641500004800037
5	4	0.4630477500031702
5	4	0.5947352500079433
5	4	0.7337665000086417
5	4	0.7795477500039851
5	4	0.849329000004218
5	4	0.8733290000091074
5	4	0.9258914999954868
5	4	0.958704000004218
5	4	0.9858915000077104
5	4	1.0128602500044508
5	4	1.0589540000073612
5	4	1.0847665000037523
5	4	1.1162665000010747
5	4	1.2236405000003288
5	4	1.2882654999993974
5	4	1.4209842499985825
5	4	1.858109249995323
5	4	1.9392967500025406
5	5	-5.999044249998406
5	5	-5.993262999996659
5	5	-5.966419249991304
5	5	-5.938731749993167
5	5	-5.853356749998056
5	5	-5.705231749991071
5	5	-5.692637999993167
5	5	-5.427044249998289
5	5	-5.295200499997009
5	5	-5.079138000000967
5	5	-5.036200499991537
5	5	-4.995012999992468
5	5	-4.963137999991886
5	5	-4.925200500001665
5	5	-4.901294249997591
5	5	-4.8848254999902565
5	5	-4.832669249997707
5	5	-4.822512999991886
5	5	-4.80029425000248
5	5	-4.782731749990489
5	5	-4.747106750000967
5	5	-4.724325499992119
5	5	-4.712575500001549
5	5	-4.682356749995961
5	5	-4.634794249999686
5	5	-4.602637999996659
5	5	-4.572200499998871
5	5	-4.5393254999944475
5	5	-4.495575499997358
5	5	-4.455731750000268
5	5	-3.7835139999951934
5	5	-3.7297327499982202
5	5	-3.1141389999975218
5	5	-3.0195452500047395
5	5	-2.8100452499929816
5	5	-2.354170249993331
5	5	-2.3222640000021784
5	5	-2.2938889999932144
5	5	-2.139357749998453
5	5	-2.005514000004041
5	5	-1.9904202500038082
5	5	-1.978795250004623
5	5	-1.966451500004041
5	5	-1.9557952500035753
5	5	-1.9452014999988023
5	5	-1.922045250001247
5	5	-1.915451499997289
5	5	-1.9034202500042738
5	5	-1.896857749990886
5	5	-1.8750140000047395
5	5	-1.867451500002062
5	5	-1.856357750002644
5	5	-1.6697952499962412
5	5	-1.6634202499990351
5	5	-1.6586077499960084
5	5	-1.6493889999983367
5	5	-1.6381702499929816
5	5	-1.6200452500052052
5	5	-1.6127014999947278
5	5	-1.5937640000047395
5	5	-1.575201500003459
5	5	-1.5627952499926323
5	5	-1.5377639999933308
5	5	-1.4870452500035753
5	5	-1.44907649999368
5	5	-1.3083274999953574
5	5	-1.2898275000043213
5	5	-1.1625462499941932
5	5	-1.1220150000008289
5	5	-1.025608750001993
5	5	-0.94820250000339
5	5	-0.853421249994426
5	5	-0.7697024999943096
5	5	-0.75329624999722
5	5	-0.7216712499939604
5	5	-0.6522337500064168
5	5	-0.22570249999989755
5	5	-0.18298374999722
5	5	-0.10107750000315718
5	5	-0.032702500000596046
5	5	0.07007874999544583
5	5	0.3735787500045262
5	5	0.40076624999346677
5	5	0.4285787499975413
5	5	0.46710999999777414
5	5	0.4865162500063889
5	5	0.506359999999404
5	5	0.5479849999974249
5	5	0.562391250001383
5	5	0.576891250006156
5	5	0.6117662500037113
5	5	0.6481725000048755
5	5	0.6720787499943981
5	5	0.7402662499953294
5	5	0.8157349999964936
5	5	0.9146100000070874
5	5	1.01623500000278
5	5	1.0413600000028964
5	5	1.0712975000060396
5	5	1.104796500003431
5	5	1.1264527500024997
5	5	1.147859000004246
5	5	1.1901714999985415
5	5	1.7191402500029653
5	5	1.7969527499953983
5	5	1.8862340000050608
5	6	-5.956450749989017
5	6	-5.85788824998599
5	6	-5.818981999982498
5	6	-5.755513249983778
5	6	-5.442200749996118
5	6	-5.324263249989599
5	6	-5.266606999983196
5	6	-5.218200749994139
5	6	-5.0473882499936735
5	6	-4.929419499996584
5	6	-4.851981999992859
5	6	-4.800700749983662
5	6	-4.776575749987387
5	6	-4.475294499992742
5	6	-4.460763249982847
5	6	-4.429919499991229
5	6	-4.365606999985175
5	6	-4.330450749985175
5	6	-4.31157574999088
5	6	-4.214575749996584
5	6	-4.141419499996118
5	6	-4.104669499996817
5	6	-4.062606999985292
5	6	-4.038513249994139
5	6	-4.017106999992393
5	6	-3.9717319999908796
5	6	-3.9539194999961182
5	6	-3.948731999989832
5	6	-3.9164507499954198
5	6	-3.846481999993557
5	6	-3.7519204999989597
5	6	-3.7274204999848735
5	6	-3.684295499988366
5	6	-3.653857999990578
5	6	-3.600420499991742
5	6	-3.5849517499882495
5	6	-3.544607999996515
5	6	-3.5048579999856884
5	6	-3.354826749986387
5	6	-3.2821392499899957
5	6	-3.1920454999926733
5	6	-3.0591392499918584
5	6	-2.953201749987784
5	6	-2.8182954999938374
5	6	-2.09548299999733
5	6	-1.9589517499989597
5	6	-1.861732999997912
5	6	-1.7841704999882495
5	6	-1.6637329999939539
5	6	-1.6422329999913927
5	6	-1.602576749995933
5	6	-1.524139249988366
5	6	-1.5022017499868525
5	6	-1.4760767499974463
5	6	-1.4661079999932554
5	6	-1.4361392499849899
5	6	-1.4183267499902286
5	6	-1.4027954999910435
5	6	-1.3843892499862704
5	6	-1.370170499998494
5	6	-1.3419204999954673
5	6	-1.2735152499953983
5	6	-1.2499839999945834
5	6	-1.205952749995049
5	6	-1.1766714999976102
5	6	-1.1193277499987744
5	6	-1.083202750000055
5	6	-1.0665152500005206
5	6	-1.0539214999880642
5	6	-1.0371714999928372
5	6	-1.0212652499903925
5	6	-1.0091714999871328
5	6	-0.9873589999915566
5	6	-0.9556402499874821
5	6	-0.918108999991091
5	6	-0.8751714999962132
5	6	-0.8538902500004042
5	6	-0.8299527499912074
5	6	-0.46179649999248795
5	6	-0.03495274999295361
5	6	0.01745350001147017
5	6	0.04339099999924656
5	6	0.0663910000002943
5	6	0.10210975000518374
5	6	0.32123475000844337
5	6	0.35048475000075996
5	6	0.4467035000125179
5	6	0.47639100000378676
5	6	0.5961097500112373
5	6	0.6244847500056494
5	6	0.7219222500134492
5	6	0.9720159999997122
5	6	1.0386722500115866
5	6	1.075516000011703
5	6	1.1238910000101896
5	6	1.652140000005602
5	6	1.770577500006766
5	7	-5.979793999998947
5	7	-5.929981499997666
5	7	-5.908825250007794
5	7	-5.850793999998132
5	7	-5.8301064999977825
5	7	-5.819075250008609
5	7	-5.779294000007212
5	7	-5.741450250003254
5	7	-5.687262749997899
5	7	-5.626950250007212
5	7	-5.6038565000053495
5	7	-5.5517315000033705
5	7	-5.535481500002788
5	7	-5.499606500001391
5	7	-5.484231499998714
5	7	-5.439700250004535
5	7	-5.413137750001624
5	7	-5.378981500005466
5	7	-5.348012750007911
5	7	-5.288512750004884
5	7	-5.242606500003603
5	7	-5.184356500001741
5	7	-5.119325250008842
5	7	-5.082794000001741
5	7	-4.846669000005932
5	7	-4.549043999999412
5	7	-4.273762750002788
5	7	-4.18901275000826
5	7	-3.9241387500078417
5	7	-3.610013750003418
5	7	-3.5750137499999255
5	7	-3.5589512500009732
5	7	-3.4392012500029523
5	7	-3.4080762500088895
5	7	-2.99795124999946
5	7	-2.7797012500086566
5	7	-2.7290137500094716
5	7	-2.6682637500052806
5	7	-2.6310450000019046
5	7	-2.61045125000237
5	7	-2.577826250009821
5	7	-2.5513887499982957
5	7	-2.4145450000069104
5	7	-2.3921387500013225
5	7	-2.3631387500063283
5	7	-2.2934825000120327
5	7	-2.175513750000391
5	7	-2.059013750011218
5	7	-1.9578575000050478
5	7	-1.7962325000116834
5	7	-1.7743575000058627
5	7	-1.7119825000117999
5	7	-1.6482335000036983
5	7	-1.626827250001952
5	7	-1.4812022500118474
5	7	-1.4481085000006715
5	7	-1.0160772500094026
5	7	-0.900358500002767
5	7	-0.8815147500135936
5	7	-0.8499835000111489
5	7	-0.8157022500090534
5	7	-0.7328897500119638
5	7	-0.7142960000055609
5	7	-0.654577250010334
5	7	-0.6418897500116145
5	7	-0.610889750008937
5	7	-0.5957335000130115
5	7	-0.5816397500020685
5	7	-0.5531085000111489
5	7	-0.521358500001952
5	7	-0.49823350000951905
5	7	-0.4557335000135936
5	7	-0.3446085000032326
5	7	-0.2876397500076564
5	7	-0.17167100000369828
5	7	-0.1565460000128951
5	7	-0.1405147500045132
5	7	-0.07463975000428036
5	7	-0.03988975001266226
5	7	-0.024858500008122064
5	7	-0.010421000013593584
5	7	0.027141499987919815
5	7	0.23532899998826906
5	7	0.2981102499907138
5	7	0.3350477499916451
5	7	0.36214149999432266
5	7	0.4020789999922272
5	7	0.5776414999854751
5	7	0.6979227499978151
5	7	0.7394852499855915
5	7	0.7592977499880362
5	7	0.7953914999961853
5	7	0.9866405000066152
5	7	1.054359250003472
5	7	1.1060155000013765
5	7	1.1603905000083614
5	7	1.3026717500033556
5	7	1.3615467500058003
5	7	1.4254217499983497
5	7	1.5159530000091763
5	7	1.9567654999991646
5	8	-5.761700499992003
5	8	-5.704294249997474
5	8	-5.691044249993865
5	8	-5.51282549998723
5	8	-5.378731749995495
5	8	-5.371106749997125
5	8	-5.186137999990024
5	8	-5.037231749985949
5	8	-4.754575499988277
5	8	-4.544544249991304
5	8	-4.464544249989558
5	8	-4.397794249991421
5	8	-4.280200499997591
5	8	-3.9615452500001993
5	8	-3.8728264999954263
5	8	-3.7312014999915846
5	8	-3.6071077499946114
5	8	-3.543670250001014
5	8	-3.289545249994262
5	8	-3.2457014999963576
5	8	-3.2218264999974053
5	8	-3.187857749988325
5	8	-3.1682014999969397
5	8	-3.0933264999912353
5	8	-2.8743889999896055
5	8	-2.805482750001829
5	8	-2.3352014999982202
5	8	-2.1758889999910025
5	8	-2.0109202499879757
5	8	-1.9611389999918174
5	8	-1.6251077499910025
5	8	-1.5378577499941457
5	8	-1.35135874999105
5	8	-1.2714524999901187
5	8	-1.0876399999979185
5	8	-1.078233749998617
5	8	-1.0569837499933783
5	8	-1.0387024999945424
5	8	-1.0065150000009453
5	8	-0.9809212499967543
5	8	-0.9538900000043213
5	8	-0.9329212500015274
5	8	-0.9061712499969872
5	8	-0.6628587500017602
5	8	-0.29579624999314547
5	8	-0.1424212499987334
5	8	-0.05817124999884982
5	8	0.24304750000010245
5	8	0.26739125000312924
5	8	0.33770375000312924
5	8	0.35273500000766944
5	8	0.3864224999997532
5	8	0.4116725000058068
5	8	0.4418287500011502
5	8	0.48282874999858905
5	8	0.5247975000092993
5	8	0.55879750000895
5	8	0.5959850000072038
5	8	0.8816412500018487
5	8	0.9859527499938849
5	8	1.0256714999995893
5	8	1.0951090000016848
5	8	1.1495777499949327
5	8	1.331765249997261
5	8	1.370827749997261
5	8	1.7429839999967953
5	9	-5.986480749983457
5	9	-5.924544249995961
5	9	-5.909044249987346
5	9	-5.848981749993982
5	9	-5.827075499997591
5	9	-5.283919249995961
5	9	-5.23020049999468
5	9	-5.167169249994913
5	9	-5.076700499994331
5	9	-5.024387999990722
5	9	-5.005887999985134
5	9	-4.959981749983854
5	9	-4.710044249994098
5	9	-4.677231749985367
5	9	-4.553075499992701
5	9	-3.8563567499950295
5	9	-3.521262999987812
5	9	-3.425951499986695
5	9	-3.2314202499983367
5	9	-3.1848264999862295
5	9	-2.9909827499941457
5	9	-2.865795249992516
5	9	-2.8291389999940293
5	9	-2.7931077499961248
5	9	-2.6402014999912353
5	9	-2.5799827499868115
5	9	-2.494701499992516
5	9	-2.443013999989489
5	9	-2.3109514999960084
5	9	-2.2702639999915846
5	9	-2.105638999986695
5	9	-2.0897639999893727
5	9	-1.896138999989489
5	9	-1.8578577499865787
5	9	-1.851513999994495
5	9	-1.8025139999954263
5	9	-1.7845452499896055
5	9	-1.7744827499991516
5	9	-1.7541389999969397
5	9	-1.7374827499879757
5	9	-1.6368577499961248
5	9	-1.6105452499905368
5	9	-1.5982014999899548
5	9	-1.5684827499935636
5	9	-1.5259202499873936
5	9	-1.4912639999965904
5	9	-1.463670249999268
5	9	-1.4529514999885578
5	9	-1.4382327499915846
5	9	-1.428420249998453
5	9	-1.4213577499904204
5	9	-1.3885764999868115
5	9	-1.339482749986928
5	9	-1.172545249995892
5	9	-1.1389202499995008
5	9	-1.1295452499907697
5	9	-1.0034212499740534
5	9	-0.9522024999751011
5	9	-0.9232962499809219
5	9	-0.9101087499730056
5	9	-0.8796087499795249
5	9	-0.8426087499829009
5	9	-0.8136087499733549
5	9	-0.7572024999826681
5	9	-0.7450774999742862
5	9	-0.7269837499770802
5	9	-0.7119837499776622
5	9	-0.7022337499802234
5	9	-0.6786087499785936
5	9	-0.670639999982086
5	9	-0.6522024999867426
5	9	-0.612452499975916
5	9	-0.5701399999816203
5	9	-0.55098374998488
5	9	-0.524264999985462
5	9	-0.505139999979292
5	9	-0.46648374997312203
5	9	-0.45163999998476356
5	9	-0.4342649999744026
5	9	-0.4093587499810383
5	9	-0.4008899999753339
5	9	-0.3873899999744026
5	9	-0.3616399999737041
5	9	-0.3366399999795249
5	9	-0.3215774999844143
5	9	-0.30098374998488
5	9	-0.2622962499735877
5	9	-0.2334524999751011
5	9	-0.21579624997684732
5	9	-0.2002962499827845
5	9	-0.17963999997300562
5	9	-0.16648374998476356
5	9	-0.13948374998290092
5	9	-0.11270249997323845
5	9	-0.10692124998604413
5	9	-0.09567124997556675
5	9	-0.08826499998394866
5	9	0.01076625002315268
5	9	0.019141250013490207
5	9	0.02961000002687797
5	9	0.0447037500271108
5	9	0.047985000026528724
5	9	0.050766250016749837
5	9	0.059703750026528724
5	9	0.06445375001931097
5	9	0.07161000001360662
5	9	0.08367250002629589
5	9	0.17717250001442153
5	9	0.21986000002652872
5	9	0.24379750002117362
5	9	0.2627662500162842
5	9	0.27323500001512
5	9	0.2873912500217557
5	9	0.30014125001616776
5	9	0.336766250024084
5	9	0.36476625001523644
5	9	0.3769225000141887
5	9	0.38561000002664514
5	9	0.49057875001744833
5	9	0.5005787500267616
5	9	0.5138600000209408
5	9	0.5403287500230363
5	9	0.5678600000246661
5	9	0.652453750022687
5	9	0.6958600000216393
5	9	0.7190475000243168
5	9	0.7362350000184961
5	9	0.8568912500195438
5	9	0.8709537500253646
5	9	0.9595162500190781
5	9	1.0113600000186125
5	9	1.0557975000265287
5	9	1.133422500017332
5	9	1.1679537500167498
5	9	1.2826412500144215
5	9	1.6652027500240365
5	9	1.7982027500111144
5	10	-5.896794000000227
5	10	-5.746762750000926
5	10	-5.702826250009821
5	10	-5.488982499999111
5	10	-5.455107500005397
5	10	-5.3140137500013225
5	10	-5.300732500007143
5	10	-5.28623250000237
5	10	-5.260513750006794
5	10	-5.219482500004233
5	10	-5.086451249997481
5	10	-4.843076250006561
5	10	-4.511732500002836
5	10	-4.486107500008075
5	10	-4.349732500006212
5	10	-4.287670000005164
5	10	-4.22410750000563
5	10	-4.214670000001206
5	10	-4.177201250000508
5	10	-4.151545000000624
5	10	-4.1229200000088895
5	10	-4.115170000004582
5	10	-4.08292000000074
5	10	-4.040326250004
5	10	-4.0185762500041164
5	10	-3.996232500008773
5	10	-3.9654512499982957
5	10	-3.9430450000072597
5	10	-3.921482500009006
5	10	-3.860419999997248
5	10	-3.8141387500072597
5	10	-3.775232500003767
5	10	-3.7485450000094716
5	10	-3.717951250000624
5	10	-3.706857500001206
5	10	-3.6764512500085402
5	10	-3.616701250008191
5	10	-3.4972950000083074
5	10	-3.128796000004513
5	10	-2.8145772499992745
5	10	-2.5858585000096355
5	10	-2.3605460000107996
5	10	-2.304046000004746
5	10	-1.8755147500050953
5	10	-1.7079835000040475
5	10	-1.6680772500112653
5	10	-1.6216397500102175
5	10	-1.4324210000049789
5	10	-1.2332960000057938
5	10	-1.1945772500039311
5	10	-1.1692335000116145
5	10	-1.1588584999990417
5	10	-1.1272647500009043
5	10	-1.0844835000025341
5	10	-1.0507022500096355
5	10	-1.0111397500004387
5	10	-0.9707647500035819
5	10	-0.9321085000119638
5	10	-0.8611397500062594
5	10	-0.8496397499984596
5	10	-0.827077250010916
5	10	-0.7961397500039311
5	10	-0.7037032500084024
5	10	-0.6919220000127098
5	10	-0.6012970000010682
5	10	-0.5527032500103815
5	10	-0.5305782500072382
5	10	-0.5219845000101486
5	10	-0.5044532500032801
5	10	-0.48479700001189485
5	10	-0.4696095000108471
5	10	-0.43951575001119636
5	10	-0.41485950000060257
5	10	-0.38314075001107994
5	10	-0.10489075000805315
5	10	-0.08748450000712182
5	10	-0.06248450001294259
5	10	-0.03567200001270976
5	10	-0.00864075000572484
5	10	0.02839049999602139
5	10	0.04429674999846611
5	10	0.32820299999730196
5	10	0.35454674999346025
5	10	0.3727342499914812
5	10	0.41123424998659175
5	10	0.44992174999788404
5	10	0.4773904999892693
5	10	0.5175154999888036
5	10	0.5974529999948572
5	10	0.6306404999922961
5	10	0.66373424998892
5	10	0.6969529999914812
5	10	0.7140779999899678
5	10	0.7781092499935767
5	10	0.7981404999882216
5	10	0.8986717499938095
5	10	0.9455154999886872
5	10	1.1280467499891529
5	10	1.2030467499862425
5	10	1.255515499986359
5	11	-5.999512250011321
5	11	-5.898919500017655
5	11	-5.65291950001847
5	11	-5.5863570000219624
5	11	-5.523107000015443
5	11	-5.5150132500129985
5	11	-5.4819195000163745
5	11	-5.446919500012882
5	11	-5.405107000013231
5	11	-5.382982000010088
5	11	-5.360575750019052
5	11	-5.302575750014512
5	11	-5.261982000010903
5	11	-5.242825750014163
5	11	-5.111575750008342
5	11	-5.081638250019751
5	11	-5.015544500012766
5	11	-4.972263250019751
5	11	-4.931388250013697
5	11	-4.8751070000143955
5	11	-4.84551325000939
5	11	-4.813138250014163
5	11	-4.783950750017539
5	11	-4.557357000012416
5	11	-3.814732000013464
5	11	-3.763732000021264
5	11	-3.5591382500133477
5	11	-3.3256080000137445
5	11	-3.1373892500123475
5	11	-2.815483000013046
5	11	-2.792983000021195
5	11	-2.7437642500153743
5	11	-2.70754550001584
5	11	-2.6459517500188667
5	11	-2.563733000017237
5	11	-2.548420500010252
5	11	-2.508545500022592
5	11	-2.48057675002201
5	11	-2.4678580000181682
5	11	-2.438951750023989
5	11	-2.4182330000185175
5	11	-2.3590142500179354
5	11	-1.920858000012231
5	11	-1.664483000015025
5	11	-1.64073300002201
5	11	-1.6220142500242218
5	11	-1.602608000015607
5	11	-1.575670500023989
5	11	-1.555826750016422
5	11	-1.5428580000152579
5	11	-1.5361080000147922
5	11	-1.5228892500163056
5	11	-1.5165142500190996
5	11	-1.5038267500203801
5	11	-1.486233000017819
5	11	-1.4600767500232905
5	11	-1.137545500023407
5	11	-1.1228267500118818
5	11	-1.1121080000157235
5	11	-1.092326750018401
5	11	-1.0672017500182847
5	11	-1.0604830000229413
5	11	-1.0485767500213115
5	11	-1.0210455000196816
5	11	-0.9898580000153743
5	11	-0.980483000021195
5	11	-0.9598267500114162
5	11	-0.9382642500131624
5	11	-0.8691090000065742
5	11	-0.687546500004828
5	11	-0.677890250008204
5	11	-0.6703590000106487
5	11	-0.6663902500004042
5	11	-0.6556715000042459
5	11	-0.6231715000030817
5	11	-0.5824527500080876
5	11	-0.5694527500018012
5	11	-0.5626715000107652
5	11	-0.5539527500077384
5	11	-0.5390777499997057
5	11	-0.5345152500085533
5	11	-0.5247652500111144
5	11	-0.514234000002034
5	11	-0.5072652500093682
5	11	-0.4952964999974938
5	11	-0.4800152500101831
5	11	-0.4548590000049444
5	11	-0.4417340000072727
5	11	-0.40670274999865796
5	11	-0.3889527499995893
5	11	-0.37717150000389665
5	11	-0.35092150000855327
5	11	-0.3333590000111144
5	11	-0.327765250010998
5	11	-0.3220465000049444
5	11	-0.31695274999947287
5	11	-0.3126402500056429
5	11	-0.31004650000249967
5	11	-0.306796500008204
5	11	-0.3029214999987744
5	11	-0.29904650000389665
5	11	-0.29414025000005495
5	11	-0.2860777500027325
5	11	-0.08795275000738911
5	11	-0.07957775000249967
5	11	0.003891000000294298
5	11	0.18123474999447353
5	11	0.22779725000145845
5	11	0.2412659999972675
5	11	0.275547249999363
5	11	0.29289099999004975
5	11	0.3239847499935422
5	11	0.34898475000227336
5	11	0.3778597499913303
5	11	0.5297347500018077
5	11	0.5509535000019241
5	11	0.5622347500029719
5	11	0.5844847499975003
5	11	0.6055472500011092
5	11	0.6398284999886528
5	11	0.6859847500018077
5	11	0.7101097499980824
5	11	0.7548597499990137
5	11	0.7755784999899333
5	11	0.7963909999962198
5	11	0.8110159999923781
5	11	0.8370785000006435
5	11	0.9647659999900497
5	11	1.1115159999899333
5	11	1.199172249995172
5	11	1.2807659999962198
5	11	1.3536097499891184
5	11	1.3984222500002943
5	11	1.4540472499938915
5	11	1.5058909999934258
5	11	1.5534534999897005
5	11	1.6681399999943096
5	11	1.7201712499954738
5	11	1.776421249989653
5	11	1.7947024999884889
5	11	1.9165149999898858
5	11	1.9498587499983842
5	12	-5.972825250006281
5	12	-5.923043999995571
5	12	-5.874668999997084
5	12	-5.467981499998132
5	12	-5.238263749997714
5	12	-5.225044999999227
5	12	-5.174794999998994
5	12	-5.099419999998645
5	12	-4.91573249999783
5	12	-4.902763750011218
5	12	-4.873201250011334
5	12	-4.784670000008191
5	12	-4.754357500001788
5	12	-4.743920000008075
5	12	-4.6559200000046985
5	12	-4.6033887500088895
5	12	-4.5216700000019046
5	12	-4.397576250004931
5	12	-4.3462012500094716
5	12	-4.241263750009239
5	12	-4.206170000004931
5	12	-4.183513750002021
5	12	-4.111076250002952
5	12	-4.0887950000033015
5	12	-4.030107500002487
5	12	-3.995513750007376
5	12	-3.9762325000046985
5	12	-3.955607500000042
5	12	-3.938263750009355
5	12	-3.9224824999982957
5	12	-3.825388750003185
5	12	-3.730701250009588
5	12	-3.7189512500044657
5	12	-3.6993887499993434
5	12	-3.539607500002603
5	12	-3.5130137500091223
5	12	-3.4765137500071432
5	12	-3.429295000009006
5	12	-3.3400137499993434
5	12	-3.314794999998412
5	12	-3.2182325000030687
5	12	-3.192888750010752
5	12	-3.139201250000042
5	12	-3.0470449999993434
5	12	-3.013795000006212
5	12	-2.994795000005979
5	12	-2.856796000007307
5	12	-2.8351397500082385
5	12	-2.722421000013128
5	12	-2.6658585000113817
5	12	-2.628264750004746
5	12	-1.6483272500045132
5	12	-1.449389750006958
5	12	-1.3867335000104504
5	12	-1.3477960000018356
5	12	-1.318952250003349
5	12	-1.2805147500039311
5	12	-1.264577250010916
5	12	-1.1803272500110324
5	12	-1.1643272500077728
5	12	-1.1528585000050953
5	12	-1.1260772500099847
5	12	-1.1150772500113817
5	12	-1.100608500011731
5	12	-1.0855772500071907
5	12	-1.0538897500082385
5	12	-1.0461397500039311
5	12	-1.03204600000754
5	12	-1.0217022500000894
5	12	-1.0111085000098683
5	12	-1.0012960000021849
5	12	-0.9942960000043968
5	12	-0.9808584999991581
5	12	-0.9637335000006715
5	12	-0.9515772500017192
5	12	-0.9435772500000894
5	12	-0.7539522500010207
5	12	-0.7228585000120802
5	12	-0.693952250003349
5	12	-0.6522960000002058
5	12	-0.39532725000754
5	12	-0.3071407500101486
5	12	-0.11910950001038145
5	12	-0.0018282500095665455
5	12	0.008452999987639487
5	12	0.2929842499870574
5	12	0.32970299999578856
5	12	0.3767029999871738
5	12	0.6053592499956721
5	12	0.7443592499912484
5	12	0.8507342499942752
5	12	0.8724529999890365
5	12	0.8996092499874067
5	12	0.9367654999950901
5	12	1.0242967499943916
5	12	1.0584529999905499
5	12	1.1600154999905499
5	12	1.2001717499952065
5	12	1.4182029999938095
5	12	1.4863279999990482
5	12	1.5419529999926453
5	12	1.58951549998892
5	12	1.7971092499938095
5	12	1.8797342499892693
5	13	-5.9918882500060135
5	13	-5.679669500008458
5	13	-5.658169500005897
5	13	-5.604669500011369
5	13	-5.462825750000775
5	13	-5.246169500009273
5	13	-4.486139250002452
5	13	-4.431420500011882
5	13	-4.3958267500129296
5	13	-4.2872642500005895
5	13	-4.269920500009903
5	13	-3.4450455000041984
5	13	-3.297576750002918
5	13	-3.283108000003267
5	13	-3.253920500006643
5	13	-3.2406705000030342
5	13	-3.1594830000103684
5	13	-3.1030767500051297
5	13	-2.905420500013861
5	13	-2.883420500002103
5	13	-2.871076750001521
5	13	-2.842733000012231
5	13	-2.8008267500117654
5	13	-2.7002017500053626
5	13	-2.5204205000045476
5	13	-2.475826750000124
5	13	-2.1484214999945834
5	13	-1.8551402499870164
5	13	-1.79835899999307
5	13	-1.7929839999997057
5	13	-1.783765249987482
5	13	-1.6894527499971446
5	13	-1.6789527499931864
5	13	-1.6568277499900432
5	13	-1.525421499987715
5	13	-1.5002027499867836
5	13	-1.493984000000637
5	13	-1.4608277499937685
5	13	-1.4498902499908581
5	13	-1.409171499995864
5	13	-1.3309214999899268
5	13	-1.3218277499981923
5	13	-1.3055777499976102
5	13	-1.2842027500009863
5	13	-1.2616089999937685
5	13	-1.233702749988879
5	13	-1.1924527499941178
5	13	-1.1591402499907417
5	13	-1.1259214999881806
5	13	-1.0877027499955148
5	13	-1.0408277499955148
5	13	-0.9834839999966789
5	13	-0.977015249998658
5	13	-0.9448277499905089
5	13	-0.9078277499938849
5	13	-0.8204839999962132
5	13	-0.6752339999948163
5	13	-0.6127652499999385
5	13	-0.5884527499874821
5	13	-0.5567964999936521
5	13	-0.48223399999551475
5	13	-0.43464024999411777
5	13	-0.3912339999951655
5	13	-0.3620777499891119
5	13	-0.33920274999400135
5	13	-0.3010152499919059
5	13	-0.28410900000017136
5	13	-0.2035464999935357
5	13	-0.1202027499966789
5	13	-0.08323399999062531
5	13	0.09520250000059605
5	13	0.11223374999826774
5	13	0.13382750000164378
5	13	0.2862337499973364
5	13	0.3076087500085123
5	13	0.32504625000001397
5	13	0.36532750001060776
5	13	0.43817125000350643
5	13	0.4909837500017602
5	13	0.5150775000074646
5	13	0.540515000000596
5	13	0.6643587500002468
5	13	0.7136087500111898
5	13	0.7445775000087451
5	13	0.7758275000087451
5	13	0.8537024999968708
5	13	0.9422962500102585
5	13	0.970608750008978
5	13	0.9848900000069989
5	13	1.265952500005369
5	13	1.282796250001411
5	13	1.3144212500046706
5	13	1.340577499999199
5	13	1.390733749998617
5	13	1.4416400000045542
5	13	1.478327500008163
5	13	1.5013275000092108
5	13	1.5506400000012945
5	13	1.78414000000339
5	14	-5.2228254999936325
5	14	-5.053825499984669
5	14	-4.833044249986415
5	14	-4.811294249986531
5	14	-4.798387999995612
5	14	-4.740481749991886
5	14	-4.694106749986531
5	14	-4.403263999993214
5	14	-4.354513999991468
5	14	-4.307951499999035
5	14	-4.275451499997871
5	14	-4.252201499999501
5	14	-4.243232749999152
5	14	-4.227232749995892
5	14	-4.214263999994728
5	14	-4.189545249988441
5	14	-4.106482749994029
5	14	-3.9332014999963576
5	14	-3.85551399999531
5	14	-3.8325764999899548
5	14	-3.6509202499873936
5	14	-3.6318889999965904
5	14	-3.5972639999963576
5	14	-3.5059514999884414
5	14	-3.316888999994262
5	14	-2.7758889999968233
5	14	-2.5781077499996172
5	14	-2.5528264999884414
5	14	-2.5131702499929816
5	14	-2.4760452499904204
5	14	-2.343295249986113
5	14	-2.320263999994495
5	14	-2.2989202499884414
5	14	-2.255420249988674
5	14	-2.2012014999927487
5	14	-2.1342337499954738
5	14	-2.0850462499947753
5	14	-2.059952499999781
5	14	-2.038046249988838
5	14	-2.0128899999981513
5	14	-1.979639999990468
5	14	-1.9631399999925634
5	14	-1.9271712499903515
5	14	-1.8271399999939604
5	14	-1.7880149999982677
5	14	-1.7441712500003632
5	14	-1.347546249991865
5	14	-1.0484837499971036
5	14	-1.037733749995823
5	14	-1.0125149999948917
5	14	-0.9541712499922141
5	14	0.025078750011743978
5	14	0.0558912499982398
5	14	0.08398500000475906
5	14	0.18664125000941567
5	14	0.2351725000044098
5	14	0.2542350000003353
5	14	0.26870374999998603
5	14	0.30342250000103377
5	14	0.38320275000296533
5	14	0.41220274999795947
5	14	0.4433277500065742
5	14	0.47873400000389665
5	14	0.523484000004828
5	14	0.5860465000005206
5	14	0.6089215000101831
5	14	0.6281402500026161
5	14	0.6829839999991236
5	14	0.7899215000070399
5	14	0.8194214999966789
5	14	0.8693277499987744
5	14	0.892015250006807
5	14	0.9196090000041295
5	14	0.9358590000047116
5	14	0.9555777500063414
5	14	1.0133590000041295
5	14	1.0762027500022668
5	14	1.289421499997843
5	14	1.3294215000059921
5	14	1.4075152500008699
5	14	1.534265249996679
5	14	1.7167027499963297
5	14	1.8057027500035474
5	14	1.9035465000051772
5	15	-5.775731250003446
5	15	-5.456575000003795
5	15	-5.439574999996694
5	15	-5.357637499997509
5	15	-5.336450000002515
5	15	-5.3293562500039116
5	15	-5.303043749998324
5	15	-5.251106249997974
5	15	-5.21876250000787
5	15	-5.187856250006007
5	15	-5.163637500008917
5	15	-5.138075000009849
5	15	-5.079918750008801
5	15	-5.024918750001234
5	15	-4.91798125000787
5	15	-4.816918750002515
5	15	-4.792262500006473
5	15	-4.779137500008801
5	15	-4.7619187500094995
5	15	-4.702887499995995
5	15	-4.676075000010314
5	15	-4.655543750006473
5	15	-4.639731250004843
5	15	-4.614981250007986
5	15	-4.587637500007986
5	15	-4.546606250005425
5	15	-4.491638499996043
5	15	-4.449575999984518
5	15	-4.39923224998347
5	15	-4.337482249989989
5	15	-4.238357249996625
5	15	-4.197357249984634
5	15	-4.163763499993365
5	15	-4.052607249992434
5	15	-3.506263499992201
5	15	-3.400169749991619
5	15	-3.353700999985449
5	15	-3.3022322499891743
5	15	-3.1062009999877773
5	15	-3.0688259999878937
5	15	-2.7392634999850998
5	15	-2.7133572499878937
5	15	-2.704325999991852
5	15	-2.6761072499939473
5	15	-2.650169749991619
5	15	-2.6174197499931324
5	15	-2.5896697499847505
5	15	-2.5501697499857983
5	15	-2.414763499997207
5	15	-2.3309197499911534
5	15	-2.1283259999909205
5	15	-2.046826999998302
5	15	-1.9180769999948097
5	15	-1.8192957499850309
5	15	-1.5709832499851473
5	15	-1.3832019999972545
5	15	-1.345326999988174
5	15	-1.328358249986195
5	15	-1.3098269999900367
5	15	-1.2840457499987679
5	15	-1.2325144999922486
5	15	-1.206233249991783
5	15	-1.132420749985613
5	15	-0.9827957499946933
5	15	-0.9692644999886397
5	15	-0.9258269999991171
5	15	-0.35163949998968747
5	15	-0.20873324999411125
5	15	0.048954250014503486
5	15	0.127954250012408
5	15	0.18479800000204705
5	15	0.2475480000139214
5	15	0.330360500011011
5	15	0.39120425000146497
5	15	0.4198292500077514
5	15	0.568484500006889
5	15	0.6198907500074711
5	15	0.633765750011662
5	15	0.6641407499992056
5	15	0.7657970000000205
5	15	0.825578250005492
5	15	0.8567032499995548
5	15	0.903297000011662
5	15	0.9447970000037458
5	15	1.1612345000030473
5	15	1.1828282500064233
5	15	1.5130470000003697
5	15	1.6084845000004862
5	15	1.6411095000075875
5	15	1.7589845000038622
5	16	-5.988325750004151
5	16	-5.881794500004617
5	16	-5.757794499993906
5	16	-5.592638250003802
5	16	-5.493763249993208
5	16	-5.451138250005897
5	16	-5.399950749997515
5	16	-5.38420075000613
5	16	-5.364919500003452
5	16	-5.337513249993208
5	16	-5.301638250006363
5	16	-5.2792944999964675
5	16	-5.154825749996235
5	16	-5.131638249993557
5	16	-5.112231999999494
5	16	-5.087981999997282
5	16	-5.058263250000891
5	16	-5.010357000006479
5	16	-4.992950750005548
5	16	-4.875920499995118
5	16	-4.8477017499972135
5	16	-4.761326749998261
5	16	-4.635483000005479
5	16	-4.541983000002801
5	16	-4.1804517499986105
5	16	-3.989295499995933
5	16	-3.951170500004082
5	16	-3.87963925000804
5	16	-3.672389250001288
5	16	-3.651108000005479
5	16	-3.631170499997097
5	16	-3.6192642499954673
5	16	-3.5810455000028014
5	16	-3.554482999999891
5	16	-3.504232999999658
5	16	-3.4851705000037327
5	16	-3.429576750000706
5	16	-3.3893580000003567
5	16	-3.3627954999974463
5	16	-3.3395767500041984
5	16	-3.2968267499963986
5	16	-3.2007642499957
5	16	-3.117201750006643
5	16	-3.0550455000047805
5	16	-3.0352017499972135
5	16	-2.943983000004664
5	16	-2.883420500002103
5	16	-2.8582955000019865
5	16	-2.7726392500044312
5	16	-2.7425455000047805
5	16	-2.712045499996748
5	16	-2.6348892499954673
5	16	-2.567045500007225
5	16	-2.4949829999968642
5	16	-2.4624829999957
5	16	-2.2129839999979595
5	16	-1.9523277499974938
5	16	-1.8002965000050608
5	16	-1.7913902500004042
5	16	-1.7843589999974938
5	16	-1.777296500004013
5	16	-1.7635465000057593
5	16	-1.7393277500086697
5	16	-1.7111089999962132
5	16	-1.5511715000029653
5	16	-1.4980777500022668
5	16	-1.4843902499997057
5	16	-1.456765249997261
5	16	-1.3841090000059921
5	16	-1.3710777500091353
5	16	-1.2403277499979595
5	16	-1.1348589999979595
5	16	-1.1157652499969117
5	16	-1.0715152500051772
5	16	-1.0410465000022668
5	16	-1.0219840000063414
5	16	-1.016796500000055
5	16	-1.0091715000016848
5	16	-1.003327750004246
5	16	-0.9180465000099503
5	16	-0.9099839999980759
5	16	-0.8980152500007534
5	16	-0.8515152500040131
5	16	-0.8034527499985415
5	16	-0.7822652500035474
5	16	-0.7768902500101831
5	16	-0.732265250000637
5	16	-0.6715152499964461
5	16	-0.6348589999979595
5	16	-0.6199527499993565
5	16	-0.5158902499970281
5	16	-0.37976525000703987
5	16	-0.350890250003431
5	16	-0.2885777500050608
5	16	-0.23945275000005495
5	16	-0.2139527499966789
5	16	0.028515999991213903
5	16	0.0882337499933783
5	16	0.14276499999687076
5	16	0.26185874998918734
5	16	0.29638999998860527
5	16	0.428358749995823
5	16	0.488389999998617
5	16	0.560140000001411
5	16	0.6022024999983842
5	16	0.6629524999880232
5	16	0.7678274999925634
5	16	0.8156712499912828
5	16	0.8640774999948917
5	16	0.8970462500001304
5	16	0.96854624999105
5	16	1.0698274999886053
5	16	1.1917025000002468
5	16	1.2185774999961723
5	16	1.3420462499925634
5	16	1.3740462499990826
5	16	1.4497962499881396
5	16	1.6670149999990826
5	16	1.8980149999988498
5	16	1.9272649999911664
5	17	-5.97823100000096
5	17	-5.959199749995605
5	17	-5.925418500002706
5	17	-5.9163872500066645
5	17	-5.862668500005384
5	17	-5.8565435000055
5	17	-5.825543500002823
5	17	-5.796043499998632
5	17	-5.774637249996886
5	17	-5.749918500005151
5	17	-5.684481000003871
5	17	-5.532887249995838
5	17	-5.5280122499971185
5	17	-5.372449749993393
5	17	-5.347355999998399
5	17	-5.235419499993441
5	17	-5.159106999984942
5	17	-5.1348569999827305
5	17	-5.097169499989832
5	17	-4.821263249992626
5	17	-4.778700749986456
5	17	-4.597731999980169
5	17	-4.292013249985757
5	17	-4.15066949998436
5	17	-3.7662319999799365
5	17	-3.658638249980868
5	17	-3.5870757499797037
5	17	-3.481763249990763
5	17	-3.440200749988435
5	17	-3.394981999983429
5	17	-3.290231999984826
5	17	-3.205419499980053
5	17	-3.1635132499795873
5	17	-3.103356999985408
5	17	-3.024106999990181
5	17	-2.8845444999897154
5	17	-2.8442319999885513
5	17	-2.791107999990345
5	17	-2.7311079999926733
5	17	-2.6612017499865033
5	17	-2.6324517499888316
5	17	-2.5649829999892972
5	17	-2.4743579999922076
5	17	-2.1828892499906942
5	17	-2.13517049998336
5	17	-1.5727329999936046
5	17	-1.2567642499925569
5	17	-1.2284204999887152
5	17	-1.142264249981963
5	17	-1.1044204999925569
5	17	-1.0605142499844078
5	17	-0.9565454999828944
5	17	-0.8488892499881331
5	17	-0.8143579999887152
5	17	-0.8066392499895301
5	17	-0.7876392499892972
5	17	-0.7758579999936046
5	17	-0.6898267499927897
5	17	-0.6463892499887152
5	17	-0.6275142499944195
5	17	-0.5920142499817302
5	17	-0.5703267499920912
5	17	-0.5609517499833601
5	17	-0.5534829999814974
5	17	-0.5426079999888316
5	17	-0.5303892499941867
5	17	-0.5222642499866197
5	17	-0.5088892499916255
5	17	-0.46663924999302253
5	17	-0.4106704999867361
5	17	-0.3407339999976102
5	17	-0.31345274999330286
5	17	-0.30764024998643436
5	17	-0.2962652499845717
5	17	-0.2899527499976102
5	17	-0.2800777499942342
5	17	-0.2752652499912074
5	17	-0.2714527499920223
5	17	-0.2681402499874821
5	17	-0.2652339999913238
5	17	-0.26117149999481626
5	17	-0.25645274999260437
5	17	-0.25104649999411777
5	17	0.06657850001647603
5	17	0.09095350001007318
5	17	0.12982850000844337
5	17	0.15598475000297185
5	17	0.1761722500086762
5	17	0.18660975000238977
5	17	0.19626600001356564
5	17	0.21779725000669714
5	17	0.23039100000460166
5	17	0.3067972500139149
5	17	0.32717225000669714
5	17	0.37035975001344923
5	17	0.44676600000821054
5	17	0.45929725001042243
5	17	0.5323285000049509
5	17	0.5487035000114702
5	17	0.5729847500042524
5	17	0.6017035000113538
5	17	0.7223910000029719
5	17	0.7567347500153119
5	17	0.8088285000121687
5	17	1.0556097500084434
5	17	1.159297250007512
5	17	1.1797347500105388
5	17	1.1986097500048345
5	17	1.2225472500140313
5	17	1.2488597500050673
5	17	1.3385472500085598
5	17	1.3867660000105388
5	17	1.4310160000022734
5	17	1.6528910000051837
5	17	1.815859750015079
5	17	1.8314535000099568
5	18	-5.847168499996769
5	18	-5.5979185000032885
5	18	-5.332387250004103
5	18	-5.183763249995536
5	18	-5.154263250005897
5	18	-5.14670075000322
5	18	-5.017732000007527
5	18	-4.796700749997399
5	18	-4.694825750004384
5	18	-4.5861382500006584
5	18	-3.925013250001939
5	18	-3.7878257499978645
5	18	-3.6754820000060135
5	18	-3.6126694999984466
5	18	-3.594919499999378
5	18	-3.575106999996933
5	18	-3.512075749997166
5	18	-3.3364507500082254
5	18	-3.261450749996584
5	18	-2.754388250003103
5	18	-2.7018580000003567
5	18	-2.6741080000065267
5	18	-2.6472642500011716
5	18	-2.589139250005246
5	18	-2.5400455000053626
5	18	-2.4313580000016373
5	18	-2.346014249997097
5	18	-2.282357999996748
5	18	-2.2039205000037327
5	18	-2.1598892500041984
5	18	-2.1232017500005895
5	18	-2.115858000004664
5	18	-2.0778892500093207
5	18	-2.0328580000059446
5	18	-1.9175142500025686
5	18	-1.8904517500050133
5	18	-1.7056704999995418
5	18	-1.6333580000064103
5	18	-1.6104829999967478
5	18	-1.5830142500053626
5	18	-1.5669829999969807
5	18	-1.518201750004664
5	18	-1.4793892500019865
5	18	-1.3499830000073416
5	18	-1.2963267500017537
5	18	-1.188733000002685
5	18	-1.1234830000030342
5	18	-0.8925142500083894
5	18	-0.7899204999994254
5	18	-0.7721705000003567
5	18	-0.6823267500003567
5	18	-0.5241079999977956
5	18	-0.4999517499963986
5	18	-0.3677330000064103
5	18	-0.26301424999837764
5	18	-0.18695275000936817
5	18	-0.1455465000035474
5	18	-0.11123400001088157
5	18	-0.09523400000762194
5	18	-0.07451525000215042
5	18	0.03304724999179598
5	18	0.06492224999237806
5	18	0.0855159999919124
5	18	0.09954724999261089
5	18	0.10535974999947939
5	18	0.11651599999458995
5	18	0.12495349999517202
5	18	0.14035974998841994
5	18	0.14654724999854807
5	18	0.161547249997966
5	18	0.17167224999866448
5	18	0.19510974999866448
5	18	0.20389099999738391
5	18	0.23176599999715108
5	18	0.24642224999843165
5	18	0.2560784999950556
5	18	0.2756097499950556
5	18	0.28820349999296013
5	18	0.30323474999750033
5	18	0.3212034999887692
5	18	0.34439099999144673
5	18	0.3734847499872558
5	18	0.7246722499985481
5	18	0.7520472499891184
5	18	0.8323284999933094
5	18	1.1723597499949392
5	18	1.6207034999970347
5	18	1.7919847500015749
5	18	1.9507659999944735
5	19	-5.9331379999930505
5	19	-5.881606749986531
5	19	-5.759544249987812
5	19	-5.6430442499840865
5	19	-5.5471379999944475
5	19	-5.5321692499856
5	19	-5.509700499984319
5	19	-5.45363799999177
5	19	-5.439700499991886
5	19	-5.431575499984319
5	19	-5.406887999997707
5	19	-5.376981749985134
5	19	-5.365012999987812
5	19	-5.317387999995844
5	19	-5.290919249993749
5	19	-5.249606749988743
5	19	-5.223450499994215
5	19	-5.198325499994098
5	19	-5.169856749984319
5	19	-5.1274192499840865
5	19	-5.0946379999950295
5	19	-5.0364504999888595
5	19	-4.9544192499888595
5	19	-4.897481749983854
5	19	-4.890294249984436
5	19	-4.885450499990839
5	19	-4.869262999985949
5	19	-4.727888999987044
5	19	-4.721201499996823
5	19	-4.708826499991119
5	19	-4.700732749988674
5	19	-4.695701499993447
5	19	-4.691013999996358
5	19	-4.685701499998686
5	19	-4.678920249993098
5	19	-4.670263999985764
5	19	-4.65982649999205
5	19	-4.652295249994495
5	19	-4.6400139999896055
5	19	-4.625795249987277
5	19	-4.614763999998104
5	19	-4.598670249994029
5	19	-4.587576499994611
5	19	-4.566232749988558
5	19	-4.500763999996707
5	19	-4.391295249995892
5	19	-4.362826499986113
5	19	-4.345013999991352
5	19	-4.330232749998686
5	19	-4.303201499991701
5	19	-4.206357749993913
5	19	-4.134295249998104
5	19	-4.104513999991468
5	19	-4.081451499994728
5	19	-4.065013999992516
5	19	-4.039951499988092
5	19	-3.9974514999921666
5	19	-3.9526077499904204
5	19	-3.9192327499913517
5	19	-3.903232749988092
5	19	-3.8608264999929816
5	19	-3.845638999991934
5	19	-3.82798274999368
5	19	-3.790670249989489
5	19	-3.7775452499918174
5	19	-3.763013999996474
5	19	-3.6984202499879757
5	19	-3.6886389999854146
5	19	-3.6745452499890234
5	19	-3.5836077499989187
5	19	-3.5687639999960084
5	19	-3.544763999991119
5	19	-3.5158264999918174
5	19	-3.476013999985298
5	19	-3.441982749995077
5	19	-3.417732749992865
5	19	-3.3932014999882085
5	19	-3.357888999991701
5	19	-3.3458264999935636
5	19	-3.275138999990304
5	19	-3.2368264999968233
5	19	-2.8962639999954263
5	19	-2.879076499986695
5	19	-2.8639202499907697
5	19	-2.7097952499898383
5	19	-2.692513999994844
5	19	-2.623388999985764
5	19	-2.4693889999907697
5	19	-2.4188264999975218
5	19	-2.356857749997289
5	19	-2.3218274999962887
5	19	-2.3063899999979185
5	19	-2.2230149999959394
5	19	-2.1609212499897694
5	19	-2.134796250000363
5	19	-2.109889999992447
5	19	-2.0675149999879068
5	19	-2.053171249994193
5	19	-2.044733749993611
5	19	-2.0258587499993155
5	19	-1.99198374999105
5	19	-1.9779524999903515
5	19	-1.963421249995008
5	19	-1.9099212500004796
5	19	-1.887952499993844
5	19	-1.8738899999880232
5	19	-1.8608587499911664
5	19	-1.8472962499945424
5	19	-1.8359212499926798
5	19	-1.8309524999931455
5	19	-1.8251087499957066
5	19	-1.6768899999879068
5	19	-1.640108749998035
5	19	-1.5045774999889545
5	19	-1.4999524999875575
5	19	-1.494671249995008
5	19	-1.4867649999941932
5	19	-1.4255462500004796
5	19	-1.4223274999967543
5	19	-1.4183274999959394
5	19	-1.4136712499894202
5	19	-1.409327499990468
5	19	-1.396389999994426
5	19	-1.2013274999917485
5	19	-1.1964837499981513
5	19	-1.1923275000008289
5	19	-1.188639999993029
5	19	-1.183702499998617
5	19	-1.17907749999722
5	19	-1.1737962499901187
5	19	-1.0759837499936111
5	19	-1.056140000000596
5	19	-1.0290774999884889
5	19	-1.0091087499895366
5	19	-0.985202500000014
5	19	-0.975639999989653
5	19	-0.9276712499995483
5	19	-0.9176399999996647
5	19	-0.9025462499994319
5	19	-0.8825775000004796
5	19	-0.8756399999983842
5	19	-0.8508900000015274
5	19	-0.8447024999913992
5	19	-0.8308587499923306
5	19	-0.8238587499945424
5	19	-0.8179212499962887
5	19	-0.649890000000596
5	19	-0.6464212499995483
5	19	-0.6414837499905843
5	19	-0.6372024999873247
5	19	-0.6323587499937275
5	19	-0.6262024999887217
5	19	-0.47488999999768566
5	19	-0.46129624999593943
5	19	-0.45576499999151565
5	19	-0.45295249999617226
5	19	-0.4499212499940768
5	19	-0.44685875000141095
5	19	-0.44345249999605585
5	19	-0.44045249999908265
5	19	-0.43654624999908265
5	19	-0.4335774999926798
5	19	-0.43042124999919906
5	19	-0.42692124999302905
5	19	-0.4193899999954738
5	19	-0.4153587499895366
5	19	-0.4105462500010617
5	19	-0.40563999999722
5	19	-0.39607750000141095
5	19	-0.39054624999698717
5	19	-0.3812962499941932
5	19	-0.36492124998767395
5	19	0.647359000009601
5	19	0.654452750008204
5	19	0.6594215000077384
5	19	0.6744215000071563
5	19	0.7187652499997057
5	19	0.7415465000085533
5	19	0.7960152500018012
5	19	0.8381402500090189
5	19	1.2545465000002878
5	19	1.518140250002034
5	19	1.9284840000036638
5	20	-5.811168999993242
5	20	-5.800950249991729
5	20	-5.741481499993824
5	20	-5.53320024999266
5	20	-5.5038252499944065
5	20	-5.428262749992427
5	20	-5.315668999988702
5	20	-5.272606499987887
5	20	-5.22538774998975
5	20	-5.091075249991263
5	20	-5.063825249992078
5	20	-5.048731499991845
5	20	-5.040856499996153
5	20	-5.012700249993941
5	20	-4.913450249994639
5	20	-4.8862315000005765
5	20	-4.858793999999762
5	20	-4.8066689999977825
5	20	-4.772168999988935
5	20	-4.751325249992078
5	20	-4.203107499997714
5	20	-4.129451250002603
5	20	-4.117201250002836
5	20	-4.068888750000042
5	20	-4.043732499994803
5	20	-4.011294999989332
5	20	-3.9885450000001583
5	20	-3.938670000003185
5	20	-3.8371387499937555
5	20	-3.751451249991078
5	20	-3.722982499995851
5	20	-3.599107499991078
5	20	-3.4798262499971315
5	20	-3.358794999992824
5	20	-3.288795000000391
5	20	-3.2446387499949196
5	20	-3.1581699999951525
5	20	-3.0725450000027195
5	20	-3.0559824999945704
5	20	-3.0501387499971315
5	20	-3.022451249998994
5	20	-2.997857499998645
5	20	-2.8916075000015553
5	20	-2.8712949999899138
5	20	-2.860201249990496
5	20	-2.0068272499920567
5	20	-2.003545999992639
5	20	-1.9511084999976447
5	20	-1.8720460000040475
5	20	-1.7883272500039311
5	20	-1.773702249993221
5	20	-1.7468585000024177
5	20	-1.7210147500009043
5	20	-1.7024209999945015
5	20	-1.6971084999968298
5	20	-1.5629210000042804
5	20	-1.5148897500039311
5	20	-1.479108500003349
5	20	-1.4570459999958985
5	20	-1.4111709999997402
5	20	-1.3984835000010207
5	20	-1.3561397500016028
5	20	-1.3116710000031162
5	20	-1.2678897500009043
5	20	-1.2467022499913583
5	20	-1.2312022499972954
5	20	-1.2160772499919403
5	20	-1.2000459999981103
5	20	-1.1825772500014864
5	20	-0.18423349999648053
5	20	0.03092274999653455
5	20	0.24698525000712834
5	20	0.30207800000789575
5	20	0.3629530000180239
5	20	0.3847655000136001
5	20	0.4384530000097584
5	20	0.4785467500187224
5	20	0.5039530000212835
5	20	0.533703000008245
5	20	0.6110467500111554
5	20	0.6544530000101076
5	20	0.6847342500113882
5	20	0.7637967500195373
5	20	0.8259530000213999
5	20	0.8482030000159284
5	20	0.8620780000201194
5	20	0.878484250017209
5	20	1.0690155000193045
5	20	1.1656092500197701
5	20	1.3377967500127852
5	20	1.3636092500091763
5	20	1.4428905000095256
5	20	1.4705467500170926
5	20	1.5948905000113882
5	20	1.8726092500146478
5	20	1.8847655000136
5	20	1.9142030000220984
5	21	-5.994106999991345
5	21	-5.969388249999611
5	21	-5.9514820000040345
5	21	-5.932606999995187
5	21	-5.871981999996933
5	21	-5.860263249996933
5	21	-5.7820757500012405
5	21	-5.567888249992393
5	21	-5.542794499997399
5	21	-5.484075749991462
5	21	-5.462825750000775
5	21	-5.366419500001939
5	21	-5.338825750004617
5	21	-5.312544500004151
5	21	-5.295075749992975
5	21	-5.259169500001008
5	21	-5.22895074999542
5	21	-5.19729450000159
5	21	-5.160950749996118
5	21	-4.9777632500045
5	21	-4.953700750003918
5	21	-4.8559819999936735
5	21	-4.816106999991462
5	21	-4.785856999995303
5	21	-4.759263250001823
5	21	-4.731825750001008
5	21	-4.667732000001706
5	21	-4.649388249992626
5	21	-4.605544499994721
5	21	-4.410638250003103
5	21	-4.3594204999972135
5	21	-3.857233000002452
5	21	-3.824951749993488
5	21	-3.6490767499926733
5	21	-3.6016392500023358
5	21	-3.5601080000051297
5	21	-3.537201750004897
5	21	-3.5177017499954673
5	21	-3.4597642500011716
5	21	-3.408295500004897
5	21	-3.3608892500051297
5	21	-3.348358000002918
5	21	-3.123858000006294
5	21	-2.936045499998727
5	21	-2.893920500006061
5	21	-2.872201749996748
5	21	-2.857107999996515
5	21	-2.830982999992557
5	21	-2.7618579999980284
5	21	-2.727482999995118
5	21	-2.706826749999891
5	21	-2.6816079999989597
5	21	-2.5176079999946523
5	21	-2.4677954999933718
5	21	-2.0910142499924405
5	21	-2.078545500000473
5	21	-2.025982999999542
5	21	-1.2978277500078548
5	21	-1.2417027500050608
5	21	-1.15732774999924
5	21	-1.072827750002034
5	21	-0.9663589999981923
5	21	-0.9307965000043623
5	21	-0.8457340000022668
5	21	-0.8409839999949327
5	21	-0.8133902499976102
5	21	-0.6984840000077384
5	21	-0.6309215000073891
5	21	-0.5651402500079712
5	21	-0.4235152500041295
5	21	-0.11339025000052061
5	21	-0.02945275000820402
5	21	0.08701600000495091
5	21	0.19835974999296013
5	21	0.22907849999319296
5	21	0.256015999999363
5	21	0.2810159999935422
5	21	0.2959847500023898
5	21	0.39023474999703467
5	21	0.4490159999986645
5	21	0.6288274999969872
5	21	0.7425462499959394
5	21	0.8560149999975692
5	21	0.8926712499960558
5	21	0.9400462499907007
5	21	1.0543274999945424
5	21	1.0913274999911664
5	21	1.1342024999903515
5	21	1.2233275000035064
5	21	1.6448587499908172
5	21	1.6795149999961723
5	21	1.7062337499955902
5	21	1.766046249991632
5	21	1.8537024999968708
5	21	1.892983749989071
5	21	1.9101399999926798
5	22	-5.900450249988353
5	22	-5.835168999998132
5	22	-5.802075249986956
5	22	-5.589825249990099
5	22	-5.570543999987422
5	22	-5.556793999989168
5	22	-5.491262749987072
5	22	-5.467012749999412
5	22	-5.441762749993359
5	22	-5.363512749987422
5	22	-5.3468564999930095
5	22	-5.299075249989983
5	22	-5.27576274999592
5	22	-5.184012749989051
5	22	-5.1600752499944065
5	22	-4.839293999990332
5	22	-3.915419999990263
5	22	-3.8851699999941047
5	22	-3.854169999991427
5	22	-3.836888749996433
5	22	-3.5795450000005076
5	22	-3.402669999995851
5	22	-3.333794999998645
5	22	-3.04013875000237
5	22	-3.025638749997597
5	22	-3.0023574999941047
5	22	-2.7491699999955017
5	22	-2.6714512499893317
5	22	-2.6519824999995762
5	22	-2.6312637499941047
5	22	-2.190482499994687
5	22	-2.0932012499979464
5	22	-1.54807725000137
5	22	-1.4320460000017192
5	22	-1.1537335000029998
5	22	-1.0908897500048624
5	22	-1.035545999999158
5	22	-0.8081397499918239
5	22	-0.779889750003349
5	22	-0.7216709999920567
5	22	-0.6803272499964805
5	22	-0.6397022500023013
5	22	-0.5827647499972954
5	22	-0.521358500001952
5	22	-0.491639749991009
5	22	-0.468514749998576
5	22	-0.40485849999822676
5	22	-0.3920772499986924
5	22	-0.3109834999922896
5	22	0.10998525000468362
5	22	0.13145400000212248
5	22	0.2407977499970002
5	22	0.2874852499953704
5	22	0.31095400000049267
5	22	0.4088915000029374
5	22	0.456547750000027
5	22	0.5008602500020061
5	22	0.529016500004218
5	22	0.5424539999949047
5	22	0.6264842500095256
5	22	0.6424530000076629
5	22	0.6960467500175582
5	22	0.7074842500151135
5	22	0.7310155000159284
5	22	0.8046092500153463
5	22	1.2358905000146478
5	22	1.285859250012436
5	22	1.4052967500174418
5	22	1.5178280000109226
5	22	1.5688905000133673
5	22	1.61973425000906
5	22	1.6609530000132509
5	22	1.7034842500142986
5	22	1.763546750007663
5	22	1.8214217500208179
5	23	-5.693888249981683
5	23	-5.668763249981566
5	23	-5.630638249989715
5	23	-5.551013249991229
5	23	-5.482981999986805
5	23	-5.421481999990647
5	23	-5.330388249989483
5	23	-5.312356999987969
5	23	-5.290731999994023
5	23	-5.261450749982032
5	23	-5.252888249990065
5	23	-5.2302632499922765
5	23	-5.205075749981916
5	23	-5.17507574998308
5	23	-5.1479194999847095
5	23	-5.113044499987154
5	23	-4.996544499983429
5	23	-4.945075749987154
5	23	-4.858356999990065
5	23	-4.835700749987154
5	23	-4.80260699999053
5	23	-4.763513249985408
5	23	-4.648981999984244
5	23	-4.559669499984011
5	23	-4.535638249988551
5	23	-3.854826749986387
5	23	-3.7222954999888316
5	23	-3.6750767499906942
5	23	-3.4577954999840586
5	23	-3.4094829999958165
5	23	-3.3570767499913927
5	23	-3.339951749992906
5	23	-3.1356392499874346
5	23	-3.0802329999860376
5	23	-3.0501079999958165
5	23	-3.031326749987784
5	23	-3.016451749994303
5	23	-2.958857999983593
5	23	-2.893201749990112
5	23	-2.880357999994885
5	23	-2.8257642499957
5	23	-2.7536392499896465
5	23	-2.6895767499954673
5	23	-2.659639249992324
5	23	-2.576139249984408
5	23	-2.1473579999874346
5	23	-1.759921499993652
5	23	-1.6717339999886462
5	23	-1.633265249998658
5	23	-1.5917652499920223
5	23	-1.5657652499940014
5	23	-1.5578902499983087
5	23	-1.5416089999926044
5	23	-1.5222652499942342
5	23	-1.4966402499994729
5	23	-1.443202749986085
5	23	-1.4341089999943506
5	23	-1.3998902499879478
5	23	-1.3765464999887627
5	23	-1.3439527499867836
5	23	-1.318202749986085
5	23	-1.2911402499885298
5	23	-1.261140249989694
5	23	-1.240077749986085
5	23	-1.2200777499965625
5	23	-1.1870464999956312
5	23	-1.170796499995049
5	23	-1.138296499993885
5	23	-1.1313277499866672
5	23	-1.078577749998658
5	23	-1.0675152499898104
5	23	-1.0526089999912074
5	23	-1.0409839999920223
5	23	-1.0257027499901596
5	23	-1.0066714999993565
5	23	-0.9879214999964461
5	23	-0.9749527499952819
5	23	-0.9624527499981923
5	23	-0.9362339999934193
5	23	-0.8964214999869
5	23	-0.8807652499963297
5	23	-0.8549527499853866
5	23	-0.8312964999931864
5	23	-0.8189839999977266
5	23	-0.8089839999884134
5	23	-0.7888589999929536
5	23	-0.7765777499880642
5	23	-0.7557652499963297
5	23	-0.7292652499891119
5	23	-0.7065152499853866
5	23	-0.6931714999955148
5	23	-0.6756402499886462
5	23	-0.6607339999900432
5	23	-0.6462027499946998
5	23	-0.6297339999873657
5	23	-0.6120777499891119
5	23	-0.5974214999878313
5	23	-0.5704214999859687
5	23	-0.5471402499970281
5	23	-0.5252339999860851
5	23	-0.49123399998643436
5	23	-0.4386402499949327
5	23	-0.3910152499884134
5	23	-0.35154649999458343
5	23	0.3296410000039032
5	23	0.48923475001356564
5	23	0.5059222500131
5	23	0.5197035000019241
5	23	0.5444222500082105
5	23	0.608516000007512
5	23	0.6212035000062315
5	23	0.6460472500039032
5	23	0.6840160000137985
5	23	0.6979837500111898
5	23	0.7440150000038557
5	23	0.9202337500028079
5	23	1.050577500005602
5	23	1.1546400000079302
5	23	1.2963587500125868
5	23	1.3802337500092108
5	23	1.4356712500011781
5	23	1.4524837500066496
5	23	1.5065150000009453
5	23	1.8036087500076974
5	23	1.9054212500050198
5	23	1.988296250012354
5	24	-5.93660675000865
5	24	-5.915513000014471
5	24	-5.882388000012725
5	24	-5.850138000008883
5	24	-5.759169250013656
5	24	-5.674325500018313
5	24	-5.636575500015169
5	24	-5.605419250015984
5	24	-5.595825500015053
5	24	-5.0366692500101635
5	24	-4.980169250018662
5	24	-4.889606750017265
5	24	-4.866106750021572
5	24	-4.832856750013889
5	24	-4.819075500010513
5	24	-4.79576300001645
5	24	-4.777575500018429
5	24	-4.759950500010746
5	24	-4.233606750014587
5	24	-4.2044827500212705
5	24	-4.1690140000137035
5	24	-4.131357750011375
5	24	-4.0922327500156825
5	24	-4.081607750020339
5	24	-4.024045250014751
5	24	-3.9875765000178944
5	24	-3.9433577500167303
5	24	-3.934482750017196
5	24	-3.923264000011841
5	24	-3.897795250013587
5	24	-3.8829202500201063
5	24	-3.8697015000216197
5	24	-3.8491390000126557
5	24	-3.819982750021154
5	24	-3.7980452500196407
5	24	-3.776076500013005
5	24	-3.7458265000168467
5	24	-3.6401390000246465
5	24	-3.618576500011841
5	24	-3.5735452500230167
5	24	-3.497389000011026
5	24	-3.275076500023715
5	24	-3.229701500022202
5	24	-3.185639000017545
5	24	-3.0922015000105603
5	24	-3.0382640000170795
5	24	-2.989982750019408
5	24	-2.835607750021154
5	24	-2.72498275001999
5	24	-1.9256077500176616
5	24	-1.7818577500147512
5	24	-1.6677025000099093
5	24	-1.3756087500078138
5	24	-1.3137337500083959
5	24	-1.2827650000108406
5	24	-1.1703587500087451
5	24	-1.0535462500120047
5	24	-0.9616712499991991
5	24	-0.9382337499991991
5	24	-0.9283587500103749
5	24	-0.8861400000023423
5	24	-0.863702500006184
5	24	-0.8203900000080466
5	24	-0.7680150000087451
5	24	-0.7283900000038557
5	24	-0.6898587500036228
5	24	-0.6544837500114227
5	24	-0.6169837500056019
5	24	-0.6080775000009453
5	24	-0.5827962500043213
5	24	-0.45917125001142267
5	24	-0.4388275000092108
5	24	-0.4269524999981513
5	24	-0.40707750000001397
5	24	-0.3913275000086287
5	24	-0.37914000000455417
5	24	-0.37073375000909436
5	24	-0.36554625000280794
5	24	-0.35301500000059605
5	24	-0.3462650000001304
5	24	-0.3357337500056019
5	24	-0.3236087500117719
5	24	-0.30642125000304077
5	24	-0.3021087500092108
5	24	-0.2897650000086287
5	24	-0.28192125000350643
5	24	-0.2788275000057183
5	24	-0.27560875000199303
5	24	-0.27357750000373926
5	24	-0.2682337500009453
5	24	-0.2654212500056019
5	24	-0.26245249999919906
5	24	-0.25939000000653323
5	24	-0.2550774999981513
5	24	0.034141249998356216
5	24	0.03932874999009073
5	24	0.04529749999346677
5	24	0.053141249998589046
5	24	0.16901625000173226
5	24	0.20339124999009073
5	24	0.2143287499930011
5	24	0.22182874999998603
5	24	0.2335787499905564
5	24	0.2457974999997532
5	24	0.2520787499961443
5	24	0.2572974999930011
5	24	0.2717350000020815
5	24	0.2876412499899743
5	24	0.31276624999009073
5	24	0.32889124999928754
5	24	0.3580474999907892
5	24	0.3754849999968428
5	24	0.4101412500021979
5	24	0.4138600000005681
5	24	0.41792249999707565
5	24	0.42020374999265186
5	24	0.42604749999009073
5	24	0.4287974999897415
5	24	0.4317975000012666
5	24	0.43686000000161584
5	24	0.4397974999883445
5	24	0.44298500000149943
5	24	0.4457974999968428
5	24	0.4498287499882281
5	24	0.45298499999626074
5	24	0.4561412499897415
5	24	0.45989124999323394
5	24	0.46339124999940395
5	24	0.4670475000020815
5	24	0.4705787499988219
5	24	0.47901624999940395
5	24	0.5163599999941653
5	24	0.519422500001383
5	24	0.5217350000020815
5	24	0.5273912499978906
5	24	0.5298287499899743
5	24	0.5360787499957951
5	24	0.539766249989043
5	24	0.5472975000011502
5	24	0.7599225000012666
5	24	0.7629849999939324
5	24	0.766328749989043
5	24	0.7710787499963772
5	24	0.7756412500020815
5	24	0.7795777499995893
5	24	0.9155777499981923
5	24	0.9213277499948163
5	24	0.9275777499860851
5	24	1.0323902499949327
5	24	1.0478902499889955
5	24	1.1383277499990072
5	24	1.1612652499898104
5	24	1.1772339999879478
5	24	1.2383589999953983
5	24	1.2614839999878313
5	24	1.407108999992488
5	24	1.672233999997843
5	24	1.7924214999948163
5	24	1.8482965000002878
5	25	-5.898106499997084
5	25	-5.825387749995571
5	25	-5.749137749997317
5	25	-5.597919000007096
5	25	-5.36910650000209
5	25	-5.291981500005932
5	25	-5.226637750005466
5	25	-5.142075249998015
5	25	-4.755793999996968
5	25	-4.676294000004418
5	25	-3.9076064999972004
5	25	-3.5597012500074925
5	25	-3.4956700000038836
5	25	-3.470513749998645
5	25	-3.4501075000007404
5	25	-3.240263750005397
5	25	-3.230920000001788
5	25	-3.0941075000009732
5	25	-3.037951250007609
5	25	-2.9963887500052806
5	25	-2.956732499995269
5	25	-2.809357500009355
5	25	-2.77901374999783
5	25	-2.6929512500064448
5	25	-2.579701249997015
5	25	-2.5403575000091223
5	25	-2.4240137500019046
5	25	-2.3167950000060955
5	25	-2.1192949999967823
5	25	-2.0541700000030687
5	25	-2.029326250005397
5	25	-1.9073575000074925
5	25	-1.8784825000038836
5	25	-1.860013750003418
5	25	-1.7917949999973644
5	25	-1.4662950000056298
5	25	-1.2026397500012536
5	25	-1.1828897500090534
5	25	-1.1699210000078892
5	25	-1.1456085000099847
5	25	-1.1316710000101011
5	25	-1.085077249997994
5	25	-1.0299210000084713
5	25	-0.9918897500028834
5	25	-0.9370147500012536
5	25	-0.8334834999986924
5	25	-0.8109210000111489
5	25	-0.7647960000031162
5	25	-0.655202250010916
5	25	-0.6339835000107996
5	25	-0.5798272500105668
5	25	-0.521046000008937
5	25	-0.2979522500099847
5	25	-0.15645224999752827
5	25	-0.11357724999834318
5	25	-0.09010850000777282
5	25	-0.06176475000393111
5	25	-0.025671000010333955
5	25	-0.00054600001021754
5	25	0.19157899999117944
5	25	0.31236024999816436
5	25	0.6455477499985136
5	25	0.7559539999929257
5	25	0.7974227499944391
5	25	0.8204852499911794
5	25	0.8610789999947883
5	25	0.9407664999889676
5	25	1.0901414999971166
5	25	1.1658602499956032
5	25	1.224265499986359
5	25	1.2449842499918304
5	25	1.2645467499969527
5	25	1.3300154999888036
5	25	1.447453000000678
5	25	1.4973904999933438
5	25	1.5628592499997467
5	25	1.575640499999281
5	25	1.58951549998892
5	25	1.5990467499941587
5	25	1.6178592499927618
5	25	1.62857799998892
5	25	1.6678279999905499
5	25	1.6852342499914812
5	25	1.7025467499915976
5	25	1.8165779999981169
5	25	1.8261717499990482
5	25	1.844859249991714
5	25	1.8794217499962542
5	25	1.8988905000005616
5	25	1.9124217499920633
5	25	1.935202999986359
5	26	-5.972074999997858
5	26	-5.886043749997043
5	26	-5.624981250002747
5	26	-5.581043750004028
5	26	-5.44907499999681
5	26	-5.24535625000135
5	26	-5.1696999999985565
5	26	-5.099106249996112
5	26	-4.86310625000624
5	26	-4.67495100000815
5	26	-4.5452634999965085
5	26	-4.241107249996276
5	26	-3.736544750005123
5	26	-3.5610759999981383
5	26	-3.267888500005938
5	26	-2.982919750007568
5	26	-2.459075999999186
5	26	-2.0973269999958575
5	26	-2.0153894999966724
5	26	-1.947389499982819
5	26	-1.937014499984798
5	26	-1.870608249984798
5	26	-1.7280144999967888
5	26	-1.6766707499918994
5	26	-1.6429832499852637
5	26	-1.6303582499967888
5	26	-1.599014499995974
5	26	-1.5745769999921322
5	26	-1.5435457499843324
5	26	-1.475451999984216
5	26	-1.458701999988989
5	26	-1.433201999985613
5	26	-1.4227644999918994
5	26	-1.3694207499938784
5	26	-1.3079207499831682
5	26	-1.2860769999824697
5	26	-1.2680457499955082
5	26	-1.2382644999888726
5	26	-1.2202644999924814
5	26	-1.2029207499872427
5	26	-1.1757644999888726
5	26	-1.104358249984216
5	26	-1.0512957499886397
5	26	-1.0116082499880577
5	26	-0.9705769999854965
5	26	-0.7713269999949262
5	26	-0.7635457499854965
5	26	-0.5595144999824697
5	26	-0.3422019999852637
5	26	-0.11551449999387842
5	26	0.08076675000484101
5	26	0.0995167500077514
5	26	0.12729800000670366
5	26	0.14607825000712182
5	26	0.1749532500107307
5	26	0.18760950000432786
5	26	0.2662032500084024
5	26	0.297515750004095
5	26	0.30820325000968296
5	26	0.3521407500084024
5	26	0.39414075000968296
5	26	0.4519845000031637
5	26	0.4731407500075875
5	26	0.6420782500063069
5	26	0.7448282500117784
5	26	0.7827345000114292
5	26	0.8059532500046771
5	26	0.8619220000109635
5	26	0.9163907500042114
5	26	0.9789845000050263
5	26	1.0246720000141067
5	26	1.097172000008868
5	26	1.1459532500011846
5	26	1.2118282500014175
5	26	1.233265750008286
5	26	1.2738282500067726
5	26	1.5317032500024652
5	26	1.7345470000145724
5	26	1.8668282500148052
5	26	1.9111720000073547
5	27	-5.952512500007288
5	27	-5.930012500000885
5	27	-5.914606250007637
5	27	-5.8915437500108965
5	27	-5.8759187500108965
5	27	-5.845106250009849
5	27	-5.826200000010431
5	27	-5.816387500002747
5	27	-5.746450000006007
5	27	-5.740106249999371
5	27	-5.728543750010431
5	27	-5.6933562500053085
5	27	-5.6696062499977415
5	27	-5.651418749999721
5	27	-5.610887500006356
5	27	-5.573824999999488
5	27	-5.527700000006007
5	27	-5.490106249999371
5	27	-5.46407500001078
5	27	-5.448231250004028
5	27	-5.426137500006007
5	27	-5.411762500007171
5	27	-5.372668750002049
5	27	-5.357700000007753
5	27	-5.3194812500005355
5	27	-5.307512500003213
5	27	-5.30004375000135
5	27	-5.2640749999991385
5	27	-5.2455750000081025
5	27	-5.222168749998673
5	27	-5.204168750002282
5	27	-5.185887500003446
5	27	-5.1617000000114786
5	27	-5.134012499998789
5	27	-5.072606250003446
5	27	-5.051668750005774
5	27	-5.029887500000768
5	27	-5.01195000000007
5	27	-4.985231250000652
5	27	-4.952137500004028
5	27	-4.886856249999255
5	27	-4.619982250005705
5	27	-3.962701000011293
5	27	-3.923919749999186
5	27	-3.8308572500100126
5	27	-3.7851072500052396
5	27	-3.72241975000361
5	27	-3.701794750013505
5	27	-3.681107250013156
5	27	-3.6560759999993024
5	27	-3.5390135000052396
5	27	-3.5001385000068694
5	27	-3.360294750003959
5	27	-3.3266385000024457
5	27	-3.3059510000020964
5	27	-3.280201000001398
5	27	-3.084700999999768
5	27	-2.911982250006986
5	27	-2.8816072500048904
5	27	-2.8428572500124574
5	27	-2.821857250004541
5	27	-2.8052322500006994
5	27	-2.7959822500124574
5	27	-2.787919750000583
5	27	-2.612544750008965
5	27	-2.4572947500128066
5	27	-2.3805760000104783
5	27	-2.301482250011759
5	27	-2.286794750005356
5	27	-2.0519207500037737
5	27	-2.014952000012272
5	27	-1.6337957500072662
5	27	-1.58463950001169
5	27	-1.2093582500092452
5	27	-1.0391707500093617
5	27	-1.0108895000012126
5	27	-0.9903582500119228
5	27	-0.9481082500133198
5	27	-0.9392645000043558
5	27	-0.9311395000113407
5	27	-0.9245145000022603
5	27	-0.919139500008896
5	27	-0.9062645000085467
5	27	-0.8158895000087796
5	27	-0.810889500004123
5	27	-0.8029207500076154
5	27	-0.7707957500097109
5	27	-0.7365770000033081
5	27	-0.7200145000097109
5	27	-0.7071707500144839
5	27	-0.7016707500151824
5	27	-0.6934207500016782
5	27	-0.6104207500029588
5	27	-0.5294520000024932
5	27	-0.4999832500034245
5	27	-0.4536082500126213
5	27	-0.4005145000119228
5	27	-0.3230770000081975
5	27	-0.30701450000924524
5	27	-0.2603895000065677
5	27	-0.12338950000412297
5	27	-0.10179575001529884
5	27	0.00014174998796079308
5	27	0.031047999989823438
5	27	0.12757924999459647
5	27	0.34532824998314027
5	27	0.39464074998977594
5	27	0.4020157499908237
5	27	0.4127032499964116
5	27	0.41739074999350123
5	27	0.42279699999198783
5	27	0.43279699998674914
5	27	0.5969844999926863
5	27	0.6212969999905908
5	27	0.635703249994549
5	27	0.6468282499845373
5	27	0.6713907499943161
5	27	0.6957657499879133
5	27	0.7121407499944326
5	27	0.8942657499865163
5	27	1.0554844999860507
5	27	1.3061094999866327
5	27	1.395171999989543
5	27	1.5144219999929192
5	27	1.699734499983606
5	27	1.7157657499919878
5	27	1.7478282499941997
5	27	1.7731094999908237
5	27	1.7959219999902416
5	27	1.8137032499944326
5	27	1.8311719999910565
5	27	1.8532969999941997
5	27	1.8712657499854686
5	27	1.883953249984188
5	27	1.9118594999890774
5	27	1.9260157499957131
5	27	1.9484219999867491
5	27	1.9877657499891939
5	28	-5.954669250015286
5	28	-5.940981750012725
5	28	-5.92157550000411
5	28	-5.91376300000411
5	28	-5.8915130000095814
5	28	-5.6606380000011995
5	28	-5.579231750001782
5	28	-5.415169250001782
5	28	-5.391544250014704
5	28	-5.216794250009116
5	28	-5.188950500014471
5	28	-5.172950500011211
5	28	-5.159544250011095
5	28	-5.139638000007835
5	28	-5.127981750003528
5	28	-5.115106750003179
5	28	-5.0924817500053905
5	28	-5.077075500012143
5	28	-5.0405755000101635
5	28	-5.03016925000702
5	28	-5.011450500009232
5	28	-5.005575500006671
5	28	-5.000731750013074
5	28	-4.992325500003062
5	28	-4.98798175000411
5	28	-4.979544250003528
5	28	-4.788325500005158
5	28	-4.776981750008417
5	28	-4.754263000009814
5	28	-4.729481750007835
5	28	-4.719856750001782
5	28	-4.671513000008417
5	28	-4.653356750015519
5	28	-4.633419250007137
5	28	-4.598794250006904
5	28	-4.586856750014704
5	28	-4.561075500008883
5	28	-4.5277317500149366
5	28	-4.507169250005973
5	28	-4.4922630000073696
5	28	-4.471669250007835
5	28	-4.455075500009116
5	28	-4.438389000017196
5	28	-4.430264000009629
5	28	-4.40488900001219
5	28	-4.386982750016614
5	28	-4.355170250011724
5	28	-4.326732750007068
5	28	-4.299701500014635
5	28	-4.288857750012539
5	28	-4.2766390000033425
5	28	-4.258264000003692
5	28	-3.969357750014751
5	28	-3.9382640000112588
5	28	-3.9173890000092797
5	28	-3.905795250015217
5	28	-3.8822015000041574
5	28	-3.8634202500106767
5	28	-3.8347952500043903
5	28	-3.8213577500137035
5	28	-3.801889000009396
5	28	-3.704420250011026
5	28	-3.688795250011026
5	28	-3.537576500006253
5	28	-3.5047640000120737
5	28	-3.2315140000137035
5	28	-3.181732750017545
5	28	-2.5755765000067186
5	28	-2.4960140000039246
5	28	-2.4420452500053216
5	28	-2.0773265000170795
5	28	-1.8694212499976857
5	28	-1.793171249999432
5	28	-1.7674212499987334
5	28	-1.7517337500030408
5	28	-1.7436712499911664
5	28	-1.7024525000015274
5	28	-1.6193274999968708
5	28	-1.5700775000004796
5	28	-1.5090774999989662
5	28	-1.4585149999911664
5	28	-1.4387962500040885
5	28	-1.4142962500045542
5	28	-1.3472337499988498
5	28	-1.311796249996405
5	28	-1.215983749993029
5	28	-1.1209525000012945
5	28	-1.0826399999932619
5	28	-1.0073275000031572
5	28	-1.0018899999995483
5	28	-0.9968899999948917
5	28	-0.98726500000339
5	28	-0.8968900000036228
5	28	-0.88260874999105
5	28	-0.86698374999105
5	28	-0.857640000001993
5	28	-0.8477962500037393
5	28	-0.8366399999940768
5	28	-0.8296399999962887
5	28	-0.8181400000030408
5	28	-0.805921249993844
5	28	-0.7930462499934947
5	28	-0.7813274999934947
5	28	-0.7704525000008289
5	28	-0.7497650000004796
5	28	-0.7327649999933783
5	28	-0.7236399999965215
5	28	-0.7008274999971036
5	28	-0.6887025000032736
5	28	-0.6741712499933783
5	28	-0.6624212500028079
5	28	-0.5229837499937275
5	28	-0.5020775000011781
5	28	-0.4791712500009453
5	28	-0.4551399999909336
5	28	-0.2899524999957066
5	28	-0.1705775000009453
5	28	-0.14039000000047963
5	28	-0.11198375000094529
5	28	-0.09107749999384396
5	28	-0.059077500001876615
5	28	-0.05079624999780208
5	28	-0.03779624999151565
5	28	-0.03035874999477528
5	28	-0.015577500002109446
5	28	0.016922499999054708
5	28	0.032485000003362074
5	28	0.28842250000161584
5	28	0.2916724999959115
5	28	0.2953600000037113
5	28	0.29854750000231434
5	28	0.3018912499974249
5	28	0.3053912500035949
5	28	0.30923500000790227
5	28	0.3139225000049919
5	28	0.3221412499988219
5	28	0.38989125000080094
5	28	0.4058599999989383
5	28	0.41882875000010245
5	28	0.4296100000065053
5	28	0.43604749999940395
5	28	0.44857875000161584
5	28	0.5190474999981234
5	28	0.5439225000009174
5	28	0.5502037499973085
5	28	0.5644224999996368
5	28	0.5673277500027325
5	28	0.5707027500029653
5	28	0.5789527500019176
5	28	0.6156714999960968
5	28	0.6184840000059921
5	28	0.6313277500012191
5	28	0.9385152500035474
5	28	0.9415152500005206
5	28	0.944640250003431
5	28	0.947827750002034
5	28	0.951421499994467
5	28	0.9563277499983087
5	28	0.9612652500072727
5	28	0.9668902499979595
5	28	0.9799840000050608
5	28	1.0363902499957476
5	28	1.045484000002034
5	28	1.0952027500024997
5	28	1.1193590000038967
5	28	1.1520465000066906
5	28	1.2484527500055265
5	28	1.4182965000072727
5	28	1.6292965000029653
5	28	1.784077749995049
5	28	1.9175777500058757
5	29	-5.932669249988976
5	29	-5.793700499998522
5	29	-5.77004424999177
5	29	-5.641700499996659
5	29	-5.579950499988627
5	29	-5.000356749995262
5	29	-3.9865452499943785
5	29	-3.7061077499965904
5	29	-3.6791702499904204
5	29	-3.602857749996474
5	29	-3.2509202499932144
5	29	-3.2245140000013635
5	29	-3.1772327499929816
5	29	-3.1005452499957755
5	29	-2.954638999988674
5	29	-2.7083889999921666
5	29	-2.6756702499988023
5	29	-2.6317952499957755
5	29	-2.584263999990071
5	29	-2.562857750002877
5	29	-2.547357749994262
5	29	-2.5255764999892563
5	29	-2.5102952500019455
5	29	-2.4945765000011306
5	29	-2.478388999996241
5	29	-2.4503577499999665
5	29	-2.4423577499983367
5	29	-2.3815764999890234
5	29	-2.1846077499940293
5	29	-2.1506077499943785
5	29	-2.131420249992516
5	29	-2.1071077499946114
5	29	-1.84360774999368
5	29	-1.6665150000044378
5	29	-1.6219837499957066
5	29	-1.5938274999934947
5	29	-1.545233750002808
5	29	-1.519233750004787
5	29	-1.4919212499953574
5	29	-1.4815775000024587
5	29	-1.4521712499990826
5	29	-1.420546249995823
5	29	-1.3889212499925634
5	29	-1.3776087500009453
5	29	-1.3642025000008289
5	29	-1.3538587499933783
5	29	-1.3479525000002468
5	29	-1.3396712499961723
5	29	-1.332764999999199
5	29	-1.055921249993844
5	29	-0.9463275000016438
5	29	-0.9146087499975692
5	29	-0.9021087500004796
5	29	-0.8375462499971036
5	29	-0.8277962499996647
5	29	-0.8233587499998976
5	29	-0.8197649999929126
5	29	-0.8163274999969872
5	29	-0.8135150000016438
5	29	-0.8104212500038557
5	29	-0.8066087500046706
5	29	-0.8033900000009453
5	29	-0.8003900000039721
5	29	-0.7949212499952409
5	29	-0.7894212499959394
5	29	-0.7866399999911664
5	29	-0.7836399999941932
5	29	-0.78063999999722
5	29	-0.7765462499955902
5	29	-0.7680149999941932
5	29	-0.7616399999969872
5	29	-0.7552649999997811
5	29	-0.5121399999916321
5	29	-0.5087649999913992
5	29	-0.5052025000040885
5	29	-0.5019212500046706
5	29	-0.49823374999687076
5	29	-0.4931712499965215
5	29	-0.44513999999617226
5	29	-0.44154625000373926
5	29	-0.43685874999209773
5	29	-0.432264999995823
5	29	-0.42732750000141095
5	29	-0.4223587500018766
5	29	-0.41720250000071246
5	29	-0.4071712500008289
5	29	-0.39435874999617226
5	29	-0.37435874999209773
5	29	-0.20048374999896623
5	29	-0.19335874999524094
5	29	-0.18948375000036322
5	29	-0.1854837499995483
5	29	-0.18095249999896623
5	29	-0.05151499999919906
5	29	0.015203750008367933
5	29	0.027610000004642643
5	29	0.033453750002081506
5	29	0.03929749999952037
5	29	0.04292249999707565
5	29	0.04582875000778586
5	29	0.05064124999626074
5	29	0.05292250000638887
5	29	0.058610000007320195
5	29	0.06229750000056811
5	29	0.2124537500058068
5	29	0.2162662500049919
5	29	0.2198599999974249
5	29	0.22329750000790227
5	29	0.22748499999579508
5	29	0.2326725000020815
5	29	0.4304850000044098
5	29	0.4331099999981234
5	29	0.43623500000103377
5	29	0.4392975000082515
5	29	0.4429225000058068
5	29	0.4477350000088336
5	29	0.5249849999963772
5	29	0.534328749999986
5	29	0.5512037500011502
5	29	0.5967037500086008
5	29	0.6680475000030128
5	29	0.6927037499990547
5	29	0.7069849999970756
5	29	0.7217662500042934
5	29	0.7364527500030817
5	29	0.7513277499965625
5	29	0.7687027500069235
5	29	0.7920152500009863
5	29	0.8255464999965625
5	29	0.881108999994467
5	29	0.893546499995864
5	29	0.9331090000050608
5	29	0.96551525000541
5	29	1.0349527500075055
5	29	1.0641714999946998
5	29	1.2220152499940014
5	29	1.2596402500057593
5	29	1.3406715000019176
5	29	1.4796090000018012
5	29	1.6282027499983087
5	29	1.7315152499941178
5	29	1.790859000000637
5	29	1.8213277500035474
5	29	1.8637964999943506
5	30	-5.774388000005274
5	30	-5.254981750011211
5	30	-5.24166925001191
5	30	-5.19423175000702
5	30	-5.166606750004576
5	30	-5.154419250015053
5	30	-5.123481750008068
5	30	-5.053450500010513
5	30	-5.027388000016799
5	30	-4.931013000008534
5	30	-4.803263000008883
5	30	-4.35048175000702
5	30	-4.31120050001482
5	30	-4.17523274999985
5	30	-4.12445149999985
5	30	-3.9517952500027604
5	30	-3.9306077499932144
5	30	-3.916701499998453
5	30	-3.88617024999985
5	30	-3.861795249991701
5	30	-3.760326499992516
5	30	-3.7445452499960084
5	30	-3.5950765000015963
5	30	-3.5048264999932144
5	30	-3.444326500000898
5	30	-3.364264000003459
5	30	-3.102357750001829
5	30	-3.0888264999957755
5	30	-2.7522952500003157
5	30	-2.7373890000017127
5	30	-2.724670249997871
5	30	-2.5360764999932144
5	30	-2.5285765000007814
5	30	-2.522670249993098
5	30	-2.517013999997289
5	30	-2.510732750000898
5	30	-2.498607749992516
5	30	-2.479482750000898
5	30	-2.4340452500036918
5	30	-2.419357749997289
5	30	-2.394264000002295
5	30	-2.3812015000003157
5	30	-2.281326500000432
5	30	-2.245014000000083
5	30	-2.2113577499985695
5	30	-2.1911077499971725
5	30	-2.179232750000665
5	30	-2.166607749997638
5	30	-2.151357750000898
5	30	-2.1433890000043903
5	30	-2.0611702500027604
5	30	-2.0205764999991516
5	30	-2.0094514999946114
5	30	-1.9950452500052052
5	30	-1.9886077499977546
5	30	-1.9771702500001993
5	30	-1.9664827499946114
5	30	-1.9561390000017127
5	30	-1.946513999995659
5	30	-1.9363577500043903
5	30	-1.919763999991119
5	30	-1.9054515000025276
5	30	-1.8431390000041574
5	30	-1.7476712500065332
5	30	-1.7236712500016438
5	30	-1.7077337499940768
5	30	-1.685546249995241
5	30	-1.6765774999948917
5	30	-1.6625150000036228
5	30	-1.647921249998035
5	30	-1.6200462499982677
5	30	-1.599608749995241
5	30	-1.591702499994426
5	30	-1.5799525000038557
5	30	-1.572796249995008
5	30	-1.4132024999998976
5	30	-1.3305462499993155
5	30	-1.3172962499957066
5	30	-1.3110462500044378
5	30	-1.3027650000003632
5	30	-1.2881087499990826
5	30	-1.2774212499934947
5	30	-1.2677337500063004
5	30	-1.2603275000001304
5	30	-1.2407337500044378
5	30	-1.2098587499931455
5	30	-1.1966087500040885
5	30	-1.1885774999973364
5	30	-1.1758275000029244
5	30	-1.169921249995241
5	30	-1.1495462500024587
5	30	-1.139296249995823
5	30	-1.1194212499976857
5	30	-1.0902962499967543
5	30	-1.0742962499934947
5	30	-0.9436087500071153
5	30	-0.9345462500059512
5	30	-0.9149837500008289
5	30	-0.907702500000596
5	30	-0.9026087499951245
5	30	-0.8952962500043213
5	30	-0.8192337499931455
5	30	-0.6784837500017602
5	30	-0.6644212499959394
5	30	-0.6516399999964051
5	30	-0.6450150000018766
5	30	-0.635389999995823
5	30	-0.6314212500001304
5	30	-0.6222962500032736
5	30	-0.618640000000596
5	30	-0.6155462500028079
5	30	-0.611952499995823
5	30	-0.6086087500007125
5	30	-0.6043274999974528
5	30	-0.5950774999946589
5	30	-0.4323900000017602
5	30	-0.4079524999979185
5	30	-0.4018274999980349
5	30	-0.3911400000069989
5	30	-0.3827025000064168
5	30	-0.3757962499948917
5	30	-0.3702024999947753
5	30	-0.34998374999850057
5	30	-0.3159837499988498
5	30	-0.29079625000304077
5	30	-0.2790462499979185
5	30	-0.2512025000032736
5	30	-0.24292124999919906
5	30	-0.16220249999605585
5	30	-0.15670249999675434
5	30	-0.15188999999372754
5	30	-0.14554625000164378
5	30	-0.13979625000501983
5	30	-0.13467124999442603
5	30	-0.13042124999628868
5	30	-0.12392124999314547
5	30	-0.11504624999361113
5	30	-0.0988587500032736
5	30	-0.08945250000397209
5	30	-0.07838999999512453
5	30	-0.06417125000734814
5	30	-0.051952499998151325
5	30	-0.03567125000699889
5	30	-0.027140000005601905
5	30	-0.013327499997103587
5	30	-0.005202500004088506
5	30	0.0006100000027799979
5	30	0.005860000004759058
5	30	0.009141250004176982
5	30	0.012953750003362074
5	30	0.015672499997890554
5	30	0.018141249995096587
5	30	0.02239124999323394
5	30	0.027016249994630925
5	30	0.03501624999626074
5	30	0.21717249999346677
5	30	0.2203600000066217
5	30	0.22323499999765772
5	30	0.22642249999626074
5	30	0.2305787499935832
5	30	0.23376625000673812
5	30	0.2387975000019651
5	30	0.2447974999959115
5	30	0.25345375000324566
5	30	0.2610162500059232
5	30	0.2687350000051083
5	30	0.28379750000021886
5	30	0.30776624999998603
5	30	0.3706099999981234
5	30	0.5218287500028964
5	30	0.5339537499967264
5	30	0.557047499998589
5	30	0.5687975000037113
5	30	0.5905475000035949
5	30	0.6132662500021979
5	30	0.6212349999987055
5	30	0.6262662499939324
5	30	0.6288599999970756
5	30	0.6312037500028964
5	30	0.6431100000045262
5	30	0.6471725000010338
5	30	0.6502349999936996
5	30	0.6541412499936996
5	30	0.6592037499940488
5	30	0.6641099999978906
5	30	0.6682975000003353
5	30	0.6765162499941653
5	30	1.2309839999943506
5	30	1.2359839999990072
5	30	1.240702750001219
5	30	1.2480464999971446
5	30	1.2622339999943506
5	30	1.2988590000022668
5	30	1.6525152499962132
5	30	1.6911089999921387
5	30	1.8198277500050608
5	30	1.9030152499908581
5	31	-5.968357000005199
5	31	-5.936950749994139
5	31	-5.013950749998912
5	31	-4.8947320000006584
5	31	-4.795794499994372
5	31	-4.6691695000045
5	31	-4.297200749992044
5	31	-4.274388249992626
5	31	-4.261075749993324
5	31	-4.181325750003452
5	31	-4.122982000000775
5	31	-4.096575749994372
5	31	-4.064825749999727
5	31	-4.0427632499922765
5	31	-3.968670500005828
5	31	-3.9497954999969807
5	31	-3.772108000004664
5	31	-3.766732999996748
5	31	-3.7618892500031507
5	31	-3.753389250006876
5	31	-3.664576750001288
5	31	-3.640951749999658
5	31	-3.5214204999938374
5	31	-3.4827955000073416
5	31	-3.369451749997097
5	31	-3.345701750004082
5	31	-3.2764829999941867
5	31	-3.235482999996748
5	31	-3.1856704999954673
5	31	-3.1507330000022193
5	31	-3.102201750007225
5	31	-3.041826750006294
5	31	-2.9743267500016373
5	31	-2.9293267500033835
5	31	-2.8974517500028014
5	31	-2.886201750006876
5	31	-2.8438892499980284
5	31	-2.8174830000061775
5	31	-2.7516705000016373
5	31	-2.6596704999974463
5	31	-2.5702642499963986
5	31	-2.324514249994536
5	31	-2.2029829999955837
5	31	-1.764701749998494
5	31	-1.613482999993721
5	31	-1.2393277500086697
5	31	-0.7939527499984251
5	31	-0.7176714999950491
5	31	-0.5337027500063414
5	31	-0.47404650000680704
5	31	-0.38448400000925176
5	31	-0.32007775000238325
5	31	-0.29773400000703987
5	31	-0.23948400000517722
5	31	-0.22735899999679532
5	31	0.0672972500033211
5	31	0.07351600000401959
5	31	0.08954724999784958
5	31	0.11239100000238977
5	31	0.12620349999633618
5	31	0.13685974999680184
5	31	0.149828499997966
5	31	0.16176600000471808
5	31	0.18429725000169128
5	31	0.20051599999715108
5	31	0.2118285000033211
5	31	0.22367224999470636
5	31	0.24182850000215694
5	31	0.2806097499997122
5	31	0.29792224999982864
5	31	0.309984749997966
5	31	0.3313285000040196
5	31	0.36139099999854807
5	31	0.40448475000448525
5	31	0.43060974999389146
5	31	0.47889099999156315
5	31	0.49320349999470636
5	31	0.5391722499916796
5	31	0.5607347500044852
5	31	0.5704534999968018
5	31	0.5993597499909811
5	31	0.634203499997966
5	31	0.6646097499906318
5	31	0.6844222499930765
5	31	1.0605149999901187
5	31	1.0947024999913992
5	31	1.1786399999982677
5	31	1.2068900000012945
5	31	1.3288274999940768
5	31	1.3870774999959394
5	31	1.4203899999993155
5	31	1.493733750001411
5	32	-5.909794500010321
5	32	-5.8882632500026375
5	32	-5.839482000010321
5	32	-5.7284195000102045
5	32	-5.6858570000040345
5	32	-5.573138250008924
5	32	-5.557575750004617
5	32	-5.52951325000322
5	32	-5.500325750006596
5	32	-5.4706070000102045
5	32	-5.394107000000076
5	32	-5.28263825000613
5	32	-5.181982000009157
5	32	-5.066325750012766
5	32	-5.048794500005897
5	32	-5.029357000006712
5	32	-5.012200750003103
5	32	-4.983575750011369
5	32	-4.737107000008109
5	32	-4.60373200000322
5	32	-4.462763250005082
5	32	-4.417950750008458
5	32	-4.350107000005664
5	32	-4.307950750007876
5	32	-4.023951749986736
5	32	-3.9834829999890644
5	32	-3.6509204999892972
5	32	-3.626014249995933
5	32	-3.604139249990112
5	32	-3.5408267499879003
5	32	-3.4945142499927897
5	32	-3.4320142499927897
5	32	-3.1994829999894137
5	32	-3.0219517499936046
5	32	-2.95117049998953
5	32	-2.8974829999933718
5	32	-2.876639249996515
5	32	-2.850545499997679
5	32	-2.816295499986154
5	32	-2.7414204999950016
5	32	-2.526107999990927
5	32	-2.3142642499879003
5	32	-2.294607999996515
5	32	-2.273326749986154
5	32	-2.07226424998953
5	32	-1.739514249988133
5	32	-1.7239517499983776
5	32	-1.714639249999891
5	32	-1.7033892499894137
5	32	-1.6938267499936046
5	32	-1.619390249994467
5	32	-1.5565464999963297
5	32	-1.507327749990509
5	32	-1.4939527499955148
5	32	-1.4685464999929536
5	32	-1.440827749989694
5	32	-1.3684214999957476
5	32	-1.3105777500022668
5	32	-1.2281089999887627
5	32	-1.1871715000015683
5	32	-1.1533589999889955
5	32	-1.092546499989112
5	32	-1.0531090000004042
5	32	-0.9898277499887627
5	32	-0.9715464999899268
5	32	-0.89210899999307
5	32	-0.7233589999959804
5	32	-0.6760464999970281
5	32	-0.6114527499885298
5	32	-0.3998277499922551
5	32	-0.3617965000012191
5	32	-0.33982774999458343
5	32	-0.28942149999784306
5	32	-0.24854649999178946
5	32	-0.237296499995864
5	32	-0.21973399999842513
5	32	-0.19517149998864625
5	32	-0.17304650000005495
5	32	-0.13610899999912363
5	32	-0.11098399999900721
5	32	-0.08707774999493267
5	32	-0.060390250000637025
5	32	-0.03729649999877438
5	32	-0.014952749988879077
5	32	0.016484749998198822
5	32	0.050484749997849576
5	32	0.09667225000157487
5	32	0.2683910000050673
5	32	0.2957660000101896
5	32	0.31332850000762846
5	32	0.3394535000115866
5	32	0.40689100000599865
5	32	0.45939100001123734
5	32	0.580859749999945
5	32	0.6196722500026226
5	32	0.6393285000085598
5	32	0.6506097500096075
5	32	0.6759847500070464
5	32	0.7448597500042524
5	32	0.769797250002739
5	32	0.7941410000057658
5	32	0.8287649999983842
5	32	1.0077337499969872
5	32	1.110108749999199
5	32	1.1291712500096764
5	32	1.1928900000057183
5	32	1.7999837499955902
5	32	1.8509837500023423
5	33	-5.991012750004302
5	33	-5.715325249999296
5	33	-5.698950250007329
5	33	-5.632512750002206
5	33	-5.359137749997899
5	33	-5.2896064999949886
5	33	-5.066793999998481
5	33	-4.513168999998015
5	33	-4.346356499998365
5	33	-4.046012749997317
5	33	-4.0190440000005765
5	33	-3.962076249998063
5	33	-3.917763749996084
5	33	-3.8043262499995762
5	33	-3.1470762499957345
5	33	-3.096326250000857
5	33	-3.075607500009937
5	33	-2.966201250004815
5	33	-2.910295000008773
5	33	-2.6865762500092387
5	33	-2.6021387500077253
5	33	-2.4870450000016717
5	33	-2.405982500000391
5	33	-2.3747637500055134
5	33	-2.316326250002021
5	33	-2.2972637500060955
5	33	-2.283138750004582
5	33	-2.2643887500016717
5	33	-2.2409512500016717
5	33	-2.1979825000016717
5	33	-2.1608574999991106
5	33	-1.855388750002021
5	33	-1.7752637500088895
5	33	-1.3005147500080056
5	33	-1.2103585000004387
5	33	-1.171327250005561
5	33	-1.1584522500052117
5	33	-1.0748585000110324
5	33	-1.0644834999984596
5	33	-1.0578897500090534
5	33	-1.0214835000078892
5	33	-1.008921000000555
5	33	-0.9499835000024177
5	33	-0.877233500010334
5	33	-0.8002647500106832
5	33	-0.7750147500046296
5	33	-0.7301710000028834
5	33	-0.7135147500084713
5	33	-0.6719210000010207
5	33	-0.5445147499995073
5	33	-0.5114210000028834
5	33	-0.476639750006143
5	33	-0.44682725000893697
5	33	-0.41088975001184735
5	33	-0.39648350000788923
5	33	-0.2825147500116145
5	33	-0.21610850001161452
5	33	-0.16326475000823848
5	33	-0.11532725000870414
5	33	-0.08520225000393111
5	33	-0.04632725000556093
5	33	-0.036514749997877516
5	33	-0.025577250009519048
5	33	-0.01413975001196377
5	33	0.025078999999095686
5	33	0.03189149999525398
5	33	0.14448524999897927
5	33	0.14989149999746587
5	33	0.3311414999916451
5	33	0.33489149999513756
5	33	0.33920399998896755
5	33	0.34951649999129586
5	33	0.3570164999982808
5	33	0.4209852499916451
5	33	0.4372352499922272
5	33	0.4575789999944391
5	33	0.46620399999665096
5	33	0.4963914999971166
5	33	0.5324540000001434
5	33	0.5678602499974659
5	33	0.5996727499878034
5	33	0.6258914999925764
5	33	0.6567664999893168
5	33	0.6814852499956032
5	33	0.7818289999995613
5	33	0.8404539999901317
5	33	0.8749852499895496
5	33	0.8977039999881526
5	33	0.9401414999883855
5	33	0.9663602499931585
5	33	0.9822664999956032
5	33	0.9947977499978151
5	33	1.062984249991132
5	33	1.115734249993693
5	33	1.1441092499881051
5	33	1.1778592499904335
5	33	1.2280154999898514
5	33	1.2634842499974184
5	33	1.3097342499968363
5	33	1.3357342499948572
5	33	1.4407967499864753
5	33	1.5380467499926453
5	33	1.5961717499885708
5	33	1.6356092499918304
5	33	1.6805467499943916
5	33	1.7023279999993974
5	33	1.7135154999996303
5	33	1.7557029999879887
5	33	1.777327999996487
5	33	1.9170779999985825
5	33	1.9892654999857768
5	34	-5.946794249990489
5	34	-5.911794249986997
5	34	-5.856512999991537
5	34	-5.806450499992934
5	34	-5.129137999989325
5	34	-5.102106749996892
5	34	-4.99291924998397
5	34	-4.988044249985251
5	34	-4.9836067499854835
5	34	-4.977387999984785
5	34	-4.9264817499934
5	34	-4.920169249991886
5	34	-4.915325499983737
5	34	-4.887981749983737
5	34	-4.871325499989325
5	34	-4.858231749996776
5	34	-4.81260674999794
5	34	-4.791106749995379
5	34	-4.781075499995495
5	34	-4.7580754999944475
5	34	-4.619825499990839
5	34	-4.581731749989558
5	34	-4.558637999987695
5	34	-4.531919249988277
5	34	-4.514419249986531
5	34	-4.4342942499934
5	34	-4.3762942499888595
5	34	-4.1672004999854835
5	34	-4.080044249989442
5	34	-3.980075499988743
5	34	-3.756451499997638
5	34	-3.7176389999949606
5	34	-3.679638999994495
5	34	-3.611576499999501
5	34	-3.580545249991701
5	34	-3.537982749985531
5	34	-3.52738899999531
5	34	-3.488763999994262
5	34	-3.455545249991701
5	34	-3.4403577499906532
5	34	-1.8224827499943785
5	34	-1.7963577499904204
5	34	-1.77760774998751
5	34	-1.7541077499918174
5	34	-1.7319202499929816
5	34	-1.591451499989489
5	34	-0.607640000001993
5	34	-0.5742962499934947
5	34	-0.5509837499994319
5	34	-0.5169212499895366
5	34	-0.4779524999903515
5	34	-0.4623587499954738
5	34	-0.45598374999826774
5	34	-0.43323374999454245
5	34	-0.41520249999302905
5	34	-0.3956087499973364
5	34	-0.3812024999933783
5	34	-0.3585462499904679
5	34	-0.33485874999314547
5	34	-0.3223274999909336
5	34	-0.30901499999163207
5	34	-0.2890462499926798
5	34	-0.26504624998779036
5	34	-0.15370249999978114
5	34	-0.12510874999861699
5	34	-0.05985874999896623
5	34	-0.01323374999628868
5	34	0.01411000000371132
5	34	0.039078750007320195
5	34	0.24576625000918284
5	34	0.25545375001092907
5	34	0.2643287500104634
5	34	0.289985000010347
5	34	0.4580475000111619
5	34	0.47720375000790227
5	34	0.501641250011744
5	34	0.5177350000012666
5	34	0.5246725000033621
5	34	0.5369849999988219
5	34	0.5560787499998696
5	34	0.5683287499996368
5	34	0.5974225000099977
5	34	0.6074225000047591
5	34	0.6279849999991711
5	34	0.6431100000045262
5	34	0.6626412500045262
5	34	0.7282350000023143
5	34	0.7617975000030128
5	34	0.8281725000124425
5	34	0.8395787500048755
5	34	0.8573287500039442
5	34	0.89082875000895
5	34	0.9158912499988219
5	34	0.9367662500008009
5	34	1.039985000010347
5	34	1.1277975000120932
5	34	1.2477652500092518
5	34	1.2973902500089025
5	34	1.3444527499959804
5	34	1.5247965000016848
5	34	1.6092652500083204
5	34	1.6510777500079712
5	34	1.6862652499985415
5	34	1.8531090000033146
5	34	1.8936090000061085
5	35	-5.986387750002905
5	35	-5.970294000013382
5	35	-5.905512750003254
5	35	-5.847387750007329
5	35	-5.524669000005815
5	35	-5.496887750006863
5	35	-4.972137750010006
5	35	-4.9455440000019735
5	35	-4.90035650000209
5	35	-4.836200250007096
5	35	-4.826637750011287
5	35	-4.812919000003603
5	35	-4.794106500005
5	35	-4.740325250008027
5	35	-4.7043877500109375
5	35	-4.668169000011403
5	35	-4.647325249999994
5	35	-4.6333565000095405
5	35	-4.611356500012334
5	35	-4.579731500009075
5	35	-4.56051275000209
5	35	-4.510169000001042
5	35	-4.413200250011869
5	35	-4.348075250003603
5	35	-4.318262750006397
5	35	-4.253825250008958
5	35	-4.227637750009308
5	35	-4.020076250002603
5	35	-3.9846700000052806
5	35	-3.965482500003418
5	35	-3.8621075000119163
5	35	-3.4022950000071432
5	35	-3.181670000005397
5	35	-3.1610762500058627
5	35	-3.1289825000130804
5	35	-3.120795000009821
5	35	-3.0854200000030687
5	35	-3.0641075000021374
5	35	-3.0354200000147102
5	35	-3.0209512500150595
5	35	-2.9753887500119163
5	35	-2.9503262500074925
5	35	-2.7366387500078417
5	35	-2.724013750004815
5	35	-2.7045450000150595
5	35	-2.678482500006794
5	35	-2.6386700000148267
5	35	-2.6201387500041164
5	35	-2.6061700000136625
5	35	-2.589138750001439
5	35	-2.5662012500106357
5	35	-2.5403575000091223
5	35	-2.519545000002836
5	35	-2.449951250004233
5	35	-2.4399512500094716
5	35	-2.42663875001017
5	35	-2.4082012500148267
5	35	-2.398045000009006
5	35	-2.379638750004233
5	35	-2.3506075000041164
5	35	-2.341013750003185
5	35	-2.333295000004
5	35	-2.3193887500092387
5	35	-2.312607500003651
5	35	-2.2995450000016717
5	35	-2.2697950000147102
5	35	-2.245513750007376
5	35	-2.224763750011334
5	35	-2.170576250005979
5	35	-2.147013750014594
5	35	-2.0970137500116834
5	35	-2.0645137500105193
5	35	-2.005888750005397
5	35	-1.9350762500107521
5	35	-1.8303575000027195
5	35	-1.797826250010985
5	35	-1.7694200000114506
5	35	-1.6906700000108685
5	35	-1.6837012500036508
5	35	-1.6261710000107996
5	35	-1.5319210000161547
5	35	-1.4579522500134772
5	35	-1.450639750008122
5	35	-1.443546000009519
5	35	-1.437264750013128
5	35	-1.4321710000076564
5	35	-1.4240772500052117
5	35	-1.4143272500077728
5	35	-1.401389750011731
5	35	-1.3929522500111489
5	35	-1.249046000011731
5	35	-1.2445460000162711
5	35	-1.2391397500032326
5	35	-1.2321397500054445
5	35	-1.0958585000043968
5	35	-1.0751710000040475
5	35	-1.0661085000174353
5	35	-1.0567022500035819
5	35	-1.045921000011731
5	35	-1.0320772500126623
5	35	-1.0164522500126623
5	35	-0.9970772500091698
5	35	-0.994421000010334
5	35	-0.9921397500147577
5	35	-0.9799210000055609
5	35	-0.9768272500077728
5	35	-0.9733272500161547
5	35	-0.968421000012313
5	35	-0.9642960000055609
5	35	-0.959264750010334
5	35	-0.5461397500039311
5	35	-0.5406085000140592
5	35	-0.5357647500059102
5	35	-0.5304522500082385
5	35	-0.5242647500126623
5	35	-0.4955460000055609
5	35	-0.44604600001184735
5	35	-0.4160460000130115
5	35	-0.3893272500135936
5	35	-0.3781710000039311
5	35	-0.3712960000120802
5	35	-0.35942100001557264
5	35	-0.3391085000039311
5	35	-0.20495225001650397
5	35	-0.1805772500083549
5	35	-0.16079600001103245
5	35	-0.15273350001371
5	35	-0.1455147500091698
5	35	-0.1281710000039311
5	35	-0.11423350000404753
5	35	-0.10354600001301151
5	35	-0.08973350000451319
5	35	-0.07357725000474602
5	35	-0.02938975000870414
5	35	-0.01242100000672508
5	35	0.001047749989083968
5	35	0.02020399998582434
5	35	0.029828999991877936
5	35	0.035485249987686984
5	35	0.04307899999548681
5	35	0.052578999995603226
5	35	0.2571102499932749
5	35	0.25957899999048095
5	35	0.2622039999841945
5	35	0.26511024999490473
5	35	0.2678289999894332
5	35	0.2700789999944391
5	35	0.27329774998361245
5	35	0.27692274999571964
5	35	0.2793914999929257
5	35	0.28201649998663925
5	35	0.2857039999944391
5	35	0.2905789999931585
5	35	0.29954774999350775
5	35	0.3096102499839617
5	35	0.3162039999879198
5	35	0.6828289999830304
5	35	0.685985249991063
5	35	0.6893602499912959
5	35	0.6936102499894332
5	35	0.6995164999825647
5	35	0.7707039999950211
5	35	0.7755477499886183
5	35	0.7862664999847766
5	35	0.8228289999970002
5	35	0.8501414999918779
5	35	1.148015500002657
5	35	1.259953000000678
5	35	1.3235155000002123
5	35	1.5828592500038212
5	35	1.5903592499962542
5	35	1.6349217499955557
5	35	1.6461092499957886
5	35	1.679765499997302
5	35	1.6977967499988154
5	35	1.7418905000085942
5	35	1.8175467499968363
5	35	1.8849842500058003
5	36	-5.99191924999468
5	36	-5.9547317499964265
5	36	-5.9377629999944475
5	36	-5.884575499992934
5	36	-5.682512999992468
5	36	-5.653419249996659
5	36	-5.643981749992236
5	36	-5.624575499998173
5	36	-5.591544249997241
5	36	-5.5332629999902565
5	36	-5.486981750000268
5	36	-5.461856750000152
5	36	-5.443950499990024
5	36	-5.421044249989791
5	36	-5.4050754999916535
5	36	-5.322981749995961
5	36	-5.295512999990024
5	36	-5.247137999991537
5	36	-5.218731749992003
5	36	-5.178669250002713
5	36	-5.063575499996659
5	36	-4.974887999997009
5	36	-4.948387999989791
5	36	-4.928950499990606
5	36	-4.904544249991886
5	36	-4.868762999991304
5	36	-4.803356749995146
5	36	-4.69523174999631
5	36	-4.228138999998919
5	36	-4.207482750003692
5	36	-3.8482640000001993
5	36	-3.738982750001014
5	36	-3.6770140000007814
5	36	-3.670170249999501
5	36	-3.6498889999929816
5	36	-3.5907014999975218
5	36	-3.5477014999923995
5	36	-3.5110140000033425
5	36	-3.498701499993331
5	36	-3.4812952499923995
5	36	-3.4579514999932144
5	36	-3.42542025000148
5	36	-3.375670249995892
5	36	-3.3527952500007814
5	36	-3.3439514999918174
5	36	-3.334670249998453
5	36	-3.127013999997871
5	36	-3.10882649999985
5	36	-3.060732750003808
5	36	-3.0260140000027604
5	36	-2.988951499995892
5	36	-2.880295249997289
5	36	-2.875763999996707
5	36	-2.871482749993447
5	36	-2.808545249994495
5	36	-2.804107749994728
5	36	-2.795388999991701
5	36	-2.782326500004274
5	36	-2.7768265000049723
5	36	-2.772389000005205
5	36	-2.765170250000665
5	36	-2.6038577500003157
5	36	-2.44535774999531
5	36	-2.4427639999921666
5	36	-2.4402640000043903
5	36	-2.4374202500039246
5	36	-2.4328577499982202
5	36	-2.424607749999268
5	36	-2.417388999994728
5	36	-2.4051389999949606
5	36	-2.3995764999999665
5	36	-2.392107749998104
5	36	-2.0655764999974053
5	36	-2.0591390000045067
5	36	-1.99945149999985
5	36	-1.9770140000036918
5	36	-1.963263999990886
5	36	-1.931201500003226
5	36	-1.9036702500015963
5	36	-1.8597014999977546
5	36	-1.8492014999937965
5	36	-1.8421390000003157
5	36	-1.8227015000011306
5	36	-1.810607749997871
5	36	-1.7145149999996647
5	36	-1.5944524999940768
5	36	-1.5712337500008289
5	36	-1.5624837500072317
5	36	-1.557358749996638
5	36	-1.553983749996405
5	36	-1.5505149999953574
5	36	-1.5201087500026915
5	36	-1.5177337500063004
5	36	-1.5148274999955902
5	36	-1.5110775000066496
5	36	-1.508140000005369
5	36	-1.502171250001993
5	36	-1.49898375000339
5	36	-1.4956087500031572
5	36	-1.4924837500002468
5	36	-1.4890774999948917
5	36	-1.4856399999989662
5	36	-1.4814837500016438
5	36	-1.477702499993029
5	36	-1.474108750000596
5	36	-1.4663275000057183
5	36	-1.4519525000068825
5	36	-0.8334524999954738
5	36	-0.8266712500044378
5	36	-0.8191712499974528
5	36	-0.8122962500056019
5	36	-0.1975150000071153
5	36	-0.15707750000001397
5	36	-0.08707749999302905
5	36	-0.033983750006882474
5	36	0.0642037499928847
5	36	0.07967249999637716
5	36	0.22482874999695923
5	36	0.24445374999777414
5	36	0.27667249999649357
5	36	0.2795787500072038
5	36	0.28442250000080094
5	36	0.2889850000065053
5	36	0.29292249999707565
5	36	0.5005787499976577
5	36	0.510578750006971
5	36	0.5224849999940488
5	36	0.5327350000006845
5	36	0.7436089999973774
5	36	0.795171499994467
5	36	0.8659527499985415
5	36	0.8801090000051772
5	36	0.9796714999974938
5	36	1.0021402499987744
5	36	1.2674527499912074
5	36	1.3144840000022668
5	36	1.3889527499995893
5	36	1.4177652499929536
5	36	1.6657965000049444
5	36	1.964577749997261
5	37	-5.174294500000542
5	37	-4.888575749995653
5	37	-4.6407319999998435
5	37	-4.239170500004548
5	37	-4.107795500007342
5	37	-4.078264249998028
5	37	-4.022389250007109
5	37	-3.9466079999983776
5	37	-3.9312017500051297
5	37	-3.8772330000065267
5	37	-3.818232999998145
5	37	-3.5149517500103684
5	37	-3.324545499999658
5	37	-3.288764249999076
5	37	-3.2072955000039656
5	37	-2.9176080000033835
5	37	-2.188951750009437
5	37	-2.144420500000706
5	37	-2.123357999997097
5	37	-1.9372017499990761
5	37	-1.885389250004664
5	37	-1.713765250009601
5	37	-1.6705152500071563
5	37	-1.4698902500094846
5	37	-0.9798589999991236
5	37	-0.8931090000114636
5	37	-0.8709527500031982
5	37	-0.8055777500121621
5	37	-0.7949527500022668
5	37	-0.7544215000089025
5	37	-0.7149527500005206
5	37	-0.6998590000002878
5	37	-0.6723902500089025
5	37	-0.6541715000057593
5	37	-0.6099527500045951
5	37	-0.5802652499987744
5	37	-0.5639840000076219
5	37	-0.5518902500043623
5	37	-0.4668902500125114
5	37	-0.4082027500116965
5	37	-0.3773277500004042
5	37	-0.3412652500119293
5	37	-0.3194215000112308
5	37	-0.30914024999947287
5	37	-0.28104650000750553
5	37	-0.2252965000079712
5	37	-0.16742150000936817
5	37	0.704265000007581
5	37	0.7691087500134017
5	37	0.8066400000097929
5	37	0.9102025000029244
5	37	0.92435875000956
5	37	0.9403275000076974
5	37	0.9803587500064168
5	37	1.044015000006766
5	37	1.1670775000093272
5	37	1.2074837500113063
5	37	1.331827500005602
5	37	1.3579212500044378
5	37	1.3728900000132853
5	37	1.3992025000043213
5	37	1.474421250008163
5	37	1.6863587500120047
5	37	1.7017650000052527
5	37	1.7254212500120047
5	37	1.8043587499996647
5	37	1.881890000004205
5	37	1.9853275000059512
5	38	-5.882481500011636
5	38	-5.73935750000237
5	38	-5.562732500009588
5	38	-5.475263750005979
5	38	-5.456326250015991
5	38	-5.423232500004815
5	38	-5.390732500003651
5	38	-5.36745125001471
5	38	-5.329388750004
5	38	-5.307076250013779
5	38	-5.277513750013895
5	38	-5.264545000012731
5	38	-5.2407325000094716
5	38	-5.228107500006445
5	38	-5.194107500006794
5	38	-5.132107500015991
5	38	-4.919232500004
5	38	-4.905232500008424
5	38	-4.866170000008424
5	38	-4.678295000005164
5	38	-4.198138750012731
5	38	-3.8347950000024866
5	38	-3.800701250002021
5	38	-3.6732012500142446
5	38	-3.498607500005164
5	38	-3.4490762500063283
5	38	-3.302389750009752
5	38	-3.116139750010916
5	38	-2.354421000010916
5	38	-2.110702250007307
5	38	-2.02713975001825
5	38	-1.9672022500162711
5	38	-1.9314835000113817
5	38	-1.8939210000098683
5	38	-1.8318585000088206
5	38	-1.7663897500169696
5	38	-1.5524522500054445
5	38	-1.335608500012313
5	38	-1.2445772500068415
5	38	-0.9455772500077728
5	38	-0.9172335000039311
5	38	-0.5446720000181813
5	38	-0.4940470000146888
5	38	-0.3880157500097994
5	38	-0.3475157500070054
5	38	0.012890499987406656
5	38	0.22826549998717383
5	38	0.2523279999877559
5	38	0.2987967499939259
5	38	0.31389049999415874
5	38	0.36214049998670816
5	38	0.40332799998577684
5	38	0.4293279999837978
5	38	0.48004674998810515
5	38	0.4962029999878723
5	38	0.5343279999797232
5	38	0.5917029999836814
5	38	0.6494842499814695
5	38	0.6787967499840306
5	38	0.6969529999914812
5	38	0.7722029999858933
5	38	0.83170299998892
5	38	0.8822967499872902
5	38	1.0752029999857768
5	38	1.3299217499879887
5	38	1.8383894999860786
5	38	1.939483249982004
5	38	1.9976394999830518
5	39	-5.731106000006548
5	39	-5.573325750010554
5	39	-5.553638249999494
5	39	-5.5193257500068285
5	39	-5.460919500008458
5	39	-5.412575750000542
5	39	-5.3928882500040345
5	39	-5.371731999999611
5	39	-5.317075750004733
5	39	-4.870138250000309
5	39	-4.828294500010088
5	39	-4.80216950000613
5	39	-4.752888250004617
5	39	-4.68538824999996
5	39	-3.878450750009506
5	39	-3.826950750008109
5	39	-3.759732000005897
5	39	-3.4487945000000764
5	39	-3.412794500007294
5	39	-3.2987007500050822
5	39	-3.2504195000074105
5	39	-3.1711695000121836
5	39	-3.1332320000074105
5	39	-3.108200750008109
5	39	-3.073763250009506
5	39	-3.0383579999906942
5	39	-3.0072642499872018
5	39	-2.9542954999924405
5	39	-2.708357999988948
5	39	-2.683264249993954
5	39	-2.6572017499856884
5	39	-2.570732999985921
5	39	-2.4658267499908106
5	39	-2.276607999985572
5	39	-2.243295499996748
5	39	-2.2016079999884823
5	39	-2.107326749988715
5	39	-2.0583267499896465
5	39	-2.0189829999872018
5	39	-1.7454204999958165
5	39	-1.570201749986154
5	39	-1.5184829999925569
5	39	-1.3410454999975627
5	39	-1.3313579999958165
5	39	-1.2330767499952344
5	39	-1.2033579999988433
5	39	-0.7658579999988433
5	39	-0.6647017499926733
5	39	-0.6448579999996582
5	39	-0.612139249991742
5	39	-0.4572652499919059
5	39	-0.427983999994467
5	39	-0.35260899999411777
5	39	-0.23473399999784306
5	39	-0.20398399999248795
5	39	-0.1882027499959804
5	39	-0.1534527499898104
5	39	-0.10051525000017136
5	39	-0.08095274999504909
5	39	-0.03526525000052061
5	39	-0.023296499988646246
5	39	0.005172250006580725
5	39	0.03592225001193583
5	39	0.11039100000925828
5	39	0.17723475000821054
5	39	0.26735975001065526
5	39	0.3598597500094911
5	39	0.4526097500056494
5	39	0.47348475000762846
5	39	0.5126097500033211
5	39	0.527922250010306
5	39	0.6144222500006435
5	39	0.6623910000053002
5	39	0.7138285000110045
5	39	0.7639222500001779
5	39	0.8408597500092583
5	39	0.8986097500019241
5	39	0.9548910000012256
5	39	1.226203500002157
5	39	1.6374847500119358
5	39	1.7356097500014585
5	39	1.9828587500087451
5	40	-5.996763000002829
5	40	-5.978450499998871
5	40	-5.9597629999916535
5	40	-5.924419250004576
5	40	-5.886731749997125
5	40	-5.857044249991304
5	40	-5.774981750000734
5	40	-5.553637999997591
5	40	-5.411795249994611
5	40	-5.028295249998337
5	40	-4.961420249994262
5	40	-4.849451500005671
5	40	-4.833451500002411
5	40	-4.801826499999152
5	40	-4.750763999996707
5	40	-4.652107750007417
5	40	-4.572045249995426
5	40	-4.536764000004041
5	40	-4.524076500005322
5	40	-4.458670249994611
5	40	-4.391232750000199
5	40	-4.377451499996823
5	40	-4.313545249999152
5	40	-4.264045250005438
5	40	-4.233201499999268
5	40	-4.115357749993564
5	40	-3.9920764999988023
5	40	-3.5348577499971725
5	40	-3.4426702500059037
5	40	-3.3997952500067186
5	40	-3.381045250003808
5	40	-3.358514000006835
5	40	-3.1366390000039246
5	40	-2.8517025000037393
5	40	-2.33451500000956
5	40	-2.2639524999976857
5	40	-2.171671250005602
5	40	-1.6403587499953574
5	40	-1.6271087500063004
5	40	-1.5837337499979185
5	40	-1.5493275000044378
5	40	-1.49548374999722
5	40	-1.358046249995823
5	40	-1.1024524999957066
5	40	-1.0305150000058347
5	40	-0.955296250001993
5	40	-0.9027337500010617
5	40	-0.7956712500017602
5	40	-0.7296712499955902
5	40	-0.2142347500048345
5	40	-0.11776600001030602
5	40	-0.08082850000937469
5	40	0.04160899999260437
5	40	0.17764024999632966
5	40	0.22792150000168476
5	40	0.2398902499990072
5	40	0.32998399999632966
5	40	0.3493902499903925
5	40	0.38429649999307003
5	40	0.51320274999307
5	40	0.5445464999938849
5	40	0.8358277499937685
5	40	0.8588277499948163
5	40	0.8861714999948163
5	40	0.9480152499891119
5	40	0.9817340000008699
5	40	1.0185777500009863
5	40	1.0560465000016848
5	40	1.0869839999941178
5	40	1.1701402499893447
5	40	1.2770464999921387
5	40	1.4164214999909746
5	40	1.51320274999307
5	40	1.541358999995282
5	40	1.772140250002849
5	40	1.8060152499965625
5	40	1.8642027500027325
5	40	1.9763267499947688
5	41	-5.9934810000122525
5	41	-5.945856000005733
5	41	-5.710199750013999
5	41	-5.679668500015396
5	41	-5.659543500005384
5	41	-5.6010444999992615
5	41	-5.518388249998679
5	41	-5.441419499999029
5	41	-5.372575749992393
5	41	-5.2632632500026375
5	41	-5.046075749996817
5	41	-5.014419500002987
5	41	-4.9529194999922765
5	41	-4.8868257499998435
5	41	-4.815263249998679
5	41	-4.7601694999902975
5	41	-4.73620074999053
5	41	-4.603263249999145
5	41	-4.537294499998097
5	41	-4.517481999995653
5	41	-4.448575749993324
5	41	-4.404794499991112
5	41	-4.261763250004151
5	41	-4.215075749991229
5	41	-4.195231999998214
5	41	-4.137200750003103
5	41	-4.101388249997399
5	41	-4.030356999996002
5	41	-4.007638249997399
5	41	-3.9482007499900647
5	41	-3.9131382499908796
5	41	-3.7169195000024047
5	41	-3.661325749999378
5	41	-3.621544499997981
5	41	-3.5639507500018226
5	41	-3.503232000002754
5	41	-3.4669195000024047
5	41	-2.8783580000017537
5	41	-2.8051704999961657
5	41	-2.562607999992906
5	41	-2.2903267499932554
5	41	-2.217920499999309
5	41	-2.174107999991975
5	41	-2.113170500000706
5	41	-1.9162642500014044
5	41	-1.8478892499988433
5	41	-1.8106704999954673
5	41	-1.63454549999733
5	41	-1.6221392500010552
5	41	-1.614920499996515
5	41	-1.5890455000044312
5	41	-1.580389249997097
5	41	-1.5589204999996582
5	41	-1.5322330000053626
5	41	-1.5173892500024522
5	41	-1.4887330000055954
5	41	-1.4707329999946523
5	41	-1.455170500004897
5	41	-1.4312329999957
5	41	-1.4165142499987269
5	41	-1.3883892500016373
5	41	-1.3653579999954673
5	41	-1.3275767500017537
5	41	-1.201264250004897
5	41	-1.1742017499927897
5	41	-1.109264250000706
5	41	-0.9461704999994254
5	41	-0.8882330000051297
5	41	-0.8305454999936046
5	41	-0.7953892499936046
5	41	-0.5345152499940014
5	41	-0.5262652499950491
5	41	-0.42326525000680704
5	41	-0.3674215000064578
5	41	-0.3358589999988908
5	41	-0.32310900000447873
5	41	-0.2839527500036638
5	41	-0.2760465000028489
5	41	-0.2665152499976102
5	41	-0.2554214999981923
5	41	-0.12979649999761023
5	41	-0.0943589999951655
5	41	-0.0580152500042459
5	41	-0.04951525000797119
5	41	-0.02570275000471156
5	41	0.01904724999621976
5	41	0.09195349999936298
5	41	0.58135974999459
5	41	0.6387347499985481
5	41	0.7306097499968018
5	41	0.7513597499928437
5	41	0.7966409999935422
5	41	0.8695472499966854
5	41	1.3601722500025062
5	41	1.4133284999988973
5	41	1.4772972499922616
5	41	1.525234749991796
5	41	1.5659847499919124
5	41	1.5896097499935422
5	41	1.7722972500050673
5	41	1.946546249993844
5	42	-5.941231750010047
5	42	-5.866075500001898
5	42	-5.825981750007486
5	42	-5.798106750007719
5	42	-5.75791924999794
5	42	-5.739919250001549
5	42	-5.70245050000085
5	42	-5.630919250004808
5	42	-5.597044249996543
5	42	-5.530513000005158
5	42	-5.515888000008999
5	42	-5.207762999998522
5	42	-5.100325499995961
5	42	-5.066044250008417
5	42	-4.980481749997125
5	42	-4.916763000001083
5	42	-4.8748567500006175
5	42	-4.813513000000967
5	42	-4.676200500005507
5	42	-4.205731750000268
5	42	-4.195731750005507
5	42	-4.189450500009116
5	42	-4.013044250008534
5	42	-3.959419250008068
5	42	-3.9307005000009667
5	42	-3.893325500001083
5	42	-3.797512999997707
5	42	-3.7753254999988712
5	42	-3.7557004999980563
5	42	-3.7219817500008503
5	42	-3.6059827499993844
5	42	-3.560014000002411
5	42	-3.5495765000086976
5	42	-3.528232750002644
5	42	-3.510857750006835
5	42	-3.387107750007999
5	42	-3.253857750009047
5	42	-3.224576500011608
5	42	-2.7846390000049723
5	42	-2.465639000001829
5	42	-2.3796702500112588
5	42	-2.2980139999999665
5	42	-2.2405452500097454
5	42	-2.2032640000106767
5	42	-2.170701499999268
5	42	-2.1337639999983367
5	42	-2.1054514999996172
5	42	-2.077670250000665
5	42	-2.059076500008814
5	42	-2.017107749998104
5	42	-1.9935765000118408
5	42	-1.9663890000083484
5	42	-1.9531702500098618
5	42	-1.9355452500021784
5	42	-1.9239515000081155
5	42	-1.9021389999979874
5	42	-1.8897015000111423
5	42	-1.8777015000086976
5	42	-1.8665452499990351
5	42	-1.84629525001219
5	42	-1.8324514999985695
5	42	-1.8117639999982202
5	42	-1.7976390000112588
5	42	-1.7811389999988023
5	42	-1.7699514999985695
5	42	-1.744607750006253
5	42	-1.7230140000028769
5	42	-1.710795250008232
5	42	-1.696607750011026
5	42	-1.6829827500041574
5	42	-1.6676702500117244
5	42	-1.6594827500084648
5	42	-1.648201500007417
5	42	-1.632982750001247
5	42	-1.599482750010793
5	42	-1.573982750007417
5	42	-1.5548890000063693
5	42	-1.5393890000123065
5	42	-1.5222327500086976
5	42	-1.5156077499996172
5	42	-1.500889000002644
5	42	-1.4857327500067186
5	42	-1.4701702500024112
5	42	-1.4610452500055544
5	42	-1.4475139999995008
5	42	-1.4403577500052052
5	42	-1.3983577500039246
5	42	-1.3775765000027604
5	42	-1.3616702500003157
5	42	-1.334451500006253
5	42	-1.3216702500067186
5	42	-1.3132952500018291
5	42	-1.2907327499997336
5	42	-1.2757015000097454
5	42	-1.2545765000104439
5	42	-1.2102640000084648
5	42	-0.8862650000082795
5	42	-0.866890000004787
5	42	-0.8015775000094436
5	42	-0.766983750014333
5	42	-0.7429837500094436
5	42	-0.6255150000069989
5	42	-0.5941400000010617
5	42	-0.5776712500082795
5	42	-0.5675775000127032
5	42	-0.5506712500064168
5	42	-0.34560875000897795
5	42	-0.33417125001142267
5	42	-0.32526500000676606
5	42	-0.317140000013751
5	42	-0.30973375000758097
5	42	-0.304390000004787
5	42	-0.2868587500124704
5	42	-0.28192125000350643
5	42	-0.2794212500011781
5	42	-0.2761400000017602
5	42	-0.2722650000068825
5	42	-0.2670150000049034
5	42	-0.2606087500025751
5	42	-0.2563275000138674
5	42	-0.2523900000087451
5	42	-0.2476087500108406
5	42	-0.017952500013052486
5	42	-0.011233750003157184
5	42	-0.006702500002575107
5	42	-0.0014212500100256875
5	42	0.004672499999287538
5	42	0.02789124999253545
5	42	0.05823499998950865
5	42	0.06289124999602791
5	42	0.06704749999335036
5	42	0.07207874998857733
5	42	0.0775162499921862
5	42	0.08964124998601619
5	42	0.09239124998566695
5	42	0.09526624999125488
5	42	0.09882874999311753
5	42	0.10632875000010245
5	42	0.11082874999556225
5	42	0.11376624999684282
5	42	0.11714124999707565
5	42	0.12160999998741318
5	42	0.12560999998822808
5	42	0.13101624998671468
5	42	0.36473499999556225
5	42	0.37182874999416526
5	42	0.3772974999883445
5	42	0.4581412499974249
5	42	0.475828749986249
5	42	0.4837662499921862
5	42	0.48873499999172054
5	42	0.49710999999661
5	42	0.5067974999983562
5	42	0.5125162499898579
5	42	0.5171724999963772
5	42	0.5239537499874132
5	42	0.5333599999867147
5	42	0.5366412499861326
5	42	0.5421724999905564
5	42	0.7625787500001024
5	42	0.7664537499949802
5	42	0.771672499991837
5	42	0.7751412499928847
5	42	0.7799537499959115
5	42	0.7864849999896251
5	42	0.7960787499905564
5	42	0.8179849999869475
5	42	1.070203749986831
5	42	1.074516249995213
5	42	1.0784537499857834
5	42	1.0821412499935832
5	42	1.0880162499961443
5	42	1.0956412499945145
5	42	1.1038287499977741
5	42	1.1228599999885773
5	42	1.1943599999940488
5	42	1.2447037499950966
5	42	1.2868287499877624
5	42	1.3414224999869475
5	42	1.3737652499839896
5	42	1.5131714999879478
5	42	1.6824527499848045
5	42	1.7584214999951655
5	42	1.785608999984106
5	42	1.8312027499923715
5	42	1.8575464999885298
5	42	1.8897027499915566
5	42	1.933327749997261
5	42	1.9460464999865508
5	42	1.9562339999974938
5	43	-5.8243572499923175
5	43	-5.580294749990571
5	43	-5.527013499988243
5	43	-5.0478572499851
5	43	-4.972138499986613
5	43	-4.821450999996159
5	43	-4.509357249989989
5	43	-4.384763499998371
5	43	-4.228638499989756
5	43	-4.129357249985333
5	43	-3.6949197499925504
5	43	-3.6536384999926668
5	43	-3.48457599998801
5	43	-3.4651072499982547
5	43	-3.456482249996043
5	43	-3.4461697499937145
5	43	-3.423294749998604
5	43	-3.1634519999934128
5	43	-3.089045749991783
5	43	-2.8613894999871263
5	43	-2.7575769999966724
5	43	-2.5391394999896875
5	43	-1.9793582499987679
5	43	-1.7314832499978365
5	43	-1.598920749995159
5	43	-1.5654207499901531
5	43	-1.4824207499914337
5	43	-1.4636082499928307
5	43	-1.449452000000747
5	43	-1.4061394999880577
5	43	-1.3798894999927143
5	43	-1.3676707499980694
5	43	-1.3512332499958575
5	43	-1.319514499991783
5	43	-1.1921394999953918
5	43	-1.1360144999925978
5	43	-1.1156394999998156
5	43	-1.0982644999894546
5	43	-1.0706707499921322
5	43	-1.049576999997953
5	43	-1.0374207499990007
5	43	-1.0287957499967888
5	43	-1.021108249988174
5	43	-1.008858249988407
5	43	-0.9996082500001648
5	43	-0.9862020000000484
5	43	-0.9762645000009798
5	43	-0.9645769999915501
5	43	-0.9375457499991171
5	43	-0.901045749997138
5	43	-0.8710155000007944
5	43	-0.8500780000031227
5	43	-0.8417342500033556
5	43	-0.8308592499961378
5	43	-0.8096404999960214
5	43	-0.7206405000033556
5	43	-0.703515499990317
5	43	-0.6902029999910155
5	43	-0.6727654999995138
5	43	-0.6571092499943916
5	43	-0.647077999994508
5	43	-0.6177029999962542
5	43	-0.5578592499950901
5	43	-0.323577999995905
5	43	-0.31789049999497365
5	43	-0.31020300000091083
5	43	-0.27742174999730196
5	43	-0.2660467499954393
5	43	-0.2605780000012601
5	43	-0.2547654999943916
5	43	-0.1794217499991646
5	43	-0.17617174999031704
5	43	-0.17339050000009593
5	43	-0.1699217499990482
5	43	-0.16617174999555573
5	43	-0.15629674999217968
5	43	0.014703250009915791
5	43	0.018765750006423332
5	43	0.0226095000107307
5	43	0.03570325000328012
5	43	0.037672000005841255
5	43	0.0553595000092173
5	43	0.058422000001883134
5	43	0.06198450000374578
5	43	0.06470324999827426
5	43	0.0673594999971101
5	43	0.07026575000782032
5	43	0.07276575001014862
5	43	0.07645325000339653
5	43	0.08004700001038145
5	43	0.08398450000095181
5	43	0.08820325000851881
5	43	0.0934220000053756
5	43	0.09995324999908917
5	43	0.12195325001084711
5	43	0.4807345000008354
5	43	0.4856407500046771
5	43	0.4904220000025816
5	43	0.49382825000793673
5	43	0.4974845000106143
5	43	0.5016095000028145
5	43	0.5072345000080531
5	43	0.5983282500092173
5	43	0.6091719999967609
5	43	0.6265157500019995
5	43	0.6389845000085188
5	43	0.6614845000003697
5	43	0.686797000002116
5	43	0.7159532500081696
5	43	0.7493594999978086
5	43	0.7668594999995548
5	43	0.7992032500042114
5	43	0.842328250000719
5	43	0.8636407500016503
5	43	0.9077344999968773
5	43	1.0747344999981578
5	43	1.1581720000103815
5	43	1.38767199999711
5	43	1.6497647500073072
5	43	1.6933585000078892
5	43	1.8224210000043968
5	43	1.8535459999984596
5	43	1.9212960000004387
5	44	-5.361762999993516
5	44	-5.1746067499916535
5	44	-5.162012999993749
5	44	-5.105825499995262
5	44	-5.077544249987113
5	44	-4.9579192499950295
5	44	-4.942825499994797
5	44	-4.8835129999934
5	44	-4.73038799999631
5	44	-4.721231749994331
5	44	-4.236731749988394
5	44	-4.133356749996892
5	44	-4.089137999995728
5	44	-4.071700499989674
5	44	-3.973887999993167
5	44	-3.913450499996543
5	44	-3.8199504999938654
5	44	-3.678262999994331
5	44	-3.651856749987928
5	44	-3.5345129999914207
5	44	-3.4649817499885103
5	44	-3.3996702499862295
5	44	-3.37095149999368
5	44	-3.3312327499879757
5	44	-3.297451499995077
5	44	-3.262795249989722
5	44	-3.2261389999912353
5	44	-2.768357749999268
5	44	-2.742138999994495
5	44	-2.718295249986113
5	44	-2.6111389999859966
5	44	-1.9704202499997336
5	44	-1.5122639999899548
5	44	-0.3622649999888381
5	44	-0.34407749999081716
5	44	-0.11032749999139924
5	44	-0.06748374999733642
5	44	-0.004077499994309619
5	44	0.26817250000021886
5	44	0.35114125000836793
5	44	0.406141250001383
5	44	0.5229537499981234
5	44	0.5513599999976577
5	44	0.5782662499987055
5	44	0.6135162499995204
5	44	0.6567662500019651
5	44	0.7061725000094157
5	44	0.7337662500067381
5	44	0.756359999999404
5	44	0.8142037500074366
5	44	0.8504537499975413
5	44	1.1662350000115111
5	44	1.2397975000058068
5	44	1.3027975000004517
5	44	1.4552662500063889
5	44	1.7277965000248514
5	44	1.767640250021941
5	44	1.8280465000134427
5	44	1.85551525001938
5	44	1.8737652500130935
5	44	1.9255465000169352
5	44	1.9512027500168188
5	44	1.966952750022756
5	45	-5.996980999989319
5	45	-5.784575749989017
5	45	-5.701763249991927
5	45	-5.570731999992859
5	45	-5.553825749986572
5	45	-5.530263249995187
5	45	-5.453106999993906
5	45	-5.4242319999902975
5	45	-5.400481999997282
5	45	-5.36607574998925
5	45	-5.333013249997748
5	45	-5.304669499993906
5	45	-5.26429449999705
5	45	-5.119888249988435
5	45	-5.037669499986805
5	45	-4.869919499993557
5	45	-4.287075749991345
5	45	-4.198669499994139
5	45	-4.167263249997632
5	45	-4.022950749989832
5	45	-3.9839819999906467
5	45	-3.9505444999958854
5	45	-3.8653257499972824
5	45	-3.587231999990763
5	45	-2.8944517499912763
5	45	-2.8322954999894137
5	45	-2.824201749986969
5	45	-2.6925767499924405
5	45	-2.5388892499904614
5	45	-2.4409204999974463
5	45	-2.026732999991509
5	45	-1.9220454999885987
5	45	-1.8273579999950016
5	45	-1.8098892499983776
5	45	-1.7971392499894137
5	45	-1.7877017499995418
5	45	-1.7749517499905778
5	45	-1.7518267499981448
5	45	-1.7301079999888316
5	45	-1.710732999999891
5	45	-1.3112017499952344
5	45	-1.1218892499891808
5	45	-1.1132017499912763
5	45	-1.1035767499997746
5	45	-1.091170499988948
5	45	-1.0508267499972135
5	45	-1.000295499994536
5	45	-0.9621079999924405
5	45	-0.9241704999876674
5	45	-0.7385777500021504
5	45	-0.7070464999997057
5	45	-0.6554840000026161
5	45	-0.5992339999938849
5	45	-0.5102964999969117
5	45	-0.43414024999947287
5	45	-0.35320274998957757
5	45	-0.12232774999574758
5	45	-0.09639024999341927
5	45	-0.07185899998876266
5	45	-0.03660900000249967
5	45	-0.0022652499901596457
5	45	0.03667225000390317
5	45	0.06632850000460166
5	45	0.10110975000134204
5	45	0.11089100000390317
5	45	0.11564100001123734
5	45	0.12070349999703467
5	45	0.12945350000518374
5	45	0.2614222499978496
5	45	0.26535975000297185
5	45	0.2692972500080941
5	45	0.27785975000006147
5	45	0.35839100000157487
5	45	0.372078500004136
5	45	0.39204725000308827
5	45	0.4263910000008764
5	45	0.46289100000285544
5	45	0.47270350001053885
5	45	0.48832850001053885
5	45	0.5099535000044852
5	45	0.6697347500012256
5	45	0.6823910000093747
5	45	0.7220785000099568
5	45	0.7627347500092583
5	45	0.8398910000105388
5	45	0.8552035000029719
5	45	0.9568284999986645
5	45	0.9942660000087926
5	45	1.1322035000048345
5	45	1.401484750007512
5	45	1.4908597500034375
5	45	1.564828500006115
5	45	1.5901410000078613
5	45	1.982733750002808
5	46	-5.999386999988928
5	46	-5.909230749995913
5	46	-5.862230749989976
5	46	-5.832511999993585
5	46	-5.789293249996263
5	46	-5.752230749989394
5	46	-5.630637999987812
5	46	-5.480700499989325
5	46	-5.438294249994215
5	46	-5.376669249992119
5	46	-5.2871692499902565
5	46	-5.2547942499950295
5	46	-5.179356749984436
5	46	-5.150012999991304
5	46	-5.134450499986997
5	46	-5.116794249988743
5	46	-4.975231749995146
5	46	-4.864075499994215
5	46	-4.833950499989442
5	46	-4.819294249988161
5	46	-4.681262999991304
5	46	-4.312262999985251
5	46	-4.2815129999944475
5	46	-4.060387999998056
5	46	-4.0556067499856
5	46	-4.050106749986298
5	46	-4.039856749994215
5	46	-4.033762999984901
5	46	-4.019512999992003
5	46	-4.00032549999014
5	46	-3.8331067499966593
5	46	-3.5530129999970086
5	46	-3.463106749986764
5	46	-3.309200499992585
5	46	-3.2955129999900237
5	46	-3.1431077499873936
5	46	-3.0746389999985695
5	46	-3.0008577499975218
5	46	-2.984326499994495
5	46	-2.950920249990304
5	46	-2.932701499987161
5	46	-2.9060764999885578
5	46	-2.885732749986346
5	46	-2.8487952499999665
5	46	-2.7919514999957755
5	46	-2.6816702499927487
5	46	-2.6173264999961248
5	46	-2.4974514999921666
5	46	-2.4728577499918174
5	46	-2.356138999995892
5	46	-2.0049202499940293
5	46	-1.8368889999983367
5	46	-1.6936077499995008
5	46	-1.6017952499969397
5	46	-1.57057649998751
5	46	-1.5552014999993844
5	46	-1.2748577499878593
5	46	-1.26548274999368
5	46	-1.259013999995659
5	46	-1.2384202499961248
5	46	-1.2266390000004321
5	46	-1.2218264999974053
5	46	-0.9947327499976382
5	46	-0.9916702499904204
5	46	-0.98854524998751
5	46	-0.9854202499991516
5	46	-0.9822639999911189
5	46	-0.9786702499986859
5	46	-0.9752327499882085
5	46	-0.9706077499868115
5	46	-0.9636077499890234
5	46	-0.9400452499976382
5	46	-0.9172327499982202
5	46	-0.9050139999890234
5	46	-0.8952327499864623
5	46	-0.8806389999954263
5	46	-0.8586389999982202
5	46	-0.8389202499965904
5	46	-0.774013999995077
5	46	-0.7617952500004321
5	46	-0.7210452500003157
5	46	-0.7147639999893727
5	46	-0.6980139999941457
5	46	-0.69167024998751
5	46	-0.6850139999878593
5	46	-0.6648577499872772
5	46	-0.6409514999977546
5	46	-0.6356087499734713
5	46	-0.6193587499874411
5	46	-0.6052337499859277
5	46	-0.5728899999812711
5	46	-0.5615774999751011
5	46	-0.5354212499805726
5	46	-0.5003899999865098
5	46	-0.46917124997708015
5	46	-0.4475149999780115
5	46	-0.43801499997789506
5	46	-0.4283587499812711
5	46	-0.3971087499812711
5	46	-0.38682749998406507
5	46	-0.36120249997475185
5	46	-0.32532749997335486
5	46	-0.30520249997789506
5	46	-0.26295249997929204
5	46	-0.24801499997556675
5	46	-0.24020249997556675
5	46	-0.23107749997870997
5	46	-0.22542124998290092
5	46	-0.2206399999849964
5	46	-0.21735874998557847
5	46	-0.20845249998092186
5	46	-0.20482749998336658
5	46	0.003922500021872111
5	46	0.015360000019427389
5	46	0.02895375002117362
5	46	0.04954750002070796
5	46	0.1243287500255974
5	46	0.1803287500224542
5	46	0.1944537500239676
5	46	0.19820375001290813
5	46	0.2022350000188453
5	46	0.3586100000247825
5	46	0.36395375001302455
5	46	0.3664850000204751
5	46	0.3694225000217557
5	46	0.3788600000261795
5	46	0.3818287500180304
5	46	0.38526625001395587
5	46	0.39061000001674984
5	46	0.3941412500134902
5	46	0.3999537500203587
5	46	0.403578750017914
5	46	0.4087975000147708
5	46	0.41542250002385117
5	46	0.425891250022687
5	46	0.7088600000133738
5	46	0.71423500002129
5	46	0.7168912500201259
5	46	0.7202037500246661
5	46	0.7285787500150036
5	46	0.7382037500210572
5	46	0.7606100000266451
5	46	0.8721100000257138
5	46	0.8872662500216393
5	46	0.9207037500164006
5	46	1.1332975000259466
5	46	1.6678912500210572
5	46	1.8774840000114636
5	46	1.9776715000189142
5	47	-5.817293999993126
5	47	-5.8062627500039525
5	47	-5.791981500005932
5	47	-5.360981499994523
5	47	-4.466638750003767
5	47	-3.9930137500050478
5	47	-3.9038887500064448
5	47	-3.835326250002254
5	47	-3.7500762499985285
5	47	-3.5951387499953853
5	47	-3.4435450000019046
5	47	-3.4193887500005076
5	47	-2.9642949999979464
5	47	-2.879545000003418
5	47	-2.8257012499962
5	47	-2.790326250004
5	47	-2.720358500009752
5	47	-2.6567647500050953
5	47	-2.573795999996946
5	47	-2.5516397500032326
5	47	-2.5086397499981103
5	47	-2.468702250000206
5	47	-2.4016397500090534
5	47	-2.3726710000046296
5	47	-2.313827250007307
5	47	-2.2562960000068415
5	47	-2.151608500003931
5	47	-2.014483500010101
5	47	-1.9662959999986924
5	47	-1.8914522499981103
5	47	-1.8148897500068415
5	47	-1.3292960000107996
5	47	-0.6365772499993909
5	47	-0.36529600000358187
5	47	-0.31563974999880884
5	47	-0.10607824999897275
5	47	0.201359250000678
5	47	0.31757799998740666
5	47	0.41664049999963026
5	47	0.4564529999915976
5	47	0.477984249999281
5	47	0.5528904999955557
5	47	0.7292967499961378
5	47	0.9182342499989318
5	47	1.3718279999884544
5	48	-5.982043750002049
5	48	-5.469793750002282
5	48	-5.02223225000489
5	48	-4.7344197500060545
5	48	-4.716107250002096
5	48	-4.674450999998953
5	48	-4.600857249999535
5	48	-4.565950999996858
5	48	-4.524138499997207
5	48	-4.473982249997789
5	48	-4.380982250004308
5	48	-4.362825999996858
5	48	-4.31207600000198
5	48	-4.242982249998022
5	48	-4.204450999997789
5	48	-4.181138500003726
5	48	-4.126325999997789
5	48	-3.9353885000018636
5	48	-3.576044750006986
5	48	-3.441482249996625
5	48	-3.3201697500044247
5	48	-2.821013499997207
5	48	-2.096264499996323
5	48	-2.080295749998186
5	48	-2.0016082500078483
5	48	-1.9820770000078483
5	48	-1.938577000008081
5	48	-1.8752019999956246
5	48	-1.8450770000054035
5	48	-1.7253895000030752
5	48	-1.0433895000023767
5	48	-1.0085457499953918
5	48	-0.9658895000029588
5	48	-0.9187332500005141
5	48	-0.8888270000024932
5	48	-0.8562019999953918
5	48	-0.8274832500028424
5	48	-0.7665770000021439
5	48	-0.7436394999967888
5	48	-0.7165769999992335
5	48	-0.691545749999932
5	48	-0.6227020000078483
5	48	-0.5851395000063349
5	48	-0.5158895000058692
5	48	-0.48076449999643955
5	48	-0.4602957500028424
5	48	-0.4358582499990007
5	48	-0.4179207499983022
5	48	-0.35598325000319164
5	48	-0.2559520000068005
5	48	0.032953250003629364
5	48	0.04226575001666788
5	48	0.2038907500100322
5	48	0.3743907500174828
5	48	0.48279700000421144
5	48	0.5865157500084024
5	48	0.8872970000084024
5	48	1.0547657500137575
5	48	1.1440782500139903
5	48	1.393640750015038
5	48	1.6040157500101486
5	48	1.6661720000120113
5	48	1.7106095000053756
5	48	1.7913907500042114
5	48	1.98820325001725
5	49	-5.861951250000857
5	49	-5.805607500005863
5	49	-5.780013750001672
5	49	-5.537795000011101
5	49	-5.186420000012731
5	49	-5.038545000003069
5	49	-5.004670000009355
5	49	-4.940295000007609
5	49	-4.899732500009122
5	49	-4.864826250006445
5	49	-4.397045000005164
5	49	-4.179170000003069
5	49	-4.065232500011916
5	49	-4.010232500004349
5	49	-3.9519512500119163
5	49	-3.8450450000091223
5	49	-3.7587012500007404
5	49	-3.7451700000092387
5	49	-3.7129825000010896
5	49	-3.6261397500056773
5	49	-3.570483500006958
5	49	-3.5449210000078892
5	49	-3.4379210000042804
5	49	-3.386983500007773
5	49	-3.3654835000052117
5	49	-3.2677335000043968
5	49	-3.207327250012895
5	49	-3.1714835000020685
5	49	-2.991139750010916
5	49	-2.849983500011149
5	49	-2.80198350000137
5	49	-2.3522960000118474
5	49	-2.203421000012895
5	49	-2.1717960000096355
5	49	-2.0592335000110324
5	49	-1.939014750008937
5	49	-0.666859500008286
5	49	-0.6128282500139903
5	49	-0.5719532500079367
5	49	-0.5306407500174828
5	49	-0.49842200000421144
5	49	-0.4156407500122441
5	49	-0.3413907500071218
5	49	0.26179674998275004
5	49	0.29132799999206327
5	49	0.5260154999850783
5	49	0.662702999994508
5	49	0.6774217499914812
5	49	0.7448592499858933
5	49	0.7733592499862425
5	49	0.7940467499865917
5	49	0.8646092499839142
5	49	0.8961717499914812
5	49	0.9235467499966035
5	49	0.9402967499918304
5	49	0.9987029999902006
5	49	1.0487654999888036
5	49	1.2149842499929946
5	49	1.2324842499947408
5	49	1.4045457499887561
5	49	1.4959519999829354
5	49	1.5552957499894546
5	49	1.600451999984216
5	49	1.8730457499914337
5	50	-5.467793999996502
5	50	-5.302794000002905
5	50	-5.270044000004418
5	50	-5.047981499999878
5	50	-4.873887749999994
5	50	-4.801200250003603
5	50	-4.77535650000209
5	50	-4.726294000007329
5	50	-4.667762750003021
5	50	-4.594169000003603
5	50	-4.567418999999063
5	50	-4.5215127499977825
5	50	-4.501013750006678
5	50	-4.426357500007725
5	50	-4.343763750002836
5	50	-4.273388750007143
5	50	-4.224638750005397
5	50	-4.1488262500060955
5	50	-4.124701249995269
5	50	-3.85301375000563
5	50	-3.6857325000019046
5	50	-3.6057637500052806
5	50	-3.380982500006212
5	50	-3.144263750000391
5	50	-3.0677324999996927
5	50	-3.0249199999962
5	50	-2.9754824999981793
5	50	-2.955826250006794
5	50	-2.895170000003418
5	50	-2.8767325000080746
5	50	-2.7953887500043493
5	50	-2.776857500008191
5	50	-2.727295000004233
5	50	-2.6961387500050478
5	50	-2.445638749995851
5	50	-2.109607500009588
5	50	-2.0320449999999255
5	50	-2.0035449999995762
5	50	-1.9891397499886807
5	50	-1.9291709999961313
5	50	-1.893764749984257
5	50	-1.8557959999889135
5	50	-1.8370459999860032
5	50	-1.8255772499833256
5	50	-1.804639749985654
5	50	-1.7889834999950835
5	50	-1.7770459999883315
5	50	-1.7357647499884479
5	50	-1.7022022499877494
5	50	-1.6831709999823943
5	50	-1.6142959999851882
5	50	-1.5819209999899613
5	50	-1.5190147499961313
5	50	-1.4099522499891464
5	50	-1.2642959999939194
5	50	-1.2142647499858867
5	50	-1.1318272499920567
5	50	-1.0480459999962477
5	50	-0.8407959999894956
5	50	-0.7634834999917075
5	50	-0.5564522499917075
5	50	-0.4935772499884479
5	50	-0.44632724998518825
5	50	-0.3031709999922896
5	50	-0.2936397499870509
5	50	-0.12545224999485072
5	50	0.10682900001120288
5	50	0.20548525001504458
5	50	0.2561727500142297
5	50	0.31367275000957306
5	50	0.3884540000144625
5	50	0.429829000015161
5	50	0.4602665000129491
5	50	0.49520300001313444
5	50	0.5384530000155792
5	50	0.5770467500115046
5	50	0.634859250014415
5	50	0.6834217500145314
5	50	0.7831092500127852
5	50	0.8233905000088271
5	50	0.8852030000125524
5	50	1.069484250008827
5	50	1.1674217500112718
5	50	1.1896092500101076
5	50	1.2171405000117375
5	50	1.233640500009642
5	50	1.2585780000081286
5	50	1.4053280000080122
5	50	1.4454217500024242
5	50	1.503171750009642
5	50	1.594359250011621
5	50	1.637328000011621
5	50	1.6687655000132509
5	50	1.7033280000032391
5	50	1.9552342500101076
6	1	-5.981263249996118
6	1	-5.964856999984477
6	1	-5.886763249989599
6	1	-5.804638249988784
6	1	-5.769763249991229
6	1	-5.689044499988086
6	1	-5.658763249986805
6	1	-5.576950749993557
6	1	-5.449763249984244
6	1	-5.413575749989832
6	1	-5.351856999986921
6	1	-5.316825749992859
6	1	-5.2246069999964675
6	1	-5.200700749992393
6	1	-5.1525444999861065
6	1	-5.06879449999542
6	1	-5.046981999985292
6	1	-4.98698199998762
6	1	-4.8959507499967
6	1	-4.875231999991229
6	1	-4.8474507499922765
6	1	-4.821200749996933
6	1	-4.8109507499902975
6	1	-4.785575749992859
6	1	-4.754450749984244
6	1	-4.750731999985874
6	1	-4.722950749986921
6	1	-4.689106999983778
6	1	-4.676356999989366
6	1	-4.631169499989483
6	1	-4.579825749984593
6	1	-4.480231999987154
6	1	-4.424169499994605
6	1	-4.288169499996002
6	1	-4.137763249993441
6	1	-3.8563882499875035
6	1	-3.826513249994605
6	1	-3.782419499984826
6	1	-3.6669194999849424
6	1	-3.621544499983429
6	1	-3.6021694999944884
6	1	-3.5717017499991925
6	1	-3.5498267499933718
6	1	-3.5157642499980284
6	1	-3.4696079999848735
6	1	-3.2112017499894137
6	1	-3.147201749990927
6	1	-3.084795499991742
6	1	-3.0567642499954673
6	1	-2.9992329999950016
6	1	-2.9273892499913927
6	1	-2.8893267499952344
6	1	-2.8758892499899957
6	1	-2.843139249991509
6	1	-2.825232999995933
6	1	-2.8094829999899957
6	1	-2.7826079999940703
6	1	-2.6721392499894137
6	1	-2.6267954999930225
6	1	-2.5578267499950016
6	1	-2.521982999998727
6	1	-2.3345142499892972
6	1	-2.1160767499968642
6	1	-1.9741079999948852
6	1	-1.6439829999872018
6	1	-1.578951749994303
6	1	-1.4879517499939539
6	1	-1.0010152499889955
6	1	-0.8576402499893447
6	1	-0.8454214999946998
6	1	-0.40129650000017136
6	1	-0.11492149998957757
6	1	0.09292225001263432
6	1	0.2995472500042524
6	1	0.3491409999987809
6	1	0.4050160000042524
6	1	0.4697660000092583
6	1	0.611078500005533
6	1	0.6552660000015749
6	1	0.7168597500131
6	1	1.110578500010888
6	1	1.6077650000079302
6	1	1.614827500001411
6	1	1.7125462499971036
6	1	1.7413274999998976
6	1	1.7627962499973364
6	1	1.888983750002808
6	2	-5.9440135000040755
6	2	-5.710732250008732
6	2	-4.931138500003726
6	2	-4.6441697500122245
6	2	-4.599576000007801
6	2	-4.5550447500136215
6	2	-4.496888500012574
6	2	-4.446013500011759
6	2	-4.224169750013971
6	2	-4.20210725000652
6	2	-4.152326000010362
6	2	-3.99916975000815
6	2	-3.9569510000001173
6	2	-3.924544749999768
6	2	-3.7427957499894546
6	2	-3.6666394999920158
6	2	-3.5822332499956246
6	2	-3.3032332500006305
6	2	-3.283420749998186
6	2	-3.222608249998302
6	2	-3.150951999996323
6	2	-3.0264207500003977
6	2	-2.983576999991783
6	2	-2.8953582499962067
6	2	-2.5171394999924814
6	2	-2.178701999990153
6	2	-2.005701999994926
6	2	-1.8062957499932963
6	2	-1.7639207499887561
6	2	-1.4910769999987679
6	2	-1.337046749991714
6	2	-1.2875780000031227
6	2	-1.1288280000007944
6	2	-0.4521717500028899
6	2	-0.22226549999322742
6	2	-0.17123424999590497
6	2	-0.11610924999695271
6	2	-0.09451549999357667
6	2	-0.046921749992179684
6	2	0.009578249999321997
6	2	0.09548450000875164
6	2	0.11660950000805315
6	2	0.1486095000000205
6	2	0.23210950000793673
6	2	0.2369532500015339
6	2	0.26923450001049787
6	2	0.2895157500024652
6	2	0.3434220000053756
6	2	0.42089074999967124
6	2	0.5485782500036294
6	2	0.660172000003513
6	2	0.7547345000057248
6	2	0.8865782500070054
6	2	0.944203250008286
6	2	1.0800782500009518
6	2	1.161264750000555
6	2	1.2424210000026505
6	2	1.3403897499956656
6	2	1.6342647499986924
6	2	1.663733499997761
6	2	1.675764750005328
6	2	1.6918272500042804
6	2	1.7313272500032326
6	2	1.7856084999948507
6	2	1.8336397499952
6	2	1.898202249998576
6	2	1.9188272500032326
6	2	1.9842647500045132
6	3	-5.933481749991188
6	3	-5.488294249997125
6	3	-5.46907549999014
6	3	-5.415481749994797
6	3	-5.348294249997707
6	3	-5.239981749997241
6	3	-5.161325499997474
6	3	-5.128887999992003
6	3	-5.105262999990373
6	3	-4.997137999991537
6	3	-4.958419249989674
6	3	-4.9302629999874625
6	3	-4.86829424998723
6	3	-4.839919249992818
6	3	-4.818606749991886
6	3	-4.808825499989325
6	3	-4.775700499987579
6	3	-4.704762999986997
6	3	-4.474012999999104
6	3	-4.246106749997125
6	3	-4.0073567499930505
6	3	-3.900825499993516
6	3	-3.846637999988161
6	3	-3.705638999992516
6	3	-3.6662014999892563
6	3	-3.6417639999999665
6	3	-3.604607749992283
6	3	-3.586513999995077
6	3	-3.5662327499885578
6	3	-3.5453577500011306
6	3	-3.471670250000898
6	3	-3.4316702499927487
6	3	-3.4025764999969397
6	3	-3.3831389999977546
6	3	-3.285545249993447
6	3	-3.251888999991934
6	3	-2.94926399999531
6	3	-2.9064827499969397
6	3	-2.8781702499982202
6	3	-2.8057327499991516
6	3	-2.775326499991934
6	3	-2.453389000002062
6	3	-2.3781702499982202
6	3	-2.249014000000898
6	3	-2.162263999998686
6	3	-2.1161389999906532
6	3	-2.0329827499954263
6	3	-2.024951499988674
6	3	-1.6879514999891398
6	3	-1.6383889999997336
6	3	-1.571201500002644
6	3	-1.533670249991701
6	3	-1.5051702499913517
6	3	-1.3505765000008978
6	3	-1.2222962499945424
6	3	-1.1911712500004796
6	3	-1.1687337500043213
6	3	-1.1397337499947753
6	3	-1.025608750001993
6	3	-0.8933587499923306
6	3	-0.48520250000001397
6	3	-0.395046249992447
6	3	-0.12317125000117812
6	3	-0.1107649999903515
6	3	-0.08907750000071246
6	3	0.33367249999719206
6	3	0.4417037500097649
6	3	0.45479750000231434
6	3	0.47873499999695923
6	3	0.6042037500010338
6	3	0.6393287499959115
6	3	0.7064537499973085
6	3	0.9681724999973085
6	3	1.2931090000056429
6	3	1.9426715000008699
6	3	1.9614839999994729
6	4	-5.904356499988353
6	4	-5.763887749999412
6	4	-5.682575250000809
6	4	-5.644168999991962
6	4	-5.5191377499868395
6	4	-5.4668252499977825
6	4	-5.457325249997666
6	4	-5.410918999987189
6	4	-5.371512749989051
6	4	-5.330387750000227
6	4	-5.270325249992311
6	4	-5.258668999988004
6	4	-5.238950250000926
6	4	-5.099762749989168
6	4	-4.907356499999878
6	4	-4.713294000001042
6	4	-4.693981499993242
6	4	-4.670731499994872
6	4	-4.488231499999529
6	4	-4.477543999993941
6	4	-4.448668999990332
6	4	-4.269700249991729
6	4	-4.175856499990914
6	4	-4.0942939999949886
6	4	-4.083606499989401
6	4	-4.0116377499944065
6	4	-3.982481499988353
6	4	-3.9524502499989467
6	4	-3.9006377499899827
6	4	-3.8837627499888185
6	4	-3.7952949999889825
6	4	-3.777263750002021
6	4	-3.712294999990263
6	4	-3.696138749990496
6	4	-3.6549824999965494
6	4	-3.5328887499927077
6	4	-3.5213574999943376
6	4	-3.4534199999907287
6	4	-3.403294999996433
6	4	-3.3898574999911943
6	4	-3.303982500001439
6	4	-3.24816999999166
6	4	-3.157420000003185
6	4	-3.015857499995036
6	4	-2.6445762499934062
6	4	-2.6207324999995762
6	4	-2.2572637499979464
6	4	-2.096544999993057
6	4	-2.062638749994221
6	4	-2.0368887499935227
6	4	-2.0187949999963166
6	4	-1.966201249990263
6	4	-1.9421074999991106
6	4	-1.6917012499907287
6	4	-1.6757637499977136
6	4	-1.6542950000002747
6	4	-1.4785137500002747
6	4	-1.4561074999946868
6	4	-1.3830137499899138
6	4	-1.3241397499950835
6	4	-0.77463975000137
6	4	-0.6872960000036983
6	4	-0.6664834999974119
6	4	-0.6568897499964805
6	4	-0.531733499999973
6	4	-0.483827249991009
6	4	-0.42738974999519996
6	4	-0.36429599999974016
6	4	-0.3088584999932209
6	4	-0.1036397499992745
6	4	0.2793602500023553
6	4	0.3447977500036359
6	4	0.4326102500053821
6	4	0.5137665000074776
6	4	0.6330164999963017
6	4	0.7178914999967674
6	4	0.7328290000004927
6	4	0.7835164999996778
6	4	0.8694539999996778
6	4	0.8907040000049165
6	4	0.9299540000065463
6	4	0.9826414999988629
6	4	1.0053290000068955
6	4	1.0252352499956032
6	4	1.0529539999988629
6	4	1.0554852500063134
6	4	1.2402967499947408
6	4	1.3141092500009108
6	4	1.4245780000055674
6	4	1.493296750006266
6	4	1.5487655000033556
6	4	1.7283592500025406
6	4	1.866546749995905
6	5	-5.9820754999964265
6	5	-5.942637999993167
6	5	-5.933419249995495
6	5	-5.893731749994913
6	5	-5.8754817500011995
6	5	-5.8644817500025965
6	5	-5.690669249990606
6	5	-5.5889817499992205
6	5	-5.532825499991304
6	5	-4.97629424999468
6	5	-4.876638000001549
6	5	-4.859513000003062
6	5	-4.822138000003179
6	5	-4.776138000001083
6	5	-4.756575499995961
6	5	-4.659825499998988
6	5	-4.6180754999950295
6	5	-4.57023174999631
6	5	-4.488512999989325
6	5	-3.932575500002713
6	5	-3.8714504999952624
6	5	-3.7849514999979874
6	5	-2.4185765000001993
6	5	-2.29282649999368
6	5	-2.174388999992516
6	5	-2.1164827500033425
6	5	-1.9777952500007814
6	5	-1.9502327499940293
6	5	-1.8722640000050887
6	5	-1.8561702500010142
6	5	-1.555888999995659
6	5	-1.494920249999268
6	5	-1.1868587500066496
6	5	-1.0747025000018766
6	5	-1.0035462499945424
6	5	-0.8703275000007125
6	5	-0.7527649999974528
6	5	-0.7388587500026915
6	5	-0.6619524999987334
6	5	-0.6506712499976857
6	5	-0.5872337500040885
6	5	-0.4643587500031572
6	5	-0.42360875000304077
6	5	-0.2725462499947753
6	5	-0.23095250000187661
6	5	-0.17595249999430962
6	5	-0.0018275000038556755
6	5	0.2615475000056904
6	5	0.3340475000004517
6	5	0.3408287500060396
6	5	0.362859999993816
6	5	0.3729849999945145
6	5	0.40007874999719206
6	5	0.43432874999416526
6	5	0.5616412499948638
6	5	0.6149224999971921
6	5	1.003797500001383
6	5	1.113640249997843
6	5	1.507234000004246
6	5	1.5648902499960968
6	5	1.5997964999987744
6	5	1.8471715000050608
6	5	1.8606089999957476
6	6	-5.919075749989133
6	6	-5.892544499991345
6	6	-5.788513249994139
6	6	-5.754231999992044
6	6	-5.508450749985059
6	6	-5.455044499991345
6	6	-5.409106999984942
6	6	-5.311231999992742
6	6	-5.260763249985757
6	6	-5.239106999986689
6	6	-5.212919499987038
6	6	-5.086169499991229
6	6	-5.043356999987736
6	6	-5.02935699999216
6	6	-4.941013249990647
6	6	-4.8747944999922765
6	6	-4.780231999990065
6	6	-4.628888249993906
6	6	-4.491950749987154
6	6	-4.477169499994488
6	6	-4.423263249991578
6	6	-4.401294499984942
6	6	-4.070919499994488
6	6	-4.066669499996351
6	6	-3.9478569999919273
6	6	-3.8849507499835454
6	6	-3.846481999993557
6	6	-3.7575767499947688
6	6	-3.7508579999848735
6	6	-3.632701749986154
6	6	-3.5820767499972135
6	6	-3.5524517499870853
6	6	-3.519014249992324
6	6	-3.491170499997679
6	6	-3.459795499991742
6	6	-3.4068892499926733
6	6	-3.2027642499888316
6	6	-3.077920499985339
6	6	-2.9781079999957
6	6	-2.89317049998499
6	6	-2.8288892499986105
6	6	-2.7662954999977956
6	6	-2.4679829999950016
6	6	-2.3254829999932554
6	6	-1.8491392499854555
6	6	-1.8060454999940703
6	6	-1.688732999988133
6	6	-1.6421079999854555
6	6	-1.6019517499953508
6	6	-1.5242017499986105
6	6	-1.4789829999936046
6	6	-1.4608579999912763
6	6	-1.4414829999877838
6	6	-1.4264204999926733
6	6	-1.3958267499983776
6	6	-1.3876704999856884
6	6	-1.3701392499933718
6	6	-1.3301079999946523
6	6	-1.3211079999891808
6	6	-1.310951749997912
6	6	-1.283607999997912
6	6	-1.1767339999933029
6	6	-1.1649527499976102
6	6	-1.1298902499984251
6	6	-1.0833902499871328
6	6	-1.0071089999983087
6	6	-0.5029527500009863
6	6	-0.4932027499889955
6	6	0.15770350000821054
6	6	0.31682849999924656
6	6	0.4958597500080941
6	6	0.6052972500037868
6	6	0.6515472500032047
6	6	0.6858597500104224
6	6	0.7425472500035539
6	6	0.7988597500079777
6	6	0.969016000002739
6	6	1.2139837499998976
6	6	1.5020775000011781
6	6	1.7386712500010617
6	6	1.7717337500071153
6	6	1.8088900000002468
6	7	-5.948919000002206
6	7	-5.809606499999063
6	7	-5.696981500004767
6	7	-5.611231500006397
6	7	-5.585012750001624
6	7	-5.535044000003836
6	7	-5.507794000004651
6	7	-5.445700249998481
6	7	-5.421169000008376
6	7	-5.391106499999296
6	7	-5.3800752500101225
6	7	-5.295137749999412
6	7	-5.270543999999063
6	7	-5.236012749999645
6	7	-5.146168999999645
6	7	-5.123887749999994
6	7	-5.105825250007911
6	7	-5.081793999997899
6	7	-5.001200250000693
6	7	-4.84116900000663
6	7	-4.684794000000693
6	7	-4.590106500007096
6	7	-4.533981500004302
6	7	-3.9632950000086566
6	7	-3.4357325000019046
6	7	-2.9230762500083074
6	7	-2.8474200000055134
6	7	-2.632638750001206
6	7	-2.6109825000021374
6	7	-2.5384200000116834
6	7	-2.4948262500111014
6	7	-2.4485762500116834
6	7	-2.392420000003767
6	7	-2.335951250002836
6	7	-2.2655762500071432
6	7	-2.2222949999995762
6	7	-2.176013750009588
6	7	-2.1372950000077253
6	7	-2.030982500000391
6	7	-1.9869200000102865
6	7	-1.9737012500117999
6	7	-1.9202012500027195
6	7	-1.901451249999809
6	7	-1.8796074999991106
6	7	-1.8397012500063283
6	7	-1.7976699999999255
6	7	-1.735013750003418
6	7	-1.7128575000097044
6	7	-1.691951250002603
6	7	-1.6479210000106832
6	7	-1.5846397500135936
6	7	-1.5320772500126623
6	7	-1.4953272500133608
6	7	-1.4836397500039311
6	7	-1.3007022500096355
6	7	-1.2074522500042804
6	7	-0.8980772500071907
6	7	-0.8606085000064922
6	7	-0.8157022500090534
6	7	-0.7719210000068415
6	7	-0.7469210000126623
6	7	-0.7312960000126623
6	7	-0.7146710000088206
6	7	-0.6351397500111489
6	7	-0.5996085000078892
6	7	-0.5809522500057938
6	7	-0.2799210000084713
6	7	-0.24510850000660866
6	7	-0.17638975000591017
6	7	-0.14007725000556093
6	7	-0.11951475001114886
6	7	-0.0240147500007879
6	7	0.05317274999106303
6	7	0.09164149999560323
6	7	0.11507899999560323
6	7	0.15807899998617359
6	7	0.2537352499930421
6	7	0.2985164999990957
6	7	0.3899227499932749
6	7	0.40811024999129586
6	7	0.744578999991063
6	7	1.0093905000103405
6	7	1.081296750009642
6	7	1.1141092500038212
6	7	1.345796749999863
6	7	1.3624217500037048
6	7	1.5150780000112718
6	8	-5.46476299999631
6	8	-5.416669250000268
6	8	-5.214606749999803
6	8	-5.195106749990373
6	8	-5.0413879999978235
6	8	-4.7339192499930505
6	8	-4.692262999989907
6	8	-4.60266924998723
6	8	-4.48448174999794
6	8	-4.278981749986997
6	8	-4.236012999986997
6	8	-4.204200499996659
6	8	-3.886451500002295
6	8	-3.7803264999965904
6	8	-3.6673577499896055
6	8	-3.4010139999882085
6	8	-3.1671389999974053
6	8	-3.1401077499904204
6	8	-3.100076499991701
6	8	-2.954013999988092
6	8	-2.848138999994262
6	8	-2.774232750001829
6	8	-2.386138999994728
6	8	-2.36763899998914
6	8	-2.0076389999885578
6	8	-1.9955139999947278
6	8	-1.9441077499941457
6	8	-1.907232749988907
6	8	-1.6395139999949606
6	8	-1.6241702499974053
6	8	-1.579326499995659
6	8	-1.4837025000015274
6	8	-1.4133900000015274
6	8	-1.3223274999909336
6	8	-1.270264999999199
6	8	-1.2233587499940768
6	8	-1.2108900000021094
6	8	-1.082858750000014
6	8	-1.0667337499908172
6	8	-1.0396400000026915
6	8	-0.9407649999920977
6	8	-0.9203587499941932
6	8	-0.8407962499913992
6	8	-0.7337025000015274
6	8	-0.4659212499973364
6	8	-0.4175775000039721
6	8	-0.0906399999948917
6	8	-0.07673375000013039
6	8	0.21067250000487547
6	8	0.2871725000004517
6	8	0.29623500000161584
6	8	0.30523500000708736
6	8	0.3345475000096485
6	8	0.3528599999990547
6	8	0.3660787499975413
6	8	0.37995375000173226
6	8	0.43154750000394415
6	8	0.48311000000103377
6	8	0.5206100000068545
6	8	0.5466725000005681
6	8	0.5983600000035949
6	8	0.6226412499963772
6	8	0.7120162500068545
6	8	0.7749849999963772
6	8	0.7968912500073202
6	8	0.8934537500026636
6	8	1.085890250004013
6	8	1.115390249993652
6	8	1.3917652499949327
6	8	1.4605465000058757
6	8	1.5088277500035474
6	8	1.704702749993885
6	8	1.8560152499994729
6	8	1.947109000000637
6	9	-5.994918249984039
6	9	-5.910231749992818
6	9	-5.8472004999930505
6	9	-5.487231749997591
6	9	-5.166044249985134
6	9	-5.01223174999177
6	9	-4.542137999989791
6	9	-4.42591924998851
6	9	-4.3742317499854835
6	9	-4.252044249995379
6	9	-4.118419249993167
6	9	-3.856606749992352
6	9	-3.7866692499956116
6	9	-3.4303889999864623
6	9	-3.39848274999531
6	9	-3.295795249985531
6	9	-3.242670249994262
6	9	-3.20357649998914
6	9	-3.1727014999923995
6	9	-2.9791389999882085
6	9	-2.8922952499997336
6	9	-2.79632649999985
6	9	-2.747920249996241
6	9	-2.655295249991468
6	9	-2.6375452499923995
6	9	-2.5871702499862295
6	9	-2.578795249995892
6	9	-2.5246702499862295
6	9	-2.482076499989489
6	9	-2.412451499985764
6	9	-2.343701499994495
6	9	-2.26898274999985
6	9	-1.8947327499918174
6	9	-1.8753264999977546
6	9	-1.8523889999923995
6	9	-1.5968577499879757
6	9	-1.4332014999963576
6	9	-1.387388999995892
6	9	-1.140170249986113
6	9	-1.1304202499886742
6	9	-1.064607749998686
6	9	-0.8422962499753339
6	9	-0.7736087499797577
6	9	-0.751546249986859
6	9	-0.6703899999847636
6	9	-0.5585462499730056
6	9	-0.4983587499737041
6	9	-0.42829624998557847
6	9	-0.38045249998685904
6	9	-0.3625774999818532
6	9	-0.33738999998604413
6	9	-0.26173374998325016
6	9	-0.20004624998546205
6	9	-0.16667124998639338
6	9	-0.15820249998068903
6	9	-0.14042124997649807
6	9	-0.1196712499804562
6	9	0.2564225000242004
6	9	0.3061412500246661
6	9	0.3729225000133738
6	9	0.4912350000231527
6	9	0.49976625002454966
6	9	0.5156412500218721
6	9	0.6101100000232691
6	9	0.6420475000195438
6	9	0.664578750016517
6	9	0.6814537500176812
6	9	0.7200162500230363
6	9	0.7967037500202423
6	9	0.873360000026878
6	9	0.9602662500255974
6	9	1.0407662500219885
6	9	1.0979850000148872
6	9	1.1567037500208244
6	9	1.1765475000138395
6	9	1.1923912500205915
6	9	1.5897340000228724
6	9	1.6714840000204276
6	9	1.7104527500196127
6	9	1.7362027500203112
6	9	1.771234000014374
6	9	1.8077965000120457
6	9	1.902077750011813
6	9	1.9331090000196127
6	10	-5.864262749993941
6	10	-5.799231500001042
6	10	-5.771481500007212
6	10	-5.746293999996851
6	10	-5.261732500002836
6	10	-5.1065762500074925
6	10	-5.0614512500033015
6	10	-4.774638750008307
6	10	-4.666826250002487
6	10	-4.634545000008075
6	10	-4.432732500004931
6	10	-4.394326249996084
6	10	-4.285107500007143
6	10	-4.119982500007609
6	10	-4.038920000006328
6	10	-4.019388750006328
6	10	-3.940607500000624
6	10	-3.924263749999227
6	10	-3.7894512500060955
6	10	-3.776545000000624
6	10	-3.74776374999783
6	10	-3.6877950000052806
6	10	-3.233858500010683
6	10	-2.8341084999992745
6	10	-2.8104834999976447
6	10	-2.5824835000094026
6	10	-2.487327250011731
6	10	-2.452358499998809
6	10	-2.4159522499976447
6	10	-2.3899522499996237
6	10	-2.3552647500036983
6	10	-1.8649835000105668
6	10	-1.8296709999995073
6	10	-1.62188975000754
6	10	-1.2329834999982268
6	10	-1.1752022500004387
6	10	-1.0104835000092862
6	10	-0.8930772500025341
6	10	-0.8420460000052117
6	10	-0.8263272500043968
6	10	-0.6932345000095665
6	10	-0.5532970000058413
6	10	-0.4792345000023488
6	10	-0.43279700000130106
6	10	0.03557799999543931
6	10	0.07135924999602139
6	10	0.32879674999276176
6	10	0.3457967499998631
6	10	0.3731404999998631
6	10	0.4009529999893857
6	10	0.43607799999881536
6	10	0.47232799998892006
6	10	0.5099529999861261
6	10	0.5732029999926453
6	10	0.6200154999969527
6	10	0.6648904999892693
6	10	0.7621404999954393
6	10	0.7720467499893857
6	10	0.8318904999905499
6	10	0.8638904999970691
6	10	0.8992342499986989
6	10	1.000702999997884
6	10	1.0839217499888036
6	10	1.1817029999947408
6	10	1.2091404999955557
6	10	1.2277029999968363
6	10	1.2569842499942752
6	10	1.267140500000096
6	10	1.7473894999857293
6	10	1.8553269999974873
6	11	-5.945731000014348
6	11	-5.919044500013115
6	11	-5.834482000020216
6	11	-5.515888250010903
6	11	-5.5011382500088075
6	11	-5.425919500019518
6	11	-5.350107000020216
6	11	-5.300732000017888
6	11	-5.281325750009273
6	11	-5.268325750017539
6	11	-5.2298570000129985
6	11	-5.205607000010787
6	11	-5.147544500010554
6	11	-5.088857000009739
6	11	-5.077169500014861
6	11	-4.9240445000177715
6	11	-4.910700750013348
6	11	-4.841450750012882
6	11	-4.538388250017306
6	11	-4.173200750010437
6	11	-3.788607000009506
6	11	-3.775857000015094
6	11	-3.761888250010088
6	11	-3.716763250020449
6	11	-3.397295500020846
6	11	-3.2788267500145594
6	11	-3.2273267500131624
6	11	-3.053139250012464
6	11	-2.997545500023989
6	11	-2.950170500014792
6	11	-2.909639250021428
6	11	-2.7913580000167713
6	11	-2.7734830000117654
6	11	-2.728733000010834
6	11	-2.6683580000099028
6	11	-2.624608000012813
6	11	-2.615233000018634
6	11	-2.498545500013279
6	11	-2.4867017500218935
6	11	-2.3991392500174697
6	11	-2.3472330000222428
6	11	-1.6149517500161892
6	11	-1.5819205000152579
6	11	-1.5350767500203801
6	11	-1.478920500012464
6	11	-1.1807642500207294
6	11	-1.049358000018401
6	11	-0.6705152500071563
6	11	-0.5552965000097174
6	11	-0.5450465000030817
6	11	-0.5290777500049444
6	11	-0.4922965000005206
6	11	-0.40032775000145193
6	11	-0.36817149999842513
6	11	-0.32689024999854155
6	11	-0.01917150001099799
6	11	0.18960974999936298
6	11	0.24101599999994505
6	11	0.27698475000215694
6	11	0.3074847499956377
6	11	0.356140999996569
6	11	0.3825159999978496
6	11	0.4038284999987809
6	11	0.42189099999086466
6	11	0.44101599999703467
6	11	0.49770349999016616
6	11	0.5459222499921452
6	11	0.60439100000076
6	11	0.6869847499910975
6	11	0.7551097499963362
6	11	0.7770472499978496
6	11	0.8115160000015749
6	11	0.8994847499998286
6	11	1.0992972499952884
6	11	1.4999847500002943
6	11	1.55448374999105
6	11	1.6076712499925634
6	11	1.725639999989653
6	11	1.822796249995008
6	12	-5.983044000007794
6	12	-5.960887749999529
6	12	-5.5051689999963855
6	12	-5.326857500011101
6	12	-5.266076250001788
6	12	-5.256263750008657
6	12	-5.225326250001672
6	12	-5.117357499999343
6	12	-5.063232500004233
6	12	-4.865888750005979
6	12	-4.776826250003069
6	12	-4.748607500005164
6	12	-4.685482500004582
6	12	-4.663826250005513
6	12	-4.648357500002021
6	12	-4.443513750011334
6	12	-4.375232500009588
6	12	-4.324482500000158
6	12	-4.293576249998296
6	12	-4.242357499999343
6	12	-4.0646387500019046
6	12	-4.0294825000019046
6	12	-3.901732500002254
6	12	-3.824138750002021
6	12	-3.7309512500069104
6	12	-3.719701250010985
6	12	-3.7004512499988778
6	12	-3.681451249998645
6	12	-3.6557949999987613
6	12	-3.6416075000015553
6	12	-3.6241700000100536
6	12	-3.592138749998412
6	12	-3.5574512500024866
6	12	-3.5129512499988778
6	12	-3.5007012499991106
6	12	-3.4761074999987613
6	12	-3.4364199999981793
6	12	-3.383576250009355
6	12	-3.36885749999783
6	12	-3.329888749998645
6	12	-3.3213262500066776
6	12	-3.25535750000563
6	12	-3.192138750004233
6	12	-3.150732499998412
6	12	-3.1396700000041164
6	12	-3.123388749998412
6	12	-3.104263750006794
6	12	-3.0866075000085402
6	12	-3.0574512500024866
6	12	-3.0393262500001583
6	12	-3.0152637499995762
6	12	-2.995920000001206
6	12	-2.8336710000003222
6	12	-2.252358500001719
6	12	-2.225702250012546
6	12	-2.0516397500032326
6	12	-1.827077250010916
6	12	-1.7953585000068415
6	12	-1.6107022500073072
6	12	-1.3667335000063758
6	12	-1.310014750008122
6	12	-1.0402335000107996
6	12	-1.0158585000026505
6	12	-0.9923897500120802
6	12	-0.9846397500077728
6	12	-0.3395782500010682
6	12	-0.2764220000099158
6	12	-0.118859500013059
6	12	-0.011890750014572404
6	12	0.008265499986009672
6	12	0.033484249986940995
6	12	0.11507799998798873
6	12	0.6958904999919469
6	12	0.7273279999935767
6	12	0.8270779999875231
6	12	0.958546749985544
6	12	1.0833279999933438
6	12	1.1605779999954393
6	12	1.6719217499921797
6	12	1.6935779999912484
6	13	-5.6822632500116015
6	13	-5.664794500000426
6	13	-5.521200750008575
6	13	-5.4337945000006584
6	13	-5.3151694999978645
6	13	-5.288513250008691
6	13	-5.147450750009739
6	13	-4.816076750008506
6	13	-4.738858000011533
6	13	-4.516639250010485
6	13	-4.3011392500047805
6	13	-3.8177017500129296
6	13	-3.6206392500025686
6	13	-3.5126080000045476
6	13	-3.247451750008622
6	13	-3.164389249999658
6	13	-2.984358000001521
6	13	-2.8786392500041984
6	13	-2.855983000001288
6	13	-2.5679205000051297
6	13	-2.244577749996097
6	13	-1.959858999995049
6	13	-1.7998277500009863
6	13	-1.4499214999959804
6	13	-1.4077964999887627
6	13	-1.3060464999871328
6	13	-0.8238902499870164
6	13	-0.7981089999957476
6	13	-0.7264214999886462
6	13	-0.6751089999888791
6	13	-0.6348277499928372
6	13	-0.6116089999995893
6	13	-0.5940464999875985
6	13	-0.5286090000008699
6	13	-0.5057339999912074
6	13	-0.4834839999966789
6	13	-0.44298399999388494
6	13	-0.40582775000075344
6	13	-0.3929214999952819
6	13	-0.3333277499914402
6	13	-0.28360899999097455
6	13	-0.17782774999795947
6	13	-0.15492149999772664
6	13	-0.11592149999341927
6	13	-0.08282774999679532
6	13	-0.04179649999423418
6	13	0.014297250003437512
6	13	0.05939100000250619
6	13	0.11120250000385568
6	13	0.26276500000676606
6	13	0.3043587499996647
6	13	0.3446400000102585
6	13	0.48270249999768566
6	13	0.5106400000076974
6	13	0.5411400000011781
6	13	0.5502025000023423
6	13	0.6525775000045542
6	13	0.6650150000059512
6	13	0.699640000006184
6	13	0.744046250008978
6	13	0.7824525000032736
6	13	0.8897337500093272
6	13	0.9427649999997811
6	13	0.961046249998617
6	13	1.2512025000032736
6	13	1.26501499999722
6	13	1.3526399999973364
6	13	1.4457025000010617
6	13	1.508233750006184
6	13	1.5384212500066496
6	13	1.549671250002575
6	13	1.5646087500063004
6	13	1.606202499999199
6	13	1.6738900000054855
6	13	1.6967962500057183
6	13	1.7299837500031572
6	13	1.7756712499976857
6	13	1.840358750006999
6	13	1.9813900000008289
6	14	-5.738950499988277
6	14	-5.657887999986997
6	14	-5.632887999992818
6	14	-5.219919249997474
6	14	-4.9382004999934
6	14	-4.797950499996659
6	14	-4.782325499996659
6	14	-4.694794249997358
6	14	-4.5445139999937965
6	14	-4.38207649999822
6	14	-4.227357749987277
6	14	-4.143076499996823
6	14	-4.126513999988674
6	14	-4.106857749997289
6	14	-3.9224202499899548
6	14	-3.8867014999996172
6	14	-3.8487952499999665
6	14	-3.835076499992283
6	14	-3.738013999987743
6	14	-3.662576499991701
6	14	-3.616295249987161
6	14	-3.372607749988674
6	14	-3.322513999999501
6	14	-3.305482749987277
6	14	-3.0309514999971725
6	14	-2.989045249996707
6	14	-2.952670249986113
6	14	-2.861482749998686
6	14	-2.8328577499923995
6	14	-2.5534514999890234
6	14	-2.529670249990886
6	14	-2.2239202499913517
6	14	-2.135983749991283
6	14	-2.119983749988023
6	14	-2.0524837499979185
6	14	-1.8086712499934947
6	14	-1.507296249998035
6	14	-1.0145462499931455
6	14	-0.8014524999889545
6	14	-0.6979212500009453
6	14	-0.6054524999926798
6	14	0.019328750000568107
6	14	0.5587027500005206
6	14	0.587327750006807
6	14	0.5954527499998221
6	14	0.7796090000047116
6	14	0.8038902499974938
6	14	0.8238589999964461
6	14	0.843796500004828
6	14	0.8558277499978431
6	14	0.8691090000065742
6	14	0.8835465000011027
6	14	0.915452750006807
6	14	0.9296089999988908
6	14	0.9600464999966789
6	14	0.9779215000016848
6	14	0.996140250004828
6	14	1.276983999996446
6	14	1.2888277500023833
6	14	1.3495777500065742
6	14	1.6222027500043623
6	14	1.6454527500027325
6	14	1.7547027499967953
6	14	1.8441402500029653
6	14	1.9030464999959804
6	14	1.9478902499977266
6	14	1.9742027500033146
6	15	-5.544106250003097
6	15	-5.455856250002398
6	15	-5.435481250009616
6	15	-5.292512500003795
6	15	-5.28126250000787
6	15	-5.249418749997858
6	15	-5.213793750008335
6	15	-5.186793750006473
6	15	-5.15648125000007
6	15	-5.117981250004959
6	15	-5.096887499996228
6	15	-5.076043749999371
6	15	-4.911762500007171
6	15	-4.812106249999488
6	15	-4.791293750007753
6	15	-4.76548124999681
6	15	-4.712356250005541
6	15	-4.6720750000094995
6	15	-4.655262500004028
6	15	-4.605762500010314
6	15	-4.584450000009383
6	15	-4.544949999995879
6	15	-4.496357249983703
6	15	-4.440982249987428
6	15	-4.399450999990222
6	15	-4.341294749989174
6	15	-4.317857249989174
6	15	-4.187763499983703
6	15	-4.164575999995577
6	15	-4.114232249994529
6	15	-4.087700999996741
6	15	-4.063138499986962
6	15	-4.002982249992783
6	15	-3.9201384999905713
6	15	-3.7907322499959264
6	15	-3.7504509999853326
6	15	-3.575825999985682
6	15	-3.445575999983703
6	15	-3.3984509999863803
6	15	-3.2998884999833535
6	15	-2.7023259999841684
6	15	-2.6160134999954607
6	15	-2.420825999986846
6	15	-2.2591697499883594
6	15	-2.125482249990455
6	15	-1.8179207499924814
6	15	-1.7979519999935292
6	15	-1.5816082499950426
6	15	-1.5458894999901531
6	15	-1.4585144999873592
6	15	-1.4442019999987679
6	15	-1.4056082499882905
6	15	-1.3895769999944605
6	15	-1.3429207499866607
6	15	-1.3304832499852637
6	15	-1.3179207499924814
6	15	-1.2377332499891054
6	15	-1.2283894999854965
6	15	-1.1851394999976037
6	15	-1.106420749987592
6	15	-1.0819832499983022
6	15	-0.9949519999936456
6	15	-0.7772644999931799
6	15	-0.6862332499877084
6	15	-0.573639499998535
6	15	-0.5379832499893382
6	15	-0.44248324999352917
6	15	-0.07373324999934994
6	15	-0.02670199998829048
6	15	0.04957925000053365
6	15	0.07045425000251271
6	15	0.35089175001485273
6	15	0.37329800000588875
6	15	0.3904542500094976
6	15	0.41936050000367686
6	15	0.6192970000120113
6	15	0.7546094999997877
6	15	0.7679219999990892
6	15	0.806453249999322
6	15	0.8385470000066562
6	15	1.270797000004677
6	15	1.5272970000078203
6	15	1.619047000000137
6	15	1.634265750006307
6	15	1.758859500012477
6	15	1.8455470000044443
6	16	-5.984294499998214
6	16	-5.9617632500012405
6	16	-5.926513250000426
6	16	-5.895606999998563
6	16	-5.880544500003452
6	16	-5.8147632500040345
6	16	-5.505638250004267
6	16	-5.492544499997166
6	16	-5.4504195000045
6	16	-5.415982000005897
6	16	-5.388044499995885
6	16	-5.361825750005664
6	16	-5.34535699999833
6	16	-5.27054450000287
6	16	-5.26351324999996
6	16	-5.147950750004384
6	16	-5.130825750005897
6	16	-5.0782319999998435
6	16	-4.836639250002918
6	16	-4.793170500008273
6	16	-4.632326749997446
6	16	-4.311170500004664
6	16	-4.217451749995234
6	16	-4.184701749996748
6	16	-4.153982999996515
6	16	-4.018514249997679
6	16	-3.9816704999975627
6	16	-3.947576749997097
6	16	-3.8454517500067595
6	16	-3.7741079999977956
6	16	-3.742170500001521
6	16	-3.7125455000059446
6	16	-3.6510454999952344
6	16	-3.6199829999968642
6	16	-3.5986392500053626
6	16	-3.5498892500036163
6	16	-3.5036392500041984
6	16	-3.389889250000124
6	16	-3.3707330000033835
6	16	-3.3614517499954673
6	16	-3.3453580000059446
6	16	-3.313420499995118
6	16	-3.2507955000037327
6	16	-3.137639249995118
6	16	-3.097858000008273
6	16	-3.0850455000036163
6	16	-3.0401392500061775
6	16	-2.9714517499960493
6	16	-2.917670499999076
6	16	-2.8023892500059446
6	16	-2.7697642499988433
6	16	-2.7230142500047805
6	16	-2.6992642499972135
6	16	-2.6797329999972135
6	16	-2.648639250008273
6	16	-2.6355142499960493
6	16	-2.6088892499974463
6	16	-2.57204549999733
6	16	-2.5545142500050133
6	16	-2.520170500007225
6	16	-2.427733000004082
6	16	-2.3064215000049444
6	16	-1.7861715000035474
6	16	-1.0698277500050608
6	16	-1.0382027500018012
6	16	-1.0169840000016848
6	16	-0.7828277500084369
6	16	-0.719202749998658
6	16	-0.6923902499984251
6	16	-0.6557965000101831
6	16	-0.5137027500022668
6	16	-0.5115777500031982
6	16	-0.3499840000004042
6	16	-0.31679650000296533
6	16	-0.29614025000773836
6	16	-0.02067150000948459
6	16	0.02814100000250619
6	16	0.07463999999163207
6	16	0.20132749999174848
6	16	0.3440149999951245
6	16	0.37904624998918734
6	16	0.4001399999979185
6	16	0.4754524999880232
6	16	0.49645249999593943
6	16	0.5199837499967543
6	16	0.6770774999895366
6	16	0.7682962499966379
6	16	0.8233899999904679
6	16	0.8642962500016438
6	16	0.8837337500008289
6	16	0.9327337499998976
6	16	0.98417124999105
6	16	1.0980462500010617
6	16	1.1487649999908172
6	16	1.211139999999432
6	16	1.2219837500015274
6	16	1.7470462499913992
6	16	1.9252337499929126
6	17	-5.915574750004453
6	17	-5.84679349999351
6	17	-5.515043499995954
6	17	-5.2747632499813335
6	17	-5.121263249980984
6	17	-5.0965132499841275
6	17	-4.911825749979471
6	17	-4.820138249982847
6	17	-4.29148199998599
6	17	-4.136075749993324
6	17	-4.061700749982265
6	17	-3.8359507499844767
6	17	-3.702950749982847
6	17	-3.538575749989832
6	17	-3.4805444999801693
6	17	-3.3419819999835454
6	17	-3.3028257499827305
6	17	-3.253950749989599
6	17	-3.232575749992975
6	17	-3.1722007499920437
6	17	-2.9820757499837782
6	17	-2.956575749980402
6	17	-2.923763249986223
6	17	-2.8432319999847095
6	17	-2.832014249986969
6	17	-2.8197329999820795
6	17	-2.790982999984408
6	17	-2.5896704999904614
6	17	-2.4990142499882495
6	17	-2.4045142499817302
6	17	-2.3035142499866197
6	17	-2.182264249990112
6	17	-2.036670499990578
6	17	-1.9882017499912763
6	17	-1.2562017499876674
6	17	-1.2068267499853391
6	17	-1.1644829999859212
6	17	-0.5494829999952344
6	17	-0.2894839999935357
6	17	0.14510975001030602
6	17	0.15682850001030602
6	17	0.17560975000378676
6	17	0.18623475001368206
6	17	0.19073475000914186
6	17	0.19604725000681356
6	17	0.20298475000890903
6	17	0.22582850001344923
6	17	0.3628597500064643
6	17	0.39898475000518374
6	17	0.47342225001193583
6	17	0.6672347500134492
6	17	0.7182347500056494
6	17	0.7588910000049509
6	17	0.797453500010306
6	17	0.816266000008909
6	17	0.8779222500161268
6	17	1.021453500012285
6	17	1.066359750009724
6	17	1.083734750005533
6	17	1.0992347500141477
6	17	1.1720785000070464
6	17	1.1980785000050673
6	17	1.2295472500118194
6	17	1.2497347500029719
6	17	1.2996722500101896
6	17	1.3137660000065807
6	17	1.4367660000134492
6	17	1.6429847500112373
6	17	1.695266000009724
6	17	1.8383910000120522
6	17	1.8558597500086762
6	18	-5.932043499997235
6	18	-5.800168500005384
6	18	-5.145231999995303
6	18	-5.029481999998097
6	18	-4.918544500003918
6	18	-4.905169499994372
6	18	-4.884700750000775
6	18	-4.862263250004617
6	18	-4.816388250008458
6	18	-4.798232000001008
6	18	-4.781138250007643
6	18	-4.76310700000613
6	18	-4.724888249998912
6	18	-4.611606999998912
6	18	-4.5349507500068285
6	18	-4.510357000006479
6	18	-4.357919500005664
6	18	-4.296044500006246
6	18	-4.219044500001473
6	18	-3.901981999995769
6	18	-3.81820074999996
6	18	-3.748419499999727
6	18	-3.730638249995536
6	18	-3.594919499999378
6	18	-3.558856999996351
6	18	-3.4849819999944884
6	18	-3.3796382500004256
6	18	-3.3015132500004256
6	18	-3.271231999999145
6	18	-3.191138249996584
6	18	-3.1647007499996107
6	18	-2.6923892500053626
6	18	-2.6732642499991925
6	18	-2.5739830000093207
6	18	-2.475951750006061
6	18	-2.346420500005479
6	18	-2.1783892500097863
6	18	-2.1019205000047805
6	18	-2.078108000001521
6	18	-2.0176392499997746
6	18	-1.99332675000187
6	18	-1.9646705000050133
6	18	-1.889295500004664
6	18	-1.6160767499968642
6	18	-1.2827642500051297
6	18	-1.2621080000099028
6	18	-0.6608267499977956
6	18	-0.467201749997912
6	18	-0.35285799999837764
6	18	-0.32782674999907613
6	18	-0.1856090000073891
6	18	-0.07701525000447873
6	18	0.11629724998783786
6	18	0.12495349999517202
6	18	0.16151599999284372
6	18	0.18960974999936298
6	18	0.23220349999610335
6	18	0.40957849999540485
6	18	0.6759847499924945
6	18	0.8328597499930765
6	18	1.04229724999459
6	18	1.0512034999992466
6	18	1.0835472499893513
6	18	1.1542034999874886
6	18	1.1743284999975003
6	18	1.2765159999980824
6	18	1.3219222499901662
6	18	1.4532659999968018
6	18	1.5019222499977332
6	18	1.9322347499983152
6	18	1.9449847499927273
6	19	-5.942419249986415
6	19	-5.8550129999930505
6	19	-5.528137999994215
6	19	-5.441950499996892
6	19	-5.421075499994913
6	19	-5.392512999984319
6	19	-5.379325499990955
6	19	-5.369856749995961
6	19	-5.34779424998851
6	19	-5.319356749983854
6	19	-5.285950499994215
6	19	-5.224294249986997
6	19	-5.054731749987695
6	19	-4.686513999986346
6	19	-4.655545249988791
6	19	-4.630545249994611
6	19	-4.605232749992865
6	19	-4.59360774999368
6	19	-4.503138999993098
6	19	-4.39751399999659
6	19	-4.3516702499910025
6	19	-4.3334827499929816
6	19	-4.224326499999734
6	19	-4.162170249997871
6	19	-4.093951499991817
6	19	-4.084357749990886
6	19	-4.069888999991235
6	19	-4.047482749985647
6	19	-3.9966389999899548
6	19	-3.954607749998104
6	19	-3.90220149999368
6	19	-3.8649514999997336
6	19	-3.855826499988325
6	19	-3.8414202499989187
6	19	-3.7775764999969397
6	19	-3.69967024998914
6	19	-3.690732749993913
6	19	-3.6818264999892563
6	19	-3.6682639999926323
6	19	-3.52738899999531
6	19	-3.4727639999910025
6	19	-3.4267014999932144
6	19	-3.3412952499929816
6	19	-2.8707952499971725
6	19	-2.708138999994844
6	19	-2.693420249997871
6	19	-2.662263999998686
6	19	-2.5770764999906532
6	19	-2.156546250000247
6	19	-2.048108749993844
6	19	-1.7926087499945424
6	19	-1.502264999988256
6	19	-1.5001712499943096
6	19	-1.4214524999988498
6	19	-1.3955774999922141
6	19	-1.0744524999900023
6	19	-1.0377024999907007
6	19	-1.0092962499911664
6	19	-0.9978899999987334
6	19	-0.9643274999980349
6	19	-0.9271399999997811
6	19	-0.9032650000008289
6	19	-0.8746087499894202
6	19	-0.8233587499998976
6	19	-0.4395775000011781
6	19	-0.43554624999524094
6	19	-0.4272649999911664
6	19	-0.41570249998767395
6	19	-0.3820774999912828
6	19	0.6556715000042459
6	19	0.8088589999970281
6	19	0.8371715000102995
6	19	1.5161714999994729
6	19	1.5855152500007534
6	19	1.866202750010416
6	20	-5.531606499993359
6	20	-5.503231499998947
6	20	-5.491356499987887
6	20	-5.435950250001042
6	20	-5.375887749993126
6	20	-5.349356499995338
6	20	-5.324825249990681
6	20	-5.0144189999991795
6	20	-4.9608564999944065
6	20	-4.917075249992195
6	20	-4.886293999996269
6	20	-4.832825249992311
6	20	-4.766043999989051
6	20	-4.374482500003069
6	20	-4.167357500002254
6	20	-4.144982500001788
6	20	-4.101607499993406
6	20	-4.078544999996666
6	20	-4.026857499993639
6	20	-3.9990449999895645
6	20	-3.8444512499991106
6	20	-3.5653262499981793
6	20	-3.1592012499895645
6	20	-3.052763749990845
6	20	-3.0427324999909615
6	20	-2.8775449999957345
6	20	-2.813357499995618
6	20	-2.17698350000137
6	20	-1.8896397499920567
6	20	-1.7132960000017192
6	20	-1.3549835000012536
6	20	-1.3220460000011371
6	20	-1.3008897499967134
6	20	-1.230545999991591
6	20	-1.2204209999908926
6	20	-1.193952250003349
6	20	-1.183045999991009
6	20	-0.8599209999956656
6	20	-0.8280459999950835
6	20	-0.7852334999915911
6	20	-0.5324209999962477
6	20	-0.4091397500014864
6	20	-0.2022960000031162
6	20	0.01970400000573136
6	20	0.0687352499953704
6	20	0.2715790000074776
6	20	0.34585925001010764
6	20	0.36357800001860596
6	20	0.38051550001546275
6	20	0.4099842500145314
6	20	0.4288592500088271
6	20	0.47085925001010764
6	20	0.5037030000094092
6	20	0.5567967500101076
6	20	0.5807967500149971
6	20	0.6510155000141822
6	20	0.7828280000103405
6	20	0.8161717500188388
6	20	0.8297342500154627
6	20	0.8559217500151135
6	20	1.1660155000136
6	20	1.2948905000084778
6	20	1.4198592500179075
6	20	1.465859250020003
6	20	1.6644530000194209
6	20	1.8376092500111554
6	20	1.9325155000115046
6	20	1.9433905000187224
6	20	1.9799842500215163
6	21	-5.962075749994256
6	21	-5.95220074999088
6	21	-5.920200749998912
6	21	-5.88479450000159
6	21	-5.8616382500040345
6	21	-5.849794499998097
6	21	-5.82582574999833
6	21	-5.600513249999494
6	21	-5.5800757499964675
6	21	-5.563544499993441
6	21	-5.533106999995653
6	21	-5.491169500004617
6	21	-5.47895074999542
6	21	-5.468575749997399
6	21	-5.463732000003802
6	21	-5.393138250001357
6	21	-5.364606999995885
6	21	-5.301106999992044
6	21	-5.259700750000775
6	21	-5.197669500004849
6	21	-5.035513249997166
6	21	-5.008950749994256
6	21	-4.9773882500012405
6	21	-4.893888249993324
6	21	-4.873388249994605
6	21	-4.837013249998563
6	21	-4.816763249997166
6	21	-4.794607000003452
6	21	-4.765388250001706
6	21	-4.718388249995769
6	21	-4.706294499992509
6	21	-4.647294499998679
6	21	-4.63070074999996
6	21	-4.614544500000193
6	21	-4.606794499995885
6	21	-4.590731999996933
6	21	-4.5332007499964675
6	21	-4.502794500003802
6	21	-4.436388250003802
6	21	-4.368451749993255
6	21	-4.3040142499958165
6	21	-4.28298299999733
6	21	-4.214076749995002
6	21	-4.090108000003966
6	21	-4.071514249997563
6	21	-4.013389250001637
6	21	-4.000482999996166
6	21	-3.960233000005246
6	21	-3.879826749995118
6	21	-3.842826749998494
6	21	-3.8155454999941867
6	21	-3.7165142500016373
6	21	-3.6468579999927897
6	21	-3.602264250002918
6	21	-3.5805454999936046
6	21	-3.5172330000059446
6	21	-3.4584204999991925
6	21	-3.3224205000005895
6	21	-3.252670500005479
6	21	-3.168576750002103
6	21	-3.139389250005479
6	21	-3.1263267500035
6	21	-3.0833580000035
6	21	-3.0658580000017537
6	21	-3.014889250000124
6	21	-2.9889517499977956
6	21	-2.964514249993954
6	21	-2.915170499996748
6	21	-2.8992017499986105
6	21	-2.890545500005828
6	21	-2.872858000002452
6	21	-2.8554204999963986
6	21	-2.8318892499955837
6	21	-2.7796392500022193
6	21	-2.7623579999926733
6	21	-2.746920499994303
6	21	-2.730795499999658
6	21	-2.7067642500041984
6	21	-2.6859830000030342
6	21	-2.6620454999938374
6	21	-2.5558579999924405
6	21	-2.5026392500003567
6	21	-2.371795500002918
6	21	-2.293264249994536
6	21	-2.079545500004315
6	21	-2.0479517500061775
6	21	-1.5953902500041295
6	21	-1.5184215000044787
6	21	-1.3932964999985415
6	21	-1.3279215000075055
6	21	-0.9463590000086697
6	21	-0.9085777500004042
6	21	-0.8687027499981923
6	21	-0.8418902499979595
6	21	-0.8079527500085533
6	21	-0.7864527500059921
6	21	-0.6800777500029653
6	21	-0.5508902500005206
6	21	-0.46170275000622496
6	21	-0.43017150000378024
6	21	-0.41873400000622496
6	21	-0.2902964999957476
6	21	0.0762972499942407
6	21	0.2280472499987809
6	21	0.2582034999941243
6	21	0.32314100000075996
6	21	0.33407850000367034
6	21	0.39767224999377504
6	21	0.4443597499921452
6	21	0.4916722499910975
6	21	0.5508909999916796
6	21	0.6161087499931455
6	21	0.6803899999940768
6	21	0.83923374999722
6	21	0.9955774999980349
6	21	1.0595774999965215
6	21	1.0918899999960558
6	21	1.1248274999961723
6	21	1.1352337499993155
6	21	1.2331712500017602
6	21	1.2470150000008289
6	21	1.3402962499967543
6	21	1.427014999993844
6	21	1.5183587499923306
6	21	1.650608750001993
6	21	1.8628274999937275
6	21	1.873452499989071
6	21	1.9664524999971036
6	21	1.9826712499925634
6	22	-5.737168999999994
6	22	-5.720606499991845
6	22	-5.695793999999296
6	22	-5.679356499997084
6	22	-5.668106500001159
6	22	-5.631794000000809
6	22	-5.565793999994639
6	22	-5.558668999990914
6	22	-5.5016689999902155
6	22	-5.463543999998365
6	22	-5.4417314999882365
6	22	-5.427262749988586
6	22	-5.4075127499963855
6	22	-5.3721377499896334
6	22	-5.339231499994639
6	22	-5.289106500000344
6	22	-5.275918999992427
6	22	-5.2505439999949886
6	22	-5.189606499989168
6	22	-5.168825249988004
6	22	-5.1579189999902155
6	22	-5.124575249996269
6	22	-5.11091899999883
6	22	-5.078700250000111
6	22	-5.061012749996735
6	22	-5.046575249987654
6	22	-5.02985649999755
6	22	-4.994387749989983
6	22	-4.979168999998365
6	22	-4.96266900000046
6	22	-4.945918999990681
6	22	-4.925793999995221
6	22	-4.847481499993592
6	22	-4.7140439999930095
6	22	-4.6724189999949886
6	22	-3.991388750000624
6	22	-3.656170000002021
6	22	-3.5549512500001583
6	22	-3.5270137499901466
6	22	-3.4300762499915436
6	22	-3.3792949999915436
6	22	-3.3649825000029523
6	22	-3.333201250003185
6	22	-3.271076249991893
6	22	-3.16123250000237
6	22	-3.142826249997597
6	22	-3.0434824999974808
6	22	-3.014826250000624
6	22	-2.9829199999949196
6	22	-2.9607949999917764
6	22	-2.7687012499955017
6	22	-2.102388749990496
6	22	-1.6291084999975283
6	22	-1.534827249997761
6	22	-1.5017959999968298
6	22	-1.0360772499989253
6	22	-0.9193272499978775
6	22	-0.7227647499967134
6	22	-0.6416397499997402
6	22	-0.5449835000035819
6	22	-0.5205772500048624
6	22	-0.49929599999450147
6	22	-0.46917100000428036
6	22	-0.3911709999956656
6	22	-0.35057724999205675
6	22	0.1328289999946719
6	22	0.1662040000082925
6	22	0.18095399999583606
6	22	0.24279775000468362
6	22	0.2879227500088746
6	22	0.29832899999746587
6	22	0.33523525000782683
6	22	0.3777352500037523
6	22	0.5282664999976987
6	22	0.5512040000030538
6	22	0.625609250011621
6	22	0.7796405000117375
6	22	0.8221092500170926
6	22	0.887734250020003
6	22	1.1130467500188388
6	22	1.2360780000162777
6	22	1.2866405000095256
6	22	1.4759842500207014
6	22	1.5555155000183731
6	22	1.6598905000137165
6	22	1.8903280000085942
6	23	-5.999700749991462
6	23	-5.904450749992975
6	23	-5.877263249989483
6	23	-5.814481999987038
6	23	-5.782638249991578
6	23	-5.740044499994838
6	23	-5.56938824999088
6	23	-5.302731999981916
6	23	-5.253419499989832
6	23	-5.218669499983662
6	23	-4.90457574998436
6	23	-4.861669499994605
6	23	-4.762575749991811
6	23	-4.702169499985757
6	23	-4.675794499984477
6	23	-4.535169499984477
6	23	-4.431669499987038
6	23	-4.28282674998627
6	23	-3.8696704999892972
6	23	-3.6735767499922076
6	23	-3.55682674999116
6	23	-3.522514249983942
6	23	-3.4523267499898793
6	23	-3.4256392499955837
6	23	-3.390732999992906
6	23	-3.3481079999910435
6	23	-3.1668579999968642
6	23	-3.134670499988715
6	23	-3.1139517499832436
6	23	-3.088576749985805
6	23	-3.050139249986387
6	23	-3.037389249991975
6	23	-3.0176392499852227
6	23	-2.9789829999936046
6	23	-2.957107999987784
6	23	-2.929701749992091
6	23	-2.906951749988366
6	23	-2.89235799999733
6	23	-2.864014249993488
6	23	-2.823295499983942
6	23	-2.7973267499910435
6	23	-2.7573579999880167
6	23	-2.741982999985339
6	23	-2.7221079999872018
6	23	-2.7098579999874346
6	23	-2.6200767499831272
6	23	-2.56423299999733
6	23	-2.5124829999840586
6	23	-2.4537017499969807
6	23	-1.675296499990509
6	23	-1.6345777499955148
6	23	-1.4243277499917895
6	23	-1.3993277499976102
6	23	-1.3104839999869
6	23	-1.242952749991673
6	23	-1.1137027499935357
6	23	-1.0682652499963297
6	23	-1.0252652499912074
6	23	-0.9955464999948163
6	23	-0.9351714999938849
6	23	-0.8579839999874821
6	23	-0.8337027499946998
6	23	-0.8196714999940014
6	23	-0.7905152499879478
6	23	-0.7815152499970281
6	23	-0.7681714999926044
6	23	-0.7395777499914402
6	23	-0.7312027499865508
6	23	-0.7072964999970281
6	23	-0.6923277499881806
6	23	-0.6451714999857359
6	23	-0.6247652499878313
6	23	-0.596671499995864
6	23	-0.5462652499991236
6	23	-0.5342339999915566
6	23	-0.5150152499991236
6	23	-0.43585899999015965
6	23	-0.4242027499858523
6	23	-0.34501524998631794
6	23	0.3302347500139149
6	23	0.46557850000681356
6	23	0.5193597500037868
6	23	0.5889222500118194
6	23	0.6058597500086762
6	23	0.621359750002739
6	23	0.6637972500029719
6	23	0.69820250000339
6	23	0.7449212500068825
6	23	0.7972025000053691
6	23	0.9016712500015274
6	23	0.9252962500031572
6	23	0.9702650000108406
6	23	1.064671250001993
6	23	1.1387650000106078
6	23	1.2436087500100257
6	23	1.2559525000106078
6	23	1.2970150000037393
6	23	1.3397337500064168
6	23	1.3822650000074646
6	23	1.413265000010142
6	23	1.9790775000001304
6	24	-5.915138000011211
6	24	-5.892263000016101
6	24	-5.868981750012608
6	24	-5.830106750014238
6	24	-5.819231750021572
6	24	-5.804513000010047
6	24	-5.747450500013656
6	24	-5.722919250008999
6	24	-5.539638000016566
6	24	-5.475513000012143
6	24	-5.107763000021805
6	24	-4.927700500018545
6	24	-4.896700500015868
6	24	-4.865731750018313
6	24	-4.764481750011328
6	24	-4.619450500016683
6	24	-4.564450500009116
6	24	-4.456231750009465
6	24	-4.421388000017032
6	24	-4.3545130000129575
6	24	-4.1910140000109095
6	24	-4.167857750013354
6	24	-4.130357750022085
6	24	-4.091889000017545
6	24	-4.052639000015915
6	24	-4.046607750016847
6	24	-4.02948275001836
6	24	-4.011420250011724
6	24	-3.9826702500140527
6	24	-3.966951500013238
6	24	-3.9426390000153333
6	24	-3.923264000011841
6	24	-3.8916702500137035
6	24	-3.86932650001836
6	24	-3.8489202500204556
6	24	-3.816482750014984
6	24	-3.7981077500153333
6	24	-3.720076500016148
6	24	-3.71326400001999
6	24	-3.6906077500170795
6	24	-3.672576500015566
6	24	-3.6515452500170795
6	24	-3.630951500017545
6	24	-3.613545250016614
6	24	-3.587639000019408
6	24	-3.545920250020572
6	24	-3.516232750014751
6	24	-3.454326500024763
6	24	-3.395826500011026
6	24	-3.3442640000139363
6	24	-3.2866077500220854
6	24	-3.1538890000229003
6	24	-3.112139000018942
6	24	-3.0332327500218526
6	24	-2.928232750011375
6	24	-1.80351400001382
6	24	-0.4467025000049034
6	24	-0.4263587500026915
6	24	-0.406358749998617
6	24	-0.3728899999987334
6	24	-0.36673375000827946
6	24	-0.34532750000653323
6	24	-0.29813999999896623
6	24	-0.2801400000025751
6	24	-0.2620150000002468
6	24	0.23701625000103377
6	24	0.2472037499974249
6	24	0.25567249998857733
6	24	0.2675162499945145
6	24	0.27398499999253545
6	24	0.2918599999975413
6	24	0.30954750000091735
6	24	0.41582874998857733
6	24	0.4278599999961443
6	24	0.47110999999858905
6	24	0.5232974999962607
6	24	0.5316412499960279
6	24	0.9769839999935357
6	24	0.9891089999873657
6	24	1.010015249994467
6	24	1.0376402499969117
6	24	1.0545464999886462
6	24	1.1109214999887627
6	24	1.2747339999914402
6	24	1.3217652499879478
6	24	1.3982339999929536
6	24	1.4198277499963297
6	24	1.4338277499919059
6	24	1.5819839999894612
6	24	1.916577749987482
6	25	-5.898044000001391
6	25	-5.87713774999429
6	25	-5.828575249994174
6	25	-5.798106500005815
6	25	-5.5722939999977825
6	25	-5.386731499995221
6	25	-5.352325250001741
6	25	-5.3172627500025555
6	25	-5.290106500004185
6	25	-5.265669000000344
6	25	-5.235106499996618
6	25	-5.193450249993475
6	25	-5.159169000005932
6	25	-5.140481499998714
6	25	-5.103575250002905
6	25	-5.009106500001508
6	25	-4.694919000001391
6	25	-4.659106499995687
6	25	-4.193012749994523
6	25	-4.1336690000025555
6	25	-4.113544000007096
6	25	-4.080481500001042
6	25	-3.8238565000065137
6	25	-3.449670000001788
6	25	-3.415638749997015
6	25	-3.4006700000027195
6	25	-3.1928887499962
6	25	-3.033857500005979
6	25	-2.995920000001206
6	25	-2.796482500009006
6	25	-2.7712325000029523
6	25	-2.72841999999946
6	25	-2.7132637500035344
6	25	-2.60301375000563
6	25	-2.5411699999967823
6	25	-2.510920000000624
6	25	-2.4884512499993434
6	25	-2.457263750009588
6	25	-2.4141387499985285
6	25	-2.3447637500066776
6	25	-2.32607624999946
6	25	-2.295263749998412
6	25	-2.1042012499965494
6	25	-1.7857325000077253
6	25	-1.7369199999957345
6	25	-1.1969210000097519
6	25	-1.164764750006725
6	25	-1.146452250002767
6	25	-1.1310147500043968
6	25	-1.0901397499983432
6	25	-1.0782647500018356
6	25	-1.063921000008122
6	25	-1.0465147500071907
6	25	-0.9935772500029998
6	25	-0.9431710000062594
6	25	-0.9042022500070743
6	25	-0.8645147500064922
6	25	-0.8046085000096355
6	25	-0.767858500010334
6	25	-0.7534835000114981
6	25	-0.7299522500106832
6	25	-0.6342022500029998
6	25	-0.6201710000023013
6	25	-0.5793585000064922
6	25	-0.5087334999989253
6	25	-0.3733585000009043
6	25	-0.34270225001091603
6	25	-0.18673349999880884
6	25	-0.12538974999915808
6	25	0.1220164999976987
6	25	0.18986025000049267
6	25	0.3086414999997942
6	25	0.40139149999595247
6	25	0.44779774999187794
6	25	0.6454227499925764
6	25	0.6783602499926928
6	25	0.8614852499886183
6	25	1.1257039999909466
6	25	1.1431727500021225
6	25	1.1691727500001434
6	25	1.2231092500005616
6	25	1.2468592499935767
6	25	1.2883592500002123
6	25	1.5013592499890365
6	25	1.5119217499886872
6	25	1.5422967499907827
6	25	1.5622342499991646
6	25	1.5897967499913648
6	25	1.6565467499895021
6	25	1.86295299998892
6	25	1.8994217500003288
6	25	1.9116404999949737
6	25	1.9376717499981169
6	26	-5.916887500003213
6	26	-5.625262500005192
6	26	-5.579324999998789
6	26	-5.4139500000019325
6	26	-5.383543749994715
6	26	-5.3706687499943655
6	26	-5.3287624999939
6	26	-4.966700000004494
6	26	-4.862356249999721
6	26	-4.7767635000054725
6	26	-4.734576000002562
6	26	-4.699294749996625
6	26	-4.685044750003726
6	26	-4.662357249995694
6	26	-4.631076000005123
6	26	-4.560419750006986
6	26	-4.532482249996974
6	26	-4.5018885000026785
6	26	-3.9199510000034934
6	26	-3.7462322500068694
6	26	-3.5607010000094306
6	26	-3.2864197500020964
6	26	-3.267357250006171
6	26	-3.248544750007568
6	26	-3.238169750009547
6	26	-2.205733249982586
6	26	-2.0948582499840995
6	26	-2.000858249986777
6	26	-1.9759207499882905
6	26	-1.9355457499914337
6	26	-1.8288894999859622
6	26	-1.6788269999960903
6	26	-1.572201999995741
6	26	-1.56223324999155
6	26	-1.5229832499899203
6	26	-1.4450769999966724
6	26	-1.3697019999963231
6	26	-1.3396082499966724
6	26	-1.2793582499871263
6	26	-1.26985824998701
6	26	-1.2374207499960903
6	26	-1.190201999983401
6	26	-1.162045749995741
6	26	-1.1034207499906188
6	26	-1.08176449999155
6	26	-1.0450769999879412
6	26	-1.0292019999906188
6	26	-0.9847019999870099
6	26	-0.9567644999915501
6	26	-0.7535769999958575
6	26	-0.41785824998805765
6	26	-0.06642074999399483
6	26	-0.02263949999178294
6	26	0.020048000005772337
6	26	0.060704250005073845
6	26	0.1427970000077039
6	26	0.15654700000595767
6	26	0.17532825001399033
6	26	0.18835950001084711
6	26	0.220828250006889
6	26	0.23289075000502635
6	26	0.26545325000188313
6	26	0.283640750014456
6	26	0.30592200001410674
6	26	0.3313907500123605
6	26	0.41167200000199955
6	26	0.5192657500010682
6	26	0.6346407500095665
6	26	0.7160782500141067
6	26	0.862578250002116
6	26	0.887672000011662
6	26	0.9778907500149217
6	26	1.0098282500111964
6	26	1.0419220000039786
6	26	1.146922000014456
6	26	1.2533595000131754
6	26	1.4198282500146888
6	26	1.5114532500010682
6	26	1.5217970000085188
6	26	1.5324220000038622
6	26	1.61792200000491
6	26	1.661828250013059
6	26	1.7198282500030473
6	26	1.764828250001301
6	26	1.9117970000079367
6	26	1.962515750012244
6	27	-5.916918750008335
6	27	-5.890981250006007
6	27	-5.850106249999953
6	27	-5.825168750001467
6	27	-5.741887500000303
6	27	-5.696074999999837
6	27	-5.6773250000114786
6	27	-5.654106250003679
6	27	-5.573918750000303
6	27	-5.5527312500053085
6	27	-5.500356250006007
6	27	-5.487293750004028
6	27	-5.463918749999721
6	27	-5.44848125000135
6	27	-5.409856250000303
6	27	-5.378231249997043
6	27	-5.363137500011362
6	27	-5.24554375000298
6	27	-5.1014500000019325
6	27	-5.0757625000114786
6	27	-5.050075000006473
6	27	-5.02270000000135
6	27	-5.011481250010547
6	27	-4.896793749998324
6	27	-4.8379812500061234
6	27	-4.720732250003493
6	27	-4.26538850000361
6	27	-4.024451000004774
6	27	-3.937607250001747
6	27	-3.752669749999768
6	27	-3.454451000012341
6	27	-3.3947010000119917
6	27	-3.3591072500130394
6	27	-3.3081385000114096
6	27	-3.216357249999419
6	27	-3.1389197500102455
6	27	-3.0903885000006994
6	27	-2.988763500005007
6	27	-2.887107250004192
6	27	-2.8049510000128066
6	27	-2.785763500010944
6	27	-2.4565760000114096
6	27	-2.286076000003959
6	27	-1.5421082500106422
6	27	-0.9331082500139019
6	27	-0.8038895000063349
6	27	-0.7274520000064513
6	27	-0.7017020000057528
6	27	-0.6347957500111079
6	27	-0.47385825001401827
6	27	-0.3941082500095945
6	27	-0.32473325000319164
6	27	-0.30729575001168996
6	27	-0.29117075000249315
6	27	-0.2563582500151824
6	27	-0.10063950001494959
6	27	0.38601574998756405
6	27	0.40001574998314027
6	27	0.40604699999676086
6	27	0.41785949998302385
6	27	0.42398449998290744
6	27	0.6314219999912893
6	27	0.6413907499954803
6	27	0.6621407499915222
6	27	0.6858282499888446
6	27	0.6965157499944326
6	27	0.7095157499861671
6	27	0.7172344999853522
6	27	0.8682657499884954
6	27	0.8931719999964116
6	27	0.9077657499874476
6	27	1.0634532499825582
6	27	1.1620782499958295
6	27	1.2927969999873312
6	27	1.3238907499908237
6	27	1.3434219999908237
6	27	1.3785469999857014
6	27	1.396703249993152
6	27	1.694203249993734
6	27	1.7642344999912893
6	27	1.7894532499922207
6	27	1.8247969999938505
6	27	1.853015749991755
6	27	1.8780782499961788
6	27	1.8932657499826746
6	28	-5.953263000003062
6	28	-5.883638000013889
6	28	-5.197606750007253
6	28	-5.1226067500101635
6	28	-5.0334817500115605
6	28	-4.790294250007719
6	28	-4.662356750006438
6	28	-4.529700500002946
6	28	-4.363389000005554
6	28	-4.289732750010444
6	28	-4.2719202500156825
6	28	-4.250857750012074
6	28	-4.093014000012772
6	28	-4.028607750005904
6	28	-3.9851077500061365
6	28	-3.9599202500103274
6	28	-3.9471702500159154
6	28	-3.9329827500041574
6	28	-3.897389000005205
6	28	-3.8818265000154497
6	28	-3.8704827500041574
6	28	-3.8223890000081155
6	28	-3.7892015000106767
6	28	-3.771670250003808
6	28	-3.7490140000154497
6	28	-3.722607750009047
6	28	-3.691076500006602
6	28	-3.642451500010793
6	28	-3.451139000011608
6	28	-3.381764000005205
6	28	-3.3228890000173124
6	28	-3.1990452500031097
6	28	-3.1760765000071842
6	28	-3.137920250010211
6	28	-3.1000140000105603
6	28	-3.0471077500114916
6	28	-3.0273890000098618
6	28	-3.0055452500091633
6	28	-2.9933577500050887
6	28	-2.97520150001219
6	28	-2.931701500012423
6	28	-2.9019202500057872
6	28	-2.8589827500109095
6	28	-2.8244515000114916
6	28	-2.806514000010793
6	28	-2.704014000017196
6	28	-2.601420250008232
6	28	-2.467357750007068
6	28	-2.4235140000091633
6	28	-2.0631390000053216
6	28	-1.6542650000046706
6	28	-1.5094525000022259
6	28	-1.4392962499987334
6	28	-1.4137962499953574
6	28	-1.2575462499953574
6	28	-0.883327499992447
6	28	-0.8561712499940768
6	28	-0.837171249993844
6	28	-0.8131712500035064
6	28	-0.7026712499937275
6	28	-0.14470249999430962
6	28	-0.051296249992446974
6	28	-0.02735874999780208
6	28	-0.018389999997452833
6	28	0.033453750002081506
6	28	0.2872662500012666
6	28	0.3014850000035949
6	28	0.44795375000103377
6	28	0.5769839999993565
6	28	0.582483999998658
6	28	0.6168590000015683
6	28	0.624015249995864
6	28	0.9479839999985415
6	28	0.96201524999924
6	28	1.0403902499965625
6	28	1.0654840000061085
6	28	1.113234000004013
6	28	1.1557964999956312
6	28	1.1717027499980759
6	28	1.2721089999977266
6	28	1.3265465000004042
6	28	1.4461715000070399
6	28	1.4663902500033146
6	28	1.710359000004246
6	28	1.7995152499934193
6	28	1.8165777499962132
6	28	1.8853590000071563
6	28	1.9529527499980759
6	29	-5.880450500000734
6	29	-5.835606749998988
6	29	-5.795137999986764
6	29	-5.661700500000734
6	29	-5.476075499987928
6	29	-5.115169249998871
6	29	-4.889169249989209
6	29	-4.7226067499868805
6	29	-4.600481749992468
6	29	-4.57023174999631
6	29	-4.503106749994913
6	29	-4.385825499994098
6	29	-4.350200499990024
6	29	-4.26120149999042
6	29	-4.136326499996358
6	29	-3.8141702499997336
6	29	-3.566357749994495
6	29	-3.5179202500003157
6	29	-3.45276400000148
6	29	-3.4294827499979874
6	29	-3.3473264999920502
6	29	-3.313576499989722
6	29	-3.2770452499971725
6	29	-3.2446389999968233
6	29	-3.1761077499977546
6	29	-3.1610139999975218
6	29	-3.1011702499963576
6	29	-3.066982749995077
6	29	-3.0356702499993844
6	29	-2.892545249997056
6	29	-2.708920249991934
6	29	-2.6948889999912353
6	29	-2.683139000000665
6	29	-2.641013999993447
6	29	-2.628982750000432
6	29	-2.6010452499904204
6	29	-2.5624202499893727
6	29	-2.536357749995659
6	29	-2.5187952499982202
6	29	-2.4938264999946114
6	29	-2.4775139999983367
6	29	-2.18363899999531
6	29	-2.1472327499941457
6	29	-1.8419827499892563
6	29	-1.565077499995823
6	29	-1.3577649999933783
6	29	-0.8093587500043213
6	29	-0.7738275000010617
6	29	-0.7683275000017602
6	29	-0.4453274999978021
6	29	-0.43648375000339
6	29	-0.4318899999925634
6	29	-0.42804625000280794
6	29	-0.42382749999524094
6	29	-0.40789000000222586
6	29	-0.4033587500016438
6	29	-0.39617125000222586
6	29	-0.3842337499954738
6	29	0.03423499999917112
6	29	0.04764124999928754
6	29	0.06526625000697095
6	29	0.530016250006156
6	29	0.7246402500022668
6	29	0.7472965000051772
6	29	0.7598277500073891
6	29	0.8169214999943506
6	29	0.878234000003431
6	29	0.8931715000071563
6	29	1.02842149999924
6	29	1.2252964999934193
6	29	1.2464215000072727
6	29	1.3691090000065742
6	29	1.408140250001452
6	29	1.4527027500007534
6	29	1.47723400000541
6	29	1.522046500002034
6	29	1.581046499995864
6	29	1.6000464999960968
6	29	1.7983277500024997
6	29	1.8378590000065742
6	30	-5.938544250006089
6	30	-5.906669250005507
6	30	-5.87351300001319
6	30	-5.502731750006205
6	30	-5.4767317500081845
6	30	-5.461856750014704
6	30	-5.34285675000865
6	30	-5.289106750016799
6	30	-5.255919250004808
6	30	-5.234419250016799
6	30	-5.223356750007952
6	30	-5.12351300001319
6	30	-5.096325500009698
6	30	-5.073481750005158
6	30	-5.040544250005041
6	30	-4.964981750017614
6	30	-4.927106750008534
6	30	-4.738481750013307
6	30	-4.577763000008417
6	30	-4.421263000011095
6	30	-3.8731702499935636
6	30	-3.7822952499991516
6	30	-3.7243889999954263
6	30	-3.454639000003226
6	30	-3.311732749993098
6	30	-3.0962327500019455
6	30	-3.079920249991119
6	30	-3.0304202499974053
6	30	-2.750701500001014
6	30	-2.516013999993447
6	30	-2.4990764999965904
6	30	-2.4199514999927487
6	30	-2.3935139999957755
6	30	-2.374045249991468
6	30	-2.193951499997638
6	30	-2.1725140000053216
6	30	-2.157857750004041
6	30	-1.9891389999975218
6	30	-1.906201499994495
6	30	-1.8089515000028769
6	30	-1.787389000004623
6	30	-1.7082337500032736
6	30	-1.6014837499969872
6	30	-1.3935462499939604
6	30	-1.3092962499940768
6	30	-1.2590774999989662
6	30	-1.2395462499989662
6	30	-1.2115462499932619
6	30	-1.1902649999974528
6	30	-1.1826399999990826
6	30	-1.1707337499974528
6	30	-1.1384212499979185
6	30	-1.1089212499937275
6	30	-0.9046712499985006
6	30	-0.6709525000042049
6	30	-0.6614837499946589
6	30	-0.6345774999936111
6	30	-0.5955775000038557
6	30	-0.40007750000222586
6	30	-0.3705774999980349
6	30	-0.09992125000280794
6	30	-0.034421250005834736
6	30	0.02929750000475906
6	30	0.03492249999544583
6	30	0.22379750000254717
6	30	0.258109999995213
6	30	0.5834849999955622
6	30	0.6592662500042934
6	30	0.6686725000035949
6	30	1.4186402499908581
6	30	1.659577750004246
6	30	1.9026402500021504
6	30	1.9641089999931864
6	31	-5.91216949999216
6	31	-5.7423882500006584
6	31	-5.516294500004733
6	31	-5.417888249998214
6	31	-4.929919499991229
6	31	-4.905482000001939
6	31	-4.813888249991578
6	31	-4.7945132500026375
6	31	-4.7643882499978645
6	31	-4.6621069999964675
6	31	-4.648606999995536
6	31	-4.620857000001706
6	31	-4.59223199999542
6	31	-4.55960700000287
6	31	-4.520856999995885
6	31	-4.451825750002172
6	31	-4.417732000001706
6	31	-4.378857000003336
6	31	-4.369794500002172
6	31	-4.3513569999922765
6	31	-4.324950750000426
6	31	-4.304419499996584
6	31	-4.2227632499998435
6	31	-4.200950750004267
6	31	-4.174356999996235
6	31	-4.131825749995187
6	31	-4.065700749997632
6	31	-4.009544500004267
6	31	-3.9876079999958165
6	31	-3.9628579999989597
6	31	-3.7706080000061775
6	31	-3.761826750007458
6	31	-3.745264249999309
6	31	-3.6851080000051297
6	31	-3.584795500006294
6	31	-3.401514249999309
6	31	-3.3570455000008224
6	31	-3.3169517500064103
6	31	-3.302951749996282
6	31	-3.2480767499946523
6	31	-3.199826750002103
6	31	-3.186482999997679
6	31	-3.138670500004082
6	31	-3.1275142499944195
6	31	-3.0833892499940703
6	31	-2.968764250006643
6	31	-2.8850142500014044
6	31	-2.8670142500050133
6	31	-2.835014249998494
6	31	-2.7919830000028014
6	31	-2.770951750004315
6	31	-2.736639249997097
6	31	-2.7117330000037327
6	31	-2.337795500003267
6	31	-2.330608000003849
6	31	-2.2024830000009388
6	31	-1.8135455000010552
6	31	-1.739295499995933
6	31	-1.502921499995864
6	31	-0.9123277500038967
6	31	-0.8394527500058757
6	31	-0.8155465000018012
6	31	-0.6432340000028489
6	31	-0.5322339999984251
6	31	-0.4649527500005206
6	31	-0.3956402500043623
6	31	-0.291577750002034
6	31	0.12345349999668542
6	31	0.14335974999994505
6	31	0.22357849999389146
6	31	0.3914222500025062
6	31	0.486484749999363
6	31	0.5314534999924945
6	31	0.5529222500044852
6	31	0.5706722500035539
6	31	0.6070159999944735
6	31	0.6274847500026226
6	31	0.6497034999920288
6	31	0.6832972499978496
6	31	0.7052972499950556
6	31	0.7392972499947064
6	31	0.8559534999949392
6	31	0.9036097499920288
6	31	1.0325149999989662
6	31	1.0562962499971036
6	31	1.0692649999982677
6	31	1.0930775000015274
6	31	1.1104212499922141
6	31	1.1373587499983842
6	31	1.2074837499967543
6	31	1.3435150000004796
6	31	1.4193274999997811
6	31	1.6905462499998976
6	32	-5.8707945000060135
6	32	-5.684857000000193
6	32	-5.574982000005548
6	32	-5.537982000008924
6	32	-5.292513250009506
6	32	-5.038982000012766
6	32	-5.0182007500116015
6	32	-4.7959507500054315
6	32	-4.737919500010321
6	32	-4.706388250007876
6	32	-4.499419500003569
6	32	-4.461575749999611
6	32	-4.367013250011951
6	32	-4.349325750008575
6	32	-4.208513250006945
6	32	-3.709920499997679
6	32	-3.495076749997679
6	32	-3.4375454999972135
6	32	-3.391857999988133
6	32	-3.357326749988715
6	32	-3.2199204999924405
6	32	-2.930482999989181
6	32	-2.7946704999922076
6	32	-2.7432329999865033
6	32	-2.566482999987784
6	32	-2.2960767499898793
6	32	-2.240326749990345
6	32	-1.424890249996679
6	32	-1.1499527499981923
6	32	-1.0892964999948163
6	32	-1.022046500002034
6	32	-1.0021714999893447
6	32	-0.9101402499945834
6	32	-0.7167964999971446
6	32	-0.4621402499906253
6	32	-0.3855152499891119
6	32	-0.253327749989694
6	32	-0.19464024998887908
6	32	-0.17342149998876266
6	32	-0.11026524999761023
6	32	-0.08467149999341927
6	32	-0.0645152499928372
6	32	-0.0444839999981923
6	32	0.09673475001181941
6	32	0.31404725000902545
6	32	0.4083285000087926
6	32	0.7737972500035539
6	32	0.8177660000073956
6	32	0.8620775000017602
6	32	0.9358900000079302
6	32	1.0470462500088615
6	32	1.1192962500063004
6	32	1.1891400000022259
6	32	1.2817962499975692
6	32	1.324015000005602
6	32	1.6486087500088615
6	32	1.8324212500010617
6	32	1.87007750000339
6	32	1.904608750002808
6	32	1.9613275000010617
6	33	-5.955856500004302
6	33	-5.768981500004884
6	33	-5.710544000001391
6	33	-5.657731500003138
6	33	-5.637919000000693
6	33	-5.377950249996502
6	33	-5.336918999993941
6	33	-5.164637750000111
6	33	-5.133419000005233
6	33	-5.115700249996735
6	33	-5.088856500005932
6	33	-5.0439190000033705
6	33	-4.9344502500025555
6	33	-4.6021064999949886
6	33	-4.5630439999949886
6	33	-4.533637750006164
6	33	-4.513731500002905
6	33	-4.3329815000033705
6	33	-4.016294000000926
6	33	-3.985262750007678
6	33	-3.961701250009355
6	33	-3.9132325000100536
6	33	-3.8575762499967823
6	33	-3.834232499997597
6	33	-3.7742324999999255
6	33	-3.7531387500057463
6	33	-3.736170000003767
6	33	-3.712326250009937
6	33	-3.654232500004582
6	33	-3.617013750001206
6	33	-3.583920000004582
6	33	-3.467138749998412
6	33	-3.448732500008191
6	33	-3.2730762499995762
6	33	-3.2606700000033015
6	33	-3.236451250006212
6	33	-3.175888750003651
6	33	-3.085638750009821
6	33	-3.048951250006212
6	33	-2.8580137499957345
6	33	-2.6813887500029523
6	33	-2.667576250009006
6	33	-2.5748262499982957
6	33	-2.535920000009355
6	33	-2.4059200000046985
6	33	-2.3554200000071432
6	33	-2.317045000003418
6	33	-2.2824824999988778
6	33	-2.2446075000043493
6	33	-2.1871700000046985
6	33	-2.16201374999946
6	33	-1.8828887499985285
6	33	-1.4803574999968987
6	33	-1.2996397500101011
6	33	-1.1699522499984596
6	33	-1.0419835000066087
6	33	-0.8618897499982268
6	33	-0.38673350001045037
6	33	-0.09648350000497885
6	33	-0.016577250004047528
6	33	-0.00985850000870414
6	33	0.003235249998397194
6	33	0.027078999992227182
6	33	0.06261024999548681
6	33	0.3525789999985136
6	33	0.4268914999993285
6	33	0.44107899999653455
6	33	0.4627352499956032
6	33	0.4747039999929257
6	33	0.4914852499932749
6	33	0.5315164999919944
6	33	0.5629539999936242
6	33	0.5937977499997942
6	33	0.6144852500001434
6	33	0.7194852499960689
6	33	0.7823914999898989
6	33	0.8232977500010747
6	33	0.8427977499959525
6	33	0.8716102499893168
6	33	0.8896102500002598
6	33	0.943172749990481
6	33	0.9817665000009583
6	33	0.9971727499942062
6	33	1.007735249993857
6	33	1.1257654999935767
6	33	1.1444217499956721
6	33	1.235077999997884
6	33	1.260140499987756
6	33	1.2697967499989318
6	33	1.3619842499902006
6	33	1.5111092499864753
6	33	1.5998279999912484
6	33	1.6290467499929946
6	33	1.7041092499857768
6	33	1.7147029999905499
6	33	1.8831717499997467
6	33	1.896765499986941
6	33	1.9107342499919469
6	33	1.950015499998699
6	33	1.9849529999919469
6	34	-5.979825499991421
6	34	-5.944919249988743
6	34	-5.8777317499916535
6	34	-5.858356749988161
6	34	-5.765919249985018
6	34	-5.688512999986415
6	34	-5.650981749990024
6	34	-4.878262999991421
6	34	-4.814169249992119
6	34	-4.764262999990024
6	34	-4.165387999993982
6	34	-3.791670249993331
6	34	-3.782545249996474
6	34	-3.7417639999912353
6	34	-3.7029202499979874
6	34	-3.642920249985764
6	34	-3.598732749989722
6	34	-3.495826499987743
6	34	-3.4639202499965904
6	34	-3.449170249994495
6	34	-3.3830452499969397
6	34	-3.3273264999879757
6	34	-3.312857749988325
6	34	-3.3004514999920502
6	34	-3.1908889999904204
6	34	-3.12526399998751
6	34	-3.0412327499943785
6	34	-2.9904514999943785
6	34	-2.9466389999870444
6	34	-2.848451499987277
6	34	-2.8347327499941457
6	34	-2.800201499994728
6	34	-2.7438264999946114
6	34	-2.7161077499913517
6	34	-2.5719827499997336
6	34	-2.558326499987743
6	34	-2.4788264999951934
6	34	-2.444732749994728
6	34	-2.3832327499985695
6	34	-2.362420249992283
6	34	-2.3185764999943785
6	34	-2.29282649999368
6	34	-2.2614202499971725
6	34	-2.236576499999501
6	34	-2.131420249992516
6	34	-2.042013999991468
6	34	-2.0143889999890234
6	34	-1.967982749993098
6	34	-1.9213889999955427
6	34	-1.8324514999985695
6	34	-1.8221389999962412
6	34	-1.768451499985531
6	34	-0.9159524999995483
6	34	-0.8316399999894202
6	34	-0.6086399999912828
6	34	-0.46688999999605585
6	34	-0.4104525000002468
6	34	-0.3226087499933783
6	34	-0.2824212499981513
6	34	0.024922500000684522
6	34	0.24598500000138301
6	34	0.5253912500047591
6	34	0.5443287500092993
6	34	0.5629537500062725
6	34	0.603828750012326
6	34	0.6805475000001024
6	34	0.7538912500021979
6	34	0.7819850000087172
6	34	0.792860000001383
6	34	0.8387662500026636
6	34	0.8674224999995204
6	34	0.8903600000048755
6	34	0.9024849999987055
6	34	0.9168600000120932
6	34	0.9335787500021979
6	34	0.9759850000118604
6	34	1.058078750007553
6	34	1.07873500000278
6	34	1.1106724999990547
6	34	1.1472662500018487
6	34	1.1849527500016848
6	34	1.2149215000099503
6	34	1.2557652499963297
6	34	1.2806402499991236
6	34	1.3059215000102995
6	34	1.339171500003431
6	34	1.3768277500057593
6	34	1.3980465000058757
6	34	1.431484000000637
6	34	1.5332652500073891
6	34	1.57529649999924
6	34	1.634296500007622
6	34	1.650327750001452
6	34	1.695265250004013
6	34	1.7370777500036638
6	34	1.84051525000541
6	34	1.8538277500047116
6	34	1.8931089999969117
6	34	1.991421500002616
6	35	-5.977012750008726
6	35	-5.964575250007329
6	35	-5.858231500009424
6	35	-5.532700250012567
6	35	-5.430512750011985
6	35	-4.8120127500005765
6	35	-4.7175439999991795
6	35	-4.694856500005699
6	35	-4.5604815000115195
6	35	-4.5030127500067465
6	35	-4.480387750008958
6	35	-4.440825249999762
6	35	-4.312294000003021
6	35	-4.2667940000101225
6	35	-4.240137750006397
6	35	-4.164231500006281
6	35	-4.0604200000088895
6	35	-3.9687325000122655
6	35	-3.861357500005397
6	35	-3.475357500006794
6	35	-3.1202637500100536
6	35	-3.095138750009937
6	35	-3.0707950000069104
6	35	-3.0159825000009732
6	35	-2.9806700000044657
6	35	-2.9444825000100536
6	35	-2.7344512500130804
6	35	-2.6945450000057463
6	35	-2.654732500013779
6	35	-2.561076250014594
6	35	-2.4987325000111014
6	35	-2.455013750004582
6	35	-2.4392012500029523
6	35	-2.415326250004
6	35	-2.389951250006561
6	35	-2.366701250008191
6	35	-2.3462012500094716
6	35	-2.3351700000057463
6	35	-2.3215450000134297
6	35	-2.30967000000237
6	35	-2.2996075000119163
6	35	-2.2775450000044657
6	35	-2.246857500009355
6	35	-2.211076250008773
6	35	-2.2039200000144774
6	35	-2.180138750001788
6	35	-2.146295000013197
6	35	-2.0956700000097044
6	35	-1.4781710000097519
6	35	-1.443858500017086
6	35	-1.4318585000146413
6	35	-1.4129210000101011
6	35	-1.4066710000042804
6	35	-1.0967335000168532
6	35	-1.0883272500068415
6	35	-1.0655772500031162
6	35	-1.0526710000121966
6	35	-1.0317022500094026
6	35	-1.0176710000087041
6	35	-0.9956710000114981
6	35	-0.9755772500066087
6	35	-0.963389750017086
6	35	-0.5327022500132443
6	35	-0.462046000015107
6	35	-0.4485147500090534
6	35	-0.40448350000951905
6	35	-0.35401475001708604
6	35	-0.15888975000416394
6	35	-0.14888975000940263
6	35	-0.12804600001254585
6	35	-0.10107725001580548
6	35	-0.028921000004629605
6	35	0.019860249987686984
6	35	0.037360249989433214
6	35	0.06142274999001529
6	35	0.3051102499885019
6	35	0.3177977499872213
6	35	0.7741414999909466
6	35	0.7811102499836124
6	35	0.7963602499949047
6	35	0.8300164999964181
6	35	0.8920155000087107
6	35	0.9249217500037048
6	35	1.0732030000071973
6	35	1.3759530000097584
6	35	1.5186404999985825
6	35	1.5911092500027735
6	35	1.6530780000030063
6	35	1.6749217500037048
6	35	1.74064050000743
6	35	1.8283280000032391
6	35	1.8691092500084778
6	35	1.8901717499975348
6	35	1.9395155000092927
6	35	1.9887655000056839
6	36	-5.938919249994797
6	36	-5.928856749989791
6	36	-5.844731749995844
6	36	-5.812294249990373
6	36	-5.652700499995262
6	36	-5.643106749994331
6	36	-5.585200499990606
6	36	-5.563419250000152
6	36	-5.550856749992818
6	36	-5.533012999992934
6	36	-5.484012999993865
6	36	-5.453887999989092
6	36	-5.440512999994098
6	36	-5.4199817499902565
6	36	-5.286637999990489
6	36	-5.269231749989558
6	36	-5.251044249991537
6	36	-5.219387999997707
6	36	-5.131825499993283
6	36	-5.091762999989442
6	36	-5.064012999995612
6	36	-5.0545442500006175
6	36	-5.012856749992352
6	36	-5.001700499997241
6	36	-4.983137999995961
6	36	-4.971575499992468
6	36	-4.9653255000011995
6	36	-4.92960674999631
6	36	-4.899231749994215
6	36	-4.868887999997241
6	36	-4.850169249999453
6	36	-4.82785674999468
6	36	-4.801325499996892
6	36	-3.8922952499997336
6	36	-3.6388889999943785
6	36	-3.637201499994262
6	36	-3.1893577500013635
6	36	-2.8753264999977546
6	36	-2.7782639999932144
6	36	-2.7752015000005485
6	36	-2.7666702499991516
6	36	-2.407357749994844
6	36	-2.150670250004623
6	36	-1.8495452499919338
6	36	-1.8437952499953099
6	36	-1.8174202499940293
6	36	-1.5882962500036228
6	36	-1.554171249998035
6	36	-1.5208587499946589
6	36	-1.5183275000017602
6	36	-1.5153900000004796
6	36	-1.5057962499995483
6	36	-1.4954525000066496
6	36	-1.4789212500036228
6	36	-1.4702649999962887
6	36	-0.3557650000002468
6	36	-0.12982750000082888
6	36	0.05414125000243075
6	36	0.24386000000231434
6	36	0.5050475000025472
6	36	0.5224537500034785
6	36	0.5487037499988219
6	36	0.6931725000031292
6	36	0.7125464999990072
6	36	0.738421499991091
6	36	0.7649214999983087
6	36	0.7852652500005206
6	36	1.268140250002034
6	36	1.2802027500001714
6	36	1.3161715000023833
6	36	1.393140250002034
6	36	1.4224839999951655
6	36	1.5797964999946998
6	36	1.6401714999956312
6	36	1.6569214999908581
6	36	1.9959214999980759
6	37	-5.119607000000542
6	37	-5.001169499999378
6	37	-4.875981999997748
6	37	-4.828357000005781
6	37	-4.792638250000891
6	37	-4.533138250000775
6	37	-4.221701750007924
6	37	-4.202483000000939
6	37	-4.138358000011067
6	37	-4.120108000002801
6	37	-4.098826750006992
6	37	-4.080576749998727
6	37	-4.069420500003616
6	37	-4.049733000007109
6	37	-4.0223580000019865
6	37	-3.9640767500095535
6	37	-3.9446705000009388
6	37	-3.9020142500085058
6	37	-3.881045500005712
6	37	-3.812201749999076
6	37	-3.7639517500065267
6	37	-3.743826750011067
6	37	-3.566420500006643
6	37	-3.53998300000967
6	37	-3.5179205000022193
6	37	-3.39957675000187
6	37	-3.289889250008855
6	37	-3.1955767500039656
6	37	-3.1318580000079237
6	37	-2.410076750005828
6	37	-1.9807017499988433
6	37	-1.9380455000064103
6	37	-1.9086705000081565
6	37	-1.8845142500067595
6	37	-1.8370465000043623
6	37	-1.7650152499991236
6	37	-1.6665152500063414
6	37	-1.571484000000055
6	37	-1.0786402500089025
6	37	-0.8477965000056429
6	37	-0.7145152500015683
6	37	-0.6718277500040131
6	37	-0.6219215000019176
6	37	-0.6110465000092518
6	37	-0.5818902500031982
6	37	-0.5567652500030817
6	37	-0.4801715000066906
6	37	-0.4654840000002878
6	37	-0.4269840000051772
6	37	-0.40532775000610854
6	37	-0.36998400000447873
6	37	-0.3375777500041295
6	37	-0.32248400000389665
6	37	-0.2243902500049444
6	37	-0.2040465000027325
6	37	-0.07835900000645779
6	37	-0.021077750003314577
6	37	0.5227034999988973
6	37	0.8606712500040885
6	37	0.9258587500080466
6	37	1.3935775000136346
6	37	1.6921087500086287
6	37	1.8286712500121212
6	37	1.8588900000031572
6	37	1.8802649999997811
6	37	1.9801399999996647
6	38	-5.880044000005
6	38	-5.579982500014012
6	38	-5.557920000006561
6	38	-5.427826250015642
6	38	-5.400013750011567
6	38	-5.3615137500019046
6	38	-5.294826250014012
6	38	-5.281982500004233
6	38	-5.269295000005513
6	38	-5.239795000015874
6	38	-5.171732500006328
6	38	-5.120451250011683
6	38	-4.999638750014128
6	38	-4.852732500003185
6	38	-4.82898250001017
6	38	-4.780388750004931
6	38	-4.673138750004
6	38	-4.499857500006328
6	38	-4.426295000012033
6	38	-4.397857500007376
6	38	-4.330888750002487
6	38	-4.307482500007609
6	38	-4.208732500002952
6	38	-4.184357500009355
6	38	-4.171920000007958
6	38	-4.154013750012382
6	38	-3.981420000010985
6	38	-3.8090762500069104
6	38	-3.7761075000162236
6	38	-3.6491387500136625
6	38	-3.393545000013546
6	38	-3.3600762500136625
6	38	-3.334983500011731
6	38	-3.29707725001208
6	38	-3.2680460000119638
6	38	-2.435233500014874
6	38	-2.265296000012313
6	38	-2.1670772500074236
6	38	-2.10995225001534
6	38	-2.0588272500172025
6	38	-2.027639750012895
6	38	-2.0160460000042804
6	38	-1.9658272500091698
6	38	-1.9317335000087041
6	38	-1.829639750008937
6	38	-1.7132647500111489
6	38	-1.4007647500111489
6	38	-0.8193282500142232
6	38	-0.5947970000124769
6	38	-0.5337345000152709
6	38	-0.38904700001876336
6	38	-0.34926575001736637
6	38	-0.33104700001422316
6	38	-0.28767200000584126
6	38	-0.0959220000077039
6	38	-0.038484500008053146
6	38	0.11982799998077098
6	38	0.18157799998880364
6	38	0.19607799999357667
6	38	0.2435154999839142
6	38	0.2771404999803053
6	38	0.36614049998752307
6	38	0.40732799998659175
6	38	0.5141404999885708
6	38	0.5798904999828665
6	38	0.6048592499864753
6	38	0.6148592499812366
6	38	0.6481404999940423
6	38	0.6694217499898514
6	38	0.6903592499875231
6	38	0.6991404999862425
6	38	0.7515467499906663
6	38	0.7947029999922961
6	38	0.8321717499929946
6	38	0.9364217499824008
6	38	1.0442029999830993
6	38	1.566577999983565
6	38	1.6825144999893382
6	38	1.8899832499882905
6	39	-5.899168500007363
6	39	-5.808043500001077
6	39	-5.729980999996769
6	39	-5.657606000007945
6	39	-5.616637250001077
6	39	-5.558044500008691
6	39	-5.515200750000076
6	39	-5.450263250007993
6	39	-5.416513250005664
6	39	-5.3995757500088075
6	39	-5.37970075001067
6	39	-5.276575750001939
6	39	-5.135232000000542
6	39	-5.095232000006945
6	39	-5.073825750005199
6	39	-5.031513250010903
6	39	-4.878513250005199
6	39	-4.863763250003103
6	39	-4.844482000000426
6	39	-4.821544500009622
6	39	-4.7885444999992615
6	39	-4.607513250011834
6	39	-3.9337945000006584
6	39	-3.8292632500088075
6	39	-3.8247320000082254
6	39	-3.8012007500074105
6	39	-3.3713257500057807
6	39	-3.3435757500119507
6	39	-3.2514195000112522
6	39	-3.1909820000000764
6	39	-3.1219195000012405
6	39	-3.1071382500085747
6	39	-3.038732999993954
6	39	-3.021389249988715
6	39	-2.987139249991742
6	39	-2.869420499991975
6	39	-2.7043267499975627
6	39	-2.666951749997679
6	39	-2.6047954999958165
6	39	-2.570107999985339
6	39	-2.5411392499954673
6	39	-2.4997642499947688
6	39	-2.4865767499868525
6	39	-2.372232999987318
6	39	-2.344139249995351
6	39	-2.295639249990927
6	39	-2.195514249993721
6	39	-2.0183267499960493
6	39	-1.9467642499948852
6	39	-1.745670499993139
6	39	-0.6978267499944195
6	39	-0.6642017499980284
6	39	-0.6118267499987269
6	39	-0.48585899999307003
6	39	-0.4284839999891119
6	39	-0.27429649999248795
6	39	-0.2250777500012191
6	39	-0.2036402499943506
6	39	-0.1787964999966789
6	39	-0.11992149999423418
6	39	-0.07020274999376852
6	39	-0.03526525000052061
6	39	0.0040472500113537535
6	39	0.03307850001147017
6	39	0.05307850000099279
6	39	0.09192225000879262
6	39	0.1518285000056494
6	39	0.18442225000762846
6	39	0.2676097500079777
6	39	0.36032849999901373
6	39	0.37632850000227336
6	39	0.4215472500072792
6	39	0.5116722500097239
6	39	0.6875785000011092
6	39	0.8934847500058822
6	39	0.911453500011703
6	39	0.9792347500042524
6	39	1.2540472500113538
6	39	1.4992659999988973
6	39	1.677391000004718
6	39	1.6854535000020405
6	39	1.7225472499994794
6	39	1.735766000012518
6	39	1.883797250004136
6	39	1.9526712500082795
6	39	1.988608750005369
6	39	1.9981087500054855
6	40	-5.988106749995495
6	40	-5.960575499993865
6	40	-5.936887999996543
6	40	-5.886294249998173
6	40	-5.856512999991537
6	40	-5.056639000002178
6	40	-5.030920250006602
6	40	-4.871670249995077
6	40	-4.803420249998453
6	40	-4.78051399999822
6	40	-4.701045249996241
6	40	-4.645764000000781
6	40	-4.589451499996358
6	40	-4.572701500001131
6	40	-4.548389000003226
6	40	-4.537263999998686
6	40	-4.519826500007184
6	40	-4.492701499999384
6	40	-4.458826500005671
6	40	-4.378857749994495
6	40	-4.352357750001829
6	40	-4.289326500002062
6	40	-4.275357749997056
6	40	-4.263451499995426
6	40	-4.232388999997056
6	40	-4.196826500003226
6	40	-4.15882650000276
6	40	-3.995014000000083
6	40	-3.789451499993447
6	40	-3.532045250001829
6	40	-3.411232750004274
6	40	-3.3988577499985695
6	40	-3.2245140000013635
6	40	-3.02301499999885
6	40	-3.000296250000247
6	40	-2.969046250000247
6	40	-2.86285874999885
6	40	-2.785358749999432
6	40	-2.7585775000043213
6	40	-2.5797337499971036
6	40	-2.4710774999985006
6	40	-2.335452500003157
6	40	-2.26479625000502
6	40	-2.193046250002226
6	40	-2.1664837499993155
6	40	-2.13589000000502
6	40	-1.6438587500015274
6	40	-1.626140000007581
6	40	-1.615546250002808
6	40	-1.5711087500094436
6	40	-1.5570462500036228
6	40	-1.4032650000008289
6	40	-1.3801712499989662
6	40	-1.3366087500035064
6	40	-1.3184524999960558
6	40	-1.1141712499957066
6	40	-0.9700149999989662
6	40	-0.8789212499978021
6	40	-0.8054212499991991
6	40	-0.7321400000073481
6	40	-0.7224525000056019
6	40	-0.6750150000007125
6	40	-0.6296399999991991
6	40	-0.4518910000042524
6	40	-0.31192225000995677
6	40	-0.17148475001158658
6	40	-0.10504725000646431
6	40	-0.03392225000425242
6	40	-0.015234750011586584
6	40	0.04135899999528192
6	40	0.1567652499943506
6	40	0.17176524999376852
6	40	0.21429649999481626
6	40	0.2292652499891119
6	40	0.29532774999097455
6	40	0.31545275000098627
6	40	0.3642027500027325
6	40	0.39642150000145193
6	40	0.4577652500011027
6	40	0.5455152499926044
6	40	0.6369215000013355
6	40	0.6867652499931864
6	40	0.7782964999933029
6	40	0.8601090000011027
6	40	0.876171500000055
6	40	0.9626089999946998
6	40	1.0766089999960968
6	40	1.0939214999962132
6	40	1.2433277499949327
6	40	1.3265465000004042
6	40	1.3504214999993565
6	40	1.3526714999898104
6	40	1.41554649999307
6	40	1.6936402499995893
6	40	1.7512027499906253
6	40	1.8109839999960968
6	40	1.8641090000019176
6	40	1.9832017499866197
6	41	-5.976543500015396
6	41	-5.914543500010041
6	41	-5.867512250013533
6	41	-5.824512250008411
6	41	-5.801668500003871
6	41	-5.77410600001167
6	41	-5.714356000011321
6	41	-5.698856000002706
6	41	-5.682762250013184
6	41	-5.661543500013067
6	41	-5.5996069999964675
6	41	-5.551638249991811
6	41	-5.5044194999936735
6	41	-5.45120075000159
6	41	-4.987013249992742
6	41	-4.814544499997282
6	41	-4.7859820000012405
6	41	-4.75960699999996
6	41	-4.718763249999029
6	41	-4.6212945000006584
6	41	-4.604607000001124
6	41	-4.589856999999029
6	41	-4.505419499997515
6	41	-4.405200749999494
6	41	-4.2800132499978645
6	41	-4.264419500002987
6	41	-4.196356999993441
6	41	-4.159419499992509
6	41	-4.137450750000426
6	41	-4.061107000001357
6	41	-4.0086382500012405
6	41	-3.9851694999961182
6	41	-3.948450750001939
6	41	-3.787794499992742
6	41	-3.7182319999992615
6	41	-3.6833882499922765
6	41	-3.6092632499930914
6	41	-3.525013249993208
6	41	-3.484513249990414
6	41	-3.2662632499996107
6	41	-3.2272945000004256
6	41	-3.195357000004151
6	41	-2.9219517500023358
6	41	-2.885483000005479
6	41	-2.858857999992324
6	41	-2.773107999993954
6	41	-2.682545499992557
6	41	-2.5358267499977956
6	41	-2.145951750004315
6	41	-2.113701750000473
6	41	-2.06754550000187
6	41	-2.032701749994885
6	41	-2.0049830000061775
6	41	-1.9264204999926733
6	41	-1.9022954999963986
6	41	-1.8775454999995418
6	41	-1.8497329999954673
6	41	-1.59548299999733
6	41	-1.5505142500041984
6	41	-1.51345174999733
6	41	-1.4900455000024522
6	41	-1.4716079999925569
6	41	-1.3867642499972135
6	41	-1.3192017499968642
6	41	-1.2893267500039656
6	41	-1.2274204999994254
6	41	-1.2020767499925569
6	41	-1.139701749998494
6	41	-0.9716392499976791
6	41	-0.9380767499969807
6	41	-0.8876080000045476
6	41	-0.830076750004082
6	41	-0.7864517499983776
6	41	-0.5445777499990072
6	41	-0.3367339999967953
6	41	-0.27920274999632966
6	41	-0.06298400000378024
6	41	-0.049202750000404194
6	41	0.06614100000297185
6	41	0.11139099999854807
6	41	0.28089100000215694
6	41	0.371359750002739
6	41	0.5865472500008764
6	41	0.6306722500012256
6	41	0.7231409999949392
6	41	0.7554847499995958
6	41	0.831265999993775
6	41	0.8806722500012256
6	41	0.927578499991796
6	41	0.9697972499998286
6	41	1.1486722499976167
6	41	1.2131722500053002
6	41	1.3986722499976167
6	41	1.515578499995172
6	41	1.6184534999920288
6	41	1.9997337499953574
6	42	-5.954513000004226
6	42	-5.9391067499964265
6	42	-5.8247942500020145
6	42	-5.764638000007835
6	42	-5.739856750005856
6	42	-5.732887999998638
6	42	-5.711888000005274
6	42	-5.703544250005507
6	42	-5.658513000002131
6	42	-5.648263000010047
6	42	-5.631606750001083
6	42	-5.598263000007137
6	42	-5.5775755000067875
6	42	-5.569356749998406
6	42	-5.53054425001028
6	42	-5.517512999998871
6	42	-5.484325500001432
6	42	-5.474950500007253
6	42	-5.411512999999104
6	42	-5.403013000002829
6	42	-5.302669249998871
6	42	-5.276825499997358
6	42	-5.257950500003062
6	42	-5.242606750005507
6	42	-5.203450500004692
6	42	-5.172919250006089
6	42	-5.143513000002713
6	42	-5.130356749999919
6	42	-5.105013000007602
6	42	-5.091544249997241
6	42	-5.074575500009814
6	42	-5.06238800000574
6	42	-5.041044249999686
6	42	-5.000263000008999
6	42	-4.946075500003644
6	42	-4.883169250009814
6	42	-4.856012999996892
6	42	-4.833606750005856
6	42	-4.484325500001432
6	42	-4.194262999997591
6	42	-4.1020442500011995
6	42	-4.088231750007253
6	42	-3.959012999999686
6	42	-3.8797942500095814
6	42	-3.8006692500057397
6	42	-3.7218880000000354
6	42	-3.689356750008301
6	42	-3.650889000011375
6	42	-3.5823265000071842
6	42	-3.5615765000111423
6	42	-3.5276702500123065
6	42	-3.4319515000097454
6	42	-3.401264000000083
6	42	-3.24923275000765
6	42	-3.2132327500003157
6	42	-2.81895150001219
6	42	-2.724857749999501
6	42	-2.6746702500095125
6	42	-2.606670250010211
6	42	-2.3355452500109095
6	42	-2.297451500009629
6	42	-2.1979827500035753
6	42	-2.0708264999993844
6	42	-2.0528577500081155
6	42	-2.0257952500105603
6	42	-1.8883577500091633
6	42	-1.8780765000119573
6	42	-1.841045250010211
6	42	-1.8106390000029933
6	42	-1.794670250004856
6	42	-1.7451702500111423
6	42	-1.7099202500103274
6	42	-1.632982750001247
6	42	-1.588264000005438
6	42	-1.5401077499991516
6	42	-1.5166390000085812
6	42	-1.4943577500089305
6	42	-1.4747952500038082
6	42	-1.458232750010211
6	42	-1.439326500010793
6	42	-1.407545250011026
6	42	-1.3935140000103274
6	42	-1.3732952499995008
6	42	-1.3396702500031097
6	42	-1.2747952500067186
6	42	-0.8001400000066496
6	42	-0.7793275000003632
6	42	-0.7112650000053691
6	42	-0.5706712500104913
6	42	-0.550077500010957
6	42	-0.5419212500128197
6	42	-0.35120250000909436
6	42	-0.3234212500101421
6	42	-0.27939000001060776
6	42	-0.27126500000304077
6	42	-0.2611087500117719
6	42	-0.24685875000432134
6	42	-0.07214000000385568
6	42	-0.00039000000106170774
6	42	0.07679749999078922
6	42	0.07851624999602791
6	42	0.08951624999463093
6	42	0.09295374999055639
6	42	0.09967249998589978
6	42	0.10732874998939224
6	42	0.11254749998624902
6	42	0.11701624999113847
6	42	0.476547499987646
6	42	0.4917037499981234
6	42	0.5248912499955622
6	42	0.5375474999891594
6	42	0.541828749992419
6	42	0.5465787499997532
6	42	0.554672499987646
6	42	0.7803287499991711
6	42	0.8062349999963772
6	42	1.0773599999956787
6	42	1.0876099999877624
6	42	1.1044537499983562
6	42	1.1169537499954458
6	42	1.1937037499883445
6	42	1.2234224999992875
6	42	1.233547499999986
6	42	1.25142249999044
6	42	1.2643599999864819
6	42	1.2770787499903236
6	42	1.2953912499942817
6	42	1.3058287499879953
6	42	1.3525777499889955
6	42	1.3753277499927208
6	42	1.427577749986085
6	42	1.4466402499965625
6	42	1.5698902499862015
6	42	1.5986089999933029
6	42	1.6312339999858523
6	42	1.7256089999864344
6	42	1.7431402499933029
6	42	1.8575464999885298
6	42	1.8724839999922551
6	42	1.8855464999942342
6	42	1.9007027499901596
6	42	1.9142339999962132
6	42	1.929827749991091
6	43	-5.44979474999127
6	43	-5.3034822499903385
6	43	-5.042357249985798
6	43	-5.002794749991153
6	43	-4.879825999989407
6	43	-4.679388499993365
6	43	-4.5474197499861475
6	43	-4.491169749991968
6	43	-4.47301349999907
6	43	-4.410419749998255
6	43	-4.384700999988127
6	43	-4.366169749991968
6	43	-4.296013499988476
6	43	-3.702575999996043
6	43	-3.4374509999906877
6	43	-3.4269197499961592
6	43	-3.4144822499947622
6	43	-3.3959822499891743
6	43	-3.0796394999924814
6	43	-2.926451999999699
6	43	-2.902295749998302
6	43	-2.859326999998302
6	43	-2.845201999996789
6	43	-2.6982644999952754
6	43	-2.252483249991201
6	43	-2.1904519999952754
6	43	-1.099014499995974
6	43	-1.0422644999925978
6	43	-1.0279207499988843
6	43	-0.9956707499950426
6	43	-0.9802019999915501
6	43	-0.9699519999994664
6	43	-0.9262957499886397
6	43	-0.6389217499963706
6	43	-0.32110924999869894
6	43	-0.259953000000678
6	43	-0.17495299999427516
6	43	0.06460949999745935
6	43	0.06695325000328012
6	43	0.07957825000630692
6	43	0.0896095000061905
6	43	0.09989075000339653
6	43	0.5193595000018831
6	43	0.5763595000025816
6	43	0.7320157500071218
6	43	0.784453250002116
6	43	0.8199845000053756
6	43	0.8425157500023488
6	43	0.8627344999986235
6	43	0.9017657500080531
6	43	1.0260157500015339
6	43	1.0486720000044443
6	43	1.1841720000084024
6	43	1.4049532500066562
6	43	1.6704834999982268
6	43	1.7133584999974119
6	43	1.7167022500070743
6	43	1.8216397500073072
6	43	1.8484210000024177
6	43	1.9952022500074236
6	44	-5.984668249991955
6	44	-5.8304504999978235
6	44	-4.640387999985251
6	44	-4.510731749993283
6	44	-4.3987004999944475
6	44	-4.297887999986415
6	44	-3.9744504999980563
6	44	-3.9226692499942146
6	44	-3.8712317499885103
6	44	-3.7761692499916535
6	44	-3.6397629999846686
6	44	-3.5311067499860656
6	44	-3.5213567499886267
6	44	-3.4365129999932833
6	44	-3.3937952499982202
6	44	-3.2978264999983367
6	44	-3.2619514999969397
6	44	-2.818638999990071
6	44	-2.751107749994844
6	44	-2.7415764999896055
6	44	-2.70707649999531
6	44	-2.6720139999961248
6	44	-2.3897952499974053
6	44	-2.0878889999876264
6	44	-1.6888577499921666
6	44	-1.5988264999905368
6	44	-1.4383577499975218
6	44	-1.1906702499982202
6	44	-1.1560452499979874
6	44	-1.0465764999971725
6	44	-1.0078577499953099
6	44	-0.40588999999454245
6	44	-0.35801499999070074
6	44	-0.16692124999826774
6	44	-0.14548374999139924
6	44	-0.11292124999454245
6	44	-0.09826499999326188
6	44	-0.014389999996637926
6	44	0.25386000001162756
6	44	0.2692349999997532
6	44	0.36395374999847263
6	44	0.4447350000118604
6	44	0.47982875000161584
6	44	0.49767250000149943
6	44	0.6674849999981234
6	44	0.7341725000005681
6	44	0.8251100000052247
6	44	0.8714225000003353
6	44	1.2408600000053411
6	44	1.2985475000023143
6	44	1.3098912499990547
6	44	1.373453749998589
6	44	1.4644850000040606
6	44	1.4942037500004517
6	44	1.592577750023338
6	44	1.6137652500183322
6	44	1.6432340000174008
6	44	1.8548277500231052
6	44	1.8684215000248514
6	44	1.870015250024153
6	44	1.9019527500204276
6	44	1.9229840000189142
6	44	1.9718277500214754
6	44	1.9956715000153054
6	45	-5.998668499989435
6	45	-5.978574749984546
6	45	-5.749044499985757
6	45	-5.707481999997981
6	45	-5.438638249994256
6	45	-5.418575749994488
6	45	-5.40123199998925
6	45	-5.332138249985292
6	45	-5.277169499997399
6	45	-5.2357944999967
6	45	-5.204919499985408
6	45	-5.121075749993906
6	45	-4.95473199999833
6	45	-4.877325749985175
6	45	-4.868981999985408
6	45	-4.824638249992859
6	45	-4.726325749987154
6	45	-4.672981999989133
6	45	-4.587700749994838
6	45	-4.523138249991462
6	45	-4.4831382499978645
6	45	-4.383825749988318
6	45	-4.353638249987853
6	45	-4.325294499998563
6	45	-4.297356999988551
6	45	-4.271669499998097
6	45	-4.261794499994721
6	45	-4.1930444999889005
6	45	-3.9709194999886677
6	45	-3.9236382499948377
6	45	-3.867325749990414
6	45	-3.335575749995769
6	45	-3.2782329999899957
6	45	-3.2523267499927897
6	45	-3.051701749995118
6	45	-2.8960767499957
6	45	-2.829357999988133
6	45	-2.6918892499961657
6	45	-2.655732999992324
6	45	-2.5392954999988433
6	45	-2.0272017499955837
6	45	-1.9116079999948852
6	45	-1.9067954999918584
6	45	-1.8173580000002403
6	45	-1.7981392499932554
6	45	-1.7821392499899957
6	45	-1.7517642499879003
6	45	-1.7302954999904614
6	45	-1.1138579999969807
6	45	-1.0553579999977956
6	45	-1.0274829999980284
6	45	-0.9635142499901121
6	45	-0.9112954999873182
6	45	-0.8273892500001239
6	45	-0.5987027499941178
6	45	-0.3032027500012191
6	45	-0.033890249993419275
6	45	0.06760975001088809
6	45	0.09942225000122562
6	45	0.10617225000169128
6	45	0.11823474999982864
6	45	0.36942225000530016
6	45	0.3841097499971511
6	45	0.4255784999986645
6	45	0.5075159999978496
6	45	0.5207035000057658
6	45	0.5992035000090254
6	45	0.6599222500080941
6	45	0.6841410000051837
6	45	0.7063597500091419
6	45	0.7313597500033211
6	45	0.7880785000015749
6	45	0.9048909999983152
6	45	0.9291097500099568
6	45	0.9452660000097239
6	45	1.0662972499994794
6	45	1.0853910000005271
6	45	1.2784535000100732
6	45	1.47157850000076
6	45	1.668953500004136
6	45	1.811171249995823
6	46	-5.999574499990558
6	46	-5.909980749987881
6	46	-5.859261999983573
6	46	-5.804543249993003
6	46	-5.788855749982758
6	46	-5.749418249994051
6	46	-5.73513699999603
6	46	-5.719699499983108
6	46	-5.669386999987182
6	46	-5.5311067499860656
6	46	-5.431950499987579
6	46	-5.192669249998289
6	46	-5.172356749986648
6	46	-5.11729424999794
6	46	-4.971450499986531
6	46	-4.897544249994098
6	46	-4.845387999986997
6	46	-4.82863799999177
6	46	-4.817731749993982
6	46	-4.584387999988394
6	46	-3.999200499994913
6	46	-3.2986692499980563
6	46	-3.273669249989325
6	46	-3.2101692499854835
6	46	-3.1384514999954263
6	46	-3.1121702499949606
6	46	-3.0752639999991516
6	46	-3.013513999991119
6	46	-2.974545249991934
6	46	-2.9424202499940293
6	46	-2.8844514999946114
6	46	-2.856951499998104
6	46	-2.792701499987743
6	46	-2.618357749990537
6	46	-2.546607749987743
6	46	-2.5087327499932144
6	46	-1.7146702499885578
6	46	-1.6792639999912353
6	46	-1.5342327499965904
6	46	-1.27288899999985
6	46	-1.255295249997289
6	46	-1.2257639999879757
6	46	-1.2204827499954263
6	46	-0.9774827499932144
6	46	-0.9609514999901876
6	46	-0.9126702499925159
6	46	-0.7030139999988023
6	46	-0.6663264999951934
6	46	-0.5721399999747518
6	46	-0.5252649999747518
6	46	-0.3607337499852292
6	46	-0.3513274999859277
6	46	-0.33498374998453073
6	46	0.10554750001756474
6	46	0.18576625002606306
6	46	0.2010475000133738
6	46	0.21301625002524815
6	46	0.369141250019311
6	46	0.37198500001977663
6	46	0.3823600000177976
6	46	0.3913600000232691
6	46	0.3971725000155857
6	46	0.42717250001442153
6	46	0.734485000022687
6	46	0.9536100000259466
6	46	1.1352037500182632
6	46	1.3026725000236183
6	46	1.3604850000265287
6	46	1.4215787500143051
6	46	1.485922500025481
6	46	1.496703750017332
6	46	1.603422500018496
6	46	1.6948912500229198
6	46	1.8787965000228724
6	46	1.9857340000162367
6	47	-5.886794000005466
6	47	-5.820325249995221
6	47	-5.806762749998597
6	47	-5.774606499995571
6	47	-5.746169000005466
6	47	-5.685668999998597
6	47	-5.650450250002905
6	47	-5.611856500006979
6	47	-5.581887749998714
6	47	-5.499169000002439
6	47	-5.460700249997899
6	47	-5.294825250006397
6	47	-5.277356499995221
6	47	-5.25210650000372
6	47	-5.228731499999412
6	47	-5.198295000009239
6	47	-5.086169999995036
6	47	-4.802794999995967
6	47	-4.7606700000033015
6	47	-4.640670000007958
6	47	-4.5711074999999255
6	47	-4.429888750004466
6	47	-4.27938875000109
6	47	-4.249513750008191
6	47	-4.114982500002952
6	47	-4.097107499997946
6	47	-4.084763749997364
6	47	-4.0579512499971315
6	47	-4.023138749995269
6	47	-3.994357500007027
6	47	-3.913857499996084
6	47	-3.855482500002836
6	47	-3.8382012500078417
6	47	-3.812951250001788
6	47	-3.7511075000074925
6	47	-3.73545125000237
6	47	-3.715794999996433
6	47	-3.6693574999953853
6	47	-3.6190137500088895
6	47	-3.5858262499968987
6	47	-3.4153575000091223
6	47	-3.345638750004582
6	47	-2.882732500002021
6	47	-2.7949824999959674
6	47	-2.746857499994803
6	47	-2.7330460000084713
6	47	-2.646233500010567
6	47	-2.464514749997761
6	47	-2.3859210000082385
6	47	-2.3633272500010207
6	47	-2.3080147500004387
6	47	-2.0552335000102175
6	47	-2.018889750004746
6	47	-1.4403272500057938
6	47	-1.2466397500102175
6	47	-1.0056710000062594
6	47	-0.7757647500111489
6	47	-0.7386709999991581
6	47	-0.5702647500002058
6	47	-0.3172647500032326
6	47	-0.2490772500023013
6	47	-0.18029699999897275
6	47	-0.15282825000758749
6	47	-0.08185950000188313
6	47	0.11395299999276176
6	47	0.26620299999194685
6	47	0.3157342499907827
6	47	0.3308592499961378
6	47	0.4171092499891529
6	47	0.45579675000044517
6	47	0.4813279999943916
6	47	0.5306717499915976
6	47	0.7314842499908991
6	47	0.8218592499906663
6	47	1.0554529999935767
6	47	1.2028592499991646
6	47	1.2462029999878723
6	47	1.318734249987756
6	47	1.3439529999886872
6	47	1.70239049999509
6	47	1.779890499994508
6	47	1.940452999988338
6	47	1.959984249988338
6	48	-5.983012500000768
6	48	-5.50354375000461
6	48	-5.46860624999681
6	48	-5.435606250001001
6	48	-5.317606249998789
6	48	-5.270512499992037
6	48	-5.072482250005123
6	48	-4.971888500003843
6	48	-4.955169749999186
6	48	-4.939638500000001
6	48	-4.896450999993249
6	48	-4.87516974999744
6	48	-4.822669750006753
6	48	-4.778732249993482
6	48	-4.683294749993365
6	48	-4.583169749996159
6	48	-4.565169749999768
6	48	-4.555701000004774
6	48	-4.536794750005356
6	48	-4.530169749996276
6	48	-4.521013499994297
6	48	-4.495763500002795
6	48	-4.453919749998022
6	48	-4.427982249995694
6	48	-4.37398225000652
6	48	-4.362326000002213
6	48	-4.326700999998138
6	48	-4.272263499995461
6	48	-4.243888500001049
6	48	-4.206076000002213
6	48	-4.154732249997323
6	48	-4.109919750000699
6	48	-4.084263500000816
6	48	-4.055169750005007
6	48	-3.977482250003959
6	48	-3.8991072500066366
6	48	-3.7458259999984875
6	48	-3.7070760000060545
6	48	-3.5754822500020964
6	48	-3.44938849999744
6	48	-3.4242947500024457
6	48	-3.383325999995577
6	48	-2.5476707500056364
6	48	-2.462514500002726
6	48	-2.144889500006684
6	48	-2.036014500001329
6	48	-2.008077000005869
6	48	-1.980920750007499
6	48	-1.9389207500062184
6	48	-1.8992332500056364
6	48	-1.875545750008314
6	48	-1.770889499995974
6	48	-1.7575145000009798
6	48	-1.701201999996556
6	48	-1.660920750000514
6	48	-1.571670749995974
6	48	-1.0634207499970216
6	48	-1.0528270000068005
6	48	-1.0128582500037737
6	48	-0.9721707499993499
6	48	-0.8664520000020275
6	48	-0.7232957500091288
6	48	-0.59285825000552
6	48	-0.516077000007499
6	48	-0.4722957500052871
6	48	-0.45151450000412297
6	48	-0.3938895000028424
6	48	-0.38451450000866316
6	48	-0.3232644999952754
6	48	-0.2829207500035409
6	48	-0.2095770000014454
6	48	0.03351575000851881
6	48	0.32723450001503807
6	48	0.35729700000956655
6	48	0.37714075001713354
6	48	0.4609220000129426
6	48	0.485328250011662
6	48	0.6297345000057248
6	48	0.8089532500162022
6	48	0.8613282500155037
6	48	1.1061407500092173
6	48	1.1374220000143396
6	48	1.1962032500159694
6	48	1.2267345000145724
6	48	1.2688595000072382
6	48	1.321765750006307
6	48	1.3325782500032801
6	48	1.361859500015271
6	48	1.3637970000127098
6	48	1.3817657500039786
6	48	1.4400157500058413
6	48	1.4660782500141067
6	48	1.6803595000092173
6	48	1.7455782500037458
6	48	1.8572032500087516
6	48	1.906078250016435
6	48	1.9552657500171335
6	48	1.9900782500044443
6	49	-5.885107500012964
6	49	-5.861170000003767
6	49	-5.803388750005979
6	49	-5.764357500011101
6	49	-5.745857500005513
6	49	-5.680607500005863
6	49	-5.6108887500013225
6	49	-5.413513750012498
6	49	-5.068607500012149
6	49	-4.961701250009355
6	49	-4.951795000000857
6	49	-4.936888750002254
6	49	-4.858232500002487
6	49	-4.662451250012964
6	49	-4.571232500005863
6	49	-4.397638750000624
6	49	-4.26670125000237
6	49	-4.181357500012382
6	49	-4.152201250006328
6	49	-4.019763750009588
6	49	-4.006420000005164
6	49	-3.983701250006561
6	49	-3.973201250002603
6	49	-3.9510450000088895
6	49	-3.8335450000013225
6	49	-3.79091999999946
6	49	-3.7228575000044657
6	49	-3.7123575000005076
6	49	-3.6927324999996927
6	49	-3.6270772500138264
6	49	-3.5145147500152234
6	49	-3.425139750004746
6	49	-3.3941710000071907
6	49	-3.3677335000102175
6	49	-3.2506397500110324
6	49	-3.2316397500107996
6	49	-3.191077250012313
6	49	-3.1221397500048624
6	49	-2.8615460000146413
6	49	-2.805796000015107
6	49	-2.628796000004513
6	49	-2.5619210000149906
6	49	-2.5101085000060266
6	49	-2.356577250015107
6	49	-2.304264750011498
6	49	-2.2893897500034655
6	49	-2.0809210000152234
6	49	-2.0234522500104504
6	49	-1.9382335000118474
6	49	-1.861202250001952
6	49	-1.6268897500121966
6	49	-1.421546000012313
6	49	-1.332514750014525
6	49	-1.1507970000093337
6	49	-0.622765750013059
6	49	-0.6040470000152709
6	49	-0.5726407500042114
6	49	-0.5298907500109635
6	49	-0.4742032500071218
6	49	-0.4399845000152709
6	49	-0.34407825001107994
6	49	-0.26532825001049787
6	49	-0.18901575001655146
6	49	0.2608592499891529
6	49	0.3001092499907827
6	49	0.42807799998263363
6	49	0.5570154999877559
6	49	0.5877029999828665
6	49	0.6193279999861261
6	49	0.6729217499960214
6	49	0.7329529999842634
6	49	0.7481092499947408
6	49	0.7810467499948572
6	49	0.8521092499868246
6	49	0.88248424998892
6	49	0.9217654999956721
6	49	0.9532654999929946
6	49	1.0085467499884544
6	49	1.117671749991132
6	49	1.2341092499846127
6	49	1.3974832499807235
6	49	1.6186394999822369
6	49	1.833076999988407
6	49	1.8533269999898039
6	49	1.9127957499877084
6	49	1.9447019999934128
6	49	1.9847644999827025
6	50	-5.9924190000019735
6	50	-5.967231500006164
6	50	-5.836012750005466
6	50	-5.814387749996968
6	50	-5.7580440000019735
6	50	-5.664262749996851
6	50	-5.545700250004302
6	50	-5.529231499996968
6	50	-5.501887749996968
6	50	-5.39313774999755
6	50	-5.3678252499958035
6	50	-5.328294000006281
6	50	-5.294387750007445
6	50	-5.270700249995571
6	50	-5.201762750002672
6	50	-5.154950249998365
6	50	-5.125262750007096
6	50	-5.097731500005466
6	50	-5.080700249993242
6	50	-5.022481499996502
6	50	-5.004293999998481
6	50	-4.991481499993824
6	50	-4.897512750001624
6	50	-4.82613775000209
6	50	-4.811762750003254
6	50	-4.777200249998714
6	50	-4.753544000006514
6	50	-4.660606499994174
6	50	-4.621387749997666
6	50	-4.5679815000039525
6	50	-4.557543999995687
6	50	-4.49698250000074
6	50	-4.471044999998412
6	50	-4.436326249997364
6	50	-4.419951250005397
6	50	-4.254326249996666
6	50	-4.1907637499971315
6	50	-4.148888750001788
6	50	-4.015638750002836
6	50	-3.9900137500080746
6	50	-3.9372637500055134
6	50	-3.9184512500069104
6	50	-3.7125450000021374
6	50	-3.6682325000001583
6	50	-3.654920000000857
6	50	-3.511107500002254
6	50	-3.4339825000060955
6	50	-3.3867012499977136
6	50	-3.359794999996666
6	50	-3.32176375000563
6	50	-3.2949824999959674
6	50	-3.2209825000027195
6	50	-3.1997012500069104
6	50	-3.164826250009355
6	50	-3.1441075000038836
6	50	-3.104451250008424
6	50	-3.0502637500030687
6	50	-3.0238262500060955
6	50	-2.883951249998063
6	50	-2.8132012499991106
6	50	-2.800513750000391
6	50	-2.7796075000078417
6	50	-2.725888750006561
6	50	-2.373576250000042
6	50	-2.11435750000237
6	50	-2.032107499995618
6	50	-1.988545999993221
6	50	-1.9284834999853047
6	50	-1.8610459999908926
6	50	-1.7640772499871673
6	50	-1.6606709999905434
6	50	-1.61529599998903
6	50	-1.568733499996597
6	50	-1.3677334999956656
6	50	-1.065858499991009
6	50	-1.0476397499878658
6	50	-1.020420999993803
6	50	-1.0076397499942686
6	50	-0.9869209999887971
6	50	-0.7657022499915911
6	50	-0.7340459999832092
6	50	-0.701545999996597
6	50	-0.5391084999864688
6	50	-0.5178272499906598
6	50	-0.2554522499849554
6	50	-0.10867099999450147
6	50	-0.07326474998262711
6	50	-0.024077249996480532
6	50	0.019579000014346093
6	50	0.23214150000421796
6	50	0.2573290000145789
6	50	0.29436025001632515
6	50	0.32339150001644157
6	50	0.36707900000328664
6	50	0.47364150000794325
6	50	0.5084842500073137
6	50	0.722640500011039
6	50	0.7746405000070808
6	50	0.8231092500063824
6	50	0.8257655000052182
6	50	0.9783280000119703
6	50	1.0896092500042869
6	50	1.195203000010224
6	50	1.2165467500017257
6	50	1.2737655000091763
6	50	1.41292175000126
6	50	1.4259530000126688
6	50	1.4464842500019586
6	50	1.532671750013833
6	50	1.5948280000156956
6	50	1.6188905000017257
6	50	1.6375155000132509
6	50	1.7491092500131344
6	50	1.7976717500132509
6	50	1.817734250013018
6	50	1.88907800000743
6	50	1.9226717500132509
6	50	1.9557342500047525
7	1	-5.893263249992742
7	1	-5.827075749984942
7	1	-5.790981999991345
7	1	-5.78738824998436
7	1	-5.718075749988202
7	1	-5.675106999988202
7	1	-5.657106999991811
7	1	-5.603263249984593
7	1	-5.5854194999847095
7	1	-5.517138249982963
7	1	-5.469294499984244
7	1	-5.461544499994488
7	1	-5.442513249989133
7	1	-5.440856999994139
7	1	-5.419138249984826
7	1	-5.364794499982963
7	1	-5.3553569999930914
7	1	-5.33873199998925
7	1	-5.297044499995536
7	1	-5.293950749983196
7	1	-5.218981999991229
7	1	-5.145731999989948
7	1	-5.012450749985874
7	1	-4.997856999994838
7	1	-4.934950749986456
7	1	-4.9117944999889005
7	1	-4.857606999983545
7	1	-4.829575749987271
7	1	-4.739388249989133
7	1	-4.730419499988784
7	1	-4.6160444999841275
7	1	-4.602356999996118
7	1	-4.5702007499930914
7	1	-4.508075749996351
7	1	-4.42835699999705
7	1	-4.352575749988318
7	1	-4.3396382499922765
7	1	-4.278169499986689
7	1	-4.257919499985292
7	1	-4.2321069999889005
7	1	-4.188669499984826
7	1	-4.041513249991112
7	1	-3.9962944999861065
7	1	-3.9887632499885513
7	1	-3.9572319999861065
7	1	-3.9191694999899482
7	1	-3.894888249997166
7	1	-3.864669499991578
7	1	-3.8420757499843603
7	1	-3.819544499987387
7	1	-3.6725757499953033
7	1	-3.654981999992742
7	1	-3.6092632499930914
7	1	-3.6058882499928586
7	1	-3.5991694999829633
7	1	-3.398639249993721
7	1	-3.3909829999902286
7	1	-3.3007329999963986
7	1	-3.255545499996515
7	1	-3.1958579999918584
7	1	-3.1750767499906942
7	1	-3.1564204999885987
7	1	-3.0658267499966314
7	1	-3.043170499993721
7	1	-3.0087017499899957
7	1	-2.9528579999896465
7	1	-2.937295499985339
7	1	-2.8196392499958165
7	1	-2.731889249989763
7	1	-2.5399204999848735
7	1	-2.4814517499908106
7	1	-2.415576749990578
7	1	-2.347764249992906
7	1	-2.2946704999922076
7	1	-2.1904204999882495
7	1	-2.182576749997679
7	1	-2.1671079999941867
7	1	-2.126139249987318
7	1	-2.087045499996748
7	1	-2.0749829999986105
7	1	-1.9972017499967478
7	1	-1.9383892499899957
7	1	-1.8450142499932554
7	1	-1.8365767499926733
7	1	-1.784326749999309
7	1	-1.773420499986969
7	1	-1.7250767499936046
7	1	-1.72070174998953
7	1	-1.706607999993139
7	1	-1.6385142499930225
7	1	-1.6190142499981448
7	1	-1.5711079999891808
7	1	-1.4949204999866197
7	1	-1.4103267499885987
7	1	-1.3852642499987269
7	1	-1.3240142499853391
7	1	-1.2785142499924405
7	1	-1.2144829999888316
7	1	-1.1978579999849899
7	1	-1.102734000000055
7	1	-1.0867954999848735
7	1	-0.9878277499956312
7	1	-0.9785464999877149
7	1	-0.9007339999952819
7	1	-0.8135464999941178
7	1	-0.7205152499955148
7	1	-0.71592149999924
7	1	-0.6962027499976102
7	1	-0.6682339999970281
7	1	-0.6528277499892283
7	1	-0.6108277499879478
7	1	-0.5761714999971446
7	1	-0.47192149999318644
7	1	-0.37907774999621324
7	1	-0.3569839999981923
7	1	-0.28701524999632966
7	1	-0.19435900000098627
7	1	-0.1891089999990072
7	1	-0.1793902499921387
7	1	-0.023765249992720783
7	1	0.007297250005649403
7	1	0.10379725000530016
7	1	0.10820349999994505
7	1	0.12404725000669714
7	1	0.1603285000019241
7	1	0.22867224999936298
7	1	0.24660975000006147
7	1	0.26948475000972394
7	1	0.3120160000107717
7	1	0.40689100000599865
7	1	0.49114100000588223
7	1	0.5288910000090254
7	1	0.5516410000127507
7	1	0.6258910000033211
7	1	0.7740472500008764
7	1	0.7821722500084434
7	1	0.8721409999998286
7	1	0.9325472500058822
7	1	1.0334847500053002
7	1	1.045297250006115
7	1	1.0899535000062315
7	1	1.1230472500028554
7	1	1.2887347500072792
7	1	1.3143285000114702
7	1	1.3447034999990137
7	1	1.396640999999363
7	1	1.408984749999945
7	1	1.4768275000096764
7	1	1.527765000006184
7	1	1.6348900000011781
7	1	1.6429524999985006
7	1	1.702202500004205
7	1	1.9020149999996647
7	2	-5.992326000006869
7	2	-5.831544750006287
7	2	-5.582357250008499
7	2	-5.548701000006986
7	2	-5.543138500011992
7	2	-5.466701000012108
7	2	-5.452076000001398
7	2	-5.408763500003261
7	2	-5.337888500012923
7	2	-5.3080135000054725
7	2	-5.263951000000816
7	2	-5.172794750003959
7	2	-5.153294750009081
7	2	-5.129982250000467
7	2	-5.037201000013738
7	2	-4.960763500013854
7	2	-4.871169750011177
7	2	-4.865607250001631
7	2	-4.74957600000198
7	2	-4.705982250001398
7	2	-4.696169750008266
7	2	-4.649419749999652
7	2	-4.595451000001049
7	2	-4.566201000008732
7	2	-4.42416975001106
7	2	-4.407857250000234
7	2	-4.3863572500122245
7	2	-4.287388500000816
7	2	-4.270576000009896
7	2	-4.250232250007684
7	2	-4.160263500001747
7	2	-4.125326000008499
7	2	-4.067326000003959
7	2	-4.04623225000978
7	2	-4.0281072500074515
7	2	-3.9470135000010487
7	2	-3.9022010000044247
7	2	-3.893326999997953
7	2	-3.798264500001096
7	2	-3.785889499995392
7	2	-3.7405144999938784
7	2	-3.7195769999962067
7	2	-3.704295749994344
7	2	-3.648795749992132
7	2	-3.6284832499950426
7	2	-3.614139499986777
7	2	-3.4968894999910844
7	2	-3.4887957499886397
7	2	-3.4596082499920158
7	2	-3.337389499996789
7	2	-3.266358249995392
7	2	-3.205733249997138
7	2	-3.123701999997138
7	2	-3.0481082499900367
7	2	-2.966201999995974
7	2	-2.9137332499958575
7	2	-2.8858894999866607
7	2	-2.7789832499984186
7	2	-2.748483249990386
7	2	-2.6728894999978365
7	2	-2.600264499997138
7	2	-2.5807019999920158
7	2	-2.5557957499986514
7	2	-2.4610144999896875
7	2	-2.4161082499922486
7	2	-2.3718894999910844
7	2	-2.3599832499894546
7	2	-2.3377645000000484
7	2	-2.2614832499966724
7	2	-2.23410824999155
7	2	-2.188358249986777
7	2	-2.1596394999942277
7	2	-2.1386707499914337
7	2	-2.0822019999905024
7	2	-2.0543895000009798
7	2	-1.9847332499921322
7	2	-1.9254519999958575
7	2	-1.88623324999935
7	2	-1.8245144999964396
7	2	-1.7677957499981858
7	2	-1.6840769999980694
7	2	-1.6748582500003977
7	2	-1.611264499995741
7	2	-1.553483249997953
7	2	-1.5341707499901531
7	2	-1.5227644999977201
7	2	-1.5122957499988843
7	2	-1.4742957499984186
7	2	-1.4070779999892693
7	2	-1.290890499993111
7	2	-1.1700467499904335
7	2	-1.134953000000678
7	2	-1.0167654999968363
7	2	-0.9982967499963706
7	2	-0.9884529999981169
7	2	-0.836640499997884
7	2	-0.791609249994508
7	2	-0.7594529999914812
7	2	-0.6263279999984661
7	2	-0.6090154999983497
7	2	-0.5726717499928782
7	2	-0.4984217500023078
7	2	-0.42645299999276176
7	2	-0.39873424998950213
7	2	-0.3600155000021914
7	2	-0.33970299999054987
7	2	-0.30445299998973496
7	2	-0.19526549999136478
7	2	-0.177921750000678
7	2	-0.02785924999625422
7	2	-0.02273425000021234
7	2	0.059234500004095025
7	2	0.13251575001049787
7	2	0.14014075000886805
7	2	0.2135157500015339
7	2	0.24260949999734294
7	2	0.31542199999967124
7	2	0.3264845000085188
7	2	0.3581094999972265
7	2	0.4545157500106143
7	2	0.4926720000075875
7	2	0.5015782499976922
7	2	0.5077657500078203
7	2	0.60189075001108
7	2	0.652984500004095
7	2	0.6747345000039786
7	2	0.6936720000085188
7	2	0.8214220000081696
7	2	0.8677345000032801
7	2	0.8977657500072382
7	2	0.915828249999322
7	2	0.9927969999989728
7	2	1.0726094999990892
7	2	1.143264750004164
7	2	1.2064522500004387
7	2	1.2640147500060266
7	2	1.280608500004746
7	2	1.3035459999955492
7	2	1.3499210000009043
7	2	1.3738897500006715
7	2	1.5064835000084713
7	2	1.6154835000052117
7	2	1.6238584999955492
7	2	1.7394522499962477
7	2	1.7727022500039311
7	2	1.8569522500038147
7	2	1.916389749996597
7	2	1.9345147499989253
7	2	1.9511710000078892
7	3	-5.954762999986997
7	3	-5.922231749995262
7	3	-5.87923174999014
7	3	-5.841481749986997
7	3	-5.809950499999104
7	3	-5.747356749998289
7	3	-5.745387999995728
7	3	-5.718106749991421
7	3	-5.70754424999177
7	3	-5.640387999999803
7	3	-5.530950499989558
7	3	-5.506387999994331
7	3	-5.500419249990955
7	3	-5.485419249991537
7	3	-5.434950499999104
7	3	-5.420450499994331
7	3	-5.385012999991886
7	3	-5.352731749997474
7	3	-5.270137999992585
7	3	-5.251356749999104
7	3	-5.207981749990722
7	3	-5.088794249997591
7	3	-5.0648254999978235
7	3	-4.977387999999337
7	3	-4.8862629999930505
7	3	-4.805544249989907
7	3	-4.770075499996892
7	3	-4.692450499991537
7	3	-4.617669249986648
7	3	-4.5762317499902565
7	3	-4.559919249993982
7	3	-4.550169249996543
7	3	-4.500075499992818
7	3	-4.480856750000385
7	3	-4.3943880000006175
7	3	-4.378731749995495
7	3	-4.287231750000501
7	3	-4.266169249996892
7	3	-4.252856749997591
7	3	-4.124825499995495
7	3	-4.091012999997474
7	3	-4.080075499994564
7	3	-4.038137999988976
7	3	-3.9953255000000354
7	3	-3.9107317499874625
7	3	-3.889106749993516
7	3	-3.825762999986182
7	3	-3.805576500002644
7	3	-3.795576499993331
7	3	-3.7840452499949606
7	3	-3.767732749998686
7	3	-3.761264000000665
7	3	-3.7257640000025276
7	3	-3.716013999990537
7	3	-3.620420249993913
7	3	-3.54301399999531
7	3	-3.4789515000011306
7	3	-3.4297952499910025
7	3	-3.2188889999961248
7	3	-3.1634514999896055
7	3	-3.1493577499932144
7	3	-3.1194827500003157
7	3	-3.1168889999971725
7	3	-3.0210764999937965
7	3	-2.967670250000083
7	3	-2.959545249992516
7	3	-2.932201499992516
7	3	-2.912170249997871
7	3	-2.8604202499991516
7	3	-2.5507014999893727
7	3	-2.49945149999985
7	3	-2.48092024998914
7	3	-2.478763999999501
7	3	-2.4033889999991516
7	3	-2.3858889999974053
7	3	-2.37054524999985
7	3	-2.345451499990304
7	3	-2.340607749996707
7	3	-2.2572014999896055
7	3	-2.1816702499927487
7	3	-2.0802952499943785
7	3	-2.0512952499993844
7	3	-1.907951499990304
7	3	-1.89438899999368
7	3	-1.807326499998453
7	3	-1.647670249993098
7	3	-1.6429827499960084
7	3	-1.5585139999893727
7	3	-1.494201499997871
7	3	-1.418326499988325
7	3	-1.407545249996474
7	3	-1.3658889999933308
7	3	-1.2765775000007125
7	3	-1.239827500001411
7	3	-1.105171249990235
7	3	-1.0962962499907007
7	3	-1.092108750002808
7	3	-0.9792962499923306
7	3	-0.9576399999932619
7	3	-0.8883587500022259
7	3	-0.8712962499994319
7	3	-0.7683275000017602
7	3	-0.7497650000004796
7	3	-0.7314837500016438
7	3	-0.7210150000028079
7	3	-0.7133274999941932
7	3	-0.7068900000012945
7	3	-0.7000774999905843
7	3	-0.6907337500015274
7	3	-0.6852649999927962
7	3	-0.6322337500023423
7	3	-0.5587337500037393
7	3	-0.4512962500011781
7	3	-0.4358899999933783
7	3	-0.36304625000047963
7	3	-0.14735874999314547
7	3	-0.0793275000032736
7	3	0.011672499997075647
7	3	0.11785999999847263
7	3	0.12845375000324566
7	3	0.21895375000895
7	3	0.24701624999579508
7	3	0.25023499999952037
7	3	0.35201625000627246
7	3	0.36429749999661
7	3	0.41642249999858905
7	3	0.4692349999968428
7	3	0.6012975000048755
7	3	0.7135474999959115
7	3	0.7632350000058068
7	3	0.8152350000018487
7	3	0.8213912500068545
7	3	0.8960162500006845
7	3	0.9146100000070874
7	3	1.042860000001383
7	3	1.1052349999954458
7	3	1.1310787499969592
7	3	1.1887652500008699
7	3	1.241421500002616
7	3	1.4255465000023833
7	3	1.4575152500037802
7	3	1.535608999998658
7	3	1.556077750006807
7	3	1.6253902500029653
7	3	1.7187339999945834
7	3	1.8613277499971446
7	3	1.959858999995049
7	3	1.990077750000637
7	4	-5.924918999997317
7	4	-5.872075249993941
7	4	-5.719637749993126
7	4	-5.638731499988353
7	4	-5.611637750000227
7	4	-5.584294000000227
7	4	-5.5287002499972004
7	4	-5.483793999999762
7	4	-5.39726274998975
7	4	-5.380012749999878
7	4	-5.164825249987189
7	4	-5.0722939999977825
7	4	-5.063606499999878
7	4	-4.998543999987305
7	4	-4.950512749986956
7	4	-4.863293999995221
7	4	-4.845918999999412
7	4	-4.795575249998365
7	4	-4.763918999989983
7	4	-4.704918999996153
7	4	-4.673700249986723
7	4	-4.649762749992078
7	4	-4.631981499987887
7	4	-4.574887750000926
7	4	-4.527481500001159
7	4	-4.492231500000344
7	4	-4.446012749991496
7	4	-4.440512749992195
7	4	-4.387418999991496
7	4	-4.314981499992427
7	4	-4.233856499995454
7	4	-4.2036689999949886
7	4	-4.186543999996502
7	4	-4.172168999997666
7	4	-4.081450249999762
7	4	-4.023325249989284
7	4	-3.9751689999975497
7	4	-3.959887749995687
7	4	-3.950543999992078
7	4	-3.78310749999946
7	4	-3.7102637499920093
7	4	-3.678763749994687
7	4	-3.6656700000021374
7	4	-3.5677324999996927
7	4	-3.56476374999329
7	4	-3.4669512499967823
7	4	-3.441107499995269
7	4	-3.4366699999955017
7	4	-3.4202949999889825
7	4	-3.383263750001788
7	4	-3.3658262499957345
7	4	-3.3067949999967823
7	4	-3.2895762499974808
7	4	-3.2636387499951525
7	4	-3.1154200000019046
7	4	-3.0642012500029523
7	4	-2.9729512499907287
7	4	-2.9345762500015553
7	4	-2.9079824999935227
7	4	-2.804701250002836
7	4	-2.7672325000021374
7	4	-2.7211074999941047
7	4	-2.657826249997015
7	4	-2.6481074999901466
7	4	-2.5432325000001583
7	4	-2.5171387500013225
7	4	-2.391044999996666
7	4	-2.3699199999973644
7	4	-2.305138750001788
7	4	-2.2428574999939883
7	4	-2.2309512499923585
7	4	-2.134576249998645
7	4	-2.1042949999973644
7	4	-2.1021387499931734
7	4	-2.086482500002603
7	4	-2.083169999998063
7	4	-2.0496074999973644
7	4	-1.960232500001439
7	4	-1.867513749995851
7	4	-1.8217949999962002
7	4	-1.7601387499889825
7	4	-1.7468574999948032
7	4	-1.7228574999899138
7	4	-1.61926374999166
7	4	-1.5862012500001583
7	4	-1.5078574999934062
7	4	-1.421482499994454
7	4	-1.3877950000023702
7	4	-1.282045999992988
7	4	-1.1728272500040475
7	4	-1.1629209999955492
7	4	-1.1480772499926388
7	4	-1.0828897500032326
7	4	-1.0658272500004387
7	4	-1.0634522500040475
7	4	-1.0519522499962477
7	4	-0.9682334999961313
7	4	-0.9157334999908926
7	4	-0.8531397500046296
7	4	-0.8365459999913583
7	4	-0.8041709999961313
7	4	-0.7602334999974119
7	4	-0.6967334999935701
7	4	-0.6492960000032326
7	4	-0.5008272499981103
7	4	-0.41170224999950733
7	4	-0.30173350000404753
7	4	-0.2959522500023013
7	4	-0.1873897500045132
7	4	-0.14692099999228958
7	4	-0.12329600000521168
7	4	-0.09445224999217317
7	4	-0.01973349999752827
7	4	0.02339149999897927
7	4	0.06170400000701193
7	4	0.15689149999525398
7	4	0.17345400000340305
7	4	0.20082900000852533
7	4	0.27273525000782683
7	4	0.3141414999990957
7	4	0.33882900000025984
7	4	0.3564852499985136
7	4	0.43526650000421796
7	4	0.44467275000351947
7	4	0.45048524999583606
7	4	0.5084852500003763
7	4	0.5228290000086417
7	4	0.5765790000004927
7	4	0.6664540000056149
7	4	0.6727665000071283
7	4	0.7613290000008419
7	4	0.781485250001424
7	4	0.8222039999964181
7	4	0.8617039999953704
7	4	0.9007039999996778
7	4	0.9943915000039851
7	4	1.0118915000057314
7	4	1.1012352499965345
7	4	1.213484249994508
7	4	1.2575467499991646
7	4	1.2828592500009108
7	4	1.392546749993926
7	4	1.5655467500037048
7	4	1.6267967500025406
7	4	1.6870467499975348
7	4	1.759953000000678
7	4	1.77660924999509
7	4	1.8203280000016093
7	4	1.849702999999863
7	4	1.8705780000018422
7	4	1.9704530000017257
7	4	1.9865779999963706
7	5	-5.968231749997358
7	5	-5.914481749990955
7	5	-5.854512999998406
7	5	-5.777356749997125
7	5	-5.7434817499888595
7	5	-5.652762999990955
7	5	-5.638762999995379
7	5	-5.628700499990373
7	5	-5.578731749992585
7	5	-5.574450499989325
7	5	-5.48860674999014
7	5	-5.462794249993749
7	5	-5.393481749997591
7	5	-5.293731749989092
7	5	-5.2857317500020145
7	5	-5.218106749991421
7	5	-5.204544249994797
7	5	-5.190169249995961
7	5	-5.120981749991188
7	5	-5.1056379999936325
7	5	-5.102231750002829
7	5	-5.098419249989092
7	5	-5.035606749996077
7	5	-4.990731749989209
7	5	-4.949637999990955
7	5	-4.911637999990489
7	5	-4.905512999990606
7	5	-4.8482317500020145
7	5	-4.5794192499888595
7	5	-4.521637999991071
7	5	-4.498669249995146
7	5	-4.484075499989558
7	5	-4.473794249992352
7	5	-4.443575500001316
7	5	-4.397075499990024
7	5	-4.355075500003295
7	5	-4.342044249991886
7	5	-4.322512999991886
7	5	-4.225856749995728
7	5	-4.212262999993982
7	5	-4.103512999994564
7	5	-4.093231749997358
7	5	-4.043762999994215
7	5	-3.9744817500031786
7	5	-3.946669249999104
7	5	-3.898669249989325
7	5	-3.840639000001829
7	5	-3.817389000003459
7	5	-3.7999514999974053
7	5	-3.7814827499969397
7	5	-3.752607749993331
7	5	-3.7304514999996172
7	5	-3.670201500004623
7	5	-3.6657014999946114
7	5	-3.5630139999993844
7	5	-3.5356077500036918
7	5	-3.4591077499935636
7	5	-3.4032952499983367
7	5	-3.389982749999035
7	5	-3.2907952499954263
7	5	-3.2357015000015963
7	5	-3.209264000004623
7	5	-3.1685140000045067
7	5	-3.123326500004623
7	5	-3.1076389999943785
7	5	-3.0833889999921666
7	5	-3.012388999995892
7	5	-2.981982750003226
7	5	-2.932013999990886
7	5	-2.8653265000029933
7	5	-2.813201500001014
7	5	-2.7579514999961248
7	5	-2.6823889999941457
7	5	-2.6717952500039246
7	5	-2.5818264999979874
7	5	-2.568107750004856
7	5	-2.4408890000049723
7	5	-2.410638999994262
7	5	-2.3782952500041574
7	5	-2.337014000004274
7	5	-2.230014000000665
7	5	-2.158670249991701
7	5	-2.130732749996241
7	5	-2.0532640000019455
7	5	-2.0204514999932144
7	5	-1.9636077500035753
7	5	-1.9477015000011306
7	5	-1.9302952500001993
7	5	-1.9258264999953099
7	5	-1.9169202500052052
7	5	-1.907139000002644
7	5	-1.8480764999985695
7	5	-1.7227327500004321
7	5	-1.6777639999927487
7	5	-1.5899202500004321
7	5	-1.5832640000007814
7	5	-1.4989202500000829
7	5	-1.385138999990886
7	5	-1.2894212499959394
7	5	-1.2364212499960558
7	5	-1.219796250006766
7	5	-1.2047650000022259
7	5	-1.1917025000002468
7	5	-1.082046249997802
7	5	-1.0498899999947753
7	5	-0.9697962500067661
7	5	-0.9590150000003632
7	5	-0.9450462499953574
7	5	-0.9133275000058347
7	5	-0.816514999998617
7	5	-0.7501400000037393
7	5	-0.7483899999933783
7	5	-0.7017024999950081
7	5	-0.6827024999947753
7	5	-0.6637337499996647
7	5	-0.603108750001411
7	5	-0.6000150000036228
7	5	-0.5132337499962887
7	5	-0.5053900000057183
7	5	-0.4861399999936111
7	5	-0.4475150000071153
7	5	-0.4349837500049034
7	5	-0.3470775000023423
7	5	-0.2791399999987334
7	5	-0.2557024999987334
7	5	-0.21585875000164378
7	5	-0.1927025000040885
7	5	-0.13007749999815132
7	5	-0.10563999999430962
7	5	-0.09010874999512453
7	5	-0.03192125000350643
7	5	-0.005858749995240942
7	5	0.05567250000603963
7	5	0.07329749999917112
7	5	0.08948500000406057
7	5	0.18001625000033528
7	5	0.20570375000534113
7	5	0.25451625000278
7	5	0.29710999999952037
7	5	0.37485999999626074
7	5	0.38857875000394415
7	5	0.4237974999996368
7	5	0.5644224999996368
7	5	0.6375162500044098
7	5	0.696641250004177
7	5	0.7890787499927683
7	5	0.8711099999927683
7	5	0.873141250005574
7	5	0.9692975000070874
7	5	1.008734999995795
7	5	1.0765474999934668
7	5	1.1221402499941178
7	5	1.1361089999991236
7	5	1.2550464999949327
7	5	1.3133902499976102
7	5	1.4011089999985415
7	5	1.4214527500007534
7	5	1.4387339999957476
7	5	1.452233999996679
7	5	1.4652340000029653
7	5	1.5293902499979595
7	5	1.6067027499957476
7	5	1.6619839999912074
7	5	1.72764024999924
7	5	1.7932339999970281
7	5	1.8071714999969117
7	5	1.8678277500002878
7	5	1.8752027500013355
7	5	1.9481715000001714
7	5	1.9981402499979595
7	6	-5.952075749984942
7	6	-5.873200749992975
7	6	-5.849825749988668
7	6	-5.7417632499855245
7	6	-5.682950749993324
7	6	-5.618763249993208
7	6	-5.550825749989599
7	6	-5.546856999993906
7	6	-5.44773199998599
7	6	-5.411825749994023
7	6	-5.400044499983778
7	6	-5.38091949999216
7	6	-5.294638249994023
7	6	-5.276169499993557
7	6	-5.225700749986572
7	6	-5.1791694999847095
7	6	-5.1163569999916945
7	6	-5.094919499984826
7	6	-5.074981999990996
7	6	-4.9718257499916945
7	6	-4.922638249990996
7	6	-4.86648199998308
7	6	-4.863669499987736
7	6	-4.821325749988318
7	6	-4.70923199999379
7	6	-4.700669499987271
7	6	-4.6976694999902975
7	6	-4.688231999985874
7	6	-4.680575749996933
7	6	-4.674763249990065
7	6	-4.665169499989133
7	6	-4.660013249987969
7	6	-4.60007574998599
7	6	-4.5424507499847095
7	6	-4.500731999985874
7	6	-4.3038569999916945
7	6	-4.28307574999053
7	6	-4.240263249987038
7	6	-4.195731999992859
7	6	-4.165763249984593
7	6	-4.155481999987387
7	6	-4.091419499993208
7	6	-3.9734819999866886
7	6	-3.8983257499930914
7	6	-3.869294499992975
7	6	-3.814606999992975
7	6	-3.7419204999896465
7	6	-3.7126079999870853
7	6	-3.5791704999865033
7	6	-3.574514249994536
7	6	-3.506764249992557
7	6	-3.4372642499947688
7	6	-3.377764249991742
7	6	-3.2560142499860376
7	6	-3.2433579999924405
7	6	-3.2243267499870853
7	6	-3.112545499985572
7	6	-3.106982999990578
7	6	-3.0567954999860376
7	6	-3.0390142499963986
7	6	-2.951857999985805
7	6	-2.935857999997097
7	6	-2.928545499991742
7	6	-2.861201749998145
7	6	-2.72070174998953
7	6	-2.679357999993954
7	6	-2.6762329999910435
7	6	-2.6341079999983776
7	6	-2.535576749985921
7	6	-2.4806079999980284
7	6	-2.4139829999912763
7	6	-2.371920499994303
7	6	-2.356576749996748
7	6	-2.210295499986387
7	6	-2.1401704999880167
7	6	-2.1378892499924405
7	6	-2.027139249985339
7	6	-1.9367017499898793
7	6	-1.928545499991742
7	6	-1.9017329999915091
7	6	-1.8890454999927897
7	6	-1.7447954999952344
7	6	-1.7269204999902286
7	6	-1.7245142499887152
7	6	-1.6577642499905778
7	6	-1.6285454999888316
7	6	-1.6172329999972135
7	6	-1.5921704999927897
7	6	-1.5850454999890644
7	6	-1.539576749986736
7	6	-1.4074204999924405
7	6	-1.2656089999945834
7	6	-1.242546499997843
7	6	-1.1797965000005206
7	6	-1.0507339999894612
7	6	-0.9435777499893447
7	6	-0.7414527499931864
7	6	-0.7222340000007534
7	6	-0.7087964999955148
7	6	-0.6914527499902761
7	6	-0.5953589999990072
7	6	-0.5695464999880642
7	6	-0.5649527499917895
7	6	-0.5469527499953983
7	6	-0.5337339999969117
7	6	-0.47351524999248795
7	6	-0.40101524999772664
7	6	-0.37845274999563117
7	6	-0.3450777499965625
7	6	-0.2878589999891119
7	6	-0.26789024999015965
7	6	-0.225265249988297
7	6	-0.19907774998864625
7	6	-0.1311402499995893
7	6	-0.09432774999004323
7	6	-0.07267149999097455
7	6	-0.04579649999504909
7	6	0.06560975000320468
7	6	0.08870350000506733
7	6	0.1531410000025062
7	6	0.1635472500056494
7	6	0.28789099999994505
7	6	0.35301600000821054
7	6	0.3645472500065807
7	6	0.4034222500049509
7	6	0.44654725000145845
7	6	0.53017225000076
7	6	0.5427035000029719
7	6	0.5485472500004107
7	6	0.6726097500068136
7	6	0.6934535000036703
7	6	0.7456722500064643
7	6	0.7969222500105388
7	6	0.8519222500035539
7	6	0.9106722500000615
7	6	0.9500472500076285
7	6	0.9637035000050673
7	6	1.019078500001342
7	6	1.1528910000051837
7	6	1.1776722500071628
7	6	1.2441400000097929
7	6	1.257296249998035
7	6	1.2719524999993155
7	6	1.3467650000093272
7	6	1.4204837500001304
7	6	1.547608749999199
7	6	1.570514999999432
7	6	1.6503587500046706
7	6	1.7229525000002468
7	6	1.7356712500040885
7	6	1.7680462499993155
7	6	1.840171250005369
7	6	1.8697962500009453
7	6	1.9638587500085123
7	7	-5.999200250007561
7	7	-5.929669000004651
7	7	-5.803419000003487
7	7	-5.727481499998248
7	7	-5.671356500010006
7	7	-5.6261690000101225
7	7	-5.602794000005815
7	7	-5.547919000004185
7	7	-5.5445440000039525
7	7	-5.498137750008027
7	7	-5.493387750000693
7	7	-5.466137750001508
7	7	-5.433762750006281
7	7	-5.411919000005582
7	7	-5.3354502500005765
7	7	-5.2885752500005765
7	7	-5.231137750000926
7	7	-5.110512750005
7	7	-5.049700250005117
7	7	-5.037731500007794
7	7	-4.985356500008493
7	7	-4.97066900000209
7	7	-4.9306377500033705
7	7	-4.823512750008376
7	7	-4.7433565000101225
7	7	-4.721950250008376
7	7	-4.6135127500019735
7	7	-4.594731500008493
7	7	-4.554950250007096
7	7	-4.485450250009308
7	7	-4.3254814999963855
7	7	-4.250575250000111
7	7	-4.223325250000926
7	7	-4.199669000008726
7	7	-4.193762750001042
7	7	-4.187606499996036
7	7	-4.084920000008424
7	7	-4.027295000007143
7	7	-3.986545000007027
7	7	-3.9682949999987613
7	7	-3.9182325000001583
7	7	-3.764920000001439
7	7	-3.7451387500041164
7	7	-3.6213887500052806
7	7	-3.558326250000391
7	7	-3.556076250009937
7	7	-3.507420000009006
7	7	-3.4944512500078417
7	7	-3.355076250009006
7	7	-3.2975762499991106
7	7	-3.2847325000038836
7	7	-3.193388750005397
7	7	-3.189076250011567
7	7	-3.1484200000122655
7	7	-3.079701250011567
7	7	-3.0768575000111014
7	7	-3.0694512500049314
7	7	-3.062607500003651
7	7	-3.057170000000042
7	7	-3.051201250011218
7	7	-3.046201250006561
7	7	-3.029951250005979
7	7	-3.021607500006212
7	7	-2.8210137499991106
7	7	-2.750326250010403
7	7	-2.7216075000033015
7	7	-2.714576250000391
7	7	-2.691420000002836
7	7	-2.617107500002021
7	7	-2.5946700000058627
7	7	-2.5501387500116834
7	7	-2.5221700000111014
7	7	-2.4637012500024866
7	7	-2.426326250002603
7	7	-2.3584512500092387
7	7	-2.290201249998063
7	7	-2.237670000002254
7	7	-2.2309825000120327
7	7	-2.1938262500043493
7	7	-2.0917637500097044
7	7	-2.0682325000088895
7	7	-2.0029512500041164
7	7	-1.800201250007376
7	7	-1.7098574999981793
7	7	-1.5911085000116145
7	7	-1.5650147500127787
7	7	-1.5604522500070743
7	7	-1.5110147500090534
7	7	-1.4640147500031162
7	7	-1.2879522500006715
7	7	-1.2312960000126623
7	7	-1.2040460000134772
7	7	-1.1323585000063758
7	7	-1.0575147500057938
7	7	-1.0339835000049789
7	7	-0.9767647500120802
7	7	-0.9333897500036983
7	7	-0.8679210000118474
7	7	-0.803639750010916
7	7	-0.7891085000010207
7	7	-0.7854835000034655
7	7	-0.7022960000031162
7	7	-0.650671000010334
7	7	-0.6237960000144085
7	7	-0.6107960000081221
7	7	-0.5487335000070743
7	7	-0.4796710000082385
7	7	-0.46476475000963546
7	7	-0.4181710000120802
7	7	-0.3229210000135936
7	7	-0.18373350000183564
7	7	-0.1048585000098683
7	7	-0.02885850000893697
7	7	-0.01685850000649225
7	7	-0.008233500004280359
7	7	0.022297749994322658
7	7	0.16061024999362417
7	7	0.28314149999641813
7	7	0.29545399999187794
7	7	0.33829774998594075
7	7	0.34873524999420624
7	7	0.37767274999350775
7	7	0.4124852499953704
7	7	0.44154774998605717
7	7	0.5315164999919944
7	7	0.5712352499976987
7	7	0.6403289999871049
7	7	0.6884227499976987
7	7	0.7411727499857079
7	7	0.7646102499857079
7	7	0.7693289999879198
7	7	0.8499539999902481
7	7	0.930390500012436
7	7	0.9671405000117375
7	7	1.0157967500126688
7	7	1.0963279999996303
7	7	1.1440467500069644
7	7	1.1718905000016093
7	7	1.1841717500064988
7	7	1.2419217499991646
7	7	1.338171750001493
7	7	1.5273905000067316
7	7	1.6399217500002123
7	7	1.6891717500111554
7	7	1.691390500011039
7	7	1.8087655000126688
7	7	1.821953000006033
7	7	1.825734250000096
7	7	1.931328000006033
7	7	1.9371092500077793
7	7	1.9517342500039376
7	8	-5.948169249997591
7	8	-5.927044249998289
7	8	-5.846294249990024
7	8	-5.834981749998406
7	8	-5.743762999991304
7	8	-5.715700499989907
7	8	-5.635669249997591
7	8	-5.58566924999468
7	8	-5.580575499989209
7	8	-5.513137999994797
7	8	-5.378356749992236
7	8	-5.336356749990955
7	8	-5.330294249986764
7	8	-5.242856749988277
7	8	-5.003606749989558
7	8	-4.978044249990489
7	8	-4.924387999999453
7	8	-4.876794249998056
7	8	-4.858075500000268
7	8	-4.819575499990606
7	8	-4.790012999990722
7	8	-4.784606749992236
7	8	-4.7047317499964265
7	8	-4.667325499991421
7	8	-4.653606749998289
7	8	-4.608262999987346
7	8	-4.599544249998871
7	8	-4.519106749998173
7	8	-4.49270049999177
7	8	-4.4487629999930505
7	8	-4.438231749998522
7	8	-4.42238799999177
7	8	-4.370169249988976
7	8	-4.348856749988045
7	8	-4.319075499995961
7	8	-4.229856749996543
7	8	-4.12923174999014
7	8	-4.103356749998056
7	8	-4.013137999994797
7	8	-3.9623577499878593
7	8	-3.8975139999965904
7	8	-3.8469202499982202
7	8	-3.7224514999979874
7	8	-3.7091077499935636
7	8	-3.69535774999531
7	8	-3.675201499994728
7	8	-3.6042327499890234
7	8	-3.5625139999901876
7	8	-3.5484514999989187
7	8	-3.5106077499949606
7	8	-3.5035764999920502
7	8	-3.315138999998453
7	8	-3.268232749993331
7	8	-3.2271077499899548
7	8	-3.2152639999985695
7	8	-3.0309514999971725
7	8	-2.966732749991934
7	8	-2.9321389999968233
7	8	-2.835295249999035
7	8	-2.8158889999904204
7	8	-2.725607749991468
7	8	-2.6388577499892563
7	8	-2.626388999997289
7	8	-2.5193264999979874
7	8	-2.5159202499926323
7	8	-2.476826500002062
7	8	-2.4124202499951934
7	8	-2.363451500001247
7	8	-2.349857749999501
7	8	-2.321107750001829
7	8	-2.2062952499982202
7	8	-2.1977639999968233
7	8	-2.124014000000898
7	8	-2.042201499993098
7	8	-2.02679524999985
7	8	-1.9807014999969397
7	8	-1.9637640000000829
7	8	-1.9407014999887906
7	8	-1.9262014999985695
7	8	-1.828076499994495
7	8	-1.8060140000015963
7	8	-1.7218264999974053
7	8	-1.6655139999929816
7	8	-1.6542015000013635
7	8	-1.602232749995892
7	8	-1.5499514999974053
7	8	-1.5356389999942621
7	8	-1.485202500000014
7	8	-1.441921249992447
7	8	-1.4257337500021094
7	8	-1.4049525000009453
7	8	-1.3564837500016438
7	8	-1.3291087499965215
7	8	-1.2088274999987334
7	8	-1.1305774999927962
7	8	-1.0881712499976857
7	8	-1.0217649999976857
7	8	-1.0144524999923306
7	8	-1.0058274999901187
7	8	-0.9858899999962887
7	8	-0.9763899999961723
7	8	-0.8553587499918649
7	8	-0.8383587499993155
7	8	-0.7569524999998976
7	8	-0.7018899999966379
7	8	-0.6269524999952409
7	8	-0.5937962500029244
7	8	-0.5782962499943096
7	8	-0.5462962500023423
7	8	-0.5041087499994319
7	8	-0.43298374999722
7	8	-0.2892649999994319
7	8	-0.19957749999593943
7	8	-0.08460874999582302
7	8	0.0270474999997532
7	8	0.031141250001383014
7	8	0.06717249999928754
7	8	0.13345375000790227
7	8	0.20764125000278
7	8	0.24145375000080094
7	8	0.2672350000066217
7	8	0.2782350000052247
7	8	0.32589125000231434
7	8	0.34489125000254717
7	8	0.3488599999982398
7	8	0.3779849999991711
7	8	0.4979224999988219
7	8	0.5821412500081351
7	8	0.6207350000040606
7	8	0.6365787499962607
7	8	0.695203750001383
7	8	0.8195474999956787
7	8	0.841578749998007
7	8	0.8545787500042934
7	8	0.8807037500082515
7	8	0.9082662500004517
7	8	0.9465475000033621
7	8	1.0023902499960968
7	8	1.0137027500022668
7	8	1.0822964999970281
7	8	1.1232652500038967
7	8	1.1567652499943506
7	8	1.2688277499983087
7	8	1.3890777500055265
7	8	1.437546500004828
7	8	1.4518902499985415
7	8	1.4724215000023833
7	8	1.483390249995864
7	8	1.5217027500038967
7	8	1.6095464999962132
7	8	1.7198902499949327
7	8	1.749234000002616
7	8	1.8797027499967953
7	8	1.907640250006807
7	9	-5.956387999991421
7	9	-5.838137999991886
7	9	-5.831794249985251
7	9	-5.725669249994098
7	9	-5.661419249983737
7	9	-5.640106749997358
7	9	-5.6257004999934
7	9	-5.604825499991421
7	9	-5.59057549998397
7	9	-5.5389192499860656
7	9	-5.501637999986997
7	9	-5.482669249991886
7	9	-5.470231749990489
7	9	-5.442169249989092
7	9	-5.383887999996659
7	9	-5.365075499983504
7	9	-5.200887999992119
7	9	-5.186294249986531
7	9	-5.1621692499902565
7	9	-5.100606749983854
7	9	-5.076700499994331
7	9	-5.0399817499856
7	9	-5.033700499989209
7	9	-4.9149817499856
7	9	-4.8830754999944475
7	9	-4.870012999992468
7	9	-4.815981749983621
7	9	-4.740169249984319
7	9	-4.7371067499916535
7	9	-4.7097629999916535
7	9	-4.687481749992003
7	9	-4.671637999985251
7	9	-4.641606749995844
7	9	-4.5805442499840865
7	9	-4.564387999984319
7	9	-4.532387999992352
7	9	-4.493012999984785
7	9	-4.431450499992934
7	9	-4.350512999997591
7	9	-4.2899504999950295
7	9	-4.263356749986997
7	9	-4.239762999990489
7	9	-4.225169249984901
7	9	-4.197075499992934
7	9	-4.17238799999177
7	9	-4.14135674998397
7	9	-4.131294249993516
7	9	-4.096231749994331
7	9	-4.007825499997125
7	9	-4.005044249992352
7	9	-3.953325499984203
7	9	-3.925575499990373
7	9	-3.883356749996892
7	9	-3.8712629999936325
7	9	-3.849512999993749
7	9	-3.794419249985367
7	9	-3.737669249996543
7	9	-3.7207942499953788
7	9	-3.714419249983621
7	9	-3.6310129999910714
7	9	-3.5320442499942146
7	9	-3.459951499986346
7	9	-3.3888889999943785
7	9	-3.2991389999951934
7	9	-3.276357749986346
7	9	-3.2349202499899548
7	9	-3.1986077499896055
7	9	-3.1790764999896055
7	9	-3.165670249989489
7	9	-3.1300452499999665
7	9	-3.072513999999501
7	9	-3.057513999985531
7	9	-3.01998274998914
7	9	-2.982576499998686
7	9	-2.9346389999991516
7	9	-2.877107749998686
7	9	-2.865170249991934
7	9	-2.7923577499896055
7	9	-2.693920249992516
7	9	-2.647076499997638
7	9	-2.5014202499878593
7	9	-2.440045249997638
7	9	-2.352451499988092
7	9	-2.3018264999991516
7	9	-2.2792952499876264
7	9	-2.271545249997871
7	9	-2.149826499997289
7	9	-2.103670249998686
7	9	-2.0466702499979874
7	9	-1.987513999993098
7	9	-1.9278264999884414
7	9	-1.9117014999937965
7	9	-1.7934827499993844
7	9	-1.7201077499921666
7	9	-1.634607749991119
7	9	-1.6245764999912353
7	9	-1.5210452499886742
7	9	-1.5171702499937965
7	9	-1.4021389999979874
7	9	-1.2300452499912353
7	9	-1.208638999989489
7	9	-1.1274514999968233
7	9	-1.0336389999865787
7	9	-1.025763999990886
7	9	-0.9765149999730056
7	9	-0.9451712499867426
7	9	-0.942639999979292
7	9	-0.9192337499844143
7	9	-0.8747024999756832
7	9	-0.8382024999737041
7	9	-0.7414524999767309
7	9	-0.7223899999808054
7	9	-0.7011399999755668
7	9	-0.6864524999837158
7	9	-0.6779837499780115
7	9	-0.642264999973122
7	9	-0.5766712499753339
7	9	-0.42629624997789506
7	9	-0.40145249998022337
7	9	-0.36598374997265637
7	9	-0.3352337499818532
7	9	-0.29570249997777864
7	9	-0.24179624997486826
7	9	-0.21098374997382052
7	9	-0.14698374997533392
7	9	-0.12835874997836072
7	9	-0.12167124997358769
7	9	-0.1080462499812711
7	9	-0.09707749997323845
7	9	0.026766250026412308
7	9	0.18848500002059154
7	9	0.25067250001302455
7	9	0.3425787500164006
7	9	0.3663912500196602
7	9	0.37729750001744833
7	9	0.47464125002443325
7	9	0.5040787500183797
7	9	0.512547500024084
7	9	0.5691100000258302
7	9	0.6247037500143051
7	9	0.6587037500139559
7	9	0.760891250014538
7	9	0.8105787500244332
7	9	0.8651100000133738
7	9	0.8957975000230363
7	9	0.9246725000266451
7	9	1.0106412500172155
7	9	1.0893600000272272
7	9	1.1394537500164006
7	9	1.1481412500143051
7	9	1.1977975000190781
7	9	1.2702975000138395
7	9	1.3116412500239676
7	9	1.3806100000219885
7	9	1.4687350000167498
7	9	1.6004527500190306
7	9	1.6190777500160038
7	9	1.6830777500144904
7	9	1.7320465000229888
7	9	1.8172340000164695
7	9	1.8629840000212425
7	9	1.9970465000224067
7	10	-5.815950250005699
7	10	-5.790825250005582
7	10	-5.726732499999343
7	10	-5.695763750001788
7	10	-5.636826250003651
7	10	-5.543576249998296
7	10	-5.523326249996899
7	10	-5.509607500003767
7	10	-5.504138750009588
7	10	-5.486482499996782
7	10	-5.476263750009821
7	10	-5.444857499998761
7	10	-5.367357499999343
7	10	-5.302794999995967
7	10	-5.270795000004
7	10	-5.197326249995967
7	10	-5.174920000004931
7	10	-5.082138750003651
7	10	-5.031701250001788
7	10	-5.024357500005863
7	10	-5.013513750003767
7	10	-4.931451249998645
7	10	-4.891076250001788
7	10	-4.839138750001439
7	10	-4.811669999995502
7	10	-4.8075450000033015
7	10	-4.702607500003069
7	10	-4.68913875000726
7	10	-4.671357500003069
7	10	-4.566263750006328
7	10	-4.554638750007143
7	10	-4.51629500000854
7	10	-4.513826249996782
7	10	-4.44188875000691
7	10	-4.406701250001788
7	10	-4.384388749997015
7	10	-4.263107500009937
7	10	-4.1996075000060955
7	10	-4.189482500005397
7	10	-4.164638750007725
7	10	-4.1307325000088895
7	10	-4.076732500005164
7	10	-3.9786075000010896
7	10	-3.8540137500094716
7	10	-3.8378887500002747
7	10	-3.69285750000563
7	10	-3.6539825000072597
7	10	-3.5603262500080746
7	10	-3.5048262500058627
7	10	-3.492826250003418
7	10	-3.3716700000077253
7	10	-3.331857500001206
7	10	-3.2526700000016717
7	10	-3.2246397499984596
7	10	-3.218733500005328
7	10	-3.211202250007773
7	10	-3.115202250002767
7	10	-3.0127960000099847
7	10	-3.010046000010334
7	10	-2.928827249997994
7	10	-2.890171000006376
7	10	-2.749858499999391
7	10	-2.7316085000056773
7	10	-2.7153897500102175
7	10	-2.7047647500003222
7	10	-2.696702250003
7	10	-2.6907334999996237
7	10	-2.680170999999973
7	10	-2.6751710000098683
7	10	-2.655920999997761
7	10	-2.6428897500009043
7	10	-2.5953897500003222
7	10	-2.584389750001719
7	10	-2.520827250002185
7	10	-2.5061085000052117
7	10	-2.4607335000036983
7	10	-2.458139750000555
7	10	-2.42679599999974
7	10	-2.4179835000104504
7	10	-2.3032959999982268
7	10	-2.288327250003931
7	10	-2.2028585000080056
7	10	-2.1167022500012536
7	10	-2.0074210000020685
7	10	-2.0035460000071907
7	10	-1.9477960000076564
7	10	-1.8545772500074236
7	10	-1.8112022499990417
7	10	-1.7933272500085877
7	10	-1.7462959999975283
7	10	-1.7028272500028834
7	10	-1.6970147500105668
7	10	-1.6688897499989253
7	10	-1.5950147500116145
7	10	-1.5748897500016028
7	10	-1.559483500008355
7	10	-1.5370147500070743
7	10	-1.5101710000017192
7	10	-1.4558585000049789
7	10	-1.3750147500104504
7	10	-1.300358500011498
7	10	-1.2535460000071907
7	10	-1.1773585000046296
7	10	-1.125483499999973
7	10	-1.1028272500116145
7	10	-1.0228585000004387
7	10	-1.0039210000104504
7	10	-0.9703897500003222
7	10	-0.8702334999979939
7	10	-0.8608585000038147
7	10	-0.8092335000110324
7	10	-0.7576720000070054
7	10	-0.6694532500114292
7	10	-0.6166720000037458
7	10	-0.6075157500017667
7	10	-0.5899220000137575
7	10	-0.4247657500091009
7	10	-0.40173450000293087
7	10	-0.3969845000101486
7	10	-0.38795324999955483
7	10	-0.3858595000056084
7	10	-0.2726095000107307
7	10	-0.22079700000176672
7	10	-0.19892200001049787
7	10	-0.17451575001177844
7	10	-0.17189075000351295
7	10	-0.10998450001352467
7	10	-0.10085950000211596
7	10	0.0006404999876394868
7	10	0.021515499989618547
7	10	0.050952999998116866
7	10	0.18239049999101553
7	10	0.19826549998833798
7	10	0.23604674999660347
7	10	0.28054675000021234
7	10	0.34354674999485724
7	10	0.3669217499991646
7	10	0.37720299999637064
7	10	0.4164217499928782
7	10	0.43048424999869894
7	10	0.4648592499870574
7	10	0.5219529999885708
7	10	0.654577999986941
7	10	0.696015499997884
7	10	0.7097654999961378
7	10	0.7882029999891529
7	10	0.9084529999963706
7	10	0.9562967499950901
7	10	0.9738904999976512
7	10	0.9853904999908991
7	10	1.040171749991714
7	10	1.1095467499981169
7	10	1.1326404999999795
7	10	1.1579217499966035
7	10	1.2149529999878723
7	10	1.349265499986359
7	10	1.4149217499943916
7	10	1.4568279999948572
7	10	1.48795299998892
7	10	1.526390499988338
7	10	1.5955154999974184
7	10	1.6538904999906663
7	10	1.6808592499874067
7	10	1.6942967499926453
7	10	1.7044529999984661
7	10	1.7752019999898039
7	10	1.8140457499976037
7	10	1.885608249984216
7	10	1.937951999992947
7	10	1.943701999989571
7	11	-5.988262250015396
7	11	-5.925513250011136
7	11	-5.884482000008575
7	11	-5.868857000008575
7	11	-5.866325750015676
7	11	-5.854044500010787
7	11	-5.844044500016025
7	11	-5.83223200001521
7	11	-5.825607000020682
7	11	-5.820544500020333
7	11	-5.815638250016491
7	11	-5.810388250014512
7	11	-5.786075750016607
7	11	-5.752263250018586
7	11	-5.668419500012533
7	11	-5.652575750020333
7	11	-5.6058882500219624
7	11	-5.531763250008225
7	11	-5.437107000019751
7	11	-5.417482000018936
7	11	-5.393825750012184
7	11	-5.382388250014628
7	11	-5.3743882500129985
7	11	-5.259013250019052
7	11	-5.149138250009855
7	11	-5.129950750007993
7	11	-5.046200750017306
7	11	-4.975669500010554
7	11	-4.929013250017306
7	11	-4.824075750017073
7	11	-4.817263250020915
7	11	-4.625888250011485
7	11	-4.564200750013697
7	11	-4.5423570000129985
7	11	-4.533200750011019
7	11	-4.529575750013464
7	11	-4.466919500016957
7	11	-4.393107000010787
7	11	-4.38766950002173
7	11	-4.37538825001684
7	11	-4.240888250016724
7	11	-4.204450750010437
7	11	-4.179763250009273
7	11	-4.123607000015909
7	11	-4.102575750017422
7	11	-4.058138250009506
7	11	-3.992638250012533
7	11	-3.963263250014279
7	11	-3.9427632500155596
7	11	-3.877825750008924
7	11	-3.868075750011485
7	11	-3.8323257500160253
7	11	-3.784888250011136
7	11	-3.7510445000079926
7	11	-3.616857000015443
7	11	-3.585982000018703
7	11	-3.57929450001393
7	11	-3.5555132500157924
7	11	-3.4701070000155596
7	11	-3.4460445000149775
7	11	-3.40663825001684
7	11	-3.3910767500201473
7	11	-3.284420500014676
7	11	-3.261108000020613
7	11	-3.256264250012464
7	11	-3.2532330000103684
7	11	-3.1498267500137445
7	11	-3.1396392500173533
7	11	-2.8831080000236398
7	11	-2.869264250010019
7	11	-2.7966080000187503
7	11	-2.7155455000174697
7	11	-2.5875455000204965
7	11	-2.5751080000190996
7	11	-2.425983000022825
7	11	-2.400826750017586
7	11	-2.2993892500235233
7	11	-2.2962330000154907
7	11	-2.193451750019449
7	11	-2.1119205000140937
7	11	-1.9567955000238726
7	11	-1.920451750018401
7	11	-1.9063892500125803
7	11	-1.8915767500147922
7	11	-1.8571705000213115
7	11	-1.759264250023989
7	11	-1.6639830000203801
7	11	-1.6580767500126967
7	11	-1.642576750018634
7	11	-1.4868892500235233
7	11	-1.454983000017819
7	11	-1.4256705000152579
7	11	-1.3965767500194488
7	11	-1.2423580000177026
7	11	-1.1791080000111833
7	11	-0.9959517500101356
7	11	-0.987358000013046
7	11	-0.9463892500207294
7	11	-0.8286402500089025
7	11	-0.7206402500014519
7	11	-0.7029527499980759
7	11	-0.6553590000112308
7	11	-0.6347652499971446
7	11	-0.5724840000038967
7	11	-0.3869527500064578
7	11	-0.3165465000056429
7	11	-0.30839025000750553
7	11	-0.12495275000401307
7	11	-0.11654650000855327
7	11	-0.11245275000692345
7	11	-0.04185900000447873
7	11	0.0826097499957541
7	11	0.16642224999668542
7	11	0.1796722500002943
7	11	0.23085974999412429
7	11	0.2569847499980824
7	11	0.377109749999363
7	11	0.4098284999927273
7	11	0.5022659999958705
7	11	0.536953499991796
7	11	0.5410784999985481
7	11	0.5763597499899333
7	11	0.6248909999994794
7	11	0.6419222499971511
7	11	0.6510159999888856
7	11	0.8946722499968018
7	11	0.95245349999459
7	11	1.0201410000008764
7	11	1.1470160000026226
7	11	1.2417659999919124
7	11	1.257859749995987
7	11	1.3023597499995958
7	11	1.3932034999888856
7	11	1.4156722499901662
7	11	1.4637347499956377
7	11	1.4781409999995958
7	11	1.5097347499977332
7	11	1.5264222499972675
7	11	1.5462659999902826
7	11	1.5577337499998976
7	11	1.5974212500004796
7	11	1.6380462499946589
7	11	1.7061712499998976
7	11	1.7278899999946589
7	11	1.7340462499996647
7	11	1.8266087499941932
7	11	1.87829624999722
7	11	1.939358749994426
7	11	1.9646087500004796
7	12	-5.913137750001624
7	12	-5.807794000007561
7	12	-5.780231500000809
7	12	-5.762012749997666
7	12	-5.731481499999063
7	12	-5.661856499995338
7	12	-5.632200250009191
7	12	-5.570294000004651
7	12	-5.550231500004884
7	12	-5.5200752499949886
7	12	-5.517075249998015
7	12	-5.337482500006445
7	12	-5.308295000009821
7	12	-5.3036387500033015
7	12	-5.180888750008307
7	12	-5.174545000001672
7	12	-5.078670000002603
7	12	-5.075826250002137
7	12	-5.010920000000624
7	12	-4.998513750004349
7	12	-4.989107500005048
7	12	-4.985513749998063
7	12	-4.9396387500019046
7	12	-4.895044999997481
7	12	-4.861888750005164
7	12	-4.825170000010985
7	12	-4.8147325000027195
7	12	-4.810138750006445
7	12	-4.795263749998412
7	12	-4.767357500008075
7	12	-4.755795000004582
7	12	-4.71201375000237
7	12	-4.689888749999227
7	12	-4.6307325000088895
7	12	-4.5192012500046985
7	12	-4.493576250009937
7	12	-4.474670000010519
7	12	-4.455295000007027
7	12	-4.3374512500013225
7	12	-4.299920000004931
7	12	-4.28563875000691
7	12	-4.220326249997015
7	12	-4.153263750005863
7	12	-4.138607500004582
7	12	-3.866513750006561
7	12	-3.8123887499968987
7	12	-3.7882012500049314
7	12	-3.705419999998412
7	12	-3.619701250005164
7	12	-3.573951250000391
7	12	-3.572107500003767
7	12	-3.535607500001788
7	12	-3.502607500005979
7	12	-3.392732500011334
7	12	-3.3703575000108685
7	12	-3.3582012499973644
7	12	-3.26729499999783
7	12	-3.223388750004233
7	12	-3.176326250002603
7	12	-3.094794999997248
7	12	-3.049482500005979
7	12	-3.0080137500044657
7	12	-2.990795000005164
7	12	-2.88448249999783
7	12	-2.8713272500026505
7	12	-2.8564210000040475
7	12	-2.842921000003116
7	12	-2.731983500008937
7	12	-2.7062647500133608
7	12	-2.6617022499995073
7	12	-2.653858500008937
7	12	-2.5882335000060266
7	12	-2.5449210000078892
7	12	-2.515389750013128
7	12	-2.4627022500062594
7	12	-2.4348585000116145
7	12	-2.419796000001952
7	12	-2.4044522500043968
7	12	-2.3378272500121966
7	12	-2.218702250000206
7	12	-2.1723272500094026
7	12	-2.160421000007773
7	12	-2.1336710000032326
7	12	-2.020639750000555
7	12	-1.9813272500032326
7	12	-1.9496397500042804
7	12	-1.926170999999158
7	12	-1.830264750009519
7	12	-1.7862022500048624
7	12	-1.6857022500043968
7	12	-1.6677960000088206
7	12	-1.6240772500023013
7	12	-1.6010460000106832
7	12	-1.5496710000006715
7	12	-1.4397647500009043
7	12	-1.40704600000754
7	12	-1.3926085000130115
7	12	-1.1664835000119638
7	12	-1.1541397500113817
7	12	-1.084889750010916
7	12	-0.998639750003349
7	12	-0.8139835000038147
7	12	-0.7267960000026505
7	12	-0.7090147500130115
7	12	-0.6443897499993909
7	12	-0.6187647500046296
7	12	-0.6002960000041639
7	12	-0.5716085000021849
7	12	-0.363922000004095
7	12	-0.3323907500016503
7	12	-0.30810950000886805
7	12	-0.2389532500092173
7	12	-0.21307825000258163
7	12	-0.13226575001317542
7	12	-0.07523450000735465
7	12	-0.05695325000851881
7	12	0.027390499992179684
7	12	0.049609249996137805
7	12	0.09917174998554401
7	12	0.2587654999952065
7	12	0.30635924999660347
7	12	0.3267342499893857
7	12	0.44829674999346025
7	12	0.4534529999946244
7	12	0.4612029999989318
7	12	0.5446717499871738
7	12	0.5604842499888036
7	12	0.58951549998892
7	12	0.6129842499940423
7	12	0.6680154999921797
7	12	0.7435779999941587
7	12	0.8404217499919469
7	12	0.9112342499865917
7	12	0.9507654999906663
7	12	0.9982654999912484
7	12	1.017765499986126
7	12	1.0280154999927618
7	12	1.1255154999962542
7	12	1.141109249991132
7	12	1.1767654999857768
7	12	1.2374217499891529
7	12	1.296640499989735
7	12	1.3987654999946244
7	12	1.4497654999868246
7	12	1.4690467499895021
7	12	1.4935467499890365
7	12	1.5692342499969527
7	12	1.614890499986359
7	12	1.6183592499874067
7	12	1.6799529999989318
7	12	1.7315467499865917
7	12	1.7448592499858933
7	12	1.8286404999962542
7	12	1.8759529999952065
7	12	1.887202999991132
7	12	1.96410924999509
7	13	-5.924513250007294
7	13	-5.891138250008225
7	13	-5.874263250007061
7	13	-5.871575750003103
7	13	-5.850794500001939
7	13	-5.765700750009273
7	13	-5.678575750003802
7	13	-5.608888250004384
7	13	-5.602419500006363
7	13	-5.579638250012067
7	13	-5.480357000007643
7	13	-5.4777632500045
7	13	-5.381857000000309
7	13	-5.344919499999378
7	13	-5.294919500011019
7	13	-5.238763250003103
7	13	-5.231763250005315
7	13	-5.176482000009855
7	13	-5.173232000001008
7	13	-5.1318882500054315
7	13	-5.101388250011951
7	13	-5.085200750007061
7	13	-5.021669499998097
7	13	-5.0160445000074105
7	13	-5.0029820000054315
7	13	-4.936732000001939
7	13	-4.926357000003918
7	13	-4.879514250002103
7	13	-4.864483000012115
7	13	-4.85698300000513
7	13	-4.822389250010019
7	13	-4.674514250000357
7	13	-4.602358000003733
7	13	-4.5752017500053626
7	13	-4.507858000011765
7	13	-4.491483000005246
7	13	-4.456826749999891
7	13	-4.386639250005828
7	13	-4.357639250010834
7	13	-4.255358000009437
7	13	-4.235389250010485
7	13	-4.141108000010718
7	13	-4.033701750013279
7	13	-3.9917330000025686
7	13	-3.907889250011067
7	13	-3.869670500003849
7	13	-3.7842017500079237
7	13	-3.7005455000035
7	13	-3.6503580000135116
7	13	-3.6019517500099028
7	13	-3.5366392500000075
7	13	-3.5310142500093207
7	13	-3.52435800000967
7	13	-3.519139250012813
7	13	-3.5107330000028014
7	13	-3.5017017500067595
7	13	-3.4047642500081565
7	13	-3.353733000010834
7	13	-3.332451750000473
7	13	-3.3035142500011716
7	13	-3.2902642500121146
7	13	-3.2189205000031507
7	13	-3.203045500005828
7	13	-3.1208267500041984
7	13	-3.084795500006294
7	13	-3.0683267500135116
7	13	-2.8653892500005895
7	13	-2.789576750001288
7	13	-2.7784205000061775
7	13	-2.758451750007225
7	13	-2.7437642500008224
7	13	-2.6601080000109505
7	13	-2.564764250011649
7	13	-2.521795500011649
7	13	-2.518608000013046
7	13	-2.4952955000044312
7	13	-2.4220142500125803
7	13	-2.390046499989694
7	13	-2.3104839999869
7	13	-2.297546499990858
7	13	-2.230515249990276
7	13	-2.186421499995049
7	13	-2.1829839999991236
7	13	-2.0580777499999385
7	13	-2.0462339999940014
7	13	-1.9531402499997057
7	13	-1.9479839999985415
7	13	-1.8197027499991236
7	13	-1.8060464999871328
7	13	-1.6967027499922551
7	13	-1.6912027499929536
7	13	-1.6472652499942342
7	13	-1.566765249997843
7	13	-1.5459215000009863
7	13	-1.4052027500001714
7	13	-1.3644214999949327
7	13	-1.3160152499913238
7	13	-1.298671500000637
7	13	-1.2555777499946998
7	13	-1.1720464999962132
7	13	-1.0435152499994729
7	13	-1.0370152499963297
7	13	-1.007858999990276
7	13	-0.9587339999998221
7	13	-0.8450152500008699
7	13	-0.8257339999981923
7	13	-0.7809527499921387
7	13	-0.7452964999974938
7	13	-0.6932964999869
7	13	-0.6096402499970281
7	13	-0.5742339999997057
7	13	-0.5538902499974938
7	13	-0.456046499995864
7	13	-0.444733999989694
7	13	-0.4349839999922551
7	13	-0.4251714999991236
7	13	-0.41754650000075344
7	13	-0.33007774999714456
7	13	-0.30173399999330286
7	13	-0.25367149998783134
7	13	-0.20792149999761023
7	13	-0.15879649999260437
7	13	-0.12557774999004323
7	13	-0.09782774999621324
7	13	-0.026171499994234182
7	13	-0.009858999997959472
7	13	0.031391000011353754
7	13	0.03751600001123734
7	13	0.11295249999966472
7	13	0.24832749999768566
7	13	0.27357750000373926
7	13	0.28532750000886153
7	13	0.29823374999978114
7	13	0.3911087500018766
7	13	0.5012649999989662
7	13	0.5818900000012945
7	13	0.6033900000038557
7	13	0.6355462500068825
7	13	0.6830150000023423
7	13	0.7457649999996647
7	13	0.7523587500036228
7	13	0.8915462500008289
7	13	0.99857750000956
7	13	1.039264999999432
7	13	1.058202500003972
7	13	1.094265000006999
7	13	1.2389837500086287
7	13	1.25289000000339
7	13	1.4186087499983842
7	13	1.4589525000046706
7	13	1.5143900000111898
7	13	1.5552650000026915
7	13	1.5915462499979185
7	13	1.6417024999973364
7	13	1.6797337500029244
7	13	1.7356712500040885
7	13	1.7613899999996647
7	13	1.7806087500066496
7	13	1.869765000010375
7	13	1.9544837499997811
7	14	-5.986731749988394
7	14	-5.961700499989092
7	14	-5.881200499992701
7	14	-5.82845049999014
7	14	-5.813919249994797
7	14	-5.780387999984669
7	14	-5.754919249986415
7	14	-5.720669249989442
7	14	-5.707325499985018
7	14	-5.6259192499856
7	14	-5.537731749995146
7	14	-5.525512999985949
7	14	-5.4178254999860656
7	14	-5.309981749989674
7	14	-5.272919249997358
7	14	-5.257575499985251
7	14	-5.059356749989092
7	14	-5.022887999992236
7	14	-4.9875129999854835
7	14	-4.869169249985134
7	14	-4.8518254999944475
7	14	-4.8439192499936325
7	14	-4.754137999989325
7	14	-4.731512999991537
7	14	-4.700075499989907
7	14	-4.6874504999868805
7	14	-4.644544249997125
7	14	-4.636794249992818
7	14	-4.546295249994728
7	14	-4.525732749985764
7	14	-4.508545249991585
7	14	-4.439326499996241
7	14	-4.401295249990653
7	14	-4.338420249987394
7	14	-4.3072639999882085
7	14	-4.262295249995077
7	14	-4.244388999999501
7	14	-4.0131702499929816
7	14	-3.9784202499868115
7	14	-3.9647639999893727
7	14	-3.935107749988674
7	14	-3.8398577499901876
7	14	-3.7455764999904204
7	14	-3.6500764999946114
7	14	-3.6345764999859966
7	14	-3.5712327499932144
7	14	-3.55845149999368
7	14	-3.538701499986928
7	14	-3.5051702499913517
7	14	-3.408982749999268
7	14	-3.395107749995077
7	14	-3.3743889999896055
7	14	-3.2820764999923995
7	14	-3.263607749991934
7	14	-3.181482749991119
7	14	-3.1309514999884414
7	14	-3.0914827499946114
7	14	-3.088451499992516
7	14	-3.0841077499935636
7	14	-3.0653577499906532
7	14	-2.9315452499868115
7	14	-2.9001077499997336
7	14	-2.7901077499991516
7	14	-2.787763999993331
7	14	-2.7200764999870444
7	14	-2.5913889999937965
7	14	-2.5317639999993844
7	14	-2.342138999985764
7	14	-2.3231702499906532
7	14	-2.284076500000083
7	14	-2.2295452499965904
7	14	-2.1084212499990826
7	14	-2.091702499994426
7	14	-2.065296249988023
7	14	-1.97985874999722
7	14	-1.7659212500002468
7	14	-1.6475774999998976
7	14	-1.6359525000007125
7	14	-1.5762337499909336
7	14	-1.545639999996638
7	14	-1.5281087499897694
7	14	-1.525921249995008
7	14	-1.4906712499941932
7	14	-1.4240774999925634
7	14	-1.3642337499913992
7	14	-1.2975149999983842
7	14	-1.2417024999886053
7	14	-1.0944212499889545
7	14	-1.0715774999989662
7	14	-1.0569212499976857
7	14	-0.9810149999975692
7	14	-0.9506399999954738
7	14	-0.9310774999903515
7	14	-0.8306087499950081
7	14	-0.7233587499940768
7	14	-0.7192337500018766
7	14	-0.6596087499929126
7	14	-0.6250149999978021
7	14	-0.5457962499931455
7	14	-0.5195774999883724
7	14	-0.4303899999940768
7	14	-0.4000462499971036
7	14	-0.38254624999535736
7	14	-0.36801500000001397
7	14	-0.33535874998779036
7	14	-0.3205149999994319
7	14	-0.2523899999941932
7	14	-0.21479625000210945
7	14	-0.11538999999174848
7	14	-0.08576499999617226
7	14	-0.0757024999911664
7	14	-0.05817124999884982
7	14	0.021422500009066425
7	14	0.036235000006854534
7	14	0.14057875001162756
7	14	0.24207875000138301
7	14	0.2473912499990547
7	14	0.313422500010347
7	14	0.33910900000773836
7	14	0.43167150000226684
7	14	0.4422964999976102
7	14	0.4980152500065742
7	14	0.5210152500076219
7	14	0.5855777499964461
7	14	0.662265250008204
7	14	0.6722027500072727
7	14	0.7110777500056429
7	14	0.7598589999979595
7	14	0.8932652500079712
7	14	0.9171714999974938
7	14	0.9665152500092518
7	14	0.9703277500084369
7	14	1.1463902499963297
7	14	1.2120777500094846
7	14	1.2341715000075055
7	14	1.2945777499990072
7	14	1.3025152500049444
7	14	1.3996402500051772
7	14	1.4831090000079712
7	14	1.5015777500084369
7	14	1.5350777499988908
7	14	1.6255777500045951
7	14	1.7973590000037802
7	14	1.806484000000637
7	14	1.871859000006225
7	14	1.9102340000099503
7	14	1.9188902500027325
7	14	1.984733999997843
7	14	1.991421500002616
7	15	-5.984668750010314
7	15	-5.927700000000186
7	15	-5.908668750009383
7	15	-5.7863875000039116
7	15	-5.7673562499985565
7	15	-5.7556374999985565
7	15	-5.715731250005774
7	15	-5.649825000000419
7	15	-5.622231250003097
7	15	-5.518356250002398
7	15	-5.487981250000303
7	15	-5.364418750003097
7	15	-5.357918749999953
7	15	-5.238637500006007
7	15	-5.203043750007055
7	15	-5.102356250004959
7	15	-4.872668750002049
7	15	-4.840793750001467
7	15	-4.8155750000005355
7	15	-4.694450000009965
7	15	-4.667293749997043
7	15	-4.66407500000787
7	15	-4.642918750003446
7	15	-4.6379500000039116
7	15	-4.576637500009383
7	15	-4.551699999996345
7	15	-4.529324999995879
7	15	-4.470544749987312
7	15	-4.462950999994064
7	15	-4.459263499986264
7	15	-4.36329474998638
7	15	-4.262044749993947
7	15	-4.221482249995461
7	15	-4.162607249993016
7	15	-4.1567947499861475
7	15	-4.131138499986264
7	15	-4.123732249994646
7	15	-4.1124822499841684
7	15	-4.0129822499875445
7	15	-3.9829509999835864
7	15	-3.9517322499887086
7	15	-3.9252947499917354
7	15	-3.8938259999849834
7	15	-3.849263499985682
7	15	-3.838263499987079
7	15	-3.8051072499947622
7	15	-3.695794749990455
7	15	-3.662482249987079
7	15	-3.629169749983703
7	15	-3.5816384999925504
7	15	-3.5633572499937145
7	15	-3.48085724998964
7	15	-3.4717634999833535
7	15	-3.451982249986031
7	15	-3.3862634999968577
7	15	-3.3215759999875445
7	15	-3.2881697499833535
7	15	-3.2843884999892907
7	15	-3.248044749983819
7	15	-3.116357249993598
7	15	-3.0931384999857983
7	15	-3.0657322499901056
7	15	-2.856888499984052
7	15	-2.803638499986846
7	15	-2.7468259999877773
7	15	-2.5942009999853326
7	15	-2.505732249992434
7	15	-2.4603572499909205
7	15	-2.380857249983819
7	15	-2.3051072499947622
7	15	-2.261575999989873
7	15	-2.184075999990455
7	15	-2.162388499986264
7	15	-2.136169749996043
7	15	-2.073982249989058
7	15	-2.048451999988174
7	15	-2.0335144999990007
7	15	-1.969795749988407
7	15	-1.8887644999922486
7	15	-1.8857019999850309
7	15	-1.7775457499956246
7	15	-1.6507019999990007
7	15	-1.6399832499882905
7	15	-1.6330144999956246
7	15	-1.6273582499852637
7	15	-1.3628269999899203
7	15	-1.2869207499898039
7	15	-1.285389499986195
7	15	-1.2806082499882905
7	15	-1.1027644999994664
7	15	-1.0913894999976037
7	15	-1.0654207499901531
7	15	-1.0540457499882905
7	15	-0.9868269999860786
7	15	-0.974951999989571
7	15	-0.9573894999921322
7	15	-0.891170749993762
7	15	-0.8245769999921322
7	15	-0.706858249992365
7	15	-0.6747957499901531
7	15	-0.6303269999916665
7	15	-0.5470144999853801
7	15	-0.4792332499928307
7	15	-0.4445457499969052
7	15	-0.41285824999795295
7	15	-0.3958894999959739
7	15	-0.3527957499900367
7	15	-0.3152644999936456
7	15	-0.26520199999504257
7	15	-0.20970199999283068
7	15	-0.1795457499974873
7	15	-0.11626449998584576
7	15	-0.06138949999876786
7	15	-0.03085824998561293
7	15	-0.018920749993412755
7	15	0.017579250008566305
7	15	0.039954250009031966
7	15	0.052735500008566305
7	15	0.08692300000984687
7	15	0.22267300001112744
7	15	0.29970425000647083
7	15	0.4149230000039097
7	15	0.4172355000046082
7	15	0.4999845000129426
7	15	0.6143907500081696
7	15	0.6318595000047935
7	15	0.6804220000049099
7	15	0.7320782500028145
7	15	0.7359220000071218
7	15	0.7953282500093337
7	15	0.8185157500120113
7	15	0.8570782500028145
7	15	0.9165157500101486
7	15	0.9608282500121277
7	15	1.0385470000037458
7	15	1.0873282500106143
7	15	1.1222970000089845
7	15	1.1375782500108471
7	15	1.1429532500042114
7	15	1.2082345000089845
7	15	1.3084532500070054
7	15	1.313453250011662
7	15	1.3842345000011846
7	15	1.5103907500015339
7	15	1.5182970000023488
7	15	1.5962970000109635
7	15	1.6612345000030473
7	15	1.6741719999990892
7	15	1.7681407500058413
7	15	1.7856720000127098
7	15	1.8602345000108471
7	15	1.9010470000066562
7	15	1.9289220000064233
7	15	1.9707657500111964
7	15	1.9823907500103815
7	16	-5.975669499996002
7	16	-5.861294500005897
7	16	-5.845888249998097
7	16	-5.7427007499936735
7	16	-5.640857000005781
7	16	-5.603294500004267
7	16	-5.58832574999542
7	16	-5.574388249995536
7	16	-5.560731999998097
7	16	-5.555106999992859
7	16	-5.478638250002405
7	16	-5.430075750002288
7	16	-5.418669499995303
7	16	-5.406263249999029
7	16	-5.3094195000012405
7	16	-5.293544500003918
7	16	-5.1609820000012405
7	16	-5.121450749997166
7	16	-5.014638249995187
7	16	-4.937794500001473
7	16	-4.854201750000357
7	16	-4.84548299999733
7	16	-4.7546704999986105
7	16	-4.67379549999896
7	16	-4.641795500006992
7	16	-4.591045499997563
7	16	-4.561701750004431
7	16	-4.4821705000067595
7	16	-4.430514249994303
7	16	-4.417514250002569
7	16	-4.38432675000513
7	16	-4.369420500006527
7	16	-4.269951750000473
7	16	-4.265420499999891
7	16	-4.261264250002569
7	16	-4.198732999997446
7	16	-4.160982999994303
7	16	-4.083482999994885
7	16	-3.8830454999988433
7	16	-3.8602329999994254
7	16	-3.813951749994885
7	16	-3.6694830000051297
7	16	-3.4860767500067595
7	16	-3.457045500006643
7	16	-3.3375455000059446
7	16	-3.291014250004082
7	16	-3.260170499997912
7	16	-3.112233000007109
7	16	-3.105483000006643
7	16	-3.042045499998494
7	16	-2.9437330000073416
7	16	-2.8947642499988433
7	16	-2.882795500001521
7	16	-2.842701750007109
7	16	-2.840764249995118
7	16	-2.8187330000073416
7	16	-2.8097642500069924
7	16	-2.6813580000016373
7	16	-2.5023267500073416
7	16	-2.412140250002267
7	16	-2.3418902499979595
7	16	-2.3326402500097174
7	16	-2.2392340000078548
7	16	-2.1979839999985415
7	16	-2.1901714999985415
7	16	-2.1118589999969117
7	16	-2.1024840000027325
7	16	-2.0852027500077384
7	16	-2.0692652500001714
7	16	-2.0219840000063414
7	16	-1.858796500004246
7	16	-1.8035777500044787
7	16	-1.7995152500079712
7	16	-1.7924840000050608
7	16	-1.755702750000637
7	16	-1.6998590000002878
7	16	-1.6327339999988908
7	16	-1.5502652499999385
7	16	-1.5467340000031982
7	16	-1.5295152500038967
7	16	-1.4916402500093682
7	16	-1.4582965000008699
7	16	-1.4485777500085533
7	16	-1.3666714999999385
7	16	-1.2981715000059921
7	16	-1.2439215000049444
7	16	-1.2030152500083204
7	16	-1.1736402500100667
7	16	-1.1665464999969117
7	16	-1.1550152499985415
7	16	-1.0627652499970281
7	16	-1.0202340000105323
7	16	-0.9951402500009863
7	16	-0.9044839999987744
7	16	-0.8295777500024997
7	16	-0.8206402500072727
7	16	-0.7911089999979595
7	16	-0.6834214999980759
7	16	-0.6439214999991236
7	16	-0.5427652500075055
7	16	-0.5184840000001714
7	16	-0.5000777500099503
7	16	-0.4862965000065742
7	16	-0.37235900000086986
7	16	-0.32989025001006667
7	16	-0.3196089999983087
7	16	-0.30385900000692345
7	16	-0.21007775000180118
7	16	-0.17273400000703987
7	16	-0.15304650001053233
7	16	-0.12635900000168476
7	16	-0.09898399999656249
7	16	-0.03132775000995025
7	16	0.04567224999482278
7	16	0.06395250000059605
7	16	0.09139000000141095
7	16	0.11470249999547377
7	16	0.1760775000002468
7	16	0.2755462499917485
7	16	0.39013999998860527
7	16	0.41851499999756925
7	16	0.42904624999209773
7	16	0.5215462499909336
7	16	0.5871087499981513
7	16	0.6147962499962887
7	16	0.6238587499974528
7	16	0.7113899999967543
7	16	0.7395774999895366
7	16	0.8051712500018766
7	16	0.8123587500012945
7	16	0.9049525000009453
7	16	1.0249524999962887
7	16	1.0931712499877904
7	16	1.1749837499955902
7	16	1.177421249987674
7	16	1.2079212499957066
7	16	1.3796087499940768
7	16	1.4362337499915157
7	16	1.4978274999884889
7	16	1.55017124999722
7	16	1.556952499988256
7	16	1.5841087500011781
7	16	1.6894212499901187
7	16	1.6974524999968708
7	16	1.7187337499926798
7	16	1.8123587500012945
7	16	1.815577499990468
7	16	1.8727024999971036
7	16	1.96463999999105
7	17	-5.957137250006781
7	17	-5.936199749994557
7	17	-5.913168500002939
7	17	-5.85401224999805
7	17	-5.8110122499929275
7	17	-5.746418499998981
7	17	-5.73660600000585
7	17	-5.661918500001775
7	17	-5.5762309999990975
7	17	-5.406231000000844
7	17	-5.397074749998865
7	17	-5.348480999993626
7	17	-5.1951069999922765
7	17	-5.188325749986689
7	17	-5.113669499987736
7	17	-5.064825749985175
7	17	-4.939294499985408
7	17	-4.931669499987038
7	17	-4.865606999985175
7	17	-4.832731999980751
7	17	-4.728638249987853
7	17	-4.694919499990647
7	17	-4.616606999989017
7	17	-4.5968257499916945
7	17	-4.525106999979471
7	17	-4.502919499980635
7	17	-4.438638249979704
7	17	-4.433263249986339
7	17	-4.422419499984244
7	17	-4.380325749982148
7	17	-4.359106999982032
7	17	-4.336294499982614
7	17	-4.310513249991345
7	17	-4.230325749987969
7	17	-4.1554194999916945
7	17	-4.1270444999827305
7	17	-4.122106999988318
7	17	-4.105013249980402
7	17	-3.9634819999919273
7	17	-3.9482632499857573
7	17	-3.8822007499838946
7	17	-3.81491949998599
7	17	-3.794231999985641
7	17	-3.783888249992742
7	17	-3.755075749984826
7	17	-3.5668257499928586
7	17	-3.553825749986572
7	17	-3.4947632499824977
7	17	-3.472200749980402
7	17	-3.4607319999922765
7	17	-3.4407632499933243
7	17	-3.418513249984244
7	17	-3.3057007499883184
7	17	-3.220450749984593
7	17	-3.2062007499916945
7	17	-3.149606999984826
7	17	-3.1273569999902975
7	17	-3.0722632499819156
7	17	-3.063169499990181
7	17	-3.0233257499930914
7	17	-2.995513249989017
7	17	-2.8903882499871543
7	17	-2.8824194999906467
7	17	-2.8770757499878528
7	17	-2.7727642499958165
7	17	-2.7560767499817302
7	17	-2.6160142499866197
7	17	-2.515014249991509
7	17	-2.503076749984757
7	17	-2.3810142499860376
7	17	-2.372920499983593
7	17	-2.3541704999952344
7	17	-2.2949517499946523
7	17	-2.2932954999851063
7	17	-2.2535454999888316
7	17	-2.211670499993488
7	17	-2.1163267499941867
7	17	-2.0935142499947688
7	17	-2.0695454999950016
7	17	-2.0409517499938374
7	17	-2.0282017499848735
7	17	-1.9813267499848735
7	17	-1.8707954999845242
7	17	-1.7629829999932554
7	17	-1.7566079999814974
7	17	-1.6581704999844078
7	17	-1.6359204999898793
7	17	-1.612857999993139
7	17	-1.5785142499953508
7	17	-1.5064829999901121
7	17	-1.4969517499848735
7	17	-1.4342642499832436
7	17	-1.358139249990927
7	17	-1.285670499986736
7	17	-1.2681392499944195
7	17	-1.2335142499941867
7	17	-1.2024517499958165
7	17	-1.1982329999882495
7	17	-1.0377642499952344
7	17	-0.9949204999866197
7	17	-0.9312954999913927
7	17	-0.8520767499867361
7	17	-0.8088267499842914
7	17	-0.758732999995118
7	17	-0.6907017499906942
7	17	-0.6708579999831272
7	17	-0.6638579999853391
7	17	-0.6185767499846406
7	17	-0.45551424998848233
7	17	-0.43688924999150913
7	17	-0.3657954999944195
7	17	-0.30382774998724926
7	17	-0.2675152499869
7	17	-0.2556402499903925
7	17	-0.09367149998433888
7	17	-0.06051524999202229
7	17	0.027172250003786758
7	17	0.04773475001275074
7	17	0.06782850000308827
7	17	0.08029725000960752
7	17	0.08882850001100451
7	17	0.10248475000844337
7	17	0.18164100000285544
7	17	0.24823475000448525
7	17	0.262703500004136
7	17	0.3940472500107717
7	17	0.45526600000448525
7	17	0.46439100001589395
7	17	0.4864535000087926
7	17	0.5444222500082105
7	17	0.5627035000070464
7	17	0.6019222500035539
7	17	0.8480785000137985
7	17	0.9151097500143806
7	17	0.9500472500076285
7	17	0.9857347500073956
7	17	1.0503597500064643
7	17	1.0877972500020405
7	17	1.1307660000020405
7	17	1.1373597500059986
7	17	1.2003285000100732
7	17	1.212328500012518
7	17	1.3068597500096075
7	17	1.4231097500160104
7	17	1.4262347500043688
7	17	1.487422250007512
7	17	1.5601722500141477
7	17	1.5646722500096075
7	17	1.5698285000107717
7	17	1.7677972500096075
7	17	1.7886410000064643
7	17	1.8098597500065807
7	17	1.8315472500107717
7	17	1.8996097500057658
7	17	1.9902347500028554
7	18	-5.9620122500055
7	18	-5.95501224999316
7	18	-5.852668499996071
7	18	-5.849168500004453
7	18	-5.813949749994208
7	18	-5.80773099999351
7	18	-5.771137250005268
7	18	-5.7198247500055
7	18	-5.703855999992811
7	18	-5.65032474999316
7	18	-5.636824749992229
7	18	-5.6139497499971185
7	18	-5.519543500005966
7	18	-5.486730999997235
7	18	-5.463137250000727
7	18	-5.416605999998865
7	18	-5.358231000005617
7	18	-5.342949750003754
7	18	-5.317449750000378
7	18	-5.301418500006548
7	18	-5.242543500004103
7	18	-5.2028257500060135
7	18	-5.183763249995536
7	18	-5.178325750006479
7	18	-5.160919500005548
7	18	-5.013388250008575
7	18	-4.939794499994605
7	18	-4.9305132500012405
7	18	-4.91232575000322
7	18	-4.903481999994256
7	18	-4.8402632500074105
7	18	-4.81388825000613
7	18	-4.735075749995303
7	18	-4.663700749995769
7	18	-4.623450750004849
7	18	-4.558482000007643
7	18	-4.547231999997166
7	18	-4.460888250003336
7	18	-4.416888249994372
7	18	-4.413419500007876
7	18	-4.355357000007643
7	18	-4.336232000001473
7	18	-4.3066382499964675
7	18	-4.287950750003802
7	18	-4.229669499996817
7	18	-4.165544500006945
7	18	-4.116950750001706
7	18	-4.072232000005897
7	18	-4.013169500001823
7	18	-3.9898257500026375
7	18	-3.9792319999978645
7	18	-3.959450750000542
7	18	-3.890075750008691
7	18	-3.8650132500042673
7	18	-3.8358569999982137
7	18	-3.830232000007527
7	18	-3.752638250007294
7	18	-3.6786382499994943
7	18	-3.587232000005315
7	18	-3.470013250000193
7	18	-3.439607000007527
7	18	-3.418450750003103
7	18	-3.3396382500068285
7	18	-3.3235132499976316
7	18	-3.2946070000034524
7	18	-3.2861695000028703
7	18	-3.2202632499975152
7	18	-3.19670075000613
7	18	-3.1767320000071777
7	18	-3.1416382500028703
7	18	-3.1377632500079926
7	18	-3.0922007500048494
7	18	-3.029982000007294
7	18	-2.9413882500084583
7	18	-2.9397632500040345
7	18	-2.907513250000193
7	18	-2.8920757500018226
7	18	-2.7118570000020554
7	18	-2.6907642500009388
7	18	-2.6602017499972135
7	18	-2.6463267500075744
7	18	-2.5498892500036163
7	18	-2.545326749997912
7	18	-2.526826750006876
7	18	-2.443451750004897
7	18	-2.41498300000967
7	18	-2.350514250007109
7	18	-2.281889250007225
7	18	-2.270983000009437
7	18	-2.251358000008622
7	18	-2.071858000010252
7	18	-1.999076749998494
7	18	-1.971014249997097
7	18	-1.9572955000039656
7	18	-1.8324205000099028
7	18	-1.827920499999891
7	18	-1.8127955000090878
7	18	-1.7215142500062939
7	18	-1.7082955000078073
7	18	-1.7048267500067595
7	18	-1.5915142500016373
7	18	-1.3936705000087386
7	18	-1.3895767500071088
7	18	-1.3252330000104848
7	18	-1.3056392500002403
7	18	-1.2938580000045476
7	18	-1.2589204999967478
7	18	-1.1959829999977956
7	18	-1.1248267500050133
7	18	-1.0842642500065267
7	18	-1.0094205000059446
7	18	-0.9965455000055954
7	18	-0.9083267500100192
7	18	-0.8547017500095535
7	18	-0.8346705000003567
7	18	-0.806326749996515
7	18	-0.7911080000048969
7	18	-0.747639250010252
7	18	-0.6152642500092043
7	18	-0.5721705000032671
7	18	-0.5216080000100192
7	18	-0.48838925000745803
7	18	-0.4801080000033835
7	18	-0.43267049999849405
7	18	-0.42645174999779556
7	18	-0.3637330000055954
7	18	-0.3587017500103684
7	18	-0.32432675000745803
7	18	-0.26229549999698065
7	18	-0.1917340000072727
7	18	-0.0853590000042459
7	18	-0.08317150000948459
7	18	-0.06798400000843685
7	18	0.041859749995637685
7	18	0.1440159999910975
7	18	0.26245349999226164
7	18	0.26814099999319296
7	18	0.3626722499902826
7	18	0.39495349999924656
7	18	0.4215472499927273
7	18	0.44164099999761675
7	18	0.44342224999854807
7	18	0.46107849999680184
7	18	0.5215784999891184
7	18	0.6384847500012256
7	18	0.6914222499908647
7	18	0.7565784999897005
7	18	0.7921097499929601
7	18	0.902297249995172
7	18	0.9482659999921452
7	18	0.9635159999888856
7	18	0.9775159999990137
7	18	1.0025784999888856
7	18	1.0125784999981988
7	18	1.0533909999940079
7	18	1.063484749989584
7	18	1.0696097499894677
7	18	1.1043597499956377
7	18	1.1355784999905154
7	18	1.1371409999992466
7	18	1.1994222499924945
7	18	1.217359749993193
7	18	1.323453499993775
7	18	1.3832034999941243
7	18	1.4598284999956377
7	18	1.4881722499994794
7	18	1.6129847499978496
7	18	1.6266722500004107
7	18	1.6621409999934258
7	18	1.6876409999968018
7	18	1.7320472499995958
7	18	1.8506722499878379
7	18	1.898390999995172
7	18	1.9071409999887692
7	19	-5.905356749994098
7	19	-5.885887999989791
7	19	-5.848075499990955
7	19	-5.680044249995262
7	19	-5.631919249994098
7	19	-5.507419249988743
7	19	-5.424106749997009
7	19	-5.258950499992352
7	19	-5.220606749993749
7	19	-5.191825499990955
7	19	-5.092669249992468
7	19	-5.077637999987928
7	19	-5.061356749996776
7	19	-5.001919249989442
7	19	-4.972075499987113
7	19	-4.95676299999468
7	19	-4.95423174998723
7	19	-4.890919249985018
7	19	-4.879575499988277
7	19	-4.868669249990489
7	19	-4.747076499988907
7	19	-4.7404514999943785
7	19	-4.695076499992865
7	19	-4.618232749999152
7	19	-4.58501399999659
7	19	-4.4926077499985695
7	19	-4.470763999997871
7	19	-4.450138999993214
7	19	-4.429701499990188
7	19	-4.422857749988907
7	19	-4.3574202499876264
7	19	-4.3378889999876264
7	19	-4.3023264999937965
7	19	-4.255920249997871
7	19	-4.232545249993564
7	19	-4.215920249989722
7	19	-4.20710774998588
7	19	-4.149763999987044
7	19	-4.12954524999077
7	19	-4.041170249998686
7	19	-4.0324827499862295
7	19	-3.930670249988907
7	19	-3.9037952499929816
7	19	-3.7732327499979874
7	19	-3.745826499987743
7	19	-3.720263999988674
7	19	-3.688795249996474
7	19	-3.676951499990537
7	19	-3.587763999996241
7	19	-3.561607749987161
7	19	-3.5367327499989187
7	19	-3.4903264999884414
7	19	-3.4772639999864623
7	19	-3.4056389999896055
7	19	-3.374326499993913
7	19	-3.326107749991934
7	19	-3.2610139999887906
7	19	-3.248701499993331
7	19	-3.230951499994262
7	19	-3.0875139999989187
7	19	-3.03132649998588
7	19	-2.998420249990886
7	19	-2.97682649998751
7	19	-2.9316702499927487
7	19	-2.794670249990304
7	19	-2.750357749988325
7	19	-2.722388999987743
7	19	-2.7059827499906532
7	19	-2.697638999990886
7	19	-2.6656077499937965
7	19	-2.6416389999940293
7	19	-2.564388999991934
7	19	-2.53110774999368
7	19	-2.484763999993447
7	19	-2.473451499987277
7	19	-2.4308264999854146
7	19	-2.4080139999859966
7	19	-2.3793264999985695
7	19	-2.342233749994193
7	19	-2.2537650000012945
7	19	-2.1492024999897694
7	19	-2.1337024999957066
7	19	-2.090858750001644
7	19	-1.9318899999925634
7	19	-1.8757962499948917
7	19	-1.848889999993844
7	19	-1.7165149999927962
7	19	-1.6024212499905843
7	19	-1.6007024999998976
7	19	-1.5055149999971036
7	19	-1.4876399999920977
7	19	-1.4239212499960558
7	19	-1.1993587499891873
7	19	-1.1792337499937275
7	19	-1.162639999995008
7	19	-1.1551399999880232
7	19	-1.0675149999879068
7	19	-1.0582649999996647
7	19	-1.0026087500009453
7	19	-0.9623274999903515
7	19	-0.8658900000009453
7	19	-0.8523274999897694
7	19	-0.8464837499923306
7	19	-0.4925775000010617
7	19	-0.47157749999314547
7	19	-0.4690462500002468
7	19	-0.4641087499912828
7	19	-0.46117124999000225
7	19	-0.45545249999850057
7	19	-0.452202499989653
7	19	-0.44917124998755753
7	19	-0.4460774999897694
7	19	-0.43160874999011867
7	19	-0.4084524999925634
7	19	-0.395046249992447
7	19	0.07504750000953209
7	19	0.28120275000401307
7	19	0.39920275000622496
7	19	0.41114024999842513
7	19	0.4532340000005206
7	19	0.49414024999714456
7	19	0.5458590000052936
7	19	0.5481715000059921
7	19	0.5753277500043623
7	19	0.6302027500059921
7	19	0.6446715000056429
7	19	0.6834527500031982
7	19	0.7455777499999385
7	19	0.7891402500099503
7	19	0.7972339999978431
7	19	0.9544215000059921
7	19	1.0674527500086697
7	19	1.1183277500094846
7	19	1.1328902500099503
7	19	1.2841402500052936
7	19	1.355421500004013
7	19	1.468796500004828
7	19	1.4851090000011027
7	19	1.5059215000073891
7	19	1.6098590000037802
7	19	1.627827750009601
7	19	1.73154649999924
7	19	1.734327750004013
7	19	1.8178277499973774
7	19	1.8307652500079712
7	19	1.849859000009019
7	20	-5.927481499995338
7	20	-5.8436689999944065
7	20	-5.7786064999963855
7	20	-5.720856499989168
7	20	-5.657762749993708
7	20	-5.655356499992195
7	20	-5.642512749996968
7	20	-5.599481499986723
7	20	-5.507575249997899
7	20	-5.433793999996851
7	20	-5.36620024999138
7	20	-5.337168999991263
7	20	-5.290137749994756
7	20	-5.147387749995687
7	20	-5.133637749997433
7	20	-5.110575250000693
7	20	-5.002606499998365
7	20	-4.83435649999592
7	20	-4.7285439999977825
7	20	-4.6878252499882365
7	20	-4.665857499989215
7	20	-4.6574512499937555
7	20	-4.571732500000508
7	20	-4.538169999999809
7	20	-4.497138749997248
7	20	-4.4788887499889825
7	20	-4.4453887499985285
7	20	-4.417888750002021
7	20	-4.3520449999923585
7	20	-4.314201250002952
7	20	-4.204169999997248
7	20	-4.162576249989797
7	20	-4.063326249990496
7	20	-4.000826249990496
7	20	-3.9505137499945704
7	20	-3.8283887500001583
7	20	-3.7004199999937555
7	20	-3.587107500003185
7	20	-3.568388749990845
7	20	-3.53232625000237
7	20	-3.5291699999943376
7	20	-3.3767324999935227
7	20	-3.340888749997248
7	20	-3.3064824999892153
7	20	-3.251044999997248
7	20	-3.1877012499899138
7	20	-3.1092637499968987
7	20	-3.0449824999959674
7	20	-3.010701249993872
7	20	-2.9849512499931734
7	20	-2.849826249992475
7	20	-2.733982499994454
7	20	-2.6987949999893317
7	20	-2.47763875000237
7	20	-2.3908887500001583
7	20	-2.3360137499985285
7	20	-2.3180137500021374
7	20	-2.2359825000021374
7	20	-2.2117324999999255
7	20	-2.145202250001603
7	20	-1.9297335000010207
7	20	-1.9113272499962477
7	20	-1.8592959999950835
7	20	-1.8270147500006715
7	20	-1.7191710000042804
7	20	-1.6230459999933373
7	20	-1.6186710000038147
7	20	-1.5045459999964805
7	20	-1.4420772500016028
7	20	-1.4284522499947343
7	20	-1.4137647500028834
7	20	-1.344014749993221
7	20	-1.2587334999989253
7	20	-1.246671000000788
7	20	-1.2178584999928717
7	20	-1.1465460000035819
7	20	-1.1339522499911254
7	20	-1.1291084999975283
7	20	-1.1009835000004387
7	20	-1.0147022500023013
7	20	-0.9576085000007879
7	20	-0.9445772500039311
7	20	-0.9119522499968298
7	20	-0.8015460000024177
7	20	-0.7926084999926388
7	20	-0.7529209999920567
7	20	-0.7477959999960149
7	20	-0.695077249998576
7	20	-0.6547334999922896
7	20	-0.6481084999977611
7	20	-0.6331397500034655
7	20	-0.5532335000025341
7	20	-0.4854522499954328
7	20	-0.4356709999992745
7	20	-0.41217100000358187
7	20	-0.3913897500024177
7	20	-0.35079599999880884
7	20	-0.2711085000046296
7	20	-0.2500772499915911
7	20	-0.24110849999124184
7	20	-0.2161084999970626
7	20	-0.156014749998576
7	20	-0.10670224999194033
7	20	-0.06854599999496713
7	20	-0.04973349999636412
7	20	0.022391499995137565
7	20	0.04007899999851361
7	20	0.05729774999781512
7	20	0.07982899999478832
7	20	0.0856727500067791
7	20	0.1175165000022389
7	20	0.22867275000317022
7	20	0.384453000020585
7	20	0.4954530000104569
7	20	0.550359250017209
7	20	0.6572030000097584
7	20	0.6954217500169761
7	20	0.7291717500193045
7	20	0.7713592500076629
7	20	0.7910780000092927
7	20	0.8122967500094092
7	20	0.8407967500097584
7	20	0.8742342500190716
7	20	1.0635467500105733
7	20	1.086859250019188
7	20	1.188421750019188
7	20	1.3101405000197701
7	20	1.3862655000120867
7	20	1.389984250010457
7	20	1.3919217500078958
7	20	1.5244842500105733
7	20	1.5523592500103405
7	20	1.5747030000202358
7	20	1.7303905000153463
7	20	1.7440467500127852
7	20	1.8588280000112718
7	20	1.914265500017791
7	21	-5.987731999994139
7	21	-5.966325749992393
7	21	-5.854982000004384
7	21	-5.804700749999029
7	21	-5.796075749996817
7	21	-5.674575750002987
7	21	-5.6042319999978645
7	21	-5.561544500000309
7	21	-5.543357000002288
7	21	-5.441044499995769
7	21	-5.431575750000775
7	21	-5.35707574999833
7	21	-5.336575749999611
7	21	-5.308169500000076
7	21	-5.2279819999967
7	21	-5.221794500001124
7	21	-5.215981999994256
7	21	-5.051169500002288
7	21	-4.984763250002288
7	21	-4.919263249990763
7	21	-4.887169499997981
7	21	-4.727325749990996
7	21	-4.692888249992393
7	21	-4.638607000000775
7	21	-4.506200749994605
7	21	-4.480857000002288
7	21	-4.452794500000891
7	21	-4.394575750004151
7	21	-4.307983000006061
7	21	-4.2784205000061775
7	21	-4.242045499995584
7	21	-4.125576749996981
7	21	-4.095170500004315
7	21	-3.9952017500036163
7	21	-3.932983000006061
7	21	-3.901326749997679
7	21	-3.8887954999954673
7	21	-3.876639249996515
7	21	-3.858670500005246
7	21	-3.7526392500003567
7	21	-3.7351392499986105
7	21	-3.7286392499954673
7	21	-3.6565142500039656
7	21	-3.6323267499974463
7	21	-3.6155142500065267
7	21	-3.562483000001521
7	21	-3.4805455000023358
7	21	-3.4304517499986105
7	21	-3.3480142500047805
7	21	-3.3134517500002403
7	21	-3.297170499994536
7	21	-3.2732017499947688
7	21	-3.1622642500005895
7	21	-3.1584517500014044
7	21	-3.113295500006643
7	21	-3.104107999999542
7	21	-3.07145175000187
7	21	-2.962701750002452
7	21	-2.954139249995933
7	21	-2.9448267499974463
7	21	-2.9255142500041984
7	21	-2.912108000004082
7	21	-2.882795500001521
7	21	-2.8492017499957
7	21	-2.8448267500061775
7	21	-2.8391704999958165
7	21	-2.7276392500061775
7	21	-2.6901392500003567
7	21	-2.6229829999938374
7	21	-2.49332675000187
7	21	-2.468639250000706
7	21	-2.4309829999983776
7	21	-2.3410142499924405
7	21	-2.325326749996748
7	21	-2.2584829999977956
7	21	-2.235608000002685
7	21	-2.151608000000124
7	21	-2.1244204999966314
7	21	-2.0521080000035
7	21	-2.0257330000022193
7	21	-2.0006704999977956
7	21	-1.9936080000043148
7	21	-1.9820767500059446
7	21	-1.936576749998494
7	21	-1.8556090000056429
7	21	-1.7197339999984251
7	21	-1.6805152500019176
7	21	-1.628859000004013
7	21	-1.6041402499977266
7	21	-1.5694840000069235
7	21	-1.4694840000011027
7	21	-1.4572027499962132
7	21	-1.414109000004828
7	21	-1.3752965000021504
7	21	-1.342984000002616
7	21	-1.2802027500001714
7	21	-1.2569840000069235
7	21	-1.0832965000008699
7	21	-1.041671500002849
7	21	-0.9402965000044787
7	21	-0.9374839999945834
7	21	-0.7182964999956312
7	21	-0.7145465000066906
7	21	-0.7005777500016848
7	21	-0.6578902500041295
7	21	-0.5799839999963297
7	21	-0.5417339999985415
7	21	-0.42857775000447873
7	21	-0.4095464999991236
7	21	-0.32629650000308175
7	21	-0.322421500008204
7	21	-0.3178277499973774
7	21	-0.25376525000319816
7	21	-0.1252340000064578
7	21	-0.10670274999574758
7	21	-0.031233999994583428
7	21	-0.02773400000296533
7	21	0.04998475000320468
7	21	0.09495349999633618
7	21	0.10720349999610335
7	21	0.17351599999528844
7	21	0.18092225000145845
7	21	0.2056097500026226
7	21	0.24348474999715108
7	21	0.25401599999167956
7	21	0.271328499991796
7	21	0.383797250004136
7	21	0.43532849999610335
7	21	0.469016000002739
7	21	0.518765999993775
7	21	0.5744837499951245
7	21	0.5906399999948917
7	21	0.6013899999961723
7	21	0.6212337499891873
7	21	0.7360774999979185
7	21	0.7659837499959394
7	21	0.8920149999903515
7	21	0.9077649999962887
7	21	1.0103275000001304
7	21	1.0500462499912828
7	21	1.1032962500030408
7	21	1.1579837500030408
7	21	1.1801399999967543
7	21	1.215046249999432
7	21	1.2853899999900023
7	21	1.3055774999957066
7	21	1.3592962499969872
7	21	1.4512649999960558
7	21	1.4601712500007125
7	21	1.5240462499932619
7	21	1.5912024999997811
7	21	1.607733750002808
7	21	1.6193274999968708
7	21	1.7347024999908172
7	21	1.7740462499932619
7	21	1.8067650000011781
7	21	1.903171250000014
7	21	1.9509212499979185
7	22	-5.994106499987538
7	22	-5.9011377499991795
7	22	-5.864575249986956
7	22	-5.847731499990914
7	22	-5.774887749998015
7	22	-5.688793999986956
7	22	-5.601606500000344
7	22	-5.590543999991496
7	22	-5.569606499993824
7	22	-5.536075249998248
7	22	-5.4228252499888185
7	22	-5.3926064999977825
7	22	-5.389387749994057
7	22	-5.320325249995221
7	22	-5.205012749996968
7	22	-5.1878252499882365
7	22	-5.10429399998975
7	22	-5.048918999993475
7	22	-4.982575249989168
7	22	-4.910294000001159
7	22	-4.811762749988702
7	22	-4.781700249994174
7	22	-4.573200250000809
7	22	-4.547231499993359
7	22	-4.499075249987072
7	22	-4.436762749988702
7	22	-4.389512749999994
7	22	-4.367012749993592
7	22	-4.35345124999003
7	22	-4.320357499993406
7	22	-4.197982500001672
7	22	-4.195763750001788
7	22	-4.173107499998878
7	22	-4.166419999994105
7	22	-4.109794999996666
7	22	-4.08782624999003
7	22	-4.066357499992591
7	22	-4.06435749999946
7	22	-3.9441387499973644
7	22	-3.9033574999921257
7	22	-3.8929512499889825
7	22	-3.7970449999993434
7	22	-3.7852012499934062
7	22	-3.725576249998994
7	22	-3.6820137499889825
7	22	-3.6599199999909615
7	22	-3.6320449999911943
7	22	-3.538763749995269
7	22	-3.5167324999929406
7	22	-3.461763749990496
7	22	-3.40813874999003
7	22	-3.3982012499909615
7	22	-3.390326249995269
7	22	-3.289169999989099
7	22	-3.2541700000001583
7	22	-3.2238887499988778
7	22	-3.1805762500007404
7	22	-3.1262012499937555
7	22	-3.0407637500029523
7	22	-2.99776374999783
7	22	-2.953045000002021
7	22	-2.843982499995036
7	22	-2.8255137499945704
7	22	-2.809232499988866
7	22	-2.735638749989448
7	22	-2.704295000003185
7	22	-2.616607499992824
7	22	-2.5556074999913108
7	22	-2.526013750000857
7	22	-2.4917637499893317
7	22	-2.4669512499967823
7	22	-2.442263749995618
7	22	-2.4107637499982957
7	22	-2.387763749997248
7	22	-2.314044999991893
7	22	-2.250763749994803
7	22	-2.2417324999987613
7	22	-2.13857624999946
7	22	-2.0967012499895645
7	22	-2.0757012499962
7	22	-2.003607499995269
7	22	-1.982763749998412
7	22	-1.9146387499931734
7	22	-1.8578584999922896
7	22	-1.7890772499958985
7	22	-1.7556397500011371
7	22	-1.6533897500048624
7	22	-1.6381085000029998
7	22	-1.6038584999914747
7	22	-1.5601397499995073
7	22	-1.4917960000020685
7	22	-1.4559522499912418
7	22	-1.389983500004746
7	22	-1.343108500004746
7	22	-1.2902022499911254
7	22	-1.2330772499990417
7	22	-1.1773272499995073
7	22	-1.148920999999973
7	22	-1.1466397500043968
7	22	-1.0344834999996237
7	22	-1.0227647499996237
7	22	-1.020420999993803
7	22	-0.9099522500036983
7	22	-0.8457647500035819
7	22	-0.8157334999996237
7	22	-0.7897959999972954
7	22	-0.7261710000020685
7	22	-0.7139834999979939
7	22	-0.6653272499970626
7	22	-0.6397647499979939
7	22	-0.5745460000034655
7	22	-0.4660147499962477
7	22	-0.4324835000006715
7	22	-0.3183584999933373
7	22	-0.2839522499998566
7	22	-0.24363974999869242
7	22	-0.15957725000043865
7	22	-0.14185849999194033
7	22	-0.05032724999182392
7	22	-0.03710849999333732
7	22	0.03614150000794325
7	22	0.08739149999746587
7	22	0.11795400000119116
7	22	0.1467665000091074
7	22	0.1719852499954868
7	22	0.23423524999816436
7	22	0.2494227499992121
7	22	0.28595400000631344
7	22	0.3068290000082925
7	22	0.3814540000021225
7	22	0.40742274999502115
7	22	0.42926649999571964
7	22	0.4842977500084089
7	22	0.509485250004218
7	22	0.5200477500038687
7	22	0.5540477500035195
7	22	0.5632977500063134
7	22	0.5660789999965345
7	22	0.57301649999863
7	22	0.659734250017209
7	22	0.6815467500127852
7	22	0.6992655000212835
7	22	0.7440467500127852
7	22	0.9229842500208179
7	22	0.9793592500209343
7	22	1.0304842500190716
7	22	1.0654842500080122
7	22	1.1352030000125524
7	22	1.1739530000195373
7	22	1.218953000017791
7	22	1.3325155000202358
7	22	1.3898592500190716
7	22	1.4131717500131344
7	22	1.4350467500189552
7	22	1.453421750018606
7	22	1.456390500010457
7	22	1.5659217500215163
7	22	1.620984250010224
7	22	1.6433592500106897
7	22	1.7365467500203522
7	22	1.7656717500212835
7	22	1.819078000014997
7	22	1.957953000019188
7	23	-5.987638249993324
7	23	-5.958200749984826
7	23	-5.931231999988086
7	23	-5.914669499994488
7	23	-5.852106999984244
7	23	-5.825763249988086
7	23	-5.807169499981683
7	23	-5.71354449998762
7	23	-5.689013249982963
7	23	-5.67876324999088
7	23	-5.630856999981916
7	23	-5.605231999987154
7	23	-5.580763249992742
7	23	-5.5262007499841275
7	23	-5.455075749981916
7	23	-5.445231999983662
7	23	-5.402731999987736
7	23	-5.383606999981566
7	23	-5.316544499990414
7	23	-5.26041949998762
7	23	-5.255763249981101
7	23	-5.224450749985408
7	23	-5.19832574998145
7	23	-5.109669499986921
7	23	-5.098731999984011
7	23	-5.067044499985059
7	23	-4.917731999987154
7	23	-4.910106999988784
7	23	-4.850231999982498
7	23	-4.827638249989832
7	23	-4.769575749989599
7	23	-4.7491694999916945
7	23	-4.719638249982381
7	23	-4.708763249989715
7	23	-4.685294499984593
7	23	-4.670700749993557
7	23	-4.599450749985408
7	23	-4.41607574999216
7	23	-4.401763249989017
7	23	-4.376200749989948
7	23	-4.3410757499950705
7	23	-4.327638249989832
7	23	-4.302201749989763
7	23	-4.2931079999834765
7	23	-4.266764249987318
7	23	-4.218264249997446
7	23	-4.19667049999407
7	23	-4.140076749987202
7	23	-4.126514249990578
7	23	-4.09648299998662
7	23	-4.0788892499840586
7	23	-4.048107999988133
7	23	-3.954639249990578
7	23	-3.8465454999968642
7	23	-3.8235454999958165
7	23	-3.707826749989181
7	23	-3.6841392499918584
7	23	-3.5752017499908106
7	23	-3.516232999987551
7	23	-3.4788892499927897
7	23	-3.434326749993488
7	23	-3.414482999985921
7	23	-3.3428579999890644
7	23	-3.2882954999950016
7	23	-3.2594204999913927
7	23	-3.171951749987784
7	23	-3.1568267499969807
7	23	-3.151420499983942
7	23	-3.0713892499916255
7	23	-3.064670499996282
7	23	-3.0631704999832436
7	23	-2.9924517499894137
7	23	-2.9118267499870853
7	23	-2.817732999988948
7	23	-2.787826749990927
7	23	-2.7547642499848735
7	23	-2.747920499983593
7	23	-2.6847954999975627
7	23	-2.6541079999879003
7	23	-2.6181392499856884
7	23	-2.5833267499838257
7	23	-2.576451749991975
7	23	-2.562295499985339
7	23	-2.4920142499904614
7	23	-2.424857999983942
7	23	-2.377576749990112
7	23	-2.3270142499968642
7	23	-2.2583892499969807
7	23	-2.239607999988948
7	23	-2.1620454999938374
7	23	-2.153045499988366
7	23	-2.1470454999944195
7	23	-2.0268579999974463
7	23	-1.9132642499898793
7	23	-1.8522954999934882
7	23	-1.7953277499909746
7	23	-1.7900777499889955
7	23	-1.771515249987715
7	23	-1.7099839999864344
7	23	-1.61867149999307
7	23	-1.5950464999914402
7	23	-1.543827749992488
7	23	-1.5327652499981923
7	23	-1.4194214999879478
7	23	-1.2128277499869
7	23	-1.143233999988297
7	23	-1.1100464999908581
7	23	-1.0715152499906253
7	23	-0.9754527499899268
7	23	-0.8961714999895776
7	23	-0.8101714999938849
7	23	-0.7488902499899268
7	23	-0.6714527499862015
7	23	-0.6699214999971446
7	23	-0.6675464999862015
7	23	-0.6358902499923715
7	23	-0.6042964999942342
7	23	-0.5508902499859687
7	23	-0.4917027499905089
7	23	-0.4702652499981923
7	23	-0.2909839999920223
7	23	-0.2640152499952819
7	23	-0.16723399999318644
7	23	-0.15060899998934474
7	23	-0.10360899999795947
7	23	-0.022983999995631166
7	23	-0.006921499996678904
7	23	0.08510975001263432
7	23	0.09057850000681356
7	23	0.15592225000727922
7	23	0.1778910000139149
7	23	0.22010975000739563
7	23	0.35860975000832696
7	23	0.3611410000012256
7	23	0.4137660000124015
7	23	0.4634222500026226
7	23	0.5120160000078613
7	23	0.5346410000056494
7	23	0.5758285000047181
7	23	0.6192972500139149
7	23	0.7039212500094436
7	23	0.7370462500111898
7	23	0.848483750000014
7	23	0.8660462500120047
7	23	0.8711712500080466
7	23	0.9099837500107242
7	23	0.9159837500046706
7	23	0.9449525000090944
7	23	0.9619837500067661
7	23	1.0235150000080466
7	23	1.0402650000032736
7	23	1.113796250006999
7	23	1.174452500010375
7	23	1.3083587500004796
7	23	1.3616087500122376
7	23	1.4393275000038557
7	23	1.4494525000045542
7	23	1.4668587500054855
7	23	1.4788899999985006
7	23	1.494452500002808
7	23	1.6071087500022259
7	23	1.6142337500059512
7	23	1.6992025000072317
7	23	1.7711400000116555
7	23	1.7968587500072317
7	23	1.8500150000036228
7	23	1.914390000005369
7	23	1.9236712499987334
7	23	1.975765000010142
7	24	-5.986169250012608
7	24	-5.927888000020175
7	24	-5.896700500015868
7	24	-5.8345755000191275
7	24	-5.772044250014005
7	24	-5.764356750019942
7	24	-5.718638000020292
7	24	-5.420231750016683
7	24	-5.36666925001191
7	24	-5.355294250010047
7	24	-5.346513000011328
7	24	-5.336263000019244
7	24	-5.324638000020059
7	24	-5.31451300001936
7	24	-5.261325500017847
7	24	-5.235919250015286
7	24	-5.172950500011211
7	24	-5.132950500017614
7	24	-5.11216925001645
7	24	-5.076731750014005
7	24	-5.034763000017847
7	24	-5.019325500019477
7	24	-4.988325500016799
7	24	-4.912856750015635
7	24	-4.904981750019942
7	24	-4.8480442500149366
7	24	-4.777919250016566
7	24	-4.750356750009814
7	24	-4.722825500022736
7	24	-4.691450500016799
7	24	-4.6548880000191275
7	24	-4.599731750015053
7	24	-4.590388000011444
7	24	-4.505325500009349
7	24	-4.42838800001482
7	24	-4.413044250017265
7	24	-4.36957550002262
7	24	-4.337513000020408
7	24	-4.251544250015286
7	24	-4.208107750018826
7	24	-4.160951500016381
7	24	-4.066764000017429
7	24	-4.034545250018709
7	24	-4.018076500011375
7	24	-3.8768577500159154
7	24	-3.7699827500182437
7	24	-3.753545250016032
7	24	-3.7225765000184765
7	24	-3.5785452500131214
7	24	-3.450826500018593
7	24	-3.4385765000188258
7	24	-3.3782327500230167
7	24	-3.3083265000168467
7	24	-3.258107750021736
7	24	-3.2326702500140527
7	24	-3.0307640000246465
7	24	-2.9861390000151005
7	24	-2.9632015000242973
7	24	-2.7462015000201063
7	24	-2.705139000012423
7	24	-2.6717640000133542
7	24	-2.592264000020805
7	24	-2.5393890000123065
7	24	-2.502045250017545
7	24	-2.4769827500131214
7	24	-2.4392952500202227
7	24	-2.35801400001219
7	24	-2.330951500014635
7	24	-2.293764000016381
7	24	-2.289139000014984
7	24	-2.2400452500151005
7	24	-2.0663265000184765
7	24	-2.0488265000167303
7	24	-2.0343577500170795
7	24	-2.0168577500153333
7	24	-1.94785775001219
7	24	-1.9204827500216197
7	24	-1.9162327500234824
7	24	-1.8693890000140527
7	24	-1.8364515000139363
7	24	-1.8199515000160318
7	24	-1.8172640000120737
7	24	-1.7936077500198735
7	24	-1.754076500015799
7	24	-1.6517025000066496
7	24	-1.604858750011772
7	24	-1.599108750000596
7	24	-1.5598900000040885
7	24	-1.4815775000024587
7	24	-1.4008900000044378
7	24	-1.3107025000063004
7	24	-1.2433900000032736
7	24	-1.2217650000093272
7	24	-1.1322650000074646
7	24	-1.0858275000064168
7	24	-1.0430462500080466
7	24	-0.9905775000079302
7	24	-0.8876087500102585
7	24	-0.8620775000017602
7	24	-0.7439212500030408
7	24	-0.6472650000068825
7	24	-0.6277025000017602
7	24	-0.48295250000956
7	24	-0.4627650000038557
7	24	-0.4191712500032736
7	24	-0.40001500000653323
7	24	-0.2817337500018766
7	24	-0.015202499998849817
7	24	0.026610000000800937
7	24	0.05282874999102205
7	24	0.06198499999300111
7	24	0.0870474999974249
7	24	0.09510999999474734
7	24	0.19442249998974148
7	24	0.24142249999567866
7	24	0.3127037499943981
7	24	0.3241412499919534
7	24	0.4056412499921862
7	24	0.42995374999009073
7	24	0.44885999998950865
7	24	0.4567349999997532
7	24	0.5260474999959115
7	24	0.9015777499880642
7	24	0.9309214999957476
7	24	1.0011089999898104
7	24	1.0668277499935357
7	24	1.0829527499881806
7	24	1.1482652499980759
7	24	1.1529214999900432
7	24	1.2553589999879478
7	24	1.403608999986318
7	24	1.561921499989694
7	24	1.5842964999901596
7	24	1.5906402499967953
7	24	1.6701089999987744
7	24	1.6838589999970281
7	24	1.7269839999935357
7	24	1.775546499993652
7	24	1.7927652499929536
7	24	1.8454839999903925
7	24	1.9504527499957476
7	24	1.9555777499917895
7	24	1.967858999996679
7	24	1.9889215000002878
7	25	-5.996419000002788
7	25	-5.91207525000209
7	25	-5.806544000006397
7	25	-5.804450249997899
7	25	-5.792918999999529
7	25	-5.722981500002788
7	25	-5.699668999994174
7	25	-5.6881377499958035
7	25	-5.535887749996618
7	25	-5.507200249994639
7	25	-5.494418999995105
7	25	-5.427293999993708
7	25	-5.410044000003836
7	25	-5.388606499996968
7	25	-5.366731500005699
7	25	-5.186450249995687
7	25	-5.170856500000809
7	25	-5.1202002500067465
7	25	-5.077856500007329
7	25	-5.067794000002323
7	25	-4.976606500000344
7	25	-4.969950250000693
7	25	-4.940356499995687
7	25	-4.936700250007561
7	25	-4.875419000003603
7	25	-4.870575249995454
7	25	-4.859106500007329
7	25	-4.75973150000209
7	25	-4.727450250007678
7	25	-4.705168999993475
7	25	-4.622294000000693
7	25	-4.606637749995571
7	25	-4.5957314999977825
7	25	-4.578075249999529
7	25	-4.445481500006281
7	25	-4.437450249999529
7	25	-4.332450250003603
7	25	-4.316012750001391
7	25	-4.267294000004767
7	25	-4.219856499999878
7	25	-4.201793999993242
7	25	-4.171137750003254
7	25	-4.1575127499963855
7	25	-4.078418999997666
7	25	-4.050637749998714
7	25	-4.0467939999944065
7	25	-3.9662939999980154
7	25	-3.9217939999944065
7	25	-3.893387749994872
7	25	-3.8347314999991795
7	25	-3.8081377500056988
7	25	-3.756795000008424
7	25	-3.7357950000005076
7	25	-3.7128575000097044
7	25	-3.6451387499982957
7	25	-3.6179824999999255
7	25	-3.519982500001788
7	25	-3.515638750002836
7	25	-3.5008887500007404
7	25	-3.4862950000097044
7	25	-3.481013750002603
7	25	-3.451295000006212
7	25	-3.409138750008424
7	25	-3.3569825000013225
7	25	-3.242638750001788
7	25	-3.2386387500009732
7	25	-3.2273887500050478
7	25	-3.2155449999991106
7	25	-3.206451250007376
7	25	-3.1996075000060955
7	25	-3.194513750000624
7	25	-3.1855450000002747
7	25	-3.032294999997248
7	25	-2.9860762500029523
7	25	-2.9839512500038836
7	25	-2.9209200000041164
7	25	-2.852701249998063
7	25	-2.8220137500029523
7	25	-2.8074512500024866
7	25	-2.7947950000088895
7	25	-2.7245762500097044
7	25	-2.6693574999953853
7	25	-2.6606387500069104
7	25	-2.5944200000085402
7	25	-2.525201249998645
7	25	-2.5139512500027195
7	25	-2.4317012499959674
7	25	-2.3737637500016717
7	25	-2.3691387500002747
7	25	-2.3213262500066776
7	25	-2.2747637499996927
7	25	-2.1821387500094716
7	25	-2.1487950000009732
7	25	-2.085763750001206
7	25	-2.0648575000086566
7	25	-2.0534199999965494
7	25	-1.9747950000019046
7	25	-1.9578575000050478
7	25	-1.925076250001439
7	25	-1.8783574999979464
7	25	-1.8482637499982957
7	25	-1.7693887500063283
7	25	-1.7653887500055134
7	25	-1.6874512500071432
7	25	-1.6463262500037672
7	25	-1.6185762499953853
7	25	-1.6082012499973644
7	25	-1.5329825000080746
7	25	-1.467857499999809
7	25	-1.428482500006794
7	25	-1.3736387499957345
7	25	-1.3529512499953853
7	25	-1.3194512500049314
7	25	-1.2755147499992745
7	25	-1.2329522500076564
7	25	-1.221702250011731
7	25	-1.1187960000097519
7	25	-1.05588975000137
7	25	-1.0251085000054445
7	25	-1.004295999999158
7	25	-0.93048350000754
7	25	-0.9257335000002058
7	25	-0.9107960000110324
7	25	-0.7877335000084713
7	25	-0.7768272500106832
7	25	-0.6278897500014864
7	25	-0.6139835000067251
7	25	-0.5653897500014864
7	25	-0.44092100000125356
7	25	-0.40929599999799393
7	25	-0.35248349999892525
7	25	-0.30423350000637583
7	25	-0.28167100000428036
7	25	-0.2298585000098683
7	25	-0.16292100001010112
7	25	-0.11129600000276696
7	25	-0.06892099999822676
7	25	-0.059264750001602806
7	25	0.026954000000841916
7	25	0.029797750001307577
7	25	0.044328999996650964
7	25	0.06273525000142399
7	25	0.11542274999374058
7	25	0.14317275000212248
7	25	0.21492274999036454
7	25	0.24067274999106303
7	25	0.3259539999999106
7	25	0.3790477500006091
7	25	0.3879539999907138
7	25	0.4316102500015404
7	25	0.43498525000177324
7	25	0.46039149998978246
7	25	0.5499227499967674
7	25	0.5732040000002598
7	25	0.634578999990481
7	25	0.7083290000009583
7	25	0.7181102499889676
7	25	0.7235477499925764
7	25	0.8230789999943227
7	25	0.8327040000003763
7	25	0.8764539999974659
7	25	0.8818289999908302
7	25	0.8961414999939734
7	25	1.1222352499898989
7	25	1.15545399999246
7	25	1.1779539999988629
7	25	1.25748424998892
7	25	1.293671749997884
7	25	1.307640499988338
7	25	1.3304217499971855
7	25	1.4074217499874067
7	25	1.4335467499913648
7	25	1.457015499996487
7	25	1.5488592499896185
7	25	1.5744529999938095
7	25	1.671234249995905
7	25	1.6870154999924125
7	25	1.6997654999868246
7	26	-5.817699999999604
7	26	-5.691575000004377
7	26	-5.638950000007753
7	26	-5.6209812500019325
7	26	-5.612012500001583
7	26	-5.539137500003562
7	26	-5.508325000002515
7	26	-5.4619499999971595
7	26	-5.423637500003679
7	26	-5.3784812499943655
7	26	-5.258543749994715
7	26	-5.239199999996345
7	26	-5.163793750005425
7	26	-5.143918750007288
7	26	-5.117262500003562
7	26	-5.076918749997276
7	26	-5.049731249993783
7	26	-5.023418750002747
7	26	-4.876262499994482
7	26	-4.865793749995646
7	26	-4.8479499999957625
7	26	-4.8285437500017
7	26	-4.728107250004541
7	26	-4.712138500006404
7	26	-4.582576000000699
7	26	-4.549013500000001
7	26	-4.51891975000035
7	26	-4.504169749998255
7	26	-4.367669750005007
7	26	-4.348232250005822
7	26	-4.214326000001165
7	26	-4.185826000000816
7	26	-4.095107250002911
7	26	-4.059732249996159
7	26	-3.97163850000652
7	26	-3.9354822500026785
7	26	-3.9269510000012815
7	26	-3.87438850000035
7	26	-3.860075999997207
7	26	-3.837982249999186
7	26	-3.8110135000024457
7	26	-3.782169750003959
7	26	-3.7735760000068694
7	26	-3.712482250004541
7	26	-3.6917322500084992
7	26	-3.67535725000198
7	26	-3.656732250005007
7	26	-3.62126349999744
7	26	-3.5545447500044247
7	26	-3.4389822500088485
7	26	-3.408794750008383
7	26	-3.3642634999996517
7	26	-3.337669750006171
7	26	-3.322763500007568
7	26	-3.2836384999973234
7	26	-3.2420134999993024
7	26	-3.2178572499979055
7	26	-3.2038572500023292
7	26	-3.173513500005356
7	26	-3.1436697500030277
7	26	-3.1239197499962756
7	26	-2.983451000007335
7	26	-2.9757634999987204
7	26	-2.942951000004541
7	26	-2.9387010000064038
7	26	-2.9196384999959264
7	26	-2.8227322500024457
7	26	-2.7837322499981383
7	26	-2.7816072499990696
7	26	-2.7399822500010487
7	26	-2.7192009999998845
7	26	-2.6465135000034934
7	26	-2.5612322500091977
7	26	-2.5564822500018636
7	26	-2.5372635000094306
7	26	-2.5020135000086157
7	26	-2.428638500001398
7	26	-2.3259207499941112
7	26	-2.2129519999871263
7	26	-2.086889499987592
7	26	-2.014545749989338
7	26	-1.9285144999885233
7	26	-1.8616082499938784
7	26	-1.8424832499877084
7	26	-1.7706082499935292
7	26	-1.696483249994344
7	26	-1.6892332499846816
7	26	-1.6374207499902695
7	26	-1.6278269999893382
7	26	-1.6147332499967888
7	26	-1.481639499994344
7	26	-1.4737332499935292
7	26	-1.4690144999913173
7	26	-1.45735824998701
7	26	-1.4488894999958575
7	26	-1.4141082499845652
7	26	-1.3585457499866607
7	26	-1.2917957499885233
7	26	-1.1930457499838667
7	26	-1.1477019999874756
7	26	-1.1407332499948097
7	26	-1.1055457499896875
7	26	-1.078576999992947
7	26	-1.0652332499885233
7	26	-1.0352019999845652
7	26	-1.0091394999908516
7	26	-0.9205144999868935
7	26	-0.8167957499827025
7	26	-0.792076999990968
7	26	-0.7765457499917829
7	26	-0.6897332499938784
7	26	-0.6193269999930635
7	26	-0.5718894999881741
7	26	-0.5551707499835175
7	26	-0.5013894999865443
7	26	-0.45320199998968747
7	26	-0.38488949998281896
7	26	-0.33835824999550823
7	26	-0.31438949999574106
7	26	-0.238514499986195
7	26	-0.21545199998945463
7	26	-0.12942074998863973
7	26	-0.1221394999884069
7	26	-0.018639499990968034
7	26	0.023798000009264797
7	26	0.11526675001368858
7	26	0.12114175001624972
7	26	0.135766750012408
7	26	0.1819532500085188
7	26	0.20714075000432786
7	26	0.2412657500099158
7	26	0.2524845000152709
7	26	0.31660950000514276
7	26	0.32332825001503807
7	26	0.34014075000595767
7	26	0.3693907500128262
7	26	0.4038282500114292
7	26	0.5730782500031637
7	26	0.7082970000046771
7	26	0.7344532500137575
7	26	0.7471407500124769
7	26	0.8208907500084024
7	26	0.8770470000017667
7	26	0.9844532500137575
7	26	1.075797000012244
7	26	1.103953250014456
7	26	1.1300782500038622
7	26	1.1393907500023488
7	26	1.1503282500052592
7	26	1.2317657500097994
7	26	1.2609845000115456
7	26	1.4098282500053756
7	26	1.4497032500075875
7	26	1.6086095000064233
7	26	1.6336095000151545
7	26	1.6432032500015339
7	26	1.7178907500056084
7	26	1.7386720000067726
7	26	1.8214220000081696
7	26	1.8318282500113128
7	26	1.8844532500079367
7	26	1.8993282500014175
7	26	1.9042657500103815
7	26	1.944203250008286
7	27	-5.99182500000461
7	27	-5.910481250000885
7	27	-5.880325000005541
7	27	-5.753293750007288
7	27	-5.748512500009383
7	27	-5.7360124999977415
7	27	-5.726731250004377
7	27	-5.7128875000053085
7	27	-5.645668750003097
7	27	-5.633450000008452
7	27	-5.566387500002747
7	27	-5.540543750001234
7	27	-5.534168750004028
7	27	-5.512887500008219
7	27	-5.428481249997276
7	27	-5.39379375000135
7	27	-5.2282937499985565
7	27	-5.190481249999721
7	27	-5.084137500001816
7	27	-5.069106249997276
7	27	-4.875387500011129
7	27	-4.850700000009965
7	27	-4.830574999999953
7	27	-4.815356250008335
7	27	-4.810793750002631
7	27	-4.796668750001118
7	27	-4.786950000008801
7	27	-4.760356250000768
7	27	-4.727982250013156
7	27	-4.70641975000035
7	27	-4.69857600000978
7	27	-4.532701000003726
7	27	-4.489826000004541
7	27	-4.437325999999302
7	27	-4.430263500005822
7	27	-4.4244822500040755
7	27	-4.375951000009081
7	27	-4.359451000011177
7	27	-4.3456385000026785
7	27	-4.31088850001106
7	27	-4.293857250013389
7	27	-4.262857250010711
7	27	-4.247419750012341
7	27	-4.240076000001864
7	27	-4.186263499999768
7	27	-4.1591697500116425
7	27	-4.038138500007335
7	27	-4.033638500011875
7	27	-3.97945100000652
7	27	-3.9139197500044247
7	27	-3.846513500000583
7	27	-3.8132635000074515
7	27	-3.742701000010129
7	27	-3.6380760000029113
7	27	-3.598576000003959
7	27	-3.5944822500023292
7	27	-3.500482250005007
7	27	-3.4247947500116425
7	27	-3.407357250005589
7	27	-3.367982250012574
7	27	-3.3638572500058217
7	27	-3.348576000003959
7	27	-3.3343260000110604
7	27	-3.252982250007335
7	27	-3.1985447500046575
7	27	-3.0282322500133887
7	27	-2.9647635000001173
7	27	-2.9058885000122245
7	27	-2.7994822500040755
7	27	-2.7909822500078008
7	27	-2.675576000008732
7	27	-2.6664510000118753
7	27	-2.6639197500044247
7	27	-2.656763500010129
7	27	-2.560544750012923
7	27	-2.531044750008732
7	27	-2.480357250009547
7	27	-2.406451000002562
7	27	-2.335638500007917
7	27	-2.3318572499993024
7	27	-2.2396385000029113
7	27	-2.212669750006171
7	27	-2.1544832500076154
7	27	-2.0283582500123885
7	27	-2.0058270000154153
7	27	-1.9427020000148332
7	27	-1.9246082500030752
7	27	-1.9158270000043558
7	27	-1.8379520000016782
7	27	-1.8075770000141347
7	27	-1.8048582500050543
7	27	-1.6737332500051707
7	27	-1.6309207500016782
7	27	-1.622577000001911
7	27	-1.5879520000016782
7	27	-1.5534207500022603
7	27	-1.516483250001329
7	27	-1.4185770000040065
7	27	-1.3737645000073826
7	27	-1.28035825000552
7	27	-1.2770457500155317
7	27	-1.1670457500149496
7	27	-1.1329832500050543
7	27	-1.0458270000090124
7	27	-1.0191082500095945
7	27	-0.9699520000140183
7	27	-0.9240770000033081
7	27	-0.7902957500045886
7	27	-0.6729520000080811
7	27	-0.6570457500056364
7	27	-0.6216395000083139
7	27	-0.5428270000120392
7	27	-0.5292957500059856
7	27	-0.49248325001099147
7	27	-0.4574207500118064
7	27	-0.4027020000066841
7	27	-0.3695457500143675
7	27	-0.3149832500057528
7	27	-0.2951082500076154
7	27	-0.20463950000703335
7	27	-0.15738950000377372
7	27	-0.04742075000831392
7	27	-0.0012020000140182674
7	27	0.06317299998772796
7	27	0.07317299999704119
7	27	0.1627979999902891
7	27	0.26539174998470116
7	27	0.3229844999877969
7	27	0.40235949998896103
7	27	0.4097969999857014
7	27	0.43510949998744763
7	27	0.5811094999953639
7	27	0.7006407499866327
7	27	0.8080469999840716
7	27	0.8445157499954803
7	27	0.8754532499879133
7	27	0.951796999986982
7	27	0.9588282499898924
7	27	1.0389219999924535
7	27	1.089953249989776
7	27	1.2675469999958295
7	27	1.2855157499870984
7	27	1.3087657499854686
7	27	1.414078249988961
7	27	1.4850782499852357
7	27	1.4960469999932684
7	27	1.5044532499887282
7	27	1.513171999991755
7	27	1.6525157499854686
7	27	1.65760949999094
7	27	1.7912032499880297
7	27	1.8141719999839552
7	27	1.863609499996528
7	28	-5.9916380000067875
7	28	-5.931638000009116
7	28	-5.790356750003411
7	28	-5.7881067500129575
7	28	-5.69813800000702
7	28	-5.669356750004226
7	28	-5.540794250002364
7	28	-5.536388000007719
7	28	-5.513763000009931
7	28	-5.4927630000020145
7	28	-5.464575500009232
7	28	-5.390638000011677
7	28	-5.379325500005507
7	28	-5.361388000004808
7	28	-5.332638000007137
7	28	-5.184950500013656
7	28	-5.0829192500095814
7	28	-5.076263000009931
7	28	-5.008044250003877
7	28	-5.000106750012492
7	28	-4.993606750009349
7	28	-4.991419250014587
7	28	-4.98388800000248
7	28	-4.884200500004226
7	28	-4.872919250003179
7	28	-4.866263000003528
7	28	-4.773544250012492
7	28	-4.664669250007137
7	28	-4.557856750005158
7	28	-4.523075500008417
7	28	-4.493606750009349
7	28	-4.484888000006322
7	28	-4.4592630000115605
7	28	-4.361232750015915
7	28	-4.306389000004856
7	28	-4.298889000012423
7	28	-4.22188900000765
7	28	-4.219326500009629
7	28	-4.205326500014053
7	28	-4.137295250009629
7	28	-4.132701500013354
7	28	-4.097201500015217
7	28	-3.992264000014984
7	28	-3.9540765000128886
7	28	-3.9018577500100946
7	28	-3.712139000010211
7	28	-3.7019202500086976
7	28	-3.6642640000063693
7	28	-3.635326500007068
7	28	-3.576732750007068
7	28	-3.5210765000083484
7	28	-3.5048577500128886
7	28	-3.4662952500075335
7	28	-3.3802640000067186
7	28	-3.349982750005438
7	28	-3.3118890000041574
7	28	-3.2434515000059037
7	28	-3.195389000014984
7	28	-3.1813265000091633
7	28	-3.1709515000111423
7	28	-3.1634515000041574
7	28	-3.157451500010211
7	28	-3.152295250009047
7	28	-3.130420250003226
7	28	-3.0651077500078827
7	28	-3.0146077500103274
7	28	-2.970670250011608
7	28	-2.957107750014984
7	28	-2.951857750013005
7	28	-2.9422327500069514
7	28	-2.835920250014169
7	28	-2.833326500011026
7	28	-2.7572327500092797
7	28	-2.606045250009629
7	28	-2.5903577500139363
7	28	-2.575107750017196
7	28	-2.5284827500145184
7	28	-2.4748577500140527
7	28	-2.3454202500142856
7	28	-2.336826500017196
7	28	-2.215951500009396
7	28	-2.163514000014402
7	28	-2.151295250005205
7	28	-2.1311077500140527
7	28	-2.1265765000134706
7	28	-2.0992015000083484
7	28	-2.0715452500153333
7	28	-1.9989515000052052
7	28	-1.9818577500118408
7	28	-1.9699202500050887
7	28	-1.9025149999943096
7	28	-1.8969212499941932
7	28	-1.8831087500002468
7	28	-1.8422337499941932
7	28	-1.833889999994426
7	28	-1.7798587500001304
7	28	-1.7551712499989662
7	28	-1.6707024999923306
7	28	-1.6499524999962887
7	28	-1.6131087499961723
7	28	-1.5568274999968708
7	28	-1.5395462500018766
7	28	-1.5157962499943096
7	28	-1.485514999993029
7	28	-1.4507337499962887
7	28	-1.345921250001993
7	28	-1.3336399999971036
7	28	-1.2302024999953574
7	28	-1.2042337500024587
7	28	-1.182171249995008
7	28	-1.128202499996405
7	28	-1.0936087500012945
7	28	-0.9908900000009453
7	28	-0.9601712500007125
7	28	-0.94429625000339
7	28	-0.9270775000040885
7	28	-0.8954837499913992
7	28	-0.8665462499920977
7	28	-0.8206399999908172
7	28	-0.7444837499933783
7	28	-0.7192337500018766
7	28	-0.6909837499988498
7	28	-0.6412337499932619
7	28	-0.5533274999907007
7	28	-0.520046249992447
7	28	-0.41301499999826774
7	28	-0.3723900000040885
7	28	-0.2583900000026915
7	28	-0.22367125000164378
7	28	0.02470375000848435
7	28	0.035172500007320195
7	28	0.04739125000196509
7	28	0.05407875000673812
7	28	0.2223599999997532
7	28	0.29382875000010245
7	28	0.2959850000042934
7	28	0.4083912500063889
7	28	0.42251625000790227
7	28	0.4278912500012666
7	28	0.4501100000052247
7	28	0.5280162499984726
7	28	0.5469537500030128
7	28	0.6131714999937685
7	28	0.6405777500040131
7	28	0.957077750004828
7	28	0.9637652499950491
7	28	1.1246715000015683
7	28	1.1628590000036638
7	28	1.2618277500005206
7	28	1.3065464999963297
7	28	1.316140249997261
7	28	1.3718902499967953
7	28	1.4008277499960968
7	28	1.538702749996446
7	28	1.577452750003431
7	28	1.6029215000016848
7	28	1.696484000000055
7	28	1.7224527500075055
7	28	1.7756714999995893
7	28	1.8058902500051772
7	28	1.8247339999943506
7	28	1.9180464999953983
7	29	-5.947262999994564
7	29	-5.895700499997474
7	29	-5.889606749988161
7	29	-5.865012999987812
7	29	-5.81613799999468
7	29	-5.736325499994564
7	29	-5.71026300000085
7	29	-5.6895129999902565
7	29	-5.658669249998638
7	29	-5.617981749994215
7	29	-5.602325499989092
7	29	-5.535512999995262
7	29	-5.505856749994564
7	29	-5.491950499999803
7	29	-5.428075499992701
7	29	-5.374512999987928
7	29	-5.30873174998851
7	29	-5.237637999991421
7	29	-5.120075499988161
7	29	-5.078513000000385
7	29	-5.001325499993982
7	29	-4.98098174999177
7	29	-4.939700499991886
7	29	-4.8517317499936325
7	29	-4.8007317499868805
7	29	-4.79720049999014
7	29	-4.7086379999964265
7	29	-4.692450499991537
7	29	-4.68682550000085
7	29	-4.583794249992934
7	29	-4.576637999998638
7	29	-4.529794249989209
7	29	-4.483575499994913
7	29	-4.455637999999453
7	29	-4.40598174999468
7	29	-4.355919249996077
7	29	-4.288731749998988
7	29	-4.2855764999985695
7	29	-4.22523275000276
7	29	-4.174264000001131
7	29	-4.15923274999659
7	29	-4.138670250002178
7	29	-4.105045249991235
7	29	-4.057545249990653
7	29	-3.9432640000013635
7	29	-3.9417014999926323
7	29	-3.8814827500027604
7	29	-3.8586389999982202
7	29	-3.8548577499896055
7	29	-3.778139000001829
7	29	-3.757545250002295
7	29	-3.755513999989489
7	29	-3.73773274999985
7	29	-3.7160765000007814
7	29	-3.7076702499907697
7	29	-3.6439202499896055
7	29	-3.6113265000021784
7	29	-3.5517014999932144
7	29	-3.4871389999898383
7	29	-3.468076499993913
7	29	-3.3492327499989187
7	29	-3.3279514999885578
7	29	-3.2794202499935636
7	29	-3.2536077499971725
7	29	-2.9804827499901876
7	29	-2.9547952499997336
7	29	-2.9324827499949606
7	29	-2.8468264999974053
7	29	-2.8385140000027604
7	29	-2.769701500001247
7	29	-2.738451500001247
7	29	-2.6378577499999665
7	29	-2.54282649999368
7	29	-2.3270139999949606
7	29	-2.316888999994262
7	29	-2.1946077499887906
7	29	-2.187045250000665
7	29	-2.109107750002295
7	29	-2.06685774998914
7	29	-2.014263999997638
7	29	-1.973326499995892
7	29	-1.8864202499971725
7	29	-1.8718264999915846
7	29	-1.834670249998453
7	29	-1.8088889999926323
7	29	-1.798263999997289
7	29	-1.6884524999913992
7	29	-1.6853275000030408
7	29	-1.671577500004787
7	29	-1.6350462499976857
7	29	-1.552014999993844
7	29	-1.5097337500046706
7	29	-1.4716712499939604
7	29	-1.4537337499932619
7	29	-1.3480462500010617
7	29	-1.229358750002575
7	29	-1.1441087499988498
7	29	-1.0463274999929126
7	29	-1.0350150000012945
7	29	-1.0002962500002468
7	29	-0.9820462499919813
7	29	-0.9570775000029244
7	29	-0.9501087499957066
7	29	-0.9205149999907007
7	29	-0.8925774999952409
7	29	-0.833483750000596
7	29	-0.7905462499911664
7	29	-0.78804625000339
7	29	-0.7864837499946589
7	29	-0.7780150000035064
7	29	-0.5339212499966379
7	29	-0.520983750000596
7	29	-0.4487962499988498
7	29	-0.41870249999919906
7	29	-0.4140462499926798
7	29	-0.3916087499965215
7	29	-0.3867337499978021
7	29	-0.3764212499954738
7	29	-0.18842125000082888
7	29	-0.15132750000339001
7	29	-0.042952499992679805
7	29	-0.03229624999221414
7	29	0.028141250004409812
7	29	0.03201624999928754
7	29	0.05161000000953209
7	29	0.42873500000860076
7	29	0.43323500000406057
7	29	0.4470162500074366
7	29	0.5086412500095321
7	29	0.5450787500012666
7	29	0.6459849999955622
7	29	0.6696725000074366
7	29	0.7563590000063414
7	29	0.808327749997261
7	29	0.8437652499997057
7	29	0.9185152499994729
7	29	1.0600465000024997
7	29	1.139859000002616
7	29	1.2122652499965625
7	29	1.2527027500036638
7	29	1.2806089999940014
7	29	1.2902964999957476
7	29	1.3605777500051772
7	29	1.3887652499979595
7	29	1.4809527500037802
7	29	1.6139839999959804
7	29	1.6706089999934193
7	29	1.7397964999981923
7	29	1.753952750004828
7	29	1.9461402500019176
7	29	1.9849214999994729
7	30	-5.915669250010978
7	30	-5.881294250008068
7	30	-5.865825500004576
7	30	-5.828169250016799
7	30	-5.801231750010629
7	30	-5.773544250012492
7	30	-5.766294250017381
7	30	-5.744044250008301
7	30	-5.629981750011211
7	30	-5.602606750006089
7	30	-5.595200500014471
7	30	-5.526513000004343
7	30	-5.3893567500053905
7	30	-5.369731750004576
7	30	-5.349075500009349
7	30	-5.332169250017614
7	30	-5.32663800001319
7	30	-5.301544250018196
7	30	-5.238138000015169
7	30	-5.2053567500115605
7	30	-5.177481750011793
7	30	-5.113419250017614
7	30	-5.105075500017847
7	30	-5.036638000005041
7	30	-5.002388000008068
7	30	-5.000638000012259
7	30	-4.993888000011793
7	30	-4.942169250018196
7	30	-4.861919250004576
7	30	-4.823419250009465
7	30	-4.782200500005274
7	30	-4.7653880000143545
7	30	-4.753450500007602
7	30	-4.688231750013074
7	30	-4.597294250008417
7	30	-4.584794250011328
7	30	-4.574856750012259
7	30	-4.5505442500143545
7	30	-4.536231750011211
7	30	-4.463325500008068
7	30	-4.4417942500149366
7	30	-4.423481750010978
7	30	-4.38970050001808
7	30	-4.382075500005158
7	30	-4.367169250006555
7	30	-4.233919250007602
7	30	-4.156326500000432
7	30	-4.020170250005322
7	30	-3.960076499992283
7	30	-3.9519827500043903
7	30	-3.898795250002877
7	30	-3.784576499994728
7	30	-3.7129827500029933
7	30	-3.6603889999969397
7	30	-3.6284202499955427
7	30	-3.596982749993913
7	30	-3.512295249995077
7	30	-3.4279514999943785
7	30	-3.3875452499923995
7	30	-3.374545250000665
7	30	-3.2021077499957755
7	30	-3.154482750003808
7	30	-3.12504524999531
7	30	-3.106889000002411
7	30	-3.019264000002295
7	30	-2.978388999996241
7	30	-2.9625764999946114
7	30	-2.934482750002644
7	30	-2.920170249999501
7	30	-2.7911077500029933
7	30	-2.761264000000665
7	30	-2.7249202499951934
7	30	-2.50785774999531
7	30	-2.4926077499985695
7	30	-2.4443889999965904
7	30	-2.3229827500035753
7	30	-2.3195140000025276
7	30	-2.231545250004274
7	30	-2.220357750004041
7	30	-2.1872952499979874
7	30	-2.155076499999268
7	30	-2.0562327499937965
7	30	-2.038826499992865
7	30	-1.9973577499913517
7	30	-1.9835452499974053
7	30	-1.935513999997056
7	30	-1.8330764999991516
7	30	-1.7944202499929816
7	30	-1.7524827500019455
7	30	-1.7171712499985006
7	30	-1.6876712499943096
7	30	-1.6671712499955902
7	30	-1.655327500004205
7	30	-1.6344212499971036
7	30	-1.5900775000045542
7	30	-1.577421249996405
7	30	-1.4594212499941932
7	30	-1.4030462499940768
7	30	-1.2882649999955902
7	30	-1.2761712500068825
7	30	-1.2148275000072317
7	30	-1.152046250004787
7	30	-1.0684837500011781
7	30	-0.9663587499962887
7	30	-0.9307649999973364
7	30	-0.8102650000073481
7	30	-0.7706400000024587
7	30	-0.755452500001411
7	30	-0.6794525000004796
7	30	-0.6648587499948917
7	30	-0.646077500001411
7	30	-0.5328275000065332
7	30	-0.5229212499980349
7	30	-0.49695250000513624
7	30	-0.47257749999698717
7	30	-0.26498375000664964
7	30	-0.2512962500040885
7	30	-0.2445774999941932
7	30	-0.1388275000063004
7	30	-0.12160875000699889
7	30	-0.10835875000339001
7	30	-0.0011087500024586916
7	30	0.015578749997075647
7	30	0.2192662500019651
7	30	0.26467249999404885
7	30	0.3200475000048755
7	30	0.38898499999777414
7	30	0.39951625000685453
7	30	0.5102975000045262
7	30	0.5197349999943981
7	30	0.530828749993816
7	30	0.6125787500059232
7	30	0.6438287500059232
7	30	1.0743277500005206
7	30	1.1466714999987744
7	30	1.2069527499988908
7	30	1.2342027499980759
7	30	1.2392965000035474
7	30	1.2505464999994729
7	30	1.295484000002034
7	30	1.3289527500019176
7	30	1.562452750004013
7	30	1.5986089999933029
7	30	1.6644839999935357
7	30	1.7153902499994729
7	30	1.7975464999908581
7	30	1.9580777499941178
7	30	1.9902964999928372
7	31	-5.991607000003569
7	31	-5.972263250005199
7	31	-5.92348199999833
7	31	-5.898513249994721
7	31	-5.842294499991112
7	31	-5.816669499996351
7	31	-5.734013249995769
7	31	-5.680794500003685
7	31	-5.6613570000045
7	31	-5.552232000001823
7	31	-5.523169499996584
7	31	-5.385450749992742
7	31	-5.3670757499930914
7	31	-5.30279449999216
7	31	-5.25198200000159
7	31	-5.165231999999378
7	31	-5.08460699999705
7	31	-4.916138250002405
7	31	-4.903263250002055
7	31	-4.890981999997166
7	31	-4.782138249996933
7	31	-4.7586382500012405
7	31	-4.727544499997748
7	31	-4.711419500003103
7	31	-4.668950749997748
7	31	-4.581763249996584
7	31	-4.508732000002055
7	31	-4.486700749999727
7	31	-4.406200750003336
7	31	-4.364950749994023
7	31	-4.270138249994488
7	31	-4.253013249996002
7	31	-4.194638250002754
7	31	-4.082388249997166
7	31	-3.951983000006294
7	31	-3.780857999998261
7	31	-3.7750455000059446
7	31	-3.678358000004664
7	31	-3.589233000006061
7	31	-3.572795500003849
7	31	-3.5569830000022193
7	31	-3.399076750007225
7	31	-3.3828892500023358
7	31	-3.3683580000069924
7	31	-3.292576749998261
7	31	-3.2774829999980284
7	31	-3.223389249993488
7	31	-3.106170500002918
7	31	-3.0149517499958165
7	31	-2.9037329999991925
7	31	-2.8979830000025686
7	31	-2.7147954999963986
7	31	-2.696014250002918
7	31	-2.623045500004082
7	31	-2.5883579999936046
7	31	-2.5463892499974463
7	31	-2.542233000000124
7	31	-2.5154517500050133
7	31	-2.4265454999986105
7	31	-2.420639250005479
7	31	-2.29801425000187
7	31	-2.281764250001288
7	31	-2.254732999994303
7	31	-2.2381392499955837
7	31	-2.232295499998145
7	31	-2.1812642500008224
7	31	-2.1112954999989597
7	31	-2.109389250006643
7	31	-2.0946079999994254
7	31	-1.9766392500023358
7	31	-1.9204517500038492
7	31	-1.8598579999961657
7	31	-1.8242642499972135
7	31	-1.7648579999950016
7	31	-1.735295499995118
7	31	-1.6485767499980284
7	31	-1.6235767500038492
7	31	-1.5942017500055954
7	31	-1.586951749995933
7	31	-1.470952750009019
7	31	-1.453890250006225
7	31	-1.4508902500092518
7	31	-1.4337652499962132
7	31	-1.4262027500080876
7	31	-1.4018277499999385
7	31	-1.3975777500018012
7	31	-1.3310777500009863
7	31	-1.2774214999953983
7	31	-1.148390250004013
7	31	-1.1220777499984251
7	31	-1.0997027499979595
7	31	-1.0349527500075055
7	31	-1.0257027500047116
7	31	-1.0097340000065742
7	31	-0.9987652499985415
7	31	-0.9834215000009863
7	31	-0.9787027499987744
7	31	-0.9733902500011027
7	31	-0.9571089999953983
7	31	-0.8943277500075055
7	31	-0.8581090000079712
7	31	-0.7613277500058757
7	31	-0.6746090000087861
7	31	-0.5764215000090189
7	31	-0.5376402499969117
7	31	-0.5173902499955148
7	31	-0.4532652500056429
7	31	-0.42904650000855327
7	31	-0.41782775000319816
7	31	-0.3354527500050608
7	31	-0.26620275000459515
7	31	-0.2343902499997057
7	31	-0.1295152499951655
7	31	0.020422250003321096
7	31	0.02860974999202881
7	31	0.07407849999435712
7	31	0.08998474999680184
7	31	0.09926600000471808
7	31	0.15617225000460166
7	31	0.2032035000011092
7	31	0.25335975000052713
7	31	0.31260974999167956
7	31	0.45467224999447353
7	31	0.4796722500032047
7	31	0.5201097499957541
7	31	0.5746097499941243
7	31	0.6593597500032047
7	31	0.6692347499920288
7	31	0.6810472499928437
7	31	0.7291410000034375
7	31	0.8404847499914467
7	31	0.9418909999949392
7	31	0.9610160000011092
7	31	1.0261712499923306
7	31	1.0513899999932619
7	31	1.1304837499919813
7	31	1.1503274999995483
7	31	1.1596712499886053
7	31	1.2404212499968708
7	31	1.2577337499969872
7	31	1.318983749995823
7	31	1.3805774999927962
7	31	1.477296249999199
7	31	1.6051399999996647
7	31	1.63220249999722
7	31	1.6527337500010617
7	31	1.7069524999969872
7	31	1.769733749999432
7	31	1.7835462499933783
7	31	1.7876087499898858
7	31	1.7976399999897694
7	31	1.95292124999105
7	31	1.972858749999432
7	32	-5.8853882500116015
7	32	-5.866794500005199
7	32	-5.849607000011019
7	32	-5.822669500004849
7	32	-5.804200750004384
7	32	-5.7080132500123
7	32	-5.659044500003802
7	32	-5.558169500000076
7	32	-5.440950750009506
7	32	-5.327419500012184
7	32	-5.310794500008342
7	32	-5.243107000002055
7	32	-5.1989195000060135
7	32	-5.173388250012067
7	32	-5.158357000007527
7	32	-5.118513250010437
7	32	-5.091357000012067
7	32	-5.08379450000939
7	32	-5.005857000011019
7	32	-4.949357000004966
7	32	-4.904825750010787
7	32	-4.883200750002288
7	32	-4.855763250001473
7	32	-4.8095757500123
7	32	-4.787700750006479
7	32	-4.749044500000309
7	32	-4.721982000002754
7	32	-4.704825749999145
7	32	-4.596107000004849
7	32	-4.564607000007527
7	32	-4.554513250011951
7	32	-4.474482000005082
7	32	-4.472669499999029
7	32	-4.407763250012067
7	32	-4.3722945000045
7	32	-4.345450749999145
7	32	-4.221763250010554
7	32	-4.2003570000088075
7	32	-4.098764249996748
7	32	-4.092483000000357
7	32	-3.986951749990112
7	32	-3.9301392499910435
7	32	-3.9072329999908106
7	32	-3.87282674999733
7	32	-3.816107999999076
7	32	-3.790295499988133
7	32	-3.7276392499916255
7	32	-3.725639249998494
7	32	-3.7054204999876674
7	32	-3.6762642499961657
7	32	-3.664576749986736
7	32	-3.6329829999885987
7	32	-3.609170499999891
7	32	-3.483732999986387
7	32	-3.4821704999922076
7	32	-3.4646079999947688
7	32	-3.301576749989181
7	32	-3.2217954999941867
7	32	-3.178639249992557
7	32	-3.1182329999865033
7	32	-3.0451704999868525
7	32	-2.961764249994303
7	32	-2.9521704999933718
7	32	-2.8402017499902286
7	32	-2.8142017499922076
7	32	-2.8010454999894137
7	32	-2.7913892499927897
7	32	-2.721014249997097
7	32	-2.6499829999957
7	32	-2.5428267499955837
7	32	-2.527764250000473
7	32	-2.481076749987551
7	32	-2.4673267499892972
7	32	-2.4435142499860376
7	32	-2.4000142499862704
7	32	-2.2279204999940703
7	32	-2.159139249997679
7	32	-2.145357999994303
7	32	-2.119639249998727
7	32	-1.9837017499958165
7	32	-1.9655142499977956
7	32	-1.9231392499932554
7	32	-1.7767642499966314
7	32	-1.7381079999904614
7	32	-1.6719829999929061
7	32	-1.5594215000019176
7	32	-1.5347340000007534
7	32	-1.4966402499994729
7	32	-1.4929215000011027
7	32	-1.3842339999973774
7	32	-1.1972652499971446
7	32	-1.1673589999991236
7	32	-1.1545152499893447
7	32	-1.067577750000055
7	32	-1.0647652499901596
7	32	-0.9855777499906253
7	32	-0.9546402499981923
7	32	-0.8451090000016848
7	32	-0.8217027499922551
7	32	-0.7938902499881806
7	32	-0.6645777499943506
7	32	-0.6455152499984251
7	32	-0.6133277499902761
7	32	-0.6070777499990072
7	32	-0.5962027499917895
7	32	-0.5493589999969117
7	32	-0.5328589999990072
7	32	-0.45707774999027606
7	32	-0.4232652499922551
7	32	-0.4184527499892283
7	32	-0.40782774999388494
7	32	-0.3989527499943506
7	32	-0.3368277499976102
7	32	-0.2879839999950491
7	32	-0.2658277500013355
7	32	-0.24292150000110269
7	32	-0.18123399998876266
7	32	-0.16585900000063702
7	32	-0.15642149999621324
7	32	-0.08026524999877438
7	32	-0.03789024999423418
7	32	0.009297249998780899
7	32	0.030422249998082407
7	32	0.11823474999982864
7	32	0.19276600000739563
7	32	0.2345472500019241
7	32	0.27498475000902545
7	32	0.3206097500078613
7	32	0.33398475000285544
7	32	0.4030160000111209
7	32	0.46720350001123734
7	32	0.49001600001065526
7	32	0.5140160000009928
7	32	0.6212347500113538
7	32	0.641609750004136
7	32	0.6603285000019241
7	32	0.6639534999994794
7	32	0.7319847500039032
7	32	0.779453499999363
7	32	0.9420462499983842
7	32	0.9462962499965215
7	32	0.9511400000046706
7	32	0.9587337499979185
7	32	1.021390000008978
7	32	1.141358749999199
7	32	1.1607650000078138
7	32	1.2177962499990826
7	32	1.245796250004787
7	32	1.2545150000078138
7	32	1.2897650000086287
7	32	1.3657337500044378
7	32	1.367702500006999
7	32	1.4670462500071153
7	32	1.5659837499988498
7	32	1.5684524999960558
7	32	1.5835150000057183
7	32	1.719890000007581
7	32	1.8044525000004796
7	32	1.8992337500094436
7	32	1.9272024999954738
7	33	-5.951887749994057
7	33	-5.784700250005699
7	33	-5.73982524999883
7	33	-5.737231499995687
7	33	-5.719637750007678
7	33	-5.705793999994057
7	33	-5.586856499998248
7	33	-5.5829815000033705
7	33	-5.534512750004069
7	33	-5.495762749997084
7	33	-5.4697002500033705
7	33	-5.46285650000209
7	33	-5.424137750000227
7	33	-5.410606499994174
7	33	-5.383856500004185
7	33	-5.360419000004185
7	33	-5.325856499999645
7	33	-5.24429400000372
7	33	-5.211981500004185
7	33	-5.185606500002905
7	33	-5.0652002499991795
7	33	-4.946106500006863
7	33	-4.92379400000209
7	33	-4.893075250001857
7	33	-4.846731500001624
7	33	-4.7903252499963855
7	33	-4.770512749993941
7	33	-4.752637750003487
7	33	-4.708887750006397
7	33	-4.679419000007329
7	33	-4.617637749994174
7	33	-4.57163775000663
7	33	-4.409887750007329
7	33	-4.3802627499972004
7	33	-4.324919000006048
7	33	-4.268700250002439
7	33	-4.174762750000809
7	33	-4.114012749996618
7	33	-4.062356499998714
7	33	-4.033294000008027
7	33	-3.9869814999983646
7	33	-3.908420000007027
7	33	-3.8598887499974808
7	33	-3.7903575000091223
7	33	-3.7281700000021374
7	33	-3.5707012500060955
7	33	-3.5341075000033015
7	33	-3.4630449999967823
7	33	-3.4030137500085402
7	33	-3.3304825000086566
7	33	-3.2874200000078417
7	33	-3.121419999995851
7	33	-3.09170124999946
7	33	-2.992732500002603
7	33	-2.9358262500027195
7	33	-2.9175137499987613
7	33	-2.829513750009937
7	33	-2.6924200000066776
7	33	-2.6476700000057463
7	33	-2.639107499999227
7	33	-2.590295000001788
7	33	-2.545357499999227
7	33	-2.523482500007958
7	33	-2.4720137499971315
7	33	-2.377388749999227
7	33	-2.2626075000007404
7	33	-2.2168887500010896
7	33	-2.1582637499959674
7	33	-2.1230137500097044
7	33	-2.1116075000027195
7	33	-2.02488875000563
7	33	-1.9369825000030687
7	33	-1.914388749995851
7	33	-1.8676074999966659
7	33	-1.7728887499979464
7	33	-1.7431700000015553
7	33	-1.7292012499965494
7	33	-1.7037012500077253
7	33	-1.6883262500050478
7	33	-1.6775762500037672
7	33	-1.6684512500069104
7	33	-1.661919999998645
7	33	-1.5419200000033015
7	33	-1.486357500005397
7	33	-1.3831084999983432
7	33	-1.3606397500116145
7	33	-1.2772647500096355
7	33	-1.2297022499988088
7	33	-1.166608500003349
7	33	-1.089296000005561
7	33	-1.0788897500024177
7	33	-1.0656397499988088
7	33	-1.0613585000101011
7	33	-1.0452960000111489
7	33	-0.9183584999991581
7	33	-0.8935772500117309
7	33	-0.8347022500092862
7	33	-0.6139835000067251
7	33	-0.6071710000105668
7	33	-0.5114210000028834
7	33	-0.4902647499984596
7	33	-0.4786397499992745
7	33	-0.47517099999822676
7	33	-0.4624210000038147
7	33	-0.3638897500059102
7	33	-0.3600772500067251
7	33	-0.25163975000032224
7	33	-0.20963974999904167
7	33	-0.19063974999880884
7	33	-0.15088975000253413
7	33	-0.12951475000591017
7	33	-0.12073350000719074
7	33	-0.048827250007889234
7	33	0.011797749990364537
7	33	0.03254775000095833
7	33	0.03489149999222718
7	33	0.051391499990131706
7	33	0.34492274999502115
7	33	0.4080790000007255
7	33	0.5598915000009583
7	33	0.5742664999997942
7	33	0.6379227500001434
7	33	0.6413602499960689
7	33	0.6812039999931585
7	33	0.7661102499987464
7	33	0.7706414999993285
7	33	0.8367664999968838
7	33	0.8597977499885019
7	33	0.8987039999919944
7	33	0.9520477499900153
7	33	0.9893602499942062
7	33	1.109765499990317
7	33	1.1978904999996303
7	33	1.2433592499874067
7	33	1.271765499986941
7	33	1.302702999993926
7	33	1.3652342499990482
7	33	1.471609249987523
7	33	1.6034529999888036
7	33	1.637421749997884
7	33	1.6612342499865917
7	33	1.6699842499947408
7	33	1.6765154999884544
7	33	1.7250154999928782
7	33	1.836640499997884
7	33	1.9471092499879887
7	33	1.9789842499885708
7	34	-5.923294249994797
7	34	-5.880606749997241
7	34	-5.747262999997474
7	34	-5.742794249992585
7	34	-5.721700499983854
7	34	-5.665700499986997
7	34	-5.6074817499902565
7	34	-5.450294249996659
7	34	-5.405731749997358
7	34	-5.35266924998723
7	34	-5.213700499996776
7	34	-5.163200499984669
7	34	-5.129981749996659
7	34	-5.087762999988627
7	34	-4.98879424999177
7	34	-4.91457549999177
7	34	-4.8874192499934
7	34	-4.855700499989325
7	34	-4.817450499991537
7	34	-4.798950499985949
7	34	-4.771075499986182
7	34	-4.7481067499902565
7	34	-4.7235442499950295
7	34	-4.655356749994098
7	34	-4.621700499992585
7	34	-4.547856749995844
7	34	-4.536731749991304
7	34	-4.5187629999854835
7	34	-4.404794249989209
7	34	-4.387794249996659
7	34	-4.354919249992236
7	34	-4.3301379999902565
7	34	-4.1921067499934
7	34	-4.170887999993283
7	34	-4.158512999987579
7	34	-4.125075499992818
7	34	-4.080919249987346
7	34	-4.006731749992468
7	34	-3.8415764999954263
7	34	-3.824795249995077
7	34	-3.8137327499862295
7	34	-3.775982749997638
7	34	-3.757170249999035
7	34	-3.6992327499901876
7	34	-3.6355764999898383
7	34	-3.434763999990537
7	34	-3.405795249986113
7	34	-3.35573274998751
7	34	-3.3382952499960084
7	34	-3.302295249988674
7	34	-3.2105452499963576
7	34	-3.202545249994728
7	34	-3.1372327499993844
7	34	-3.0470139999961248
7	34	-3.0208889999921666
7	34	-2.994732749997638
7	34	-2.9742952499946114
7	34	-2.899013999995077
7	34	-2.7935764999856474
7	34	-2.7585139999864623
7	34	-2.745326499993098
7	34	-2.6572952499991516
7	34	-2.627013999997871
7	34	-2.6172014999901876
7	34	-2.58579524999368
7	34	-2.546513999986928
7	34	-2.497920249996241
7	34	-2.431701499997871
7	34	-2.4261077499977546
7	34	-2.4235139999946114
7	34	-2.4044202499935636
7	34	-2.3892952499882085
7	34	-2.3531077499937965
7	34	-2.1941702499898383
7	34	-2.1141077499923995
7	34	-2.059982749997289
7	34	-2.033576499990886
7	34	-1.9713577499933308
7	34	-1.964388999986113
7	34	-1.9543889999913517
7	34	-1.9254827499971725
7	34	-1.8388577499863459
7	34	-1.7455764999904204
7	34	-1.6957014999934472
7	34	-1.642951499990886
7	34	-1.6115139999892563
7	34	-1.5537327499914682
7	34	-1.542513999986113
7	34	-1.5323889999999665
7	34	-1.5274827499961248
7	34	-1.4790139999968233
7	34	-1.4197327499859966
7	34	-1.36663899999985
7	34	-1.2913899999985006
7	34	-1.2634524999884889
7	34	-1.2562024999933783
7	34	-1.1117962499993155
7	34	-1.0735774999920977
7	34	-1.0456087499915157
7	34	-0.9865774999925634
7	34	-0.9012962499982677
7	34	-0.8804837499919813
7	34	-0.7963899999886053
7	34	-0.7645774999982677
7	34	-0.6705149999907007
7	34	-0.6519212499988498
7	34	-0.6470149999950081
7	34	-0.5410149999952409
7	34	-0.5229524999886053
7	34	-0.5003900000010617
7	34	-0.3359212499926798
7	34	-0.27929624999524094
7	34	-0.18220250000013039
7	34	-0.17401499999687076
7	34	-0.11067124998953659
7	34	-0.0555774999957066
7	34	0.005703750008251518
7	34	0.03836000000592321
7	34	0.17214125000464264
7	34	0.17992249999952037
7	34	0.22579750001023058
7	34	0.2656412500073202
7	34	0.3068912500020815
7	34	0.337578750011744
7	34	0.35442250000778586
7	34	0.37654750001092907
7	34	0.3886412499996368
7	34	0.3955162500060396
7	34	0.6396412500034785
7	34	0.6736412500031292
7	34	0.7847037500032457
7	34	0.799547500006156
7	34	0.8456100000039442
7	34	0.9680162500008009
7	34	1.0476100000087172
7	34	1.0640162500058068
7	34	1.1418287499982398
7	34	1.1760464999970281
7	34	1.18035900000541
7	34	1.190952750010183
7	34	1.2946402500092518
7	34	1.433233999996446
7	34	1.4670152500038967
7	34	1.5308590000058757
7	34	1.5557965000043623
7	34	1.5947652500035474
7	34	1.6039215000055265
7	34	1.6643902500072727
7	34	1.7416402500093682
7	34	1.7942027500102995
7	34	1.8202339999988908
7	34	1.8383277499960968
7	35	-5.969637750007678
7	35	-5.952387750003254
7	35	-5.909856500002206
7	35	-5.862168999999994
7	35	-5.794731500005582
7	35	-5.733981500001391
7	35	-5.695325250009773
7	35	-5.693075250004767
7	35	-5.600794000012684
7	35	-5.570887750000111
7	35	-5.547512750010355
7	35	-5.507481500011636
7	35	-5.455450250010472
7	35	-5.287137750012334
7	35	-5.2518877500115195
7	35	-5.168231500007096
7	35	-5.157387750005
7	35	-4.988669000013033
7	35	-4.975419000009424
7	35	-4.9081377500115195
7	35	-4.90404400000989
7	35	-4.858356500000809
7	35	-4.72729400001117
7	35	-4.714950250010588
7	35	-4.592669000005117
7	35	-4.540075249999063
7	35	-4.521168999999645
7	35	-4.420512750002672
7	35	-4.412669000012102
7	35	-4.394450250008958
7	35	-4.354919000004884
7	35	-4.334481500001857
7	35	-4.329575250012567
7	35	-4.323200250000809
7	35	-4.308294000002206
7	35	-4.295856500000809
7	35	-4.293106500001159
7	35	-4.142669000008027
7	35	-4.087513750011567
7	35	-4.0166700000118
7	35	-3.9784825000097044
7	35	-3.9723262500046985
7	35	-3.8999825000064448
7	35	-3.8747637500055134
7	35	-3.763513750003767
7	35	-3.7280762500013225
7	35	-3.682201250005164
7	35	-3.6568262500077253
7	35	-3.5864512500120327
7	35	-3.5754512500134297
7	35	-3.5534512500016717
7	35	-3.5319200000085402
7	35	-3.3846700000140117
7	35	-3.3165762500138953
7	35	-3.2249200000078417
7	35	-3.205638750005164
7	35	-3.1410137500060955
7	35	-3.116888750009821
7	35	-3.107638750007027
7	35	-2.9728262500138953
7	35	-2.952951250001206
7	35	-2.7693887500063283
7	35	-2.7647637500049314
7	35	-2.7270450000069104
7	35	-2.572701250013779
7	35	-2.5578262500057463
7	35	-2.5520762500091223
7	35	-2.520888750004815
7	35	-2.470107500004815
7	35	-2.406357500003651
7	35	-2.394545000002836
7	35	-2.329482500004815
7	35	-2.308107500008191
7	35	-2.256107500012149
7	35	-2.2253262500016717
7	35	-2.170138750007027
7	35	-2.1119200000102865
7	35	-2.080201250006212
7	35	-2.0234200000122655
7	35	-1.954795000012382
7	35	-1.9251075000065612
7	35	-1.9059512500098208
7	35	-1.8295450000150595
7	35	-1.8148575000086566
7	35	-1.7372637500084238
7	35	-1.7159512500074925
7	35	-1.6298897500091698
7	35	-1.5271397500036983
7	35	-1.474077250008122
7	35	-1.4558897500101011
7	35	-1.4113897500064922
7	35	-1.3994835000048624
7	35	-1.3804522500140592
7	35	-1.255733500016504
7	35	-1.221702250011731
7	35	-1.1342022500029998
7	35	-1.0595460000040475
7	35	-1.056421000015689
7	35	-0.7160460000159219
7	35	-0.7117022500169696
7	35	-0.5708585000102175
7	35	-0.5363897500064922
7	35	-0.4841710000036983
7	35	-0.47760850000486244
7	35	-0.4347647500107996
7	35	-0.35660850000567734
7	35	-0.29738975000509527
7	35	-0.23073350000777282
7	35	-0.17838975001359358
7	35	-0.13813975000812206
7	35	-0.09317100001499057
7	35	-0.0015460000140592456
7	35	0.010797749986522831
7	35	0.04767274999176152
7	35	0.052235249982913956
7	35	0.2566102499840781
7	35	0.2670477499923436
7	35	0.5824852499936242
7	35	0.6958914999850094
7	35	0.7031727499852423
7	35	0.708797749990481
7	35	0.7886102499905974
7	35	0.8629539999965345
7	35	0.8822030000010272
7	35	0.9178280000051018
7	35	0.9827030000014929
7	35	1.0573592500004452
7	35	1.064234250006848
7	35	1.0683905000041705
7	35	1.0778280000085942
7	35	1.0956405000033556
7	35	1.1520779999991646
7	35	1.1715154999983497
7	35	1.2066405000077793
7	35	1.2590155000070808
7	35	1.2753904999990482
7	35	1.2877967500098748
7	35	1.3370155000011437
7	35	1.3393904999975348
7	35	1.3975155000080122
7	35	1.525265500007663
7	35	1.5588592499989318
7	35	1.5966717499977676
7	35	1.6888279999984661
7	35	1.6990780000051018
7	35	1.7112029999989318
7	35	1.753890499996487
7	35	1.883828000005451
7	35	1.8853280000039376
7	36	-5.8762005000025965
7	36	-5.7942629999888595
7	36	-5.730137999998988
7	36	-5.702700499998173
7	36	-5.695387999992818
7	36	-5.5983567499934
7	36	-5.492419249989325
7	36	-5.490262999999686
7	36	-5.413950499991188
7	36	-5.393231750000268
7	36	-5.343575499995495
7	36	-5.326919250001083
7	36	-5.320856749996892
7	36	-5.302137999999104
7	36	-5.290200499992352
7	36	-5.253919249997125
7	36	-5.227387999999337
7	36	-5.19504424999468
7	36	-5.067981749991304
7	36	-5.053044250002131
7	36	-5.046106750000035
7	36	-4.996325499989325
7	36	-4.872981749998871
7	36	-4.822450499996194
7	36	-4.806606749989442
7	36	-4.709388000002946
7	36	-4.656700499996077
7	36	-4.5921692499978235
7	36	-4.575200499995844
7	36	-4.560262999992119
7	36	-4.53135674999794
7	36	-4.515231749988743
7	36	-4.464825499992003
7	36	-4.403512999997474
7	36	-4.292981749997125
7	36	-4.284325499989791
7	36	-4.269076500000665
7	36	-4.237607749993913
7	36	-4.152232749998802
7	36	-4.108857750004972
7	36	-4.038388999993913
7	36	-3.9839827499963576
7	36	-3.888513999991119
7	36	-3.842670250000083
7	36	-3.741732750000665
7	36	-3.664857750001829
7	36	-3.6249202500039246
7	36	-3.532451499995659
7	36	-3.486201499996241
7	36	-3.345951499999501
7	36	-3.331764000002295
7	36	-3.246795250001014
7	36	-3.229389000000083
7	36	-3.2251077499968233
7	36	-3.203482750002877
7	36	-3.0679827499989187
7	36	-3.0443264999921666
7	36	-2.8805452499946114
7	36	-2.8695452499960084
7	36	-2.860889000003226
7	36	-2.7800140000035753
7	36	-2.7767327500041574
7	36	-2.773388999994495
7	36	-2.756139000004623
7	36	-2.530482749993098
7	36	-2.498232750003808
7	36	-2.438076499995077
7	36	-2.432107749991701
7	36	-2.389857749993098
7	36	-2.1810140000015963
7	36	-2.1329202499910025
7	36	-2.0572640000027604
7	36	-2.0131702499929816
7	36	-1.9883264999953099
7	36	-1.9734827499923995
7	36	-1.9557952500035753
7	36	-1.9239202500029933
7	36	-1.8906390000047395
7	36	-1.8766389999946114
7	36	-1.8379202499927487
7	36	-1.7867649999971036
7	36	-1.7737024999951245
7	36	-1.7534212500031572
7	36	-1.6398274999955902
7	36	-1.5634212500008289
7	36	-1.552233750000596
7	36	-1.5126712500059512
7	36	-1.5094837499927962
7	36	-1.5028274999931455
7	36	-1.4995150000031572
7	36	-1.491671249998035
7	36	-1.4849837499932619
7	36	-1.450358749993029
7	36	-1.032483749993844
7	36	-0.8647962499962887
7	36	-0.8578275000036228
7	36	-0.7774837500037393
7	36	-0.6789837499964051
7	36	-0.6573587500024587
7	36	-0.5840150000003632
7	36	-0.5313274999934947
7	36	-0.44467125000664964
7	36	-0.40498375000606757
7	36	-0.39476500000455417
7	36	-0.38748375000432134
7	36	-0.3805149999971036
7	36	-0.37582750000001397
7	36	-0.3697025000001304
7	36	-0.3602962500008289
7	36	-0.34682750000501983
7	36	-0.3398275000072317
7	36	-0.33329624999896623
7	36	-0.32717124999908265
7	36	-0.15095250000013039
7	36	0.050984999994398095
7	36	0.20517250000557397
7	36	0.22311000000627246
7	36	0.2377662499930011
7	36	0.24807874999532942
7	36	0.27798499999335036
7	36	0.28882874999544583
7	36	0.4711724999942817
7	36	0.4781725000066217
7	36	0.5722662500047591
7	36	0.7185777499980759
7	36	0.7235464999976102
7	36	0.7878902499942342
7	36	0.8708590000023833
7	36	0.953171500004828
7	36	0.9670152500038967
7	36	0.9866714999952819
7	36	1.1571402499976102
7	36	1.1809839999914402
7	36	1.199171500004013
7	36	1.240890250002849
7	36	1.2560777500038967
7	36	1.3308277500036638
7	36	1.3585152500018012
7	36	1.4540777499933029
7	36	1.4772652499959804
7	36	1.521733999994467
7	36	1.5901402500021504
7	36	1.6518590000050608
7	36	1.6662964999995893
7	36	1.6822652499977266
7	36	1.8148277500004042
7	36	1.8245152500021504
7	36	1.8791090000013355
7	36	1.9302339999994729
7	37	-5.897575750001124
7	37	-5.8363570000074105
7	37	-5.815857000008691
7	37	-5.783857000002172
7	37	-5.757388250000076
7	37	-5.681044500001008
7	37	-5.6397007500054315
7	37	-5.589919499994721
7	37	-5.533263250006712
7	37	-5.527857000008225
7	37	-5.401888249994954
7	37	-5.394513250008458
7	37	-5.324450750005781
7	37	-5.280232000004617
7	37	-5.2728257499984466
7	37	-5.254388250003103
7	37	-5.226388249997399
7	37	-5.205544500000542
7	37	-5.151981999995769
7	37	-5.134107000005315
7	37	-5.074294499994721
7	37	-5.012013250001473
7	37	-4.973200749998796
7	37	-4.927700750005897
7	37	-4.902732000002288
7	37	-4.833763250004267
7	37	-4.8207320000074105
7	37	-4.8058257500088075
7	37	-4.762825750003685
7	37	-4.748575749996235
7	37	-4.647607000006246
7	37	-4.6097945000074105
7	37	-4.474763250007527
7	37	-4.457513250003103
7	37	-4.4112945000088075
7	37	-4.392856999998912
7	37	-4.367419500005781
7	37	-4.327482000007876
7	37	-4.305389250002918
7	37	-4.17632675000641
7	37	-4.111639249997097
7	37	-4.088889250007924
7	37	-4.062076750007691
7	37	-4.039389249999658
7	37	-3.9121392500092043
7	37	-3.899670500002685
7	37	-3.887045499999658
7	37	-3.7878892500011716
7	37	-3.7475767500000075
7	37	-3.736233000003267
7	37	-3.7067017500085058
7	37	-3.6281392500095535
7	37	-3.6102642500045476
7	37	-3.5906079999986105
7	37	-3.5463267500017537
7	37	-3.5098267499997746
7	37	-3.3702955000044312
7	37	-3.3180767500016373
7	37	-3.2877642500097863
7	37	-3.1513580000028014
7	37	-3.1386080000083894
7	37	-3.094983000002685
7	37	-3.011826750007458
7	37	-2.916139250010019
7	37	-2.9092642500036163
7	37	-2.7853892499988433
7	37	-2.7639517500065267
7	37	-2.738076749999891
7	37	-2.7238267500069924
7	37	-2.674639250006294
7	37	-2.635264249998727
7	37	-2.5521080000035
7	37	-2.520545500010485
7	37	-2.495170499998494
7	37	-2.466670499998145
7	37	-2.449733000001288
7	37	-2.345389250011067
7	37	-2.310233000011067
7	37	-2.2917955000011716
7	37	-2.268795500000124
7	37	-2.248982999997679
7	37	-2.2415455000009388
7	37	-2.1821080000081565
7	37	-2.1485767499980284
7	37	-2.1232017500005895
7	37	-2.0801080000092043
7	37	-1.978108000010252
7	37	-1.889389250005479
7	37	-1.8813892500038492
7	37	-1.7800465000036638
7	37	-1.7751402499998221
7	37	-1.6754840000066906
7	37	-1.6387652500125114
7	37	-1.5478902500035474
7	37	-1.4807027500064578
7	37	-1.4052340000052936
7	37	-1.310796500009019
7	37	-1.274609000000055
7	37	-1.1984840000077384
7	37	-1.1610777500027325
7	37	-1.1427652499987744
7	37	-1.0822340000013355
7	37	-1.0488590000022668
7	37	-1.0075152500066906
7	37	-1.0021715000038967
7	37	-0.9767965000064578
7	37	-0.9554215000098338
7	37	-0.8522027500002878
7	37	-0.8456402500014519
7	37	-0.7931090000056429
7	37	-0.7474527500016848
7	37	-0.6971402500057593
7	37	-0.6300465000094846
7	37	-0.510327750002034
7	37	-0.43848400001297705
7	37	-0.32476524999947287
7	37	-0.3087340000056429
7	37	-0.2471090000035474
7	37	-0.2192652500089025
7	37	-0.1210152499988908
7	37	-0.0946715000027325
7	37	-0.08129650000773836
7	37	-0.07307774999935646
7	37	-0.07117150000703987
7	37	-0.06454650001251139
7	37	-0.057827750002616085
7	37	-0.04804650000005495
7	37	-0.03395275000366382
7	37	0.04370349999226164
7	37	0.14567225000064354
7	37	0.16901599999982864
7	37	0.22848474999773316
7	37	0.31614099998841994
7	37	0.3316097499919124
7	37	0.41579724999610335
7	37	0.43914099999528844
7	37	0.5163597499922616
7	37	0.5208909999928437
7	37	0.5452347499958705
7	37	0.5655784999980824
7	37	0.6151722499926109
7	37	0.6885775000118883
7	37	0.7027962499996647
7	37	0.7486087500001304
7	37	0.8431712500023423
7	37	0.8751400000037393
7	37	0.8848275000054855
7	37	0.953140000012354
7	37	0.9881087500107242
7	37	1.0020150000054855
7	37	1.079671250001411
7	37	1.098171250006999
7	37	1.1013275000004796
7	37	1.2477962500124704
7	37	1.2566712500120047
7	37	1.3325150000018766
7	37	1.342421250010375
7	37	1.3497337500011781
7	37	1.482327500008978
7	37	1.4933587500127032
7	37	1.5620150000031572
7	37	1.6724837500078138
7	37	1.6900150000001304
7	37	1.7579837500088615
7	37	1.7931087500037393
7	37	1.80717125000956
7	37	1.877577500010375
7	37	1.8880150000040885
7	37	1.9492025000072317
7	38	-5.996887750006863
7	38	-5.984106500007329
7	38	-5.969575250011985
7	38	-5.896294000005582
7	38	-5.829670000006445
7	38	-5.779076250008075
7	38	-5.7440137500088895
7	38	-5.7411387500033015
7	38	-5.635295000014594
7	38	-5.560607500010519
7	38	-5.537045000004582
7	38	-5.515920000005281
7	38	-5.475076250004349
7	38	-5.334076250015642
7	38	-5.319763750012498
7	38	-5.2550137500074925
7	38	-5.237013750011101
7	38	-5.038076250013546
7	38	-5.02392000000691
7	38	-4.978888750003534
7	38	-4.922045000013895
7	38	-4.8871075000060955
7	38	-4.878607500009821
7	38	-4.75788875001308
7	38	-4.746888750014477
7	38	-4.734170000010636
7	38	-4.653170000005048
7	38	-4.648076250014128
7	38	-4.620701250009006
7	38	-4.600763750015176
7	38	-4.547888750006678
7	38	-4.48073250001471
7	38	-4.463201250007842
7	38	-4.318482500006212
7	38	-4.284295000004931
7	38	-4.221982500006561
7	38	-4.2158887500118
7	38	-4.204826250002952
7	38	-4.139326250005979
7	38	-4.090732500015292
7	38	-4.060451250014012
7	38	-3.9854200000118
7	38	-3.913357500015991
7	38	-3.8365450000128476
7	38	-3.7692012500046985
7	38	-3.7469200000050478
7	38	-3.5830762500118
7	38	-3.5602325000072597
7	38	-3.5301075000024866
7	38	-3.4667012500140117
7	38	-3.416263750012149
7	38	-3.3994825000118
7	38	-3.2808585000166204
7	38	-3.1434522500057938
7	38	-3.054264750011498
7	38	-3.032889750014874
7	38	-2.991046000010101
7	38	-2.91857725000591
7	38	-2.758702250008355
7	38	-2.7472335000056773
7	38	-2.664952250008355
7	38	-2.601421000013943
7	38	-2.582921000008355
7	38	-2.508827250014292
7	38	-2.486827250017086
7	38	-2.4709210000146413
7	38	-2.4628897500078892
7	38	-2.403671000007307
7	38	-2.324108500004513
7	38	-2.2085147500038147
7	38	-2.1411710000102175
7	38	-2.1062022500118474
7	38	-2.045952250016853
7	38	-2.041827250010101
7	38	-2.010139750011149
7	38	-1.9344522500177845
7	38	-1.9260147500172025
7	38	-1.8410772500064922
7	38	-1.8142960000113817
7	38	-1.7809522500174353
7	38	-1.7623585000110324
7	38	-1.7487960000144085
7	38	-1.734139750013128
7	38	-1.623639750017901
7	38	-1.5581397500063758
7	38	-1.5426085000071907
7	38	-1.5115147500182502
7	38	-1.446514750015922
7	38	-1.3692335000087041
7	38	-1.3139522500132443
7	38	-1.2974522500153398
7	38	-1.2429210000118474
7	38	-1.2109835000155726
7	38	-1.2091085000138264
7	38	-1.1870147500158055
7	38	-1.1266397500148742
7	38	-1.0446710000105668
7	38	-1.0378585000144085
7	38	-1.008296000014525
7	38	-0.9642335000098683
7	38	-0.9527335000166204
7	38	-0.9062960000155726
7	38	-0.8750147500104504
7	38	-0.871328250010265
7	38	-0.8431407500174828
7	38	-0.8263595000171335
7	38	-0.7284220000146888
7	38	-0.7142657500080531
7	38	-0.5773595000064233
7	38	-0.5518595000175992
7	38	-0.528297000011662
7	38	-0.5002032500196947
7	38	-0.4376720000145724
7	38	-0.407203250011662
7	38	-0.36560950001876336
7	38	-0.338015750006889
7	38	-0.32682825000665616
7	38	-0.2749220000114292
7	38	-0.272640750015853
7	38	-0.2645782500185305
7	38	-0.24242200001026504
7	38	-0.2303282500070054
7	38	-0.13985950000642333
7	38	-0.029078250008751638
7	38	0.007202999986475334
7	38	0.0344842499907827
7	38	0.09870299998146947
7	38	0.11698424998030532
7	38	0.14773424998566043
7	38	0.18320299999322742
7	38	0.22414049998042174
7	38	0.30454674999054987
7	38	0.31629674998112023
7	38	0.4168904999824008
7	38	0.45007799997983966
7	38	0.6114529999904335
7	38	0.641109249991132
7	38	0.687265499989735
7	38	0.7090467499801889
7	38	0.8182029999879887
7	38	0.8636404999851948
7	38	0.9228592499857768
7	38	1.0126717499806546
7	38	1.0466717499803053
7	38	1.0940467499895021
7	38	1.170296749987756
7	38	1.216984249986126
7	38	1.232484249980189
7	38	1.2421404999913648
7	38	1.2527029999910155
7	38	1.396140499986359
7	38	1.4030467499833321
7	38	1.4605154999881051
7	38	1.5052342499839142
7	38	1.5309529999940423
7	38	1.7152644999878248
7	38	1.795764499984216
7	38	1.7979519999789773
7	38	1.8322332499810727
7	38	1.90288949997921
7	38	1.990983249983401
7	39	-5.994481000001542
7	39	-5.983543499998632
7	39	-5.887356000006548
7	39	-5.810199750005268
7	39	-5.785168500005966
7	39	-5.709981000007247
7	39	-5.666543500003172
7	39	-5.606168500002241
7	39	-5.593762250005966
7	39	-5.590981000001193
7	39	-5.580824750009924
7	39	-5.480638250010088
7	39	-5.401919500000076
7	39	-5.320357000004151
7	39	-5.296138250007061
7	39	-5.242950750005548
7	39	-5.084857000008924
7	39	-5.077732000005199
7	39	-5.028450750003685
7	39	-5.003482000000076
7	39	-4.976825750010903
7	39	-4.925544500001706
7	39	-4.786888250004267
7	39	-4.780200749999494
7	39	-4.714919500009273
7	39	-4.6907944999984466
7	39	-4.684544500007178
7	39	-4.680856999999378
7	39	-4.571357000007993
7	39	-4.561263250012416
7	39	-4.516325750009855
7	39	-4.503200750012184
7	39	-4.49045075000322
7	39	-4.457325750001473
7	39	-4.392294500008575
7	39	-4.378919499999029
7	39	-4.334044500006712
7	39	-4.274513249998563
7	39	-4.256919500010554
7	39	-4.17776325000159
7	39	-4.1479194999992615
7	39	-4.146200750008575
7	39	-4.123638250006479
7	39	-4.1187320000026375
7	39	-4.094138250002288
7	39	-3.9104820000065956
7	39	-3.885638250008924
7	39	-3.7590445000096224
7	39	-3.754450749998796
7	39	-3.7202007500018226
7	39	-3.6529819999996107
7	39	-3.634825750006712
7	39	-3.5207320000045
7	39	-3.5142007500107866
7	39	-3.41545075000613
7	39	-3.292700750011136
7	39	-3.2776695000065956
7	39	-3.2625445000012405
7	39	-3.2477320000034524
7	39	-3.157544500005315
7	39	-3.0790757500071777
7	39	-2.992920499993488
7	39	-2.9760142499872018
7	39	-2.939357999988715
7	39	-2.7901079999865033
7	39	-2.7787017499940703
7	39	-2.7611704999872018
7	39	-2.6969204999913927
7	39	-2.6757017499912763
7	39	-2.5846392499952344
7	39	-2.4679829999950016
7	39	-2.3791704999894137
7	39	-2.313295499989181
7	39	-2.278076749993488
7	39	-2.1677017499896465
7	39	-2.0321079999994254
7	39	-2.0107329999882495
7	39	-1.9979204999981448
7	39	-1.956607999993139
7	39	-1.9228267499856884
7	39	-1.864514249988133
7	39	-1.7518267499981448
7	39	-1.663326749985572
7	39	-1.602576749995933
7	39	-1.5990142499940703
7	39	-1.5348892499896465
7	39	-1.497326749988133
7	39	-1.4378267499996582
7	39	-1.351764249993721
7	39	-1.300764249986969
7	39	-1.2448892499960493
7	39	-1.112857999993139
7	39	-1.0419517499976791
7	39	-1.0134204999922076
7	39	-0.9696392499899957
7	39	-0.9429829999862704
7	39	-0.8745454999880167
7	39	-0.8432954999880167
7	39	-0.8179517499957001
7	39	-0.7957642499968642
7	39	-0.7447642499901121
7	39	-0.730670499993721
7	39	-0.7185454999853391
7	39	-0.6739517499954673
7	39	-0.6230142499989597
7	39	-0.5642027499998221
7	39	-0.5316402499884134
7	39	-0.36082774998794775
7	39	-0.35732774999632966
7	39	-0.2526402499934193
7	39	-0.24332774999493267
7	39	-0.24001524999039248
7	39	-0.22832774999551475
7	39	-0.21301524998852983
7	39	-0.07589024999469984
7	39	-0.0013277499965624884
7	39	0.03142225000192411
7	39	0.14007850000052713
7	39	0.1777660000079777
7	39	0.20517225000367034
7	39	0.25632850000692997
7	39	0.3082972500124015
7	39	0.35060975000669714
7	39	0.5330472500063479
7	39	0.537890999999945
7	39	0.5414535000018077
7	39	0.6080472500034375
7	39	0.6131722499994794
7	39	0.7146097500080941
7	39	0.7650785000005271
7	39	0.8103597500012256
7	39	0.8997035000065807
7	39	0.9882972500054166
7	39	1.036453500011703
7	39	1.059172250010306
7	39	1.0735784999997122
7	39	1.1010160000005271
7	39	1.177890999999363
7	39	1.1991097499994794
7	39	1.29970350000076
7	39	1.320891000010306
7	39	1.3810785000096075
7	39	1.4508597500098404
7	39	1.5515785000025062
7	39	1.556609750012285
7	39	1.6517660000099568
7	39	1.7067035000072792
7	39	1.7279847500030883
7	39	1.766609750004136
7	39	1.8100160000030883
7	39	1.828609750009491
7	39	1.9035149999981513
7	39	1.9427337500092108
7	39	1.999796250005602
7	40	-5.965387999996892
7	40	-5.92548175000411
7	40	-5.841356749995612
7	40	-5.811044250003761
7	40	-5.755013000001782
7	40	-5.700294249996659
7	40	-5.676950499997474
7	40	-5.641575500005274
7	40	-5.610450499996659
7	40	-5.599512999993749
7	40	-5.588762999992468
7	40	-5.550606749995495
7	40	-5.42504524999822
7	40	-5.39438899999368
7	40	-5.28401400000439
7	40	-5.240326500002993
7	40	-5.236170250005671
7	40	-5.103638999993564
7	40	-5.099545250006486
7	40	-4.990264000007301
7	40	-4.952482749999035
7	40	-4.9276390000013635
7	40	-4.861076500004856
7	40	-4.839232750004157
7	40	-4.782857750004041
7	40	-4.725326500003575
7	40	-4.697545250004623
7	40	-4.6857639999943785
7	40	-4.678607750000083
7	40	-4.631576500003575
7	40	-4.603451500006486
7	40	-4.522263999999268
7	40	-4.415263999995659
7	40	-4.388607750006486
7	40	-4.342982749993098
7	40	-4.313201500001014
7	40	-4.29573275000439
7	40	-4.264982749999035
7	40	-4.211076499996125
7	40	-4.1864827499957755
7	40	-4.169357749997289
7	40	-4.1222327499999665
7	40	-4.111607750004623
7	40	-4.001638999994611
7	40	-3.99163899999985
7	40	-3.938576500004274
7	40	-3.874014000000898
7	40	-3.8613265000021784
7	40	-3.8438889999961248
7	40	-3.8208264999993844
7	40	-3.7981390000059037
7	40	-3.792201499993098
7	40	-3.7668577500007814
7	40	-3.7599827499943785
7	40	-3.756513999993331
7	40	-3.711295250002877
7	40	-3.647138999993331
7	40	-3.627607749993331
7	40	-3.5739202499971725
7	40	-3.5564515000005485
7	40	-3.539857750001829
7	40	-3.4602327500033425
7	40	-3.419482750003226
7	40	-3.3518889999977546
7	40	-3.2679827499960084
7	40	-3.255607750004856
7	40	-3.2274827499932144
7	40	-3.205951500000083
7	40	-3.1816702500073006
7	40	-3.154857750007068
7	40	-3.1428889999951934
7	40	-3.0929515000025276
7	40	-3.0138275000063004
7	40	-2.991265000004205
7	40	-2.9824837500054855
7	40	-2.895546250001644
7	40	-2.8678587500035064
7	40	-2.8176087500032736
7	40	-2.8066087500046706
7	40	-2.733671249996405
7	40	-2.6987650000082795
7	40	-2.607108750002226
7	40	-2.6027337499981513
7	40	-2.5630462499975692
7	40	-2.4799212500074646
7	40	-2.4196712499979185
7	40	-2.3931400000001304
7	40	-2.350640000004205
7	40	-2.276452500009327
7	40	-2.2055462499993155
7	40	-2.1742962499993155
7	40	-2.1646087499975692
7	40	-2.1322337500023423
7	40	-2.1155149999976857
7	40	-2.0637025000032736
7	40	-2.0443899999954738
7	40	-2.031358749998617
7	40	-1.9317962500063004
7	40	-1.9019837500090944
7	40	-1.8655149999976857
7	40	-1.8411712500092108
7	40	-1.8144212500046706
7	40	-1.619046250008978
7	40	-1.6122025000076974
7	40	-1.5552962500078138
7	40	-1.506702500002575
7	40	-1.494139999995241
7	40	-1.457046249997802
7	40	-1.365140000008978
7	40	-1.3059524999989662
7	40	-1.2176087499974528
7	40	-1.1778900000063004
7	40	-1.0330462499987334
7	40	-1.0237024999951245
7	40	-1.0136087499995483
7	40	-0.9898587500065332
7	40	-0.9333900000056019
7	40	-0.8124212499969872
7	40	-0.7622649999975692
7	40	-0.6504837499960558
7	40	-0.6237025000009453
7	40	-0.5995775000046706
7	40	-0.5100472500053002
7	40	-0.5020472500036703
7	40	-0.46770350000588223
7	40	-0.43564100000367034
7	40	-0.4135472500056494
7	40	-0.3699535000050673
7	40	-0.32232849999854807
7	40	-0.3170160000008764
7	40	-0.29973475000588223
7	40	-0.2628910000057658
7	40	-0.2433910000108881
7	40	-0.22051600000122562
7	40	-0.15892225000425242
7	40	-0.14057850000972394
7	40	-0.10107850001077168
7	40	-0.07157850000658073
7	40	-0.03070350000052713
7	40	0.19039024999074172
7	40	0.19270274999144021
7	40	0.3015152500011027
7	40	0.31826524999632966
7	40	0.3949214999884134
7	40	0.5910777499957476
7	40	0.5983589999959804
7	40	0.6450464999943506
7	40	0.678702749995864
7	40	0.7504839999892283
7	40	0.7824527499906253
7	40	0.8303589999995893
7	40	0.8425464999891119
7	40	0.8496089999971446
7	40	1.0163590000011027
7	40	1.038390249988879
7	40	1.047015249991091
7	40	1.224546500001452
7	40	1.265765249991091
7	40	1.277390249990276
7	40	1.368046499992488
7	40	1.3833902499900432
7	40	1.4107652499951655
7	40	1.455640250002034
7	40	1.5191402499913238
7	40	1.664108999990276
7	40	1.6725777499959804
7	40	1.704296500000055
7	40	1.746140249990276
7	40	1.7738589999935357
7	40	1.8191714999993565
7	40	1.9098277500015683
7	40	1.9144839999935357
7	40	1.9445152499974938
7	40	1.9897954999905778
7	41	-5.985106000007363
7	41	-5.979449750011554
7	41	-5.952387250013999
7	41	-5.894543500005966
7	41	-5.870731000002706
7	41	-5.8526372500055
7	41	-5.756668500005617
7	41	-5.738731000004918
7	41	-5.707793500012485
7	41	-5.581325749997632
7	41	-5.527919500003918
7	41	-5.440513249996002
7	41	-5.4086069999902975
7	41	-5.323888250000891
7	41	-5.248794500002987
7	41	-5.179294499990647
7	41	-5.17016949999379
7	41	-5.1531695000012405
7	41	-5.1439194999984466
7	41	-5.093481999996584
7	41	-4.994731999991927
7	41	-4.940419499995187
7	41	-4.916888249994372
7	41	-4.836513250003918
7	41	-4.819294499990065
7	41	-4.775325750000775
7	41	-4.756388249996235
7	41	-4.742763250003918
7	41	-4.727200749999611
7	41	-4.658356999992975
7	41	-4.637044499992044
7	41	-4.615763249996235
7	41	-4.559356999990996
7	41	-4.531388249990414
7	41	-4.49085699999705
7	41	-4.48616949999996
7	41	-4.4831382499978645
7	41	-4.465794499992626
7	41	-4.437106999990647
7	41	-4.399919499992393
7	41	-4.315107000002172
7	41	-4.26820074999705
7	41	-4.240888250002172
7	41	-4.205044499991345
7	41	-4.151450749996002
7	41	-4.039731999990181
7	41	-3.967138249994605
7	41	-3.8387320000038017
7	41	-3.83404449999216
7	41	-3.8135444999934407
7	41	-3.7761069999978645
7	41	-3.7472319999942556
7	41	-3.648294500002521
7	41	-3.623825749993557
7	41	-3.593575749997399
7	41	-3.5637319999950705
7	41	-3.557700749996002
7	41	-3.540325750000193
7	41	-3.488763250003103
7	41	-3.479919499994139
7	41	-3.467982000001939
7	41	-3.4284507499978645
7	41	-3.3264820000040345
7	41	-3.2787632499967003
7	41	-3.2593257499975152
7	41	-3.1997319999936735
7	41	-3.089139250005246
7	41	-3.0718267500051297
7	41	-3.0576392499933718
7	41	-2.9784829999989597
7	41	-2.952201749998494
7	41	-2.940482999998494
7	41	-2.8484204999986105
7	41	-2.8457642499997746
7	41	-2.7213892500003567
7	41	-2.7157955000002403
7	41	-2.6918892499961657
7	41	-2.6091392499947688
7	41	-2.5406392500008224
7	41	-2.5297330000030342
7	41	-2.322795500003849
7	41	-2.3022642500000075
7	41	-2.241857999993954
7	41	-2.2091392500005895
7	41	-2.1372954999969807
7	41	-2.127139250005712
7	41	-2.070107999999891
7	41	-2.0587329999980284
7	41	-1.9859517500008224
7	41	-1.8845767500024522
7	41	-1.8633892499929061
7	41	-1.8365767499926733
7	41	-1.752357999997912
7	41	-1.66520175000187
7	41	-1.5666392499988433
7	41	-1.504732999994303
7	41	-1.4669204999954673
7	41	-1.3403267499961657
7	41	-1.3262954999954673
7	41	-1.2758267500030342
7	41	-1.264389250005479
7	41	-1.1946705000009388
7	41	-1.0326079999940703
7	41	-1.0243267500045476
7	41	-0.9555142500030342
7	41	-0.8820142500044312
7	41	-0.8729829999938374
7	41	-0.8029830000014044
7	41	-0.6989829999947688
7	41	-0.6710152500018012
7	41	-0.634202750006807
7	41	-0.5696714999940014
7	41	-0.5360152500070399
7	41	-0.41751524999563117
7	41	-0.3945464999997057
7	41	-0.37635900000168476
7	41	-0.3485464999976102
7	41	-0.2696715000056429
7	41	-0.18845275000785477
7	41	-0.12989024999842513
7	41	-0.11851524999656249
7	41	-0.11582775000715628
7	41	-0.06745274999411777
7	41	-0.046265249999123625
7	41	-0.008702749997610226
7	41	0.01282849999552127
7	41	0.1805785000033211
7	41	0.2243285000004107
7	41	0.2644847500050673
7	41	0.3264847499958705
7	41	0.39739100000588223
7	41	0.45045350000145845
7	41	0.4680159999988973
7	41	0.5697035000048345
7	41	0.5776409999962198
7	41	0.6382659999944735
7	41	0.7575472500029719
7	41	0.7825785000022734
7	41	0.8610159999952884
7	41	0.9098910000029719
7	41	0.9304847500025062
7	41	1.0865472500008764
7	41	1.1856722499942407
7	41	1.2053285000001779
7	41	1.2507972500025062
7	41	1.274422250004136
7	41	1.3163910000002943
7	41	1.3212659999990137
7	41	1.3650159999961033
7	41	1.384516000005533
7	41	1.4381410000059986
7	41	1.4738597499963362
7	41	1.4963909999933094
7	41	1.5319535000016913
7	41	1.7127035000012256
7	41	1.7327660000009928
7	41	1.7571722499997122
7	41	1.8494212499936111
7	41	1.9481399999931455
7	42	-5.975263000000268
7	42	-5.901044250000268
7	42	-5.865044250007486
7	42	-5.8491692500101635
7	42	-5.789294250003877
7	42	-5.7824505000025965
7	42	-5.75360675000411
7	42	-5.735544249997474
7	42	-5.716700500008301
7	42	-5.6333880000020145
7	42	-5.615231750009116
7	42	-5.603575500004808
7	42	-5.592013000001316
7	42	-5.551700500000152
7	42	-5.528013000002829
7	42	-5.462669250002364
7	42	-5.357419250009116
7	42	-5.321981750006671
7	42	-5.30010675000085
7	42	-5.205169250009931
7	42	-5.187262999999803
7	42	-5.184231749997707
7	42	-5.100450500001898
7	42	-5.033294250009931
7	42	-5.015856750003877
7	42	-5.013419249997241
7	42	-4.9031380000087665
7	42	-4.87470050000411
7	42	-4.870888000004925
7	42	-4.824856749997707
7	42	-4.729669250009465
7	42	-4.701950500006205
7	42	-4.694919250003295
7	42	-4.685794250006438
7	42	-4.663606750007602
7	42	-4.607981749999453
7	42	-4.60476300001028
7	42	-4.575888000006671
7	42	-4.543731750003644
7	42	-4.514888000005158
7	42	-4.410513000009814
7	42	-4.3790755000081845
7	42	-4.248075499999686
7	42	-4.206669250008417
7	42	-4.12901299999794
7	42	-4.105606750003062
7	42	-4.093512999999803
7	42	-4.056419250002364
7	42	-3.996231750003062
7	42	-3.7601692500029458
7	42	-3.568201500005671
7	42	-3.5566702500073006
7	42	-3.464389000000665
7	42	-3.446389000004274
7	42	-3.361201500010793
7	42	-3.352670250009396
7	42	-3.3431702500092797
7	42	-3.2845765000092797
7	42	-3.2538265000039246
7	42	-3.1837015000055544
7	42	-3.178014000004623
7	42	-3.1211390000098618
7	42	-3.0878265000064857
7	42	-3.0770140000095125
7	42	-2.9947952500078827
7	42	-2.9806077500106767
7	42	-2.8555765000055544
7	42	-2.839389000000665
7	42	-2.8103577500005485
7	42	-2.7651390000100946
7	42	-2.7385140000114916
7	42	-2.711326500007999
7	42	-2.6711702500033425
7	42	-2.543326500002877
7	42	-2.5270452500117244
7	42	-2.5250765000091633
7	42	-2.45176400001219
7	42	-2.444982750006602
7	42	-2.3657640000019455
7	42	-2.340857750008581
7	42	-2.287795249998453
7	42	-2.2403265000029933
7	42	-2.221982750008465
7	42	-2.1565452500071842
7	42	-2.101420250008232
7	42	-2.0824827500036918
7	42	-2.0662327500031097
7	42	-2.029451499998686
7	42	-1.8738890000095125
7	42	-1.8659827500086976
7	42	-1.82367024999985
7	42	-1.7882952500076499
7	42	-1.7777327500079991
7	42	-1.7714827500021784
7	42	-1.7278890000015963
7	42	-1.689920250006253
7	42	-1.6422014999989187
7	42	-1.571920250004041
7	42	-1.563389000002644
7	42	-1.51117024999985
7	42	-1.4534202500071842
7	42	-1.4218265000090469
7	42	-1.3601702500018291
7	42	-1.3162014999979874
7	42	-1.3127952500071842
7	42	-1.2607952500111423
7	42	-1.1249525000021094
7	42	-1.0538587500050198
7	42	-0.9873900000093272
7	42	-0.9680150000058347
7	42	-0.8779837500042049
7	42	-0.8607025000092108
7	42	-0.7407962500001304
7	42	-0.7368900000001304
7	42	-0.6030775000108406
7	42	-0.5042025000002468
7	42	-0.4402025000017602
7	42	-0.36892125000304077
7	42	-0.3446712500008289
7	42	-0.31707750000350643
7	42	-0.05495250000967644
7	42	-0.03229625000676606
7	42	-0.0066087500017602
7	42	0.003953749997890554
7	42	0.01901624999300111
7	42	0.06385999999474734
7	42	0.12001624998811167
7	42	0.33510999999998603
7	42	0.36592249998648185
7	42	0.4093599999905564
7	42	0.42804749999777414
7	42	0.43035999999847263
7	42	0.4975787499861326
7	42	0.5006724999984726
7	42	0.529391249991022
7	42	0.5328599999920698
7	42	0.534422499986249
7	42	0.6172974999935832
7	42	0.6653599999990547
7	42	0.6854224999988219
7	42	0.7717662499926519
7	42	0.77445374999661
7	42	0.8154224999889266
7	42	1.0103287499950966
7	42	1.0358912499941653
7	42	1.047672499989858
7	42	1.0660162499989383
7	42	1.07914124999661
7	42	1.137109999996028
7	42	1.1743912499950966
7	42	1.3419224999961443
7	42	1.3855777499848045
7	42	1.3923902499955148
7	42	1.4570464999851538
7	42	1.5092027499922551
7	42	1.720015249986318
7	42	1.758577749991673
7	42	1.817171499991673
7	42	1.8272964999923715
7	42	1.8493902499903925
7	42	1.8790152499859687
7	42	1.9594214999960968
7	42	1.9711089999909746
7	42	1.9820777499844553
7	43	-5.96076250000624
7	43	-5.921950000003562
7	43	-5.863137500011362
7	43	-5.852137499998207
7	43	-5.786075999989407
7	43	-5.688419749989407
7	43	-5.672919749995344
7	43	-5.561075999998138
7	43	-5.54685724999581
7	43	-5.515857249993132
7	43	-5.403700999988359
7	43	-5.396732249995694
7	43	-5.279919749998953
7	43	-5.2288572499965085
7	43	-5.197357249999186
7	43	-5.164857249998022
7	43	-5.151513499993598
7	43	-5.144857249993947
7	43	-5.127638499994646
7	43	-5.124044749987661
7	43	-5.083044749990222
7	43	-5.0476384999929
7	43	-5.006450999993831
7	43	-4.97657599998638
7	43	-4.88670099999581
7	43	-4.852169749996392
7	43	-4.770044749995577
7	43	-4.741450999994413
7	43	-4.714419749987428
7	43	-4.682825999989291
7	43	-4.62851349999255
7	43	-4.611794749987894
7	43	-4.579982249997556
7	43	-4.549607249995461
7	43	-4.459669749994646
7	43	-4.4150447499851
7	43	-4.33238849999907
7	43	-4.228919749992201
7	43	-4.177982249995694
7	43	-4.053607249996276
7	43	-4.027607249998255
7	43	-4.014669749987661
7	43	-3.9922947499871952
7	43	-3.9638259999919683
7	43	-3.932763499993598
7	43	-3.867794749996392
7	43	-3.845482249991619
7	43	-3.835013499992783
7	43	-3.8334197499934817
7	43	-3.7767322499857983
7	43	-3.752638499994646
7	43	-3.6984197499987204
7	43	-3.689419749993249
7	43	-3.6609822499885922
7	43	-3.4897322499891743
7	43	-3.464294749996043
7	43	-3.3658884999895236
7	43	-3.3361082499905024
7	43	-3.290826999989804
7	43	-3.236264499995741
7	43	-3.2225457499880577
7	43	-3.1939832499920158
7	43	-3.175795749993995
7	43	-3.1606394999980694
7	43	-3.1534519999986514
7	43	-3.1342332499916665
7	43	-3.1222957499994664
7	43	-3.086702000000514
7	43	-3.006920749990968
7	43	-2.968764499993995
7	43	-2.9208582499995828
7	43	-2.828889500000514
7	43	-2.803701999990153
7	43	-2.7989832499879412
7	43	-2.7017957499920158
7	43	-2.684264499999699
7	43	-2.672420749993762
7	43	-2.6351707499998156
7	43	-2.608670749992598
7	43	-2.603014499996789
7	43	-2.558827000000747
7	43	-2.552451999988989
7	43	-2.433733249999932
7	43	-2.4099207499966724
7	43	-2.3700769999995828
7	43	-2.3296394999924814
7	43	-2.292201999996905
7	43	-2.194326999990153
7	43	-2.1807019999978365
7	43	-2.150108249988989
7	43	-2.0983582499902695
7	43	-2.0086394999962067
7	43	-1.9365457499952754
7	43	-1.9230144999892218
7	43	-1.8977019999874756
7	43	-1.8747644999966724
7	43	-1.7745769999892218
7	43	-1.7076394999894546
7	43	-1.6675144999899203
7	43	-1.6163269999960903
7	43	-1.5925144999928307
7	43	-1.5909832499892218
7	43	-1.45285824999155
7	43	-1.227014499992947
7	43	-1.211170750000747
7	43	-1.151139499997953
7	43	-1.1421082499873592
7	43	-1.136952000000747
7	43	-1.0025457500014454
7	43	-0.9472019999957411
7	43	-0.8952957500005141
7	43	-0.8896394999901531
7	43	-0.8275155000010272
7	43	-0.8110155000031227
7	43	-0.7556717499974184
7	43	-0.7464217499946244
7	43	-0.706703000003472
7	43	-0.6079842499893857
7	43	-0.531640499990317
7	43	-0.45942174999800045
7	43	-0.42404674999124836
7	43	-0.4057967499975348
7	43	-0.2896092500013765
7	43	-0.2645467499969527
7	43	-0.2563280000031227
7	43	-0.2528279999969527
7	43	-0.24335925000195857
7	43	-0.17273424999439158
7	43	0.005609500003629364
7	43	0.01442200000747107
7	43	0.02201575000071898
7	43	0.05935950001003221
7	43	0.061922000008053146
7	43	0.06970325000293087
7	43	0.0730782500031637
7	43	0.07579699999769218
7	43	0.08398450000095181
7	43	0.43251574999885634
7	43	0.45723450000514276
7	43	0.5362969999987399
7	43	0.6147032500011846
7	43	0.673953250006889
7	43	0.7144845000002533
7	43	0.904422000006889
7	43	0.9789845000050263
7	43	1.0139532500033965
7	43	1.210859500002698
7	43	1.2617657500086352
7	43	1.3150782500015339
7	43	1.3685157500003697
7	43	1.5694845000107307
7	43	1.590078250010265
7	43	1.6960459999972954
7	43	1.8128272500034655
7	43	1.8962647500011371
7	44	-5.96523074999277
7	44	-5.912168249982642
7	44	-5.838419249994331
7	44	-5.742794249992585
7	44	-5.71204424998723
7	44	-5.646700499986764
7	44	-5.540981749989442
7	44	-5.537419249987579
7	44	-5.5133254999964265
7	44	-5.481450499995844
7	44	-5.465200499995262
7	44	-5.277419249992818
7	44	-5.249325499986298
7	44	-5.124387999996543
7	44	-5.013262999986182
7	44	-4.989450499997474
7	44	-4.9493879999936325
7	44	-4.942450499991537
7	44	-4.783106749993749
7	44	-4.70695049999631
7	44	-4.693325499989442
7	44	-4.679981749985018
7	44	-4.617262999992818
7	44	-4.572137999988627
7	44	-4.563637999992352
7	44	-4.52766924999014
7	44	-4.4850754999934
7	44	-4.463794249997591
7	44	-4.388387999992119
7	44	-4.328481749995262
7	44	-4.313481749995844
7	44	-4.105887999990955
7	44	-4.092106749987579
7	44	-4.057075499993516
7	44	-4.03098174999468
7	44	-3.9039504999964265
7	44	-3.8804192499956116
7	44	-3.8569817499956116
7	44	-3.841294249985367
7	44	-3.821356749991537
7	44	-3.8067004999902565
7	44	-3.7148254999920027
7	44	-3.705481749988394
7	44	-3.61729424999794
7	44	-3.529012999992119
7	44	-3.443575499986764
7	44	-3.4263890000001993
7	44	-3.2782952499983367
7	44	-3.270107749995077
7	44	-3.1831077499955427
7	44	-3.09810774998914
7	44	-3.073638999994728
7	44	-3.0539827499887906
7	44	-2.9580764999991516
7	44	-2.952138999986346
7	44	-2.9071077499975218
7	44	-2.8383889999968233
7	44	-2.8255452499870444
7	44	-2.739263999988907
7	44	-2.673888999997871
7	44	-2.6617014999937965
7	44	-2.642732749998686
7	44	-2.489670249997289
7	44	-2.4665139999997336
7	44	-2.4532327499910025
7	44	-2.2915139999968233
7	44	-2.2562015000003157
7	44	-2.2396389999921666
7	44	-2.1278889999957755
7	44	-2.0918264999927487
7	44	-2.0684827499935636
7	44	-2.0486389999859966
7	44	-1.9907327499968233
7	44	-1.9200452499935636
7	44	-1.829513999997289
7	44	-1.7568577499914682
7	44	-1.7170452499995008
7	44	-1.6863889999949606
7	44	-1.6205139999947278
7	44	-1.577263999992283
7	44	-1.5566702499927487
7	44	-1.511357749986928
7	44	-1.4574827499891398
7	44	-1.4246389999898383
7	44	-1.3706702499912353
7	44	-1.340513999995892
7	44	-1.325420249995659
7	44	-1.2931389999866951
7	44	-1.2903264999913517
7	44	-1.2735764999961248
7	44	-1.2057014999882085
7	44	-1.1783264999976382
7	44	-1.1375452499923995
7	44	-1.1073577499919338
7	44	-1.0925139999890234
7	44	-1.0027952499949606
7	44	-0.8842024999903515
7	44	-0.8630462500004796
7	44	-0.8282649999891873
7	44	-0.7421400000021094
7	44	-0.7148274999926798
7	44	-0.6566400000010617
7	44	-0.595202500000596
7	44	-0.5728275000001304
7	44	-0.5287337499903515
7	44	-0.4885462499951245
7	44	-0.4611399999994319
7	44	-0.43063999999139924
7	44	-0.36423374999139924
7	44	-0.27376499999081716
7	44	-0.21376499999314547
7	44	-0.18032749999838416
7	44	-0.004327499991632067
7	44	-0.0006087499932618812
7	44	0.009109999999054708
7	44	0.020078750007087365
7	44	0.09489125000254717
7	44	0.24095375000615604
7	44	0.2442037500004517
7	44	0.27651624999998603
7	44	0.38276625001162756
7	44	0.4630475000012666
7	44	0.5295162500115111
7	44	0.6145475000084843
7	44	0.6437350000051083
7	44	0.8437974999978906
7	44	0.8977662500110455
7	44	0.9007037499977741
7	44	1.0067662500077859
7	44	1.0473600000113947
7	44	1.1306725000031292
7	44	1.143297500006156
7	44	1.1635162500024308
7	44	1.3266100000037113
7	44	1.4080787499988219
7	44	1.4405162500042934
7	44	1.4474537500063889
7	44	1.4797975000110455
7	44	1.5742340000142576
7	44	1.6281715000222903
7	44	1.638421500014374
7	44	1.6488590000226395
7	44	1.705234000022756
7	44	1.7197965000232216
7	44	1.785515250012395
7	44	1.8016090000164695
7	44	1.8215465000248514
7	44	1.8335777500178665
7	44	1.8588902500196127
7	44	1.8835152500105323
7	44	1.9254527500161203
7	44	1.9842965000134427
7	45	-5.990012249996653
7	45	-5.924387249993742
7	45	-5.895012249995489
7	45	-5.8342309999861754
7	45	-5.7832007499964675
7	45	-5.7409507499978645
7	45	-5.702419499997632
7	45	-5.623263249988668
7	45	-5.610388249988318
7	45	-5.56938824999088
7	45	-5.480169499991462
7	45	-5.344106999997166
7	45	-5.335763249997399
7	45	-5.325794499993208
7	45	-5.318888249996235
7	45	-5.313075749989366
7	45	-5.308575749993906
7	45	-5.305856999984826
7	45	-5.30298199999379
7	45	-5.295013249997282
7	45	-5.216325749992393
7	45	-5.137106999987736
7	45	-4.867013249997399
7	45	-4.771513249987038
7	45	-4.713106999988668
7	45	-4.708356999995885
7	45	-4.6681694999861065
7	45	-4.628981999994721
7	45	-4.610731999986456
7	45	-4.512419499995303
7	45	-4.509606999985408
7	45	-4.494669499996235
7	45	-4.4760444999847095
7	45	-4.457388249997166
7	45	-4.413200749986572
7	45	-4.373013249991345
7	45	-4.363544499996351
7	45	-4.309481999996933
7	45	-4.28366949998599
7	45	-4.246075749993906
7	45	-4.189075749993208
7	45	-4.106856999991578
7	45	-4.017075749987271
7	45	-4.008825749988318
7	45	-3.947294499987038
7	45	-3.9264819999953033
7	45	-3.882950749990414
7	45	-3.8334819999872707
7	45	-3.7765132499916945
7	45	-3.7566694999986794
7	45	-3.6904819999908796
7	45	-3.6172632499947213
7	45	-3.602013249997981
7	45	-3.552481999984593
7	45	-3.5092319999967003
7	45	-3.4621694999950705
7	45	-3.308731999990414
7	45	-3.285889249993488
7	45	-3.284107999992557
7	45	-3.235889249990578
7	45	-3.136920499993721
7	45	-3.091170499988948
7	45	-3.0405455000000075
7	45	-3.0100142499868525
7	45	-2.929764249987784
7	45	-2.890701749987784
7	45	-2.876232999988133
7	45	-2.8403892499918584
7	45	-2.8350767499941867
7	45	-2.8143892499938374
7	45	-2.723670499995933
7	45	-2.631451749999542
7	45	-2.6048267500009388
7	45	-2.5999829999927897
7	45	-2.5813892500009388
7	45	-2.4844204999972135
7	45	-2.478076749990578
7	45	-2.46288924998953
7	45	-2.4428892500000075
7	45	-2.3852954999892972
7	45	-2.285357999993721
7	45	-2.2614829999947688
7	45	-2.250732999993488
7	45	-2.153045499988366
7	45	-2.1433579999866197
7	45	-2.127264249997097
7	45	-2.1202017499890644
7	45	-2.085732999999891
7	45	-1.9552642499911599
7	45	-1.8784517499880167
7	45	-1.843545499999891
7	45	-1.8265142499876674
7	45	-1.8028579999954673
7	45	-1.7798579999944195
7	45	-1.7447642499901121
7	45	-1.7325454999954673
7	45	-1.722639249986969
7	45	-1.6888579999940703
7	45	-1.6423892499879003
7	45	-1.5076704999955837
7	45	-1.4438579999987269
7	45	-1.368514249988948
7	45	-1.329139249995933
7	45	-1.3208579999918584
7	45	-1.1910142499982612
7	45	-1.182764249999309
7	45	-1.1022017499926733
7	45	-1.0808579999866197
7	45	-1.078014250000706
7	45	-1.0664829999877838
7	45	-1.0378892499866197
7	45	-1.0082330000004731
7	45	-0.946639249988948
7	45	-0.9312017499905778
7	45	-0.8079839999991236
7	45	-0.7827964999887627
7	45	-0.7424840000021504
7	45	-0.6674839999905089
7	45	-0.6409527499927208
7	45	-0.6026089999941178
7	45	-0.5720464999903925
7	45	-0.5522964999981923
7	45	-0.5301089999993565
7	45	-0.46801524999318644
7	45	-0.37495274998946115
7	45	-0.3291402499889955
7	45	-0.3082964999921387
7	45	-0.2717652499995893
7	45	-0.24445274999015965
7	45	-0.19229649999761023
7	45	-0.17582774999027606
7	45	-0.12645275000249967
7	45	0.06185974999971222
7	45	0.10451600000669714
7	45	0.11048475001007318
7	45	0.11460975000227336
7	45	0.25735975000134204
7	45	0.38245350000215694
7	45	0.39829725000890903
7	45	0.406828500010306
7	45	0.5173910000012256
7	45	0.5641722500004107
7	45	0.6165472499997122
7	45	0.6695785000047181
7	45	0.7975160000059986
7	45	0.812359750008909
7	45	0.8409847500006435
7	45	0.9273910000047181
7	45	0.936328499999945
7	45	1.031203500009724
7	45	1.0367035000090254
7	45	1.0533597500034375
7	45	1.1792660000064643
7	45	1.2247347500087926
7	45	1.239172250003321
7	45	1.3115784999972675
7	45	1.3431410000048345
7	45	1.41689100000076
7	45	1.4686409999994794
7	45	1.478891000006115
7	45	1.5340472500101896
7	45	1.5538597499980824
7	45	1.5852660000091419
7	45	1.645297249997384
7	45	1.6896087500063004
7	45	1.7438275000022259
7	45	1.7476712500065332
7	45	1.7755462500063004
7	45	1.8059524999989662
7	45	1.9193899999954738
7	45	1.984796250006184
7	46	-5.991261999995913
7	46	-5.973199499989278
7	46	-5.95841824998206
7	46	-5.868011999991722
7	46	-5.8420119999937015
7	46	-5.779668249990209
7	46	-5.7059182499942835
7	46	-5.691699499991955
7	46	-5.537044249984319
7	46	-5.4804192499868805
7	46	-5.4018879999930505
7	46	-5.254450499996892
7	46	-5.247294249988045
7	46	-5.2378254999930505
7	46	-5.126919249989442
7	46	-5.1060442499874625
7	46	-5.0517004999856
7	46	-5.039887999984785
7	46	-4.992575499985833
7	46	-4.958512999990489
7	46	-4.864512999993167
7	46	-4.718950499984203
7	46	-4.683981749985833
7	46	-4.64504424999177
7	46	-4.632887999992818
7	46	-4.624575499998173
7	46	-4.612606749986298
7	46	-4.609575499984203
7	46	-4.539731749988277
7	46	-4.523419249992003
7	46	-4.45716924998851
7	46	-4.37473174999468
7	46	-4.361200499988627
7	46	-4.2711379999964265
7	46	-4.120075499988161
7	46	-4.104825499991421
7	46	-4.057856749990606
7	46	-4.009700499984319
7	46	-3.9740754999947967
7	46	-3.9316067499894416
7	46	-3.8693879999918863
7	46	-3.8430129999906057
7	46	-3.8343254999927012
7	46	-3.7807942499930505
7	46	-3.730762999985018
7	46	-3.689981749994331
7	46	-3.6075129999953788
7	46	-3.5937004999868805
7	46	-3.5530129999970086
7	46	-3.4210129999846686
7	46	-3.385887999989791
7	46	-3.3203879999928176
7	46	-3.19151299999794
7	46	-3.054326499986928
7	46	-3.0422327499982202
7	46	-3.0287639999878593
7	46	-2.9317639999935636
7	46	-2.7676077499927487
7	46	-2.6542952499876264
7	46	-2.6384514999954263
7	46	-2.521138999989489
7	46	-2.517638999997871
7	46	-2.4823264999868115
7	46	-2.4697014999983367
7	46	-2.395826499996474
7	46	-2.3637014999985695
7	46	-2.3488889999862295
7	46	-2.2775764999969397
7	46	-2.212732749991119
7	46	-2.163170249987161
7	46	-2.16020149999531
7	46	-2.1198577499890234
7	46	-2.1035139999876264
7	46	-2.0675452499999665
7	46	-1.9487014999904204
7	46	-1.9461389999923995
7	46	-1.9286077500000829
7	46	-1.9087327499873936
7	46	-1.8942327499971725
7	46	-1.8770764999935636
7	46	-1.8472639999963576
7	46	-1.7288577500003157
7	46	-1.7234514999872772
7	46	-1.6906077499879757
7	46	-1.600170249992516
7	46	-1.5692952499957755
7	46	-1.4352327499946114
7	46	-1.3957014999905368
7	46	-1.3759202499932144
7	46	-1.3046077499893727
7	46	-1.2504827499942621
7	46	-0.9863577499927487
7	46	-0.9830764999933308
7	46	-0.9812639999872772
7	46	-0.9352639999997336
7	46	-0.9208577499957755
7	46	-0.8926702499884414
7	46	-0.7932952499977546
7	46	-0.7539514999953099
7	46	-0.6316087499872083
7	46	-0.5494837499863934
7	46	-0.5198899999813875
7	46	-0.4555774999753339
7	46	-0.43863999997847714
7	46	-0.3995149999827845
7	46	-0.38832749998255167
7	46	-0.2928274999867426
7	46	-0.27926499997556675
7	46	-0.2630774999852292
7	46	-0.24770249998255167
7	46	-0.23017124997568317
7	46	-0.22148374997777864
7	46	0.0188600000255974
7	46	0.030547500020475127
7	46	0.04254750002291985
7	46	0.054891250023501925
7	46	0.12348500001826324
7	46	0.14151625001977663
7	46	0.19389125001907814
7	46	0.3103287500125589
7	46	0.32898500001465436
7	46	0.3610162500262959
7	46	0.36386000002676155
7	46	0.37898500001756474
7	46	0.3864537500194274
7	46	0.40411000001768116
7	46	0.7163287500152364
7	46	0.8102975000219885
7	46	0.9704850000125589
7	46	1.1274225000233855
7	46	1.2299850000126753
7	46	1.2796725000225706
7	46	1.3203600000124425
7	46	1.4302662500267616
7	46	1.5242037500138395
7	46	1.5422975000255974
7	46	1.555516250024084
7	46	1.5593912500189617
7	46	1.592016250026063
7	46	1.6122662500129081
7	46	1.671985000022687
7	46	1.6853600000176812
7	46	1.699735000016517
7	46	1.7566100000258302
7	46	1.8439527500158874
7	46	1.9250465000222903
7	46	1.9538590000156546
7	46	1.9782340000238037
7	47	-5.988575249997666
7	47	-5.959481500001857
7	47	-5.951044000001275
7	47	-5.920169000004535
7	47	-5.8560127499949886
7	47	-5.776575249998132
7	47	-5.756825250005932
7	47	-5.727231500000926
7	47	-5.689325250001275
7	47	-5.6070440000039525
7	47	-5.602762750000693
7	47	-5.476012750004884
7	47	-5.41929400000663
7	47	-5.387919000000693
7	47	-5.370043999995687
7	47	-5.347356500002206
7	47	-5.315950250005699
7	47	-5.26754400000209
7	47	-5.193169999998645
7	47	-5.155576250006561
7	47	-5.144732500004466
7	47	-5.137044999995851
7	47	-5.129201250005281
7	47	-5.1175762500060955
7	47	-5.099013750004815
7	47	-4.9652325000060955
7	47	-4.831482499997946
7	47	-4.789638750007725
7	47	-4.7735137499985285
7	47	-4.758669999995618
7	47	-4.677138750004815
7	47	-4.620888749996084
7	47	-4.427982499997597
7	47	-4.323107500007609
7	47	-4.3164824999985285
7	47	-4.2592949999962
7	47	-4.246045000007143
7	47	-4.2425762500060955
7	47	-4.236107500008075
7	47	-4.15810749999946
7	47	-4.123607500005164
7	47	-4.117419999995036
7	47	-3.9965762500069104
7	47	-3.947826250005164
7	47	-3.866888749995269
7	47	-3.7762950000033015
7	47	-3.7466700000077253
7	47	-3.684326250004233
7	47	-3.644576250007958
7	47	-3.6370137500052806
7	47	-3.5913887500064448
7	47	-3.580701250000857
7	47	-3.4920450000063283
7	47	-3.439888749999227
7	47	-3.3877325000066776
7	47	-3.3486387500015553
7	47	-3.2860762500058627
7	47	-3.2763887500041164
7	47	-3.2659825000009732
7	47	-3.1173887500044657
7	47	-3.0779825000063283
7	47	-3.050826250007958
7	47	-3.044951250005397
7	47	-2.9584199999953853
7	47	-2.8952012500085402
7	47	-2.8796074999991106
7	47	-2.8201700000063283
7	47	-2.816326250002021
7	47	-2.788857499996084
7	47	-2.762482499994803
7	47	-2.712046000000555
7	47	-2.5992960000003222
7	47	-2.5068272500066087
7	47	-2.5035147500020685
7	47	-2.479296000004979
7	47	-2.4051710000057938
7	47	-2.30570224999974
7	47	-2.302077250002185
7	47	-2.234452250006143
7	47	-2.160046000004513
7	47	-2.065764750004746
7	47	-1.89923350000754
7	47	-1.8248585000110324
7	47	-1.8180460000003222
7	47	-1.8082022500020685
7	47	-1.7317647500021849
7	47	-1.6973897499992745
7	47	-1.6770147500064922
7	47	-1.6168272500071907
7	47	-1.5215147499984596
7	47	-1.4834835000074236
7	47	-1.4632022500009043
7	47	-1.347514749999391
7	47	-1.3371710000064922
7	47	-1.2069210000045132
7	47	-1.0990147499978775
7	47	-1.0952022499986924
7	47	-1.0463897500012536
7	47	-1.0344834999996237
7	47	-1.0315459999983432
7	47	-1.023295999999391
7	47	-1.0181397499982268
7	47	-1.0096710000070743
7	47	-0.9970147499989253
7	47	-0.9830460000084713
7	47	-0.8585772500082385
7	47	-0.7081710000056773
7	47	-0.7019835000101011
7	47	-0.6585772500111489
7	47	-0.6499210000038147
7	47	-0.6169835000036983
7	47	-0.5816710000071907
7	47	-0.5237022500077728
7	47	-0.4900772499968298
7	47	-0.47588974999962375
7	47	-0.38935850000416394
7	47	-0.338889749997179
7	47	-0.3342022500000894
7	47	-0.16295325000828598
7	47	-0.11670325000886805
7	47	-0.06445325000095181
7	47	0.01532799999404233
7	47	0.12848424998810515
7	47	0.17235924999113195
7	47	0.17676550000032876
7	47	0.3203592499921797
7	47	0.41282800000044517
7	47	0.44820299999264535
7	47	0.46604674999252893
7	47	0.5603904999879887
7	47	0.6465154999896185
7	47	0.687265499989735
7	47	0.7158904999960214
7	47	0.7470780000003288
7	47	0.8415467499871738
7	47	0.8780154999985825
7	47	0.9423279999900842
7	47	1.010265499993693
7	47	1.0295467499963706
7	47	1.0338592499902006
7	47	1.1857029999955557
7	47	1.2147029999905499
7	47	1.2264842500007944
7	47	1.322859249994508
7	47	1.4299529999989318
7	47	1.4774529999995138
7	47	1.520640499991714
7	47	1.5682654999982333
7	47	1.5922342499980005
7	47	1.6349217499955557
7	47	1.7077654999884544
7	47	1.7728592499915976
7	47	1.7996717499918304
7	47	1.899953000000096
7	47	1.9635154999996303
7	48	-5.902325000002747
7	48	-5.816606249994948
7	48	-5.794106250003097
7	48	-5.735887499991804
7	48	-5.730731250005192
7	48	-5.713449999995646
7	48	-5.674981249991106
7	48	-5.61254375000135
7	48	-5.591137499999604
7	48	-5.575668749996112
7	48	-5.462356250005541
7	48	-5.42935624999518
7	48	-5.388074999995297
7	48	-5.376074999992852
7	48	-5.330574999999953
7	48	-5.302043749994482
7	48	-5.23873124999227
7	48	-5.219949999998789
7	48	-5.20257500000298
7	48	-5.178356249991339
7	48	-5.1091072499984875
7	48	-5.06951349999872
7	48	-5.040107249995344
7	48	-5.024388499994529
7	48	-4.907763499999419
7	48	-4.812919749994762
7	48	-4.772732249999535
7	48	-4.76951349999581
7	48	-4.744607250002446
7	48	-4.740950999999768
7	48	-4.702013500005705
7	48	-4.696669750002911
7	48	-4.650482249999186
7	48	-4.62866975000361
7	48	-4.6158885000040755
7	48	-4.601107249996858
7	48	-4.593044749999535
7	48	-4.511982249998255
7	48	-4.477607249995344
7	48	-4.446044750002329
7	48	-4.334263500000816
7	48	-4.27613850000489
7	48	-4.186357250000583
7	48	-4.167607249997673
7	48	-4.030013499999768
7	48	-3.9572947499982547
7	48	-3.808982250004192
7	48	-3.7803885000030277
7	48	-3.742388500002562
7	48	-3.5347635000071023
7	48	-3.50370099999418
7	48	-3.4317635000043083
7	48	-3.3315447500062874
7	48	-3.3211697499937145
7	48	-3.2255759999970905
7	48	-3.2066697499976726
7	48	-3.192951000004541
7	48	-3.1247009999933653
7	48	-3.0832010000012815
7	48	-3.066701000003377
7	48	-3.0582947499933653
7	48	-3.0479197499953443
7	48	-2.9781697500002338
7	48	-2.9388572500029113
7	48	-2.8926072500034934
7	48	-2.871388500003377
7	48	-2.805919749996974
7	48	-2.744044749997556
7	48	-2.663138500007335
7	48	-2.586983250002959
7	48	-2.5787332500040065
7	48	-2.569920750000165
7	48	-2.5372957500076154
7	48	-2.4862020000000484
7	48	-2.4193895000062184
7	48	-2.370326999996905
7	48	-2.306670749996556
7	48	-2.1995144999964396
7	48	-2.1113270000059856
7	48	-2.0938582500093617
7	48	-2.088451999996323
7	48	-1.9859207499976037
7	48	-1.9599832499952754
7	48	-1.8686082500062184
7	48	-1.747889500009478
7	48	-1.5806394999963231
7	48	-1.576514500004123
7	48	-1.5610144999955082
7	48	-1.4816707499994664
7	48	-1.4267019999970216
7	48	-1.3125145000085467
7	48	-1.2715457500016782
7	48	-1.177045749995159
7	48	-1.0364832500054035
7	48	-1.0146082499995828
7	48	-0.9579207500064513
7	48	-0.8764207500062184
7	48	-0.8341395000024932
7	48	-0.6233270000084303
7	48	-0.5573270000022603
7	48	-0.5076395000069169
7	48	-0.48026450000179466
7	48	-0.4775145000021439
7	48	-0.39713949999713805
7	48	-0.37129574999562465
7	48	-0.30601450000540353
7	48	-0.3016082499962067
7	48	-0.27054574999783654
7	48	-0.22085825000249315
7	48	-0.18860824999865144
7	48	-0.06448424998961855
7	48	-0.05417174998729024
7	48	-0.0227654999907827
7	48	0.13473450001038145
7	48	0.20967200001177844
7	48	0.21626575001573656
7	48	0.30770325001503807
7	48	0.3513282500061905
7	48	0.43779700000595767
7	48	0.48217200000362936
7	48	0.5241095000092173
7	48	0.5604845000052592
7	48	0.5679845000122441
7	48	0.5840782500163186
7	48	0.7124220000114292
7	48	0.7442345000163186
7	48	0.82064075001108
7	48	0.8777345000125933
7	48	0.9751407500152709
7	48	1.0050782500038622
7	48	1.0326407500106143
7	48	1.099328250013059
7	48	1.1789532500115456
7	48	1.183203250009683
7	48	1.1981720000039786
7	48	1.2284220000146888
7	48	1.3444220000092173
7	48	1.401953250009683
7	48	1.5575470000039786
7	48	1.571265750011662
7	48	1.5880782500171335
7	48	1.595828250006889
7	48	1.6369845000153873
7	48	1.7093907500093337
7	48	1.7836095000093337
7	48	1.8093595000100322
7	48	1.8898595000064233
7	49	-5.930201250012033
7	49	-5.921920000007958
7	49	-5.799982500000624
7	49	-5.783826250000857
7	49	-5.715982500012615
7	49	-5.665076250006678
7	49	-5.618513749999693
7	49	-5.598795000012615
7	49	-5.57176375000563
7	49	-5.561732500005746
7	49	-5.4897950000013225
7	49	-5.458013750001555
7	49	-5.394326250010636
7	49	-5.3810450000019046
7	49	-5.371920000005048
7	49	-5.348826250003185
7	49	-5.27920124999946
7	49	-5.224201250006445
7	49	-5.143732500000624
7	49	-5.101451250011451
7	49	-5.061388750007609
7	49	-5.00535750000563
7	49	-4.932482500007609
7	49	-4.9151700000074925
7	49	-4.89617000000726
7	49	-4.866294999999809
7	49	-4.827451250006561
7	49	-4.756294999999227
7	49	-4.669888750009704
7	49	-4.654701250008657
7	49	-4.549638750002487
7	49	-4.541170000011334
7	49	-4.474576250009704
7	49	-4.451576250008657
7	49	-4.426388750012848
7	49	-4.385513750006794
7	49	-4.3835137500136625
7	49	-4.345170000000508
7	49	-4.2908887500088895
7	49	-4.230263750010636
7	49	-4.216045000008307
7	49	-4.213357500004349
7	49	-4.168795000005048
7	49	-4.165045000001555
7	49	-4.14226375000726
7	49	-4.125420000011218
7	49	-4.095045000009122
7	49	-4.003013749999809
7	49	-3.8487012500118
7	49	-3.8414512500021374
7	49	-3.780170000012731
7	49	-3.7392637500015553
7	49	-3.7138887500041164
7	49	-3.5950147500116145
7	49	-3.5708585000102175
7	49	-3.490327250008704
7	49	-3.460702250013128
7	49	-3.3859210000082385
7	49	-3.371389750012895
7	49	-3.3157022500090534
7	49	-3.283796000003349
7	49	-3.240421000009519
7	49	-3.185327250015689
7	49	-3.088983500012546
7	49	-3.0526710000121966
7	49	-3.042108500012546
7	49	-2.960921000005328
7	49	-2.8579522500076564
7	49	-2.7519522500078892
7	49	-2.7306085000018356
7	49	-2.653264750013477
7	49	-2.641733500015107
7	49	-2.5926710000057938
7	49	-2.502733500004979
7	49	-2.481139750001603
7	49	-2.4031710000126623
7	49	-2.3775772500084713
7	49	-2.3652335000078892
7	49	-2.3507960000133608
7	49	-2.2977335000032326
7	49	-2.150764750011149
7	49	-2.1405772500147577
7	49	-2.123952250010916
7	49	-2.11738975001208
7	49	-1.9896710000029998
7	49	-1.9455460000026505
7	49	-1.9397960000060266
7	49	-1.8024522500054445
7	49	-1.7957335000101011
7	49	-1.6708897500066087
7	49	-1.6536085000116145
7	49	-1.63710850001371
7	49	-1.6338585000048624
7	49	-1.5392022500018356
7	49	-1.4947960000135936
7	49	-1.4312647500046296
7	49	-1.4014522500074236
7	49	-1.358327250010916
7	49	-1.2803585000074236
7	49	-1.2489835000014864
7	49	-1.2374835000082385
7	49	-1.1805147500126623
7	49	-1.1226095000165515
7	49	-1.0986407500167843
7	49	-0.9802345000061905
7	49	-0.9588907500146888
7	49	-0.9524220000166679
7	49	-0.8779220000142232
7	49	-0.8691720000060741
7	49	-0.8501095000101486
7	49	-0.8382970000093337
7	49	-0.7379532500053756
7	49	-0.6891407500079367
7	49	-0.6804220000049099
7	49	-0.6343595000071218
7	49	-0.5435782500135247
7	49	-0.49560950000886805
7	49	-0.4362657500169007
7	49	-0.41307825001422316
7	49	-0.34826575001352467
7	49	-0.3002345000131754
7	49	-0.2314532500167843
7	49	-0.1438907500123605
7	49	-0.11832825001329184
7	49	0.0588279999938095
7	49	0.07067174998519477
7	49	0.07470299999113195
7	49	0.10482799999590497
7	49	0.22732799999357667
7	49	0.256859249988338
7	49	0.2809842499846127
7	49	0.3050154999946244
7	49	0.33270299999276176
7	49	0.3433904999837978
7	49	0.38310924998950213
7	49	0.4018904999829829
7	49	0.4874217499891529
7	49	0.5145467499824008
7	49	0.6114842499955557
7	49	0.6357342499832157
7	49	0.6574842499830993
7	49	0.8911404999962542
7	49	0.9002342499879887
7	49	0.9078904999914812
7	49	0.9772654999833321
7	49	1.043859249984962
7	49	1.0642029999871738
7	49	1.1199529999867082
7	49	1.1717967499862425
7	49	1.195077999989735
7	49	1.286359249992529
7	49	1.3152332499885233
7	49	1.3617019999946933
7	49	1.4536082499835175
7	49	1.467951999991783
7	49	1.550389499985613
7	49	1.5600457499822369
7	49	1.5695457499823533
7	49	1.6606394999835175
7	49	1.7341707499872427
7	49	1.814795749989571
7	49	1.8315769999899203
7	49	1.8454832499846816
7	49	1.9228894999832846
7	49	1.987795749984798
7	49	1.9975144999916665
7	50	-5.949325249996036
7	50	-5.8858252500067465
7	50	-5.8421377500053495
7	50	-5.779387749993475
7	50	-5.727293999996618
7	50	-5.670731499994872
7	50	-5.66188775000046
7	50	-5.5378564999991795
7	50	-5.525668999995105
7	50	-5.447543999995105
7	50	-5.398012749996269
7	50	-5.267793999999412
7	50	-5.253637750007329
7	50	-5.235856500003138
7	50	-5.21304400000372
7	50	-5.184512749998248
7	50	-5.101950249998481
7	50	-5.027325250004651
7	50	-4.976762749996851
7	50	-4.950325249999878
7	50	-4.922231499993359
7	50	-4.904356500002905
7	50	-4.74782525000046
7	50	-4.745231499997317
7	50	-4.7274190000025555
7	50	-4.6927627499972004
7	50	-4.608418999996502
7	50	-4.594668999998248
7	50	-4.583856500001275
7	50	-4.50935649999883
7	50	-4.469107500000973
7	50	-4.45088874999783
7	50	-4.323795000003884
7	50	-4.291638750000857
7	50	-4.265951249995851
7	50	-4.244513750003534
7	50	-4.236545000007027
7	50	-4.230701250009588
7	50	-4.176951250003185
7	50	-4.094169999996666
7	50	-4.02879500000563
7	50	-3.9721387500030687
7	50	-3.951201250005397
7	50	-3.865451250007027
7	50	-3.762482500009355
7	50	-3.74363875000563
7	50	-3.6885137500066776
7	50	-3.6575762499996927
7	50	-3.619388749997597
7	50	-3.600263750005979
7	50	-3.5708262499974808
7	50	-3.5262012500024866
7	50	-3.4091075000033015
7	50	-3.3740762500092387
7	50	-3.2535449999995762
7	50	-3.140638750002836
7	50	-3.08779499999946
7	50	-3.072388750006212
7	50	-3.002513750005164
7	50	-2.962107500003185
7	50	-2.9522637500049314
7	50	-2.899701250004
7	50	-2.8257637500064448
7	50	-2.7311699999991106
7	50	-2.718138750002254
7	50	-2.6899200000043493
7	50	-2.6573575000074925
7	50	-2.6536699999996927
7	50	-2.57588874999783
7	50	-2.5595137500058627
7	50	-2.54795125000237
7	50	-2.524607500003185
7	50	-2.5054512500064448
7	50	-2.3558575000060955
7	50	-2.3262324999959674
7	50	-2.3059199999988778
7	50	-2.2612012500030687
7	50	-2.2498575000063283
7	50	-2.1876699999993434
7	50	-2.1442950000055134
7	50	-2.1421700000064448
7	50	-1.9667959999933373
7	50	-1.9578897499886807
7	50	-1.9377022499829764
7	50	-1.8099834999884479
7	50	-1.6274834999931045
7	50	-1.6053584999899613
7	50	-1.5892647499858867
7	50	-1.5443897499935701
7	50	-1.4447959999961313
7	50	-1.4325147499912418
7	50	-1.337139749986818
7	50	-1.278014749987051
7	50	-1.2692334999883315
7	50	-1.1956709999940358
7	50	-1.0787334999913583
7	50	-1.0760772499925224
7	50	-1.038108499982627
7	50	-0.9727647499967134
7	50	-0.9480772499955492
7	50	-0.8870459999889135
7	50	-0.8398272499907762
7	50	-0.8219834999908926
7	50	-0.8051397499948507
7	50	-0.7408584999939194
7	50	-0.7308272499940358
7	50	-0.6749834999936866
7	50	-0.6068584999884479
7	50	-0.559170999986236
7	50	-0.5300459999853047
7	50	-0.5051709999825107
7	50	-0.4961397499864688
7	50	-0.4778272499825107
7	50	-0.3447022499894956
7	50	-0.3319834999856539
7	50	-0.29457724999519996
7	50	-0.19395224998879712
7	50	-0.18742099999508355
7	50	-0.18451474998437334
7	50	-0.13760849999380298
7	50	-0.09032724998542108
7	50	-0.06107724999310449
7	50	0.021297750005032867
7	50	0.03314150001097005
7	50	0.13489150001259986
7	50	0.24154775000351947
7	50	0.2623290000046836
7	50	0.3047977500100387
7	50	0.3397665000084089
7	50	0.47204775000864174
7	50	0.5022967500117375
7	50	0.6064530000148807
7	50	0.6892030000017257
7	50	0.7696405000024242
7	50	0.8723905000078958
7	50	0.8927967500058003
7	50	0.9482967500080122
7	50	0.9727655000024242
7	50	1.0083592500013765
7	50	1.1651092500105733
7	50	1.1932655000127852
7	50	1.267265500006033
7	50	1.2755155000049854
7	50	1.355859250004869
7	50	1.3750780000118539
7	50	1.4160155000136
7	50	1.5207967500027735
7	50	1.53792175000126
7	50	1.639890500009642
7	50	1.6857030000101076
7	50	1.7633905000111554
7	50	1.7749217500095256
7	50	1.819984250003472
7	50	1.859265500010224
7	50	1.9728905000083614
7	50	1.9874842500139493
8	1	-5.007638249982847
8	1	-4.465794499992626
8	1	-3.829200749984011
8	1	-2.3078267499950016
8	1	-1.8753579999902286
8	1	-1.02451524999924
8	1	1.8676712500018766
8	2	-4.633419750010944
8	2	-4.55054475000361
8	2	-3.5703894999896875
8	2	-3.3310144999995828
8	2	-3.005170749995159
8	2	-2.5131394999916665
8	2	-2.145295750000514
8	2	-2.141295749999699
8	2	-2.128514500000165
8	2	-1.5200144999980694
8	2	-0.9757967499899678
8	2	-0.40682799999194685
8	2	-0.3064529999974184
8	2	0.3017344999971101
8	2	1.7760147500084713
8	3	-5.616356749989791
8	3	-4.899700499998289
8	3	-3.7513265000015963
8	3	-3.5821702499961248
8	3	-2.908982749999268
8	3	-2.20688899999368
8	3	-1.6081389999890234
8	3	-0.6954525000037393
8	3	0.8708599999954458
8	4	-3.460670000000391
8	4	-2.2507949999999255
8	4	0.06364150000445079
8	4	0.31961025000782683
8	4	1.794390499999281
8	4	1.91332799999509
8	5	-3.9913254999992205
8	5	-2.414826499996707
8	5	-2.3688577499997336
8	5	-2.360576499995659
8	5	-1.9571702499961248
8	5	1.9900152500049444
8	6	-3.1896079999860376
8	6	-0.5511089999927208
8	6	1.5235775000037393
8	7	-5.778637750001508
8	7	-5.098137749999296
8	7	-3.035888750004233
8	7	-1.1672647500090534
8	7	-1.043264750012895
8	7	-0.5453272500017192
8	7	-0.5019835000130115
8	7	-0.49301475001266226
8	7	-0.07826475000183564
8	7	0.8229852499935078
8	8	-5.688981749990489
8	8	-4.536825499992119
8	8	-4.429012999986298
8	8	-4.096919249990606
8	8	-2.308670250000432
8	8	-2.169076499994844
8	8	-1.6484827499953099
8	8	-1.1978275000001304
8	8	-0.76501499999722
8	8	-0.4419837500026915
8	8	0.9579850000009174
8	8	1.935171499993885
8	9	-5.381387999994331
8	9	-2.8499202499951934
8	9	-2.8392327499896055
8	9	-1.8799514999991516
8	9	-0.6191712499858113
8	9	-0.6104212499776622
8	9	-0.5171399999817368
8	9	-0.3546712499810383
8	9	-0.30120249997708015
8	9	0.06607875002373476
8	9	1.77348400001938
8	9	1.909484000017983
8	9	1.9607652500126278
8	9	1.9764527500228724
8	10	-5.611451250006212
8	10	-2.6856709999992745
8	10	-2.6629522500006715
8	10	-2.423202250007307
8	10	-1.7623585000110324
8	10	-1.4350772500038147
8	10	0.017921749997185543
8	10	0.3481717499962542
8	10	0.3821404999907827
8	10	0.527327999996487
8	11	-5.799888250010554
8	11	-5.793450750017655
8	11	-5.779294500011019
8	11	-5.399825750020682
8	11	-5.240950750012416
8	11	-4.7149507500143955
8	11	-4.155419500020798
8	11	-4.092825750019983
8	11	-3.742232000018703
8	11	-3.733388250009739
8	11	-3.5219195000099717
8	11	-2.698701750021428
8	11	-2.305701750010485
8	11	-1.5218267500167713
8	11	-1.2666080000199145
8	11	-1.134670500017819
8	11	-0.9914205000241054
8	11	-0.7115465000097174
8	11	-0.6269527499971446
8	11	-0.582483999998658
8	11	-0.5385464999999385
8	11	-0.5340152499993565
8	11	-0.5117965000099503
8	11	-0.48242149999714456
8	11	-0.36535900000308175
8	11	0.03745350000099279
8	11	0.8550472499919124
8	11	1.9590150000003632
8	12	-5.5093877500039525
8	12	-5.499794000003021
8	12	-5.324201249997714
8	12	-5.292513749998761
8	12	-5.287982499998179
8	12	-5.214607500005513
8	12	-5.207013749997714
8	12	-4.0805762500094716
8	12	-3.213013750006212
8	12	-3.054795000003651
8	12	-3.0368575000029523
8	12	-2.0657334999996237
8	12	-1.414358500012895
8	12	-1.2675772500078892
8	12	-1.1829209999996237
8	12	-0.9880460000131279
8	12	-0.18895325000630692
8	12	0.28332799999043345
8	12	0.458546749985544
8	12	0.48385924998729024
8	12	0.675140499995905
8	12	0.6934217499947408
8	12	0.6980154999910155
8	12	0.7112967499851948
8	13	-5.0597320000088075
8	13	-5.009857000011834
8	13	-4.834983000007924
8	13	-4.4296392500109505
8	13	-4.402545500008273
8	13	-2.9723892500041984
8	13	-1.6847964999906253
8	13	-1.6712652499991236
8	13	-1.4276714999869
8	13	-1.4115152499871328
8	13	-1.3215464999957476
8	13	-1.1654214999871328
8	13	0.3608587500057183
8	13	0.49867125001037493
8	13	0.7625150000094436
8	13	0.8646087500092108
8	13	0.8859525000007125
8	13	1.0650462500052527
8	13	1.0856712500099093
8	13	1.18648375000339
8	13	1.577015000002575
8	14	-5.694700499996543
8	14	-4.837887999994564
8	14	-4.303482749994146
8	14	-4.282201499998337
8	14	-3.196826499988674
8	14	-3.0783264999918174
8	14	-3.0637327499862295
8	14	-3.0289827499946114
8	14	-3.023795249988325
8	14	-1.4534837499959394
8	14	-0.5954837499884889
8	14	-0.06623374999617226
8	14	0.07267249999858905
8	14	0.628234000003431
8	14	0.7841090000001714
8	14	1.881327750001219
8	15	-5.963356250009383
8	15	-5.865700000009383
8	15	-5.854043750005076
8	15	-5.841262500005541
8	15	-5.73713750000752
8	15	-5.727262500004144
8	15	-4.245232249988476
8	15	-4.120638499996858
8	15	-3.945200999994995
8	15	-3.17204474999744
8	15	-1.6226082499924814
8	15	-1.6177019999886397
8	15	-1.4890144999953918
8	15	-1.4329832499934128
8	15	-1.424170749989571
8	15	-1.3116394999960903
8	15	-1.1560457499872427
8	15	-0.9830457499920158
8	15	0.6380470000003697
8	15	0.7100157500099158
8	15	1.1138282500032801
8	15	1.1672032500064233
8	15	1.5292345000052592
8	16	-5.5665132499998435
8	16	-4.0681080000067595
8	16	-2.9557329999952344
8	16	-1.02451524999924
8	16	-0.22704650000378024
8	16	-0.08007774999714456
8	16	-0.07310900000447873
8	16	0.5492337499890709
8	16	0.634671249994426
8	17	-5.356106000006548
8	17	-5.1909819999855245
8	17	-4.417106999986572
8	17	-4.242888249980751
8	17	-4.04910699998436
8	17	-3.747481999991578
8	17	-3.4299819999869214
8	17	-2.508326749986736
8	17	-1.6310142499860376
8	17	-1.625295499994536
8	17	-1.6155142499919748
8	17	-1.2274204999848735
8	17	-0.6477954999863869
8	17	-0.557857999985572
8	17	-0.35292049999407027
8	17	-0.2718589999858523
8	17	-0.26479649999237154
8	17	-0.13695274999190588
8	17	-0.05445274998783134
8	17	-0.04873399999632966
8	17	-0.039452749988413416
8	17	0.27417225000681356
8	17	0.2842660000023898
8	17	0.290766000005533
8	17	1.0967035000066971
8	18	-5.62704350000422
8	18	-5.621168500001659
8	18	-5.347168499996769
8	18	-5.289543499995489
8	18	-5.2830434999923455
8	18	-5.22098100000585
8	18	-5.087794499995653
8	18	-4.880950749997282
8	18	-3.2918570000038017
8	18	-2.830950749994372
8	18	-2.6022329999977956
8	18	-2.5117642499972135
8	18	-2.303232999998727
8	18	-1.4707330000092043
8	18	-1.2380455000093207
8	18	-1.1372954999969807
8	18	0.24054724999587052
8	18	0.27935974999854807
8	18	0.5106722499913303
8	18	0.5559847499971511
8	18	0.5666097499924945
8	18	0.5687972499872558
8	18	0.5780159999994794
8	18	1.0161722499906318
8	18	1.1950159999978496
8	18	1.2285472499934258
8	18	1.230734749988187
8	18	1.2393909999955213
8	18	1.2462972499924945
8	19	-5.895481749990722
8	19	-5.890012999996543
8	19	-5.752262999987579
8	19	-4.919950499985134
8	19	-4.725451499994961
8	19	-4.703795249995892
8	19	-3.2804202499974053
8	19	-3.1212327499961248
8	19	-2.6322952499904204
8	19	-2.4140764999901876
8	19	-1.7811087500012945
8	19	-1.7681712499907007
8	19	-1.417264999996405
8	19	-1.0076399999961723
8	19	-0.8318587499961723
8	19	-0.8257024999911664
8	19	-0.6488275000010617
8	19	-0.47598374998779036
8	19	0.31607775000156835
8	19	0.43176525000308175
8	19	0.7677965000038967
8	19	1.9544215000059921
8	20	-5.0972627499868395
8	20	-4.9249814999930095
8	20	-4.794793999986723
8	20	-4.422544999993988
8	20	-3.4111699999921257
8	20	-3.4079512500029523
8	20	-2.3743262499920093
8	20	-2.366388750000624
8	20	-2.3540137499949196
8	20	-2.0360147500032326
8	20	-1.4329834999953164
8	20	-1.4025772500026505
8	20	-0.3898897500039311
8	20	0.10539150000840891
8	20	0.27701649999653455
8	20	0.5584842500102241
8	21	-5.0061695000040345
8	21	-4.965450749994488
8	21	-4.335951750006643
8	21	-3.559201750002103
8	21	-3.525483000004897
8	21	-2.9827642500022193
8	21	-2.935451750003267
8	21	-2.85329549999733
8	21	-2.658701749998727
8	21	-2.13454549999733
8	21	-1.9876392500009388
8	21	-1.9776392500061775
8	21	-1.8365777500002878
8	21	-1.7167964999971446
8	21	-1.2184527500066906
8	21	-1.045484000002034
8	21	0.5003284999984317
8	21	0.6125462499912828
8	21	0.6324524999945424
8	22	-5.8202314999944065
8	22	-5.009450249999645
8	22	-4.408731499992427
8	22	-4.10341999999946
8	22	-3.841294999991078
8	22	-2.945857500002603
8	22	-2.367294999989099
8	22	-2.3632324999925913
8	22	-2.3464824999973644
8	22	-2.1560137499909615
8	22	-2.0873575000005076
8	22	-1.3789209999958985
8	22	-1.3544834999920567
8	22	-1.113670999999158
8	22	-0.6580459999968298
8	22	1.0870780000113882
8	22	1.702296750008827
8	23	-5.598700749993441
8	23	-4.664606999984244
8	23	-4.659606999994139
8	23	-4.575763249988086
8	23	-4.56882574998599
8	23	-4.565200749988435
8	23	-3.4002329999930225
8	23	-3.1228892499930225
8	23	-2.437295499985339
8	23	-2.1419829999940703
8	23	-2.133639249994303
8	23	-0.9547964999946998
8	23	0.1126722500048345
8	23	0.6467035000096075
8	23	0.8031087499985006
8	23	1.9960775000072317
8	24	-5.92488800000865
8	24	-5.415075500015519
8	24	-5.31960675001028
8	24	-5.309450500019011
8	24	-5.267544250018545
8	24	-4.885325500014005
8	24	-4.872950500022853
8	24	-4.838700500011328
8	24	-4.126326500016148
8	24	-3.537201500017545
8	24	-2.8037015000154497
8	24	-2.448576500013587
8	24	-2.3737640000181273
8	24	-1.9359827500156825
8	24	-1.5444525000057183
8	24	-1.535358749999432
8	24	-1.4557962500111898
8	24	-1.3903587500099093
8	24	-1.171889999997802
8	24	-1.1505775000114227
8	24	-0.9083275000011781
8	24	-0.8672337500029244
8	24	-0.6686712500086287
8	24	-0.32326499999908265
8	24	-0.2676400000054855
8	24	0.33207874999789055
8	24	0.4321099999942817
8	24	0.8849214999936521
8	24	1.66514024999924
8	25	-5.824794000000111
8	25	-5.4650752500019735
8	25	-5.371043999999529
8	25	-5.361325250007212
8	25	-5.116731500005699
8	25	-4.2625752500025555
8	25	-4.228731499999412
8	25	-3.993075250007678
8	25	-3.9030752499966184
8	25	-3.8502627499983646
8	25	-3.3500762500043493
8	25	-2.34170124999946
8	25	-1.936795000001439
8	25	-0.37542100000428036
8	25	0.15523525000025984
8	25	0.4890164999960689
8	25	1.9056717499915976
8	26	-5.4895125000039116
8	26	-4.553544750000583
8	26	-3.93276350000815
8	26	-3.42516975000035
8	26	-3.3111072500032606
8	26	-3.1946072499995353
8	26	-1.9654207499843324
8	26	-1.7140769999969052
8	26	-1.6607332499843324
8	26	-1.1834832499880577
8	26	0.511015750002116
8	26	0.8309532500134083
8	26	1.1570157500100322
8	26	1.1708282500039786
8	26	1.4860157500079367
8	26	1.8639845000143396
8	27	-5.9281374999991385
8	27	-5.369731250000768
8	27	-5.329387500009034
8	27	-5.267106250001234
8	27	-4.748543749999953
8	27	-4.738606250000885
8	27	-4.733512500009965
8	27	-4.712638500001049
8	27	-4.255701000001864
8	27	-4.099888500000816
8	27	-3.200982250011293
8	27	-2.274763500012341
8	27	-2.1428895000135526
8	27	-1.3531707500078483
8	27	-0.8282957500050543
8	27	-0.8187957500049379
8	27	-0.6494520000123885
8	27	-0.6412957500142511
8	27	-0.14613950000784826
8	27	-0.07063950000156183
8	27	0.28264074999606237
8	27	0.4443907499953639
8	27	0.4566719999857014
8	27	0.6737657499907073
8	28	-5.657356750001782
8	28	-4.8953255000087665
8	28	-4.861544250001316
8	28	-4.853700500010746
8	28	-4.434357750011259
8	28	-4.4080140000151005
8	28	-3.124139000006835
8	28	-2.0374202500097454
8	28	-1.8136712499981513
8	28	-1.2598587499960558
8	28	-1.2268587500002468
8	28	-0.8699212499923306
8	28	-0.7874212500028079
8	28	-0.7129837499960558
8	28	0.07595374999800697
8	28	0.08304749999660999
8	28	0.1732975000049919
8	28	0.30636000000231434
8	28	0.38526624999940395
8	28	0.46257874999719206
8	29	-5.974919249987579
8	29	-5.584262999997009
8	29	-3.711326499993447
8	29	-3.6252327499969397
8	29	-3.6182014999940293
8	29	-2.851639000000432
8	29	-2.667701500002295
8	29	-2.5571702500019455
8	29	-1.778171250000014
8	29	-1.5867962499905843
8	29	-1.55798374999722
8	29	-1.5009212500008289
8	29	-1.4961712499934947
8	29	-1.45682749999105
8	29	-1.4218275000021094
8	29	-1.3529212499997811
8	29	-0.8299525000038557
8	29	-0.3808275000046706
8	29	-0.3644524999981513
8	29	0.045172500002081506
8	29	0.07757875000243075
8	29	1.1067652500059921
8	29	1.5709214999951655
8	30	-5.799075500006438
8	30	-5.757794250006555
8	30	-5.489638000013656
8	30	-5.481013000011444
8	30	-5.340044250013307
8	30	-5.329763000016101
8	30	-5.253950500016799
8	30	-5.15945050001028
8	30	-4.760388000009698
8	30	-4.355606750017614
8	30	-4.243138000005274
8	30	-3.9374827499996172
8	30	-3.9303265000053216
8	30	-3.9234514999989187
8	30	-2.5948889999999665
8	30	-1.946826500003226
8	30	-1.9390452499937965
8	30	-1.565483750004205
8	30	-1.0609525000036228
8	30	-0.9342024999932619
8	30	-0.8983275000064168
8	30	-0.7428899999940768
8	30	-0.4805462499934947
8	30	-0.359796250006184
8	30	-0.33857750000606757
8	30	-0.29064000000653323
8	30	-0.10145250000641681
8	30	-0.09207749999768566
8	30	0.01360999999451451
8	30	0.026078750001033768
8	31	-5.9584507499967
8	31	-5.564950749991112
8	31	-5.514763250001124
8	31	-5.509888250002405
8	31	-5.503356999994139
8	31	-5.288732000000891
8	31	-5.282200749992626
8	31	-5.265138250004384
8	31	-5.242419499991229
8	31	-4.495857000001706
8	31	-3.0751705000002403
8	31	-2.5122017499961657
8	31	-2.224826749996282
8	31	-1.4192964999965625
8	31	-1.3922965000092518
8	31	-0.9682339999999385
8	31	-0.9629215000022668
8	31	-0.8046715000091353
8	31	0.07979725000041071
8	31	1.3975774999998976
8	31	1.4574212500010617
8	32	-4.831794500001706
8	32	-3.771889249997912
8	32	-3.7442642499954673
8	32	-3.6671079999941867
8	32	-3.6617642499913927
8	32	-3.6192642499954673
8	32	-2.938326749994303
8	32	-2.352982999989763
8	32	-2.2857017499918584
8	32	-1.9346704999916255
8	32	-1.7221704999974463
8	32	-1.3522652499959804
8	32	-1.205733999988297
8	32	0.21520350000355393
8	32	0.9667337499995483
8	32	1.2612962499988498
8	32	1.3859212499955902
8	32	1.655140000002575
8	33	-5.998731500003487
8	33	-5.855731500007096
8	33	-5.696418999999878
8	33	-5.687450249999529
8	33	-5.4995127500005765
8	33	-5.406512750007096
8	33	-5.2580440000019735
8	33	-5.048106500005815
8	33	-4.509512749995338
8	33	-3.8698575000016717
8	33	-3.210357500007376
8	33	-3.202232499999809
8	33	-3.118326249998063
8	33	-1.73523250001017
8	33	-1.7254200000024866
8	33	-1.7155449999991106
8	33	-1.6899200000043493
8	33	-1.6519824999995762
8	33	-1.6356387499981793
8	33	-1.2450147500057938
8	33	-0.9948585000092862
8	33	-0.45226474999799393
8	33	-0.2652959999977611
8	33	0.056203999993158504
8	33	0.08439150000049267
8	33	0.37126649999117944
8	33	0.3759227499976987
8	33	0.38620399999490473
8	33	0.47914149999269284
8	33	0.49357900000177324
8	33	0.53395399999863
8	33	0.5372039999929257
8	33	1.0347029999975348
8	33	1.7762029999867082
8	34	-5.572512999991886
8	34	-5.103606749995379
8	34	-4.881856749983854
8	34	-4.751231749993167
8	34	-3.2154827499907697
8	34	-3.083732749990304
8	34	-2.935420249996241
8	34	-2.6237639999890234
8	34	-1.6547327499865787
8	34	-1.5940764999977546
8	34	-0.981296250000014
8	34	-0.5312337499926798
8	34	-0.02188999998907093
8	34	0.019016250007553026
8	34	0.4000475000066217
8	34	0.5062350000080187
8	34	0.6909537500032457
8	34	0.8244850000046426
8	34	0.9296412500116276
8	34	1.3521715000097174
8	34	1.3633902500005206
8	34	1.5461402500077384
8	34	1.9181715000013355
8	34	1.9520777500001714
8	35	-5.585606500011636
8	35	-5.519981500008726
8	35	-5.49760650000826
8	35	-5.440075250007794
8	35	-5.3521065000095405
8	35	-4.853169000009075
8	35	-4.369731500002672
8	35	-4.27416900001117
8	35	-4.074326250003651
8	35	-3.5559200000134297
8	35	-3.3512325000046985
8	35	-2.7399200000072597
8	35	-1.9280450000078417
8	35	-1.8178887500107521
8	35	-1.676326250002603
8	35	-1.5693272500066087
8	35	-1.3608272500132443
8	35	-1.1891085000097519
8	35	-1.1400460000149906
8	35	-1.1237647500092862
8	35	-1.0700460000080056
8	35	0.03504774998873472
8	35	0.2644227499840781
8	35	1.267359250006848
8	35	1.2903280000027735
8	36	-5.950731749995612
8	36	-5.81963800000085
8	36	-5.262106750000385
8	36	-4.909512999991421
8	36	-4.548606750002364
8	36	-4.542012999998406
8	36	-4.102920249992167
8	36	-3.393170249997638
8	36	-3.216982750003808
8	36	-2.764670249991468
8	36	-2.137295249995077
8	36	-2.1130764999979874
8	36	-1.8848577500029933
8	36	-1.8807327499962412
8	36	-1.7149837500037393
8	36	-0.6233899999933783
8	36	-0.3652650000003632
8	36	1.9870152499934193
8	37	-5.1766070000012405
8	37	-4.453107000008458
8	37	-4.295639250005479
8	37	-2.781889250007225
8	37	-2.4610767499980284
8	37	-2.234076749999076
8	37	-2.167764249999891
8	37	-1.4250465000077384
8	37	-0.9450777500023833
8	37	-0.9402027500036638
8	37	-0.8144215000065742
8	37	-0.7689214999991236
8	37	-0.05357775000447873
8	37	0.679702500012354
8	37	0.7421087500115391
8	37	0.8925775000097929
8	37	1.0433587500010617
8	37	1.3627337500074646
8	37	1.89310875000956
8	38	-5.682670000009239
8	38	-4.847420000005513
8	38	-4.5139512500027195
8	38	-4.439607500011334
8	38	-3.854795000006561
8	38	-2.7667022500099847
8	38	-2.0393897500180174
8	38	-0.9987022500135936
8	38	-0.986827250017086
8	38	0.002265499992063269
8	38	0.04614049998053815
8	38	0.44457799998053815
8	38	0.995546749982168
8	38	1.0760154999879887
8	38	1.1023279999935767
8	38	1.2624217499833321
8	38	1.2672029999812366
8	38	1.575421749992529
8	39	-5.749731000003521
8	39	-4.253794500007643
8	39	-4.109763250002288
8	39	-4.103763250008342
8	39	-4.085544500005199
8	39	-2.924045499996282
8	39	-2.226451749986154
8	39	-1.414357999994536
8	39	-0.32917149999411777
8	39	1.4351722499995958
8	39	1.5874535000039032
8	40	-5.308514000003925
8	40	-5.274357749993214
8	40	-4.829607749998104
8	40	-4.823545249993913
8	40	-4.792514000000665
8	40	-4.56623275000311
8	40	-4.1148264999937965
8	40	-3.7820765000069514
8	40	-3.621576499994262
8	40	-3.5261389999941457
8	40	-2.329890000008163
8	40	-2.1457024999981513
8	40	-2.1417024999973364
8	40	-2.014515000002575
8	40	-0.27195350000692997
8	40	-0.21417225000914186
8	40	0.797733999992488
8	40	0.8569839999981923
8	40	1.4635152499977266
8	41	-5.9651060000032885
8	41	-5.958949750012835
8	41	-4.721794500001124
8	41	-3.4653569999936735
8	41	-3.092732999997679
8	41	-2.2938267499994254
8	41	-2.1723267500055954
8	41	-1.9229829999967478
8	41	-1.6833579999947688
8	41	-1.3528267499932554
8	41	-0.6581402500014519
8	41	-0.5128277500043623
8	41	-0.2641715000063414
8	41	-0.2481090000073891
8	41	0.7613284999970347
8	41	0.8271722499921452
8	41	1.3413909999944735
8	41	1.9779837499954738
8	42	-5.459606750009698
8	42	-4.422106750003877
8	42	-4.294419249999919
8	42	-4.290762999997241
8	42	-4.110669250003411
8	42	-3.665200500006904
8	42	-3.6119827500078827
8	42	-2.8316077500057872
8	42	-1.9221702500071842
8	42	-1.8708265000022948
8	42	-1.7167015000013635
8	42	-1.6800140000123065
8	42	-0.6505462500063004
8	42	-0.2640150000079302
8	42	-0.25848375000350643
8	42	0.07173499999043997
8	42	0.09576624998589978
8	42	0.3534849999996368
8	42	0.43814124999335036
8	42	0.694891249993816
8	42	0.7008912499877624
8	42	1.0424224999878788
8	43	-5.718700999990688
8	43	-5.653669749997789
8	43	-5.025763499987079
8	43	-4.816638499993132
8	43	-4.7956697499903385
8	43	-3.6788884999987204
8	43	-3.10970199998701
8	43	-2.072483249998186
8	43	-1.384701999995741
8	43	-1.1282019999925978
8	43	-1.1117332499998156
8	43	-0.986983249997138
8	43	-0.7121404999925289
8	43	-0.3176717500027735
8	43	0.048359499996877275
8	43	0.5396095000032801
8	43	1.6146710000029998
8	44	-3.8655754999927012
8	44	-3.6302942499896744
8	44	-3.0192327499971725
8	44	-2.44926399999531
8	44	-2.4431702499859966
8	44	-1.9090452499949606
8	44	-1.5486077499954263
8	44	-1.4159514999919338
8	44	-0.7605774999974528
8	44	-0.6409212500002468
8	44	-0.3212962499965215
8	44	0.7117975000001024
8	44	1.055516250009532
8	44	1.2281412500014994
8	44	1.6997027500183322
8	44	1.7091090000176337
8	45	-5.887637249994441
8	45	-5.108169499988435
8	45	-4.469575749986689
8	45	-3.94382574998599
8	45	-3.521513249987038
8	45	-2.806857999996282
8	45	-2.4132954999950016
8	45	-1.8562329999986105
8	45	-1.7057017499901121
8	45	-0.9203579999884823
8	45	-0.7390152500011027
8	45	-0.10710899998957757
8	45	0.12104725000972394
8	45	0.39204725000308827
8	45	0.674922250007512
8	45	1.3615785000001779
8	45	1.5561410000082105
8	45	1.750827500000014
8	45	1.9102025000029244
8	46	-5.847168249994866
8	46	-5.78654324998206
8	46	-5.680543249982293
8	46	-4.728044249990489
8	46	-4.339231749996543
8	46	-3.8388567499932833
8	46	-3.8292942499974743
8	46	-3.641575499990722
8	46	-3.3171692499890924
8	46	-2.195701499993447
8	46	-1.7579202499910025
8	46	-1.5773889999982202
8	46	-1.2857952499907697
8	46	-0.23473374998138752
8	46	-0.22810874998685904
8	46	-0.21073374997649807
8	46	0.07811000001674984
8	46	0.20801625002059154
8	46	0.35582875002000947
8	47	-5.898419000004651
8	47	-5.771418999996968
8	47	-5.708637749994523
8	47	-4.612795000008191
8	47	-2.736702250011149
8	47	-2.527639749998343
8	47	-2.272264750004979
8	47	-1.3308272499998566
8	47	-1.0024835000076564
8	47	-0.9712335000076564
8	47	-0.9637022500101011
8	47	-0.6960459999972954
8	47	-0.5767334999982268
8	47	-0.5080772500077728
8	47	-0.4964522500085877
8	47	0.47423424999578856
8	47	1.0408279999974184
8	47	1.065046749994508
8	47	1.072234249993926
8	47	1.2491404999891529
8	47	1.3308279999910155
8	47	1.3477029999921797
8	47	1.361296749993926
8	47	1.805890499992529
8	47	1.8359842499921797
8	48	-5.579543750005541
8	48	-4.7320447499951115
8	48	-4.21482599999581
8	48	-3.0510447499982547
8	48	-3.0352010000060545
8	48	-2.7990759999956936
8	48	-2.477327000000514
8	48	-2.46026449999772
8	48	-1.9430145000078483
8	48	-1.0184207499987679
8	48	-0.12045299999590497
8	48	0.042109500005608425
8	48	0.4211407500115456
8	48	0.5886720000125933
8	48	0.5983907500049099
8	48	0.760203250014456
8	48	0.7829532500036294
8	48	1.6629220000177156
8	49	-5.5647325000027195
8	49	-4.200826250002137
8	49	-4.166732500001672
8	49	-0.9963907500059577
8	49	-0.910797000004095
8	49	-0.709422000014456
8	49	-0.6441720000148052
8	49	-0.5036407500156201
8	49	1.0392967499938095
8	49	1.5742957499896875
8	49	1.6582644999871263
8	50	-4.87341899999592
8	50	-4.4080762500088895
8	50	-3.334732500006794
8	50	-1.8143897499830928
8	50	-1.273920999985421
8	50	-1.0561709999892628
8	50	-0.7381084999942686
8	50	-0.7262022499926388
8	50	-0.7195459999929881
8	50	-0.4651084999932209
8	50	-0.1648272499878658
8	50	0.016516500007128343
8	50	1.480765500004054
8	50	1.958453000013833
9	1	-5.523294499987969
9	1	-1.1978579999849899
9	1	0.10385975000099279
9	1	0.8687347500090254
9	2	-4.71032600000035
9	2	-3.3373582499916665
9	2	-1.5227644999977201
9	2	-1.1699842499947408
9	2	-1.0017967500025406
9	2	-0.5441717499925289
9	2	-0.30629675000091083
9	2	0.1237657500023488
9	2	0.5393282500008354
9	3	-5.506044249996194
9	3	-4.09095049998723
9	3	-3.8257317499956116
9	3	-2.9090139999898383
9	3	-2.8020140000007814
9	3	-2.443295249991934
9	3	-2.4320765000011306
9	3	-2.3610452499997336
9	3	-2.351326499992865
9	3	-2.3375764999946114
9	3	-2.299420249997638
9	3	-2.028232750002644
9	3	-0.5787337499932619
9	3	0.12848500000836793
9	3	0.5271099999954458
9	3	0.6317350000026636
9	3	0.6686725000035949
9	3	0.6875787500030128
9	3	0.7767975000024308
9	3	0.8801725000084843
9	3	1.456671499996446
9	4	-4.48610650000046
9	4	-4.292606499991962
9	4	-4.100325249994057
9	4	-4.08457524998812
9	4	-4.071325249999063
9	4	-4.0527627499977825
9	4	-4.044543999989401
9	4	-3.9339502499933587
9	4	-3.9198564999969676
9	4	-3.906637749998481
9	4	-3.874450249990332
9	4	-3.0825137499923585
9	4	-2.969295000002603
9	4	-2.6935137499967823
9	4	-2.4357012499967823
9	4	-1.4288262499903794
9	4	-0.683764749992406
9	4	-0.307952250004746
9	4	-0.08298350000404753
9	4	0.06361024999932852
9	4	0.4204852499970002
9	5	-2.1210140000039246
9	5	-2.0915764999954263
9	5	-2.0713577499991516
9	5	-2.062451499994495
9	5	-2.0530452499951934
9	5	-2.045170249999501
9	5	-2.036263999994844
9	5	-2.0095765000005485
9	5	-1.9601077499974053
9	5	-1.857482749997871
9	5	-1.5430764999910025
9	5	-0.969577500000014
9	5	-0.052233750000596046
9	5	0.28501624999626074
9	5	0.5040474999987055
9	5	0.5468287499970756
9	5	0.5582037499989383
9	5	0.5605787499953294
9	5	0.5991412500006845
9	5	0.6122037500026636
9	5	0.6188912499928847
9	5	0.6474849999940488
9	5	0.657578750004177
9	5	0.6740787500020815
9	5	0.6862037499959115
9	5	0.7008287500066217
9	5	0.7133599999942817
9	6	-5.093731999993906
9	6	-4.882825749984477
9	6	-4.448481999992509
9	6	-1.4121704999852227
9	6	-1.3412954999948852
9	6	-1.0355464999884134
9	6	-0.996233999991091
9	6	-0.8838589999941178
9	6	-0.8641089999873657
9	6	-0.8545152500009863
9	6	-0.8455777499912074
9	6	-0.8121089999913238
9	6	-0.7967964999988908
9	6	-0.7414527499931864
9	6	0.02948475000448525
9	6	0.20598475000588223
9	6	0.486078500005533
9	6	0.6602347500011092
9	6	0.8776722500042524
9	6	1.5235775000037393
9	6	1.5433587500010617
9	7	-4.325512750001508
9	7	-4.193012750009075
9	7	-3.998482499999227
9	7	-3.5704824999993434
9	7	-2.3419825000019046
9	7	-1.4639835000125458
9	7	-1.2322647500113817
9	7	-0.6853585000062594
9	7	-0.6110460000054445
9	7	-0.5896397500036983
9	7	-0.5801085000130115
9	7	-0.5687647500017192
9	7	-0.560827250010334
9	7	-0.5457022500049789
9	7	-0.5377335000084713
9	7	-0.5262335000006715
9	7	-0.4991710000031162
9	7	-0.4736710000142921
9	7	-0.4231397500116145
9	7	-0.18145225000625942
9	7	0.02139149999129586
9	7	0.5315164999919944
9	7	0.568485249998048
9	7	0.7635477499861736
9	7	1.417859250010224
9	7	1.5105467500106897
9	8	-5.519887999995262
9	8	-5.282294249991537
9	8	-3.5149202499887906
9	8	-2.907638999997289
9	8	-1.2590150000032736
9	8	-1.1426087500003632
9	8	-1.0367962500022259
9	8	0.3914537500095321
9	8	0.5611100000096485
9	8	1.031202750004013
9	9	-2.681607749997056
9	9	-2.649513999989722
9	9	-2.638107749997289
9	9	-2.562857749988325
9	9	-2.3937952499982202
9	9	-1.4018577499955427
9	9	-1.1274514999968233
9	9	-0.6694212499860441
9	9	-0.08232749998569489
9	9	0.04954750002070796
9	9	0.06036000001768116
9	9	0.06611000001430511
9	9	0.48436000001674984
9	9	1.1546412500174483
9	10	-5.306982499998412
9	10	-4.060169999997015
9	10	-3.9920450000063283
9	10	-3.9770762499974808
9	10	-3.9674824999965494
9	10	-3.9540137500007404
9	10	-3.937919999996666
9	10	-3.920545000000857
9	10	-3.9113887499988778
9	10	-3.8993262500007404
9	10	-3.7841075000033015
9	10	-3.720138750009937
9	10	-2.87210849999974
9	10	-2.7487022499990417
9	10	-2.584358500011149
9	10	-2.3948897500085877
9	10	-1.9684522500028834
9	10	-1.6802335000102175
9	10	-1.3873585000110324
9	10	-1.2323272500070743
9	10	-1.197452250009519
9	10	-1.1409835000085877
9	10	-0.9479835000092862
9	10	-0.8608272499986924
9	10	-0.8239522500080056
9	10	-0.5599220000003697
9	10	-0.31842200001119636
9	10	0.07176549998985138
9	10	0.10260924999602139
9	10	0.6942654999875231
9	10	0.7101092499942752
9	11	-4.744950750013231
9	11	-3.6780757500091568
9	11	-2.686701750018983
9	11	-2.599920500011649
9	11	-1.5672642500139773
9	11	-1.5194205000152579
9	11	-1.23098300001584
9	11	-1.111858000018401
9	11	-0.3171090000105323
9	11	0.4131409999972675
9	11	0.511984750002739
9	11	0.6540784999961033
9	11	1.643608749989653
9	12	-5.980575249996036
9	12	-4.940107500005979
9	12	-4.916388750003534
9	12	-4.861888750005164
9	12	-3.7912012500019046
9	12	-3.5439512500015553
9	12	-3.2562637500086566
9	12	-3.202232499999809
9	12	-3.1821387500094716
9	12	-3.103951249999227
9	12	-1.42307725000137
9	12	-1.393577250011731
9	12	-1.371577249999973
9	12	-1.3624210000125458
9	12	-1.3493272500054445
9	12	-1.3216397500073072
9	12	-1.3084835000045132
9	12	-1.2845772500004387
9	12	-1.1541085000062594
9	12	-0.94260850000137
9	12	0.20248424999590497
9	12	0.4662654999847291
9	12	0.7425467499851948
9	12	1.1346092499879887
9	12	1.5886404999910155
9	12	1.9641717499907827
9	13	-3.8697017500089714
9	13	-3.163233000013861
9	13	-3.066295500000706
9	13	-2.2737339999875985
9	13	-1.871952749992488
9	13	-1.551952750000055
9	13	-1.4150464999984251
9	13	-1.2757027499901596
9	13	-1.2327339999901596
9	13	0.4342025000078138
9	13	0.6058587500010617
9	13	0.8215774999989662
9	13	1.2266400000080466
9	14	-4.481576499994844
9	14	-4.193857749996823
9	14	-2.0888899999990826
9	14	-1.933077499998035
9	14	-1.7225774999969872
9	14	-1.4534524999908172
9	14	-1.3879212499887217
9	14	-1.1743274999898858
9	14	-0.9842649999918649
9	14	0.00854750000871718
9	14	0.21951624999928754
9	14	0.24998500000219792
9	14	0.35392150000552647
9	14	0.5624840000091353
9	15	-5.365106249999371
9	15	-1.2752644999854965
9	15	-1.1884832499927143
9	15	-0.44429574998503085
9	15	0.09289175001322292
9	15	0.16864175000227988
9	15	0.268579250012408
9	15	0.5842970000085188
9	15	0.7469220000057248
9	16	-5.465294499997981
9	16	-5.263544500005082
9	16	-1.952671500010183
9	16	-1.1090777500066906
9	16	-0.8233902500069235
9	16	0.7465775000018766
9	16	1.84704624999722
9	17	-5.863168500000029
9	17	-5.746449750004103
9	17	-4.262700749983196
9	17	-4.083638249983778
9	17	-2.7963892499828944
9	17	-2.3231392499874346
9	17	-2.0837329999922076
9	17	-1.2457642499939539
9	17	-0.6677017499896465
9	17	-0.6477642499958165
9	17	0.1029535000125179
9	17	0.37695350000285544
9	17	1.112828500015894
9	17	1.3036722500110045
9	17	1.4209847500023898
9	17	1.453703500010306
9	18	-4.985450749998563
9	18	-4.754356999997981
9	18	-4.6574819999950705
9	18	-4.000263249996351
9	18	-3.9106695000082254
9	18	-3.5347632500051986
9	18	-2.860356999997748
9	18	-2.5196080000023358
9	18	-2.4604830000025686
9	18	-2.439983000003849
9	18	-2.4323892500106012
9	18	-2.4181079999980284
9	18	-2.4125455000030342
9	18	-2.3961392500059446
9	18	-2.381764250007109
9	18	-2.3721705000061775
9	18	-2.3534517500083894
9	18	-2.3415142500016373
9	18	-2.3269517500011716
9	18	-2.306233000010252
9	18	-2.2675454999989597
9	18	-2.167451750006876
9	18	-2.050076750005246
9	18	-1.8907017500023358
9	18	-1.690576749999309
9	18	-1.6331080000090878
9	18	-1.4866705000022193
9	18	-1.3068892500014044
9	18	-0.3580142499995418
9	18	-0.13235900001018308
9	18	-0.07357775000855327
9	18	0.03520349999598693
9	18	0.09629724999831524
9	18	0.11598474999482278
9	18	0.12420349998865277
9	18	0.141703499990399
9	18	0.14426599998841994
9	18	0.1487034999881871
9	18	0.5875159999995958
9	18	0.6915784999873722
9	19	-4.396170249994611
9	19	-3.8653264999884414
9	19	-3.8339827499876264
9	19	-3.7898889999923995
9	19	-3.775263999996241
9	19	-3.7683264999941457
9	19	-3.745732749986928
9	19	-3.7395139999862295
9	19	-3.3809514999884414
9	19	-3.121263999986695
9	19	-2.9318264999892563
9	19	-2.6832639999920502
9	19	-1.8630462500004796
9	19	-1.7887337499996647
9	19	-1.5780462499969872
9	19	-1.4229212499922141
9	19	-1.419921249995241
9	19	-1.0263899999990826
9	19	-0.8300462499901187
9	19	-0.539171249998617
9	19	-0.4925775000010617
9	19	-0.4761712499894202
9	19	-0.46879624998837244
9	20	-3.2523574999941047
9	20	-3.072888750000857
9	20	-1.7611084999953164
9	20	0.45832800000789575
9	20	0.7192342500202358
9	20	0.8744842500163941
9	20	0.8875467500183731
9	21	-5.561544500000309
9	21	-3.922295500000473
9	21	-3.7404830000014044
9	21	-3.0921704999927897
9	21	-2.982826749997912
9	21	-2.976357999999891
9	21	-2.8982642500050133
9	21	-2.8510767499974463
9	21	-2.8098892499983776
9	21	-2.7552642499940703
9	21	-2.7118892500002403
9	21	-2.6585767499927897
9	21	-2.3507017499941867
9	21	-1.6578589999990072
9	21	-0.8424840000079712
9	21	-0.6578902500041295
9	21	0.7923900000023423
9	21	1.0507337500021094
9	22	-5.431075249987771
9	22	-5.422793999998248
9	22	-2.293794999990496
9	22	-2.027982499988866
9	22	-1.722733499991591
9	22	-1.1071709999960149
9	22	-0.9592335000052117
9	22	-0.7908272499917075
9	22	-0.496983499993803
9	22	-0.2928272499993909
9	22	0.36054774999502115
9	22	0.7565155000193045
9	23	-5.863450749995536
9	23	-3.7022642499941867
9	23	-2.4256079999904614
9	23	-1.578265249991091
9	23	-1.5409214999963297
9	23	-1.4570152499945834
9	23	-1.2792652499920223
9	23	-1.1858589999901596
9	23	-1.0961714999866672
9	23	-1.0014527499879478
9	23	-0.9605152499862015
9	23	-0.7240777499973774
9	24	-5.96785675000865
9	24	-5.935388000012608
9	24	-5.919013000020641
9	24	-5.911638000019593
9	24	-5.879513000021689
9	24	-4.958575500015286
9	24	-4.39379425001971
9	24	-4.126264000020456
9	24	-4.112514000022202
9	24	-4.054482750012539
9	24	-4.013232750017778
9	24	-3.7075765000190586
9	24	-3.6535765000153333
9	24	-3.616107750014635
9	24	-3.5476077500206884
9	24	-3.45095150002453
9	24	-3.2324202500167303
9	24	-3.1641077500244137
9	24	-3.050857750014984
9	24	-2.9983577500242973
9	24	-1.4314212500030408
9	24	-1.124483749998035
9	24	-0.7425150000053691
9	24	-0.27707750000990927
9	24	0.12807874999998603
9	24	0.42995374999009073
9	24	0.43501624999044
9	24	0.43676625000080094
9	24	0.44345374999102205
9	24	0.5286412499990547
9	25	-3.7808877500065137
9	25	-3.4642949999979464
9	25	-3.36104499999783
9	25	-2.6420137499953853
9	25	-2.361263750004582
9	25	-2.0734512500057463
9	25	-1.8587324999971315
9	25	-1.6082949999981793
9	25	-0.962858500002767
9	25	-0.9075147500116145
9	25	0.6146102499915287
9	26	-3.4671697500016307
9	26	-1.660701999993762
9	26	0.2896407500084024
9	27	-5.927387500007171
9	27	-5.817918750006356
9	27	-5.299168750003446
9	27	-5.015200000008917
9	27	-2.7994822500040755
9	27	-0.8975145000149496
9	27	-0.874327000012272
9	27	0.28264074999606237
9	27	0.41445324999222066
9	27	1.830296999993152
9	28	-5.648356750010862
9	28	-5.184888000003411
9	28	-4.994231750009931
9	28	-4.9823880000039935
9	28	-4.490013000002364
9	28	-4.361264000006486
9	28	-4.243420250015333
9	28	-3.873014000011608
9	28	-2.5953890000091633
9	28	-1.8969212499941932
9	28	-1.5787962500035064
9	28	-1.2761400000017602
9	28	-1.2415150000015274
9	28	-1.2222024999937275
9	28	-1.2148900000029244
9	28	-1.191608749999432
9	28	-0.806858750001993
9	28	-0.48382749999291264
9	28	-0.3252962499973364
9	28	-0.22823374999279622
9	28	0.20679749999544583
9	28	0.21689125000557397
9	28	0.5319537500035949
9	28	0.5618912500067381
9	28	0.5646100000012666
9	28	0.5678590000024997
9	28	1.8224840000038967
9	29	-5.658731749994331
9	29	-4.884950499996194
9	29	-4.111357749992749
9	29	-3.3279514999885578
9	29	-2.8383889999968233
9	29	-2.825920249990304
9	29	-2.744201499997871
9	29	-2.573764000000665
9	29	-2.5187327500025276
9	29	-2.5015452499937965
9	29	-2.493482749996474
9	29	-1.8613265000021784
9	29	-1.229358750002575
9	29	-1.0275775000045542
9	29	-0.833483750000596
9	29	-0.8299525000038557
9	29	-0.8124525000021094
9	29	-0.7837962499907007
9	29	-0.7708275000040885
9	29	-0.4481087500025751
9	29	0.04767250000440981
9	29	1.3888589999987744
9	29	1.4841715000075055
9	29	1.6706402499985415
9	29	1.8072652499977266
9	29	1.822734000001219
9	29	1.8810464999987744
9	30	-5.828106750006555
9	30	-5.790200500006904
9	30	-5.369669250008883
9	30	-5.113013000009232
9	30	-4.382044250014587
9	30	-3.930357749995892
9	30	-3.361576499999501
9	30	-2.7212014999968233
9	30	-2.310388999991119
9	30	-2.195795249994262
9	30	-1.902920249995077
9	30	-1.6316087500017602
9	30	-0.9593900000036228
9	30	-0.9013587499939604
9	30	-0.8946712500037393
9	30	-0.8591712500056019
9	30	-0.6267962499987334
9	30	-0.4243900000001304
9	30	-0.4064212499943096
9	30	0.022797500001615845
9	30	0.61039124999661
9	30	0.6269537500047591
9	30	0.63342250000278
9	30	0.6436724999948638
9	30	0.6497037499939324
9	30	1.2592652500024997
9	30	1.4583589999965625
9	31	-3.5933892500033835
9	32	-5.941388250008458
9	32	-5.917950750008458
9	32	-5.885357000006479
9	32	-4.407763250012067
9	32	-4.16935700000613
9	32	-2.2138579999882495
9	32	-1.695607999994536
9	32	-1.4503589999949327
9	32	-0.5962027499917895
9	32	-0.17242149999947287
9	32	-0.09729649999644607
9	32	0.2322660000063479
9	33	-5.617137749999529
9	33	-4.893169000002672
9	33	-4.367356500006281
9	33	-3.6442012500046985
9	33	-3.2022950000100536
9	33	-3.135201249999227
9	33	-3.0277325000060955
9	33	-1.5716075000091223
9	33	-1.2873585000052117
9	33	-1.1604835000034655
9	33	-1.0547960000112653
9	33	-0.7175459999998566
9	33	-0.6332022499991581
9	33	-0.3615772500052117
9	33	-0.26526475000719074
9	33	-0.25854600001184735
9	33	0.83514149999246
9	34	-4.773512999992818
9	34	-4.179762999992818
9	34	-3.434795249995659
9	34	-0.38017124999896623
9	34	0.023703750004642643
9	34	0.3451725000049919
9	34	1.466952750008204
9	35	-4.839044000007561
9	35	-4.798106500005815
9	35	-3.224857500012149
9	35	-2.9877637500030687
9	35	-2.737263750008424
9	35	-2.544545000011567
9	35	-2.473201250002603
9	35	-2.4604200000030687
9	35	-2.4483887500100536
9	35	-2.3312012500100536
9	35	-2.2705450000066776
9	35	-2.1704200000094716
9	35	-2.125732500004233
9	35	-2.0987637500074925
9	35	-2.070857500002603
9	35	-2.058326250014943
9	35	-2.0337012500094716
9	35	-1.9797325000108685
9	35	-1.9609200000122655
9	35	-1.8177950000099372
9	35	-1.4559210000152234
9	35	-1.1400147500098683
9	35	-0.9938272500148742
9	35	-0.9921397500147577
9	35	-0.9880147500080056
9	35	-0.002483500007656403
9	35	0.26126649999059737
9	35	0.26879774998815265
9	35	0.2715164999826811
9	35	1.1869842500018422
9	36	-5.568981749995146
9	36	-3.45707649999531
9	36	-3.345982750004623
9	36	-3.2364514999935636
9	36	-2.9386389999999665
9	36	-2.786357749995659
9	36	-2.7733264999988023
9	36	-2.4163577500003157
9	36	-2.3961077499989187
9	36	-2.389045249990886
9	36	-1.5522650000057183
9	36	-1.524483750006766
9	36	-1.512546250000014
9	36	-0.4552025000011781
9	36	0.07411000000138301
9	37	-5.083700750008575
9	37	-4.6961382500012405
9	37	-4.02104550000513
9	37	-3.8605767499975627
9	37	-3.546264250006061
9	37	-2.7238267500069924
9	37	-2.0434517500107177
9	37	-2.0118579999980284
9	37	-1.9935767499991925
9	37	-1.9860455000016373
9	37	-0.8952652500011027
9	37	-0.6534840000094846
9	37	-0.45710900000995025
9	37	-0.27310900000156835
9	37	-0.18114025000249967
9	37	0.583109749990399
9	37	1.0843900000036228
9	37	1.2910150000097929
9	38	-5.560607500010519
9	38	-4.887045000010403
9	38	-3.2853897500172025
9	38	0.4978279999922961
9	38	0.6594217499805382
9	38	0.7274529999849619
9	38	0.7582342499808874
9	38	0.7672029999812366
9	38	0.7840154999867082
9	38	0.7934217499860097
9	38	0.8024529999820516
9	38	0.8156092499848455
9	38	1.0986404999857768
9	38	1.662545749990386
9	39	-5.275357000005897
9	39	-5.042544500000076
9	39	-4.842982000001939
9	39	-4.270107000003918
9	39	-3.8665757499984466
9	39	-3.795794500008924
9	39	-3.7666695000079926
9	39	-2.5222329999960493
9	39	-2.3564204999856884
9	39	-2.3126392499980284
9	39	-2.296232999986387
9	39	-2.283607999997912
9	39	-2.2740142499969807
9	39	-2.261607999986154
9	39	-2.245576749992324
9	39	-2.216170499988948
9	39	-2.1995767499902286
9	39	-2.187389249986154
9	39	-2.1450142499961657
9	39	-2.1216392499918584
9	39	-2.1086079999950016
9	39	-2.0925767499866197
9	39	-2.073170499992557
9	39	-2.036576749989763
9	39	-2.021357999998145
9	39	-1.0968579999898793
9	39	-0.46389025000098627
9	39	-0.2824527499906253
9	39	-0.17295274999924004
9	39	-0.13339024999004323
9	39	0.3410472500108881
9	39	0.6521409999986645
9	39	0.744922249999945
9	39	0.8404847500059986
9	39	1.6228597500012256
9	40	-3.8216702500067186
9	40	-3.6734202499937965
9	40	-3.5881077499943785
9	40	-3.5644515000021784
9	40	-3.555576500002644
9	40	-3.545107750003808
9	40	-3.5109827499982202
9	40	-3.496795250001014
9	40	-3.483732749999035
9	40	-3.470670249997056
9	40	-3.4578889999975218
9	40	-3.445982749995892
9	40	-3.4318577499943785
9	40	-3.4076077500067186
9	40	-3.391388999996707
9	40	-3.3681077499932144
9	40	-3.3504202500043903
9	40	-3.311920249994728
9	40	-3.2910140000021784
9	40	-3.250670249995892
9	40	-3.032326500004274
9	40	-2.4031400000094436
9	40	-2.3931712500052527
9	40	-1.2342337500012945
9	40	-0.9396087500063004
9	40	-0.6570150000043213
9	40	-0.5652337500068825
9	40	0.010077749990159646
9	40	0.44657775000086986
9	40	0.6343277499981923
9	40	0.7537652499886462
9	40	1.7461714999953983
9	41	-5.40923199999088
9	41	-4.34185699999216
9	41	-4.187419499998214
9	41	-4.079388250000193
9	41	-4.046575749991462
9	41	-4.011575750002521
9	41	-3.741919499996584
9	41	-2.6324517500033835
9	41	-2.5646080000005895
9	41	-2.2438580000016373
9	41	-1.917045499998494
9	41	-1.8478892499988433
9	41	-1.8230767500062939
9	41	-1.7988579999946523
9	41	-1.6833579999947688
9	41	-1.569701750006061
9	41	-1.4830142499995418
9	41	-1.034732999993139
9	41	-0.26748399999632966
9	41	-0.26398400000471156
9	41	0.6441097499919124
9	41	1.1205785000056494
9	41	1.198047249999945
9	42	-5.08976299999631
9	42	-4.962387999999919
9	42	-3.617857750010444
9	42	-3.5523577499989187
9	42	-3.4856390000059037
9	42	-3.461826500002644
9	42	-3.4517015000019455
9	42	-3.4366702500119573
9	42	-3.4164515000011306
9	42	-3.3907640000106767
9	42	-3.3758265000069514
9	42	-3.3209515000053216
9	42	-2.6711702500033425
9	42	-2.608295250000083
9	42	-2.2637640000029933
9	42	-2.0315452500071842
9	42	-1.92873275000602
9	42	-1.9076077500067186
9	42	-1.8658890000078827
9	42	-1.8087327500106767
9	42	-1.7932640000071842
9	42	-1.7856077500036918
9	42	-1.7458889999979874
9	42	-1.7340140000014799
9	42	-1.7212327500019455
9	42	-1.7102327500033425
9	42	-1.6972640000021784
9	42	-1.6797327500098618
9	42	-1.646764000004623
9	42	-1.6118890000070678
9	42	-1.4866702500003157
9	42	-1.4694202500104439
9	42	-1.454420250011026
9	42	-1.431701499997871
9	42	-1.413607750000665
9	42	-1.0803587500122376
9	42	-0.9246087500068825
9	42	-0.2797337500087451
9	42	-0.2637962500011781
9	42	0.05867249998846091
9	42	0.0843287499883445
9	42	0.5317349999968428
9	42	0.534422499986249
9	42	0.7686724999948638
9	42	0.7722662499872968
9	42	0.7780162499984726
9	42	0.7850162499962607
9	42	0.8038912499905564
9	42	0.8103599999885773
9	42	0.8193912499991711
9	42	0.8385787499864819
9	42	0.8445787499949802
9	42	1.593077749988879
9	42	1.6229214999912074
9	42	1.705952749995049
9	42	1.9625464999844553
9	43	-5.960637500000303
9	43	-3.671013499988476
9	43	-3.2837957500014454
9	43	-3.2712332499941112
9	43	-2.826608249990386
9	43	-1.5966707499901531
9	43	-1.5340769999893382
9	43	-1.371545749992947
9	43	-1.2946707499941112
9	43	-1.1285769999958575
9	43	-1.0175457500008633
9	43	-1.0122019999980694
9	43	-0.9952645000012126
9	43	-0.9638582499901531
9	43	-0.9011707499885233
9	43	-0.8783582499891054
9	43	-0.8674529999989318
9	43	-0.8581717499910155
9	43	-0.8073592500004452
9	43	-0.6561092499905499
9	43	-0.6421717499906663
9	43	-0.6300780000019586
9	43	-0.6017655000032391
9	43	-0.5364529999933438
9	43	-0.4897967500000959
9	43	-0.4017654999915976
9	43	-0.25279674999183044
9	43	-0.24879674999101553
9	43	-0.24317175000032876
9	43	-0.17917175000184216
9	43	0.036109499997110106
9	44	-5.071106749994215
9	44	-4.891294249988277
9	44	-4.793919249990722
9	44	-3.291076499997871
9	44	-3.2652327499963576
9	44	-3.252107749998686
9	44	-3.228670249998686
9	44	-3.163201499992283
9	44	-2.6952014999988023
9	44	0.5054537500109291
9	44	0.5864850000070874
9	44	0.6240787499991711
9	44	0.6370162500097649
9	44	0.6407662499987055
9	44	0.6555475000059232
9	44	0.6638912500056904
9	44	0.6818600000115111
9	44	0.705172500005574
9	44	0.7120787500025472
9	45	-5.966762249983731
9	45	-5.610731999986456
9	45	-5.605013249994954
9	45	-5.437763249996351
9	45	-5.388013249990763
9	45	-4.985138249990996
9	45	-4.463763249994372
9	45	-4.153106999990996
9	45	-4.05726324999705
9	45	-4.036513249986456
9	45	-4.017606999987038
9	45	-3.9487007499847095
9	45	-3.9098569999914616
9	45	-3.867856999990181
9	45	-3.8569819999975152
9	45	-3.834325749994605
9	45	-3.816544499990414
9	45	-3.774606999984826
9	45	-2.930482999989181
9	45	-2.7721392499952344
9	45	-2.7423267499980284
9	45	-1.7674204999930225
9	45	-1.2230767500004731
9	45	-1.0758892499870853
9	45	-0.9332954999990761
9	45	-0.6674527499999385
9	45	0.3882034999987809
9	45	0.44945349999761675
9	45	0.8226097500009928
9	45	1.5852660000091419
9	45	1.7987649999995483
9	46	-5.873855749989161
9	46	-5.6294817499874625
9	46	-4.911856749997241
9	46	-4.2807942499930505
9	46	-3.7307317499944475
9	46	-3.443575499986764
9	46	-3.3637317499960773
9	46	-3.0900452499918174
9	46	-2.9026389999926323
9	46	-2.877732749999268
9	46	-2.767420249991119
9	46	-2.701826499993331
9	46	-2.671638999992865
9	46	-2.654232749991934
9	46	-2.626201499995659
9	46	-2.6198889999941457
9	46	-2.5832952499913517
9	46	-1.5967327499965904
9	46	-1.2294202499906532
9	46	-0.46929624998301733
9	46	-0.42342124998685904
9	46	-0.32763999997405335
9	46	-0.2942649999749847
9	46	-0.2191399999865098
9	46	-0.21498374997463543
9	46	0.06761000001279172
9	46	0.19817250002233777
9	46	1.3387350000266451
9	46	1.3695162500225706
9	47	-4.676982500008307
9	47	-4.117357499999343
9	47	-3.953451249995851
9	47	-3.780451250000624
9	47	-3.734201250001206
9	47	-3.549045000007027
9	47	-2.632577249998576
9	48	-5.445324999993318
9	48	-4.6634822500054725
9	48	-4.637763499995344
9	48	-4.620576000001165
9	48	-4.613857250005822
9	48	-4.509419750000234
9	48	-4.421513499997673
9	48	-4.261232250006287
9	48	-4.228482249993249
9	48	-3.55035725000198
9	48	-2.791232250005123
9	48	-2.553920749996905
9	48	-2.0586707500042394
9	48	-2.024108249999699
9	48	-1.9242020000092452
9	48	-1.7447332500014454
9	48	-1.0788582499953918
9	48	-0.6787645000003977
9	48	-0.6330144999956246
9	48	1.1789845000166679
9	48	1.6202657500107307
9	49	-5.152576250009588
9	49	-3.9451700000063283
9	49	-3.859513750008773
9	49	-3.8402012500009732
9	49	-3.8277637499995762
9	49	-3.8218262500013225
9	49	-3.764545000012731
9	49	-3.7542637500009732
9	49	-3.7452637500100536
9	49	-3.7354825000074925
9	49	-3.7272637500136625
9	49	-3.717013750007027
9	49	-3.607483500003582
9	49	-2.3483897500118474
9	49	-2.0579835000098683
9	49	-1.0756407500157366
9	49	-0.8229532500117784
9	49	-0.5106720000039786
9	49	-0.22004700000979938
9	49	-0.16595325000525918
9	49	0.29507799999555573
9	50	-5.401700250004069
9	50	-4.998512749996735
9	50	-4.637606499993126
9	50	-4.431888749997597
9	50	-4.200982499998645
9	50	-3.4334512500063283
9	50	-3.3669512500055134
9	50	-3.2384512499993434
9	50	-3.1529512499982957
9	50	-2.955920000007609
9	50	-1.9762022499926388
9	50	-1.8041709999961313
9	50	-1.7496709999832092
9	50	-1.7255147499963641
9	50	-1.2234209999878658
9	50	-1.0787647499964805
9	50	-1.0268584999867016
9	50	0.13398525000957306
9	50	0.39432900001702365
9	50	0.5441717500070808
9	50	0.6406405000016093
9	50	0.887421750012436
9	50	0.9827030000014929
9	50	1.0678905000095256
9	50	1.702390500009642
9	50	1.9875155000045197
10	1	1.4598587500076974
10	2	-4.5348885000130394
10	2	-3.3410769999900367
10	2	-1.1108279999898514
10	2	-1.0442654999933438
10	2	-0.5441405000019586
10	3	-5.12082549999468
10	3	-4.182794249994913
10	3	-1.7543264999985695
10	3	-1.6563577499910025
10	3	-1.517420249991119
10	3	-1.4309514999913517
10	4	-3.460732499996084
10	4	-0.5576710000023013
10	4	0.06361024999932852
10	5	-5.696137999999337
10	5	-4.750419249990955
10	5	-2.4942639999935636
10	5	0.558172499993816
10	5	1.0519537499931175
10	6	-4.129950749993441
10	6	0.22839100001147017
10	6	1.523546249998617
10	7	-4.5836065000039525
10	7	-3.998482499999227
10	7	1.5081405000091763
10	7	1.616359250008827
10	8	-4.089669249995495
10	8	-2.970638999991934
10	8	-2.3592014999885578
10	8	-1.747795249990304
10	9	-3.4225764999864623
10	9	0.05282875002012588
10	9	0.06057875002443325
10	9	0.06607875002373476
10	10	-1.8725772500038147
10	10	-1.7543585000094026
10	10	-1.5094835000054445
10	10	-1.401702250004746
10	10	-1.3514522500045132
10	10	-0.015953250011079945
10	10	0.60904674998892
10	10	0.7467029999970691
10	10	0.7815467499895021
10	10	1.7638582499930635
10	11	-4.503075750020798
10	11	-3.894607000009273
10	11	-2.057576750012231
10	11	-1.1443892500101356
10	11	1.7140462499955902
10	12	-4.095670000009704
10	12	-3.406076250001206
10	12	-3.330201250006212
10	12	-2.985107500004233
10	12	-0.9732335000007879
10	12	1.1593904999899678
10	13	-3.5200767500064103
10	13	-0.7034214999875985
10	13	1.0514212499983842
10	14	-5.442981749991304
10	14	-2.01951499999268
10	14	-0.31545249999908265
10	14	1.8812652500055265
10	15	-4.5982625000033295
10	15	-0.07004574999155011
10	15	0.26561050000600517
10	15	0.3295792500139214
10	16	-5.14163825000287
10	16	-4.752201750001404
10	16	1.7376087500015274
10	17	-5.617418499998166
10	17	-3.648263249982847
10	17	-1.3394829999888316
10	17	0.1798910000070464
10	17	0.1838910000078613
10	17	0.5331410000071628
10	18	-4.690200750002987
10	18	-4.573732000004384
10	18	0.34017224999843165
10	19	-3.1212014999910025
10	19	-2.6202952499879757
10	19	-2.3732639999943785
10	19	-2.310046250000596
10	19	-1.9863899999909336
10	19	-0.4869837500009453
10	19	-0.4825774999917485
10	19	1.4945152500004042
10	20	-2.715576249989681
10	20	0.6158905000193045
10	20	0.8442655000108061
10	21	-2.857107999996515
10	21	-1.6579214999946998
10	21	1.1580149999936111
10	22	-5.816668999992544
10	22	-3.2008262500021374
10	22	0.9102967500075465
10	23	-4.434669499984011
10	23	-3.8032642499892972
10	23	-3.702826749984524
10	23	-3.7002017499908106
10	23	-3.0912329999846406
10	23	-1.7657964999962132
10	24	-5.536638000019593
10	24	-3.0200452500139363
10	24	-0.26798375000362284
10	24	0.4248912499897415
10	25	-4.15426275000209
10	25	-2.9417637500009732
10	26	-3.405294750002213
10	26	-0.33904574999178294
10	27	-2.022858250013087
10	27	-1.3544520000141347
10	27	-0.5881707500084303
10	27	0.8435782499873312
10	27	1.1120157499826746
10	27	1.7078282499860507
10	28	-5.808544250001432
10	28	-4.599481750003179
10	28	-4.449013000004925
10	28	-2.8688577500142856
10	28	0.28773500000534113
10	28	0.5591724999976577
10	29	-3.658263999997871
10	29	-3.2841077499906532
10	29	-3.2248264999943785
10	29	-0.5104212500009453
10	29	-0.0016712499927962199
10	29	0.054328750004060566
10	30	-2.7712639999954263
10	30	-1.1923275000008289
10	30	-0.78804625000339
10	30	-0.6130462500004796
10	30	0.6324537500040606
10	30	0.6432037500053411
10	31	-4.897731999997632
10	32	-3.1544517499860376
10	32	-2.7979204999865033
10	32	-1.3587652499991236
10	32	-1.3160777500015683
10	32	-0.24585900000238325
10	32	0.7252034999983152
10	33	-5.617137749999529
10	33	-5.531731499999296
10	33	-4.605137749997084
10	33	-3.6447012499993434
10	33	-3.542701250000391
10	33	-3.4424200000066776
10	33	-3.2517012500029523
10	33	0.43376649999117944
10	34	-1.1046087499998976
10	34	0.42392250000557397
10	35	-5.098856500000693
10	35	-4.953450250002788
10	35	-4.419419000012567
10	35	-3.605295000001206
10	35	-3.2249200000078417
10	35	-2.746138750007958
10	35	-0.9885460000077728
10	35	-0.983014750003349
10	36	-4.5040754999936325
10	36	-4.216513999999734
10	36	-4.076013999991119
10	36	-3.340232749993447
10	36	-2.4496389999985695
10	36	-2.137607750002644
10	36	-1.549452499995823
10	36	-1.527046250004787
10	36	0.2846412499930011
10	37	-5.823388250006246
10	37	-5.2316695000045
10	37	-1.3958902500016848
10	37	-1.2750777500041295
10	37	-0.28029650000098627
10	37	0.3508597499894677
10	37	0.5830472499947064
10	37	1.2687650000007125
10	37	1.324015000005602
10	37	1.3617650000087451
10	39	-4.577950750011951
10	39	-3.828388250010903
10	39	-0.29945274999772664
10	39	-0.1728902499889955
10	39	-0.03423399999155663
10	39	0.39317224999831524
10	39	1.178922250008327
10	40	-5.484451500000432
10	40	-3.5432952499977546
10	40	-2.1893899999995483
10	40	0.8826714999886462
10	40	1.4837339999940014
10	41	-4.609981999994488
10	41	-1.932983000006061
10	42	-2.396326500005671
10	42	0.04189124998811167
10	43	-5.292513499996858
10	43	-5.070825999995577
10	43	-4.667794749999302
10	43	-3.2713582500000484
10	43	-0.730952999991132
10	43	-0.37798424999346025
10	43	-0.18260924999776762
10	43	-0.178640500002075
10	43	0.03245325000898447
10	43	0.044297000000369735
10	43	0.05220325000118464
10	43	1.7333585000014864
10	44	0.7042662500025472
10	44	0.8219850000023143
10	45	-5.177169499991578
10	45	-5.104325749998679
10	45	-5.030669499989017
10	45	-4.981825749986456
10	45	-4.738013249996584
10	45	-4.21254449999833
10	45	-4.209575749991927
10	45	-2.6549517499952344
10	45	-2.1757329999963986
10	45	0.030359750002389774
10	46	-5.733230749989161
10	46	-2.580732749993331
10	46	-2.3428264999965904
10	46	-1.9715139999898383
10	46	0.3470787500264123
10	48	-5.147106249991339
10	48	-4.650857250002446
10	48	-4.365357250004308
10	48	-3.3742322500038426
10	48	-0.9041395000094781
10	48	-0.8245144999964396
10	48	1.0858907500078203
10	49	-3.7522325000027195
10	49	-0.9962970000051428
10	49	0.2807654999924125
10	50	-4.416013750000275
10	50	-4.145701250003185
10	50	-0.121264749992406
10	50	1.5064217500039376
11	1	-5.51001324999379
11	1	-5.394950749992859
11	1	-5.281481999991229
11	1	-5.213575749992742
11	1	-4.800950749995536
11	1	-4.730763249986921
11	1	-4.683856999996351
11	1	-4.641888249985641
11	1	-4.553106999985175
11	1	-4.35729449999053
11	1	-3.8057007499883184
11	1	-3.694856999994954
11	1	-3.5782954999885987
11	1	0.6038597500009928
11	2	-5.409951000008732
11	2	-3.9960447500052396
11	3	-4.523794249995262
11	3	-4.445325499997125
11	3	-4.356544249996659
11	4	-3.9559502499905648
11	4	1.0733915000018897
11	5	-4.958856750003179
11	5	-4.46926299999177
11	6	-4.583388249986456
11	6	-4.404513249988668
11	6	-4.014888249992509
11	7	-4.4701064999972004
11	7	0.47851649999211077
11	7	1.218421750003472
11	7	1.54592175000289
11	8	-4.425387999988743
11	8	-0.20038999999815132
11	8	0.0024537499994039536
11	9	-4.5396379999874625
11	9	-4.200731749995612
11	9	-3.2304514999996172
11	9	-2.99263899998914
11	9	-2.8520764999993844
11	9	-2.826951499999268
11	9	-2.740826499997638
11	9	-2.6798264999961248
11	9	-2.5922952499968233
11	9	-2.3317014999920502
11	9	-1.8416077499859966
11	9	-1.7385764999926323
11	9	-0.76192124998488
11	10	-1.8865460000088206
11	10	-1.7729210000106832
11	10	-1.5485772500105668
11	10	-1.0081084999983432
11	10	0.28654674999415874
11	10	0.36076549999415874
11	10	1.9337957499956246
11	12	-3.137857499998063
11	12	-3.034169999998994
11	12	-3.009701250004582
11	12	-2.9149825000058627
11	12	-2.142764750009519
11	13	-5.335607000000891
11	13	-2.6648267500131624
11	13	-2.4691392500099028
11	13	-1.1046089999872493
11	13	-1.0543589999870164
11	13	-0.9296714999945834
11	13	-0.766796500000055
11	13	-0.5855777499964461
11	14	-2.415670249989489
11	15	-4.068888499983586
11	15	-3.959357249987079
11	16	-5.340138250001473
11	16	-5.292919500003336
11	16	-4.378889250001521
11	17	-4.295106999983545
11	17	-1.4085142499825452
11	17	-0.7264204999955837
11	17	-0.6475767499941867
11	19	-2.3532952499954263
11	19	-2.329577500000596
11	19	-1.7900775000016438
11	19	-1.7082024999981513
11	19	-0.8325774999975692
11	19	0.9208902500104159
11	20	0.8693905000109226
11	21	-5.849794499998097
11	21	-4.139607999997679
11	21	-3.876639249996515
11	21	-0.7157027500070399
11	21	-0.6862965000036638
11	22	-4.350388749997364
11	22	-0.4644834999926388
11	22	-0.04070225000032224
11	23	-4.583606999993208
11	23	-4.509575749994838
11	23	-3.7399829999922076
11	24	-5.729138000009698
11	24	-4.92779425001936
11	24	-1.1537650000100257
11	24	-0.2698275000002468
11	24	0.43485999999393243
11	24	0.4401724999916041
11	24	0.4513287500012666
11	24	0.46557874999416526
11	25	-3.638607500004582
11	25	-3.4373575000063283
11	25	-3.065920000008191
11	25	0.02439149998826906
11	27	-4.753825000007055
11	27	-4.246013500000117
11	27	-3.639294750013505
11	27	-3.5115447499993024
11	27	0.174922999998671
11	28	-3.848045250007999
11	28	-2.9139827500039246
11	28	-2.7162015000067186
11	28	-2.6648265000112588
11	28	0.01570375000301283
11	29	-3.990513999990071
11	29	-1.3538587499933783
11	29	-0.764296249995823
11	29	0.05182875000173226
11	30	-0.7561399999976857
11	30	-0.43526500000734814
11	30	0.6473287499975413
11	31	-4.675763249993906
11	31	-4.601575749999029
11	31	-4.540419500001008
11	31	-4.3022007499967
11	31	-4.110638250000193
11	31	-4.084856999994372
11	32	-5.610857000006945
11	32	-5.5792632500088075
11	32	-4.964107000007061
11	32	-4.4212632500129985
11	32	-0.703577749998658
11	32	-0.3698277499934193
11	32	-0.2708589999965625
11	33	-4.610856500003138
11	33	-3.986075249995338
11	33	-3.858482499999809
11	33	-3.2831700000097044
11	33	-0.06388975000299979
11	34	-1.1265774999919813
11	34	0.023016250008367933
11	35	-4.915137750009308
11	35	-4.255387750003138
11	35	-0.9903272500087041
11	35	0.04757899999094661
11	35	1.8607342500035884
11	36	-5.982450499999686
11	36	-5.920387999998638
11	36	-2.601295250002295
11	36	-1.5224524999939604
11	36	0.28689124999800697
11	37	-3.442014250002103
11	37	-2.386420499999076
11	37	-2.330576749998727
11	37	0.32082850000006147
11	39	-4.915982000005897
11	39	-4.550044500007061
11	39	-2.520982999994885
11	39	-2.455701749990112
11	39	-2.3657017499936046
11	39	-1.6120767499960493
11	39	0.007797250000294298
11	39	0.29570349999994505
11	40	-3.849576499997056
11	41	-5.34204449999379
11	41	-4.5378257499978645
11	41	-1.3700142500019865
11	42	-5.6538567500101635
11	42	-2.5815452500100946
11	42	-2.4716390000103274
11	42	0.09557874999882188
11	42	0.10398499999428168
11	42	1.631202749995282
11	43	-4.5260447499895236
11	43	-4.407794749989989
11	43	0.04620325000723824
11	44	-3.2732327499979874
11	45	-5.160481999992044
11	45	-5.1432944999978645
11	45	-4.904419499987853
11	45	-4.384575749994838
11	45	-4.285013249987969
11	45	-3.862606999988202
11	45	-3.7291069999919273
11	45	-3.234389249992091
11	45	0.2642035000026226
11	46	-3.95363799999177
11	46	0.3654850000166334
11	47	-5.069076250001672
11	48	-4.318857250007568
11	48	-4.1783885000040755
11	48	-0.7228895000007469
11	48	0.44164075001026504
11	49	-2.0332335000130115
11	49	-1.7542335000034655
11	49	-0.2997657500091009
11	50	-5.981543999994756
11	50	-4.9388564999972004
11	50	-4.9071065000025555
11	50	-4.6334502499958035
11	50	-4.514887750003254
11	50	-4.472451249996084
11	50	-4.2657012499985285
11	50	-3.669544999997015
11	50	-3.634388749997015
11	50	-3.2563575000094716
12	1	-5.7395132499950705
12	1	-5.414044499993906
12	1	-4.818075749994023
12	1	-4.33423199999379
12	1	-4.317044499985059
12	1	-0.44326524999632966
12	1	0.36492225000984035
12	1	0.4690472500078613
12	2	-2.57785824999155
12	2	-1.6106082499900367
12	2	-1.5656394999969052
12	2	-0.9997029999940423
12	2	-0.49698424999951385
12	2	0.4884532500000205
12	2	1.7622647499956656
12	3	-4.924450499995146
12	3	-2.848545250002644
12	3	-2.002951499991468
12	3	-1.3667014999955427
12	3	-1.087390000000596
12	3	-0.6782024999993155
12	3	0.6406412500073202
12	3	0.6753912499989383
12	3	0.8997037500084843
12	3	1.3840777500008699
12	4	-4.7172314999916125
12	4	-4.355481499995221
12	4	-3.457357499995851
12	4	-3.344701249996433
12	4	-2.259357499991893
12	4	-1.950263749997248
12	4	-1.8419512499967823
12	4	-0.8011085000034655
12	4	-0.3992022500024177
12	4	1.519203000003472
12	5	-4.986075499997241
12	5	-4.9494817499944475
12	5	-4.816200499990373
12	5	-4.6808880000025965
12	5	-4.568794249993516
12	5	-4.510950500000035
12	5	-4.3386692499916535
12	5	-4.257606749990373
12	5	-4.205294250001316
12	5	-4.153419249996659
12	5	-3.7022327500017127
12	5	-3.4837640000041574
12	5	-3.3346077500027604
12	5	-1.9453577499953099
12	5	-0.1332025000010617
12	5	1.1339215000043623
12	5	1.1922964999976102
12	5	1.3901089999999385
12	5	1.9238277499971446
12	6	-5.9122007499827305
12	6	-5.0528257499827305
12	6	-4.894044499989832
12	6	-4.766388249990996
12	6	-4.463450749986805
12	6	-4.071200749996933
12	6	-3.9805444999947213
12	6	-3.833513249992393
12	6	-2.0708892499969807
12	6	0.423578500005533
12	6	0.7052035000087926
12	6	1.1558285000064643
12	6	1.2169525000063004
12	6	1.523546249998617
12	7	-4.698793999996269
12	7	-4.459450249996735
12	7	-3.4821075000072597
12	7	-2.0776075000030687
12	7	-1.2769522500020685
12	7	1.0054530000052182
12	8	-4.792231749990606
12	8	-4.187856749995262
12	8	-3.9617952499975218
12	8	-2.9706077500013635
12	8	-1.8593577499996172
12	8	-1.7172014999960084
12	8	-0.4863587500003632
12	8	-0.11501500000304077
12	8	0.07926625000254717
12	8	0.3896099999983562
12	8	0.5639850000006845
12	9	-5.034794249993865
12	9	-2.91804524998588
12	9	-2.9114202499913517
12	9	-2.4079202499997336
12	9	-2.361795249991701
12	9	-2.1741389999951934
12	9	-2.139326499993331
12	9	-2.0937327499996172
12	9	-1.8618264999968233
12	9	-1.8404514999856474
12	9	-1.8243889999866951
12	9	-1.721888999993098
12	9	-1.6945764999982202
12	9	-1.5397952499915846
12	9	-1.520513999988907
12	9	-1.4804514999996172
12	9	-1.0439202499983367
12	9	-0.4322962499863934
12	9	0.0472975000157021
12	9	0.05976625002222136
12	9	0.06611000001430511
12	9	0.329360000017914
12	9	1.0115787500253646
12	10	-2.943452250008704
12	10	-2.186764750003931
12	10	-1.5344210000039311
12	10	-1.5002959999983432
12	10	-1.3251710000040475
12	10	-0.23145325000223238
12	10	-0.1223595000046771
12	10	-0.04989075000048615
12	10	-0.0006095000135246664
12	10	0.2854217499989318
12	10	0.3090154999954393
12	10	0.35276549999252893
12	10	0.6635467499872902
12	10	1.1043904999969527
12	10	1.162390499986941
12	10	1.901858249984798
12	11	-5.962606000015512
12	11	-5.83360700000776
12	11	-4.364482000019052
12	11	-3.5244195000123
12	11	-2.612264250012231
12	11	-2.5152017500222428
12	11	-2.4678892500232905
12	11	-0.5870777500094846
12	11	0.18835974999819882
12	11	0.20323474999167956
12	11	0.2348597499949392
12	11	0.2653284999978496
12	11	0.5922972499975003
12	12	-5.183357500005513
12	12	-4.943295000004582
12	12	-3.0954825000080746
12	12	-2.903919999997015
12	12	-1.2790772500011371
12	12	-0.9706397500121966
12	12	-0.6081397500092862
12	12	0.3664217499899678
12	12	0.5256092499912484
12	12	0.6156404999928782
12	12	1.8461092499928782
12	13	-4.984325750003336
12	13	-4.854358000011416
12	13	-4.20817050000187
12	13	-4.056826750005712
12	13	-3.412326750010834
12	13	-3.381045500005712
12	13	-3.0586705000023358
12	13	-2.463608000005479
12	13	-1.3569839999981923
12	13	-1.0232964999886462
12	13	0.277452499998617
12	13	0.3013587500026915
12	13	1.717015000001993
12	14	-5.642294249992119
12	14	-4.789700499997707
12	14	-4.405795249986113
12	14	-2.9208577499957755
12	14	0.1163912500051083
12	14	0.25757875000999775
12	14	0.32689024999854155
12	14	0.4078902500041295
12	14	0.6096402499970281
12	14	0.6460464999981923
12	14	1.212109000000055
12	15	-5.3265749999991385
12	15	-4.230888499994762
12	15	-4.076700999983586
12	15	-1.2171082499990007
12	15	-0.7697332499956246
12	15	-0.7179207499866607
12	15	-0.018858249997720122
12	15	0.8974845000047935
12	15	0.9202970000042114
12	16	-5.890044500003569
12	16	-4.879576749997796
12	16	-3.6879517500055954
12	16	-2.733764250006061
12	16	-1.9826089999987744
12	16	-1.5493589999969117
12	16	-1.0070777500077384
12	16	-0.8727652500092518
12	16	-0.6777339999971446
12	16	-0.5957652500073891
12	16	-0.26910900000075344
12	16	0.45517124999605585
12	16	0.7522962499933783
12	16	0.865546249988256
12	16	1.6623899999976857
12	17	-5.927699749998283
12	17	-5.080263249983545
12	17	-4.808669499980169
12	17	-3.9948569999833126
12	17	-3.648169499982032
12	17	-3.3875132499815663
12	17	-2.974450749985408
12	17	-1.6087017499958165
12	17	-1.0891392499906942
12	17	-1.033076749983593
12	17	-0.9595454999944195
12	17	-0.28092149998701643
12	17	-0.2649527499888791
12	17	0.18601600000692997
12	17	0.707609750010306
12	17	1.2979847500100732
12	17	1.3392035000142641
12	17	1.355016000015894
12	17	1.3935472500161268
12	18	-3.7584507499996107
12	18	-2.485482999996748
12	18	-2.409545500006061
12	18	-1.2394829999975627
12	18	-0.3493892499973299
12	18	-0.03773400001227856
12	18	0.7398284999944735
12	18	1.2931722499924945
12	18	1.3436097499943571
12	18	1.4856097500014585
12	19	-5.7768879999930505
12	19	-4.753013999987161
12	19	-4.17935774999205
12	19	-4.059857749991352
12	19	-2.3439837499900023
12	19	-2.015733749998617
12	19	-1.5417024999915157
12	19	-1.526014999995823
12	19	-1.0627649999951245
12	19	-1.040515000000596
12	19	-0.8325774999975692
12	19	-0.47998374998860527
12	19	1.1258590000070399
12	20	-5.007700249989284
12	20	-4.234357499997714
12	20	-3.926544999994803
12	20	-2.3006387499917764
12	20	-2.062764749993221
12	20	-1.5837022499908926
12	20	-1.5141084999922896
12	20	0.10264150000875816
12	20	0.5425780000077793
12	20	0.580578000008245
12	20	1.3763905000087107
12	20	1.8928280000109226
12	21	-5.849763249992975
12	21	-1.6579214999946998
12	21	-1.36435899999924
12	21	-1.1774215000041295
12	21	0.16492224999819882
12	21	1.070733749991632
12	21	1.4774837500008289
12	22	-4.954575249998015
12	22	-4.347232499989332
12	22	-4.263044999999693
12	22	-3.598826250003185
12	22	-1.3849835000000894
12	22	-1.0951397500029998
12	22	-0.4531085000053281
12	22	-0.00029599999834317714
12	22	0.42054775000724476
12	22	0.5296727499953704
12	22	0.5630165000038687
12	22	0.646890500021982
12	22	0.6914530000212835
12	23	-5.6547007499902975
12	23	-4.656513249981799
12	23	-3.7002017499908106
12	23	-2.603420499988715
12	23	-1.4779527499922551
12	23	-0.6051714999921387
12	23	0.5886410000093747
12	23	1.1178900000086287
12	24	-5.676700500014704
12	24	-3.900670250019175
12	24	-3.8676390000182437
12	24	-3.085170250022202
12	24	-2.887514000016381
12	24	-0.8980149999988498
12	24	-0.8379212500003632
12	24	-0.782796250001411
12	24	-0.7636400000046706
12	24	-0.7382337500021094
12	24	-0.6715150000090944
12	24	-0.46629625000059605
12	24	-0.38235875000827946
12	24	-0.3776087500009453
12	24	-0.33079625001118984
12	24	-0.27576499999850057
12	24	-0.2717337500071153
12	24	0.22629749999032356
12	24	0.35101624998787884
12	24	0.42992249999952037
12	24	0.433172499993816
12	24	0.4430162499920698
12	24	0.4512037499953294
12	24	0.5198600000003353
12	24	0.5299224999907892
12	25	-5.183543999999529
12	25	-3.3298262500029523
12	25	-3.25535750000563
12	25	-3.1409825000009732
12	25	-2.8575762499967823
12	25	-2.7387637500069104
12	25	-2.6643262500001583
12	25	-2.347357499995269
12	25	-2.250107500003651
12	25	-2.211263749995851
12	25	-2.1366700000071432
12	25	-1.975044999999227
12	25	-1.4582325000083074
12	25	-1.1198897499998566
12	25	-1.0541085000004387
12	25	-0.9039522500097519
12	25	-0.7634835000062594
12	25	-0.5705772500077728
12	25	-0.22335850000672508
12	25	-0.04713975000777282
12	25	0.061141500002122484
12	25	0.13589150000188965
12	25	0.285078999993857
12	25	1.4035779999976512
12	26	-5.654324999995879
12	26	-2.652044750007917
12	26	-2.4722635000071023
12	26	-2.4084509999956936
12	26	-0.9265144999953918
12	26	0.2332345000031637
12	26	1.1446095000137575
12	26	1.1647345000092173
12	26	1.4895782500097994
12	26	1.9841407500061905
12	27	-5.513825000001816
12	27	-3.9310760000080336
12	27	-2.357326000012108
12	27	-1.320858250008314
12	27	-0.5882020000135526
12	27	-0.4961707500042394
12	28	-5.628169250005158
12	28	-5.563981750005041
12	28	-5.404138000012608
12	28	-5.132763000001432
12	28	-5.080606750008883
12	28	-5.0087005000095814
12	28	-4.719700500005274
12	28	-4.703450500004692
12	28	-4.687481750006555
12	28	-4.516325500007952
12	28	-4.498200500005623
12	28	-4.428764000011142
12	28	-4.412264000013238
12	28	-4.398482750009862
12	28	-3.58848275001219
12	28	-3.169795250010793
12	28	-2.9824515000073006
12	28	-1.589733749991865
12	28	-1.5483899999962887
12	28	-1.1762650000018766
12	28	-1.1578587499971036
12	28	-0.029452499991748482
12	28	0.2140475000051083
12	28	0.29882875000475906
12	28	0.5432662500097649
12	28	0.5669840000045951
12	28	0.5707339999935357
12	29	-4.574450499989325
12	29	-2.4940452500013635
12	29	-1.868388999995659
12	29	-1.8613265000021784
12	29	-1.841951499998686
12	29	-1.4852649999957066
12	29	-0.8503899999923306
12	29	-0.8300462500046706
12	29	-0.8180149999971036
12	29	-0.8126712499943096
12	29	-0.7942962499946589
12	29	-0.7763587499939604
12	29	-0.7677025000011781
12	29	-0.5051712499989662
12	29	-0.45117124999524094
12	29	-0.44901499999105
12	29	-0.44626499999139924
12	29	-0.4273587499919813
12	29	0.04476625000825152
12	29	0.05507874999602791
12	29	0.43379750000895
12	29	0.7116412500035949
12	29	0.7455464999948163
12	29	0.8350777500018012
12	29	1.1636715000058757
12	29	1.1873590000031982
12	29	1.2181089999940014
12	29	1.279952750002849
12	29	1.5740464999980759
12	29	1.7524839999969117
12	29	1.8539527499960968
12	30	-5.928294250014005
12	30	-5.626700500011793
12	30	-4.467325500008883
12	30	-3.495826500002295
12	30	-2.804420250002295
12	30	-2.784076500000083
12	30	-2.4300139999977546
12	30	-1.77288899999985
12	30	-1.3599525000026915
12	30	-1.3364212500018766
12	30	-1.2966400000004796
12	30	-0.6599837499961723
12	30	-0.6100462500035064
12	30	-0.590671250000014
12	30	-0.2904525000049034
12	30	-0.2563274999993155
12	30	-0.2183587500039721
12	30	-0.1635462499980349
12	30	-0.1611399999965215
12	30	-0.03207750000001397
12	30	0.01804749999428168
12	30	0.034360000005108304
12	30	0.3930474999942817
12	31	-4.8435444999922765
12	31	-2.293701749993488
12	31	-1.7128267499938374
12	31	-0.9131714999966789
12	31	-0.8905464999988908
12	31	-0.8430464999983087
12	31	-0.8154840000061085
12	31	-0.7919527500052936
12	31	-0.7587340000027325
12	31	-0.030546499998308718
12	31	0.42829724999319296
12	31	0.4766410000011092
12	31	0.702672250001342
12	32	-5.143513250004617
12	32	-4.827544500003569
12	32	-3.9838267499872018
12	32	-3.061764250000124
12	32	-2.4938892499922076
12	32	-2.2988892499997746
12	32	-1.8496392499946523
12	32	-1.156390249991091
12	32	-0.9138277500023833
12	32	-0.3412652499973774
12	32	0.5761097500071628
12	32	0.6035472500079777
12	32	0.72548475000076
12	32	1.2508899999957066
12	32	1.4688275000080466
12	33	-5.537106500007212
12	33	-5.516669000004185
12	33	-5.508700250007678
12	33	-5.224293999999645
12	33	-4.956200250002439
12	33	-4.7058252499991795
12	33	-4.360387749999063
12	33	-4.014606500000809
12	33	-2.1341387499996927
12	33	-1.9646387499960838
12	33	-1.544732499998645
12	33	-1.0031710000039311
12	33	-0.7421397500002058
12	33	-0.021264750001137145
12	33	1.1091717499948572
12	33	1.1777967499947408
12	33	1.5819842499913648
12	33	1.7717029999912484
12	34	-5.832794249989092
12	34	-5.690419249993283
12	34	-5.286731749991304
12	34	-2.995451499999035
12	34	-2.107670249999501
12	34	-1.7575764999928651
12	34	-0.8827962499926798
12	34	0.3234225000051083
12	34	0.7353600000060396
12	34	1.2385777500021504
12	34	1.949171500004013
12	35	-5.355669000011403
12	35	-4.7242315000039525
12	35	-4.085451250008191
12	35	-3.6372012500069104
12	35	-3.2061700000049314
12	35	-3.1742950000043493
12	35	-2.3271700000041164
12	35	-1.6069210000132443
12	35	-1.4769835000042804
12	35	-0.9924210000172025
12	35	-0.9774835000134772
12	35	-0.15207725000800565
12	35	0.2590164999855915
12	35	0.2686727499967674
12	35	0.32917274998908397
12	35	0.7567664999951376
12	36	-5.392294249992119
12	36	-4.871481750000385
12	36	-3.046826499994495
12	36	-2.4609515000047395
12	36	-2.42913899999985
12	36	-1.7830462499987334
12	36	-1.727702499993029
12	36	-1.5826712499983842
12	36	-1.5495150000060676
12	36	-1.544015000006766
12	36	-1.5134212499979185
12	36	1.085984000004828
12	37	-4.788669500005199
12	37	-3.9969830000045476
12	37	-2.80151425000804
12	37	-2.0329205000016373
12	37	-1.65651525001158
12	37	-0.8331715000094846
12	37	-0.8184527500125114
12	37	-0.6334527500002878
12	37	-0.5850152500061085
12	37	-0.2518277500057593
12	37	-0.09020275001239497
12	37	-0.047827750007854775
12	37	0.011828499991679564
12	38	-4.405357500014361
12	38	-2.4178897500096355
12	38	-2.334171000009519
12	38	-1.898733500012895
12	38	-1.7064522500149906
12	38	-1.669483500008937
12	38	-1.5823585000180174
12	38	-1.5785460000042804
12	38	-1.5203585000126623
12	38	-0.7765157500107307
12	38	-0.7725782500201603
12	38	-0.53898450001725
12	38	-0.4022970000078203
12	38	-0.3948907500162022
12	38	-0.3797032500151545
12	38	-0.356422000011662
12	38	-0.34317200000805315
12	38	-0.03395325000747107
12	38	0.29995299997972324
12	38	1.7155144999851473
12	39	-5.462950750006712
12	39	-4.08773199999996
12	39	-3.8501070000056643
12	39	-0.5337652499874821
12	39	-0.17295274999924004
12	39	-0.02210899999772664
12	39	0.793234750002739
12	39	1.6709535000118194
12	40	-3.868670249998104
12	40	-2.3092650000035064
12	40	-1.6329525000037393
12	40	-1.4823900000046706
12	40	-1.3530462500057183
12	40	-1.1541712500038557
12	40	-0.8002025000023423
12	40	-0.47642225000890903
12	40	-0.1563285000011092
12	40	-0.03429725000751205
12	40	0.08617149999190588
12	40	0.6706402499985415
12	40	0.8666402499948163
12	40	0.9128902499942342
12	40	1.380483999993885
12	41	-5.747824750011205
12	41	-5.73251225000422
12	41	-5.724231000014697
12	41	-5.715637250003056
12	41	-4.700388249999378
12	41	-3.6195757499954198
12	41	-3.1344205000059446
12	41	-2.6993579999980284
12	41	-2.4537954999977956
12	41	-1.966795500004082
12	41	-1.2497642499947688
12	41	-1.1097955000004731
12	41	-1.0756704999948852
12	41	-0.29604650000692345
12	41	-0.27401525000459515
12	41	0.6391409999923781
12	41	0.891609750004136
12	41	1.2277972500014585
12	41	1.8884212499979185
12	42	-5.508544249998522
12	42	-5.4937005000101635
12	42	-5.49148175001028
12	42	-5.463294250002946
12	42	-5.065575500004343
12	42	-4.643075500003761
12	42	-2.699701500008814
12	42	-1.6987327500100946
12	42	-0.2853587500139838
12	42	-0.28339000001142267
12	42	-0.2612025000125868
12	42	0.08779749998939224
12	42	0.09226624999428168
12	42	0.11520374999963678
12	42	0.11770374998741318
12	42	0.5110474999964936
12	42	0.5252349999936996
12	42	0.5370474999945145
12	43	-3.5776384999917354
12	43	-2.3244832499913173
12	43	-0.4674529999902006
12	43	0.026796999998623505
12	43	0.04064074999769218
12	43	0.05957825000223238
12	43	1.317047000004095
12	44	-5.999074499995913
12	44	-4.468981749989325
12	44	-3.719981749993167
12	44	-3.086826499988092
12	44	-2.5994202499859966
12	44	-2.3362327499926323
12	44	-2.212857749997056
12	44	-2.144170249986928
12	44	-2.07448274998751
12	44	-1.6065764999948442
12	44	-0.00473375000001397
12	44	0.045172500002081506
12	44	0.4016725000110455
12	44	0.4276725000090664
12	44	0.4802975000056904
12	44	0.8047975000081351
12	45	-5.349388249989715
12	45	-5.13873199999216
12	45	-4.6422632499889005
12	45	-3.066732999999658
12	45	-2.364795499990578
12	45	-2.3568579999991925
12	45	-2.3500767499936046
12	45	-2.274045499987551
12	45	-1.9876079999958165
12	45	-1.8927017499954673
12	45	-1.861420499990345
12	45	-1.5886704999866197
12	45	-1.5200142499961657
12	45	-1.4369517499872018
12	45	-0.6587027499917895
12	45	-0.5530777499952819
12	45	-0.07801524999376852
12	45	0.4775785000092583
12	45	0.49864099999831524
12	45	0.5323910000006435
12	45	0.5611722500034375
12	45	0.8015785000025062
12	46	-5.143981749992236
12	46	-4.280731749997358
12	46	-3.3721692499966593
12	46	-1.2953264999960084
12	46	-0.909388999993098
12	46	-0.8598889999993844
12	46	-0.36420249998627696
12	46	-0.31160874998022337
12	46	-0.25142124998092186
12	46	-0.2344524999789428
12	46	-0.2191399999865098
12	46	0.3540787500242004
12	46	0.3577975000225706
12	46	0.363797500016517
12	46	1.4101412500167498
12	46	1.674047500026063
12	46	1.905390250016353
12	47	-5.743825249999645
12	47	-4.636607499996899
12	47	-3.7474199999996927
12	47	-3.6618887500080746
12	47	-2.672264749999158
12	47	-2.041108500008704
12	47	-1.608514749997994
12	47	-1.17698350000137
12	47	-0.842077250010334
12	47	-0.7705459999997402
12	47	-0.5462960000004387
12	47	-0.134578249999322
12	47	-0.0072657500131754205
12	47	0.008796750000328757
12	47	0.03426549999858253
12	48	-1.9054832499969052
12	48	-1.6257332499953918
12	48	-0.9154520000010962
12	48	-0.767608249996556
12	48	0.40848450000339653
12	48	0.49851575000502635
12	48	1.0955470000044443
12	49	-3.12129600001208
12	49	-3.0806397500127787
12	49	-3.062264750013128
12	49	-2.941889750014525
12	49	-2.1355147500144085
12	49	-1.494421000010334
12	49	-0.9650470000051428
12	49	-0.8178907500114292
12	49	1.215015499983565
12	49	1.5690144999825861
12	50	-5.297919000004185
12	50	-5.116575249994639
12	50	-3.9836387499963166
12	50	-3.9083574999967823
12	50	-3.846451250006794
12	50	-3.8028887499967823
12	50	-3.1531700000050478
12	50	-2.024170000004233
12	50	-1.3669209999934537
12	50	-1.2995772499853047
12	50	-0.8367334999929881
12	50	0.2994227500166744
12	50	0.3447665000130655
12	50	0.3922352500085253
12	50	0.617796750011621
13	1	-5.347888249991229
13	1	-2.7775142499885987
13	2	-4.509013500006404
13	2	-1.3392654999915976
13	2	-0.9778592499933438
13	3	-5.032669249994797
13	3	-2.4452327499893727
13	4	-1.3863574999995762
13	5	-4.368450499998289
13	5	-3.6783577500027604
13	5	-1.8987639999977546
13	6	-4.732356999986223
13	6	1.2474837500049034
13	6	1.2712650000030408
13	9	-3.308951499988325
13	9	-1.749545249986113
13	9	-1.49945149999985
13	9	-0.6513274999742862
13	9	0.0175475000141887
13	9	0.053922500024782494
13	10	-1.1280772500031162
13	10	-0.14645325001038145
13	11	-2.7786392500129296
13	11	-0.859015250010998
13	11	-0.3261402500065742
13	12	-4.360701249999693
13	12	-0.9744210000062594
13	12	-0.33376575000875164
13	13	0.8607650000049034
13	14	-5.214731749991188
13	14	-4.356263999987277
13	14	-2.7127952499868115
13	14	-1.5055149999971036
13	14	0.5133277499990072
13	15	0.6528282500075875
13	16	-3.4090767500019865
13	16	-0.7046090000076219
13	16	-0.6238277500087861
13	17	-3.3002632499847095
13	17	-1.0185454999882495
13	17	-0.8542642499814974
13	17	-0.41154549998464063
13	17	-0.2619214999867836
13	18	-3.213044500007527
13	18	-2.7229507500014734
13	18	-0.27854549999756273
13	18	1.9446722499997122
13	19	-5.8827629999868805
13	19	-4.889075499988394
13	19	-4.884137999993982
13	19	-4.528420249989722
13	19	-1.4260775000002468
13	19	-1.4229212499922141
13	19	-1.084608749995823
13	19	-0.6409524999908172
13	19	-0.637952499993844
13	19	-0.48270249999768566
13	19	-0.47279624998918734
13	20	-2.904638749998412
13	20	-1.960077249997994
13	21	-3.8765767500008224
13	21	-2.884764250004082
13	22	-4.96716899999592
13	22	-3.4503262499929406
13	22	-3.1116075000027195
13	22	-2.4393262499943376
13	22	-1.0179835000017192
13	22	-0.5122647499956656
13	22	0.48914150000200607
13	22	1.8612967500084778
13	24	-3.8214827500196407
13	24	-1.4114212499989662
13	24	-0.4849837500078138
13	24	0.24064124999858905
13	24	0.40860999999858905
13	24	0.41951624999637716
13	24	0.43673499999567866
13	24	0.5227975000016158
13	24	0.5423912499973085
13	24	1.7984839999990072
13	25	-5.397262750004302
13	25	-3.2112950000009732
13	25	-2.2329200000094716
13	25	-2.059857500004
13	25	-1.8875762499956181
13	25	-1.4784825000097044
13	25	0.01439149999350775
13	25	1.6215154999954393
13	27	-0.9124207500135526
13	28	-5.146325500012608
13	28	-4.990825500004576
13	28	-4.005045250014518
13	28	-0.8443899999983842
13	28	0.5573287500010338
13	29	-5.002200499991886
13	29	-3.4287639999965904
13	29	-2.2368577500019455
13	29	-1.8709827499988023
13	29	-1.0975774999969872
13	29	-0.8368274999957066
13	29	-0.8077649999904679
13	29	-0.7975774999940768
13	29	-0.4410774999996647
13	29	0.03626624999742489
13	29	0.05161000000953209
13	29	0.20745375000115018
13	29	1.2018589999934193
13	30	-5.205075500009116
13	30	-4.527325500006555
13	30	-2.822107749991119
13	30	-2.4782952499954263
13	30	-2.447326499997871
13	30	-2.4017327500041574
13	30	-2.3888889999943785
13	30	-0.9012337500025751
13	30	0.008047499999520369
13	30	0.22079750000557397
13	30	0.646984999999404
13	30	0.6506099999969592
13	31	-2.9572017500031507
13	31	-2.1633892499958165
13	31	-0.8470152500085533
13	31	-0.23785900000075344
13	32	-0.36664024999481626
13	32	-0.32235899999795947
13	32	0.019765999997616746
13	32	0.7619222500070464
13	32	1.2319525000057183
13	33	-5.024575250005
13	33	-4.912825249994057
13	33	-4.327981499998714
13	33	-0.032827250004629605
13	33	0.14873524999711663
13	34	0.025203750003129244
13	34	0.27920375000394415
13	34	1.2185465000075055
13	34	1.6938590000063414
13	35	-5.435450250006397
13	35	-5.104044000006979
13	35	-4.6592627500067465
13	35	-2.562420000002021
13	35	-0.9958585000131279
13	35	0.2761727499892004
13	36	-4.922481749992585
13	36	-4.8293255000025965
13	36	-2.7727327500033425
13	36	-2.6291389999969397
13	36	-2.6269827499927487
13	36	-2.447920249993331
13	36	-1.5536087499931455
13	36	-1.5170462499954738
13	36	0.27860999999393243
13	36	1.4214527500007534
13	37	-1.9097330000076909
13	37	-0.7930465000099503
13	37	-0.28073399999993853
13	37	-0.26167150000401307
13	38	-3.5733887500100536
13	38	-2.2324522500130115
13	38	-0.46417200000723824
13	38	0.2899842499900842
13	39	-5.699606000009226
13	39	-0.7979829999967478
13	39	0.16957850000471808
13	40	-4.072670249996008
13	40	-4.037951499994961
13	40	-2.3236400000023423
13	40	-1.4054837500007125
13	40	1.3031402499909746
13	40	1.4837339999940014
13	41	-3.489169499996933
13	41	-1.0617642500001239
13	41	-0.27714025000750553
13	41	0.4039535000047181
13	42	-3.893544250007835
13	42	-0.27951500000199303
13	42	0.05785999998624902
13	42	0.08179749999544583
13	42	0.1009537499921862
13	42	0.4666724999988219
13	42	0.5048912499914877
13	42	0.7648599999956787
13	43	-2.9084832499938784
13	43	-0.2538592499913648
13	43	0.06314075000409503
13	44	-1.1840139999985695
13	44	0.21001624999917112
13	44	0.33898500000941567
13	45	-1.1210454999963986
13	45	0.26004725000530016
13	45	1.2826097500073956
13	46	-5.772980749985436
13	46	-4.97257549999631
13	46	-1.564513999997871
13	46	-1.2805139999982202
13	46	-1.269888999988325
13	46	-0.6376077499880921
13	46	-0.22570249998534564
13	46	0.3502975000155857
13	46	0.3612037500133738
13	47	-5.597043999994639
13	47	-4.221232500000042
13	47	-2.366452250003931
13	48	-1.7063895000028424
13	48	0.45967200001177844
13	49	-4.0327637500013225
13	49	1.2967342499905499
13	50	-3.150732499998412
13	50	-2.417701250000391
13	50	-0.10063974998774938
13	50	-0.08504599999287166
13	50	0.339266500013764
14	1	-5.555731999993441
14	1	-5.542106999986572
14	1	-5.521575749997282
14	1	-5.518075749991112
14	1	-5.0446069999889005
14	1	-4.549513249992742
14	1	-4.524169499985874
14	1	-3.640263249995769
14	1	-3.596981999988202
14	1	-1.0244839999941178
14	1	-0.9339839999884134
14	1	-0.8043902499921387
14	1	-0.5688589999917895
14	1	0.7221722500107717
14	1	0.754891000004136
14	1	0.9660785000014585
14	2	-5.9979822500026785
14	2	-1.0709530000021914
14	2	-1.0211092499957886
14	3	-2.515388999992865
14	3	-0.8127962500002468
14	3	-0.779921249995823
14	3	-0.6558899999945424
14	3	-0.62048374999722
14	3	-0.5408274999936111
14	3	0.728610000005574
14	4	0.8590477499965345
14	4	1.1034539999964181
14	5	-4.5471379999944475
14	5	-4.282044249994215
14	5	-2.4977327499946114
14	5	-1.8938577499939129
14	5	-1.4250452499982202
14	5	-1.1026399999973364
14	5	1.1043590000044787
14	6	-4.222419499987154
14	6	-2.8986079999885987
14	7	-2.8031075000035344
14	7	-2.481013750002603
14	7	-2.414076250002836
14	7	-2.399576249998063
14	7	-2.103232500012382
14	7	-0.6982647500117309
14	7	0.3529852499923436
14	7	0.6179852499917615
14	8	-3.9993889999896055
14	8	-2.070045250002295
14	8	-2.0602327499946114
14	8	0.526110000006156
14	8	0.7802349999983562
14	8	1.3886714999971446
14	9	-5.5261692499916535
14	9	-2.783170249997056
14	9	-1.478263999990304
14	9	-0.8990149999735877
14	9	-0.8746087499748683
14	9	-0.6373587499838322
14	9	-0.005827499975566752
14	10	-4.323482499996317
14	10	-2.627139750009519
14	10	-0.8069835000060266
14	10	-0.724015750005492
14	10	-0.17342200000712182
14	10	0.09001549999811687
14	10	0.26229674999194685
14	10	0.36085924999497365
14	10	0.9968592499935767
14	10	1.4299529999989318
14	11	-3.9524195000121836
14	11	-3.371733000021777
14	11	-3.3397017500101356
14	11	-3.2717642500210786
14	11	-1.2652017500222428
14	11	0.6502659999969183
14	11	1.9123587499925634
14	12	-5.18154499999946
14	12	-5.080795000001672
14	12	-4.070451250008773
14	12	-3.330201250006212
14	12	-3.013795000006212
14	12	-2.973201250002603
14	12	-0.48292100000253413
14	12	-0.08557825001480523
14	12	0.9474529999861261
14	13	-5.1577945000026375
14	13	-3.0812330000044312
14	13	-1.9716090000001714
14	13	-1.4772965000011027
14	13	-1.3840777500008699
14	13	-0.7033902499970281
14	13	-0.08789024999714456
14	13	0.8835462499991991
14	13	0.8950774999975692
14	13	0.938952500000596
14	14	-4.208513999998104
14	14	-3.471670249986346
14	14	-3.4519827499898383
14	14	-2.8210452499915846
14	14	-2.3914827499975218
14	14	-1.6445149999926798
14	14	-0.6674524999980349
14	14	0.3039850000059232
14	14	0.30864124999789055
14	14	0.5849215000052936
14	14	0.5987652500043623
14	15	-5.525512499996694
14	15	-1.2073894999921322
14	15	-1.1570769999962067
14	15	0.7999220000056084
14	15	0.8332345000089845
14	15	0.8499845000042114
14	16	-5.340138250001473
14	16	-5.1738257499964675
14	16	-4.61051425000187
14	16	-3.0521704999991925
14	16	-2.183452750003198
14	17	-4.79616949998308
14	17	-1.4085142499825452
14	18	-5.163888249997399
14	18	-3.3644194999942556
14	18	-2.2448267500003567
14	18	0.5767034999880707
14	18	1.4053909999929601
14	19	-3.849138999998104
14	19	-3.5093577499937965
14	19	-3.121263999986695
14	19	-2.3386712499923306
14	19	-2.290608750001411
14	19	-1.2028900000004796
14	19	-0.9722024999937275
14	20	-5.496606499989866
14	20	-3.782701249991078
14	20	-3.237794999993639
14	20	-1.9736397499946179
14	20	-1.3920772499986924
14	20	-1.3219834999908926
14	21	-4.600982000003569
14	21	-4.190389249997679
14	21	-4.13395175000187
14	21	-3.2750455000059446
14	21	-2.3056392500002403
14	21	-1.6248590000031982
14	21	-1.1658902500057593
14	22	-5.816700249997666
14	22	-5.799918999997317
14	22	-3.865576249998412
14	22	-3.8329512499913108
14	22	-3.334326249998412
14	22	-3.0852012499963166
14	22	-2.2268262500001583
14	22	1.0131717500189552
14	23	-5.33776324999053
14	23	-4.865169499986223
14	23	-3.4503892499924405
14	23	-2.846607999992557
14	23	-2.82985799999733
14	23	-2.8156079999898793
14	23	-1.765765249991091
14	23	-1.3142027499852702
14	23	1.7545150000078138
14	24	-5.818200500012608
14	24	-5.014606750017265
14	24	-4.9717005000129575
14	24	-3.7073577500123065
14	24	-1.4077337500057183
14	24	-0.27320250000047963
14	24	-0.26798375000362284
14	24	0.4311725000006845
14	24	0.43623500000103377
14	24	1.1691714999906253
14	25	-5.682044000001042
14	25	-2.876170000003185
14	25	-2.467420000000857
14	25	-2.0346074999979464
14	26	-5.795981250004843
14	26	-5.78070000000298
14	26	-5.368106249996345
14	26	-2.165139499993529
14	26	-0.7267332499905024
14	26	0.289703250004095
14	26	0.7441095000103815
14	27	-5.9622625000047265
14	27	-5.876043750002282
14	27	-5.480731250005192
14	27	-5.024387500001467
14	27	-4.611326000012923
14	27	-4.598794750010711
14	27	-4.582701000006637
14	27	-3.3212947499996517
14	27	-1.668920750002144
14	27	-1.3337957500043558
14	27	0.2518604999931995
14	27	0.26442299998598173
14	27	1.080296999993152
14	27	1.9343594999954803
14	28	-5.511981750008999
14	28	-5.500919250014704
14	28	-5.468606750015169
14	28	-5.460013000003528
14	28	-5.164325500008999
14	28	-5.017044250009349
14	28	-4.9916380000067875
14	28	-4.815763000005973
14	28	-1.4017650000023423
14	28	-0.6742337500036228
14	28	-0.6616399999911664
14	28	-0.4471087499987334
14	28	0.28770375000021886
14	28	0.2960787500051083
14	28	0.36864124999556225
14	28	0.5621725000091828
14	28	1.2057964999985415
14	29	-4.9863879999902565
14	29	-4.802700499989442
14	29	-3.1300452499999665
14	29	-1.5895774999953574
14	29	-1.3538899999985006
14	29	-0.520671249993029
14	29	0.05429749999893829
14	29	1.9922027499997057
14	30	-4.9611067500081845
14	30	-4.90945050001028
14	30	-2.175201499994728
14	30	-2.1632640000025276
14	30	-0.7880774999939604
14	30	-0.6125462500058347
14	30	-0.6018274999951245
14	30	0.631578750006156
14	30	0.6424224999936996
14	30	1.675827750004828
14	31	-5.689638249998097
14	31	-4.883669499991811
14	31	-3.457951749995118
14	31	-2.8099205000035
14	31	-2.641326750002918
14	31	-2.6149517500016373
14	31	-0.8616714999952819
14	31	-0.6472964999993565
14	32	-5.845232000006945
14	32	-5.692138250000426
14	32	-3.391857999988133
14	32	-0.9175152499956312
14	32	-0.4702652499981923
14	32	-0.2458902499929536
14	32	0.43523475000984035
14	32	1.295952500004205
14	33	-4.4959190000081435
14	33	-3.556263749997015
14	33	-3.2517012500029523
14	33	-1.1702335000009043
14	33	-1.151702250004746
14	33	-0.3912960000016028
14	33	-0.13695225000265054
14	33	-0.09857724999892525
14	33	-0.014202250007656403
14	34	-2.806201499988674
14	34	-1.8333577499870444
14	34	-1.8028264999884414
14	34	-1.7243264999997336
14	34	-0.23910875000001397
14	34	0.3960475000058068
14	34	1.1968277499981923
14	34	1.5172965000092518
14	34	1.9184840000089025
14	35	-5.584012750012334
14	35	-4.255387750003138
14	35	-3.7600762500078417
14	35	-2.899076250003418
14	35	-2.7362325000140117
14	35	-1.5770460000057938
14	35	-0.4664210000046296
14	35	0.03501649998361245
14	35	0.042235249988152646
14	36	-5.920419249989209
14	36	-1.9309514999913517
14	36	-1.8508577500033425
14	36	-1.7495462499937275
14	36	0.29011000000173226
14	37	-5.2316695000045
14	37	-2.2096392500097863
14	37	-2.1779830000014044
14	37	-0.29264025000156835
14	37	0.2007034999987809
14	38	-1.9161710000043968
14	38	-0.8022032500157366
14	38	1.0560467499890365
14	38	1.0823279999895021
14	39	-4.093700750003336
14	39	-4.057107000000542
14	39	-1.3951704999926733
14	40	-4.75685775000602
14	40	-4.598545250002644
14	40	-4.481545250004274
14	40	-3.736388999997871
14	40	-3.4780140000075335
14	40	-0.7419837500056019
14	41	-4.496575750003103
14	41	-3.6538882500026375
14	41	-3.219419499990181
14	41	-2.1497017499932554
14	41	-1.7730454999982612
14	41	-1.555514249994303
14	41	-0.7237330000061775
14	41	-0.5047027499967953
14	41	-0.4650777500064578
14	41	0.775234749991796
14	41	0.7955159999983152
14	41	1.7004847499920288
14	42	-3.4768890000123065
14	42	-2.6615140000067186
14	42	-1.74082650001219
14	42	-1.7286077500029933
14	42	-0.19057750000501983
14	42	0.08114124998974148
14	42	0.5265474999905564
14	42	0.5314849999995204
14	42	0.552922499991837
14	42	1.6312339999858523
14	43	-2.032639500001096
14	43	-1.8306082499912009
14	43	-1.6969519999984186
14	43	-0.8557342499989318
14	43	-0.1738279999990482
14	43	0.03314075000525918
14	43	0.04389075000653975
14	43	0.4387970000097994
14	44	-5.897231749986531
14	44	-5.5765442499978235
14	44	-5.436794249995728
14	44	-3.591106749998289
14	44	-2.624326499993913
14	44	0.5056100000074366
14	44	0.7122349999990547
14	45	-5.3020132499950705
14	45	-5.160419499996351
14	45	-4.738013249996584
14	45	-4.092731999990065
14	45	-2.960639249999076
14	45	-2.9499829999986105
14	45	-2.930295499987551
14	45	-2.397701750000124
14	45	-0.33729650000168476
14	45	0.8294222499971511
14	46	-5.183887999985018
14	46	-5.173231749984552
14	46	-2.977670249994844
14	46	0.17707875001360662
14	46	0.34682875001453795
14	46	1.5178600000217557
14	47	-5.763387750004767
14	47	-5.745981500003836
14	47	-4.498451250008657
14	47	-3.9434512500010896
14	47	-2.54395225000917
14	47	-1.9096397500106832
14	48	-4.291638499998953
14	48	-4.195982250006637
14	48	-3.3742322500038426
14	48	-2.093358250000165
14	48	-1.6691707499994664
14	48	1.9520470000134083
14	49	-1.5180147500068415
14	49	-0.6443907500070054
14	50	-4.730918999994174
14	50	-2.0100450000027195
14	50	-1.691170999984024
14	50	1.0028905000071973
15	1	-5.88504449998436
15	1	-5.798231999986456
15	1	-5.715825749983196
15	1	-5.366825749995769
15	1	-5.347106999994139
15	1	-4.6259194999875035
15	1	-4.40848199998436
15	1	-4.229075749986805
15	1	-2.6464517499989597
15	1	-0.8638277499994729
15	1	1.2213285000034375
15	1	1.8818587499990826
15	2	-3.3784519999899203
15	2	-1.4610457499948097
15	2	0.1958907500084024
15	2	0.8785782500053756
15	2	1.249139749997994
15	2	1.7550460000056773
15	3	-4.3319817499868805
15	3	-2.9657639999932144
15	3	-2.048763999991934
15	3	-1.9332327500014799
15	3	-1.0912024999997811
15	3	-0.9011087499966379
15	3	0.2972037500003353
15	3	1.7252964999934193
15	4	-5.439325249986723
15	4	-4.978762749989983
15	4	-1.6920137499982957
15	4	0.040391500006080605
15	5	-5.94854425000085
15	5	-5.306794249991071
15	5	-4.731106749997707
15	5	-4.6138567500020145
15	5	-2.7381077500031097
15	5	-2.4114827500015963
15	5	0.46642250000149943
15	5	1.5755152499914402
15	6	-4.322419499992975
15	6	-3.772795499986387
15	6	-3.5503267499880167
15	6	-3.2618892499885987
15	6	-3.078920499989181
15	6	-2.942920499990578
15	6	-1.6485767499980284
15	6	-1.6453892499848735
15	6	-1.1331402499927208
15	6	-0.95810899999924
15	6	0.17932850000215694
15	6	0.20623475000320468
15	6	0.41779725000378676
15	6	1.9551712500106078
15	7	-2.179513750001206
15	7	-0.5399210000032326
15	7	-0.5240147500007879
15	7	-0.05907725001452491
15	7	0.4215164999914123
15	7	1.41701550000289
15	8	-4.19151299999794
15	8	-3.725795249993098
15	8	-3.231982749988674
15	8	-3.115076499991119
15	8	-2.7574827499920502
15	8	0.6224537500092993
15	9	-5.9305754999950295
15	9	-3.724512999993749
15	9	-3.50773174999631
15	9	-1.25335774999985
15	9	0.09336000001349021
15	9	1.8871402500226395
15	10	-5.5533262499957345
15	10	-5.135513750006794
15	10	-2.979296000004979
15	11	-5.1009507500129985
15	11	-0.5892027500085533
15	11	-0.0522964999981923
15	12	-4.303670000008424
15	12	-3.3806075000029523
15	12	-3.184326250004233
15	12	-3.1013262500055134
15	12	-2.0850460000074236
15	12	-1.0839210000121966
15	12	-0.8771710000000894
15	12	-0.26223450001270976
15	12	1.631234249987756
15	12	1.681827999986126
15	13	-3.1333580000064103
15	14	-4.482045249998919
15	14	-4.342763999986346
15	14	-3.983107749998453
15	14	-3.8981389999971725
15	14	-3.800513999987743
15	14	-2.270638999994844
15	14	-1.9709524999925634
15	14	1.683327749997261
15	14	1.9475777500047116
15	15	-5.338637499997276
15	15	-4.60160624999844
15	15	-0.7687019999866607
15	15	-0.14045199999236502
15	15	0.3409855000063544
15	15	0.5996720000111964
15	15	0.6427345000120113
15	16	-5.8350132500054315
15	16	-4.687107999998261
15	16	-2.860420500001055
15	16	-2.12567150000541
15	16	-1.358796500004246
15	16	0.2037024999881396
15	16	1.3600774999940768
15	17	-5.069544499987387
15	17	-3.3497944999835454
15	17	-3.1369194999861065
15	17	-1.976857999994536
15	17	-1.1760142499842914
15	17	-0.9571392499929061
15	17	0.2300472500064643
15	17	0.9334847500140313
15	18	-5.349856000000727
15	18	-4.694544500001939
15	18	-3.8495132499956526
15	18	-2.2253892500011716
15	18	-1.689451750004082
15	19	-4.2689202499896055
15	19	-3.870420249993913
15	19	-1.4030462499940768
15	19	-1.1757337499875575
15	19	-0.969577500000014
15	19	-0.4421712499897694
15	19	-0.3902337499894202
15	19	0.1767965000035474
15	19	1.9602339999983087
15	20	-5.250450249994174
15	20	-5.1647002499958035
15	20	-4.827450249998947
15	20	-4.822575250000227
15	20	-4.789075249995221
15	20	-4.23251375000109
15	20	-3.8872949999931734
15	20	1.1989842500188388
15	21	-5.863731999997981
15	21	-5.743044499991811
15	21	-5.54535699999542
15	22	-3.1551075000024866
15	22	-1.9539199999999255
15	22	-1.267858499995782
15	22	-1.2336084999988088
15	22	-1.0187334999936866
15	22	-0.9698585000005551
15	22	-0.9378584999940358
15	22	-0.7831397499976447
15	23	-0.35373399998934474
15	23	1.1968900000065332
15	23	1.2720462500001304
15	24	-5.563231750013074
15	24	-2.691701500021736
15	24	-0.31545249999908265
15	24	-0.19457750000583474
15	24	-0.18645249999826774
15	24	0.5528912500012666
15	25	-3.8146065000037197
15	25	-3.567544999998063
15	25	-2.571076250009355
15	25	1.9393904999888036
15	26	-3.7214822499954607
15	26	-0.578358249986195
15	26	0.5766407500050263
15	26	0.7007970000122441
15	26	0.746015750002698
15	27	-5.102918750009849
15	27	-1.0798895000043558
15	28	-5.604138000009698
15	28	-5.142106750005041
15	28	-4.5029505000129575
15	28	-4.241639000014402
15	28	-3.181514000010793
15	28	-2.5977640000055544
15	28	-1.3708587500004796
15	28	-1.3278900000004796
15	28	-1.1257650000043213
15	29	-1.1042962499923306
15	29	1.8299839999963297
15	30	-5.510263000003761
15	30	-5.446013000007952
15	30	-5.416106750009931
15	30	-5.287481750012375
15	30	-3.861201499996241
15	30	-3.6457640000007814
15	30	-1.9599827499914682
15	30	-1.442639999993844
15	30	-0.1258899999957066
15	30	0.001860000003944151
15	30	0.780577750003431
15	30	0.8251402500027325
15	30	1.651671500003431
15	31	-5.777388250004151
15	31	-5.110544499999378
15	31	-4.347825749995536
15	31	-2.7069829999963986
15	32	-4.410700750013348
15	32	-4.058764249988599
15	32	-2.4451704999955837
15	32	-1.5556089999881806
15	32	-0.139234000002034
15	32	0.4172660000040196
15	32	0.8087660000019241
15	33	-5.986575250004535
15	33	-5.548762749996968
15	33	-3.0461075000057463
15	33	1.924109249986941
15	34	-5.444700499996543
15	34	-5.2246692499902565
15	34	-4.272387999997591
15	34	-2.4369827499904204
15	34	-0.39717124999151565
15	34	-0.3135774999973364
15	34	-0.3087962499994319
15	34	-0.16248374999850057
15	35	-5.208700250004767
15	35	-5.056950250000227
15	35	-4.6964815000101225
15	35	-4.433356500012451
15	35	-1.9026700000104029
15	35	-1.8346075000154087
15	35	-1.8117325000057463
15	35	-1.7759200000145938
15	35	-1.6721700000052806
15	35	-1.182546000010916
15	35	-0.34257725000497885
15	35	1.71720300000743
15	36	-5.356950499990489
15	36	-5.324012999990373
15	36	-3.3574202500021784
15	36	-3.249045249991468
15	36	-2.8716390000045067
15	36	-2.6749514999974053
15	36	-0.3047649999934947
15	36	0.6703600000037113
15	36	0.8700465000001714
15	37	-5.863950750004733
15	37	-3.200670500009437
15	37	-2.1770767499983776
15	37	-1.8675455000047805
15	37	-1.6610465000121621
15	37	-1.4192652500059921
15	37	-0.8110777500114636
15	37	1.9853587500110734
15	38	-5.281482500009588
15	38	-2.481671000015922
15	38	-1.3792647500085877
15	38	-1.251421000008122
15	38	-0.36139075001119636
15	38	0.498734249980771
15	38	0.6746404999867082
15	38	1.936701999991783
15	39	-4.921700750011951
15	39	-3.6351070000091568
15	39	-3.346700750000309
15	39	-2.4573892499902286
15	39	0.1651410000049509
15	40	-4.066545249996125
15	40	-3.7204827499954263
15	40	-2.750202499999432
15	40	-2.18688999999722
15	40	-1.9200149999960558
15	40	-1.658827499995823
15	40	-1.315077499995823
15	40	-0.0032035000040195882
15	40	0.7828277499938849
15	40	0.8265777499909746
15	40	0.88429649999307
15	40	0.9195464999938849
15	40	1.5446402499946998
15	40	1.721265250002034
15	40	1.7741089999908581
15	40	1.7831714999920223
15	40	1.8909215000021504
15	41	-5.664887250008178
15	41	-5.654231000007712
15	41	-4.678638249999494
15	41	-4.25491950000287
15	41	-3.0418579999968642
15	41	-2.6753267500025686
15	41	-0.05357775000447873
15	42	-5.508575500003644
15	42	-3.58557650000148
15	42	-3.4759515000041574
15	42	-0.9251712500117719
15	42	-0.37748375000956
15	42	-0.11701500001072418
15	43	-5.848949999999604
15	43	-4.263575999997556
15	43	-0.872764499988989
15	43	1.423953250006889
15	44	-5.32432549999794
15	44	-3.652887999996892
15	44	-3.3060139999870444
15	44	-0.778890000001411
15	45	-5.453106999993906
15	45	-5.097075749989017
15	45	-4.053950749992509
15	45	-3.037607999998727
15	45	-2.2665142499899957
15	45	-2.2629204999975627
15	45	-1.0219829999987269
15	45	0.011578500008909032
15	45	0.7841410000110045
15	45	0.9487347500107717
15	46	-5.631606749986531
15	46	-4.67979424999794
15	46	-3.2447004999849014
15	46	-2.2701390000001993
15	46	-1.9762952499877429
15	46	-1.575201499988907
15	46	-0.532796249986859
15	46	-0.0016712499782443047
15	46	0.4372350000194274
15	46	1.384985000026063
15	47	-5.22888774999592
15	47	-4.699982499994803
15	47	-4.56748250000237
15	47	-4.4734512499999255
15	47	-3.5591074999974808
15	47	-3.2916074999957345
15	47	-2.6722335000085877
15	47	-2.5010460000048624
15	47	-2.2131397500052117
15	47	-0.9302960000059102
15	48	-4.816013500007102
15	48	-0.6967020000010962
15	48	1.1007970000064233
15	48	1.6872657500061905
15	49	-4.578045000002021
15	49	-2.1344835000054445
15	49	1.5718269999924814
15	49	1.8202957499888726
15	49	1.9357644999836339
15	50	-5.795762749999994
15	50	-5.03357524999592
15	50	-4.422795000005863
15	50	-4.121951249995618
15	50	-3.938232500004233
15	50	-1.733920999991824
15	50	-1.6259209999843733
15	50	-0.9808584999846062
16	1	-5.9511694999964675
16	1	-5.912013249995653
16	1	-5.012356999985059
16	1	-1.1652642499975627
16	1	0.10817225000937469
16	1	0.38567225000588223
16	1	1.5675774999981513
16	1	1.6341400000092108
16	2	-5.952326000013272
16	2	-5.02282600000035
16	2	-4.916107250013738
16	2	-3.325795749988174
16	2	-1.3737655000004452
16	2	-0.13398425000195857
16	2	0.08360949999769218
16	3	-3.616107750000083
16	3	-3.536451499996474
16	3	-2.8103264999954263
16	3	-1.5786077499942621
16	4	-5.840200249993359
16	4	-5.173293999992893
16	4	-4.844543999992311
16	4	-3.673638749998645
16	4	-3.5614512499887496
16	4	0.6666415000072448
16	5	-2.58207649999531
16	5	-2.5249827499937965
16	5	-2.463263999990886
16	5	-1.5496390000043903
16	5	-1.5378265000035753
16	5	-1.0218587499985006
16	5	-0.7500149999978021
16	5	-0.23979624999628868
16	5	0.6391100000037113
16	6	-3.127982999998494
16	6	-2.965232999995351
16	6	-2.520670499987318
16	6	1.4535775000113063
16	7	-5.996450250007911
16	7	-5.967262749996735
16	7	-5.956981499999529
16	7	-5.952325250007561
16	7	-5.887919000000693
16	7	-5.850512750010239
16	7	-5.8357627500081435
16	7	-5.809825250005815
16	7	-5.793450249999296
16	7	-5.7904189999972004
16	7	-5.736731500001042
16	7	-5.730606500001159
16	7	-5.723356500006048
16	7	-5.689356500006397
16	7	-5.672981499999878
16	7	-5.6596690000005765
16	7	-5.6543252499977825
16	7	-5.6419814999972004
16	7	-5.599700250008027
16	7	-5.568419000002905
16	7	-5.296762750003836
16	7	-5.292825249998714
16	7	-5.166262750004535
16	7	-5.144794000007096
16	7	-4.888512749996153
16	7	-4.442887750003138
16	7	-4.411919000005582
16	7	-4.338294000001042
16	7	-4.316106500002206
16	7	-1.5905147500016028
16	7	-1.047358500014525
16	7	-0.20467100001405925
16	7	-0.1396085000014864
16	7	0.0031727499881526455
16	7	1.0161405000108061
16	7	1.474296750006033
16	7	1.7914842500031227
16	8	-3.256326499991701
16	8	-2.714607749992865
16	8	0.5855162500083679
16	8	0.6183287500025472
16	8	0.6762975000019651
16	8	1.873390249995282
16	9	-1.7804202499974053
16	9	0.012985000023036264
16	9	0.05020375002641231
16	9	0.4830162500147708
16	9	0.5453912500233855
16	10	-4.695045000000391
16	10	-4.524357500005863
16	10	-3.7611699999979464
16	10	-0.5662657500070054
16	10	-0.5479532500030473
16	10	0.5753592499968363
16	11	-5.921107000016491
16	11	-5.5685757500177715
16	11	-5.11385700001847
16	11	-4.911044500011485
16	11	-4.693107000013697
16	11	-3.769482000017888
16	11	-2.4158580000221264
16	11	-1.073514250019798
16	11	1.675796249997802
16	12	-5.804168999995454
16	12	-5.460481500005699
16	12	-3.962326250009937
16	12	-1.1992335000104504
16	12	-0.7032960000069579
16	13	-5.5387632500060135
16	13	-3.22748300000967
16	13	-3.054389250013628
16	13	-2.0157340000005206
16	13	-0.3649839999998221
16	13	0.3446712500008289
16	13	1.58451500000956
16	14	-1.594983749993844
16	14	-1.5094837499927962
16	14	-1.4037649999954738
16	14	0.2806725000118604
16	14	0.6013277500023833
16	14	1.2242340000084369
16	15	-5.953293750004377
16	15	-5.438949999996112
16	15	-4.966356250006356
16	15	-4.9340125000017
16	15	-4.892387500003679
16	15	0.2084855000139214
16	15	0.49329700000816956
16	15	1.879140750010265
16	16	-4.195514250008273
16	16	-4.176826750001055
16	16	-2.922795499995118
16	16	-2.6560142499947688
16	16	-2.6140767500037327
16	16	-1.7695464999997057
16	16	-1.7375777499983087
16	16	-0.802890250008204
16	16	0.03870350000215694
16	16	0.6518274999980349
16	16	1.5581399999937275
16	16	1.9804212499875575
16	17	-4.2044507499813335
16	17	-3.547544499990181
16	17	-3.191263249987969
16	17	-2.8399507499852916
16	17	-2.375420499985921
16	17	-1.3975454999890644
16	17	-0.9348892499838257
16	17	-0.8331079999916255
16	17	-0.43695174998720177
16	17	0.3620785000093747
16	17	0.4763285000080941
16	18	-2.3776392500003567
16	18	-1.8371392499975627
16	18	-1.8226080000022193
16	18	-1.3987330000090878
16	18	-1.3644517500069924
16	18	0.23439099999086466
16	18	0.24820349999936298
16	18	0.74110975000076
16	19	-2.8883889999997336
16	19	-1.868015000000014
16	19	-1.7536399999953574
16	19	-1.4973587499989662
16	19	-1.0724837499874411
16	19	-0.5551399999967543
16	19	-0.19745249999687076
16	19	-0.06898374999582302
16	19	0.21929649999947287
16	19	0.5944527500105323
16	19	1.9459215000097174
16	20	-4.043951250001555
16	20	-3.583294999989448
16	20	-0.1266709999908926
16	20	-0.11979599999904167
16	20	0.5311717500153463
16	20	1.5746092500194209
16	20	1.6706092500098748
16	21	-5.399107000004733
16	21	-5.386950749991229
16	21	-4.294545500000822
16	21	-4.112826750002569
16	21	-3.167045499998494
16	21	-2.7374204999941867
16	21	-2.6543267499946523
16	21	-2.6087017499958165
16	21	-2.601045500006876
16	21	-2.4477329999936046
16	21	-0.5850152500061085
16	21	1.6266712499927962
16	21	1.8990462499932619
16	22	-4.208982500000275
16	22	-4.159888750000391
16	22	1.404390500014415
16	23	-4.310013249982148
16	23	-4.289295499984291
16	23	-2.718639249986154
16	23	-2.178420499985805
16	23	-1.2841402499907417
16	23	-1.2747964999871328
16	23	0.5420160000066971
16	24	-4.1191702500218526
16	24	-2.7705765000137035
16	24	-1.2102962500066496
16	24	-0.492296249998617
16	24	-0.46788999999989755
16	24	-0.3496400000003632
16	24	-0.1659524999995483
16	25	-4.362887750001391
16	25	-3.505044999998063
16	25	-3.0567949999967823
16	25	-2.6966387499996927
16	25	-2.2560450000019046
16	25	-1.9408574999979464
16	25	-0.06404599999950733
16	25	1.6827967499993974
16	26	-5.99535625000135
16	26	-5.182918749997043
16	26	-3.74566975000198
16	26	-1.4675769999885233
16	26	-0.6804832499910844
16	26	-0.6643582499964396
16	26	-0.6371082499827025
16	26	-0.5909519999840995
16	26	-0.4450457499915501
16	26	-0.434139499993762
16	26	0.9158282500138739
16	26	1.3048282500094501
16	26	1.3495470000052592
16	26	1.6762345000024652
16	27	-4.639544750010828
16	27	-4.6246385000122245
16	27	-4.604294750010013
16	27	-3.970201000003726
16	27	-3.077794750002795
16	27	-2.649763500012341
16	27	-2.5832010000012815
16	27	-2.286794750005356
16	27	-2.1202645000012126
16	27	-2.1162645000149496
16	27	-1.922420750008314
16	27	-1.1160770000133198
16	27	1.2260157499840716
16	27	1.6341094999952475
16	28	-5.993919250002364
16	28	-5.874419250001665
16	28	-5.869669250008883
16	28	-4.390264000016032
16	28	-4.3585765000170795
16	28	-4.194951500016032
16	28	-2.6270765000081155
16	28	-1.9749202500097454
16	28	-1.4122649999917485
16	28	-0.41029625000373926
16	28	0.9728277499962132
16	28	1.6604840000072727
16	29	-5.013294249991304
16	29	-5.003544249993865
16	29	-2.897857749994728
16	29	-2.5701389999885578
16	29	-2.2974202499899548
16	29	-0.6604525000002468
16	29	0.5554225000087172
16	30	-5.7021692500129575
16	30	-5.269856750004692
16	30	-5.160606750010629
16	30	-4.992325500017614
16	30	-3.9756702500017127
16	30	-3.8605139999999665
16	30	-2.448764000000665
16	30	-1.1698587499995483
16	30	-0.7417337499937275
16	30	-0.59704624999722
16	30	-0.14079624999430962
16	30	1.8296715000033146
16	31	-4.412075749991345
16	31	-3.4479204999952344
16	31	-3.061076750003849
16	31	-0.9849839999951655
16	32	-5.215700750006363
16	32	-4.650638250008342
16	32	-4.163263250011369
16	32	-3.553670499997679
16	32	-3.383920499996748
16	32	0.910577500006184
16	33	-5.414012749999529
16	33	-4.9427627499972004
16	33	-4.180012750002788
16	33	-1.4492325000028359
16	33	-0.28857725000125356
16	33	0.5278602499893168
16	33	0.5376414999918779
16	34	-4.600356749986531
16	34	-4.3993567499856
16	34	-2.9152952499862295
16	34	-1.6419514999870444
16	34	-0.951483749988256
16	34	-0.7851712499978021
16	34	-0.7792337499995483
16	34	-0.7758899999898858
16	34	0.6179850000044098
16	34	1.467984000002616
16	35	-5.107512750008027
16	35	-5.0066064999991795
16	35	-2.756513750005979
16	35	-1.115421000009519
16	35	-0.05754600001091603
16	35	0.4407352499838453
16	35	0.7520477499929257
16	36	-2.9071077499975218
16	36	-2.881232749990886
16	36	-2.8155764999974053
16	36	-2.718701499994495
16	36	-0.9926399999967543
16	36	-0.62398375000339
16	36	0.023360000006505288
16	37	-3.894139249998261
16	37	-1.9551080000092043
16	37	-1.04323400001158
16	37	-0.7852652500005206
16	37	-0.6056402500107652
16	37	0.7226400000072317
16	37	1.205921250002575
16	37	1.895171250012936
16	38	-5.0753262500074925
16	38	-5.070920000012848
16	38	-2.5870147500099847
16	38	-1.2239210000116145
16	38	-0.8838585000048624
16	38	-0.7689220000174828
16	38	1.8720769999781623
16	39	-5.652918499996304
16	39	-5.6227935000060825
16	39	-5.2874195000040345
16	39	-4.906794499998796
16	39	-1.2235454999899957
16	39	-1.1327642499963986
16	39	-0.6534517499967478
16	39	-0.2691714999964461
16	39	0.11079725000308827
16	39	0.15698475000681356
16	40	-2.465265000006184
16	40	-1.5914212500065332
16	40	0.635327750002034
16	40	1.5874527499981923
16	41	-4.5005132499936735
16	41	-4.2943882499967
16	41	-2.6822017499944195
16	41	1.3543597499956377
16	41	1.3655785000009928
16	41	1.8732962499925634
16	42	-5.63563800000702
16	42	-5.506137999997009
16	42	-3.4846702500071842
16	42	-3.4497327499993844
16	42	-2.6449514999985695
16	42	-2.2884827500092797
16	42	-2.251514000003226
16	42	-1.3060765000118408
16	42	-0.3056712500110734
16	42	-0.08017125001060776
16	42	-0.03873375001421664
16	43	-5.303263499998138
16	43	-2.7177957499952754
16	43	-1.432076999990386
16	43	-1.4171082499960903
16	43	-0.6609842499892693
16	43	-0.2976092500030063
16	43	0.7739532499981578
16	43	1.6467022500000894
16	43	1.8054522500024177
16	44	-5.23801299999468
16	44	-4.8397004999860656
16	44	-4.1518879999930505
16	44	-3.1622327499935636
16	44	-0.9671702499908861
16	44	1.1405475000065053
16	45	-5.9226372499833815
16	45	-4.803825749986572
16	45	-4.4096382499847095
16	45	-4.33051324999542
16	45	-2.951389249996282
16	45	-2.6769517499924405
16	45	-2.495076749997679
16	45	-0.9468892500008224
16	45	0.39967225000145845
16	46	-1.3868577499961248
16	46	-1.3593577499996172
16	46	0.20623500001966022
16	46	1.3503912500164006
16	46	1.3950162500259466
16	46	1.4226725000189617
16	46	1.6292975000251317
16	47	-5.667262749993824
16	47	-3.3680137500050478
16	47	-2.9786699999967823
16	47	-0.1753282499994384
16	47	-0.12654700000712182
16	47	-0.11020325000572484
16	47	0.34692174999509007
16	47	1.803015499986941
16	48	-3.6273884999973234
16	48	-2.806919750000816
16	48	-2.2611082500079647
16	48	-1.8870457500015618
16	49	-3.6838887500052806
16	49	-1.921233500004746
16	49	1.0912967499898514
16	49	1.1403592499846127
16	49	1.1678279999905499
16	49	1.2295467499934603
16	49	1.3156707499874756
16	50	-5.370731500006514
16	50	-4.419513750006445
16	50	-4.057701249999809
16	50	-3.9699824999988778
16	50	-2.285701250002603
16	50	-1.7679834999871673
16	50	0.9401092500047525
16	50	1.2528280000115046
16	50	1.3588905000069644
16	50	1.5432967500091763
17	1	-3.3232642499933718
17	1	0.8376722500106553
17	2	-4.547669750012574
17	2	-0.04885924998961855
17	3	-5.4842317500006175
17	3	-4.911731749991304
17	3	-3.1011389999912353
17	3	-3.090607749996707
17	4	-2.973294999988866
17	4	-2.95870124999783
17	4	-2.949232500002836
17	4	-2.0171074999962
17	4	-1.4847949999966659
17	4	-1.4494199999899138
17	4	1.3316717499983497
17	4	1.3476092500059167
17	5	-4.560637999995379
17	5	-3.0636389999999665
17	6	-5.676356999989366
17	6	-4.946044499985874
17	6	-3.7466704999969807
17	6	-1.119390249994467
17	6	-1.0606402499979595
17	7	-5.930200250004418
17	7	-5.911075249998248
17	7	-5.891137750004418
17	7	-5.86910650000209
17	7	-5.753544000006514
17	7	-5.702106500000809
17	7	-5.683856500007096
17	7	-5.624325249998947
17	7	-5.538981500008958
17	7	-5.525387750007212
17	7	-5.477169000005233
17	7	-5.4464815000101225
17	7	-5.4338252500019735
17	7	-5.32282524999755
17	7	-5.186450250010239
17	7	-5.134950250008842
17	7	-4.949950249996618
17	7	-4.9451377500081435
17	7	-4.857481500002905
17	7	-4.839012750002439
17	7	-4.832481500008726
17	7	-4.801669000007678
17	7	-4.650450250002905
17	7	-3.8606074999988778
17	7	-3.8364512500120327
17	7	-3.7777325000060955
17	7	-0.12782725000579376
17	7	1.3567655000078958
17	7	1.382171750010457
17	7	1.4010780000098748
17	8	-3.950826499989489
17	8	-1.5557952499948442
17	10	-5.639326250005979
17	10	-4.577951250001206
17	10	-0.5320782500057248
17	10	-0.056828250002581626
17	10	1.2677342499955557
17	11	-5.325232000017422
17	11	-1.0628580000193324
17	11	-1.0507330000109505
17	11	-0.7093590000004042
17	11	-0.6562027500040131
17	12	-4.6512950000033015
17	12	-3.261857500008773
17	12	-0.5674209999997402
17	12	1.801577999998699
17	13	-2.1308277499920223
17	13	-1.3098590000008699
17	13	-0.9381402500002878
17	13	-0.9213902499905089
17	13	-0.17210899999190588
17	14	-4.0540764999896055
17	14	-3.071795249998104
17	14	-2.7307952499977546
17	14	1.6069839999981923
17	15	-4.921637499995995
17	15	-4.721762500004843
17	16	-5.82248200000322
17	16	-5.605481999999029
17	16	-3.3504830000019865
17	16	-3.1429517500073416
17	16	0.7895149999967543
17	17	-5.5261685000004945
17	17	-3.122888249985408
17	17	-2.1192017499852227
17	17	-2.1112642499938374
17	17	-0.9072642499959329
17	17	-0.26698399998713285
17	17	0.19035975000588223
17	17	0.9552660000044852
17	18	-2.137139250000473
17	18	-0.14214025001274422
17	18	0.15304725000169128
17	18	0.16701599999214523
17	18	0.18295349999971222
17	18	1.7815784999984317
17	19	-5.099137999990489
17	19	-1.4814524999965215
17	19	0.1560777499980759
17	19	0.16570275000412948
17	20	-4.760450249988935
17	20	-4.660044999996899
17	20	-4.2795762500027195
17	20	0.4295467500196537
17	20	1.0385155000112718
17	21	-5.418950749997748
17	21	-5.4085132500040345
17	21	-4.521419500000775
17	21	-2.8571392500016373
17	21	-1.6423590000049444
17	21	1.1962024999957066
17	21	1.227390000000014
17	22	-0.7355459999962477
17	23	-2.937607999992906
17	23	-2.92832674998499
17	23	-2.9183267499902286
17	23	0.8110462500044378
17	24	-3.8478577500209212
17	24	-1.577327500010142
17	24	-0.3985150000080466
17	24	-0.17792125001142267
17	25	-3.096044999998412
17	25	-3.084326249998412
17	25	-3.05223250000563
17	25	-1.6545137500070268
17	25	0.6568289999995613
17	26	-3.565263500000583
17	26	-3.5502010000054725
17	26	-3.539482250009314
17	26	-1.822201999995741
17	26	0.06289175001438707
17	26	0.7893282500153873
17	27	-5.609075000000303
17	27	-5.315918749998673
17	27	-4.618607250013156
17	27	-1.3650145000137854
17	27	-0.09357700000691693
17	27	0.422609499990358
17	28	-5.67116925001028
17	28	-5.6592005000129575
17	28	-5.651200500011328
17	28	-5.639794250004343
17	28	-5.2103880000067875
17	28	-1.4949212499923306
17	28	-1.4740462499903515
17	28	-0.7253899999923306
17	28	-0.01970249999430962
17	28	0.6810152499965625
17	28	0.6885464999941178
17	29	-4.276045249993331
17	29	-4.139639000000898
17	29	-3.418232750002062
17	29	-1.5691399999923306
17	29	-1.2393900000024587
17	29	-0.588108750001993
17	29	0.896733999994467
17	29	1.5129215000051772
17	30	-4.005232750001596
17	30	-3.378326499994728
17	30	-3.3134514999983367
17	30	-1.9644202499912353
17	30	-1.5069837500050198
17	30	-1.4947337500052527
17	30	-0.5367962500022259
17	30	0.17751624999800697
17	30	0.2230474999960279
17	30	0.2308599999960279
17	30	0.24307875000522472
17	30	0.9990777499915566
17	31	-4.397700749992509
17	31	-4.377044499997282
17	31	-3.919733000002452
17	31	-2.8926392499997746
17	32	-5.787263250007527
17	32	-0.6813589999946998
17	32	1.1465462500054855
17	32	1.1582650000054855
17	32	1.1706087500060676
17	33	-0.8508585000090534
17	33	0.011922749996301718
17	33	0.23192274999746587
17	33	0.4674852499883855
17	33	0.8162039999879198
17	33	1.070390499997302
17	33	1.7775779999938095
17	34	-3.7318889999878593
17	34	-3.713888999991468
17	34	-2.900638999999501
17	34	0.3589849999989383
17	35	-5.852012750008726
17	35	-4.7899190000025555
17	35	-0.17288975001429208
17	35	-0.15720225000404753
17	35	-0.14788975000556093
17	35	-0.1353897500084713
17	35	-0.12332725001033396
17	35	-0.054202250015805475
17	36	-0.1895150000054855
17	36	1.3100152499973774
17	37	-3.1263267500035
17	37	-2.033076749998145
17	37	-2.0247642500035
17	37	-1.5555152500019176
17	37	-0.8983902500040131
17	37	0.9622025000135181
17	38	-1.4616710000118474
17	39	-4.894044500004384
17	39	-3.5671382500004256
17	39	-2.621201749992906
17	39	-0.44267150000086986
17	39	-0.09242149999772664
17	39	0.3327035000111209
17	40	-3.6034202500013635
17	40	-3.5381702500017127
17	40	-3.477357750001829
17	40	-2.97964000000502
17	40	-2.963015000001178
17	40	-2.9535774999967543
17	40	-2.938827500009211
17	40	-2.925983749999432
17	40	-2.902233750006417
17	40	-2.592858750009327
17	40	-1.9203899999993155
17	40	-0.33435975000611506
17	40	0.39439024998864625
17	40	0.4018589999905089
17	40	0.43695274999481626
17	40	0.5526089999912074
17	40	0.6014527499937685
17	40	0.6537027500016848
17	40	0.6622652499936521
17	40	0.6738590000022668
17	40	1.780671499989694
17	41	-5.66179350001039
17	41	-5.024575749994256
17	41	-3.7697320000006584
17	41	-2.5540455000009388
17	41	-2.2865142499940703
17	41	-2.2747017499932554
17	41	1.2533597500005271
17	41	1.3618597500026226
17	42	-5.240950499995961
17	42	-5.095606750008301
17	42	-5.08582550000574
17	42	-5.072888000009698
17	42	-5.062262999999803
17	42	-2.269389000008232
17	42	-2.2596702500013635
17	42	-1.7659827500028769
17	42	0.4771724999882281
17	43	-5.801263499990455
17	43	-5.73048224998638
17	43	-5.721419749985216
17	43	-5.414700999986962
17	43	-3.204983249990619
17	43	-2.3778894999995828
17	43	-1.2964519999950426
17	43	-1.1530457499902695
17	43	-0.8760144999978365
17	43	-0.15304674999788404
17	43	1.3812032499990892
17	44	-3.258482749995892
17	44	-2.9044202499935636
17	44	-2.8808577499876264
17	44	-2.866545249999035
17	44	-2.850607749991468
17	44	-2.819857749986113
17	44	0.7068287500005681
17	44	0.920641250006156
17	45	-5.443575749988668
17	45	-2.1902017499960493
17	45	-2.1719204999972135
17	45	-1.4403892499976791
17	45	-0.795890249995864
17	45	-0.7714839999971446
17	45	-0.5242339999967953
17	45	-0.5087652499933029
17	45	-0.4962965000013355
17	45	-0.3440777499927208
17	45	1.2620472499984317
17	46	0.22404750001442153
17	46	0.4823912500141887
17	46	0.7396100000187289
17	46	1.2772662500210572
17	47	-5.614575250001508
17	47	-4.605888749996666
17	47	-2.5081397500034655
17	47	-0.4149522500083549
17	47	-0.09085950000735465
17	48	-4.234794749994762
17	48	-1.65185824999935
17	48	0.09407825001107994
17	48	1.048234500005492
17	48	1.8186095000128262
17	48	1.8402657500118949
17	49	-5.336045000003651
17	49	-4.9570137500122655
17	49	-3.23867100001371
17	49	-2.1461085000046296
17	49	-1.0137345000111964
17	49	-0.9951407500047935
17	49	-0.9650157500145724
17	49	-0.7475157500157366
17	49	0.761890499983565
17	49	1.5341082499944605
17	50	-4.413763749995269
17	50	-3.916857500007609
17	50	-3.062294999996084
17	50	-1.259014749986818
17	50	-1.2489834999869345
17	50	-0.5998584999906598
17	50	0.04154775000642985
17	50	0.058954000007361174
17	50	0.7521405000152299
18	1	-5.903638249990763
18	1	-5.63501324999379
18	1	-5.517169499988086
18	1	-5.509388249993208
18	1	-5.396450749991345
18	1	-5.325919499984593
18	1	-4.940669499992509
18	1	-4.918450749988551
18	1	-4.557169499996235
18	1	-4.4650444999861065
18	1	-4.21763824998925
18	1	-3.9956694999855245
18	1	-3.9414819999947213
18	1	-3.481701749988133
18	1	-3.329639249990578
18	1	-3.1457329999975627
18	1	-2.8333267499983776
18	1	-2.6749829999898793
18	1	-2.63845174999733
18	1	-2.4522329999890644
18	1	-2.0256392499868525
18	1	-1.8765142499905778
18	1	-1.7390767499891808
18	1	-1.605045499993139
18	1	-1.49804549998953
18	1	-1.0827642499934882
18	1	-1.0512964999943506
18	1	-0.8764527499879478
18	1	-0.8556402499962132
18	1	-0.8508902499888791
18	1	-0.6701402499893447
18	1	-0.4442964999907417
18	1	0.04739100000006147
18	1	0.35629725000762846
18	1	0.45839100000739563
18	1	0.6335160000016913
18	1	0.7661410000000615
18	1	1.1279535000066971
18	1	1.1673284999997122
18	1	1.2988910000131
18	1	1.4322337500052527
18	1	1.800483750004787
18	1	1.8187337499985006
18	1	1.91654625000956
18	2	-5.74548225000035
18	2	-5.5590447499998845
18	2	-5.411107250009081
18	2	-5.125326000008499
18	2	-5.014763500003028
18	2	-4.951607250011875
18	2	-4.772513500007335
18	2	-4.609701000008499
18	2	-4.551326000000699
18	2	-4.494857249999768
18	2	-4.2738884999998845
18	2	-4.240857250013505
18	2	-4.059294750011759
18	2	-3.8857957500003977
18	2	-3.7926707500009798
18	2	-3.6262957500002813
18	2	-3.5718582499976037
18	2	-3.3418582499871263
18	2	-3.109201999992365
18	2	-2.811733249996905
18	2	-2.6610769999970216
18	2	-2.612701999998535
18	2	-2.5950769999908516
18	2	-2.540514499996789
18	2	-2.159389499996905
18	2	-1.9460457499953918
18	2	-1.7133582499955082
18	2	-1.2555779999966035
18	2	-1.16682800000126
18	2	-1.1626717499893857
18	2	-0.9773279999935767
18	2	-0.9257030000007944
18	2	-0.5418904999969527
18	2	-0.30748424999183044
18	2	-0.3020467500027735
18	2	-0.0963904999953229
18	2	0.714140750002116
18	2	0.9586720000079367
18	2	1.2399210000003222
18	2	1.533889750004164
18	2	1.734452250006143
18	2	1.8393585000012536
18	2	1.8553897499950835
18	2	1.9641085000039311
18	3	-5.914856749994215
18	3	-5.776075499990839
18	3	-5.507231749987113
18	3	-5.207419250000385
18	3	-5.161075500000152
18	3	-4.957262999989325
18	3	-4.697012999997241
18	3	-4.106950499990489
18	3	-3.985637999998289
18	3	-3.7758889999968233
18	3	-3.611076499990304
18	3	-3.583857749996241
18	3	-3.317388999988907
18	3	-3.2786077499913517
18	3	-3.080357749990071
18	3	-3.0675452499999665
18	3	-2.9552639999892563
18	3	-2.9099514999979874
18	3	-2.900138999990304
18	3	-2.7340452499920502
18	3	-2.6928577499929816
18	3	-2.4224827500001993
18	3	-2.4126077499968233
18	3	-2.3875452499923995
18	3	-1.9783889999962412
18	3	-1.6557639999955427
18	3	-1.414732749995892
18	3	-1.1993899999943096
18	3	-1.0884837499907007
18	3	-1.0129212500032736
18	3	0.17917250000755303
18	3	0.2973599999968428
18	3	0.43304750000243075
18	3	0.6465475000004517
18	3	0.7807662499981234
18	3	0.8341099999961443
18	3	1.1078600000037113
18	3	1.4024527500005206
18	3	1.6330152500013355
18	3	1.8720464999933029
18	4	-5.952262749997317
18	4	-5.758981499995571
18	4	-5.56835649999266
18	4	-5.407637749987771
18	4	-5.26757524999266
18	4	-5.137106499998481
18	4	-4.876200250000693
18	4	-4.8308252499991795
18	4	-4.828637749989866
18	4	-4.628075249987887
18	4	-4.57673149999755
18	4	-4.093731499990099
18	4	-3.9805127500003437
18	4	-3.6028574999945704
18	4	-3.1093574999977136
18	4	-3.0372950000019046
18	4	-3.031669999996666
18	4	-2.9358262500027195
18	4	-2.7447324999957345
18	4	-2.5935137499909615
18	4	-2.427326249991893
18	4	-1.9563887499971315
18	4	-1.5984199999948032
18	4	-1.567451249997248
18	4	-1.2993584999931045
18	4	-0.9964210000034655
18	4	-0.3068585000000894
18	4	-0.17376474999764469
18	4	-0.16842099999485072
18	4	-0.13451474999601487
18	4	-0.022077250003349036
18	4	0.0653290000045672
18	4	0.46711024999967776
18	4	0.644766500001424
18	4	0.7946102499990957
18	4	0.96364149999863
18	4	1.0482665000017732
18	4	1.1795154999999795
18	4	1.5960155000066152
18	4	1.6504529999947408
18	4	1.892859250001493
18	5	-5.5865130000020145
18	5	-5.417169249994913
18	5	-5.054887999998755
18	5	-4.958075499991537
18	5	-4.948512999995728
18	5	-4.857231749992934
18	5	-4.751013000000967
18	5	-4.636075499991421
18	5	-4.4462004999950295
18	5	-4.188262999989092
18	5	-3.2974202500045067
18	5	-2.5038265000039246
18	5	-2.446513999995659
18	5	-2.1261389999999665
18	5	-1.9799827499955427
18	5	-1.9089202500035753
18	5	-1.5890139999974053
18	5	-1.5584827499988023
18	5	-1.5182952500035753
18	5	-1.4233577499981038
18	5	-1.4159514999919338
18	5	-1.385045250004623
18	5	-1.2657650000037393
18	5	-1.1594212500058347
18	5	-1.1231399999960558
18	5	-0.9707337500003632
18	5	-0.7213900000060676
18	5	-0.7167337499995483
18	5	-0.5543274999945424
18	5	-0.52242125000339
18	5	-0.16320249999989755
18	5	0.49245375000464264
18	5	0.7167975000047591
18	5	1.4121089999971446
18	5	1.4352027499990072
18	5	1.7209215000038967
18	5	1.9032652500027325
18	5	1.9752339999977266
18	6	-5.6674507499847095
18	6	-5.466981999983545
18	6	-5.322794499996235
18	6	-5.254763249991811
18	6	-5.240919499992742
18	6	-4.947575749989483
18	6	-4.889356999992742
18	6	-4.726575749984477
18	6	-4.6518257499847095
18	6	-4.4746069999964675
18	6	-4.320294499993906
18	6	-4.010450749992742
18	6	-3.737014249985805
18	6	-3.279576749991975
18	6	-3.1164829999906942
18	6	-3.0739829999947688
18	6	-2.815389249997679
18	6	-2.8095767499908106
18	6	-2.5319204999977956
18	6	-2.2337017499958165
18	6	-2.198576749986387
18	6	-2.038732999993954
18	6	-1.85742049998953
18	6	-1.8100767499854555
18	6	-1.626420499989763
18	6	-1.4882017499912763
18	6	-1.433076749992324
18	6	-1.1231089999928372
18	6	-1.0446714999998221
18	6	-0.8168277499935357
18	6	-0.4998277499980759
18	6	-0.32329649999155663
18	6	-0.02776524999353569
18	6	-0.023577749991090968
18	6	0.055266000010306016
18	6	0.12354725001205225
18	6	0.20476600000984035
18	6	0.42801600000530016
18	6	0.7108284999994794
18	6	1.0389847500046017
18	6	1.0906410000025062
18	6	1.1941722500050673
18	6	1.3558275000104913
18	6	1.4816712500032736
18	6	1.914077499997802
18	7	-5.947544000009657
18	7	-5.776169000004302
18	7	-5.630919000002905
18	7	-5.525262750001275
18	7	-5.440075250007794
18	7	-5.072887750007794
18	7	-4.930325250010355
18	7	-4.8173565000033705
18	7	-4.699512749997666
18	7	-4.538637749996269
18	7	-4.257481499997084
18	7	-4.141075250008726
18	7	-3.971357500005979
18	7	-3.477295000004233
18	7	-3.18504500000563
18	7	-3.084951249998994
18	7	-2.7116075000085402
18	7	-2.6288575000071432
18	7	-2.573107500007609
18	7	-2.557701249999809
18	7	-2.3971700000111014
18	7	-2.3602012500050478
18	7	-2.3390762500057463
18	7	-2.1565450000052806
18	7	-1.976388750001206
18	7	-1.9097949999995762
18	7	-1.8566074999980628
18	7	-1.7671075000107521
18	7	-0.8487960000056773
18	7	-0.7672022500046296
18	7	-0.5352960000018356
18	7	-0.3749522500002058
18	7	-0.035671000005095266
18	7	0.06714149999606889
18	7	0.336266499987687
18	7	0.9103280000126688
18	7	1.648109250003472
18	7	1.9436717500066152
18	8	-5.763044249993982
18	8	-5.445731749990955
18	8	-5.280575499986298
18	8	-5.201044249988627
18	8	-4.649887999999919
18	8	-4.512575499989907
18	8	-4.266887999998289
18	8	-3.773388999994495
18	8	-3.7147639999893727
18	8	-3.677888999998686
18	8	-3.563201500001014
18	8	-3.418357749993447
18	8	-3.2773577499901876
18	8	-3.134420249989489
18	8	-3.037076499997056
18	8	-2.8491077499929816
18	8	-2.5238577499985695
18	8	-2.295482749992516
18	8	-2.117857749995892
18	8	-1.903232749988092
18	8	-0.7946087500022259
18	8	-0.4557337500009453
18	8	-0.3179837499919813
18	8	-0.21057749999454245
18	8	-0.2014212499925634
18	8	0.0300474999967264
18	8	0.23864125000545755
18	8	0.30323499999940395
18	8	0.41429749999952037
18	8	0.7976412499992875
18	8	0.8516099999978906
18	8	0.9569849999970756
18	8	1.0905464999959804
18	8	1.2257340000069235
18	8	1.5589840000029653
18	8	1.7773589999997057
18	8	1.7934839999943506
18	9	-5.6672004999854835
18	9	-5.626700499997241
18	9	-5.598981749993982
18	9	-5.56691924999177
18	9	-5.109825499996077
18	9	-4.873200499991071
18	9	-4.729575499994098
18	9	-4.208825499983504
18	9	-4.028575499993167
18	9	-3.7662004999874625
18	9	-3.7354504999966593
18	9	-3.625606749992585
18	9	-3.4309514999913517
18	9	-2.9696702499932144
18	9	-2.9107639999856474
18	9	-2.903232749988092
18	9	-2.8964827499876264
18	9	-2.784701499986113
18	9	-2.1747639999957755
18	9	-2.1012639999971725
18	9	-2.069326499986346
18	9	-2.0166702499991516
18	9	-1.8759514999983367
18	9	-1.8300139999919338
18	9	-1.811232749998453
18	9	-1.7941389999905368
18	9	-1.6564827499969397
18	9	-0.9516399999847636
18	9	-0.921046249975916
18	9	-0.6527649999770802
18	9	-0.46998374997929204
18	9	0.06426625001768116
18	9	0.3599225000216393
18	9	0.5597975000273436
18	9	0.6095475000183797
18	9	0.6552350000129081
18	9	1.0870475000265287
18	9	1.2034225000243168
18	9	1.4813277500215918
18	9	1.7099215000198456
18	9	1.7678902500192635
18	10	-5.689451250000275
18	10	-5.551201249996666
18	10	-5.469263749997481
18	10	-5.026169999997364
18	10	-4.902170000001206
18	10	-4.669326250004815
18	10	-4.566044999999576
18	10	-3.9942012499959674
18	10	-3.722701250007958
18	10	-3.4093887500057463
18	10	-3.233639750003931
18	10	-2.294296000007307
18	10	-2.289139750006143
18	10	-2.238139749999391
18	10	-1.7589835000107996
18	10	-1.5832647500064922
18	10	-1.4196710000105668
18	10	-1.1955147499975283
18	10	-0.7596720000001369
18	10	-0.5669845000084024
18	10	-0.4747032500017667
18	10	-0.016890750004677102
18	10	-0.010578250003163703
18	10	0.573577999995905
18	10	0.6084842499985825
18	10	0.6338904999865917
18	10	0.6595467499864753
18	10	0.6623592499963706
18	10	0.7653592499991646
18	10	0.94498424998892
18	10	1.0705779999989318
18	10	1.2986717499879887
18	10	1.3526092499960214
18	10	1.4966717499919469
18	10	1.7621394999878248
18	10	1.9380769999843324
18	11	-5.789919500020915
18	11	-5.710513250014628
18	11	-5.480138250015443
18	11	-5.399357000016607
18	11	-5.370575750013813
18	11	-5.352575750017422
18	11	-5.334638250016724
18	11	-5.2038570000149775
18	11	-5.052888250022079
18	11	-4.919700750018819
18	11	-4.8828257500135805
18	11	-4.873638250021031
18	11	-4.81660700001521
18	11	-4.538638250014628
18	11	-4.366294500010554
18	11	-4.13732575000904
18	11	-4.029950750016724
18	11	-4.009419500012882
18	11	-3.9622632500104373
18	11	-3.6687007500149775
18	11	-3.243639250023989
18	11	-3.2345455000177026
18	11	-3.090576750022592
18	11	-2.883858000015607
18	11	-2.694514250018983
18	11	-2.6012330000230577
18	11	-2.597264250012813
18	11	-2.513764250019449
18	11	-2.306639250018634
18	11	-2.054920500013395
18	11	-1.9836392500146758
18	11	-1.8334205000137445
18	11	-1.6797642500168877
18	11	-1.6668267500208458
18	11	-1.661514250023174
18	11	-1.6237642500200309
18	11	-1.5425767500128131
18	11	-1.2677330000151414
18	11	-1.1363580000179354
18	11	-1.0602955000213115
18	11	-1.0245142500207294
18	11	-0.9166090000071563
18	11	-0.8585152500018012
18	11	-0.5247965000016848
18	11	0.025984749998315237
18	11	0.2105159999919124
18	11	0.29579725000075996
18	11	0.31351599999470636
18	11	0.41798474999086466
18	11	0.5912660000030883
18	11	0.757359750001342
18	11	0.7860784999938915
18	11	0.8623597499972675
18	11	0.981140999996569
18	11	1.2220159999997122
18	11	1.4930784999887692
18	11	1.7396087499946589
18	11	1.7620774999959394
18	11	1.7783899999922141
18	11	1.784327499990468
18	12	-5.932887750008376
18	12	-5.840544000006048
18	12	-5.597981500002788
18	12	-5.450512750001508
18	12	-5.1847012500074925
18	12	-4.715201250000973
18	12	-4.421607500000391
18	12	-4.282388749998063
18	12	-4.149263750005048
18	12	-4.003201250001439
18	12	-3.8786700000055134
18	12	-3.768420000007609
18	12	-3.615263750005397
18	12	-3.249607500009006
18	12	-3.18054500001017
18	12	-3.1448887500009732
18	12	-3.1156075000035344
18	12	-2.84885850000137
18	12	-2.8098585000116145
18	12	-2.4550772500078892
18	12	-2.322952250004164
18	12	-2.11817100000917
18	12	-1.8310147500014864
18	12	-1.6641710000112653
18	12	-1.4394522500078892
18	12	-1.4356397500087041
18	12	-1.0986709999997402
18	12	-1.0779210000036983
18	12	-0.9707022500078892
18	12	-0.5439210000040475
18	12	-0.4876710000098683
18	12	-0.4750460000068415
18	12	-0.35757825001201127
18	12	-0.1876720000145724
18	12	-0.002797000008285977
18	12	0.42435924999881536
18	12	0.7648592499899678
18	12	0.8532967499922961
18	12	0.980859249990317
18	12	1.2117967499943916
18	12	1.2878279999858933
18	12	1.3037654999934603
18	12	1.4811092499876395
18	12	1.742984249998699
18	12	1.794077999991714
18	12	1.8738279999961378
18	12	1.9698904999968363
18	13	-5.933450750002521
18	13	-5.83770075000939
18	13	-5.778107000005548
18	13	-5.471763250010554
18	13	-5.436700750011369
18	13	-5.291700750007294
18	13	-5.264607000004617
18	13	-5.221950749997632
18	13	-4.974857000008342
18	13	-4.893638250010554
18	13	-4.882170500000939
18	13	-4.016139250001288
18	13	-3.883451750007225
18	13	-3.719045500009088
18	13	-3.5966705000028014
18	13	-3.561451750007109
18	13	-3.413451750006061
18	13	-3.1045767500036163
18	13	-2.902639250009088
18	13	-2.5754830000078073
18	13	-2.49701425000967
18	13	-2.004452749999473
18	13	-1.8716714999900432
18	13	-1.623608999987482
18	13	-1.4209215000009863
18	13	-1.4063590000005206
18	13	-1.3045152499980759
18	13	-1.2999527499923715
18	13	-1.0221089999977266
18	13	-0.8706089999905089
18	13	-0.8534214999963297
18	13	-0.8067964999936521
18	13	-0.6761089999927208
18	13	-0.3178277499973774
18	13	-0.042515249995631166
18	13	0.048672250006347895
18	13	0.31014000000141095
18	13	0.42023375000280794
18	13	0.4849525000026915
18	13	0.7632962500065332
18	13	0.9481087500025751
18	13	1.1266712500073481
18	13	1.2427962500078138
18	13	1.3580150000052527
18	13	1.4774837500008289
18	13	1.6931400000030408
18	13	1.879639999999199
18	14	-5.938700499988045
18	14	-5.788762999989558
18	14	-5.576856749990839
18	14	-5.51223174999177
18	14	-5.396700499986764
18	14	-4.972669249997125
18	14	-4.7793567499902565
18	14	-4.499107749987161
18	14	-4.421701499988558
18	14	-4.283263999997871
18	14	-4.15238899999531
18	14	-3.895701499990537
18	14	-3.7532952499896055
18	14	-3.4488264999963576
18	14	-3.4100452499988023
18	14	-3.32367024999985
18	14	-3.2949514999927487
18	14	-2.9962014999910025
18	14	-2.783982749999268
18	14	-2.623013999997056
18	14	-2.5895139999920502
18	14	-2.553513999999268
18	14	-2.191763999988325
18	14	-1.9758274999912828
18	14	-1.8214212499879068
18	14	-1.6909524999937275
18	14	-1.5564212499884889
18	14	-1.49938999999722
18	14	-1.2928899999969872
18	14	-1.117077499991865
18	14	-0.9325774999888381
18	14	-0.8901712499937275
18	14	-0.47601499999291264
18	14	-0.25754624999535736
18	14	0.44507775000238325
18	14	0.6292652499978431
18	14	0.6364215000066906
18	14	0.6879215000080876
18	14	0.6928590000024997
18	14	0.9138277500023833
18	14	1.0085465000011027
18	14	1.0448902500065742
18	14	1.154859000002034
18	14	1.3856090000044787
18	14	1.4765777499997057
18	14	1.6489839999994729
18	14	1.8293277500051772
18	14	1.9539840000070399
18	15	-5.7171999999991385
18	15	-5.510543750002398
18	15	-5.49945000000298
18	15	-5.491856250009732
18	15	-5.360856250001234
18	15	-5.274325000005774
18	15	-4.905356250004843
18	15	-4.875887500005774
18	15	-4.794043750007404
18	15	-4.614887500007171
18	15	-4.368013499988592
18	15	-4.326075999983004
18	15	-4.008075999983703
18	15	-3.947669749992201
18	15	-3.598982249983237
18	15	-3.497325999996974
18	15	-3.1863259999954607
18	15	-3.053732249987661
18	15	-2.924325999993016
18	15	-2.811450999986846
18	15	-2.6814509999967413
18	15	-2.492794749996392
18	15	-2.33613849998801
18	15	-2.224794749985449
18	15	-2.197950999994646
18	15	-2.0892634999909205
18	15	-2.013514499994926
18	15	-1.5783269999956246
18	15	-1.43392074998701
18	15	-1.2246707499871263
18	15	-1.2067957499966724
18	15	-1.1506394999887561
18	15	-0.8289207499910844
18	15	-0.6321082499925978
18	15	-0.5997332499973709
18	15	-0.5916707499854965
18	15	-0.20429574999434408
18	15	-0.031170749993179925
18	15	0.030954250003560446
18	15	0.09054800000740215
18	15	0.19823550000728574
18	15	0.2999230000132229
18	15	0.3244542500033276
18	15	0.4555157499999041
18	15	0.6034845000103815
18	15	0.7430470000108471
18	15	0.8512345000053756
18	15	0.9254532500053756
18	15	1.5660470000002533
18	15	1.717640750008286
18	16	-5.865107000005082
18	16	-5.703607000003103
18	16	-5.444357000000309
18	16	-5.274606999999378
18	16	-5.074982000005548
18	16	-4.998825749993557
18	16	-4.775733000002219
18	16	-4.4719829999958165
18	16	-4.097233000007691
18	16	-4.0692330000019865
18	16	-3.932232999999542
18	16	-3.821232999995118
18	16	-3.8084517499955837
18	16	-3.714858000006643
18	16	-3.710826750000706
18	16	-3.6050142500025686
18	16	-3.3812330000073416
18	16	-3.1910767500085058
18	16	-3.1286704999947688
18	16	-2.969576749994303
18	16	-2.8978892500017537
18	16	-2.767076749994885
18	16	-2.576889250005479
18	16	-2.572857999999542
18	16	-2.550795500006643
18	16	-2.536795499996515
18	16	-2.4112027500086697
18	16	-2.2795777499995893
18	16	-2.257015249997494
18	16	-1.4924215000064578
18	16	-1.1077340000047116
18	16	-1.0466402500023833
18	16	-0.8228590000071563
18	16	-0.675827750004828
18	16	-0.6235152500012191
18	16	-0.4592652499995893
18	16	-0.28254650000599213
18	16	-0.0873589999973774
18	16	-0.0726402500004042
18	16	0.06032749998848885
18	16	0.36382749999756925
18	16	0.3806087499979185
18	16	0.4087337499950081
18	16	0.4850774999940768
18	16	0.8226087499933783
18	16	0.93688999999722
18	16	1.060546249995241
18	16	1.178452499996638
18	16	1.338921249989653
18	16	1.4230774999887217
18	16	1.4658899999922141
18	16	1.6113587500003632
18	16	1.7077024999889545
18	16	1.753389999998035
18	16	1.7926087499945424
18	16	1.8731712500011781
18	17	-5.824355999997351
18	17	-5.60751225000422
18	17	-5.484949749996304
18	17	-5.341356999982963
18	17	-5.247231999979704
18	17	-5.242481999986921
18	17	-5.140731999985292
18	17	-5.06941949998145
18	17	-4.9054194999916945
18	17	-4.778013249990181
18	17	-4.435325749989715
18	17	-4.048419499988086
18	17	-3.9876694999838946
18	17	-3.3614507499878528
18	17	-3.176731999992626
18	17	-2.992638249983429
18	17	-2.334795499991742
18	17	-2.1070142499957
18	17	-1.8857017499831272
18	17	-1.7538579999818467
18	17	-1.7254829999874346
18	17	-1.5481704999838257
18	17	-1.3401079999894137
18	17	-1.1722954999859212
18	17	-0.6860767499892972
18	17	-0.41263924998929724
18	17	-0.32539024998550303
18	17	0.18132850000984035
18	17	0.45695350000460166
18	17	0.7471410000143806
18	17	0.7898285000119358
18	17	0.8699847500101896
18	17	0.893984750015079
18	17	0.9391722500149626
18	17	1.2370785000093747
18	17	1.3820785000134492
18	17	1.4166722500085598
18	17	1.5161410000146134
18	17	1.7172035000112373
18	17	1.8205472500121687
18	17	1.8910472500137985
18	18	-5.8499810000066645
18	18	-5.319887249992462
18	18	-5.163294500001939
18	18	-5.153231999996933
18	18	-5.05570075000287
18	18	-4.956982000003336
18	18	-4.71310700000322
18	18	-4.695450750004966
18	18	-4.648013250000076
18	18	-4.135950750001939
18	18	-3.9692632500082254
18	18	-3.7875444999954198
18	18	-3.66957574999833
18	18	-3.3374820000026375
18	18	-2.9927944999944884
18	18	-2.771638250007527
18	18	-2.5417642500106012
18	18	-2.4865767500014044
18	18	-2.3643580000061775
18	18	-1.4554205000022193
18	18	-1.4250142500095535
18	18	-1.4014830000087386
18	18	-1.3832330000004731
18	18	-1.361326750004082
18	18	-1.113483000008273
18	18	-0.8930455000081565
18	18	-0.7781392500037327
18	18	-0.3847329999989597
18	18	-0.3059517500078073
18	18	-0.24248300000908785
18	18	-0.19310899999982212
18	18	-0.04510899999877438
18	18	0.061516000001574866
18	18	0.1343909999995958
18	18	0.21660975000122562
18	18	0.749234749993775
18	18	0.760328499993193
18	18	0.9423597499990137
18	18	0.9897659999987809
18	18	1.3784222499962198
18	18	1.4737972500006435
18	18	1.4844535000011092
18	18	1.61220350000076
18	18	1.6453284999879543
18	18	1.7755784999899333
18	18	1.9426410000014585
18	19	-5.822981749995961
18	19	-5.641169249996892
18	19	-5.531637999985833
18	19	-5.385450499990839
18	19	-5.289700499997707
18	19	-5.051950499997474
18	19	-4.925669249991188
18	19	-4.59401399998751
18	19	-4.398451499990188
18	19	-4.356951499998104
18	19	-4.328607749994262
18	19	-4.3200139999971725
18	19	-4.174732749990653
18	19	-4.063576499989722
18	19	-3.979482749986346
18	19	-3.6346702499868115
18	19	-3.5531702499865787
18	19	-3.3021389999921666
18	19	-3.1532014999975218
18	19	-3.1225139999878593
18	19	-2.7365452499943785
18	19	-2.622201499994844
18	19	-2.416888999985531
18	19	-2.2240774999954738
18	19	-2.194608749996405
18	19	-2.0433587500010617
18	19	-1.987452499990468
18	19	-1.8412649999954738
18	19	-1.7630462499946589
18	19	-1.1448899999959394
18	19	-0.9667649999901187
18	19	-0.4811712499940768
18	19	0.36367150000296533
18	19	0.6820777500106487
18	19	0.7867340000084369
18	19	0.8604215000086697
18	19	1.3266715000063414
18	19	1.4617652500019176
18	19	1.504265249997843
18	19	1.534077750009601
18	19	1.7399839999998221
18	19	1.953483999997843
18	20	-5.843075249998947
18	20	-5.401387749996502
18	20	-5.28007524998975
18	20	-5.24863774998812
18	20	-4.9835752499930095
18	20	-4.825419000000693
18	20	-4.564263749998645
18	20	-4.286169999992126
18	20	-4.149794999990263
18	20	-4.01670125000237
18	20	-3.8368574999913108
18	20	-3.793107499994221
18	20	-3.679107499992824
18	20	-3.553576249993057
18	20	-3.4864824999967823
18	20	-3.3339512499951525
18	20	-3.0047012499999255
18	20	-2.831951250002021
18	20	-2.477201249988866
18	20	-1.9451085000036983
18	20	-1.8634210000018356
18	20	-1.391108499999973
18	20	-1.228889749996597
18	20	-0.6315147499990417
18	20	-0.4752334999939194
18	20	-0.30360849999124184
18	20	0.11876650000340305
18	20	0.31092175001685973
18	20	0.5537342500174418
18	20	0.6862967500201194
18	20	0.7277967500122031
18	20	0.8678592500218656
18	20	1.0469842500169761
18	20	1.0609217500168597
18	20	1.2524842500133673
18	20	1.2620780000142986
18	20	1.5200155000202358
18	21	-5.8254195000045
18	21	-5.594325750003918
18	21	-5.4607319999922765
18	21	-5.366232000000309
18	21	-5.217544500002987
18	21	-5.1770132499950705
18	21	-5.00570074999996
18	21	-4.43966950000322
18	21	-3.9365142500028014
18	21	-3.617889250002918
18	21	-3.4766079999972135
18	21	-3.2594205000059446
18	21	-3.241264249998494
18	21	-2.98160800000187
18	21	-2.7362642499938374
18	21	-2.3041392500017537
18	21	-2.1819205000065267
18	21	-2.1719204999972135
18	21	-2.034826749993954
18	21	-1.780171499995049
18	21	-1.712734000000637
18	21	-1.4585464999981923
18	21	-1.2201090000016848
18	21	-1.2031402499997057
18	21	-1.1032965000049444
18	21	-1.0558277499949327
18	21	-0.9282340000063414
18	21	-0.8257339999981923
18	21	-0.7142027500085533
18	21	-0.6485777500056429
18	21	-0.31685899999865796
18	21	-0.07432775000052061
18	21	0.09832849999656901
18	21	0.4418909999949392
18	21	0.48389099999621976
18	21	0.5851712500007125
18	21	0.9245775000017602
18	21	1.0054837499919813
18	21	1.1252962500002468
18	21	1.2117962499905843
18	21	1.3224212499917485
18	21	1.4668587499909336
18	21	1.5688274999993155
18	21	1.6989524999953574
18	21	1.8093587499897694
18	21	1.8429524999955902
18	22	-5.591669000001275
18	22	-5.479543999987072
18	22	-5.225668999992195
18	22	-5.186356499994872
18	22	-4.724668999988353
18	22	-4.685762749999412
18	22	-4.4629189999977825
18	22	-4.402325249990099
18	22	-4.369106499987538
18	22	-4.163169999999809
18	22	-3.7392949999921257
18	22	-3.604451249993872
18	22	-3.3645137499988778
18	22	-3.2024512499920093
18	22	-3.0952637500013225
18	22	-2.651138749992242
18	22	-2.4616387499991106
18	22	-2.311701250000624
18	22	-1.7160772499919403
18	22	-1.5144522500049789
18	22	-1.2577334999950835
18	22	-0.45195225000497885
18	22	-0.35820225000497885
18	22	-0.26123350000125356
18	22	-0.2041084999946179
18	22	-0.19001474999822676
18	22	0.003953999999794178
18	22	0.12520399999630172
18	22	0.5302352500002598
18	22	0.6211092500161612
18	22	0.6874217500153463
18	22	0.696953000020585
18	22	0.7314217500097584
18	22	0.8636717500194209
18	22	0.916828000015812
18	22	0.949921750012436
18	22	0.957734250012436
18	22	1.017671750014415
18	22	1.0807655000098748
18	22	1.182359250014997
18	22	1.2228280000126688
18	22	1.3929217500117375
18	22	1.57676550000906
18	22	1.6351405000168597
18	22	1.9024217500118539
18	23	-5.951950749993557
18	23	-5.6859507499902975
18	23	-5.6535757499950705
18	23	-5.55301324998436
18	23	-5.5492319999902975
18	23	-5.339388249994954
18	23	-5.246169499994721
18	23	-5.2090757499827305
18	23	-5.203200749994721
18	23	-5.19851324998308
18	23	-5.145325749981566
18	23	-4.866638249994139
18	23	-4.747294499989948
18	23	-4.653294499992626
18	23	-4.5183882499841275
18	23	-4.435263249994023
18	23	-4.036576749989763
18	23	-3.9927329999918584
18	23	-3.9867017499927897
18	23	-3.98220174999733
18	23	-3.8739204999874346
18	23	-3.4775142499856884
18	23	-3.3499829999927897
18	23	-3.2999829999898793
18	23	-3.0733579999941867
18	23	-2.8513892499904614
18	23	-2.7353579999908106
18	23	-2.6589829999866197
18	23	-2.519232999984524
18	23	-2.421139249985572
18	23	-2.2971079999842914
18	23	-2.2437954999913927
18	23	-2.117076749986154
18	23	-1.8818579999933718
18	23	-1.7420152499980759
18	23	-1.6881714999908581
18	23	-1.6385464999912074
18	23	-1.0759839999955148
18	23	-0.8116402499872493
18	23	-0.7234839999873657
18	23	-0.4059527499921387
18	23	-0.32910899999842513
18	23	-0.14126524998573586
18	23	-0.012921499990625307
18	23	0.03551600000355393
18	23	0.3448597500100732
18	23	0.4298597500019241
18	23	0.5639535000082105
18	23	0.5882347500009928
18	23	0.6442660000029719
18	23	0.7501400000037393
18	23	0.8113900000025751
18	23	0.9780775000108406
18	23	1.083890000008978
18	23	1.1755150000099093
18	23	1.5203275000094436
18	23	1.5496400000120047
18	23	1.6947962500125868
18	23	1.8721087500016438
18	23	1.9348587499989662
18	24	-5.858044250009698
18	24	-5.767544250018545
18	24	-5.537481750012375
18	24	-5.416044250014238
18	24	-5.313731750022271
18	24	-5.221794250013772
18	24	-4.991981750019477
18	24	-4.916513000018313
18	24	-4.775388000009116
18	24	-4.755575500021223
18	24	-4.479419250012143
18	24	-4.280075500020757
18	24	-4.1370452500123065
18	24	-3.705982750019757
18	24	-3.679951500016614
18	24	-3.5225140000111423
18	24	-3.406107750022784
18	24	-3.234545250015799
18	24	-2.882764000023599
18	24	-2.7679202500148676
18	24	-2.712139000024763
18	24	-2.537389000019175
18	24	-2.360264000017196
18	24	-2.247607750017778
18	24	-2.1242952500178944
18	24	-1.9048577500216197
18	24	-1.5904212500026915
18	24	-1.444796249998035
18	24	-1.3276400000031572
18	24	-1.2643900000111898
18	24	-1.0377962500060676
18	24	-0.9067650000069989
18	24	-0.7291087500052527
18	24	-0.6863587500120047
18	24	-0.4105462500010617
18	24	0.1543600000004517
18	24	0.22151624999241903
18	24	0.2277662499982398
18	24	0.4291724999930011
18	24	0.4322662499907892
18	24	0.45204749998811167
18	24	1.0313277499953983
18	24	1.140358999997261
18	24	1.3118902499991236
18	24	1.4766714999859687
18	24	1.7525464999926044
18	24	1.8039214999880642
18	24	1.810171499993885
18	24	1.873077749987715
18	25	-5.94663775000663
18	25	-5.772293999994872
18	25	-5.223731499994756
18	25	-5.207106500005466
18	25	-5.172637750001741
18	25	-5.087731499996153
18	25	-4.440793999994639
18	25	-4.195106500003021
18	25	-3.86151274999429
18	25	-3.760013749997597
18	25	-3.6591075000033015
18	25	-3.473513749995618
18	25	-3.225138750000042
18	25	-3.174451250000857
18	25	-2.9065450000052806
18	25	-2.8776387499965494
18	25	-2.842763749998994
18	25	-2.8048574999993434
18	25	-2.6888887499953853
18	25	-2.5790450000058627
18	25	-2.411013749995618
18	25	-2.1934199999959674
18	25	-1.8223575000010896
18	25	-1.7870762500097044
18	25	-1.6366700000071432
18	25	-1.537763750005979
18	25	-1.055264750000788
18	25	-0.9086085000017192
18	25	-0.8857022500014864
18	25	-0.7479834999976447
18	25	-0.615827250003349
18	25	-0.5673897500091698
18	25	-0.39704599999822676
18	25	-0.36501475000113714
18	25	-0.27257724999799393
18	25	-0.2562960000068415
18	25	-0.14907725001103245
18	25	-0.024546000000555068
18	25	0.023078999991412275
18	25	0.5785789999936242
18	25	0.7134852500021225
18	25	0.9067977499944391
18	25	1.0599852500017732
18	25	1.2516717499966035
18	25	1.2615154999948572
18	25	1.5241717499884544
18	25	1.60514049998892
18	25	1.6368592499929946
18	25	1.763952999986941
18	25	1.8009842499886872
18	25	1.9816404999874067
18	26	-5.964137500006473
18	26	-5.881606249997276
18	26	-5.655668749997858
18	26	-5.5869499999971595
18	26	-5.388325000007171
18	26	-5.265574999997625
18	26	-4.983449999999721
18	26	-4.942668749994482
18	26	-4.811576000007335
18	26	-4.553326000008383
18	26	-4.480732249998255
18	26	-4.300419749997673
18	26	-4.233982250007102
18	26	-4.21088850000524
18	26	-4.071013499997207
18	26	-4.01988849999907
18	26	-3.9308572500012815
18	26	-3.875607249996392
18	26	-3.5831072500004666
18	26	-3.4164509999973234
18	26	-3.1545447499956936
18	26	-2.819794750001165
18	26	-2.7484822499973234
18	26	-2.4828572499973234
18	26	-2.46873224999581
18	26	-2.3753572499990696
18	26	-2.1807019999832846
18	26	-1.8643582499935292
18	26	-1.742826999994577
18	26	-1.5939519999956246
18	26	-1.42551449999155
18	26	-1.0382957499969052
18	26	-0.8921394999924814
18	26	-0.8019832499849144
18	26	-0.4382332499953918
18	26	-0.3061394999967888
18	26	-0.14823324998724274
18	26	-0.017858249993878417
18	26	0.12164175001089461
18	26	0.369578250014456
18	26	0.7389532500092173
18	26	0.8192657500039786
18	26	0.9286720000091009
18	26	0.9985782500152709
18	26	1.1939845000015339
18	26	1.2338595000037458
18	26	1.3506095000047935
18	26	1.5596095000073547
18	26	1.7044220000097994
18	26	1.7932345000153873
18	26	1.9928595000092173
18	27	-5.877293750003446
18	27	-5.571668750009849
18	27	-5.294668750007986
18	27	-5.279012500002864
18	27	-5.10179375000007
18	27	-4.551451000006637
18	27	-4.390919750003377
18	27	-4.220544750001864
18	27	-3.9966385000006994
18	27	-3.958357250012341
18	27	-3.638669750012923
18	27	-3.513263500004541
18	27	-3.462357250013156
18	27	-3.443857250007568
18	27	-3.390919750003377
18	27	-3.3310447500116425
18	27	-3.1487010000128066
18	27	-3.0311697500001173
18	27	-2.9913885000132723
18	27	-2.8255760000029113
18	27	-2.622857250011293
18	27	-2.6045760000124574
18	27	-2.357919750007568
18	27	-2.2194197500066366
18	27	-2.0497645000141347
18	27	-1.9334520000120392
18	27	-1.8466395000141347
18	27	-1.4857957500062184
18	27	-1.3667332500044722
18	27	-1.217358250010875
18	27	-1.1522957500128541
18	27	-0.21313950000330806
18	27	-0.13973325000551995
18	27	-0.020014500012621284
18	27	0.09845424999366514
18	27	0.39754699998593424
18	27	0.6460782499925699
18	27	0.864015749990358
18	27	0.9571094999846537
18	27	0.9930782499868656
18	27	1.1795782499830239
18	27	1.5539219999918714
18	27	1.69295324999257
18	27	1.740359499992337
18	27	1.8079219999926863
18	27	1.9079844999941997
18	27	1.9224532499938505
18	28	-5.898575500003062
18	28	-5.72585675001028
18	28	-5.712731750012608
18	28	-5.556075500004226
18	28	-5.413200500013772
18	28	-5.359669250014122
18	28	-5.30810675000248
18	28	-4.999856750015169
18	28	-4.7075130000011995
18	28	-4.4638880000129575
18	28	-4.456200500004343
18	28	-4.292607750016032
18	28	-3.8993890000128886
18	28	-3.6987015000049723
18	28	-3.543232750016614
18	28	-3.1055765000055544
18	28	-2.9778265000059037
18	28	-2.9079202500142856
18	28	-2.515701500014984
18	28	-2.1759202500106767
18	28	-1.7642337500001304
18	28	-1.7402025000046706
18	28	-1.4817337499989662
18	28	-1.298733749994426
18	28	-0.8767024999979185
18	28	-0.8673587499943096
18	28	-0.7591712499997811
18	28	-0.7187025000021094
18	28	-0.6430775000044378
18	28	-0.5222649999923306
18	28	-0.19523374999698717
18	28	-0.10570250000455417
18	28	-0.030483750000712462
18	28	0.982984000002034
18	28	1.1083590000052936
18	28	1.1410152500029653
18	28	1.3822027499991236
18	28	1.4237965000065742
18	28	1.5502965000050608
18	28	1.744483999995282
18	28	1.7576402499980759
18	28	1.7910777500073891
18	29	-5.990356750000501
18	29	-5.912794249990839
18	29	-5.815762999991421
18	29	-5.722262999988743
18	29	-5.541950499988161
18	29	-5.378700499990373
18	29	-5.224919249987579
18	29	-5.064700499991886
18	29	-4.76926299999468
18	29	-4.667387999987113
18	29	-4.366231749998406
18	29	-4.305825499992352
18	29	-4.207607749995077
18	29	-4.118545249992167
18	29	-4.0600452499929816
18	29	-4.009451499994611
18	29	-3.9892952499940293
18	29	-3.659388999993098
18	29	-3.194232750000083
18	29	-2.8532327499997336
18	29	-2.84360774999368
18	29	-2.6661077499884414
18	29	-2.248826499999268
18	29	-2.176857749989722
18	29	-2.167388999994728
18	29	-2.131232749990886
18	29	-1.9871389999898383
18	29	-1.7922952499939129
18	29	-1.7794212500011781
18	29	-1.6582649999909336
18	29	-1.514389999996638
18	29	-1.2862650000024587
18	29	-1.2430774999957066
18	29	-1.2302024999953574
18	29	-1.2180775000015274
18	29	-1.2007962499919813
18	29	-1.031264999997802
18	29	-0.9127024999907007
18	29	-0.8000774999964051
18	29	-0.7972962499916321
18	29	-0.17398374999174848
18	29	-0.05745249999745283
18	29	0.006172499997774139
18	29	0.4367037500051083
18	29	0.7441715000022668
18	29	0.8357027500023833
18	29	0.9279527500038967
18	29	1.006202749995282
18	29	1.1745464999985415
18	29	1.2784527500043623
18	29	1.376171500000055
18	29	1.5346715000050608
18	29	1.5567027500073891
18	29	1.7192652499943506
18	30	-5.980388000010862
18	30	-5.880794250013423
18	30	-5.8448567500163335
18	30	-5.571575500012841
18	30	-5.406575500004692
18	30	-5.3712630000081845
18	30	-5.33170050001354
18	30	-5.283794250004576
18	30	-5.189231750016916
18	30	-5.180950500012841
18	30	-5.175169250011095
18	30	-4.919950500014238
18	30	-4.722919250008999
18	30	-4.3740442500129575
18	30	-4.171763999998802
18	30	-3.6860452499968233
18	30	-3.528139000001829
18	30	-3.117951499996707
18	30	-2.951013999991119
18	30	-2.8732639999943785
18	30	-2.772389000005205
18	30	-2.739795250003226
18	30	-2.465232749993447
18	30	-2.4589827500021784
18	30	-2.3526077499991516
18	30	-2.337326499997289
18	30	-1.9527640000014799
18	30	-1.9403577500052052
18	30	-1.7114837499975692
18	30	-1.6546712499985006
18	30	-1.3208900000026915
18	30	-1.2027649999945424
18	30	-1.147921249998035
18	30	-0.6861087500001304
18	30	-0.638171250000596
18	30	-0.6146087499946589
18	30	-0.5381400000042049
18	30	-0.5203900000051362
18	30	-0.3737025000009453
18	30	-0.340265000006184
18	30	-0.2914524999941932
18	30	-0.22951499999908265
18	30	-0.11170249999850057
18	30	-0.09298375000071246
18	30	0.47720374999335036
18	30	0.5236100000038277
18	30	0.6258912500052247
18	30	0.6481412499997532
18	30	1.4116090000024997
18	30	1.441046499996446
18	30	1.5292027499963297
18	30	1.5800464999920223
18	30	1.6611089999933029
18	30	1.6839214999927208
18	30	1.7770464999921387
18	30	1.8617027500004042
18	30	1.8991402499959804
18	30	1.939077749993885
18	31	-5.78382574999705
18	31	-5.705450749999727
18	31	-5.583606999993208
18	31	-5.046231999993324
18	31	-4.781231999993906
18	31	-4.498388249994605
18	31	-4.492200749999029
18	31	-4.343388249995769
18	31	-4.211513250003918
18	31	-4.208731999999145
18	31	-4.150731999994605
18	31	-4.116825749995769
18	31	-4.016294500004733
18	31	-3.767795499996282
18	31	-3.749389250006061
18	31	-3.545951749998494
18	31	-3.4116705000051297
18	31	-3.384233000004315
18	31	-3.3603267500002403
18	31	-3.168701749993488
18	31	-3.0077642499963986
18	31	-2.9472017499938374
18	31	-2.7349205000064103
18	31	-2.6941392500011716
18	31	-2.6699517499946523
18	31	-2.3666079999966314
18	31	-2.2271080000064103
18	31	-2.065264250006294
18	31	-2.0371392499946523
18	31	-1.9797642500052461
18	31	-1.6245142499974463
18	31	-1.6122955000028014
18	31	-1.3908590000064578
18	31	-1.2214527500036638
18	31	-0.9526089999999385
18	31	-0.6888277499965625
18	31	-0.5747027500037802
18	31	-0.21173399999679532
18	31	0.1275785000034375
18	31	0.17960975000460166
18	31	0.2790160000004107
18	31	0.7758285000018077
18	31	0.8168597500043688
18	31	1.1367962499934947
18	31	1.293483749992447
18	31	1.3557650000002468
18	32	-5.935825749998912
18	32	-5.8299820000102045
18	32	-5.790013250007178
18	32	-5.77013825000904
18	32	-5.518263250007294
18	32	-4.999607000005199
18	32	-4.791732000012416
18	32	-4.525138249999145
18	32	-4.415482000011252
18	32	-4.29376325001067
18	32	-3.9911079999874346
18	32	-3.765326749999076
18	32	-3.555795499996748
18	32	-3.3886392499989597
18	32	-3.1938267499936046
18	32	-3.1551392499968642
18	32	-3.099107999994885
18	32	-2.88063924999733
18	32	-2.5534829999960493
18	32	-2.3033892499952344
18	32	-2.1909517499880167
18	32	-2.1694517500000075
18	32	-2.1074829999997746
18	32	-1.9782329999870853
18	32	-1.7286392499954673
18	32	-1.7234204999986105
18	32	-1.2070464999997057
18	32	-1.0263277499907417
18	32	-0.9910777499899268
18	32	-0.8505464999907417
18	32	-0.7284214999963297
18	32	-0.4583589999965625
18	32	-0.42795274998934474
18	32	-0.2679527500004042
18	32	-0.19967149999865796
18	32	-0.08657775000028778
18	32	-0.04851524998957757
18	32	0.1658597500063479
18	32	0.21348474999831524
18	32	0.27198474999750033
18	32	0.297141000002739
18	32	0.3966097500087926
18	32	0.7239847500022734
18	32	0.7492972500040196
18	32	0.7792035000020405
18	32	0.8352650000015274
18	32	1.2302025000099093
18	32	1.2948587499995483
18	32	1.4764212500012945
18	32	1.5112337500031572
18	32	1.6090150000090944
18	33	-5.880731500001275
18	33	-5.588168999995105
18	33	-5.538325250003254
18	33	-5.479137750007794
18	33	-5.403950249994523
18	33	-5.259981499999412
18	33	-4.961294000007911
18	33	-4.901106499994057
18	33	-4.806137749998015
18	33	-4.143700250002439
18	33	-4.113575249997666
18	33	-3.8518575000052806
18	33	-3.792576250009006
18	33	-3.722670000002836
18	33	-3.702545000007376
18	33	-3.6456387500074925
18	33	-3.5727637500094716
18	33	-3.5132325000013225
18	33	-3.3372637499996927
18	33	-2.9126075000094716
18	33	-2.7191387500060955
18	33	-2.484794999996666
18	33	-2.4092012500041164
18	33	-2.298045000003185
18	33	-2.1802949999982957
18	33	-2.008545000004233
18	33	-1.602107500002603
18	33	-1.4338272500026505
18	33	-1.2631085000029998
18	33	-1.050639749999391
18	33	-0.8203272500104504
18	33	-0.32795225000882056
18	33	-0.2795147500000894
18	33	0.11429774999851361
18	33	0.11967274999187794
18	33	0.12476649999734946
18	33	0.4328289999975823
18	33	0.45311024998954963
18	33	0.4574539999885019
18	33	0.6694227499974659
18	33	0.7994227500021225
18	33	0.8317664999922272
18	33	0.9647352499887347
18	33	1.1767654999857768
18	33	1.4464529999968363
18	33	1.4733279999927618
18	33	1.7212342499988154
18	33	1.783702999993693
18	33	1.7931717499886872
18	33	1.8111092499893857
18	33	1.858421749988338
18	33	1.955359249986941
18	34	-5.990575499992701
18	34	-5.850325499995961
18	34	-5.817575499997474
18	34	-5.804262999983621
18	34	-5.612856749983621
18	34	-5.294419249985367
18	34	-5.102950499989674
18	34	-4.84757549999631
18	34	-4.811356749996776
18	34	-4.794450499990489
18	34	-4.567356749990722
18	34	-4.059356749989092
18	34	-3.9254504999844357
18	34	-3.7196702499932144
18	34	-3.5540764999896055
18	34	-3.55023274999985
18	34	-3.5006389999907697
18	34	-3.217170249990886
18	34	-2.783888999998453
18	34	-2.351107749986113
18	34	-2.2574202499963576
18	34	-2.188482749988907
18	34	-2.120138999991468
18	34	-1.9392327499954263
18	34	-1.810920249990886
18	34	-1.6812014999886742
18	34	-1.578701499995077
18	34	-1.2705774999922141
18	34	-0.9735149999905843
18	34	-0.8664837499964051
18	34	-0.7717337499925634
18	34	-0.4996087499894202
18	34	-0.46107749998918734
18	34	-0.30501499999081716
18	34	-0.18342124999617226
18	34	-0.1234837499941932
18	34	-0.0069524999998975545
18	34	0.5605162499996368
18	34	0.7911725000012666
18	34	0.8408287500060396
18	34	0.9995475000032457
18	34	1.2107340000075055
18	34	1.2995777500036638
18	34	1.37567150000541
18	34	1.6259215000027325
18	34	1.6809527500008699
18	34	1.7795777499995893
18	34	1.8524840000027325
18	34	1.9197340000100667
18	35	-5.964262749999762
18	35	-5.915606500013382
18	35	-5.817825250007445
18	35	-5.745981500003836
18	35	-5.3549815000005765
18	35	-5.330356500009657
18	35	-5.31851275000372
18	35	-5.147356500005117
18	35	-4.895637749999878
18	35	-4.632919000010588
18	35	-4.5751690000033705
18	35	-4.443669000000227
18	35	-4.333887750006397
18	35	-3.9823262500140117
18	35	-3.9652012500009732
18	35	-3.793388750011218
18	35	-3.172326250001788
18	35	-2.785576250011218
18	35	-2.504045000008773
18	35	-2.295888750013546
18	35	-2.2684825000033015
18	35	-2.0259825000102865
18	35	-1.8822012500022538
18	35	-1.7727637500065612
18	35	-1.4214835000166204
18	35	-1.1298897500091698
18	35	-0.9764835000096355
18	35	-0.5512647500145249
18	35	-0.4417647500085877
18	35	-0.15292100001533981
18	35	-0.025452250003581867
18	35	0.04595399998652283
18	35	0.7663602499960689
18	35	0.9373279999999795
18	35	0.9685779999999795
18	35	1.1561092500051018
18	35	1.386796749997302
18	35	1.6811405000044033
18	35	1.7986717500025406
18	35	1.9317967499955557
18	36	-5.777419249992818
18	36	-5.732169249997241
18	36	-5.6102629999950295
18	36	-5.569981749998988
18	36	-5.299731749997591
18	36	-5.199575499995262
18	36	-4.828137999997125
18	36	-4.822950499990839
18	36	-4.793512999996892
18	36	-4.217139000000316
18	36	-4.212138999995659
18	36	-3.725170249992516
18	36	-3.5311389999988023
18	36	-3.3796389999915846
18	36	-3.0590452500036918
18	36	-2.9228264999983367
18	36	-2.6027327500050887
18	36	-2.011451500002295
18	36	-1.5562962499971036
18	36	-1.5255150000011781
18	36	-0.8613274999952409
18	36	-0.7318899999954738
18	36	-0.5855149999988498
18	36	-0.32685875000606757
18	36	-0.30442124999535736
18	36	0.12073500000406057
18	36	0.1366412500065053
18	36	0.26189125000382774
18	36	0.2762349999975413
18	36	0.2957975000026636
18	36	0.536485000004177
18	36	0.7994214999926044
18	36	1.154952750002849
18	36	1.193515249993652
18	36	1.353452750001452
18	36	1.465702749992488
18	36	1.6842652499908581
18	36	1.7143590000050608
18	36	1.7454527499940014
18	36	1.9984215000004042
18	37	-5.811075749996235
18	37	-5.807638250000309
18	37	-5.766200750003918
18	37	-5.738731999997981
18	37	-5.519544499999029
18	37	-5.467294500005664
18	37	-5.375919500002055
18	37	-5.286013250006363
18	37	-5.061075749996235
18	37	-5.042138250006246
18	37	-4.920888249995187
18	37	-4.844638249996933
18	37	-4.800919500004966
18	37	-4.7317007499950705
18	37	-4.574169500003336
18	37	-4.230733000003966
18	37	-4.113576750009088
18	37	-3.991764250007691
18	37	-3.8083580000093207
18	37	-3.6696392500016373
18	37	-3.5542017499974463
18	37	-3.432983000006061
18	37	-3.429983000009088
18	37	-3.3119205000111833
18	37	-3.164889250008855
18	37	-3.0531705000030342
18	37	-3.004232999999658
18	37	-2.929264250007691
18	37	-2.8699205000011716
18	37	-2.593233000006876
18	37	-2.4476080000022193
18	37	-2.204764250011067
18	37	-1.6578902500041295
18	37	-1.5741090000083204
18	37	-1.4188902500027325
18	37	-1.4102965000056429
18	37	-1.0347340000007534
18	37	-0.8527652500051772
18	37	-0.8146402499987744
18	37	-0.6601714999997057
18	37	-0.5181715000071563
18	37	-0.3720152500027325
18	37	-0.25285900000017136
18	37	-0.09170275001088157
18	37	0.2684222499956377
18	37	0.5535472499905154
18	37	0.8017337500059512
18	37	0.8487650000024587
18	37	0.9845775000139838
18	37	1.3337337500124704
18	37	1.7154212500026915
18	37	1.774983750001411
18	37	1.845608750008978
18	38	-5.89663775000372
18	38	-5.776482500004931
18	38	-5.684576250016107
18	38	-5.417607500014128
18	38	-5.025732500012964
18	38	-4.289013750007143
18	38	-4.20770125000854
18	38	-4.040951250004582
18	38	-3.833607500011567
18	38	-3.8039512500108685
18	38	-3.640982500015525
18	38	-3.471857500015176
18	38	-3.4018262500030687
18	38	-3.327671000006376
18	38	-3.1065460000099847
18	38	-2.783483500010334
18	38	-2.607077250009752
18	38	-2.2981397500116145
18	38	-1.9992022500082385
18	38	-1.8080147500149906
18	38	-1.7906397500046296
18	38	-1.7345147500163876
18	38	-1.5567022500181338
18	38	-1.497296000015922
18	38	-0.9178585000045132
18	38	-0.7902970000141067
18	38	-0.7773595000180649
18	38	-0.6194532500085188
18	38	-0.43854700001247693
18	38	-0.193484500006889
18	38	-0.018109500015270896
18	38	0.1294217499817023
18	38	0.25748424998892006
18	38	0.4484529999899678
18	38	0.544796749993111
18	38	1.2644842499867082
18	38	1.381046749986126
18	38	1.4912029999832157
18	38	1.529171749993111
18	38	1.5865467499825172
18	38	1.7375144999823533
18	38	1.889514499984216
18	38	1.9167019999877084
18	39	-5.8955122500046855
18	39	-5.780918500007829
18	39	-5.769324749999214
18	39	-5.73994975000096
18	39	-5.554357000000891
18	39	-5.531107000002521
18	39	-5.350794500001939
18	39	-5.26329450000776
18	39	-5.171888249999029
18	39	-4.941075750000891
18	39	-4.924950750006246
18	39	-4.893888250007876
18	39	-4.85354450000159
18	39	-4.122544500001823
18	39	-4.038357000012184
18	39	-3.8892945000116015
18	39	-3.3512320000008913
18	39	-3.2197632500028703
18	39	-3.1847945000045
18	39	-3.0621392499888316
18	39	-2.9708267499954673
18	39	-2.6286704999947688
18	39	-2.5566079999989597
18	39	-2.4413579999963986
18	39	-2.1594517499906942
18	39	-2.0964517499960493
18	39	-2.0202954999986105
18	39	-1.673920499990345
18	39	-1.4320767499884823
18	39	-1.3512329999939539
18	39	-1.1604204999894137
18	39	-1.101857999994536
18	39	-1.0841704999911599
18	39	-1.0715142499975627
18	39	-0.7479517499887152
18	39	-0.462734000000637
18	39	-0.23920274998818059
18	39	-0.17451524999341927
18	39	-0.10460900000180118
18	39	0.07079725000949111
18	39	0.15479725001205225
18	39	0.1708597500110045
18	39	0.34617225000692997
18	39	0.4120472500071628
18	39	0.5106097500101896
18	39	0.7825785000022734
18	39	0.9140785000054166
18	39	0.9316410000028554
18	39	1.118266000004951
18	39	1.3420785000053002
18	39	1.380297250012518
18	39	1.5137660000036703
18	39	1.6594847500091419
18	39	1.7608285000023898
18	39	1.9404212500085123
18	40	-5.485701500001596
18	40	-5.332639000000199
18	40	-5.168482749999384
18	40	-4.939576499993564
18	40	-4.876576499998919
18	40	-4.7560764999943785
18	40	-4.661857750004856
18	40	-4.651076499998453
18	40	-4.542388999994728
18	40	-4.441857750003692
18	40	-4.258826499994029
18	40	-4.149076500005322
18	40	-3.122482749997289
18	40	-2.9988275000068825
18	40	-2.762671250005951
18	40	-2.626858750008978
18	40	-2.39410874999885
18	40	-2.3292337500024587
18	40	-2.31889000000956
18	40	-2.1871400000090944
18	40	-2.0867337500094436
18	40	-1.8321712500037393
18	40	-1.7328587500087451
18	40	-1.6640150000021094
18	40	-1.5173274999979185
18	40	-1.2106712499953574
18	40	-1.1812024999962887
18	40	-1.056452500008163
18	40	-0.7903900000092108
18	40	-0.7331712500017602
18	40	-0.6509837500052527
18	40	-0.616890000004787
18	40	-0.5174525000038557
18	40	-0.47520349999831524
18	40	-0.23104725001030602
18	40	-0.1045472499972675
18	40	0.07167150000168476
18	40	0.10685899999225512
18	40	0.3477652500005206
18	40	0.4928902499959804
18	40	0.7715464999928372
18	40	0.8844839999946998
18	40	0.9030777500011027
18	40	0.923671500000637
18	40	1.0997339999885298
18	40	1.214983999991091
18	40	1.3037652499915566
18	40	1.4676402499899268
18	40	1.484515249991091
18	40	1.6994527499919059
18	40	1.775546499993652
18	40	1.9334839999937685
18	41	-5.932981000005384
18	41	-5.898324750014581
18	41	-5.838012250009342
18	41	-5.700699750013882
18	41	-5.57191949999833
18	41	-5.502138249998097
18	41	-4.981325749991811
18	41	-4.771013249992393
18	41	-4.71332574999542
18	41	-4.560513249991345
18	41	-4.379606999995303
18	41	-4.166794499993557
18	41	-4.07641949999379
18	41	-3.9506695000018226
18	41	-3.867419499991229
18	41	-3.806606999991345
18	41	-3.7841069999994943
18	41	-3.750950749992626
18	41	-2.628607999999076
18	41	-2.45485799999733
18	41	-2.011420499999076
18	41	-1.9909205000003567
18	41	-1.9662954999948852
18	41	-1.9499517499934882
18	41	-1.9342642499977956
18	41	-1.9086392500030342
18	41	-1.767982999997912
18	41	-1.749076749998494
18	41	-1.6782329999987269
18	41	-1.4343892500037327
18	41	-0.9109204999986105
18	41	-0.855983000001288
18	41	-0.3810464999987744
18	41	-0.36395275000541005
18	41	-0.07701525000447873
18	41	0.00854724999226164
18	41	0.08229725000273902
18	41	0.3026722499926109
18	41	0.4045159999950556
18	41	0.7019222499948228
18	41	0.7961409999988973
18	41	0.8424534999940079
18	41	0.9078284999995958
18	41	1.0974222499935422
18	41	1.2201722500030883
18	41	1.2602035000018077
18	41	1.3358284999994794
18	41	1.4572035000019241
18	41	1.69423475000076
18	42	-5.989544249998289
18	42	-5.9233880000101635
18	42	-5.749044249998406
18	42	-5.638294250005856
18	42	-5.067075500002829
18	42	-4.8521380000020145
18	42	-4.1830442500067875
18	42	-4.148669250003877
18	42	-4.10907550000411
18	42	-4.032638000004226
18	42	-3.8679505000036443
18	42	-3.6704817499994533
18	42	-3.6452952500112588
18	42	-3.5628265000123065
18	42	-3.2142327500041574
18	42	-3.192420250008581
18	42	-3.176045250002062
18	42	-3.120232750006835
18	42	-2.895826500011026
18	42	-2.877232750004623
18	42	-2.798295250002411
18	42	-2.6627327500027604
18	42	-2.4657640000077663
18	42	-2.252451500011375
18	42	-2.1891702499997336
18	42	-1.9208265000052052
18	42	-1.7273577500018291
18	42	-1.1960452500061365
18	42	-0.9814837500016438
18	42	-0.9563900000066496
18	42	-0.934733750007581
18	42	-0.6706712500017602
18	42	-0.5589525000104913
18	42	-0.5133275000116555
18	42	-0.34410875001049135
18	42	0.08039124999777414
18	42	0.5100787499977741
18	42	0.625297499995213
18	42	0.9442349999881117
18	42	1.1142349999863654
18	42	1.193141249998007
18	42	1.3359537499927683
18	42	1.4158902499912074
18	42	1.4961714999953983
18	42	1.5922027499909746
18	42	1.8157964999845717
18	42	1.902702749997843
18	43	-5.961200000005192
18	43	-5.933168750008917
18	43	-5.812138499997673
18	43	-5.65976349999255
18	43	-5.405794749996858
18	43	-5.2519822499889415
18	43	-5.0345759999909205
18	43	-4.9567634999984875
18	43	-4.7110759999923175
18	43	-4.640700999996625
18	43	-4.4590134999889415
18	43	-4.389794749993598
18	43	-4.168575999996392
18	43	-4.091700999997556
18	43	-4.00410724998801
18	43	-3.7618572499923175
18	43	-3.4605759999976726
18	43	-3.405919749988243
18	43	-3.3742947499849834
18	43	-3.204701999988174
18	43	-2.8224207499879412
18	43	-2.325389499994344
18	43	-2.137139499987825
18	43	-1.9581082499935292
18	43	-1.8277019999950426
18	43	-1.7775457499956246
18	43	-1.5659832499950426
18	43	-1.3974207499995828
18	43	-1.339889499999117
18	43	-1.3337644999992335
18	43	-0.9899832499941112
18	43	-0.6451092499919469
18	43	-0.5168905000027735
18	43	-0.501109249991714
18	43	-0.32329674999346025
18	43	0.04679700000269804
18	43	0.6562032500078203
18	43	0.6749532500107307
18	43	0.6816407500009518
18	43	0.690703250002116
18	43	0.8265782500093337
18	43	1.0411095000017667
18	43	1.1987032500037458
18	43	1.2450157499988563
18	43	1.4153595000097994
18	43	1.4634845000109635
18	43	1.4969220000057248
18	43	1.6135772499983432
18	43	1.7866397500038147
18	43	1.8466397500014864
18	43	1.933764750006958
18	44	-5.881919249994098
18	44	-5.6994817499944475
18	44	-5.586762999984785
18	44	-5.53138799998851
18	44	-5.507231749987113
18	44	-5.494137999994564
18	44	-5.427450499992119
18	44	-5.134231749994797
18	44	-5.082825499994215
18	44	-4.878387999997358
18	44	-4.78938799999014
18	44	-4.582700499988277
18	44	-4.464294249992236
18	44	-4.090387999996892
18	44	-4.048231749984552
18	44	-3.630981749985949
18	44	-3.5738567499938654
18	44	-3.4130452499957755
18	44	-3.3621702499949606
18	44	-3.274420249988907
18	44	-3.1225452499929816
18	44	-2.97642024999368
18	44	-2.9254514999920502
18	44	-2.7273889999923995
18	44	-2.4827640000003157
18	44	-2.367138999994495
18	44	-2.1203577499982202
18	44	-1.9387327499862295
18	44	-1.8230764999898383
18	44	-1.7542014999926323
18	44	-1.5797952499997336
18	44	-1.33229524998751
18	44	-1.2652952499920502
18	44	-1.1719202499953099
18	44	-1.1277952499949606
18	44	-0.7632024999911664
18	44	-0.6461399999971036
18	44	-0.37904624998918734
18	44	-0.02376499999081716
18	44	0.1045787500042934
18	44	0.3914537500095321
18	44	0.5081100000097649
18	44	0.7109225000021979
18	44	0.7169537500012666
18	44	0.7215787500026636
18	44	0.8030787500028964
18	44	0.8603600000060396
18	44	0.9234850000066217
18	44	0.994860000006156
18	44	1.1579537500074366
18	44	1.2173600000096485
18	44	1.2975162500079023
18	44	1.4733287499984726
18	44	1.623734000022523
18	44	1.9403590000147233
18	45	-5.957043499991414
18	45	-5.616325749986572
18	45	-5.6035132499964675
18	45	-5.562263249987154
18	45	-5.311638249986572
18	45	-5.199700749988551
18	45	-5.094794499993441
18	45	-4.956544499989832
18	45	-4.852544499997748
18	45	-4.809075749988551
18	45	-4.72507574998599
18	45	-4.571075749990996
18	45	-3.9641069999925094
18	45	-3.7760132499970496
18	45	-3.7469194999866886
18	45	-3.7439194999897154
18	45	-3.405388249986572
18	45	-3.3611069999897154
18	45	-3.198483000000124
18	45	-2.4587329999922076
18	45	-2.1714204999880167
18	45	-2.0439205000002403
18	45	-1.8800767499924405
18	45	-1.4138892499904614
18	45	-1.094670499995118
18	45	-1.0417017500003567
18	45	-0.7282964999903925
18	45	-0.42482775000098627
18	45	-0.19942150000133552
18	45	-0.10076524999749381
18	45	0.056328500009840354
18	45	0.4111722500092583
18	45	0.531828500010306
18	45	0.5689534999983152
18	45	0.6733285000082105
18	45	0.6924847500049509
18	45	0.7717035000096075
18	45	0.8562660000025062
18	45	1.2656410000054166
18	45	1.3825785000080941
18	45	1.4394847500079777
18	45	1.5577035000023898
18	45	1.6716400000004796
18	45	1.9384212500008289
18	46	-5.963636999993469
18	46	-5.822543249989394
18	46	-5.627794249987346
18	46	-5.452575499992236
18	46	-5.278731749989674
18	46	-5.113762999986648
18	46	-5.067419249986415
18	46	-4.987325499998406
18	46	-4.967919249989791
18	46	-4.930075499985833
18	46	-4.678137999988394
18	46	-4.2800754999916535
18	46	-3.9528567499946803
18	46	-3.9454817499936325
18	46	-3.5555754999950295
18	46	-3.5505129999946803
18	46	-3.5405442499904893
18	46	-3.5330442499980563
18	46	-3.4486379999871133
18	46	-3.2969192499876954
18	46	-2.7454827499896055
18	46	-2.6823577499890234
18	46	-2.5205764999991516
18	46	-2.514763999992283
18	46	-2.2009827500005485
18	46	-2.068607749999501
18	46	-1.9110764999932144
18	46	-1.8017327499983367
18	46	-1.4637014999898383
18	46	-1.280076499999268
18	46	-1.246451499988325
18	46	-1.214482749986928
18	46	-0.9491077499988023
18	46	-0.2155149999744026
18	46	0.15020375001768116
18	46	0.17786000002524815
18	46	0.97595375002129
18	46	1.1338600000162842
18	46	1.2756725000217557
18	46	1.3905787500261795
18	46	1.82361000002129
18	46	1.9951715000206605
18	47	-5.990669000006164
18	47	-5.962825249996968
18	47	-5.9426689999963855
18	47	-5.764918999993824
18	47	-5.54120024999429
18	47	-5.512106499998481
18	47	-5.503356500004884
18	47	-5.496075250004651
18	47	-5.418418999994174
18	47	-5.236262749996968
18	47	-5.11473250000563
18	47	-4.872638750006445
18	47	-4.839451250009006
18	47	-4.6637325000046985
18	47	-4.452420000001439
18	47	-4.319513750000624
18	47	-4.266170000002603
18	47	-3.942045000003418
18	47	-3.88057624999783
18	47	-3.748888750007609
18	47	-3.4122950000019046
18	47	-3.3063262500072597
18	47	-3.194201250007609
18	47	-3.133263750001788
18	47	-2.886513749996084
18	47	-2.7584199999982957
18	47	-2.737952249997761
18	47	-2.5419835000066087
18	47	-2.4746397499984596
18	47	-2.4411085000028834
18	47	-2.1035459999984596
18	47	-1.9647960000002058
18	47	-1.609452250006143
18	47	-1.170608500004164
18	47	-0.992670999999973
18	47	-0.8368897500040475
18	47	-0.6644522499991581
18	47	-0.41398350000963546
18	47	-0.2537647499993909
18	47	-0.022453249999671243
18	47	0.001452999989851378
18	47	0.02292174998729024
18	47	0.7674217499879887
18	47	0.987640499995905
18	47	1.0322342500003288
18	47	1.4880154999991646
18	47	1.5894842499983497
18	47	1.7186717500007944
18	47	1.9647342499956721
18	48	-5.572824999995646
18	48	-4.740076000001864
18	48	-4.611419749999186
18	48	-4.563513500004774
18	48	-4.321544749996974
18	48	-4.314107250000234
18	48	-4.218232250001165
18	48	-4.086919749999652
18	48	-4.017763500000001
18	48	-3.8962947499967413
18	48	-3.887325999996392
18	48	-3.700669750003726
18	48	-3.573888500002795
18	48	-3.5552635000058217
18	48	-3.549013500000001
18	48	-3.532169750003959
18	48	-3.509138499997789
18	48	-2.785232249996625
18	48	-2.6415145000064513
18	48	-2.516077000007499
18	48	-2.4678894999960903
18	48	-2.329827000008663
18	48	-2.2017957500065677
18	48	-2.174576999997953
18	48	-2.138608249995741
18	48	-2.048951999997371
18	48	-1.9117645000078483
18	48	-1.8258895000035409
18	48	-1.8092332500091288
18	48	-1.692983250002726
18	48	-1.4634519999963231
18	48	-1.399608250008896
18	48	-1.235139500000514
18	48	-1.096045750004123
18	48	-1.0079207500093617
18	48	-0.8387020000081975
18	48	-0.7004207499994664
18	48	-0.6799207500007469
18	48	-0.5880770000076154
18	48	-0.5068582499952754
18	48	0.4287657500099158
18	48	0.4394532500155037
18	48	0.6076095000171335
18	48	1.085140750015853
18	48	1.0871720000141067
18	48	1.1806720000167843
18	48	1.2582032500067726
18	48	1.3052970000135247
18	48	1.588640750007471
18	48	1.6612657500081696
18	48	1.6836720000137575
18	48	1.792984500003513
18	49	-5.96923250000691
18	49	-5.8973887500033015
18	49	-5.871420000010403
18	49	-5.732951250000042
18	49	-5.5714200000074925
18	49	-5.1143887500074925
18	49	-4.953763750003418
18	49	-4.792607499999576
18	49	-4.540357500009122
18	49	-4.4631700000027195
18	49	-4.192951250006445
18	49	-4.088920000009239
18	49	-4.081951250002021
18	49	-3.753513750009006
18	49	-3.620671000011498
18	49	-3.414327250007773
18	49	-3.403264750013477
18	49	-3.2163272500038147
18	49	-3.1652022500056773
18	49	-2.9688897500018356
18	49	-2.873108500003582
18	49	-2.741952250013128
18	49	-2.6214522500085877
18	49	-2.5243897500040475
18	49	-2.4842960000096355
18	49	-2.358421000011731
18	49	-2.2694835000147577
18	49	-2.133733500013477
18	49	-2.0976710000104504
18	49	-2.057327250004164
18	49	-1.8357960000139428
18	49	-1.642546000002767
18	49	-1.4931085000134772
18	49	-1.3106710000138264
18	49	-1.2576397500088206
18	49	-1.2136085000092862
18	49	-0.9923282500094501
18	49	-0.4692970000032801
18	49	-0.13310950000595767
18	49	0.27332799999567214
18	49	0.2799842499953229
18	49	0.2935154999868246
18	49	0.39870299998437986
18	49	0.5324217499874067
18	49	0.7411717499926453
18	49	0.7701717499876395
18	49	0.871265499983565
18	49	1.1105154999822844
18	49	1.2669217499933438
18	49	1.2972029999946244
18	49	1.360639499980607
18	49	1.4777644999849144
18	49	1.5220457499817712
18	49	1.5815144999942277
18	49	1.7209519999887561
18	50	-5.855950249999296
18	50	-5.4781377500039525
18	50	-5.417575250001391
18	50	-5.411637750003138
18	50	-5.056481499996153
18	50	-5.0516377500025555
18	50	-4.862356500001624
18	50	-4.5169814999972004
18	50	-4.0447950000088895
18	50	-4.006732499998179
18	50	-3.9364199999981793
18	50	-3.6644512500060955
18	50	-3.417170000000624
18	50	-3.3658262499957345
18	50	-3.1742012500035344
18	50	-3.0801700000010896
18	50	-2.87645125000563
18	50	-2.7228575000044657
18	50	-2.7146075000055134
18	50	-2.383545000004233
18	50	-2.250419999996666
18	50	-2.1969512500072597
18	50	-2.0217637500027195
18	50	-1.6473584999912418
18	50	-1.6050459999823943
18	50	-1.4803584999899613
18	50	-1.3192647499963641
18	50	-1.1784522499947343
18	50	-1.057733499983442
18	50	-0.8652334999933373
18	50	-0.577577249991009
18	50	-0.5580147499858867
18	50	-0.429858499992406
18	50	-0.2843897499842569
18	50	-0.24126474998774938
18	50	-0.12232724999194033
18	50	-0.005889749983907677
18	50	0.012797750008758157
18	50	0.24239150001085363
18	50	0.2851102500135312
18	50	0.6707030000106897
18	50	0.8253280000062659
18	50	1.1963905000156956
18	50	1.3027342500136
18	50	1.357703000001493
18	50	1.4371092500077793
18	50	1.6364217500085942
18	50	1.8048592500126688
18	50	1.85060925000289
18	50	1.884546750006848
18	50	1.9092655000131344
19	1	-5.809388249996118
19	1	-5.74476324999705
19	1	-5.10379449998436
19	1	-4.7192632499936735
19	1	-3.917700749996584
19	1	-3.9130132499849424
19	1	-3.83013824999216
19	1	-3.3495454999938374
19	1	-2.597732999987784
19	1	-2.261795499987784
19	1	-1.5528579999954673
19	1	-1.5463892499974463
19	1	-1.1990142499853391
19	1	-1.098421499991673
19	1	-0.9792027499934193
19	1	-0.8012964999943506
19	1	-0.5315777499927208
19	1	-0.20901524998771492
19	1	0.34570350000285544
19	1	0.5234535000054166
19	1	0.5957035000028554
19	1	0.674922250007512
19	1	1.4458900000026915
19	1	1.4593900000036228
19	1	1.682483750002575
19	2	-5.9052635000116425
19	2	-5.681701000008616
19	2	-5.156076000013854
19	2	-4.515607250010362
19	2	-3.920232250005938
19	2	-3.872576999987359
19	2	-3.7763894999952754
19	2	-3.5972019999899203
19	2	-2.6329207499948097
19	2	-2.3667332499899203
19	2	-2.2867957499984186
19	2	-2.044358250001096
19	2	-1.8274519999977201
19	2	-1.1762342500005616
19	2	-0.8135154999908991
19	2	-0.8032342499936931
19	2	-0.6939217499893857
19	2	-0.6164217499899678
19	2	-0.5447029999922961
19	2	-0.4638592499977676
19	2	-0.0555154999892693
19	2	0.3598282500024652
19	2	0.5084219999989728
19	2	0.7589220000081696
19	2	0.7679219999990892
19	2	1.5704522500018356
19	2	1.6866085000074236
19	2	1.92307725000137
19	3	-5.9018879999930505
19	3	-5.721200499989209
19	3	-4.140294249998988
19	3	-2.409295249992283
19	3	-1.883795249988907
19	3	-0.5791712499922141
19	3	-0.42060874999151565
19	3	-0.4058587500039721
19	3	-0.008608749994891696
19	3	0.2412037500034785
19	3	0.38567250000778586
19	3	0.6573599999974249
19	3	0.97717250000278
19	3	1.3834527500002878
19	3	1.6286715000023833
19	3	1.7472339999949327
19	4	-5.930918999991263
19	4	-5.823075249994872
19	4	-4.096762749992195
19	4	-3.4612324999907287
19	4	-3.4336387499934062
19	4	-3.2944825000013225
19	4	-3.051107499995851
19	4	-2.889607499993872
19	4	-2.3543262500024866
19	4	-2.0722324999951525
19	4	-1.660388749995036
19	4	-1.4768262500001583
19	4	-1.2502959999983432
19	4	-0.839202250004746
19	4	-0.5582334999926388
19	4	-0.45995224999205675
19	4	-0.4270772500021849
19	4	-0.4246710000006715
19	4	-0.3873897500016028
19	4	-0.11117099999682978
19	4	-0.03345225000521168
19	4	0.06301650000386871
19	4	0.29223525000270456
19	4	0.5434227500081761
19	4	0.965485249995254
19	4	1.074360250000609
19	4	1.1625780000031227
19	4	1.3382655000023078
19	4	1.3843904999957886
19	4	1.501921749993926
19	4	1.5794217499933438
19	4	1.8532342499966035
19	4	1.8630154999991646
19	5	-5.954044250000152
19	5	-5.704512999989674
19	5	-5.696762999999919
19	5	-5.624356749991421
19	5	-5.39876299999014
19	5	-5.314887999993516
19	5	-4.91435674999957
19	5	-4.910950499994215
19	5	-4.9089817499916535
19	5	-4.904606750002131
19	5	-4.838794249997591
19	5	-4.688513000000967
19	5	-4.682200499999453
19	5	-4.618669249990489
19	5	-4.38623175000248
19	5	-4.222637999992003
19	5	-3.8817629999975907
19	5	-3.7324202500021784
19	5	-3.2027952499920502
19	5	-3.1290139999910025
19	5	-3.0040139999910025
19	5	-2.9242327499960084
19	5	-2.6955452499969397
19	5	-2.6351702499960084
19	5	-2.494826499998453
19	5	-2.415857749991119
19	5	-2.208920249991934
19	5	-2.1488577499985695
19	5	-1.9005139999935636
19	5	-1.7230140000028769
19	5	-0.4609524999978021
19	5	-0.32285875000525266
19	5	-0.26948375000210945
19	5	0.3598599999968428
19	5	0.5576100000034785
19	5	0.9875475000008009
19	5	1.051485000003595
19	5	1.1062965000019176
19	5	1.531296500004828
19	5	1.7356714999914402
19	5	1.859015249996446
19	6	-5.894638249985292
19	6	-5.5230132499855245
19	6	-5.195638249992044
19	6	-5.053450749983313
19	6	-4.841825749987038
19	6	-4.801231999983429
19	6	-4.571825749982963
19	6	-4.53716949999216
19	6	-3.8127944999869214
19	6	-3.5172954999870853
19	6	-3.2817017499910435
19	6	-3.090982999987318
19	6	-3.029201749988715
19	6	-2.9729829999851063
19	6	-2.9667642499989597
19	6	-2.399545499996748
19	6	-1.7394829999975627
19	6	-1.3680454999848735
19	6	-0.5310777499980759
19	6	-0.5163277499959804
19	6	-0.5115777499886462
19	6	-0.5071089999983087
19	6	-0.33810899998934474
19	6	-0.1840152499935357
19	6	-0.1261089999898104
19	6	0.016328500001691282
19	6	0.10042225000506733
19	6	0.13067225000122562
19	6	0.19223475000762846
19	6	0.22779725000145845
19	6	0.28020350000588223
19	6	0.8576097500044852
19	6	0.8770785000087926
19	6	1.6964837499981513
19	6	1.810765000001993
19	7	-5.289231500006281
19	7	-5.124418999999762
19	7	-5.113981500006048
19	7	-4.709450249996735
19	7	-4.696700250002323
19	7	-4.543575250005233
19	7	-4.49470024999755
19	7	-4.254075250006281
19	7	-4.155325250001624
19	7	-4.075045000005048
19	7	-3.999013749998994
19	7	-3.0311075000063283
19	7	-2.9555762500094716
19	7	-2.8264512500027195
19	7	-2.79482624999946
19	7	-2.7860762500058627
19	7	-2.7276700000074925
19	7	-2.4838262500124983
19	7	-2.3425137500016717
19	7	-1.6509512500051642
19	7	-1.3894835000101011
19	7	-0.5119210000120802
19	7	-0.38323350000428036
19	7	0.24545399998896755
19	7	0.37407899998652283
19	7	0.5166414999985136
19	7	0.7085477499931585
19	7	0.8191414999892004
19	7	0.9502030000003288
19	7	0.9653592500108061
19	7	1.1837342500075465
19	7	1.339109250009642
19	7	1.343421750003472
19	7	1.5192654999991646
19	7	1.5951405000087107
19	7	1.7431092500046361
19	7	1.9893280000105733
19	8	-5.693669249987579
19	8	-4.482044249991304
19	8	-4.380356749999919
19	8	-4.176012999989325
19	8	-3.9998889999988023
19	8	-2.9711390000011306
19	8	-2.783888999998453
19	8	-2.1867014999879757
19	8	-1.802576499991119
19	8	-1.7482952499995008
19	8	-1.4921712499926798
19	8	-1.4448275000031572
19	8	-1.068577500001993
19	8	-0.802327500001411
19	8	-0.634265000000596
19	8	-0.5267962499929126
19	8	-0.17160874999535736
19	8	-0.08120249999046791
19	8	0.1197037500096485
19	8	0.22139125000103377
19	8	0.27367249999952037
19	8	0.388047500004177
19	8	0.5170162499998696
19	8	0.9094849999964936
19	8	1.015671500004828
19	8	1.3240152500075055
19	8	1.4045152500038967
19	9	-5.936544249983854
19	9	-5.896981749989209
19	9	-5.799106749997009
19	9	-5.685075499990489
19	9	-5.5453879999840865
19	9	-5.404950499985716
19	9	-5.302950499986764
19	9	-5.106700499993167
19	9	-4.230481749997125
19	9	-4.167075499994098
19	9	-3.885294249994331
19	9	-3.803575499987346
19	9	-3.5497942499932833
19	9	-3.438670249990537
19	9	-3.307420249999268
19	9	-3.010732749986346
19	9	-2.936513999986346
19	9	-2.9222014999977546
19	9	-2.8845452499954263
19	9	-2.8614202499884414
19	9	-2.484545249986695
19	9	-2.411232749989722
19	9	-2.21492024998588
19	9	-2.1633577499887906
19	9	-1.7500764999858802
19	9	-1.0839202499919338
19	9	-0.8837962499819696
19	9	-0.6165462499775458
19	9	-0.5352649999840651
19	9	-0.37220249997335486
19	9	-0.3181087499833666
19	9	-0.2087962499790592
19	9	-0.12770249997265637
19	9	0.5366412500152364
19	9	0.5916412500228034
19	9	0.8071725000190781
19	9	1.090360000016517
19	9	1.1081725000258302
19	9	1.2132350000174483
19	9	1.5564527500246186
19	9	1.7216090000147233
19	9	1.816046500010998
19	9	1.8605777500197291
19	9	1.9089215000130935
19	10	-5.991075249999994
19	10	-5.918294000002788
19	10	-5.779950249998365
19	10	-5.3892637499957345
19	10	-5.323638750007376
19	10	-4.769107500003884
19	10	-4.653607500004
19	10	-4.550388750009006
19	10	-4.507826250002836
19	10	-4.215763750005863
19	10	-4.12276374999783
19	10	-3.9075450000091223
19	10	-3.550576249996084
19	10	-3.268920000002254
19	10	-2.9547960000054445
19	10	-2.9439209999982268
19	10	-2.784327250003116
19	10	-2.722139750010683
19	10	-2.677077250002185
19	10	-2.6111710000113817
19	10	-2.5132022500038147
19	10	-2.3897022500023013
19	10	-2.361202250001952
19	10	-2.149952250008937
19	10	-1.6885147499997402
19	10	-1.2978272500040475
19	10	-0.9310147500073072
19	10	-0.9128272500092862
19	10	-0.5225470000004862
19	10	-0.4490782500070054
19	10	-0.2877345000015339
19	10	-0.26673450000816956
19	10	-0.14592200001061428
19	10	-0.029484500002581626
19	10	0.008890499986591749
19	10	0.10807799999020062
19	10	0.22142175000044517
19	10	0.6134842499886872
19	10	0.6769529999874067
19	10	0.7328904999885708
19	10	0.9231404999882216
19	10	1.016327999997884
19	10	1.1617029999906663
19	10	1.3280467499862425
19	10	1.7306394999905024
19	10	1.833608249988174
19	11	-5.626794500014512
19	11	-5.4745132500102045
19	11	-5.336763250015792
19	11	-5.283513250018586
19	11	-5.172419500013348
19	11	-4.86423200002173
19	11	-4.5728882500116015
19	11	-4.369607000015094
19	11	-3.999857000017073
19	11	-3.8950757500133477
19	11	-3.8552632500213804
19	11	-3.6638570000213804
19	11	-3.429638250017888
19	11	-3.3948267500236398
19	11	-3.2536705000238726
19	11	-2.9167017500149086
19	11	-2.8078267500241054
19	11	-2.6844830000190996
19	11	-2.5888580000173533
19	11	-2.5607955000159563
19	11	-2.466483000011067
19	11	-2.1612642500112997
19	11	-2.0587330000125803
19	11	-1.7700767500209622
19	11	-1.673233000023174
19	11	-1.664483000015025
19	11	-1.6347330000135116
19	11	-1.5143267500097863
19	11	-0.9938580000161892
19	11	-0.6711402500077384
19	11	-0.30885899999702815
19	11	-0.09298400000261609
19	11	0.2544534999906318
19	11	0.41260974999750033
19	11	0.8200784999935422
19	11	0.8544847500015749
19	11	0.9102034999959869
19	11	1.176047250002739
19	11	1.3109534999966854
19	11	1.5363910000014585
19	11	1.7991712499933783
19	11	1.9190774999879068
19	12	-5.981137750000926
19	12	-5.358357500008424
19	12	-5.22841999999946
19	12	-5.1804824999999255
19	12	-5.081232500000624
19	12	-5.003763750006328
19	12	-4.9321387500094716
19	12	-4.866482500001439
19	12	-4.7621075000060955
19	12	-4.43017000000691
19	12	-4.367826250003418
19	12	-4.242045000006328
19	12	-4.096170000004349
19	12	-4.017045000000508
19	12	-3.9175137499987613
19	12	-3.4369512499979464
19	12	-3.21592000000237
19	12	-3.1085450000100536
19	12	-2.898263750001206
19	12	-2.8010147500026505
19	12	-2.389577250010916
19	12	-2.378483500011498
19	12	-1.7232960000110324
19	12	-1.4802647500036983
19	12	-1.3003272500063758
19	12	-1.2239210000116145
19	12	-1.1743585000076564
19	12	-0.6973272500035819
19	12	-0.6815772500121966
19	12	-0.6737647500121966
19	12	-0.5795147500029998
19	12	-0.13651575001131278
19	12	-0.10932825000782032
19	12	0.06270299998868722
19	12	0.31189049998647533
19	12	0.42014049999124836
19	12	0.8028592499904335
19	12	0.9485467499907827
19	12	1.5226404999848455
19	12	1.656015499989735
19	12	1.9637342499918304
19	13	-5.950919499999145
19	13	-5.929263250000076
19	13	-5.901482000001124
19	13	-5.754669500005548
19	13	-5.7167007500102045
19	13	-5.659700750009506
19	13	-5.577263250001124
19	13	-5.469232000003103
19	13	-5.334513250010787
19	13	-5.187013250004384
19	13	-4.037545500003034
19	13	-3.9322955000097863
19	13	-3.578233000007458
19	13	-3.3243580000125803
19	13	-2.93451425000967
19	13	-2.8747330000041984
19	13	-2.8008267500117654
19	13	-2.7355767500121146
19	13	-2.363108999998076
19	13	-2.0266402499983087
19	13	-1.6775464999955148
19	13	-1.1968589999887627
19	13	-0.891077749998658
19	13	-0.8856402499950491
19	13	-0.8422339999960968
19	13	-0.6446402500005206
19	13	-0.10385899999528192
19	13	0.08720249999896623
19	13	0.14039000000047963
19	13	0.21639000000141095
19	13	0.32217125000897795
19	13	0.40660875001049135
19	13	0.4400150000001304
19	13	0.535264999998617
19	13	0.8658900000009453
19	13	0.9644525000039721
19	13	1.0509525000088615
19	13	1.1301400000083959
19	13	1.4472962500003632
19	13	1.5651712500111898
19	13	1.762140000006184
19	14	-5.851231749984436
19	14	-5.521356749988627
19	14	-5.518606749988976
19	14	-5.443544249996194
19	14	-5.276481749984669
19	14	-5.23410674999468
19	14	-5.054356749984436
19	14	-4.98410674999468
19	14	-4.687294249990373
19	14	-4.470388999994611
19	14	-4.455107749992749
19	14	-4.24576399999205
19	14	-3.727732749990537
19	14	-3.7065139999904204
19	14	-3.628670249992865
19	14	-3.3751389999961248
19	14	-3.2240139999921666
19	14	-3.041607749997638
19	14	-2.928920249993098
19	14	-2.7642014999873936
19	14	-2.5397014999907697
19	14	-2.413201499992283
19	14	-2.321295249988907
19	14	-2.1657014999946114
19	14	-2.020046249992447
19	14	-1.5081087500002468
19	14	-1.2480149999901187
19	14	-1.1372649999975692
19	14	-0.8998587499954738
19	14	-0.8077962499955902
19	14	-0.7279212499997811
19	14	-0.5960462499933783
19	14	-0.5279837499983842
19	14	-0.473171249992447
19	14	-0.24470250000013039
19	14	-0.10742124999524094
19	14	0.5893902500101831
19	14	0.9582340000051772
19	14	1.2313589999976102
19	14	1.5597340000094846
19	14	1.6763590000045951
19	14	1.8257652500033146
19	14	1.8352027500077384
19	14	1.855202749997261
19	15	-5.881043750006938
19	15	-5.8436375000019325
19	15	-5.816668750005192
19	15	-5.762231250002515
19	15	-5.741949999995995
19	15	-5.670762499998091
19	15	-5.36701250000624
19	15	-5.331762500005425
19	15	-5.32798124999681
19	15	-5.232293749999371
19	15	-5.2108250000019325
19	15	-5.128231249997043
19	15	-4.765887500005192
19	15	-4.670512500000768
19	15	-4.598793750003097
19	15	-4.481700999996974
19	15	-4.420419749993016
19	15	-4.3297009999951115
19	15	-4.174607249995461
19	15	-3.9778572499926668
19	15	-3.807357249985216
19	15	-3.553325999993831
19	15	-3.5156697499915026
19	15	-3.4930447499937145
19	15	-2.9678572499833535
19	15	-2.6735759999864968
19	15	-2.2550447499961592
19	15	-2.2184822499839356
19	15	-2.140700999996625
19	15	-2.0631697499920847
19	15	-1.940514499990968
19	15	-1.6402644999907352
19	15	-1.3782644999882905
19	15	-1.2880144999944605
19	15	-1.2005144999857293
19	15	-1.0996082499914337
19	15	-1.0050457499892218
19	15	-0.887264499993762
19	15	-0.7222019999899203
19	15	-0.4254207499907352
19	15	-0.41498324999702163
19	15	-0.007451999990735203
19	15	1.0489220000017667
19	15	1.113297000003513
19	15	1.2174220000015339
19	15	1.585453250008868
19	15	1.8078595000115456
19	15	1.8598907500127098
19	15	1.8673282500094501
19	15	1.9913595000107307
19	16	-5.881669499998679
19	16	-5.871825750000426
19	16	-5.754263249997166
19	16	-5.659013249998679
19	16	-5.558138249994954
19	16	-5.411231999998563
19	16	-5.122263249999378
19	16	-5.105857000002288
19	16	-4.752795499996864
19	16	-4.687201749999076
19	16	-4.561326750001172
19	16	-4.440639249995002
19	16	-4.4361079999944195
19	16	-4.385701749997679
19	16	-4.291264250001404
19	16	-4.006514249995234
19	16	-3.301076749994536
19	16	-3.063733000002685
19	16	-2.9156079999957
19	16	-2.43823300000804
19	16	-2.2900777500035474
19	16	-2.185202749999007
19	16	-1.9874215000018012
19	16	-1.3096402500086697
19	16	-1.2304839999997057
19	16	-1.089890250004828
19	16	-0.33339025000168476
19	16	-0.31357774999924004
19	16	-0.29445275000762194
19	16	-0.22010900000168476
19	16	-0.1682027500064578
19	16	-0.06414025000412948
19	16	0.10163999999349471
19	16	0.14576499999384396
19	16	0.16642124998907093
19	16	0.2420774999918649
19	16	0.31292124999163207
19	16	0.328233749998617
19	16	0.5813587500015274
19	16	0.7584524999983842
19	16	1.0338587500009453
19	16	1.187702499999432
19	16	1.4441399999923306
19	16	1.5488899999909336
19	16	1.7324837499909336
19	16	1.737046249996638
19	16	1.8103899999987334
19	16	1.9999212499969872
19	17	-5.922074749993044
19	17	-5.859512249997351
19	17	-5.737949749993277
19	17	-5.66944974999933
19	17	-5.622824749996653
19	17	-5.543793499993626
19	17	-5.336731999981566
19	17	-5.02957574998436
19	17	-4.9164194999902975
19	17	-4.637763249993441
19	17	-4.198981999987154
19	17	-3.9922944999852916
19	17	-3.7509194999875035
19	17	-3.6719507499801693
19	17	-3.547544499990181
19	17	-3.460075749986572
19	17	-3.4193882499821484
19	17	-2.822982999990927
19	17	-2.5234829999826616
19	17	-2.4561392499890644
19	17	-2.2509517499856884
19	17	-2.202201749983942
19	17	-2.0874204999854555
19	17	-2.0520454999932554
19	17	-1.866764249993139
19	17	-1.6138267499918584
19	17	-1.5113892499939539
19	17	-1.1902954999823123
19	17	-0.9771079999918584
19	17	-0.7436392499948852
19	17	-0.6737329999887152
19	17	-0.5366079999948852
19	17	-0.2889527499937685
19	17	-0.21779649998643436
19	17	0.040172250010073185
19	17	0.10739100001228508
19	17	0.2723597500153119
19	17	0.31957850001344923
19	17	0.430266000010306
19	17	0.7038597500068136
19	17	0.7302035000029719
19	17	0.7676722500036703
19	17	1.0419535000110045
19	17	1.5895472500124015
19	17	1.7546410000068136
19	18	-5.565293499996187
19	18	-5.313543500000378
19	18	-4.970107000001008
19	18	-4.8942320000060135
19	18	-4.796450750000076
19	18	-4.750544499998796
19	18	-4.409732000000076
19	18	-4.211513250003918
19	18	-3.9051382500038017
19	18	-3.7590132500045
19	18	-3.677044500000193
19	18	-3.565763250007876
19	18	-3.5212632500042673
19	18	-3.3912319999944884
19	18	-3.214294500008691
19	18	-3.070075750001706
19	18	-2.9654507499944884
19	18	-2.8128882500022883
19	18	-2.724356999999145
19	18	-2.6632017500087386
19	18	-2.129014250007458
19	18	-1.8934517500019865
19	18	-1.7706080000061775
19	18	-1.6311080000014044
19	18	-1.2537330000050133
19	18	-1.1341079999983776
19	18	-0.901826750006876
19	18	-0.8311392500036163
19	18	-0.7609830000001239
19	18	-0.4857330000086222
19	18	-0.22051425000245217
19	18	0.13892225000017788
19	18	0.15564099999028258
19	18	0.23342224999214523
19	18	0.33957849998841994
19	18	0.6694534999987809
19	18	0.780078499999945
19	18	0.9506722499936586
19	18	0.9760160000005271
19	18	1.3429534999886528
19	18	1.9127347499888856
19	18	1.9985784999880707
19	19	-5.936294249986531
19	19	-5.653481749992352
19	19	-5.463919249988976
19	19	-4.953106749992003
19	19	-4.310701499998686
19	19	-4.278263999993214
19	19	-4.2426077499985695
19	19	-4.21901399998751
19	19	-4.150670249990071
19	19	-3.6748577499965904
19	19	-3.3777639999898383
19	19	-3.0462639999896055
19	19	-2.4836702499887906
19	19	-2.1667024999915157
19	19	-2.003202499996405
19	19	-1.7321399999927962
19	19	-1.6499212499911664
19	19	-1.2599837499874411
19	19	-1.2118899999913992
19	19	-1.1202962499955902
19	19	-0.8336399999971036
19	19	-0.6547024999890709
19	19	-0.6458899999997811
19	19	-0.642171250001411
19	19	-0.6243587499920977
19	19	0.3135152500035474
19	19	0.3954840000078548
19	19	1.2571715000085533
19	19	1.4939527500100667
19	19	1.5913589999981923
19	19	1.8972964999993565
19	20	-5.285231499990914
19	20	-5.208012749993941
19	20	-4.734012749991962
19	20	-4.594763749992126
19	20	-4.461451249997481
19	20	-4.307795000000624
19	20	-4.257013750000624
19	20	-3.944513750000624
19	20	-3.927232499991078
19	20	-3.7227324999985285
19	20	-3.237263749993872
19	20	-3.059857499989448
19	20	-2.8551074999995762
19	20	-2.385013749997597
19	20	-2.379544999988866
19	20	-2.1558585000020685
19	20	-2.1142022499989253
19	20	-1.742358499992406
19	20	-1.7354210000048624
19	20	-1.7264522500045132
19	20	-1.5746709999948507
19	20	-1.285014749999391
19	20	-0.9739209999970626
19	20	-0.9452022500045132
19	20	-0.7820147500024177
19	20	-0.6159210000041639
19	20	-0.3917959999962477
19	20	-0.0043584999948507175
19	20	0.27189150000049267
19	20	0.4002030000119703
19	20	0.5432342500134837
19	20	0.7637030000187224
19	20	0.7774530000169761
19	20	1.1382655000197701
19	20	1.8956717500113882
19	21	-5.394138249990647
19	21	-4.758450749999611
19	21	-4.719075749992044
19	21	-4.509138249995885
19	21	-3.8134517500002403
19	21	-3.227670499996748
19	21	-2.682545499992557
19	21	-2.0876392500067595
19	21	-2.030108000006294
19	21	-1.7979840000043623
19	21	-1.6584839999995893
19	21	-1.6008277500077384
19	21	-1.5484215000033146
19	21	-1.485546500000055
19	21	-0.8869215000013355
19	21	-0.8447965000086697
19	21	-0.7486714999977266
19	21	-0.6684840000089025
19	21	-0.16054650000296533
19	21	0.03398474999994505
19	21	0.19632849999470636
19	21	0.2061097499972675
19	21	0.9415462499891873
19	21	1.1371712499967543
19	21	1.1575149999989662
19	21	1.2482024999917485
19	21	1.3887025000003632
19	21	1.9076399999903515
19	22	-5.800481499987654
19	22	-5.784043999999994
19	22	-5.2787002499972004
19	22	-4.960231499993824
19	22	-4.263544999994338
19	22	-4.193888750000042
19	22	-4.041763749992242
19	22	-3.9726387499977136
19	22	-3.7877949999965494
19	22	-3.4513262499967823
19	22	-3.328045000002021
19	22	-3.0898887499934062
19	22	-2.8845449999935227
19	22	-2.7397950000013225
19	22	-2.605576249989099
19	22	-2.440076250000857
19	22	-2.3942012499901466
19	22	-2.247044999996433
19	22	-2.152076250000391
19	22	-2.0285449999937555
19	22	-1.9282949999906123
19	22	-1.8049210000026505
19	22	-1.6070460000046296
19	22	-1.1807022499997402
19	22	-1.1752647499961313
19	22	-0.8995147499954328
19	22	-0.8092334999964805
19	22	-0.6023272500024177
19	22	0.04532900000049267
19	22	0.13420400000177324
19	22	0.2554539999982808
19	22	0.4899852499947883
19	22	0.5873602500068955
19	22	0.9073280000156956
19	22	0.9405780000088271
19	22	0.9851717500132509
19	22	1.4376717500126688
19	23	-5.786888249989715
19	23	-5.596700749985757
19	23	-5.342794499985757
19	23	-4.738388249985292
19	23	-4.679325749981217
19	23	-4.461075749990414
19	23	-4.284232999983942
19	23	-4.132170499986387
19	23	-3.887951749988133
19	23	-3.8611704999930225
19	23	-3.739389249996748
19	23	-3.606482999995933
19	23	-3.091764249984408
19	23	-2.308295499984524
19	23	-2.0752954999916255
19	23	-2.028357999995933
19	23	-1.9261392499902286
19	23	-1.7375777499983087
19	23	-1.733296499995049
19	23	-1.6521089999878313
19	23	-1.6103277499933029
19	23	-1.5870777499949327
19	23	-1.5789527499873657
19	23	-1.3525464999984251
19	23	-0.4793902499950491
19	23	-0.08198399998946115
19	23	0.8688900000124704
19	23	1.3178275000100257
19	23	1.4247025000076974
19	23	1.6634212500066496
19	23	1.7552649999997811
19	23	1.9042337499995483
19	23	1.9604525000031572
19	24	-5.897950500017032
19	24	-5.763263000015286
19	24	-5.668106750017614
19	24	-5.54929425001319
19	24	-5.342981750014587
19	24	-5.160138000021107
19	24	-5.066263000015169
19	24	-4.997419250008534
19	24	-4.835575500022969
19	24	-4.788013000012143
19	24	-4.771294250022038
19	24	-4.749013000022387
19	24	-4.508388000016566
19	24	-3.6332640000182437
19	24	-3.5909202500188258
19	24	-3.3370140000188258
19	24	-3.205232750013238
19	24	-3.0856702500168467
19	24	-2.8447015000128886
19	24	-2.4666077500151005
19	24	-2.226326500021969
19	24	-2.094545250016381
19	24	-1.8511390000203392
19	24	-1.652046250004787
19	24	-1.1561087500012945
19	24	-0.8465462500025751
19	24	-0.7631400000100257
19	24	-0.6782024999993155
19	24	-0.40688999999838416
19	24	-0.26707750000059605
19	24	-0.008890000011888333
19	24	0.08101624999835622
19	24	0.19264124998881016
19	24	0.44426624999323394
19	24	0.5366412500006845
19	24	0.8372652499965625
19	24	1.0358589999959804
19	24	1.1425152499869
19	24	1.4457964999892283
19	24	1.5940152499970281
19	24	1.8761089999898104
19	24	1.9438589999917895
19	24	1.9930777499976102
19	25	-5.887419000006048
19	25	-5.689012749993708
19	25	-5.582481499994174
19	25	-5.511543999993592
19	25	-5.079356500005815
19	25	-4.993481500001508
19	25	-4.94273150000663
19	25	-4.771481500007212
19	25	-4.711544000005233
19	25	-4.683075249995454
19	25	-4.479544000001624
19	25	-4.258231500003603
19	25	-3.82985650000046
19	25	-3.7830439999961527
19	25	-3.6395762500033015
19	25	-3.1787325000041164
19	25	-2.9976387500064448
19	25	-2.7202324999962
19	25	-2.627607500005979
19	25	-2.345545000003767
19	25	-2.020170000003418
19	25	-1.741795000009006
19	25	-1.2932022500026505
19	25	-1.0369522500113817
19	25	-0.7850460000045132
19	25	-0.5754522500064922
19	25	-0.5177960000000894
19	25	-0.39254600000276696
19	25	-0.30970225000055507
19	25	-0.08917099999962375
19	25	0.0135477500007255
19	25	0.14067274999979418
19	25	0.42054774999269284
19	25	0.5179852500004927
19	25	0.5700789999973495
19	25	0.7297039999975823
19	25	0.9417352500022389
19	25	1.2197654999908991
19	25	1.2362654999888036
19	25	1.2744217500003288
19	25	1.4376092499878723
19	25	1.6220467499952065
19	25	1.7044217499933438
19	25	1.927921750000678
19	26	-5.993543749995297
19	26	-5.975043750004261
19	26	-5.649856250005541
19	26	-5.193168750003679
19	26	-5.033387500006938
19	26	-4.972137499993551
19	26	-4.821513500006404
19	26	-4.645513499999652
19	26	-4.625826000003144
19	26	-4.287825999999768
19	26	-4.260232250002446
19	26	-3.907138499998837
19	26	-3.6928885000088485
19	26	-3.6296385000023292
19	26	-3.55076349999581
19	26	-3.08529475000978
19	26	-2.9914197500038426
19	26	-2.703732249996392
19	26	-2.5856697499984875
19	26	-2.492388500002562
19	26	-2.4395760000043083
19	26	-2.3893572500091977
19	26	-2.3507634999987204
19	26	-2.239733249996789
19	26	-1.797326999992947
19	26	-1.7273269999859622
19	26	-1.6457332499849144
19	26	-1.4179519999888726
19	26	-1.2298894999839831
19	26	-0.9764832499931799
19	26	-0.709420749990386
19	26	-0.5514207499945769
19	26	-0.25892074998409953
19	26	0.14767200000642333
19	26	0.28889075000188313
19	26	0.830515750014456
19	26	0.8956407500081696
19	26	0.9745782500103815
19	26	1.5299845000117784
19	26	1.5329532500036294
19	26	1.83626575001108
19	26	1.902984500004095
19	27	-5.87110625000787
19	27	-5.848637500006589
19	27	-5.721168750009383
19	27	-5.680200000002515
19	27	-5.61351250000007
19	27	-5.604793749997043
19	27	-5.542075000004843
19	27	-5.435387500008801
19	27	-4.933450000011362
19	27	-4.847950000010314
19	27	-4.707857250003144
19	27	-4.642388500011293
19	27	-4.4329197500046575
19	27	-4.239357250000467
19	27	-3.8285759999998845
19	27	-3.709982250002213
19	27	-3.484982250010944
19	27	-3.4495759999990696
19	27	-3.2577635000052396
19	27	-3.13216975000978
19	27	-2.628794750009547
19	27	-2.534951000008732
19	27	-2.3909510000084992
19	27	-2.1398895000020275
19	27	-2.023389500012854
19	27	-1.813670750008896
19	27	-1.740077000009478
19	27	-1.505077000008896
19	27	-1.4127020000014454
19	27	-1.3550145000044722
19	27	-1.1452332500048215
19	27	-0.5887645000038901
19	27	-0.15198325000528712
19	27	0.17436049999378156
19	27	0.6912657499924535
19	27	0.7503907499922207
19	27	0.8430157499824418
19	27	0.8856407499843044
19	27	0.9542969999893103
19	27	1.1114844999829074
19	27	1.2333282499894267
19	27	1.3662344999902416
19	27	1.8316094999900088
19	28	-5.893325500001083
19	28	-5.809044250010629
19	28	-5.685669250015053
19	28	-5.674138000002131
19	28	-5.6584817500115605
19	28	-5.4262630000011995
19	28	-5.219763000015519
19	28	-5.106919250014471
19	28	-5.079700500005856
19	28	-4.792606750008417
19	28	-4.600138000008883
19	28	-3.9200452500081155
19	28	-3.7062327500170795
19	28	-3.365076500005671
19	28	-3.084545250007068
19	28	-2.946295250003459
19	28	-2.697014000004856
19	28	-2.6383577500091633
19	28	-2.3686390000075335
19	28	-2.0355140000174288
19	28	-2.0040452500106767
19	28	-1.806546249994426
19	28	-1.7733900000021094
19	28	-1.6518899999937275
19	28	-1.5858900000021094
19	28	-1.5005462499975692
19	28	-1.4576712499983842
19	28	-1.2789524999971036
19	28	-1.227796249993844
19	28	-0.8506400000042049
19	28	-0.8481400000018766
19	28	-0.8286087500018766
19	28	-0.7550774999981513
19	28	-0.5424837500031572
19	28	-0.21588999999221414
19	28	-0.20123374999093357
19	28	0.09689124999567866
19	28	0.2893912500003353
19	28	0.29714125000464264
19	28	0.9139527499937685
19	28	1.3193590000009863
19	28	1.3668590000015683
19	28	1.4005777499987744
19	28	1.435171499993885
19	28	1.6956090000021504
19	28	1.7367340000055265
19	28	1.8219214999990072
19	28	1.980421500004013
19	29	-5.972325499998988
19	29	-5.951325499991071
19	29	-5.833200499997474
19	29	-5.766794249997474
19	29	-5.681950499987579
19	29	-5.47295049999957
19	29	-4.88645049999468
19	29	-4.8671379999868805
19	29	-4.7516067499964265
19	29	-4.4139192500006175
19	29	-4.256138999990071
19	29	-3.8388264999957755
19	29	-3.6348889999935636
19	29	-3.576232749997871
19	29	-3.486263999991934
19	29	-3.375264000002062
19	29	-3.348045249993447
19	29	-3.2848264999920502
19	29	-2.4080140000005485
19	29	-2.32757649999985
19	29	-1.912482749990886
19	29	-1.628515000003972
19	29	-1.590046249999432
19	29	-1.070514999999432
19	29	-1.003389999998035
19	29	-0.8317024999996647
19	29	-0.508327499992447
19	29	-0.5058275000046706
19	29	-0.3812962499941932
19	29	-0.16207750000467058
19	29	-0.06223374999535736
19	29	-0.027702499995939434
19	29	-0.02454625000245869
19	29	-0.002483749995008111
19	29	0.026047499995911494
19	29	0.48992249999719206
19	29	0.7202662500058068
19	29	1.0536715000052936
19	29	1.5250777500041295
19	29	1.5734839999931864
19	29	1.8722339999949327
19	30	-5.700450500007719
19	30	-5.594388000012259
19	30	-5.5349192500143545
19	30	-5.415638000005856
19	30	-5.3193567500129575
19	30	-5.254481750016566
19	30	-5.152138000004925
19	30	-5.094075500004692
19	30	-4.750981750010396
19	30	-4.567763000013656
19	30	-4.113014000002295
19	30	-4.062888999993447
19	30	-3.757576499992865
19	30	-3.234951499995077
19	30	-3.168732749996707
19	30	-2.7692014999920502
19	30	-2.469014000002062
19	30	-2.424513999998453
19	30	-2.2585452499915846
19	30	-1.8458264999935636
19	30	-1.232421249995241
19	30	-1.2168275000003632
19	30	-1.1932024999987334
19	30	-0.7826087499997811
19	30	-0.7418274999945424
19	30	-0.48042125000210945
19	30	-0.433702499998617
19	30	-0.3248274999932619
19	30	-0.13076499999442603
19	30	0.022891250002430752
19	30	0.42260999999416526
19	30	0.5696725000016158
19	30	1.2516089999990072
19	30	1.269671499991091
19	30	1.5684840000030817
19	30	1.6702027499995893
19	30	1.9311089999973774
19	31	-5.8232945000054315
19	31	-5.1301070000045
19	31	-5.126763249994838
19	31	-5.0750445000012405
19	31	-5.01370075000159
19	31	-4.925794499999029
19	31	-4.5807944999978645
19	31	-4.50591949999216
19	31	-4.280544499997632
19	31	-3.896295500002452
19	31	-3.594482999993488
19	31	-3.376420500004315
19	31	-3.226857999994536
19	31	-3.0501079999958165
19	31	-2.83707675000187
19	31	-2.680607999995118
19	31	-2.5478580000053626
19	31	-1.5658580000017537
19	31	-1.4542652500094846
19	31	-1.3230152500036638
19	31	-1.2232340000045951
19	31	-1.201109000001452
19	31	-1.0293902499979595
19	31	-0.8105152500065742
19	31	-0.7898589999967953
19	31	-0.5633590000070399
19	31	-0.43898400000762194
19	31	0.1733597499987809
19	31	0.2329535000026226
19	31	0.470140999997966
19	31	0.6232659999950556
19	31	0.6819847500009928
19	31	0.9160784999985481
19	31	0.985514999993029
19	31	1.065702499996405
19	31	1.1174212499900023
19	31	1.330702499995823
19	31	1.3713274999900023
19	32	-5.890888250010903
19	32	-5.753669500001706
19	32	-5.279169500005082
19	32	-4.8908257500006584
19	32	-4.726544500008458
19	32	-4.527419500009273
19	32	-4.2632632500026375
19	32	-4.201107000000775
19	32	-3.674451749990112
19	32	-3.6177642499969807
19	32	-3.3937642499950016
19	32	-2.97479549999116
19	32	-2.798514249996515
19	32	-2.774264249994303
19	32	-2.639076749997912
19	32	-2.4412642499955837
19	32	-2.0768580000003567
19	32	-1.9929204999934882
19	32	-1.8501079999987269
19	32	-1.7009204999922076
19	32	-1.49757774999307
19	32	-1.424483999988297
19	32	-1.3592339999886462
19	32	-1.2293589999899268
19	32	-1.1426090000022668
19	32	-0.8977652499888791
19	32	-0.7827027500024997
19	32	-0.6926402499957476
19	32	-0.5969214999931864
19	32	-0.5136402499920223
19	32	-0.33170275000156835
19	32	-0.24664024999947287
19	32	0.05654725000204053
19	32	0.36492225000984035
19	32	0.4944847500009928
19	32	0.7212972499983152
19	32	1.0378587500017602
19	32	1.0502962500031572
19	32	1.1010150000074646
19	32	1.213202500002808
19	32	1.4527024999988498
19	32	1.6402024999988498
19	32	1.9232337499997811
19	32	1.93217125000956
19	33	-5.756981500002439
19	33	-5.726294000007329
19	33	-5.723043999998481
19	33	-5.6693252499972004
19	33	-5.617668999999296
19	33	-5.468512749997899
19	33	-5.2033565000019735
19	33	-5.133731499998248
19	33	-4.6451689999958035
19	33	-4.533418999999412
19	33	-4.126387750002323
19	33	-4.042918999999529
19	33	-3.971263750005164
19	33	-3.8916387500066776
19	33	-3.835732499996084
19	33	-3.603451250004582
19	33	-2.9774825000058627
19	33	-2.7224200000055134
19	33	-2.5522012500005076
19	33	-2.487388749999809
19	33	-2.375451250001788
19	33	-2.3178262500005076
19	33	-1.8541074999957345
19	33	-1.3960147500038147
19	33	-1.063921000008122
19	33	-0.9225772500067251
19	33	-0.9090460000006715
19	33	-0.6029835000081221
19	33	-0.39257725000788923
19	33	-0.15320225000323262
19	33	-0.02279600000474602
19	33	0.056485249995603226
19	33	0.437735250001424
19	33	0.8662352499959525
19	33	0.9941414999921108
19	33	1.0241414999909466
19	33	1.3082967499940423
19	33	1.4260154999938095
19	33	1.6200779999926453
19	33	1.9152342499874067
19	34	-5.925262999997358
19	34	-5.719700499990722
19	34	-5.460044249994098
19	34	-5.311544249983854
19	34	-4.831387999991421
19	34	-4.777419249992818
19	34	-4.698325499994098
19	34	-4.57885674998397
19	34	-4.484200499995495
19	34	-4.4178254999860656
19	34	-4.286200499991537
19	34	-4.069606749995728
19	34	-3.5630452499899548
19	34	-3.435826499990071
19	34	-3.4273264999937965
19	34	-2.997795249990304
19	34	-2.777826499994262
19	34	-2.720232749998104
19	34	-2.5100764999951934
19	34	-2.2676077499927487
19	34	-2.1798889999918174
19	34	-2.0485139999946114
19	34	-1.758170249988325
19	34	-1.105171249990235
19	34	-1.0110774999920977
19	34	-0.04260874999454245
19	34	0.2804850000102306
19	34	0.3641100000095321
19	34	0.40348500000254717
19	34	0.45657875000324566
19	34	0.5281725000095321
19	34	0.978610000005574
19	34	1.095297500010929
19	34	1.2031090000091353
19	34	1.2961402500077384
19	34	1.7038277499959804
19	34	1.799077750009019
19	35	-5.731762750001508
19	35	-5.65426275000209
19	35	-5.576075250006397
19	35	-5.531544000012218
19	35	-5.4334190000081435
19	35	-5.342762750005932
19	35	-5.308919000002788
19	35	-5.062575250005466
19	35	-4.658731500006979
19	35	-4.572075250005582
19	35	-4.419950250012334
19	35	-4.3286690000095405
19	35	-4.30248150000989
19	35	-3.8858887500100536
19	35	-3.8436075000063283
19	35	-3.697388750006212
19	35	-3.605795000010403
19	35	-3.495795000009821
19	35	-3.375107500003651
19	35	-3.3557325000147102
19	35	-3.2756700000027195
19	35	-2.746732500003418
19	35	-2.561826250006561
19	35	-1.8172325000050478
19	35	-1.2537647500139428
19	35	-1.1405147500045132
19	35	-0.9942647500138264
19	35	-0.9914835000090534
19	35	-0.39867100001720246
19	35	-0.12229600001592189
19	35	0.8266727499867557
19	35	0.8389852499967674
19	35	0.9513905000058003
19	35	1.32285925000906
19	35	1.3544530000071973
19	35	1.5582967500085942
19	36	-5.742231750002247
19	36	-5.661544249989674
19	36	-5.635825499994098
19	36	-5.089419249998173
19	36	-4.903169249999337
19	36	-4.721169249998638
19	36	-4.504575500002829
19	36	-4.3755755000020145
19	36	-4.28098174999468
19	36	-4.153232750002644
19	36	-4.122264000005089
19	36	-4.074607749993447
19	36	-4.025045250004041
19	36	-3.6153577499935636
19	36	-3.520514000003459
19	36	-3.3421390000003157
19	36	-3.1173889999918174
19	36	-3.070982749995892
19	36	-3.030388999992283
19	36	-2.448263999991468
19	36	-2.145638999994844
19	36	-2.1387014999927487
19	36	-2.0987014999991516
19	36	-1.9304514999967068
19	36	-1.7443900000071153
19	36	-1.691108750004787
19	36	-0.37354625000443775
19	36	-0.33448375000443775
19	36	-0.1586399999941932
19	36	0.2714537499996368
19	36	0.5541099999973085
19	36	0.6884224999957951
19	36	0.9632652500004042
19	36	1.9827340000047116
19	37	-5.824231999999029
19	37	-5.704388250000193
19	37	-5.283263250006712
19	37	-5.16857575000904
19	37	-4.903513249999378
19	37	-4.830044500005897
19	37	-4.507763250003336
19	37	-4.360888249997515
19	37	-4.084764250001172
19	37	-4.081201749999309
19	37	-4.000326749999658
19	37	-3.723670500010485
19	37	-3.5986392500053626
19	37	-3.518201750004664
19	37	-3.043576750002103
19	37	-2.734358000001521
19	37	-2.2821079999994254
19	37	-1.8501705000089714
19	37	-1.797640250006225
19	37	-1.6244839999999385
19	37	-1.4607965000031982
19	37	-1.4168277499993565
19	37	-1.275640250009019
19	37	-1.12526525001158
19	37	-0.9972340000094846
19	37	-0.8391090000077384
19	37	-0.6931089999998221
19	37	-0.1958277500089025
19	37	0.0861097499873722
19	37	0.36601599999994505
19	37	0.4647347499994794
19	37	0.5826097499957541
19	37	0.8862962500134017
19	37	1.049858750004205
19	37	1.0917337500141002
19	37	1.1006712500093272
19	37	1.1951712500012945
19	37	1.361233750008978
19	37	1.4973587500135181
19	37	1.9048587500001304
19	37	1.9604837500082795
19	38	-5.887106500013033
19	38	-5.78992000001017
19	38	-5.618513750014245
19	38	-5.554295000009006
19	38	-5.295732500002487
19	38	-4.800076250015991
19	38	-3.611763750013779
19	38	-3.444607500015991
19	38	-3.2022335000074236
19	38	-2.8696710000076564
19	38	-2.68026475001534
19	38	-1.8309210000152234
19	38	-1.7177335000160383
19	38	-1.5904835000110324
19	38	-1.4065772500180174
19	38	-1.3541710000135936
19	38	-1.289046000005328
19	38	-1.2122022500116145
19	38	-1.0369522500113817
19	38	-0.8725470000063069
19	38	-0.6582657500111964
19	38	-0.5314220000145724
19	38	-0.38542200000665616
19	38	-0.3396095000061905
19	38	-0.22304700000677258
19	38	-0.07432825001887977
19	38	-0.0005470000178320333
19	38	0.325327999991714
19	38	0.3593279999913648
19	38	0.3699217499815859
19	38	0.5930467499856604
19	38	0.7311717499833321
19	38	1.081796749989735
19	38	1.102765499992529
19	38	1.2154217499919469
19	38	1.313702999992529
19	38	1.5025154999893857
19	38	1.5769217499910155
19	38	1.620295749991783
19	38	1.7097957499790937
19	39	-5.939793500001542
19	39	-5.89226225001039
19	39	-5.718918500002474
19	39	-5.424232000004849
19	39	-5.401107000012416
19	39	-5.018075750005664
19	39	-4.875763250005548
19	39	-4.772888250008691
19	39	-4.7320132500026375
19	39	-4.61488824999833
19	39	-4.578450750006596
19	39	-4.418013250004151
19	39	-4.301669500011485
19	39	-4.056169500006945
19	39	-4.031294500004151
19	39	-3.82891950001067
19	39	-3.5598257500096224
19	39	-3.406325750009273
19	39	-3.340294500012533
19	39	-3.210794500002521
19	39	-3.0552642499969807
19	39	-2.908701749998727
19	39	-1.8636079999996582
19	39	-1.7905454999854555
19	39	-1.554889249993721
19	39	-1.3232017499976791
19	39	-1.1821392499987269
19	39	-1.096014249997097
19	39	-1.0427642499853391
19	39	-1.0075767499947688
19	39	-0.7949517499946523
19	39	-0.7036079999961657
19	39	-0.6184204999881331
19	39	-0.0684214999928372
19	39	0.21751600000425242
19	39	0.586516000010306
19	39	0.7925785000115866
19	39	1.0878285000071628
19	39	1.1670785000023898
19	39	1.2722347500093747
19	39	1.622297250010888
19	39	1.8927035000087926
19	39	1.90563999999722
19	40	-5.902138000004925
19	40	-5.653200500004459
19	40	-5.553200499998638
19	40	-5.460420250004972
19	40	-5.449107749998802
19	40	-5.433139000000665
19	40	-4.771170249994611
19	40	-4.604263999994146
19	40	-4.472576500003925
19	40	-3.965545250001014
19	40	-3.6307640000013635
19	40	-3.5125764999975218
19	40	-3.4742327499989187
19	40	-3.391826499995659
19	40	-3.12404525000602
19	40	-2.569796249998035
19	40	-2.2920149999990826
19	40	-2.1900150000001304
19	40	-2.021483749995241
19	40	-1.9303587500035064
19	40	-1.7597962500003632
19	40	-1.2707024999981513
19	40	-1.168702499999199
19	40	-1.10876499999722
19	40	-1.0226087500050198
19	40	-0.8850775000028079
19	40	-0.7378900000039721
19	40	-0.40826599999854807
19	40	-0.3182972500071628
19	40	0.021421500001451932
19	40	0.547640249991673
19	40	0.6228589999955148
19	40	1.1178589999908581
19	40	1.1577964999887627
19	40	1.4222652499884134
19	40	1.500858999992488
19	40	1.7183589999913238
19	41	-5.997449750007945
19	41	-5.991449750013999
19	41	-5.497950749995653
19	41	-5.226575749999029
19	41	-4.819669499993324
19	41	-4.610669499990763
19	41	-4.499325750002754
19	41	-4.033325750002405
19	41	-3.822419499992975
19	41	-3.4847944999928586
19	41	-3.4235444999940228
19	41	-3.202544500003569
19	41	-3.148107999993954
19	41	-2.9575142499961657
19	41	-2.876233000002685
19	41	-2.7114204999961657
19	41	-2.5651392500003567
19	41	-2.461326749995351
19	41	-2.2738892500055954
19	41	-1.8948892500047805
19	41	-1.6841704999969807
19	41	-1.599920499997097
19	41	-1.5605142499989597
19	41	-1.4311705000000075
19	41	-1.2812954999972135
19	41	-1.2340767499990761
19	41	-1.1428267500014044
19	41	-0.9496392500004731
19	41	-0.3956402500043623
19	41	-0.0604215000057593
19	41	0.12345349999668542
19	41	0.22979724999458995
19	41	0.4849534999957541
19	41	0.49151599999458995
19	41	1.0344222499988973
19	41	1.2948597499926109
19	41	1.4959222500037868
19	41	1.6222972499963362
19	41	1.698766000001342
19	41	1.9229837500024587
19	42	-5.972137999997358
19	42	-5.283638000008068
19	42	-5.147450500007835
19	42	-4.932637999998406
19	42	-4.858638000005158
19	42	-4.6726692500087665
19	42	-4.483013000004576
19	42	-4.170919249998406
19	42	-3.220139000011841
19	42	-3.216639000005671
19	42	-2.580639000007068
19	42	-2.5111390000092797
19	42	-2.421545250006602
19	42	-2.126795250005671
19	42	-1.7955765000078827
19	42	-1.7687015000119573
19	42	-1.7148577500047395
19	42	-1.7049827500013635
19	42	-1.4644202500057872
19	42	-1.3716390000045067
19	42	-0.7393275000067661
19	42	-0.7228275000088615
19	42	-0.43395250001049135
19	42	-0.18895250000059605
19	42	-0.06707750000350643
19	42	0.35751624999102205
19	42	0.53226624999661
19	42	0.6590787499881117
19	42	0.7259224999870639
19	42	0.9388599999947473
19	42	1.1388287499867147
19	42	1.3877339999889955
19	42	1.6351402499858523
19	42	1.6763902499951655
19	43	-5.915012500001467
19	43	-5.752638499994646
19	43	-5.647919749986613
19	43	-5.544919749998371
19	43	-5.3851072499965085
19	43	-4.66835724998964
19	43	-4.532388499996159
19	43	-4.323169749986846
19	43	-3.6909509999968577
19	43	-3.6029197499883594
19	43	-3.4111072499945294
19	43	-3.1797957499948097
19	43	-3.05792074999772
19	43	-2.8821707499882905
19	43	-2.801233249992947
19	43	-2.700389499994344
19	43	-2.6940457499877084
19	43	-2.537045749995741
19	43	-2.4515457499946933
19	43	-2.346889499996905
19	43	-2.2763894999952754
19	43	-1.9179519999888726
19	43	-1.2553582499967888
19	43	-1.18723324999155
19	43	-1.0784832499921322
19	43	-1.0181394999963231
19	43	-0.9321707499912009
19	43	-0.8562342499935767
19	43	-0.7314530000003288
19	43	-0.7033280000032391
19	43	-0.6927342499984661
19	43	-0.6589529999910155
19	43	-0.5188280000002123
19	43	-0.17985924999811687
19	43	0.0241095000092173
19	43	0.05689074999827426
19	43	0.5737970000045607
19	43	0.6654845000011846
19	43	0.7586095000006026
19	43	0.7665782499971101
19	43	1.1293595000024652
19	43	1.386953250010265
19	43	1.651483499997994
19	43	1.6672959999996237
19	43	1.732795999996597
19	44	-5.900075499986997
19	44	-5.782106749989907
19	44	-5.4852942499856
19	44	-5.350825499990606
19	44	-5.074700499986648
19	44	-4.893606749988976
19	44	-4.674512999990839
19	44	-4.594919249997474
19	44	-4.504669249989092
19	44	-4.49229424999794
19	44	-4.120356749990606
19	44	-3.932169249994331
19	44	-3.782981749987812
19	44	-3.703762999997707
19	44	-3.6116067499970086
19	44	-3.5464192499930505
19	44	-3.47338799998397
19	44	-3.1163577499974053
19	44	-3.0197327499918174
19	44	-2.628638999987743
19	44	-2.4949827499949606
19	44	-2.423170249996474
19	44	-2.36313899999368
19	44	-2.282357749994844
19	44	-2.1429202500003157
19	44	-2.0255764999892563
19	44	-2.0076077499979874
19	44	-1.9099827499885578
19	44	-1.6070139999937965
19	44	-1.2974827500001993
19	44	-1.2294514999957755
19	44	-1.0675452499999665
19	44	-0.8404212499881396
19	44	-0.6490774999983842
19	44	-0.4953899999964051
19	44	-0.3726087499962887
19	44	-0.1841712499881396
19	44	-0.1596399999980349
19	44	0.09995375000289641
19	44	0.32698500000697095
19	44	0.7036412500019651
19	44	0.8214537500025472
19	44	0.8896412500034785
19	44	1.0149850000016158
19	44	1.239516250003362
19	44	1.7667340000189142
19	45	-5.595606999995653
19	45	-5.580294499988668
19	45	-5.3180444999889005
19	45	-5.10748199999216
19	45	-4.902513249995536
19	45	-4.457013249993906
19	45	-4.417606999995769
19	45	-3.996325749991229
19	45	-3.764450749993557
19	45	-3.58463824998762
19	45	-3.3910444999928586
19	45	-3.3227007499954198
19	45	-3.220170499989763
19	45	-3.024170499993488
19	45	-2.2747954999940703
19	45	-2.1763267499918584
19	45	-1.7034829999902286
19	45	-1.604951749992324
19	45	-1.5590142500004731
19	45	-1.3844829999870853
19	45	-1.0906079999986105
19	45	-1.0848267499968642
19	45	-1.0575142499874346
19	45	-0.860295499995118
19	45	-0.74717149999924
19	45	-0.5463589999999385
19	45	-0.36135900000226684
19	45	-0.15839024999877438
19	45	0.02979724999750033
19	45	0.3810785000096075
19	45	0.5384222499997122
19	45	0.6298285000084434
19	45	1.0193284999986645
19	45	1.2507347500068136
19	45	1.321922250004718
19	45	1.5253597499977332
19	45	1.8146399999968708
19	45	1.866265000004205
19	46	-5.733761999988928
19	46	-5.4930754999950295
19	46	-4.2974504999874625
19	46	-3.668387999990955
19	46	-3.5263567499932833
19	46	-3.4454504999885103
19	46	-3.008920249994844
19	46	-2.6975764999951934
19	46	-2.5802952499943785
19	46	-2.4242327499960084
19	46	-2.322201499991934
19	46	-2.2303889999893727
19	46	-2.2260764999955427
19	46	-1.9721702499955427
19	46	-1.8464202499890234
19	46	-1.7367327499960084
19	46	-0.9158577499911189
19	46	-0.8165764999866951
19	46	-0.4630149999866262
19	46	-0.43320249997486826
19	46	-0.22782749998441432
19	46	0.1908287500264123
19	46	0.2035475000157021
19	46	0.34932875001686625
19	46	1.990796500016586
19	47	-5.7936064999958035
19	47	-5.787012750006397
19	47	-5.770262749996618
19	47	-5.756137749995105
19	47	-5.709044000002905
19	47	-5.6678877499944065
19	47	-5.616418999998132
19	47	-5.361950249993242
19	47	-5.2184200000046985
19	47	-5.118388750008307
19	47	-5.068138750008075
19	47	-4.870357499996317
19	47	-4.774138749999111
19	47	-4.632107500001439
19	47	-4.240388749996782
19	47	-3.950357499998063
19	47	-3.4337950000044657
19	47	-2.672764750008355
19	47	-2.283171000002767
19	47	-1.8419522500043968
19	47	-1.7935772500059102
19	47	-1.4543897499970626
19	47	-1.302608500001952
19	47	-1.0225460000074236
19	47	-1.0092960000038147
19	47	-0.9263897500059102
19	47	-0.7547334999981103
19	47	-0.6318897500023013
19	47	-0.39063975001045037
19	47	-0.12170324999897275
19	47	-0.048328250006306916
19	47	0.16445299999031704
19	47	0.41414049999730196
19	47	0.42745299999660347
19	47	0.7976092499884544
19	47	1.5421092499891529
19	47	1.6461717499914812
19	47	1.8671092500007944
19	48	-5.69185624999227
19	48	-5.511700000002747
19	48	-5.3064187499985565
19	48	-5.14770000000135
19	48	-4.97985725000035
19	48	-4.786919749996741
19	48	-4.6918572499998845
19	48	-4.51988849999907
19	48	-4.28510725000524
19	48	-4.220669749993249
19	48	-3.8444197500066366
19	48	-3.131857250002213
19	48	-2.959263500000816
19	48	-2.6121395000081975
19	48	-2.3662332499952754
19	48	-2.1958894999988843
19	48	-1.9973895000002813
19	48	-1.9949520000081975
19	48	-1.5892957500036573
19	48	-1.0429832500085467
19	48	-0.9046707500092452
19	48	-0.30838950000179466
19	48	-0.1053904999862425
19	48	-0.05148424998333212
19	48	-0.0029529999883379787
19	48	0.19195325000328012
19	48	0.21185950000653975
19	48	0.3943907500070054
19	48	0.554922000010265
19	48	1.0389220000070054
19	48	1.1357345000142232
19	48	1.8780782500107307
19	49	-5.964138750001439
19	49	-5.63288875001308
19	49	-5.233795000007376
19	49	-4.1002012500102865
19	49	-3.9507325000013225
19	49	-3.5021710000146413
19	49	-3.145827250002185
19	49	-3.021858500011149
19	49	-2.93398350001371
19	49	-2.693452250008704
19	49	-2.560327250015689
19	49	-2.361014750014874
19	49	-2.264764750012546
19	49	-2.0895772500080056
19	49	-2.047358500014525
19	49	-1.8155147500074236
19	49	-1.4091710000066087
19	49	-1.132015750015853
19	49	-0.8151720000169007
19	49	-0.5501720000174828
19	49	-0.3728595000138739
19	49	-0.2806407500174828
19	49	-0.09070325001084711
19	49	0.08204674998705741
19	49	0.18648424999264535
19	49	0.40873424998426344
19	49	0.542734249989735
19	49	0.6462654999922961
19	49	0.9129217499867082
19	49	0.9450154999940423
19	49	1.005640499992296
19	49	1.1503904999844963
19	49	1.270327999984147
19	49	1.6114832499879412
19	49	1.7061707499815384
19	49	1.8567644999857293
19	50	-5.873137749993475
19	50	-5.798825250007212
19	50	-5.525294000006397
19	50	-5.424762750000809
19	50	-5.294169000000693
19	50	-5.1237939999991795
19	50	-4.811481500000809
19	50	-4.507575249997899
19	50	-4.459295000007842
19	50	-3.9630762500019046
19	50	-3.93916999999783
19	50	-3.8006387500063283
19	50	-3.307263750000857
19	50	-3.15379500000563
19	50	-3.0305137499963166
19	50	-2.0564200000080746
19	50	-1.9771084999956656
19	50	-1.8646709999884479
19	50	-1.4974209999927552
19	50	-1.3674209999880986
19	50	-1.2486709999939194
19	50	-0.8484209999878658
19	50	-0.7616709999856539
19	50	-0.5182334999844898
19	50	-0.4508584999857703
19	50	-0.07982724999601487
19	50	0.16282900000805967
19	50	0.20573525001236703
19	50	0.21432900000945665
19	50	0.24926650001725648
19	50	0.6394217500055674
19	50	0.9958905000094092
19	50	1.0507030000153463
19	50	1.264390500014997
19	50	1.3618905000039376
19	50	1.5058592500136
19	50	1.602984250013833
19	50	1.8119530000112718
19	50	1.919296750013018
20	1	-5.996388249986921
20	1	-4.640888249996351
20	1	0.8386097500042524
20	1	1.9838275000074646
20	2	-0.04776549999951385
20	2	1.3198272500012536
20	2	1.6926397500064922
20	2	1.8351085000031162
20	2	1.963264749996597
20	3	-4.910762999992585
20	3	-4.904450499991071
20	3	-4.681919249997009
20	3	-3.1002327499882085
20	3	0.857922499999404
20	4	-5.396731499989983
20	4	-5.238043999997899
20	4	-4.969606499988004
20	4	-3.9471689999918453
20	4	-2.9721074999979464
20	5	-4.888419249997241
20	5	-2.4243577500019455
20	5	-1.7326389999943785
20	5	-1.6614827500015963
20	5	-1.207233749999432
20	5	-0.4829524999950081
20	5	0.47679749999952037
20	6	-4.7318882499967
20	6	-3.692639249988133
20	6	-1.1096402499970281
20	6	-1.0792339999898104
20	6	-1.0658589999948163
20	7	-5.997169000009308
20	7	-5.871419000002788
20	7	-4.837762750001275
20	7	-3.7767012500116834
20	7	-3.2168575000105193
20	7	-0.5165460000134772
20	7	-0.2645147500006715
20	8	-5.282106749989907
20	8	-0.2899524999957066
20	9	-2.1551389999949606
20	9	-2.0442327499913517
20	9	-1.9109514999872772
20	9	0.51542250001512
20	9	0.651016250019893
20	9	0.6823912500258302
20	9	0.6932037500228034
20	9	0.704360000017914
20	9	0.7157037500146544
20	10	-5.63838874999783
20	10	-5.560607499995967
20	10	-5.547482499998296
20	10	-5.535795000003418
20	10	-5.521263750008075
20	10	-5.3282012499985285
20	10	-5.316326250002021
20	10	-5.0423262499971315
20	10	-4.985107500004233
20	10	-4.11885749999783
20	10	-4.087107500003185
20	10	-3.9897950000013225
20	10	-3.9765137500071432
20	10	-3.7686700000049314
20	10	-1.6750147499988088
20	10	-1.6626397500076564
20	10	-1.4713272500084713
20	10	-1.4562960000039311
20	10	-1.4168585000006715
20	10	-1.4009210000076564
20	10	-0.9296397500002058
20	10	-0.5812345000013011
20	10	0.5872029999882216
20	10	0.5985779999900842
20	10	1.3093592499935767
20	10	1.6443279999948572
20	11	-5.906888250014163
20	11	-5.553888250011369
20	11	-5.000232000020333
20	11	-3.672357000017655
20	11	-0.674390250002034
20	11	-0.6552340000052936
20	11	-0.6513902500009863
20	11	-0.42854649999935646
20	11	-0.3725152499973774
20	11	0.6899222499923781
20	11	0.9395159999985481
20	11	1.341015999991214
20	12	-0.6933897500130115
20	12	-0.46354599999904167
20	12	1.8241404999862425
20	13	1.040108750006766
20	14	-4.439170249999734
20	14	-1.8681712499965215
20	14	-1.4657337499957066
20	15	-5.095450000007986
20	15	-4.881450000000768
20	15	-4.751075000007404
20	15	-4.400544749994879
20	15	-2.563388499984285
20	15	-2.48457599998801
20	15	-0.5187019999866607
20	15	0.6598282500053756
20	15	0.6711095000064233
20	16	-4.305920500002685
20	16	-3.465264250000473
20	16	-2.9624829999957
20	16	-2.9362017499952344
20	16	-2.9187329999986105
20	16	-2.906451750008273
20	16	-2.660045500000706
20	16	0.6512337499880232
20	16	0.6715149999945424
20	16	0.9119837499893038
20	17	-3.985950749993208
20	17	-2.5460767499898793
20	17	-0.16060899998410605
20	17	-0.1148902499844553
20	17	0.15507850001449697
20	17	0.1746722500101896
20	17	0.19123475000378676
20	17	0.5558910000108881
20	17	1.2513597500073956
20	17	1.9540785000135656
20	17	1.9862660000071628
20	18	-2.0568892500014044
20	18	-1.9955455000017537
20	18	-1.8646392500086222
20	18	-1.392576750004082
20	18	-0.8466080000071088
20	18	-0.10026525000284892
20	18	-0.09654650000447873
20	18	1.6997347500000615
20	19	-4.30395149999822
20	19	-4.283388999989256
20	19	-4.064920249991701
20	19	-3.9732639999856474
20	19	-3.9407952499896055
20	19	-1.7397649999911664
20	19	-1.1193274999968708
20	19	-1.0047649999905843
20	19	-0.459296249988256
20	19	-0.44263999999384396
20	19	1.9987340000079712
20	20	-4.750856499988004
20	20	-4.130044999998063
20	20	-4.115888749991427
20	20	-3.8681700000015553
20	20	-0.12720225000521168
20	21	-5.8264820000040345
20	21	-5.407419499999378
20	21	-4.5235444999998435
20	21	-4.507669500002521
20	21	1.256077500001993
20	22	-5.47166899999138
20	22	-4.007419999994454
20	22	-3.585544999994454
20	22	-3.4237949999951525
20	22	-3.4041387499892153
20	22	-3.222482500001206
20	22	-0.8359210000053281
20	22	-0.48220225000113714
20	22	-0.461827249993803
20	22	-0.14567099999112543
20	22	-0.12451475000125356
20	22	0.5437352500011912
20	23	-4.868700749982963
20	23	-1.0966089999856194
20	23	-0.2836402499960968
20	23	-0.2689214999991236
20	23	-0.2554214999981923
20	23	1.0912024999997811
20	23	1.1106399999989662
20	23	1.7977337500051362
20	24	-3.766826500024763
20	24	-2.1276702500181273
20	24	-0.8005462500004796
20	24	-0.3247337500069989
20	24	-0.27479624999978114
20	24	-0.16642125000362284
20	24	0.8112652499985415
20	25	-5.793106500001159
20	25	-2.2307637500052806
20	25	-1.6322637499979464
20	25	-1.0533897499990417
20	25	-0.5662022500036983
20	25	0.5253289999964181
20	25	0.5587977499963017
20	25	0.5853602499992121
20	26	-5.754668749999837
20	26	-5.439199999993434
20	26	-5.19498124999518
20	26	-4.527950999996392
20	26	-3.7374822499987204
20	26	0.2812032500078203
20	26	0.8056095000065397
20	26	1.6362032500037458
20	27	-3.9304197500023292
20	27	-3.5074510000122245
20	27	-3.490638500006753
20	27	-3.472357250007917
20	27	-3.45248225000978
20	27	-2.583888500012108
20	27	-2.4534822499990696
20	27	-0.9857645000010962
20	27	-0.9663582500070333
20	27	-0.4535145000118064
20	28	-5.657950500011793
20	28	-5.52626300000702
20	28	-5.178763000003528
20	28	-0.8921399999962887
20	28	0.654546499994467
20	29	-4.173076499995659
20	29	-4.154232749991934
20	29	-4.129951499999152
20	29	-2.3694827500003157
20	29	-2.330326499999501
20	29	-2.212732749991119
20	29	0.027360000007320195
20	29	1.9466090000059921
20	30	-5.402794250010629
20	30	-5.152388000016799
20	30	-5.007638000010047
20	30	-4.878325500016217
20	30	-4.829294250012026
20	30	-1.506171250002808
20	30	0.2323599999945145
20	31	-4.384856999997282
20	31	-4.350544500004617
20	31	-4.023732000001473
20	31	-3.0527642499946523
20	31	-2.9870767499960493
20	31	-2.7363579999946523
20	32	-5.161232000013115
20	32	-5.080419500009157
20	32	-4.652107000001706
20	32	-4.0675767499924405
20	32	-4.00135799999407
20	32	-1.3947340000013355
20	32	-1.2737652499927208
20	32	0.36342225001135375
20	32	0.41607849999854807
20	32	0.4291722500056494
20	33	-5.549825249996502
20	33	-5.537419000000227
20	33	-3.9066387500060955
20	33	-3.1383262500021374
20	33	-2.394857499995851
20	33	-2.2326075000019046
20	33	-1.9835137500049314
20	33	-0.3677960000059102
20	33	0.23292275000130758
20	34	-4.704544249994797
20	34	-1.7707952499913517
20	34	-0.12357749999500811
20	34	-0.10029624999151565
20	34	0.19514125000569038
20	34	0.21754750001127832
20	35	-4.811637750011869
20	35	-4.730950249999296
20	35	-4.698231500005932
20	35	-4.636887750006281
20	35	-4.367356500006281
20	35	-4.348169000004418
20	35	-3.9928887500136625
20	35	-2.413795000014943
20	35	-2.3569825000013225
20	35	-1.8682325000117999
20	35	-1.7132637500035344
20	35	-0.4352647500054445
20	36	-5.35166924999794
20	36	-3.206451499994728
20	36	-3.1840139999985695
20	36	-2.604701499993098
20	36	-2.1731077500007814
20	36	-1.5148274999955902
20	36	-0.6012337499996647
20	36	-0.5304837500007125
20	36	0.3036100000026636
20	36	1.4312964999990072
20	36	1.874234000002616
20	37	-5.619044499995653
20	37	-1.7090152500022668
20	37	-1.554421500011813
20	37	-1.3886715000116965
20	38	-5.840388750002603
20	38	-5.232076250002137
20	38	-4.913701250014128
20	38	-2.9610460000112653
20	38	-2.366546000004746
20	38	-0.3036407500185305
20	38	-0.28698450000956655
20	38	0.31376549998822156
20	38	0.3397654999862425
20	38	0.6527967499860097
20	38	0.676577999984147
20	38	0.6933279999939259
20	38	1.4872654999926453
20	39	-3.023764249999658
20	39	-0.26970274999621324
20	39	-0.209640249988297
20	39	0.06832850001228508
20	39	0.6761097499984317
20	40	-2.0591399999975692
20	40	-2.0437650000094436
20	40	-0.4627035000012256
20	40	0.025234000000637025
20	40	0.39520274999085814
20	40	0.60264024999924
20	40	0.6546715000004042
20	40	0.6634214999940014
20	40	0.8650464999955148
20	40	1.1192339999979595
20	41	-3.753857000003336
20	41	-2.119545499997912
20	41	-1.631982999999309
20	41	-0.07426525000482798
20	42	-4.977606750006089
20	42	-2.7115452500001993
20	42	-2.446514000010211
20	42	-2.3789515000098618
20	42	-0.3170150000078138
20	42	-0.2852650000131689
20	42	-0.2533275000023423
20	42	-0.04045250000490341
20	42	0.03917249999358319
20	42	0.16257874999428168
20	43	-2.8004832500009798
20	43	-2.7276707499986514
20	43	-2.703358250000747
20	43	-1.2730144999950426
20	43	0.2802032500039786
20	43	0.30551575000572484
20	44	-4.810169249991304
20	44	-3.7595129999972414
20	44	1.8055152500164695
20	45	-5.442669499985641
20	45	-5.279106999994838
20	45	-2.8389829999941867
20	45	-1.0252642499981448
20	45	-0.5234214999945834
20	45	0.7834222500096075
20	45	1.9607962500012945
20	46	-5.699699499993585
20	46	-5.682605749985669
20	46	-5.651855749994866
20	46	-5.640262999993865
20	46	-5.210356749987113
20	46	-5.078919249994215
20	46	-2.7260764999955427
20	46	-1.9512639999884414
20	46	-1.5629514999891398
20	46	-1.5214827499876264
20	46	-0.5906087499752175
20	46	-0.03070249997836072
20	46	0.43604750001395587
20	46	0.5826100000267616
20	46	0.6105162500170991
20	46	0.6245162500126753
20	47	-5.800981499996851
20	47	-4.6048262499971315
20	47	-4.497482499995385
20	47	-4.405826250003884
20	47	-4.3640762499999255
20	47	-2.7129209999984596
20	47	-2.3735772500076564
20	47	-2.350014750001719
20	48	-4.266607249999652
20	48	-4.251950999998371
20	48	-4.186232249994646
20	48	-3.8549822500062874
20	48	-3.791919750001398
20	48	-3.7613572499976726
20	48	-3.662794749994646
20	48	-3.5202635000023292
20	48	-2.126264499995159
20	48	1.370922000016435
20	48	1.3825157500104979
20	48	1.4025157500145724
20	48	1.8194845000107307
20	48	1.835453250008868
20	49	-5.279513750007027
20	49	-4.023295000006328
20	49	-4.001607500002137
20	49	-3.9848575000069104
20	49	-2.1087022500141757
20	49	-1.2413272500125458
20	49	1.2282029999914812
20	49	1.2424842499895021
20	49	1.2909529999888036
20	49	1.6764832499902695
20	49	1.771108249988174
20	49	1.8813894999912009
20	50	-5.334669000003487
20	50	-5.299293999996735
20	50	-4.622012749998248
20	50	-4.456638750009006
20	50	-4.425263750003069
20	50	-4.387263750002603
20	50	-4.372138749997248
20	50	-1.6462959999917075
20	50	0.12911025001085363
20	50	0.4555477500107372
20	50	1.6930155000154627
20	50	1.773734250004054
